0,1,2,3,4,5,6,7,8,9,10,11,12,13,14,15,16,17,18,19,20,21,22,23,24,25,26,27,28,29,30,31,32,33,34,35,36,37,38,39,40,41,42,43,44,45,46,47,48,49,50,51,52,53,54,55,56,57,58,59,60,61,62,63,64,65,66,67,68,69,70,71,72,73,74,75,76,77,78,79,80,81,82,83,84,85,86,87,88,89,90,91,92,93,94,95,96,97,98,99,100,101,102,103,104,105,106,107,108,109,110,111,112,113,114,115,116,117,118,119,120,121,122,123,124,125,126,127,128,129,130,131,132,133,134,135,136,137,138,139,140,141,142,143,144,145,146,147,148,149,150,151,152,153,154,155,156,157,158,159,160,161,162,163,164,165,166,167,168,169,170,171,172,173,174,175,176,177,178,179
73.9713160581945,73.89334337786042,73.81733067106592,73.74325939109096,73.67111099121553,73.60086692471967,73.53250864488334,73.46601760498655,73.40137525830929,73.33856305813151,73.27756245773327,73.21835491039454,73.16092186939531,73.10524478801554,73.0513051195353,72.99908431723452,72.94856383439321,72.89972512429136,72.85254964020899,72.80701883542608,72.76311416322258,72.72081707687855,72.68010902967396,72.6409714748888,72.60338586580303,72.5673336556967,72.53279629784979,72.49975524554227,72.46819195205416,72.43808787066541,72.40942445465609,72.38218315730612,72.35634543189553,72.3318927317043,72.30880651001243,72.28706822009991,72.26665931524673,72.2475612487329,72.2297554738384,72.21322344384322,72.19794661202738,72.18390643167083,72.1710843560536,72.15946183845568,72.14902033215705,72.13974129043771,72.13160616657765,72.12459641385686,72.11869348555535,72.11387883495308,72.1101339153301,72.10744017996635,72.10577908214185,72.1051320751366,72.10548061223056,72.10680614670375,72.10909013183618,72.1123140209078,72.11645926719862,72.12150732398865,72.12743960660796,72.1342352533915,72.1418698733317,72.15031877182173,72.15955725425468,72.16956062602372,72.18030419252199,72.19176325914253,72.20391313127854,72.21672911432313,72.23018651366942,72.24426063471054,72.25892678283964,72.2741602634498,72.28993638193415,72.30623044368588,72.32301775409803,72.3402736185638,72.35797334247627,72.3760922312286,72.39460559021387,72.41348872482524,72.43271694045586,72.4522655424988,72.47210983634722,72.49222512739425,72.51258672103299,72.53316992265658,72.55395003765818,72.57490237143088,72.5960022293678,72.61722491686209,72.63854573930686,72.65994000209523,72.68138301062035,72.70285007027536,72.72431648645335,72.74575756454743,72.7671486099508,72.7884649280565,72.80968182425772,72.83077460394756,72.85171857251916,72.87248903536565,72.89306129788014,72.91341066545573,72.9335124434856,72.95334193736286,72.97287445248062,72.99208529423203,73.01094976801019,73.02944317920824,73.0475408332193,73.06521803543652,73.08245009125301,73.0992123060619,73.11547998525631,73.13122843422934,73.14643295837419,73.16106886308393,73.1751153208902,73.1885964598099,73.20156541139872,73.21407579060474,73.22618121237599,73.23793529166053,73.24939164340637,73.26060388256155,73.27162562407418,73.28251048289223,73.29331207396376,73.30408401223684,73.3148799126595,73.32575339017976,73.3367580597457,73.34794753630536,73.35937543480674,73.3710953701979,73.38316095742695,73.39562581144185,73.40854354719067,73.42196777962147,73.43595212368226,73.4505501943211,73.46581560648605,73.48180197512517,73.49856291518643,73.51615204161791,73.53462296936769,73.55402931338378,73.57442468861422,73.59586271000705,73.61839699251033,73.64208115107209,73.6669688006404,73.69311355616327,73.72056903258874,73.74938884486491,73.77962660793975,73.81133593676134,73.84457044627771,73.87938375143693,73.91582946718705,73.95396120847604,73.99383259025203,74.03549722746303,74.07900873505704,74.12442072798217,74.17178682118643,74.22116062961786,74.27259576822453,74.32614585195446,74.3818644957557,74.43980531457629,74.50002192336427,74.56256793706771,74.62749697063461,74.69486263901305,74.76471855715104,74.83711833999666
71.78231825144573,71.80341877294805,71.82309158379037,71.84137487161053,71.8583068240464,71.87392562873583,71.88826947331668,71.9013765454268,71.91328503270405,71.9240331227863,71.93365900331138,71.94220086191714,71.94969688624148,71.95618526392222,71.96170418259722,71.96629182990434,71.96998639348143,71.97282606096636,71.97484901999697,71.97609345821112,71.97659756324668,71.9763995227415,71.97553752433342,71.9740497556603,71.97197440436001,71.9693496580704,71.96621370442931,71.96260473107462,71.95856092564418,71.95412047577582,71.94932156910744,71.94420239327685,71.93880113592195,71.93315598468055,71.92730512719055,71.92128675108978,71.9151390440161,71.90890019360737,71.90260838750143,71.89630181333615,71.8900186587494,71.883797111379,71.87767535886283,71.87169158883876,71.8658839889446,71.86029074681825,71.85495005009754,71.84990008642035,71.84517904342451,71.84082510874788,71.83687647002833,71.8333713149037,71.83034783101186,71.82784420599066,71.82589862747794,71.82454928311158,71.82383436052943,71.82379204736934,71.82446052914987,71.82586772849494,71.82800754009159,71.83086681549857,71.83443240627466,71.83869116397864,71.84362994016927,71.8492355864053,71.85549495424553,71.86239489524871,71.86992226097361,71.87806390297901,71.88680667282367,71.89613742206635,71.90604300226582,71.91651026498086,71.92752606177024,71.9390772441927,71.95115066380706,71.96373317217204,71.97681162084642,71.99037286138899,72.00440374535849,72.01889112431371,72.0338218498134,72.04918277341635,72.06496074668131,72.08114262116706,72.09771524843235,72.11466548003598,72.13198016753668,72.14964616249326,72.16765031646446,72.18597948100904,72.2046205076858,72.22356024805349,72.24278555367088,72.26228327609674,72.28204026688984,72.30204337760892,72.3222794598128,72.34273536506022,72.36339794490995,72.38425405092076,72.40529053465141,72.42649424766068,72.44785204150735,72.46935076775014,72.49097727794788,72.5127184236593,72.53456105644317,72.55649202785827,72.57849818946337,72.60056639281723,72.62268348947863,72.64483633100632,72.66701176895909,72.68919665489568,72.71137784037488,72.73354217695547,72.75567651619617,72.77776797232269,72.79980889533724,72.82179645911094,72.84372801762689,72.8656009248681,72.8874125348177,72.90916020145872,72.93084127877422,72.9524531207473,72.97399308136099,72.99545851459835,73.01684677444248,73.03815521487644,73.05938118988328,73.08052205344607,73.10157515954788,73.12253786217177,73.14340751530081,73.16418147291807,73.1848570890066,73.20543171754949,73.22590271252977,73.24626742793055,73.26652321773486,73.28666743592578,73.30669743648637,73.32661057339972,73.34640420064886,73.36607567221687,73.38562234208682,73.40504156424177,73.4243306926648,73.44348708133896,73.46250808424732,73.48139105537294,73.5001333486989,73.51873231820825,73.53718531788407,73.5554897017094,73.57364282366734,73.59164203774094,73.60948469791326,73.62716815816738,73.64468977248634,73.66204689485325,73.67923687925112,73.69625707966307,73.71310485007213,73.72977754446137,73.74627251681386,73.76258712111267,73.77871871134087,73.7946646414815,73.81042226551767,73.8259889374324,73.84136201120879,73.85653884082987,73.87151678027875,73.88629318353846,73.90086540459208,73.91523079742268
72.21254617932769,72.25399410922238,72.29229820156635,72.32754133652634,72.35980639426903,72.38917625496116,72.41573379876944,72.43956190586057,72.46074345640129,72.47936133055829,72.49549840849829,72.50923757038801,72.52066169639416,72.52985366668345,72.53689636142259,72.54187266077831,72.54486544491732,72.54595759400632,72.54523198821204,72.54277150770118,72.53865903264047,72.5329774431966,72.5258096195363,72.5172384418263,72.50734679023329,72.49621754492398,72.48393358606509,72.47057779382334,72.45623304836545,72.44098222985812,72.42490821846808,72.40809389436201,72.39062213770667,72.37257582866874,72.35403784741494,72.335091074112,72.31581838892662,72.2963026720255,72.27662680357538,72.25687366374297,72.23712613269497,72.2174670905981,72.1979794176191,72.17874599392464,72.15984969968144,72.14137341505624,72.12340002021574,72.10601239532666,72.0892934205557,72.07332597606958,72.05819294203503,72.04397719861875,72.03076162598744,72.01862910430783,72.00766251374664,71.99794473447058,71.98955864664634,71.98258713044066,71.9771130609463,71.97319474201203,71.97080900839197,71.96991583230502,71.97047518597002,71.97244704160585,71.97579137143138,71.98046814766549,71.98643734252703,71.99365892823486,72.00209287700788,72.01169916106495,72.02243775262494,72.0342686239067,72.04715174712912,72.06104709451105,72.07591463827139,72.09171435062898,72.10840620380269,72.12595017001141,72.144306221474,72.16343433040932,72.18329446903626,72.20384660957366,72.2250507242404,72.24686678525538,72.26925476483743,72.29217463520543,72.31558636857824,72.33944993717476,72.36372531321383,72.38837246891433,72.41335137649513,72.4386220081751,72.4641443361731,72.48987833270802,72.51578396999871,72.54182122026403,72.56795005572287,72.5941304485941,72.62032237109659,72.64648579544921,72.6725806938708,72.69856703858025,72.72440480179642,72.75005395573821,72.77547447262445,72.80062632467403,72.82546948410582,72.84996392313869,72.8740696139915,72.89774652888312,72.92095464003242,72.94365391965827,72.96580433997954,72.98736587321511,73.00829849158384,73.0285621673046,73.04811687259625,73.06692257967767,73.08493926076773,73.10212903231017,73.11849675188944,73.13408665571066,73.14894445028415,73.16311584212019,73.17664653772906,73.18958224362106,73.20196866630648,73.21385151229563,73.22527648809879,73.23628930022623,73.24693565518827,73.25726125949518,73.26731181965727,73.27713304218481,73.28677063358813,73.2962703003775,73.30567774906321,73.31503868615556,73.32439881816482,73.3338038516013,73.34329949297529,73.3529314487971,73.36274542557697,73.37278712982524,73.3831022680522,73.39373654676811,73.40473567248328,73.41614535170801,73.42801129095258,73.44037919672729,73.45329477554242,73.46680373390828,73.48095177833514,73.4957846153333,73.51134795141307,73.52768749308471,73.54484894685855,73.56287801924485,73.5818204167539,73.60172184589602,73.62262801318148,73.64458462512057,73.66763738822361,73.69183200900086,73.71721419396262,73.74382964961919,73.77172408248084,73.80094319905791,73.83153270586064,73.86353830939935,73.89700571618432,73.93198063272585,73.96850876553424,74.00663582111976,74.0464075059927,74.08786952666338,74.13106758964207,74.17604740143908,74.22285466856466,74.27153509752915
72.35473808389273,72.33427119665343,72.3137054876012,72.29306202903766,72.27236189326447,72.2516261525833,72.23087587929578,72.21013214570357,72.18941602410833,72.1687485868117,72.14815090611533,72.1276440543209,72.10724910373003,72.08698712664437,72.06687919536559,72.04694638219534,72.02720975943527,72.00769039938702,71.98840937435226,71.96938775663263,71.95064661852979,71.93220703234539,71.91409007038108,71.8963168049385,71.87890830831932,71.86188565282518,71.84526991075774,71.82908215441866,71.81334345610956,71.79807488813213,71.783297522788,71.76903243237882,71.75530068920625,71.74212336557196,71.72952153377756,71.71751626612473,71.70612863491512,71.69537971245038,71.68529057103216,71.67588228296209,71.66717592054187,71.65919255607311,71.65195326185749,71.64547911019665,71.63979117339223,71.6349105237459,71.6308582335593,71.6276553751341,71.62532302077192,71.62388224277444,71.62335411344331,71.62375970508016,71.62512008998667,71.62745634046448,71.63078952881523,71.63514072734058,71.6405310083422,71.6469814441217,71.65451310474978,71.66313625642967,71.67282534376356,71.68354739697145,71.69526944627331,71.70795852188913,71.72158165403886,71.73610587294246,71.75149820881994,71.76772569189126,71.78475535237638,71.80255422049528,71.82108932646794,71.84032770051432,71.8602363728544,71.88078237370817,71.90193273329557,71.92365448183659,71.94591464955121,71.96868026665939,71.99191836338112,72.01559596993634,72.03968011654506,72.06413783342724,72.08893615080284,72.11404209889184,72.13942270791424,72.16504500808996,72.19087602963901,72.21688280278137,72.243032357737,72.26929172472585,72.29562793396792,72.3220080156832,72.34839900009162,72.37476791741317,72.40108179786783,72.42730767167558,72.45341256905637,72.4793635202302,72.505127555417,72.5306717048368,72.55596299870953,72.58096846725519,72.60565514069373,72.62999004924514,72.65394022312938,72.67747269256643,72.70055448777626,72.72315263897885,72.74523417639416,72.76676613024219,72.78771553074289,72.80804940811622,72.82773479258218,72.84673871436074,72.86502820367186,72.88257029073552,72.8993320057717,72.91528037900035,72.93038244064147,72.9446071703191,72.95796240540714,72.97049178402253,72.98224028099773,72.99325287116528,73.00357452935769,73.01325023040746,73.0223249491471,73.03084366040913,73.03885133902605,73.04639295983037,73.0535134976546,73.06025792733126,73.06667122369284,73.07279836157187,73.07868431580084,73.08437406121227,73.08991257263867,73.09534482491254,73.10071579286641,73.10607045133277,73.11145377514414,73.11691073913303,73.12248631813195,73.12822548697339,73.1341732204899,73.14037449351395,73.14687428087807,73.15371755741475,73.16094929795653,73.1686144773359,73.17675807038538,73.18542505193746,73.19466039682466,73.2045090798795,73.21501607593449,73.22622635982212,73.23818490637491,73.25093669042538,73.26452668680602,73.27899987034935,73.29440121588789,73.31077569825413,73.3281682922806,73.34662397279978,73.36618771464421,73.38690449264638,73.40881928163881,73.43197705645402,73.45642279192448,73.48220146288274,73.5093580441613,73.53793751059266,73.56798483700933,73.59954499824383,73.63266296912867,73.66738372449635,73.70375223917938,73.74181348801027,73.78161244582154,73.82319408744567
73.88823185410588,73.79008987279285,73.69524829716656,73.6036556025294,73.51526026418378,73.43001075743209,73.34785555757674,73.26874313992009,73.19262197976458,73.1194405524126,73.04914733316653,72.98169079732878,72.91701942020175,72.85508167708784,72.79582604328942,72.73920099410893,72.68515500484874,72.63363655081126,72.58459410729887,72.53797614961398,72.493731153059,72.45180759293632,72.41215394454832,72.37471868319741,72.33945028418603,72.3062972228165,72.27520797439126,72.24613101421272,72.21901481758324,72.19380785980526,72.17045861618115,72.14891556201331,72.12912717260414,72.11104192325605,72.09460828927142,72.07977474595266,72.06648976860217,72.05470183252234,72.04435941301556,72.03541098538425,72.02780502493079,72.02149000695758,72.01641440676703,72.01252669966152,72.00977536094346,72.00810886591525,72.00747568987929,72.00782430813794,72.00910319599366,72.0112608287488,72.01424568170577,72.01800623016699,72.02249094943483,72.0276483148117,72.03342680159999,72.0397748851021,72.04664104062044,72.05397374345739,72.06172147085022,72.069842069768,72.07832445372141,72.08716396639748,72.09635595148332,72.10589575266596,72.11577871363251,72.12600017807,72.13655548966554,72.14743999210619,72.158649029079,72.17017794427107,72.18202208136945,72.19417678406121,72.20663739603343,72.21939926097319,72.23245772256753,72.24580812450355,72.2594458104683,72.27336612414888,72.28756440923233,72.30203600940573,72.31677626835615,72.33178052977067,72.34704413733633,72.36256243474024,72.37833076566946,72.39434447381107,72.41059890285212,72.42708939647967,72.44381129838082,72.46075995224263,72.47793070175216,72.49531889059648,72.51291986246268,72.53072896103782,72.54874153000898,72.56695291306322,72.58535845388761,72.60395349616923,72.62273338359512,72.64169345985239,72.6608290686281,72.6801355536093,72.6996082584831,72.71924252693653,72.73903370265667,72.75897712933062,72.77906815064541,72.79930211028814,72.81967435194586,72.84018021930567,72.8608150560546,72.88157420587976,72.90245301246819,72.92344681950698,72.9445509706832,72.9657608096839,72.98707168019617,73.00847892590707,73.02997789050369,73.05156391887972,73.07323237998095,73.09497866491301,73.11679816560896,73.13868627400181,73.16063838202463,73.18264988161044,73.20471616469229,73.2268326232032,73.24899464907622,73.27119763424439,73.29343697064074,73.31570805019831,73.33800626485014,73.36032700652927,73.38266566716875,73.4050176387016,73.42737831306086,73.44974308217958,73.47210733799078,73.49446647242752,73.51681587742281,73.53915094490974,73.56146706682128,73.58375963509052,73.60602404165049,73.6282556784342,73.65044993737472,73.67260221040506,73.69470788945829,73.71676236646742,73.73876103336552,73.7606992820856,73.78257250456069,73.80437609272387,73.82610543850814,73.84775593384656,73.86932297067216,73.89080194091797,73.91218823651704,73.93347724940242,73.95466437150712,73.9757449947642,73.99671451110667,74.01756831246762,74.03830179078004,74.05891033797698,74.07938934599149,74.09973420675661,74.11994031220536,74.14000305427078,74.15991782488594,74.17968001598383,74.19928501949754,74.21872822736006,74.23800503150446,74.25711082386377,74.27604099637102,74.29479094095926,74.31335604956152,74.33173171411084
73.65626462306261,73.60482557776658,73.55396479926856,73.50369652977575,73.45403501149532,73.40499448663445,73.3565891974003,73.30883338600006,73.26174129464088,73.21532716552996,73.16960524087446,73.12458976288157,73.08029497375844,73.03673511571226,72.9939244309502,72.95187716167945,72.91060755010716,72.8701298384405,72.83045826888667,72.79160708365283,72.75359052494618,72.71642283497386,72.68011825594304,72.64469103006093,72.61015539953468,72.57652560657147,72.54381589337846,72.51204050216285,72.48121367513181,72.45134965449249,72.42246268245209,72.39456700121778,72.36767685299674,72.34180647999611,72.31697012442311,72.29318202848488,72.2704564343886,72.24880758434148,72.22824972055064,72.2087970852233,72.1904639205666,72.17326446878774,72.15721297209387,72.14232367269219,72.12861081278984,72.11608863459405,72.10477138031194,72.09467329215072,72.08580861231754,72.07819158301959,72.07183644646403,72.06675744485806,72.06296882040881,72.0604848153235,72.05931967180928,72.05948763207334,72.06100293832283,72.06387983276495,72.06813255533048,72.07376432235749,72.08074180005558,72.08902408946095,72.0985702916098,72.10933950753838,72.12129083828285,72.13438338487941,72.14857624836431,72.16382852977372,72.18009933014385,72.19734775051091,72.2155328919111,72.23461385538063,72.25454974195571,72.27529965267253,72.2968226885673,72.31907795067625,72.34202454003555,72.36562155768141,72.38982810465005,72.41460328197768,72.43990619070048,72.46569593185468,72.49193160647647,72.51857231560206,72.54557716026764,72.57290524150945,72.60051566036366,72.6283675178665,72.65641991505416,72.68463195296283,72.71296273262877,72.74137135508812,72.76981692137713,72.79825853253197,72.82665528958889,72.85496629358406,72.8831506455537,72.911167446534,72.93897579756118,72.96653479967144,72.99380355390097,73.020741161286,73.04730672286273,73.07345933966735,73.09915811273609,73.12436214310513,73.14903053181068,73.17312237988897,73.19659678837617,73.2194128583085,73.24152969072216,73.26290638665337,73.28350204713833,73.30327577321323,73.32218666591429,73.3401938262777,73.35725635533969,73.37333335413645,73.38838392370417,73.40236983966182,73.41530619046759,73.42725718320511,73.43828885893203,73.44846725870597,73.4578584235846,73.46652839462554,73.47454321288646,73.481968919425,73.48887155529879,73.49531716156547,73.50137177928269,73.50710144950811,73.51257221329938,73.5178501117141,73.52300118580996,73.52809147664458,73.53318702527561,73.5383538727607,73.54365806015747,73.5491656285236,73.55494261891671,73.56105507239445,73.56756903001447,73.57455053283441,73.58206562191192,73.59018033830463,73.5989607230702,73.60847281726626,73.61878266195046,73.62995629818046,73.64205976701388,73.65515910950838,73.66932036672159,73.68460957971116,73.70109278953475,73.71883603724999,73.7379053639145,73.75836681058598,73.78028641832204,73.80373022818031,73.82876428121847,73.85545461849415,73.88386728106498,73.91406830998862,73.94612374632271,73.98009963112489,74.01606200545281,74.05407691036412,74.09421038691644,74.13652847616744,74.18109721917476,74.22798265699603,74.27725083068891,74.32896778131104,74.38319954992005,74.4400121775736,74.49947170532934,74.5616441742449,74.62659562537794,74.69439209978609
73.73420102062276,73.69865431705038,73.66266954934564,73.62628020462857,73.58951977001915,73.55242173263743,73.51501957960336,73.477346798037,73.43943687505832,73.40132329778736,73.36303955334411,73.3246191288486,73.28609551142081,73.24750218818075,73.20887264624845,73.17024037274392,73.13163885478714,73.09310157949814,73.05466203399693,73.01635370540349,72.97821008083785,72.94026464742005,72.90255089227004,72.86510230250788,72.82795236525352,72.79113456762703,72.75468239674838,72.7186293397376,72.68300888371466,72.64785451579961,72.61319972311246,72.57907799277318,72.54552281190182,72.51256766761837,72.48024604704283,72.4485914372952,72.41763732549553,72.3874171987638,72.35796454422002,72.32931284898417,72.30149560017632,72.27454628491647,72.24849839032457,72.22338540352068,72.19924081162476,72.17609810175689,72.15399076103704,72.13295227658519,72.11301613552139,72.09421582496564,72.07658483203794,72.06015664385829,72.04496474754673,72.03104263022324,72.01842377900782,72.00714168102051,71.99722982338132,71.98872169321022,71.98165077498298,71.97603774807077,71.97186083488624,71.96908947006868,71.96769308825718,71.967641124091,71.96890301220925,71.97144818725114,71.97524608385585,71.98026613666256,71.98647778031047,71.99385044943871,72.00235357868651,72.01195660269299,72.02262895609739,72.03434007353887,72.04705938965661,72.06075633908979,72.07540035647757,72.09096087645914,72.10740733367369,72.12470916276042,72.14283579835846,72.16175667510701,72.18144122764527,72.2018588906124,72.22297909864757,72.24477128638999,72.26720488847882,72.29024933955326,72.31387407425244,72.33804852721558,72.36274213308188,72.38792432649045,72.41356454208055,72.43963221449128,72.46609677836189,72.49292766833152,72.52009431903939,72.54756616512462,72.5753126412264,72.60330318198397,72.63150722203646,72.65989419602305,72.68843353858294,72.71709468435527,72.74584706797928,72.77466012409413,72.80350328733896,72.83234599235298,72.86115767377537,72.88990776624529,72.91856570440196,72.94710092288453,72.97548285633219,73.00368093938413,73.03166460667948,73.05940329285748,73.08686643255727,73.11402346041807,73.14084381107902,73.1672974312696,73.1933644752881,73.21903450195445,73.24429742123128,73.26914314308122,73.29356157746695,73.31754263435106,73.34107622369619,73.36415225546504,73.38676063962022,73.40889128612436,73.4305341049401,73.45167900603009,73.47231589935701,73.49243469488344,73.51202530257204,73.53107763238548,73.54958159428635,73.56752709823736,73.58490405420109,73.60170237214022,73.61791196201737,73.63352273379517,73.64852459743632,73.66290746290339,73.67666124015908,73.68977583916599,73.70224116988676,73.71404714228409,73.72518366632055,73.73564065195883,73.74540800916152,73.75447564789134,73.76283347811086,73.77047140978276,73.77737935286966,73.78354721733423,73.78896491313908,73.79362235024685,73.79750943862022,73.80061608822182,73.80293220901426,73.80444771096019,73.80515250402227,73.80503649816315,73.80408960334545,73.8023017295318,73.79966278668489,73.79616268476731,73.79179133374176,73.78653864357081,73.78039452421713,73.77334888564339,73.76539163781219,73.7565126906862,73.74670195422807,73.7359493384004,73.72424475316588,73.7115781084871,73.69793931432675,73.68331828064744
73.86080153398832,73.75024339870048,73.64354841068679,73.54065419815042,73.44149838929455,73.34601861232235,73.25415249543697,73.16583766684157,73.08101175473934,72.99961238733343,72.92157719282702,72.84684379942325,72.77534983532531,72.70703292873637,72.64183070785957,72.57968080089809,72.52052083605511,72.46428844153378,72.41092124553727,72.36035687626874,72.31253296193135,72.2673871307283,72.22485701086273,72.18488023053781,72.1473944179567,72.11233720132259,72.07964620883861,72.04925906870795,72.02111340913378,71.99514685831925,71.97129704446753,71.94950159578181,71.92969814046522,71.91182430672094,71.89581772275216,71.88161601676201,71.86915681695366,71.8583777515303,71.84921644869509,71.84161053665117,71.83549764360174,71.83081539774996,71.82750142729898,71.82549336045197,71.82472882541211,71.82514545038255,71.82668086356645,71.82927269316701,71.83285856738738,71.8373761144307,71.84276296250016,71.84895673979894,71.85589507453018,71.86351559489705,71.87175592910273,71.8805537053504,71.88984655184318,71.89957209678425,71.90966797067678,71.92008294186849,71.93080270765216,71.94182060890178,71.95312998649132,71.96472418129471,71.97659653418593,71.98874038603896,72.00114907772773,72.01381595012623,72.0267343441084,72.03989760054823,72.05329906031966,72.06693206429667,72.08078995335319,72.09486606836322,72.1091537502007,72.12364633973962,72.13833717785391,72.15321960541755,72.1682869633045,72.18353259238872,72.19894983354418,72.21453202764482,72.23027251556464,72.24616463817758,72.2622017363576,72.27837715097867,72.29468422291475,72.31111629303982,72.32766670222782,72.34432879135271,72.36109590128848,72.37796137290906,72.39491854708844,72.41196076470055,72.4290813666194,72.44627369371891,72.46353108687306,72.48084688695583,72.49821443484115,72.515627071403,72.53307813751535,72.55056097405213,72.56806892188735,72.58559532189494,72.60313351494887,72.6206768419231,72.6382186436916,72.65575226112834,72.67327103510726,72.69076830650235,72.70823741618756,72.72567170503683,72.74306451392415,72.7604091837235,72.77769905530879,72.79492746955403,72.81208776733315,72.82917328952014,72.84617737698895,72.86309395135724,72.87992851028972,72.89669721679032,72.91341663208169,72.93010331738651,72.94677383392741,72.96344474292707,72.98013260560812,72.99685398319322,73.01362543690503,73.0304635279662,73.0473848175994,73.06440586702723,73.08154323747242,73.09881349015755,73.11623318630534,73.13381888713839,73.15158715387939,73.16955454775096,73.1877376299758,73.20615296177652,73.2248171043758,73.24374661899628,73.26295806686062,73.28246800919148,73.30229300721149,73.32244962214334,73.34295441520965,73.3638239476331,73.38507478063632,73.40672347544198,73.42878659327272,73.45128069535122,73.4742223429001,73.49762809714204,73.52151451929969,73.54589817059569,73.5707956122527,73.59622340549338,73.62219811154038,73.64873629161636,73.67585450694395,73.70356931874583,73.73189728824465,73.76085497666305,73.79045894522369,73.82072575514924,73.85167196766233,73.88331414398561,73.91566884534177,73.94875263295343,73.98258206804327,74.0171737118339,74.05254412554802,74.08870987040828,74.1256875076373,74.16349359845776,74.2021447040923,74.24165738576359,74.28204820469428,74.32333372210701
72.57616852548607,72.54941174320852,72.52321209592363,72.49756791903026,72.47247754792726,72.4479393180135,72.42395156468781,72.40051262334912,72.37762082939624,72.355274518228,72.33347202524335,72.31221168584106,72.29149183542005,72.27131080937916,72.25166694311723,72.23255857203314,72.21398403152578,72.19594165699395,72.17842978383653,72.16144674745242,72.14499088324042,72.12906052659945,72.11365401292834,72.09876967762592,72.0844058560911,72.0705608837227,72.05723309591961,72.0444208280807,72.03212241560477,72.02033619389077,72.00906049833746,71.99829366434379,71.98803402730856,71.97827992263068,71.96902968570895,71.96028165194225,71.95203415672948,71.94428553546946,71.93703412356108,71.93027825640316,71.92401626939458,71.91824649793422,71.91296727742089,71.90817694325351,71.9038738308309,71.90005627555193,71.89672261281548,71.89387117802038,71.8915003065655,71.88960833384972,71.88819359527186,71.88725442623083,71.88678916212542,71.88679613835457,71.88727369031709,71.88822015341186,71.88963386303773,71.89151315459357,71.89385636332487,71.89666108180982,71.89992244021845,71.90363505904962,71.90779355880223,71.91239255997512,71.9174266830672,71.92289054857737,71.92877877700447,71.9350859888474,71.94180680460504,71.94893584477627,71.95646772985994,71.96439708035497,71.97271851676025,71.98142665957461,71.99051612929695,71.99998154642618,72.00981753146114,72.02001870490072,72.03057968724382,72.0414950989893,72.05275956063603,72.06436769268292,72.07631411562885,72.08859344997266,72.10120031621328,72.11412933484952,72.12737512638036,72.14093231130458,72.15479551012113,72.16895934332886,72.18341843142666,72.1981673949134,72.21320085428796,72.22851343004923,72.2440997426961,72.2599544127274,72.27607206064205,72.29244730693894,72.30907477211694,72.32594907667492,72.34306484111174,72.36041668592632,72.37799923161755,72.39580709868424,72.41383490762534,72.4320772789397,72.4505288331262,72.46918419068375,72.48803797211117,72.50708479790738,72.52631928857126,72.54573606460168,72.56532974649751,72.58509495475768,72.60502630988101,72.62511843236639,72.64536594271273,72.6657634614189,72.68630560898377,72.70698696661908,72.72780133242055,72.74874178297704,72.76980136793792,72.79097313695264,72.81225013967067,72.83362542574137,72.85509204481421,72.87664304653866,72.89827148056408,72.91997039653994,72.94173284411566,72.9635518729407,72.98542053266446,73.0073318729364,73.02927894340594,73.05125479372249,73.0732524735355,73.0952650324944,73.11728552024861,73.13930698644761,73.1613224807408,73.18332505277756,73.20530775220742,73.22726362867975,73.24918573184398,73.27106711134955,73.29290081684594,73.31467989798251,73.33639740440874,73.35804638577402,73.37961989172784,73.40111097191958,73.42251267599868,73.4438180536146,73.46502015441673,73.48611202805456,73.50708672417748,73.52793729243491,73.54865678247633,73.56923824395112,73.58967472650876,73.60995927979864,73.63008495347022,73.65004479717292,73.66983186055616,73.68943919326942,73.70885984496208,73.72808686528357,73.74711330388335,73.76593221041087,73.7845366345155,73.80291962584674,73.82107423405397,73.83899350878666,73.8566704996942,73.87409825642605,73.89126982863165,73.90817826596042,73.92481661806177,73.94117793458516
73.12290895696381,73.01737282193739,72.91630418446842,72.81961762349246,72.72722771794508,72.63904904676183,72.55499618887826,72.47498372322995,72.39892622875246,72.32673828438132,72.25833446905213,72.19362936170042,72.13253754126177,72.07497358667172,72.02085207686585,71.9700875907797,71.92259470734885,71.87828800550885,71.83708206419526,71.79889146234363,71.76363077888955,71.73121459276854,71.7015574829162,71.67457402826805,71.65017880775969,71.62828640032666,71.60881138490451,71.59166834042882,71.57677184583514,71.56403648005903,71.55337682203606,71.54470745070176,71.53794294499173,71.5329978838415,71.52978684618664,71.52822441096272,71.52822515710528,71.52970366354991,71.53257450923213,71.53675227308753,71.54215153405167,71.54868687106008,71.55627286304836,71.56482408895205,71.5742551277067,71.58448055824789,71.59541495951117,71.6069729104321,71.61906898994624,71.63161777698916,71.6445338504964,71.65773178940354,71.67112617264613,71.68463157915971,71.69816258787989,71.7116337777422,71.72495972768218,71.73805501663543,71.75083422788623,71.76323300405707,71.77525681269317,71.78692557375552,71.79825920720509,71.80927763300281,71.82000077110965,71.83044854148658,71.84064086409454,71.8505976588945,71.86033884584744,71.86988434491427,71.879254076056,71.88846795923357,71.89754591440793,71.90650786154006,71.9153737205909,71.92416341152143,71.9328968542926,71.94159396886535,71.95027467520066,71.95895889325949,71.9676665430028,71.97641754439154,71.98523181738669,71.99412928194918,72.00312985803998,72.01225346562008,72.02152002465039,72.0309494550919,72.04056167690557,72.05037661005235,72.0604141744932,72.07069429018908,72.08123687710096,72.0920618551898,72.10318914441653,72.11463866474215,72.12643033612758,72.13858407853382,72.1511198119218,72.1640574562525,72.17741693148686,72.19121815758585,72.20548105451043,72.22022554222156,72.2354715406802,72.25123896984728,72.26754774968381,72.28441780015073,72.30186904120899,72.31992139281957,72.3385947749434,72.35790910754146,72.3778843105747,72.39854030400409,72.41989700779058,72.44197434189513,72.46479222627872,72.48837058090228,72.51272932572678,72.5378865477837,72.56382379805935,72.59048896584913,72.61782868360008,72.64578958375922,72.67431829877357,72.70336146109011,72.73286570315588,72.76277765741789,72.79304395632315,72.82361123231867,72.85442611785146,72.88543524536856,72.91658524731695,72.94782275614367,72.97909440429571,73.0103468242201,73.04152664836384,73.07258050917396,73.10345503909747,73.13409687058137,73.1644526360727,73.19446896801844,73.22409249886563,73.25326986106127,73.28194768705238,73.31007260928597,73.33759126020904,73.36445027226864,73.39059627791174,73.41597590958538,73.44053579973658,73.46422258081235,73.48698288525968,73.5087633455256,73.52951059405713,73.54917126330126,73.56769198570504,73.58501939371546,73.60110011977952,73.61588079634427,73.6293080558567,73.64132853076381,73.65188885351266,73.66093565655021,73.66841557232351,73.67427523327956,73.67846127186537,73.68092032052797,73.68159901171437,73.68044397787156,73.67740185144658,73.67241926488641,73.66544285063812,73.65641924114867,73.6452950688651,73.63201696623442,73.61653156570364,73.59878549971977,73.57872540072982,73.55629790118083
74.09480911466304,73.98228784830496,73.87367764337009,73.76891526568545,73.6679374810781,73.5706810553751,73.47708275440351,73.38707934399037,73.30060758996271,73.21760425814762,73.1380061143721,73.06174992446327,72.98877245424814,72.91901046955377,72.85240073620719,72.78888002003549,72.7283850868657,72.67085270252485,72.61621963284003,72.5644226436383,72.51539850074664,72.46908396999217,72.42541581720195,72.38433080820298,72.34576570882231,72.30965728488704,72.2759423022242,72.24455752666083,72.21543972402398,72.18852566014073,72.16375210083808,72.14105581194315,72.12037355928294,72.1016421086845,72.08479822597494,72.06977867698123,72.05652022753048,72.04495964344972,72.035033690566,72.02667913470637,72.01983274169791,72.01443127736763,72.01041150754259,72.00771019804986,72.00626411471649,72.00601002336953,72.00688468983603,72.008824879943,72.01176735951756,72.01564889438671,72.02040625037756,72.02597619331709,72.03229548903238,72.0393009033505,72.04692920209848,72.05511715110339,72.06380151619226,72.07291906319216,72.08240656033357,72.09221241476013,72.10232362391727,72.11273517270035,72.1234420460049,72.13443922872625,72.14572170575991,72.15728446200129,72.16912248234581,72.18123075168893,72.19360425492607,72.20623797695265,72.2191269026641,72.23226601695589,72.2456503047234,72.25927475086212,72.27313434026743,72.2872240578348,72.30153888845967,72.31607381703742,72.33082382846354,72.34578390763343,72.36094903944254,72.37631420878628,72.39187440056014,72.40762459965947,72.42355979097977,72.43967495941644,72.45596508986489,72.47242516722062,72.48905017637901,72.50583510223552,72.5227749296856,72.53986464362461,72.55709922894806,72.57447367055133,72.59198295332988,72.60962206217914,72.62738598199454,72.64526969767152,72.66326819410551,72.68137645619194,72.69958946882625,72.71790221690384,72.73630968532018,72.75480685897071,72.77338872275084,72.79205026155597,72.8107864602816,72.82959230382315,72.84846277707604,72.86739286493568,72.88637755229752,72.90541182405701,72.92449066510954,72.94360906035061,72.96276199467559,72.98194445297997,73.00115142015912,73.02037788110852,73.03961882072358,73.05886936714441,73.07812750382774,73.09739384491411,73.11666910276762,73.13595398975238,73.15524921823254,73.17455550057218,73.19387354913545,73.21320407628642,73.23254779438923,73.25190541580801,73.27127765290683,73.29066521804984,73.31006882360114,73.32948918192486,73.34892700538506,73.36838300634594,73.38785789717153,73.40735239022601,73.42686719787343,73.44640303247797,73.46596060640371,73.48554063201476,73.50514382167526,73.52477088774927,73.54442254260098,73.56409949859443,73.58380246809378,73.60353216346314,73.6232892970666,73.64307458126831,73.66288872843234,73.68273245092283,73.7026064611039,73.72251147133966,73.74244819399422,73.76241734143167,73.78241962601618,73.8024557601118,73.8225264560827,73.84263242629294,73.86277438310668,73.88295303888802,73.90316910600106,73.92342329680994,73.94371632367876,73.96404889897161,73.98442173505262,74.00483554428595,74.02529103903564,74.04578893166587,74.06632993454068,74.08691476002426,74.10754412048067,74.12821872827405,74.14893929576851,74.16970653532817,74.19052115931714,74.21138388009953,74.23229541003943,74.253256461501
73.47387365710675,73.43582661771406,73.39803160651594,73.3605041138283,73.32325962996701,73.28631364524803,73.24968164998721,73.21337913450047,73.17742158910373,73.14182450411285,73.10660336984377,73.07177367661237,73.03735091473455,73.00335057452622,72.96978814630329,72.93667912038164,72.90403898707719,72.87188323670581,72.84022735958344,72.80908684602598,72.77847718634929,72.7484138708693,72.71891238990192,72.68998823376303,72.66165689276856,72.63393385723437,72.6068346174764,72.58037466381053,72.55456948655267,72.52943457601872,72.50498542252457,72.48123751638612,72.4582063479193,72.43590740743998,72.41435618526405,72.39356817170749,72.37355885708611,72.35434373171584,72.3359382859126,72.31835800999228,72.30161839427079,72.28573492906402,72.27072310468786,72.25659841145823,72.24337633969104,72.23107237970216,72.21970202180749,72.209280756323,72.1998240735645,72.19134746384795,72.18386641748923,72.17739642480423,72.17195297610887,72.16755156171907,72.16420767195068,72.16193679711962,72.16075442754182,72.16067605353318,72.16171716369955,72.16388496581224,72.16715921147848,72.17151396940777,72.17692330830964,72.18336129689364,72.19080200386925,72.19921949794603,72.2085878478335,72.21888112224114,72.23007338987854,72.24213871945516,72.25505117968056,72.26878483926423,72.28331376691573,72.29861203134455,72.31465370126024,72.3314128453723,72.34886353239024,72.36697983102364,72.38573580998197,72.40510553797476,72.42506308371155,72.44558251590185,72.46663790325518,72.48820331448108,72.51025281828903,72.5327604833886,72.5557003784893,72.57904657230064,72.60277313353215,72.62685413089336,72.65126363309376,72.6759757088429,72.70096442685032,72.72620385582549,72.75166806447798,72.77733112151729,72.80316709565294,72.82915005559447,72.85525407005139,72.88145320773322,72.90772153734947,72.93403312760971,72.9603620472234,72.98668236490012,73.01296814934935,73.03919346928062,73.06533239340347,73.09135899042742,73.11724732906197,73.14297147801666,73.16850550600101,73.19382348172455,73.21889947389677,73.24370755122723,73.26822178242544,73.29241623620092,73.31626498126319,73.33974208632178,73.3628216200862,73.38547840137997,73.40770220115584,73.42949656618575,73.45086555759835,73.4718132365223,73.49234366408625,73.51246090141883,73.53216900964874,73.55147204990458,73.57037408331504,73.58887917100877,73.6069913741144,73.62471475376061,73.64205337107605,73.65901128718933,73.67559256322916,73.69180126032417,73.707641439603,73.72311716219433,73.73823248922679,73.75299148182903,73.76739820112972,73.78145670825752,73.79517106434106,73.808545330509,73.82158356789,73.8342898376127,73.84666820080578,73.85872271859785,73.87045745211759,73.88187646249365,73.89298381085469,73.90378355832935,73.9142797660463,73.92447649513417,73.93437780672163,73.94398776193732,73.9533104219099,73.96234984776802,73.97111010064035,73.97959524165552,73.98780933194219,73.99575643262901,74.00344060484464,74.01086590971774,74.01803640837693,74.0249561619509,74.03162923156829,74.03805967835775,74.04425156344793,74.05020894796749,74.05593589304507,74.06143645980934,74.06671470938896,74.07177470291255,74.0766205015088,74.08125616630632,74.0856857584338,74.08991333901989,74.09394296919322,74.09777871008247
74.56762813873645,74.45573676334648,74.34700987580493,74.241407268253,74.13888873283194,74.03941406168302,73.94294304694743,73.84943548076646,73.75885115528132,73.67114986263327,73.58629139496351,73.50423554441333,73.42494210312397,73.34837086323662,73.27448161689257,73.20323415623305,73.13458827339927,73.06850376053252,73.00494040977398,72.94385801326496,72.88521636314665,72.82897525156034,72.7750944706472,72.72353381254852,72.67425306940554,72.62721203335947,72.58237049655159,72.53968825112311,72.4991250892153,72.46064080296937,72.42419518452657,72.38974802602813,72.35725911961532,72.32668825742937,72.29799523161151,72.27113983430299,72.24608185764504,72.22278109377892,72.20119733484584,72.18129037298708,72.16302000034385,72.1463460090574,72.13122819126896,72.11762633911981,72.10550024475113,72.09480970030422,72.08551449792027,72.07757442974057,72.07094928790632,72.06559886455878,72.06148295183918,72.05856134188878,72.05679382684879,72.05614019886049,72.05656025006509,72.05801377260384,72.06046055861798,72.06386040024874,72.06817309026955,72.07336148282097,72.079398582397,72.08625949441951,72.09391932431036,72.10235317749145,72.11153615938464,72.1214433754118,72.13204993099482,72.14333093155558,72.15526148251594,72.16781668929777,72.18097165732296,72.19470149201338,72.2089812987909,72.22378618307741,72.23909125029478,72.25487160586486,72.27110235520956,72.28775860375076,72.30481545691029,72.32224802011007,72.34003139877196,72.35814069831781,72.37655102416953,72.39523748174899,72.41417517647805,72.43333921377861,72.45270469907251,72.47224673778166,72.49194043532792,72.51176089713316,72.53168322861926,72.55168253520809,72.57173392232153,72.59181249538146,72.61189335980976,72.63195162102828,72.65196238445893,72.67190075552357,72.69174183964405,72.71146074224228,72.73103256874013,72.75043242455946,72.76963541512215,72.7886166458501,72.80735122216514,72.82581424948917,72.84398083324409,72.86182607885173,72.87932509173397,72.89645297731272,72.91318484100984,72.9294957882472,72.94536092444667,72.96075535503013,72.97565418541947,72.99003252103654,73.00386546730323,73.0171281296414,73.02979561347297,73.04184517157358,73.05329686022921,73.0642101718093,73.07464607113405,73.0846655230236,73.0943294922981,73.10369894377773,73.11283484228262,73.12179815263298,73.13064983964891,73.13945086815062,73.14826220295824,73.15714480889193,73.16615965077186,73.17536769341818,73.18482990165107,73.19460724029067,73.20476067415716,73.21535116807065,73.22643968685135,73.23808719531941,73.25035465829498,73.26330304059822,73.2769933070493,73.29148642246835,73.30684335167557,73.32312505949109,73.34039251073509,73.3587066702277,73.37812850278912,73.39871897323948,73.42053904639896,73.44364968708769,73.46811186012584,73.4939865303336,73.52133466253109,73.55021722153849,73.58069517217595,73.61282947926364,73.64668110762172,73.68231102207032,73.71978018742963,73.75914956851983,73.80048013016103,73.84383283717342,73.88926865437713,73.93684854659236,73.98663347863923,74.03868441533795,74.09306232150863,74.14982816197146,74.20904290154657,74.27076750505414,74.33506293731433,74.4019901631473,74.4716101473732,74.5439838548122,74.61917225028445,74.69723629861012,74.77823696460938,74.86223521310235
74.32845012401276,74.20511804955407,74.08564907258454,73.96998795062527,73.85807944119728,73.74986830182169,73.6452992900195,73.54431716331183,73.44686667921968,73.35289259526417,73.26233966896635,73.17515265784724,73.09127631942795,73.01065541122952,72.93323469077302,72.8589589155795,72.78777284317007,72.71962123106573,72.65444883678757,72.59220041785665,72.532820731794,72.47625453612076,72.42244658835793,72.3713416460266,72.32288446664779,72.27701980774262,72.2336924268321,72.19284708143732,72.15442852907935,72.11838152727924,72.08465083355807,72.05318120543686,72.02391740043672,71.99680417607868,71.97178628988382,71.94880849937317,71.92781556206785,71.90875223548889,71.89156327715733,71.87619344459426,71.86258749532072,71.85069018685783,71.8404462767266,71.83180052244808,71.82469768154337,71.81908251153351,71.81489976993956,71.81209421428261,71.8106106020837,71.81039369086392,71.81138823814427,71.81353900144586,71.81679073828977,71.821088206197,71.82637616268866,71.83259936528583,71.83970257150949,71.8476305388808,71.85632802639216,71.86574691855125,71.87586272542029,71.88665584709685,71.89810668367846,71.91019563526271,71.92290310194713,71.93620948382926,71.9500951810067,71.96454059357694,71.9795261216376,71.9950321652862,72.01103912462028,72.02752739973744,72.04447739073518,72.06186949771106,72.07968412076266,72.09790165998754,72.11650251548323,72.13546708734731,72.15477577567728,72.17440898057075,72.19434710212525,72.2145705404383,72.23505969560753,72.25579496773042,72.2767567569046,72.29792546322753,72.31928148679685,72.34080522771006,72.36247708606473,72.38427746195842,72.40618675548865,72.42818536675301,72.45025369584906,72.47237214287432,72.49452110792637,72.51668099110276,72.53883219250102,72.56095511221875,72.58303015035344,72.60503770700271,72.62695818226405,72.64877197623505,72.6704594890133,72.69200112069626,72.71337727138157,72.73456834116672,72.75555473014933,72.77631683842688,72.79683506609697,72.81708981325716,72.83706148000496,72.85673046643797,72.87607717265371,72.89508199874976,72.91372534482366,72.93198761097295,72.94984919729521,72.96729050388797,72.9842919308488,73.00083478923327,73.01691854835312,73.0325594072346,73.04777418955226,73.06257971898054,73.076992819194,73.09103031386707,73.1047090266743,73.11804578129019,73.1310574013892,73.14376071064586,73.15617253273467,73.16830969133011,73.18018901010669,73.1918273127389,73.20324142290124,73.21444816426822,73.22546436051434,73.23630683531408,73.24699241234197,73.25753791527248,73.2679601677801,73.27827599353938,73.28850221622477,73.29865565951079,73.30875314707191,73.31881150258266,73.32884754971755,73.33887811215104,73.34892001355766,73.3589900776119,73.36910512798823,73.37928198836121,73.3895374824053,73.39988843379498,73.41035166620478,73.42094400330919,73.43168226878271,73.44258328629985,73.45366387953507,73.46494087216291,73.47643108785786,73.4881513502944,73.50011848314705,73.51234931009029,73.52486065479863,73.53766934094656,73.5507921922086,73.56424603225926,73.57804768477297,73.5922139734243,73.60676172188772,73.62170775383771,73.6370688929488,73.65286196289549,73.66910378735224,73.68581118999361,73.70300099449403,73.72069002452807,73.73889510377018,73.75763305589484
73.6959485692658,73.6407424098892,73.586416496304,73.53297377110634,73.48041717689239,73.42874965625828,73.37797415180015,73.32809360611417,73.27911096179645,73.23102916144317,73.18385114765049,73.1375798630145,73.09221825013141,73.04776925159733,73.00423581000841,72.9616208679608,72.91992736805066,72.87915825287415,72.83931646502737,72.80040494710649,72.76242664170768,72.72538449142705,72.68928143886076,72.65412042660499,72.61990439725584,72.58663629340947,72.55431905766203,72.52295563260968,72.49254896084857,72.46310198497481,72.4346176475846,72.40709889127403,72.38054865863931,72.35496989227653,72.33036553478188,72.30673852875147,72.28409181678147,72.26242834146801,72.24175104540727,72.22206287119538,72.20336676142846,72.1856656587027,72.16896250561423,72.15326024475918,72.13856181873373,72.124870170134,72.11218824155615,72.10051897559633,72.08986531485068,72.08023020191536,72.07161657938649,72.06402738986024,72.05746557593275,72.05193408020018,72.04743584525865,72.04397381370433,72.04155092813336,72.04017013114188,72.03983436439187,72.04054204571499,72.0422765936062,72.04501832198633,72.04874754477622,72.05344457589668,72.05908972926855,72.06566331881267,72.07314565844989,72.08151706210099,72.09075784368686,72.1008483171283,72.11176879634614,72.12349959526121,72.13602102779437,72.14931340786642,72.16335704939821,72.17813226631058,72.19361937252434,72.20979868196034,72.2266505085394,72.24415516618235,72.26229296881003,72.28104423034328,72.30038926470291,72.32030838580978,72.3407819075847,72.36179014394851,72.38331340882203,72.40533201612611,72.42782627978158,72.45077651370927,72.47416303183,72.49796614806462,72.52216617633395,72.54674343055882,72.57167822466006,72.59695087255854,72.62254168817505,72.64843098543041,72.67459907824549,72.70102628054111,72.72769290623812,72.7545792692573,72.78166568351953,72.80893246294563,72.83635992145642,72.86392837297275,72.89161813141543,72.91940951070531,72.94728282476322,72.97521838750998,73.00319651286644,73.03119751475343,73.05920170709176,73.08718940380228,73.11514091880582,73.14303656602321,73.1708566593753,73.1985815127829,73.22619144016683,73.25366670181627,73.28098648897264,73.30812900793343,73.33507242822066,73.36179491935631,73.38827465086246,73.41448979226108,73.44041851307416,73.46603898282378,73.49132937103191,73.51626784722056,73.54083258091175,73.56500174162751,73.58875349888984,73.61206602222076,73.63491748114227,73.6572860451764,73.67914988384517,73.70048716667056,73.72127606317461,73.74149474287934,73.76112137530673,73.78013412997883,73.79851117641765,73.81623068414518,73.83327082268345,73.84960976155448,73.86522567028025,73.88009671838282,73.89420107538417,73.90751691080634,73.92002239417131,73.93169569500112,73.9425149828178,73.95245842714331,73.9615041974997,73.96963046340899,73.97681539439317,73.98303715997427,73.9882739296743,73.99250387301528,73.9957051595192,73.99785595870812,73.99893444010398,73.99891877322888,73.99778712760477,73.99551767275368,73.99208857819764,73.98747801345864,73.98166414805873,73.97462515151987,73.96633919336413,73.95678444311349,73.94593907028997,73.93378124441558,73.92028913501234,73.90544091160227,73.88921474370737,73.87158880084966,73.85254125255115,73.83205026833387
73.59558444167308,73.51561864500391,73.43768858291295,73.36177571567545,73.28786150356663,73.21592740686174,73.14595488583599,73.07792540076463,73.0118204119229,72.94762137958604,72.88530976402926,72.82486702552781,72.76627462435692,72.70951402079184,72.6545666751078,72.60141404758002,72.55003759848375,72.50041878809422,72.45253907668666,72.40637992453631,72.3619227919184,72.31914913910819,72.27804042638088,72.23857811401172,72.20074366227594,72.16451853144879,72.1298841818055,72.09682207362128,72.0653136671714,72.03534042273107,72.00688380057554,71.97992526098004,71.9544462642198,71.93042827057006,71.90785274030607,71.88670113370303,71.8669549110362,71.84859553258082,71.8316044586121,71.8159631494053,71.80165306523564,71.78865566637836,71.7769524131087,71.76652476570189,71.75735418443315,71.74942212957775,71.74271006141089,71.73719944020783,71.73287172624379,71.729708379794,71.72769086113372,71.72680063053816,71.72701914828257,71.72832787464218,71.73070826989222,71.73414179430793,71.73860990816455,71.7440940717373,71.75057574477265,71.758033826326,71.76643872515484,71.77575909268838,71.78596358035578,71.79702083958621,71.80889952180887,71.82156827845293,71.83499576094756,71.84915062072194,71.86400150920527,71.8795170778267,71.89566597801543,71.91241686120061,71.92973837881146,71.94759918227713,71.96596792302681,71.98481325248966,72.00410382209489,72.02380828327165,72.04389528744913,72.06433348605653,72.08509153052299,72.1061380722777,72.12744176274985,72.14897125336861,72.17069519556318,72.1925822407627,72.21460104039639,72.2367202458934,72.25890850868291,72.28113448019411,72.30336681185618,72.32557415509828,72.34772516134962,72.36978848203934,72.39173276859665,72.41352667245071,72.43513884503072,72.45653793776583,72.47769260208526,72.49857148941813,72.51914325119367,72.53937653884103,72.5592400037894,72.57870229746796,72.59773207130588,72.61629797673235,72.63436866517655,72.65191278806763,72.66889899683481,72.68529594290725,72.70107227771412,72.7161966526846,72.73063771924788,72.74436412883313,72.75734453286954,72.76954758278627,72.78094193001252,72.79149622597745,72.80117912211026,72.809962101664,72.81787309504176,72.82499203900103,72.83140081209433,72.83718129287418,72.84241535989311,72.84718489170366,72.85157176685836,72.85565786390973,72.8595250614103,72.8632552379126,72.86693027196915,72.8706320421325,72.87444242695516,72.87844330498967,72.88271655478854,72.88734405490433,72.89240768388954,72.89798932029673,72.9041708426784,72.91103412958708,72.91866105957531,72.92713351119562,72.93653336300054,72.94694249354258,72.95844278137429,72.9711161050482,72.98504434311683,73.00030937413268,73.01699307664833,73.0351773292163,73.05494401038908,73.07637499871925,73.09955217275929,73.12455741106177,73.15147259217919,73.18037959466409,73.211360297069,73.24449657794645,73.27987031584897,73.31756338932908,73.35765767693931,73.40023505723221,73.44537740876027,73.49316661007605,73.54368453973207,73.59701307628086,73.65323409827494,73.71242948426685,73.77468111280912,73.84007086245427,73.90868061175483,73.98059223926333,74.0558876235323,74.13464864311428,74.21695717656178,74.30289510242733,74.39254429926346,74.48598664562273,74.58330402005762,74.6845783011207
73.05429912179845,73.00325230423452,72.95292110880732,72.90331338380355,72.85443697750989,72.80629973821304,72.75890951419966,72.71227415375643,72.66640150517004,72.6212994167272,72.57697573671456,72.53343831341881,72.49069499512665,72.44875363012473,72.40762206669977,72.36730815313844,72.32781973772741,72.28916466875337,72.25135079450303,72.21438596326304,72.17827802332009,72.14303482296086,72.10866421047204,72.07517403414032,72.04257214225238,72.01086638309489,71.98006460495456,71.95017465611805,71.92120438487204,71.89316163950325,71.8660542682983,71.83989011954394,71.8146770415268,71.7904228825336,71.767135490851,71.7448227147657,71.72349240256439,71.70315240253372,71.6838105629604,71.6654747321311,71.64815275833251,71.63185248985131,71.6165817749742,71.60234846198783,71.58916039917892,71.57702543483413,71.56595141724016,71.55594619468366,71.54701761545134,71.53917352782989,71.53242178010596,71.52677022056629,71.5222266974975,71.51879905918632,71.5164951539194,71.51532282998345,71.51528993566514,71.51640431925115,71.51867382750781,71.52209894475756,71.52665574420044,71.53231524640383,71.53904847193512,71.54682644136169,71.5556201752509,71.56540069417015,71.57613901868683,71.5878061693683,71.60037316678195,71.61381103149516,71.62809078407531,71.64318344508978,71.65906003510595,71.67569157469119,71.6930490844129,71.71110358483845,71.72982609653522,71.74918764007059,71.76915923601194,71.78971190492666,71.81081666738213,71.8324445439457,71.85456655518477,71.87715372166674,71.90017706395899,71.92360760262886,71.94741635824377,71.97157435137107,71.99605260257817,72.02082213243243,72.04585396150124,72.07111911035197,72.09658859955202,72.12223344966874,72.14802468126955,72.1739333149218,72.19993037119286,72.22598687065015,72.25207383386102,72.27816228139287,72.30422323381306,72.33022771168899,72.35614673558803,72.38195132607756,72.40761250372496,72.4331012890976,72.45838870276289,72.4834457652882,72.50824349724088,72.53275291918835,72.55694505169798,72.58079091533713,72.6042615306732,72.62732791827356,72.64996109870562,72.67213209253671,72.69381192033426,72.7149716026656,72.73558216009815,72.7556158634993,72.77506990614542,72.7939644430325,72.81232048649315,72.83015904886001,72.84750114246575,72.86436777964296,72.88077997272431,72.8967587340424,72.9123250759299,72.92750001071941,72.94230455074359,72.95675970833507,72.97088649582646,72.98470592555044,72.99823900983961,73.01150676102661,73.02453019144409,73.03733031342468,73.04992813930099,73.06234468140568,73.07460095207138,73.08671796363072,73.09871672841633,73.11061825876087,73.12244356699694,73.1342136654572,73.14594956647427,73.15767228238079,73.1694028255094,73.18116220819272,73.1929714427634,73.20485154155406,73.21682351689735,73.2289083811259,73.24112714657234,73.2535008255693,73.26605043044944,73.27879697354537,73.29176146718972,73.30496492371513,73.31842835545426,73.33217277473972,73.34621919390413,73.36058862528016,73.37530208120043,73.39038057399758,73.40584511600422,73.421716719553,73.43801639697658,73.45476516060755,73.47198402277857,73.48969399582228,73.5079160920713,73.52667132385827,73.54598070351581,73.56586524337659,73.58634595577321,73.60744385303833,73.62917994750457,73.65157525150457
72.14540375288688,72.18131858688564,72.21443795942808,72.24483420417799,72.27257965479912,72.29774664495525,72.32040750831017,72.34063457852764,72.35850018927145,72.37407667420537,72.38743636699317,72.39865160129864,72.40779471078552,72.41493802911764,72.42015388995874,72.42351462697259,72.425092573823,72.4249600641737,72.42318943168851,72.41985301003118,72.41502313286549,72.40877213385522,72.40117234666414,72.39229610495603,72.38221574239466,72.37100359264382,72.35873198936727,72.3454732662288,72.33129975689216,72.31628379502116,72.30049771427956,72.28401384833113,72.26690453083964,72.24924209546889,72.23109887588264,72.21254720574466,72.19365941871874,72.17450784846865,72.15516482865816,72.13570269295104,72.1161937750111,72.09671040850208,72.07732492708777,72.05810966443194,72.03913695419837,72.02047913005084,72.00220852565312,71.98439747466898,71.9671183107622,71.95044336759658,71.93444497883584,71.91919547814382,71.90476719918425,71.89123247562092,71.87866364111761,71.86713302933809,71.85671297394614,71.84747580860554,71.83949386286442,71.83281953584923,71.8274391448302,71.82332532940451,71.82045072916947,71.8187879837223,71.81830973266028,71.81898861558064,71.82079727208065,71.82370834175755,71.82769446420859,71.83272827903103,71.83878242582213,71.84582954417915,71.85384227369931,71.8627932539799,71.87265512461815,71.88340052521131,71.89500209535666,71.90743247465142,71.92066430269286,71.93467021907823,71.94942286340478,71.96489487526978,71.98105889427045,71.99788756000407,72.01535351206788,72.03342939005914,72.0520878335751,72.07130148221302,72.09104297557015,72.11128495324373,72.13200005483101,72.15316091992926,72.17474018813574,72.19671049904768,72.21904449226236,72.24171480737701,72.26469408398887,72.28795496169523,72.31147008009333,72.3352120787804,72.35915359735372,72.38326727541055,72.4075257525481,72.43190166836366,72.45636766245448,72.4808963744178,72.50546044385088,72.53003251035096,72.55458521351531,72.57909119294119,72.60352308822583,72.62785353896649,72.65205518476043,72.6761006652049,72.69996261989715,72.72361368843443,72.747026510414,72.77017372543311,72.79302797308901,72.8155625497064,72.83776384225166,72.8596302984693,72.88116081642494,72.9023542941842,72.92320962981273,72.94372572137613,72.96390146694002,72.98373576457001,73.00322751233175,73.02237560829086,73.04117895051293,73.05963643706362,73.07774696600853,73.09550943541329,73.11292274334352,73.12998578786484,73.14669746704287,73.16305667894325,73.17906232163158,73.19471329317349,73.2100084916346,73.22494681508054,73.23952716157693,73.25374842918939,73.26760951598354,73.281109320025,73.29424673937939,73.30702067211234,73.31943001628947,73.3314736699764,73.34315053123876,73.35445949814218,73.36539946875224,73.3759693411346,73.38616801335489,73.3959943834787,73.40544734957166,73.4145258096994,73.42322866192755,73.43155480432172,73.43950313494753,73.4470725518706,73.45426195315657,73.46107023687105,73.46749630107966,73.47353904384804,73.47919736324178,73.48447015732653,73.48935632416789,73.4938547618315,73.49796436838297,73.50168404188794,73.50501268041201,73.50794918202081,73.51049244477997,73.5126413667551,73.51439484601184,73.5157517806158,73.5167110686326,73.51727160812786
72.67717300535614,72.69042984980416,72.70135858734912,72.71003084260768,72.71651824019654,72.72089240473235,72.7232249608318,72.7235875331116,72.72205174618838,72.71868922467885,72.71357159319969,72.70677047636755,72.69835749879915,72.68840428511115,72.6769824599202,72.66416364784303,72.65001947349627,72.63462156149663,72.6180415364608,72.60035102300542,72.58162164574719,72.5619250293028,72.5413327982889,72.5199165773222,72.49774799101937,72.47489866399708,72.451440220872,72.42744428626084,72.40298248478024,72.3781264410469,72.3529477796775,72.32751812528873,72.30190910249725,72.27619233591975,72.25043945017289,72.22472206987337,72.19911181963785,72.17368032408304,72.14849920782558,72.12364009548217,72.0991746116695,72.07517438100422,72.05171102810303,72.02885617758261,72.00668145405962,71.98525848215075,71.96465888647269,71.9449542916421,71.92621632227568,71.90851660299008,71.89192675840201,71.87651841312812,71.86236319178511,71.84953271898965,71.83809861935842,71.8281325175081,71.81970603805537,71.8128908056169,71.80775843994711,71.80435701472682,71.8026565336253,71.80261084132135,71.80417378249383,71.80729920182156,71.81194094398336,71.81805285365807,71.82558877552451,71.83450255426152,71.8447480345479,71.85627906106251,71.86904947848417,71.88301313149171,71.89812386476393,71.9143355229797,71.93160195081784,71.94987699295714,71.96911449407648,71.98926829885465,72.01029225197051,72.03214019810287,72.05476598193054,72.0781234481324,72.10216644138723,72.12684880637389,72.15212438777117,72.17794703025794,72.20427057851302,72.23104887721522,72.25823577104337,72.28578510467632,72.31365072279287,72.34178647007188,72.37014619119216,72.39868373083253,72.42735293367184,72.45610764438891,72.48490170766256,72.51368896817162,72.54242327059494,72.57105845961132,72.5995483798996,72.62784687613862,72.65590779300717,72.68368497518412,72.71113226734829,72.73820351417851,72.76485256035357,72.79103325055236,72.81669942945366,72.84180494173631,72.86630363207917,72.89014934516103,72.91329592566072,72.9356972182571,72.95730706762896,72.97807931845516,72.99796781541451,73.01692640318583,73.034908926448,73.05187179236012,73.06782248636785,73.0828155537855,73.09690729703226,73.11015401852738,73.12261202069006,73.13433760593949,73.1453870766949,73.15581673537552,73.16568288440055,73.17504182618919,73.18394986316066,73.19246329773418,73.20063843232896,73.20853156936423,73.21619901125916,73.223697060433,73.23108201930495,73.23841019029422,73.24573787582003,73.2531213783016,73.26061700015813,73.26828104380883,73.27616981167293,73.28433960616964,73.29284672971815,73.3017474847377,73.3110981736475,73.32095509886673,73.33137456281466,73.34241286791045,73.35412631657334,73.36657121122255,73.37980385427727,73.39388054815674,73.40885759528014,73.42479129806671,73.44173795893565,73.45975388030618,73.4788953645975,73.49921871422885,73.52078023161943,73.54363621918843,73.56784297935508,73.59345681453861,73.6205340271582,73.64913091963311,73.6793037943825,73.71110895382563,73.74460270038169,73.77984133646989,73.81688116450944,73.85577848691956,73.89658960611946,73.93937082452837,73.98417844456549,74.03106876865003,74.0800980992012,74.13132273863822,74.1847989893803,74.24058315384666
72.95531428126733,72.92363081857198,72.89232548932031,72.86140662964482,72.83088257567803,72.80076166355246,72.77105222940057,72.74176260935494,72.71290113954802,72.68447615611234,72.65649599518042,72.62896899288478,72.6019034853579,72.5753078087323,72.54919029914049,72.52355929271496,72.49842312558829,72.47379013389292,72.44966865376136,72.42606702132616,72.4029935727198,72.3804566440748,72.35846457152365,72.3370256911989,72.31614833923302,72.29584085175856,72.276111564908,72.25696881481386,72.23842093760862,72.22047626942484,72.203143146395,72.18642990465162,72.17034488032718,72.15489640955423,72.14009282846527,72.1259424731928,72.1124536798693,72.09963478462737,72.08749412359941,72.076040032918,72.06528084871564,72.05522490712482,72.04588054427805,72.03725609630786,72.02935989934676,72.02220028952723,72.0157856029818,72.01012417584298,72.00522434424326,72.00109444431519,71.99774281219126,71.99517778400397,71.99340769588582,71.99244088396935,71.99228568438704,71.99295043327143,71.994443466755,71.99677312097029,71.99994773087076,72.00396992192299,72.00882338906081,72.01448790896208,72.02094325830464,72.02816921376632,72.03614555202495,72.04485204975839,72.05426848364442,72.06437463036096,72.07515026658575,72.08657516899669,72.0986291142716,72.11129187908833,72.12454324012467,72.13836297405848,72.1527308575676,72.16762666732987,72.18303018002308,72.19892117232513,72.21527942091384,72.232084702467,72.2493167936625,72.26695547117814,72.28498051169174,72.30337169188121,72.32210878842429,72.34117157799889,72.3605398372828,72.38019334295387,72.40011187168994,72.42027520016885,72.44066310506841,72.46125536306647,72.48203175084086,72.50297204506944,72.52405602243002,72.54526345960042,72.56657413325851,72.5879678200821,72.60942429674904,72.63092333993717,72.65244472632429,72.67396823258827,72.69547363540696,72.71694071145814,72.73834923741967,72.75967898996939,72.78090974578515,72.80202128154477,72.82299337392607,72.84380579960691,72.8644383352651,72.88487075757851,72.90508284322493,72.92505436888226,72.94476511122824,72.96419484694079,72.98332335269771,73.00213040517684,73.02059578105602,73.03870067995436,73.05645466518311,73.07389343232452,73.09105365267845,73.10797199754472,73.12468513822316,73.14122974601366,73.15764249221601,73.17396004813011,73.19021908505573,73.20645627429278,73.22270828714107,73.23901179490045,73.25540346887075,73.27191998035184,73.28859800064353,73.30547420104568,73.32258525285815,73.33996782738075,73.35765859591334,73.37569422975577,73.39411140020783,73.41294677856945,73.4322370361404,73.45201884422056,73.47232887410976,73.49320379710787,73.51468028451467,73.53679500763005,73.55958463775386,73.58308584618592,73.60733530422607,73.63236968317415,73.65822565433004,73.68493988899354,73.7125490584645,73.74108983404278,73.77059888702823,73.80111288872067,73.83266851041995,73.8653024234259,73.89905129903838,73.93395180855723,73.97004062328227,74.0073544145134,74.0459298535504,74.08580361169314,74.12701236024145,74.1695927704952,74.2135815137542,74.25901526131835,74.30593068448741,74.35436445456128,74.40435324283979,74.45593372062277,74.50914255921006,74.56401642990153,74.62059200399702,74.67890595279636,74.73899494759937,74.8008956597059
73.21942275328892,73.17585508165958,73.13295986606404,73.09074313703015,73.04921092508566,73.00836926075841,72.96822417457624,72.92878169706692,72.89004785875834,72.85202869017822,72.81473022185442,72.77815848431477,72.74231950808705,72.7072193236991,72.67286396167871,72.63925945255373,72.60641182685193,72.57432711510116,72.5430113478292,72.5124705555639,72.48271076883306,72.45373801816446,72.42555833408598,72.39817774712539,72.37160228781049,72.34583798666914,72.32089087422911,72.29676698101825,72.27347233756437,72.25101297439524,72.22939492203874,72.20862421102264,72.18870687187474,72.16964893512291,72.15145643129493,72.13413539091859,72.11769184452176,72.10213182263222,72.08746135577776,72.07368647448625,72.06081320928546,72.04884759070323,72.03779564926735,72.02766341550567,72.01845691994596,72.01018219311608,72.0028452655438,71.99645216775694,71.99100893028337,71.98652158365083,71.98299615838717,71.98043868502022,71.97885519407775,71.9782517160876,71.97863428157758,71.98000892107551,71.9823816651092,71.98575854420646,71.99014558742742,71.99554171637548,72.0019222869743,72.00925777750525,72.01751866624967,72.02667543148893,72.03669855150433,72.04755850457728,72.0592257689891,72.07167082302111,72.08486414495472,72.09877621307128,72.11337750565205,72.12863850097848,72.1445296773319,72.16102151299363,72.178084486245,72.19568907536744,72.21380575864221,72.23240501435073,72.25145732077432,72.27093315619432,72.29080299889209,72.31103732714901,72.33160661924639,72.35248135346556,72.37363200808794,72.39502906139482,72.41664299166759,72.43844427718757,72.46040339623612,72.4824908270946,72.50467704804434,72.5269325373667,72.54922777334305,72.57153323425472,72.59381939838305,72.61605674400941,72.63821574941515,72.66026689288158,72.68218065269012,72.70392750712206,72.72547793445877,72.74680241298161,72.7678714209719,72.78865543671104,72.80912493848034,72.82925040456114,72.84900231323483,72.86835114278274,72.88726737148623,72.90572147762664,72.92368393948531,72.94112523534359,72.95801584348287,72.97432624218446,72.9900269097297,73.00508832439998,73.01948096447661,73.03317530824098,73.04614183397443,73.05835316091127,73.06982458420701,73.08061071754939,73.09076764268771,73.10035144137119,73.10941819534916,73.11802398637091,73.12622489618572,73.13407700654288,73.14163639919165,73.14895915588134,73.15610135836125,73.16311908838064,73.1700684276888,73.177005458035,73.18398626116858,73.19106691883876,73.19830351279488,73.2057521247862,73.213468836562,73.22150972987161,73.22993088646426,73.23878838808925,73.24813831649588,73.25803675343344,73.26853978065121,73.27970347989846,73.2915839329245,73.3042372214786,73.31771942731005,73.33208663216816,73.34739491780216,73.3637003659614,73.38105905839511,73.39952707685264,73.4191605030832,73.44001541883613,73.4621479058607,73.48561404590622,73.51046992072192,73.53677161205714,73.56457520166113,73.5939367712832,73.62491240267265,73.65755817757871,73.6919301777507,73.72808448493792,73.76607718088967,73.80596434735516,73.84780206608376,73.89164641882469,73.93755348732729,73.98557935334081,74.03578009861455,74.08821180489782,74.14293055393985,74.19999242748999,74.25945350729747,74.32136987511161,74.38579761268169,74.45279280175696
73.52699493266199,73.46274293282487,73.40025683861792,73.33951600689743,73.28049979451968,73.22318755834097,73.16755865521755,73.11359244200573,73.06126827556172,73.01056551274185,72.9614635104024,72.91394162539963,72.86797921458982,72.82355563482925,72.78065024297418,72.73924239588091,72.69931145040572,72.66083676340484,72.62379769173462,72.58817359225127,72.5539438218111,72.5210877372704,72.48958469548542,72.45941405331247,72.43055516760778,72.40298739522764,72.37669009302836,72.35164261786618,72.3278243265974,72.30521457607828,72.28379272316512,72.2635381247142,72.24443013758174,72.22644811862408,72.20957142469747,72.1937794126582,72.17905143936251,72.16536686166673,72.1527050364271,72.14104532049991,72.13036707074146,72.12064964400797,72.11187239715578,72.1040146870411,72.09705587052026,72.09097530444954,72.08575234568518,72.08136635108347,72.07779667750073,72.07502268179316,72.07302372081709,72.07177915142877,72.0712683304845,72.07147061484055,72.07236536135319,72.0739319268787,72.07614966827337,72.07899794239346,72.08245610650273,72.08650549123443,72.09113397017974,72.09633077119643,72.10208512214216,72.10838625087466,72.11522338525164,72.12258575313076,72.13046258236979,72.13884310082638,72.14771653635826,72.15707211682316,72.16689907007874,72.1771866239827,72.1879240063928,72.1991004451667,72.21070516816214,72.22272740323676,72.23515637824833,72.24798132105452,72.26119145951306,72.27477602148166,72.28872423481796,72.30302532737976,72.31766852702468,72.33264306161048,72.34793815899484,72.36354304703549,72.37944695359009,72.39563910651638,72.41210873367207,72.42884506291485,72.4458373221024,72.46307473909248,72.48054654174275,72.49824195791093,72.51615021545474,72.53426054223188,72.55256216610003,72.5710443149169,72.58969621654022,72.6085070988277,72.62746618963699,72.64656271682584,72.66578590825195,72.68512499177304,72.70456919524678,72.72410774653089,72.74372987348308,72.76342480396103,72.78318176582248,72.80298998692511,72.82283869512666,72.8427171182848,72.86261448425724,72.88252002090168,72.90242295607585,72.92231251763745,72.94217793344417,72.96200843135371,72.98179323922379,73.00152187773107,73.02118970435477,73.04079745418515,73.06034606309983,73.07983646697646,73.09926960169268,73.11864640312608,73.13796780715434,73.15723474965505,73.17644816650586,73.1956089935844,73.2147181667683,73.2337766219352,73.25278529496272,73.2717451217285,73.29065703811018,73.30952197998538,73.32834088323175,73.34711468372687,73.36584431734842,73.38453071997402,73.4031748274813,73.4217775757479,73.44033990065144,73.45886273806956,73.47734702387989,73.49579369396004,73.51420368418765,73.53257793044038,73.55091736859585,73.56922293453168,73.58749556412552,73.60573619325497,73.6239457577977,73.64212519363132,73.66027543663346,73.67839742268173,73.69649208765382,73.71456036742732,73.73260319787987,73.75062151488912,73.76861625433266,73.78658835208815,73.80453874403322,73.8224683660455,73.84037815400264,73.85826904378222,73.87614197126193,73.89399787231936,73.91183768283217,73.92966233867797,73.94747277573443,73.96526992987911,73.98305473698973,74.00082813294385,74.01859105361912,74.0363444348932,74.05408921264369,74.07182632274827,74.08955670108448,74.10728128353004
74.20916852953248,74.11043622553056,74.0144304392443,73.92111668063528,73.83046045966516,73.74242728629552,73.65698267048798,73.57409212220419,73.49372115140575,73.4158352680543,73.3403999821114,73.26738080353876,73.19674324229793,73.12845280835053,73.06247501165821,72.99877536218257,72.93731936988523,72.87807254472783,72.82100039667198,72.76606843567926,72.71324217171134,72.66248711472981,72.61376877469633,72.56705266157246,72.52230428531986,72.47948915590013,72.43857278327489,72.39952067740577,72.36229834825438,72.32687130578235,72.29320505995129,72.26126512072283,72.23101699805856,72.20242620192012,72.17545824226914,72.15007862906722,72.126252872276,72.10394648185707,72.08312496777206,72.0637538399826,72.04579860845031,72.02922478313678,72.01399787400366,72.00008339101258,71.9874468441251,71.9760537433029,71.96586959850758,71.95685991970075,71.94899021684402,71.94222599989905,71.93653277882741,71.93187606359076,71.9282213641507,71.92553419046884,71.9237800525068,71.92292446022621,71.9229329235887,71.92377095255587,71.92540405782314,71.92780130363231,71.93094353646138,71.93481404148473,71.9393961038766,71.94467300881135,71.95062804146325,71.95724448700663,71.96450563061579,71.97239475746503,71.98089515272866,71.989990101581,71.99966288919633,72.00989680074899,72.02067512141328,72.03198113636348,72.04379813077394,72.05610938981893,72.06889819867276,72.08214784250977,72.09584160650422,72.10996277583045,72.12449463566277,72.13942047117547,72.15472356754286,72.17038720993925,72.18639468353895,72.20272927351628,72.21937426504552,72.23631294330099,72.25352859345699,72.27100450068785,72.28872395016784,72.30667022707131,72.32482661657252,72.34317640384582,72.3617028740655,72.38038931240585,72.39921900404123,72.41817523414588,72.43724128789414,72.45640045046032,72.47563600701874,72.49493124274366,72.51426944280944,72.53363389239034,72.55300787666071,72.57237468079484,72.59171758996703,72.6110198893516,72.63026486412284,72.64943579945506,72.6685159805226,72.68748869249971,72.70633722056074,72.72504484988,72.74359486563178,72.76197055299038,72.78015519713011,72.7981320832253,72.81588449645024,72.8333969876932,72.85067933749961,72.86776457121103,72.88468658207503,72.9014792633392,72.91817650825112,72.9348122100584,72.9514202620086,72.96803455734933,72.98468898932818,73.00141745119272,73.01825383619057,73.03523203756929,73.05238594857646,73.06974946245971,73.0873564724666,73.10524087184471,73.12343655384164,73.141977411705,73.16089733868235,73.18023022802127,73.2000099729694,73.22027046677427,73.24104560268349,73.26236927394466,73.28427537380536,73.30679779551319,73.3299704323157,73.35382717746053,73.37840192419524,73.40372856576742,73.42984099542467,73.45677310641456,73.4845587919847,73.51323194538266,73.54282645985602,73.5733762286524,73.60491514501938,73.63747710220453,73.67109599345547,73.70580571201974,73.74164015114498,73.77863320407873,73.81681876406863,73.85623072436225,73.89690297820714,73.93886941885096,73.98216393954122,74.02682043352557,74.07287279405158,74.12035491436681,74.16930068771889,74.2197440073554,74.2717187665239,74.32525885847203,74.38039817644731,74.4371706136974,74.49561006346984,74.55575041901223,74.61762557357217,74.68126942039724
73.01092098710748,72.96186417870351,72.91412614018938,72.86769610900683,72.82256332259752,72.7787170184032,72.73614643386557,72.69484080642636,72.65478937352728,72.61598137261001,72.57840604111627,72.54205261648781,72.5069103361663,72.47296843759347,72.440216158211,72.40864273546066,72.37823740678414,72.34898940962313,72.32088798141936,72.29392235961456,72.26808178165038,72.24335548496862,72.2197327070109,72.197202685219,72.17575465703459,72.1553778598994,72.13606153125517,72.11779490854357,72.10056722920632,72.08436773068513,72.06918565042173,72.05501022585781,72.0418306944351,72.0296362935953,72.01841626078013,72.00815983343131,71.99885624899053,71.99049474489951,71.98306455859995,71.97655492753361,71.97095508914214,71.96625428086728,71.96244174015075,71.95950670443426,71.9574384111595,71.95622609776822,71.9558590017021,71.95632636040284,71.95761741131219,71.95972139187182,71.96262753952351,71.96632509170891,71.97080328586975,71.97605135944772,71.98205854988458,71.988814094622,71.99630723110172,72.00452719676542,72.01346322870512,72.02310287038583,72.03342804983643,72.04441953279846,72.05605808501349,72.06832447222317,72.08119946016902,72.09466381459265,72.10869830123562,72.12328368583951,72.13840073414593,72.15403021189644,72.17015288483262,72.18674951869608,72.20380087922834,72.22128773217105,72.23919084326573,72.257490978254,72.27616890287743,72.29520538287761,72.3145811839961,72.3342770719745,72.35427381255437,72.37455217147732,72.3950929144849,72.41587680731874,72.43688461572037,72.45809710543136,72.47949504219335,72.50105919174788,72.52277031983655,72.54460919220094,72.56655657458259,72.58859323272313,72.61069993236413,72.63285743924718,72.65504651911382,72.67724793770566,72.69944246076429,72.72161085403127,72.74373388324821,72.76579231415664,72.7877669124982,72.80963844401444,72.83138767444692,72.85299536953727,72.87444229502702,72.89570921665779,72.91677690017116,72.93762611130867,72.95823761581195,72.97859217942258,72.99867056788207,73.01845354693211,73.03792188231418,73.05705633976993,73.07583768504088,73.09424668386868,73.11226410199487,73.12987070516101,73.14704725910875,73.16377541688189,73.1800545182474,73.19590019825,73.21132870036175,73.22635626805479,73.24099914480121,73.25527357407304,73.26919579934247,73.28278206408149,73.29604861176227,73.30901168585686,73.32168752983736,73.33409238717587,73.34624250134448,73.3581541158153,73.36984347406039,73.38132681955184,73.39262039576178,73.40374044616226,73.41470321422543,73.42552494342331,73.43622187722804,73.44681025911169,73.45730633254638,73.46772634100418,73.47808652795717,73.48840313687748,73.49869241123716,73.50897059450836,73.5192539301631,73.52955866167352,73.5399010325117,73.55029728614971,73.5607636660597,73.57131641571371,73.58197177858386,73.59274599814222,73.6036553178609,73.61471598121199,73.62594423166757,73.63735631269975,73.6489684677806,73.66079694038226,73.67285797397673,73.68516781203621,73.69774269803273,73.71059887543836,73.72375258772527,73.73722007836548,73.75101759083114,73.7651613685943,73.77966765512707,73.79455269390152,73.80983272838978,73.8255240020639,73.84164275839603,73.85820524085821,73.87522769292255,73.89272635806114,73.91071747974607,73.92921730144943
73.26366194177395,73.19269445945925,73.12378223588179,73.05689982233612,72.99202177011679,72.92912263051836,72.86817695483542,72.80915929436246,72.7520442003941,72.69680622422486,72.64341991714932,72.59185983046201,72.54210051545753,72.4941165234304,72.4478824056752,72.40337271348646,72.36056199815879,72.31942481098667,72.27993570326471,72.24206922628748,72.2057999313495,72.17110236974536,72.13795109276957,72.10632065171673,72.07618559788139,72.0475204825581,72.02029985704142,71.9944982726259,71.97009028060612,71.94705043227661,71.92535327893195,71.90497337186666,71.88588526237534,71.86806350175254,71.8514826412928,71.8361172322907,71.82194182604077,71.80893097383759,71.7970592269757,71.78630113674969,71.77663125445406,71.76802413138343,71.7604543188323,71.75389636809528,71.7483248304669,71.7437142572417,71.74003919971427,71.73727420917918,71.73539383693092,71.73437263426412,71.7341851524733,71.73480594285304,71.73620955669786,71.73837054530235,71.74126345996106,71.74486285196853,71.74914327261936,71.75407927320806,71.75964540570426,71.76581949101875,71.77259018865401,71.77994840149258,71.78788503241685,71.79639098430935,71.80545716005255,71.8150744625289,71.8252337946209,71.835926059211,71.8471421591817,71.85887299741543,71.8711094767947,71.88384250020196,71.89706297051971,71.91076179063042,71.92492986341652,71.93955809176053,71.95463737854492,71.97015862665214,71.98611273896468,72.002490618365,72.01928316773557,72.0364812899589,72.05407588791742,72.07205786449362,72.09041812256997,72.10914756502895,72.12823709475303,72.1476776146247,72.1674600275264,72.18757523634063,72.20801414394985,72.22876765323652,72.24982666708316,72.27118208837219,72.29282481998611,72.31474576480737,72.33693582571848,72.35938590560191,72.38208690734008,72.40502973381554,72.4282052879107,72.45160447250807,72.47521819049011,72.4990373447393,72.5230528381381,72.54725557356899,72.57163645391445,72.59618638205694,72.62089626087895,72.64575699326294,72.67075948209138,72.69589463024674,72.72115334061154,72.74652651606819,72.7720050594992,72.797579873787,72.82324186181414,72.84898192646303,72.87479097061616,72.90065909670687,72.9265604517016,72.9524544823443,72.97830008650708,73.0040561620621,73.02968160688154,73.05513531883757,73.08037619580232,73.10536313564795,73.13005503624662,73.15441079547047,73.17838931119171,73.20194948128245,73.22505020361486,73.24765037606109,73.26970889649333,73.29118466278369,73.31203657280436,73.33222352442748,73.35170441552522,73.37043814396974,73.38838360763317,73.40549970438771,73.42174533210547,73.43707938865865,73.45146077191937,73.46484837975981,73.47720111005212,73.48847786066848,73.498637529481,73.50763901436189,73.51544121318325,73.52200302381729,73.52728334413614,73.53124107201197,73.53383510531692,73.53502434192315,73.53476767970284,73.53302401652813,73.52975225027117,73.52491127880414,73.51845999999917,73.51035731172844,73.50056211186408,73.4890332982783,73.47572976884318,73.46061042143096,73.44363415391372,73.42475986416368,73.40394645005297,73.38115280945374,73.35633784023814,73.32946044027837,73.30047950744655,73.26935393961485,73.23604263465542,73.20050449044042,73.16269840484202,73.12258327573237,73.0801180009836,73.03526147846792
75.28015131404773,75.11848107041298,74.96184097387193,74.81015578793993,74.66335027613238,74.52134920196461,74.38407732895199,74.2514594206099,74.12342024045371,73.99988455199876,73.88077711876043,73.76602270425408,73.65554607199509,73.54927198549879,73.44712520828057,73.3490305038558,73.25491263573984,73.16469636744804,73.07830646249577,72.99566768439841,72.91670479667133,72.84134256282985,72.76950574638937,72.70111911086525,72.63610741977284,72.57439543662754,72.51590792494467,72.46056964823963,72.40830537002776,72.35903985382444,72.31269786314502,72.26920416150489,72.22848351241939,72.19046067940391,72.1550604259738,72.12220751564442,72.09182671193113,72.06384277834931,72.03818047841429,72.0147645756415,71.99351983354626,71.97437101564392,71.95724288544989,71.94206020647951,71.92874774224813,71.91723025627115,71.9074325120639,71.89927927314176,71.8926953030201,71.88760536521428,71.88393422323966,71.88160664061161,71.88054738084551,71.88068120745669,71.88193288396053,71.8842271738724,71.88748884070768,71.89164264798168,71.89661336155604,71.9023371090446,71.90878768940075,71.9159466988205,71.92379573349984,71.93231638963474,71.94149026342114,71.95129895105504,71.9617240487324,71.97274715264922,71.98434985900144,71.99651376398506,72.00922046379605,72.02245155463038,72.03618863268403,72.05041329415295,72.06510713523312,72.08025175212057,72.09582874101119,72.11181969810102,72.12820621958599,72.14496990166211,72.16209234052533,72.17955513237163,72.19733987339697,72.21542815979737,72.23380158776877,72.25244175350713,72.27133025320845,72.29044868306869,72.30977863928382,72.32930171804983,72.34899951556272,72.3688536280184,72.3888456516129,72.40895718254215,72.42916981700216,72.44946515118889,72.4698247812983,72.49023030352639,72.5106633140691,72.53110540912245,72.55153818488238,72.57194323754487,72.59230216330592,72.61259655836145,72.63280801890748,72.65291814113998,72.6729085212549,72.69276075544825,72.71245643991595,72.73197717085404,72.75130454445845,72.77042015692517,72.78930560445016,72.80794248322941,72.82631238945888,72.84439691933456,72.86217766905241,72.87963623480842,72.89675421279856,72.91351436014645,72.92992257491252,72.9460060755563,72.96179287659076,72.977310992529,72.99258843788405,73.00765322716894,73.02253337489677,73.03725689558053,73.0518518037333,73.06634611386812,73.08076784049804,73.09514499813612,73.1095056012954,73.12387766448892,73.13828920222973,73.1527682290309,73.16734275940546,73.18204080786646,73.19689038892695,73.21191951709997,73.22715620689858,73.24262847283583,73.25836432942478,73.27439179117845,73.29073887260991,73.3074335882322,73.32450395255835,73.34197798010145,73.35988368537451,73.37824908289062,73.3971021871628,73.4164710127041,73.43638357402756,73.45686788564626,73.47795196207322,73.4996638178215,73.52203146740415,73.5450829253342,73.56884620612473,73.59334932428877,73.61862029433937,73.64468713078958,73.67157784815244,73.69932046094102,73.72794298366836,73.75747343084748,73.78793981699147,73.81937015661336,73.85179246422621,73.88523475434305,73.91972504147694,73.95529134014093,73.99196166484806,74.02976403011138,74.06872645044395,74.10887694035881,74.15024351436901,74.1928541869876,74.23673697272763,74.28191988610213
73.26558370975732,73.18582832649571,73.10885914039076,73.03463348716605,72.96310870254527,72.894242122252,72.82799108200987,72.76431291754255,72.7031649645736,72.6445045588267,72.58828903602543,72.53447573189342,72.48302198215433,72.43388512253176,72.38702248874935,72.34239141653072,72.2999492415995,72.25965329967929,72.22146092649373,72.18532945776647,72.15121622922109,72.11907857658124,72.08887383557055,72.06055934191264,72.03409243133112,72.00943043954965,71.98653070229182,71.96535055528128,71.94584733424162,71.9279783748965,71.91170101296953,71.89697258418437,71.88375042426458,71.87199186893383,71.86165425391576,71.85269491493395,71.84507118771205,71.83874040797366,71.83365991144245,71.82978703384202,71.827079110896,71.82549347832799,71.82498747186165,71.8255184272206,71.82704368012844,71.82952056630882,71.83290642148538,71.83715858138169,71.84223438172143,71.84809115822819,71.85468624662562,71.86197698263732,71.86992070198693,71.8784747403981,71.88759643359441,71.8972431172995,71.90737212723701,71.91794079913055,71.92890647011609,71.94023331673333,71.95190819243771,71.96392264437011,71.97626821967125,71.98893646548194,72.00191892894298,72.01520715719514,72.02879269737923,72.04266709663602,72.0568219021063,72.07124866093088,72.08593892025053,72.10088422720602,72.1160761289382,72.13150617258782,72.14716590529565,72.16304687420251,72.1791406264492,72.19543870917647,72.21193266952514,72.22861405463601,72.24547441164984,72.2625052877074,72.27969822994953,72.29704478551702,72.3145365015506,72.33216492519114,72.34992160357933,72.36779808385606,72.38578591316207,72.40387663863814,72.42206180742508,72.44033296666368,72.4586816634947,72.47709944505897,72.49557785849726,72.51410845095037,72.53268276955907,72.55129236146416,72.56992877380642,72.58858355372666,72.60724824836566,72.6259144048642,72.6445735703631,72.66321729200311,72.68183711692504,72.70042459226966,72.71897126517777,72.7374686827902,72.75590839224768,72.77428194069103,72.792580875261,72.81079674309845,72.82892109134411,72.8469454671388,72.8648614176233,72.88266048993839,72.90033423122489,72.91787418862356,72.93527190927517,72.95251928292078,72.96961502840011,72.98656415639462,73.00337191250836,73.02004354234538,73.03658429150971,73.05299940560539,73.06929413023644,73.08547371100695,73.1015433935209,73.11750842338236,73.13337404619537,73.14914550756396,73.16482805309218,73.18042692838404,73.19594737904362,73.21139465067492,73.22677398888203,73.24209063926892,73.25734984743968,73.27255685899837,73.28771691954896,73.30283527469552,73.31791717004211,73.33296785119276,73.34799256375149,73.36299655332238,73.37798506550939,73.39296334591666,73.40793664014814,73.42291019380792,73.43788925250004,73.45287906182853,73.4678848673974,73.48291191481073,73.49796544967256,73.51305071758688,73.52817296415779,73.5433374349893,73.55854937568543,73.57381403185025,73.5891366490878,73.6045224730021,73.6199767491972,73.63550472327714,73.65111164084595,73.66680274750766,73.68258328886634,73.69845851052602,73.71443365809074,73.73051397716449,73.74670471335139,73.76301111225544,73.77943841948067,73.7959918806311,73.81267674131084,73.82949824712387,73.84646164367425,73.86357217656601,73.88083509140318,73.89825563378986
72.83253612117852,72.81501721404884,72.79675836284184,72.77779597554846,72.75816646015961,72.73790622466625,72.71705167705927,72.69563922532964,72.67370527746827,72.6512862414661,72.62841852531406,72.60513853700306,72.58148268452408,72.55748737586799,72.53318901902577,72.50862402198834,72.4838287927466,72.45883973929153,72.43369326961403,72.40842579170504,72.38307371355549,72.3576734431563,72.33226138849841,72.30687395757276,72.28154755837028,72.25631859888189,72.23122348709853,72.20629863101112,72.18158043861061,72.1571053178879,72.13290967683395,72.10902992343969,72.08550246569604,72.06236371159393,72.03965006912429,72.01739794627807,71.99564375104617,71.97442389141958,71.95377477538915,71.93373281094586,71.91433440608063,71.89561596878438,71.87761390704809,71.86036462886263,71.84390454221897,71.82827005510804,71.81349757552074,71.79962351144802,71.78668427088083,71.77471626181007,71.76375589222668,71.7538395701216,71.74500370348575,71.73728470031007,71.73071896858549,71.72534291630295,71.72119295145338,71.71830548202767,71.71671691302059,71.71644913996022,71.71747595038651,71.71976117441149,71.72326864214706,71.72796218370523,71.73380562919799,71.74076280873727,71.74879755243508,71.75787369040336,71.76795505275409,71.77900546959926,71.79098877105083,71.80386878722076,71.81760934822104,71.83217428416364,71.84752742516052,71.86363260132366,71.88045364276503,71.89795437959661,71.91609864193039,71.93485025987829,71.9541730635523,71.97403088306442,71.99438754852659,72.01520689005079,72.036452737749,72.05808892173319,72.08007927211534,72.1023876190074,72.12497779252135,72.14781362276918,72.17085893986282,72.1940775739143,72.21743335503555,72.24089011333855,72.26441167893529,72.28796188193772,72.3115045524578,72.33500352060754,72.3584226164989,72.38172567024382,72.40487651195431,72.42783897174235,72.45057687971986,72.47305406599885,72.49523436069128,72.51708159390914,72.53855959576438,72.55963219636898,72.58026322583491,72.60041651427414,72.62005589179867,72.63914518852042,72.6576482345514,72.67552886000357,72.6927508949889,72.70927816961938,72.72507451400696,72.74010375826361,72.75432973250132,72.76771863909218,72.78028396700816,72.79208277170189,72.80317373529601,72.8136155399132,72.82346686767607,72.8327864007073,72.84163282112951,72.85006481106535,72.85814105263748,72.86592022796853,72.87346101918115,72.88082210839801,72.88806217774172,72.89523990933492,72.9024139853003,72.90964308776047,72.9169858988381,72.92450110065582,72.93224737533629,72.94028340500213,72.94866787177602,72.95745945778057,72.96671684513848,72.97649871597233,72.98686375240482,72.99787063655856,73.0095780505562,73.02204467652041,73.03532919657383,73.0494902928391,73.06458664743884,73.08067694249574,73.09781986013243,73.11607408247154,73.13549829163574,73.15615116974766,73.17809139892995,73.20137766130526,73.22606863899622,73.2522230141255,73.27989946881574,73.30915668518958,73.34005334536967,73.37264813147866,73.40699972563917,73.44316680997387,73.4812080666054,73.52118217765643,73.56314782524957,73.60716369150748,73.65328845855282,73.7015808085082,73.7520994234963,73.80490298563976,73.86005017706123,73.91759967988332,73.97761017622872,74.04014034822006,74.10524887797999,74.17299444763114
73.14361705998856,73.08150201748663,73.02155159598857,72.96373085273923,72.90800484498342,72.85433862996601,72.80269726493178,72.75304580712559,72.70534931379227,72.65957284217666,72.61568144952356,72.57364019307782,72.53341413008428,72.49496831778777,72.4582678134331,72.42327767426511,72.38996295752864,72.35828872046851,72.32822002032955,72.29972191435661,72.2727594597945,72.24729771388806,72.22330173388212,72.20073657702152,72.17956730055107,72.15975896171562,72.14127661776,72.12408532592903,72.10815014346754,72.09343612762036,72.07990833563234,72.06753182474829,72.05627165221306,72.04609287527146,72.03696055116833,72.0288397371485,72.02169549045682,72.01549286833809,72.01019692803716,72.00577272679885,72.002185321868,71.99939977048945,71.997381129908,71.99609445736851,71.9955048101158,71.9955772453947,71.99627682045003,71.99756859252666,71.99941761886937,72.00178895672303,72.00464766333246,72.00795879594249,72.01168741179794,72.01579856814364,72.02025732222444,72.02502873128516,72.03007785257063,72.03536974332569,72.04086946249699,72.04655031030788,72.05241291198625,72.05846354851023,72.06470850085796,72.07115405000755,72.07780647693714,72.08467206262485,72.09175708804881,72.09906783418714,72.10661058201798,72.11439161251946,72.1224172066697,72.13069364544681,72.13922720982896,72.14802418079424,72.1570908393208,72.16643346638676,72.17605834297022,72.18597175004936,72.1961799686023,72.20668927960712,72.21750596404199,72.22863630288504,72.24008657711437,72.25186306770811,72.26397205564442,72.2764198219014,72.28921264745719,72.3023568132899,72.31585860037768,72.32972428969866,72.34396016223094,72.35857249895267,72.37356758084196,72.38895168887696,72.40473110403579,72.42091210729657,72.43750097963743,72.45450400203651,72.47192745547193,72.4897776209218,72.50806077936427,72.52678321177747,72.54595119913952,72.56557102242854,72.58564896262267,72.60619130070002,72.62720431763874,72.64869429441696,72.67066751201277,72.69313025140434,72.71608879356978,72.73954941948722,72.76351841013478,72.7880020464906,72.8130066095328,72.83853838023953,72.86460363958888,72.89120866855899,72.918359748128,72.9460621452395,72.97430091394179,73.00304248557167,73.03225259613758,73.06189698164799,73.09194137811137,73.1223515215362,73.15309314793095,73.18413199330406,73.21543379366402,73.2469642850193,73.27868920337838,73.31057428474969,73.34258526514174,73.37468788056297,73.40684786702187,73.43903096052688,73.4712028970865,73.50332941270919,73.5353762434034,73.56730912517763,73.59909379404031,73.63069598599995,73.662081437065,73.69321588324392,73.72406506054519,73.75459470497726,73.78477055254864,73.81455833926775,73.84392380114309,73.87283267418312,73.90125069439631,73.92914359779112,73.95647712037604,73.9832169981595,74.00932896715001,74.03477876335602,74.05953212278601,74.08355478144843,74.10681247535175,74.12927094050445,74.150895912915,74.17165312859186,74.1915083235435,74.2104272337784,74.22837559530501,74.24531914413181,74.26122361626727,74.27605474771987,74.28977827449805,74.30235993261029,74.31376545806506,74.32396058687084,74.33291105503608,74.34058259856926,74.34694095347885,74.35195185577331,74.35558104146112,74.35779424655074,74.35855720705064,74.35783565896928
71.73294832656937,71.8105859376124,71.88355617105428,71.95197127826131,72.01594351059983,72.07558511943614,72.13100835613656,72.18232547206743,72.22964871859506,72.27309034708576,72.31276260890584,72.34877775542165,72.38124803799948,72.41028570800566,72.43600301680652,72.45851221576835,72.4779255562575,72.49435528964028,72.50791366728299,72.51871294055198,72.52686536081353,72.532483179434,72.53567864777968,72.5365640172169,72.53525153911198,72.53185346483124,72.52648204574099,72.51924953320756,72.51026817859726,72.4996502332764,72.48750794861132,72.47395357596834,72.45909936671376,72.4430575722139,72.42594044383509,72.40786023294365,72.3889291909059,72.36925956908813,72.3489636188567,72.32815359157792,72.30694173861808,72.28544031134352,72.26376156112056,72.24201773931553,72.22032109729471,72.19878388642447,72.17751835807108,72.15663676360089,72.13625135438022,72.11647438177536,72.09741809715267,72.07919475187843,72.06191659731898,72.04569588484064,72.03064486580972,72.01687579159255,72.00450091355543,71.9936324830647,71.98438274507734,71.97683290669458,71.97096126504626,71.96672481687801,71.96408055893545,71.96298548796418,71.96339660070983,71.96527089391802,71.96856536433435,71.97323700870447,71.97924282377397,71.98653980628848,71.99508495299361,72.00483526063498,72.0157477259582,72.02777934570892,72.04088711663273,72.05502803547525,72.0701590989821,72.08623730389891,72.10321964697127,72.12106312494483,72.13972473456518,72.15916147257795,72.17933033572876,72.20018832076323,72.22169242442698,72.24379964346561,72.26646697462475,72.28965141465001,72.31330996028701,72.33739960828139,72.36187735537874,72.38670019832469,72.41182513386485,72.43720915874485,72.4628092697103,72.48858246350682,72.51448573688003,72.54047608657554,72.56651050933897,72.59254600191593,72.61853956105206,72.64444818349297,72.67022886598426,72.69583860527156,72.7212343981005,72.74637324121669,72.77121213136573,72.79570806529325,72.81981803974489,72.84349905146622,72.8667080972029,72.88940217370053,72.91153827770474,72.93307340596112,72.95396455521532,72.97416872221295,72.99364290369961,73.01234409642093,73.03022929712253,73.04725791125932,73.06343735743235,73.07881929011099,73.09345701542797,73.10740383951605,73.12071306850795,73.13343800853642,73.14563196573415,73.15734824623394,73.16864015616846,73.1795610016705,73.19016408887278,73.200502723908,73.21063021290894,73.22059986200833,73.23046497733887,73.24027886503333,73.25009483122444,73.25996618204493,73.26994622362753,73.28008826210498,73.29044560361002,73.3010715542754,73.31201942023381,73.32334250761802,73.33509412256076,73.34732757119477,73.36009615965277,73.3734531940675,73.3874519805717,73.4021458252981,73.41758803437946,73.43383191394848,73.45093077013792,73.4689379090805,73.48790663690896,73.50789025975602,73.52894208375446,73.55111541503697,73.57446355973632,73.59903982398521,73.6248975139164,73.65208993566262,73.6806703953566,73.71069219913109,73.7422086531188,73.77527306345249,73.80993873626487,73.8462589776887,73.88428709385671,73.92407639090163,73.9656801749562,74.00915175215314,74.0545444286252,74.10191151050512,74.15130630392564,74.20278211501946,74.25639224991934,74.31219001475803,74.37022871566823,74.43056165878271
72.41675936668972,72.43572657670032,72.45261136266845,72.46747319052014,72.48037152618139,72.49136583557828,72.50051558463676,72.50788023928288,72.51351926544265,72.51749212904213,72.5198582960073,72.52067723226418,72.52000840373879,72.51791127635718,72.51444531604534,72.50966998872931,72.5036447603351,72.49642909678875,72.48808246401623,72.47866432794359,72.46823415449688,72.45685140960208,72.44457555918521,72.43146606917233,72.41758240548941,72.40298403406248,72.3877304208176,72.37188103168074,72.35549533257796,72.33863278943525,72.32135286817868,72.30371503473418,72.28577875502785,72.2676034949857,72.24924872053373,72.23077389759794,72.21223849210438,72.19370196997909,72.17522379714802,72.15686343953726,72.13868036307281,72.12073403368069,72.10308391728691,72.08578947981749,72.06891018719847,72.05250550535584,72.03663490021563,72.02135783770387,72.0067337837466,71.9928222042698,71.97968256519951,71.96737433246173,71.95595697198252,71.94548994968787,71.93603273150379,71.92764478335633,71.92038557117152,71.91431456087534,71.90949121458104,71.9059565306367,71.90369028842076,71.90265959616275,71.90283156209216,71.90417329443855,71.90665190143142,71.91023449130029,71.91488817227471,71.92058005258417,71.92727724045818,71.9349468441263,71.94355597181803,71.95307173176289,71.96346123219041,71.97469158133012,71.98672988741151,71.99954325866412,72.01309880331746,72.0273636296011,72.0423048457445,72.05788955997718,72.07408488052872,72.09085791562859,72.10817577350633,72.12600556239147,72.1443143905135,72.16306936610198,72.1822375973864,72.2017861925963,72.2216822599612,72.2418929077106,72.26238524407404,72.28312637728106,72.30408341556114,72.32522346714384,72.34651364025865,72.36792104313511,72.38941278400273,72.41095597109103,72.43251771262956,72.4540651168478,72.4755652919753,72.49698534624156,72.51829238787613,72.53945352510848,72.5604358661682,72.58120651928476,72.60173259268771,72.62198119460655,72.6419194332708,72.66151441691002,72.68073325375369,72.69954305203132,72.71791091997247,72.73580396580667,72.75318929776338,72.77003402407217,72.78630525296256,72.80197009266408,72.81699565140622,72.83135108518243,72.8450463683572,72.85812908241365,72.87064821299629,72.88265274574965,72.8941916663183,72.90531396034677,72.91606861347958,72.92650461136125,72.93667093963637,72.94661658394944,72.95639052994503,72.96604176326761,72.9756192695618,72.98517203447207,72.994749043643,73.00439928271913,73.01417173734495,73.02411539316506,73.03427923582396,73.04471225096617,73.05546342423628,73.06658174127878,73.07811618773823,73.09011574925916,73.1026294114861,73.11570616006361,73.12939498063622,73.14374485884846,73.15880478034487,73.17462373076998,73.19125069576836,73.2087346609845,73.22712461206297,73.24646953464827,73.266818414385,73.28822023691765,73.31072398789075,73.33437865294889,73.35923321773654,73.38533666789829,73.41273798907866,73.44148616692218,73.4716301870734,73.50321903517684,73.53630169687705,73.57092715781857,73.60714440364595,73.64500242000369,73.68455019253634,73.72583670688846,73.76891094870456,73.81382190362922,73.8606185573069,73.9093498953822,73.96006490349967,74.0128125673038,74.06764187243914,74.12460180455025,74.18374134928166,74.24510949227786
73.28466432966937,73.25614754507993,73.22695838270744,73.1971388031672,73.16673076707471,73.13577623504526,73.10431716769429,73.07239552563718,73.0400532694893,73.00733235986607,72.97427475738286,72.94092242265504,72.90731731629799,72.87350139892715,72.83951663115786,72.80540497360553,72.77120838688552,72.73696883161327,72.70272826840409,72.66852865787345,72.63441196063667,72.60042013730919,72.56659514850637,72.53297895484357,72.49961351693622,72.46654079539971,72.4338027508494,72.4014413439007,72.36949853516896,72.33801628526962,72.30703655481801,72.27660130442956,72.24675249471966,72.21753208630366,72.18898203979697,72.161144315815,72.13406087497307,72.10777367788666,72.08232468517107,72.05775585744175,72.03410915531404,72.01142653940335,71.98974997032508,71.96912140869458,71.94958281512729,71.93117615023854,71.91394337464374,71.89792644895829,71.88316733379759,71.86970798977697,71.85759037751188,71.84685645761769,71.83754819070975,71.8297075374035,71.82337645831427,71.81859691405748,71.81541086524854,71.81386027250281,71.81398709253673,71.81581440113547,71.81930267194687,71.82439942118074,71.83105216504694,71.83920841975532,71.84881570151569,71.8598215265379,71.87217341103178,71.88581887120716,71.9007054232739,71.91678058344183,71.93399186792075,71.95228679292057,71.97161287465104,71.99191762932207,72.01314857314347,72.03525322232505,72.05817909307669,72.0818737016082,72.10628456412942,72.13135919685021,72.15704511598037,72.18328983772975,72.2100408783082,72.23724575392555,72.26485198079163,72.29280707511626,72.32105855310931,72.34955393098062,72.37824072493999,72.40706645119727,72.43597862596232,72.46492476544495,72.493852385855,72.52270900340233,72.55144213429676,72.57999929474812,72.60832800096625,72.63637576916099,72.6640901155422,72.69141855631966,72.71830860770325,72.74470778590279,72.77056360712814,72.7958235875891,72.82043524349552,72.84434609105728,72.86750364648415,72.88985542598601,72.91134894577266,72.93193172205397,72.95155127103979,72.9701551089399,72.98769075196418,73.00410571632247,73.01934751822458,73.03336367388036,73.04610169949964,73.05750911129226,73.06753342546807,73.07612589748396,73.08331231774261,73.08918714779841,73.0938474132252,73.09739013959677,73.09991235248697,73.10151107746964,73.10228334011856,73.1023261660076,73.10173658071054,73.10061160980123,73.09904827885353,73.09714361344118,73.09499463913806,73.092698381518,73.09035186615483,73.08805211862233,73.08589616449436,73.0839810293447,73.08240373874725,73.08126131827578,73.0806507935041,73.08066919000609,73.08141353335554,73.08298084912627,73.08546816289211,73.0889725002269,73.09359088670445,73.09942034789859,73.10655790938313,73.1151005967319,73.12514543551876,73.1367894513175,73.15012966970193,73.16526311624588,73.18228681652323,73.20129779610772,73.22239308057326,73.2456696954936,73.2712246664426,73.29915501899407,73.32955777872186,73.36252997119976,73.39816862200163,73.43657075670129,73.47783340087253,73.52205358008919,73.56932831992509,73.61975464595409,73.67342958374999,73.73045015888661,73.79091339693778,73.85491632347731,73.92255596407904,73.99392934431677,74.06913348976437,74.14826542599565,74.23142217858441,74.3187007731045,74.41019823512971,74.5060115902339
72.36595153516548,72.39100196761385,72.41352079041842,72.43358126583938,72.45125665613689,72.46662022357117,72.47974523040239,72.49070493889072,72.49957261129637,72.50642150987953,72.51132489690036,72.51435603461907,72.51558818529583,72.51509461119083,72.51294857456426,72.50922333767632,72.50399216278716,72.497328312157,72.489305048046,72.47999563271438,72.46947332842228,72.45781139742994,72.4450831019975,72.43136170438515,72.4167204668531,72.40123265166154,72.38497152107064,72.36801033734058,72.35042236273155,72.33228085950375,72.31365908991735,72.29463031623254,72.27526780070951,72.25564480560845,72.23583459318955,72.21591042571298,72.19594556543892,72.17601327462758,72.15618681553912,72.13653945043374,72.11714444157165,72.098075051213,72.079404541618,72.06120617504683,72.04355321375967,72.02651892001668,72.01017655607811,71.99459938420408,71.97986066665482,71.96603366569049,71.9531916435713,71.94140786255743,71.93075558490905,71.92130807288636,71.91313858874955,71.9063203947588,71.90092675317428,71.89703092625619,71.89470617141887,71.8940022795314,71.89489123513755,71.89732891836866,71.90127120935604,71.90667398823106,71.91349313512502,71.92168453016929,71.93120405349518,71.94200758523402,71.95405100551716,71.96729019447592,71.98168103224165,71.99717939894569,72.01374117471934,72.03132223969396,72.04987847400089,72.06936575777144,72.08973997113695,72.11095699422876,72.13297270717823,72.15574299011665,72.1792237231754,72.20337078648576,72.2281400601791,72.25348742438675,72.27936875924004,72.3057399448703,72.33255686140888,72.35977538898709,72.38735140773628,72.41524079778779,72.44339943927294,72.47178321232307,72.50034799706951,72.52904967364361,72.55784412217668,72.58668722280008,72.61553485564512,72.64434290084316,72.6730672385255,72.7016637488235,72.7300883118685,72.75829680779181,72.78624511672477,72.81388911879874,72.84118469414501,72.86808772289496,72.89455408517989,72.92053966113116,72.94600033088008,72.970891974558,72.99517047229625,73.01879170422617,73.04171155047908,73.06388589118633,73.08527060647924,73.10582157648915,73.12549468134739,73.1442458011853,73.16203081613423,73.17880828227916,73.194590095872,73.20943729696761,73.223412760535,73.23657936154314,73.24899997496105,73.26073747575771,73.27185473890212,73.28241463936327,73.29248005211016,73.30211385211179,73.31137891433714,73.32033811375523,73.32905432533502,73.33759042404552,73.34600928485574,73.35437378273465,73.36274679265127,73.37119118957457,73.37976984847356,73.38854564431723,73.39758145207458,73.40694014671459,73.41668460320626,73.4268776965186,73.4375823016206,73.44886129348124,73.46077754706953,73.47339393735444,73.486773339305,73.50097862789019,73.51607267807898,73.53211836484041,73.54917856314344,73.56731614795709,73.58659399425034,73.60707497699217,73.6288219711516,73.65189785169761,73.6763654935992,73.70228777182537,73.72972756134511,73.75874773712741,73.78941117414126,73.82178074735569,73.85591933173964,73.89188980226216,73.92975503389219,73.96957790159877,74.01142128035086,74.05534804511748,74.10142107086763,74.14970323257027,74.20025740519444,74.25314646370909,74.30843328308325,74.36618073828588,74.42645170428601,74.48930905605262,74.5548156685547,74.62303441676124
73.08073544202864,73.05065956518757,73.02064820610526,72.99071862147261,72.9608880679805,72.93117380231988,72.90159308118162,72.87216316125665,72.84290129923588,72.8138247518102,72.78495077567052,72.75629662750777,72.72787956401282,72.69971684187661,72.67182571779004,72.64422344844401,72.61692729052943,72.5899545007372,72.56332233575826,72.53704805228348,72.51114890700379,72.48564215661007,72.46054505779327,72.43587486724425,72.41164884165396,72.38788423771328,72.36459831211313,72.34180832154442,72.31953152269804,72.29778517226491,72.27658652693594,72.25595284340204,72.23590137835411,72.21644938848306,72.19761413047979,72.17941286103522,72.16186283684024,72.14498131458579,72.12878555096275,72.11329280266203,72.09852032637454,72.08448537879119,72.07120521660289,72.05869709650054,72.04697827517506,72.03606600931734,72.02597755561831,72.01673017076885,72.0083411114599,72.00082763438233,71.99420699622708,71.98849645368504,71.98371326344713,71.97987468220424,71.97699796664729,71.97510037346719,71.97419915935484,71.97431158100115,71.97545489334571,71.97763787039239,71.9808411665204,71.98503961588769,71.99020805265218,71.99632131097177,72.00335422500439,72.01128162890795,72.0200783568404,72.02971924295963,72.04017912142358,72.05143282639015,72.06345519201729,72.0762210524629,72.0897052418849,72.10388259444123,72.11872794428977,72.1342161255885,72.15032197249528,72.16702031916807,72.18428599976478,72.20209384844333,72.22041869936163,72.2392353866776,72.25851874454919,72.2782436071343,72.29838480859085,72.31891718307676,72.33981556474996,72.36105478776835,72.38260968628988,72.40445509447245,72.42656584647398,72.4489167764524,72.47148271856562,72.49423850697158,72.51715897582818,72.54021895929334,72.563393291525,72.58665680668108,72.60998433891947,72.63335072239812,72.65673079127494,72.68009937970784,72.70343132185477,72.72670145187362,72.74988460392234,72.77295561215881,72.79588931074099,72.81866053382679,72.84124411557411,72.86361489014091,72.88574769168507,72.90761735436452,72.9291987123372,72.95046659976101,72.9713958507939,72.99196129959375,73.01213778031851,73.03190012712608,73.0512231741744,73.07008300682472,73.08848065085309,73.10644011034447,73.12398624733986,73.14114392388028,73.15793800200676,73.1743933437603,73.1905348111819,73.2063872663126,73.2219755711934,73.2373245878653,73.25245917836935,73.26740420474651,73.28218452903785,73.29682501328433,73.31135051952701,73.32578590980687,73.34015604616494,73.35448579064223,73.36880000527975,73.3831235521185,73.39748129319953,73.41189809056382,73.42639880625241,73.44100830230627,73.45575144076646,73.47065308367398,73.48573809306983,73.50103133099502,73.51655765949057,73.53234194059752,73.54840903635684,73.56478380880958,73.58149111999673,73.5985558319593,73.61600280673832,73.63385690637479,73.65214299290975,73.67088592838417,73.6901105748391,73.70984179431552,73.73010444885448,73.75092340049696,73.772323511284,73.79432964325659,73.81696665845577,73.84025941892253,73.86423278669788,73.88891162382286,73.91432079233847,73.94048515428571,73.96742957170561,73.99517890663917,74.02375802112742,74.05319177721135,74.083505036932,74.11472266233037,74.14686951544746,74.1799704583243,74.21405035300191,74.24913406152127
71.56831369711315,71.58977531077659,71.6102084982933,71.62964009257209,71.64809692652182,71.66560583305133,71.68219364506942,71.69788719548492,71.71271331720669,71.72669884314354,71.73987060620433,71.75225543929784,71.76388017533293,71.77477164721844,71.7849566878632,71.79446213017602,71.80331480706573,71.81154155144117,71.81916919621119,71.82622457428457,71.83273451857019,71.83872586197688,71.84422543741346,71.84926007778873,71.85385661601154,71.85804188499074,71.86184271763514,71.86528594685359,71.8683984055549,71.87120692664791,71.87373834304145,71.87601948764436,71.87807719336544,71.87993829311355,71.88162961979751,71.88317800632618,71.88461028560832,71.88595329055283,71.88723385406851,71.8884788090642,71.8897149884487,71.8909692251309,71.89226835201958,71.89363920202359,71.89510860805177,71.8967034030129,71.8984504198159,71.90037649136951,71.90250845058264,71.90487313036405,71.90749736362261,71.91040798326716,71.9136318222065,71.91719571334946,71.92112648960492,71.92545098388163,71.9301960290885,71.93538845813433,71.94105510244631,71.94721561862193,71.95386587419495,71.96099681282055,71.96859937815404,71.97666451385061,71.9851831635655,71.99414627095393,72.00354477967119,72.01336963337246,72.02361177571302,72.0342621503481,72.04531170093293,72.05675137112271,72.06857210457275,72.08076484493824,72.09332053587443,72.10623012103653,72.11948454407982,72.13307474865954,72.14699167843085,72.16122627704908,72.17576948816941,72.19061225544712,72.2057455225374,72.2211602330955,72.2368473307767,72.25279775923619,72.26900246212921,72.28545238311102,72.30213846583683,72.31905165396188,72.33618289114145,72.35352312103072,72.37106328728498,72.38879433355942,72.40670720350928,72.42479284078985,72.44304218905631,72.46144619196392,72.47999579316792,72.49868193632352,72.517495565086,72.53642762311057,72.55546905405248,72.57461080156696,72.59384380930922,72.61315902093455,72.63254738009815,72.65199983045528,72.67150731566113,72.69106077937101,72.71065116524011,72.73026941692368,72.74990647807692,72.76955329235511,72.78920080341351,72.80883995490728,72.82846169049174,72.84805695382207,72.86761668855351,72.88713191250085,72.90659512171081,72.92600017416717,72.94534097870513,72.96461144416,72.98380547936699,73.00291699316136,73.02193989437839,73.0408680918533,73.05969549442136,73.0784160109178,73.09702355017791,73.11551202103692,73.13387533233009,73.15210739289267,73.17020211155992,73.18815339716707,73.20595515854939,73.22360130454214,73.24108574398053,73.25840238569987,73.27554513853539,73.29250791132233,73.30928461289596,73.32586915209154,73.34225543774431,73.3584373786895,73.37440888376238,73.39016386179824,73.40569622163227,73.42099987209977,73.43606872203597,73.45089668027612,73.46547765565549,73.47980555700931,73.49387429317287,73.50767777298137,73.5212099052701,73.53446459887431,73.54743576262925,73.56011730537017,73.57250313593232,73.58458716315096,73.59636329586132,73.6078254428987,73.61896751309828,73.6297834152954,73.64026705832526,73.6504123510231,73.66021320222421,73.66966352076383,73.67875721547719,73.68748819519959,73.69585036876623,73.70383764501241,73.71144393277334,73.7186631408843,73.72548917818054,73.73191595349732,73.73793737566987,73.74354735353344
71.61411834291341,71.6367282991937,71.6578569795429,71.67754466200613,71.69583162462847,71.71275814545503,71.72836450253091,71.74269097390119,71.75577783761098,71.7676653717054,71.77839385422952,71.78800356322846,71.7965347767473,71.80402777283113,71.81052282952508,71.81606022487425,71.8206802369237,71.82442314371856,71.82732922330395,71.82943875372492,71.8307920130266,71.83142927925407,71.83139083045243,71.83071694466678,71.82944789994225,71.82762397432391,71.82528544585684,71.82247259258618,71.81922569255703,71.81558502381445,71.81159086440356,71.80728349236945,71.80270318575724,71.797890222612,71.79288488097886,71.7877274389029,71.78245817442924,71.77711736560293,71.77174529046913,71.7663822270729,71.76106845345932,71.75584424767355,71.75074988776065,71.74582565176571,71.74111181773385,71.73664866371017,71.73247646773977,71.72863550786774,71.72516606213914,71.72210840859914,71.71950282529282,71.71738959026526,71.71580898156155,71.71480127722681,71.71440675530614,71.71466569384462,71.71561837088736,71.71730506447948,71.71976605024186,71.72302986446736,71.72708612020845,71.73191637415577,71.73750218299985,71.74382510343129,71.75086669214066,71.7586085058186,71.76703210115564,71.77611903484238,71.78585086356942,71.79620914402734,71.8071754329067,71.81873128689811,71.83085826269216,71.84353791697943,71.85675180645048,71.87048148779594,71.88470851770636,71.89941445287234,71.91458084998443,71.93018926573329,71.94622125680944,71.96265837990349,71.97948219170603,71.99667424890764,72.01421610819888,72.03208932627037,72.05027545981268,72.06875606551641,72.08751270007211,72.1065269201704,72.12578028250185,72.14525434375706,72.16493066062661,72.18479078980106,72.20481628797101,72.22498871182707,72.24528961805977,72.26570056335977,72.2862031044176,72.30677879792385,72.32740920056914,72.348075869044,72.36876036003905,72.38944423024488,72.41010903635207,72.43073633505118,72.45130768303285,72.47180463698761,72.49220875360608,72.5125015895788,72.5326647015964,72.55267964634946,72.57252798052856,72.5921912608243,72.61165104392721,72.63088888652793,72.64988634531703,72.6686249769851,72.6870863382227,72.70525275996722,72.72312200632764,72.74070606043013,72.75801743630542,72.77506864798438,72.79187220949781,72.8084406348765,72.82478643815126,72.84092213335295,72.8568602345123,72.87261325566017,72.88819371082737,72.90361411404469,72.91888697934293,72.93402482075292,72.9490401523055,72.9639454880314,72.97875334196151,72.9934762281266,73.00812666055747,73.02271715328494,73.03726022033983,73.05176837575293,73.06625413355506,73.08073000777703,73.09520851244967,73.10970216160378,73.12422346927012,73.13878494947956,73.15339911626289,73.16807848365092,73.18283556567444,73.19768287636425,73.21263292975122,73.22769823986614,73.24289132073979,73.25822468640298,73.27371085088653,73.28936232822126,73.30519163243797,73.32121127756749,73.33743377764058,73.35387164668809,73.37053739874084,73.38744354782959,73.40460260798518,73.42202709323841,73.43972951762011,73.4577223951611,73.47601823989213,73.49462956584405,73.51356888704767,73.53284871753381,73.55248157133325,73.57247996247678,73.59285640499529,73.61362341291952,73.63479350028028,73.65637918110842,73.67839296943474,73.70084737929004
74.15115121398084,74.04651536863189,73.94477099515714,73.84588315751861,73.74981691967828,73.65653734559815,73.56600949924022,73.47819844456647,73.3930692455389,73.31058696611952,73.23071667027028,73.15342342195324,73.07867228513034,73.00642832376359,72.93665660181499,72.86932218324654,72.80439013202022,72.74182551209803,72.68159338744196,72.62365882201402,72.56798687977619,72.51454262469046,72.46329112071885,72.41419743182333,72.36722662196588,72.32234375510853,72.27951389521327,72.23870210624207,72.19987345215694,72.16299299691987,72.12802580449286,72.0949369388379,72.063691463917,72.03425444369212,72.00659094212529,71.98066602317847,71.95644475081367,71.9338921889929,71.91297340167814,71.89365345283139,71.87589740641462,71.85967032638986,71.8449372767191,71.8316633213643,71.81981352428748,71.80935294945064,71.80024666081576,71.79245972234484,71.78595719799988,71.78070415174287,71.7766656475358,71.77380674934065,71.77209252111945,71.77148802683418,71.77195833044682,71.77346849591937,71.77598358721384,71.77946866829221,71.78388880360528,71.78921142473101,71.7954118117594,71.80246686927144,71.81035350184816,71.81904861407054,71.82852911051963,71.8387718957764,71.84975387442188,71.86145195103708,71.87384303020299,71.88690401650062,71.90061181451101,71.91494332881513,71.92987546399401,71.94538512462864,71.96144921530005,71.97804464058923,71.9951483050772,72.01273711334495,72.03078796997353,72.0492777795439,72.0681834466371,72.08748187583411,72.10714997171597,72.12716463886368,72.14750278185822,72.16814130528064,72.18905711371193,72.21022711173308,72.23162820392511,72.25323729486905,72.27503128914589,72.29698709133663,72.31908160602228,72.34129173778388,72.3635943912024,72.38596647085886,72.40838488133427,72.43082652720963,72.45326831306598,72.47568714348428,72.49805992304559,72.52036355633086,72.54257494792115,72.56467100239745,72.58662862434076,72.60842471833209,72.63003618895246,72.65143994078286,72.67261287840432,72.69353190639782,72.71417392934441,72.73451585182507,72.75453457842079,72.77420701371261,72.79351006228154,72.81242062870857,72.8309156175747,72.84897193346097,72.86656648094836,72.88367764928488,72.90031342179732,72.91650904767361,72.93230079414484,72.9477249284421,72.96281771779648,72.97761542943908,72.99215433060098,73.00647068851326,73.02060077040704,73.0345808435134,73.04844717506342,73.06223603228818,73.07598368241882,73.08972639268639,73.10350043032197,73.1173420625567,73.13128755662163,73.14537317974786,73.1596351991665,73.17410988210862,73.18883349580531,73.20384230748768,73.21917258438681,73.23486059373379,73.2509426027597,73.26745487869564,73.28443368877272,73.301915300222,73.31993598027461,73.33853199616159,73.35773961511407,73.37759510436314,73.39813473113986,73.41939476267535,73.44141146620069,73.46422110894697,73.4878599581453,73.51236428102673,73.53777034482239,73.56411441676336,73.59143276408072,73.61976165400559,73.64913735376902,73.67959613060212,73.711174251736,73.74390798440172,73.77783359583039,73.81298735325309,73.84940552390091,73.88712437500496,73.92618017379633,73.96660918750608,74.00844768336532,74.05173192860515,74.09649819045666,74.14278273615092,74.19062183291904,74.24005174799211,74.29110874860122,74.34382910197745
73.5521494534036,73.47587096547201,73.40184256527827,73.33003564044543,73.2604215785965,73.19297176735456,73.12765759434264,73.06445044718375,73.00332171350095,72.94424278091729,72.88718503705579,72.8321198695395,72.77901866599144,72.72785281403468,72.67859370129223,72.63121271538715,72.58568124394247,72.54197067458124,72.50005239492647,72.45989779260123,72.42147825522855,72.38476517043146,72.34972992583302,72.31634390905624,72.28457850772418,72.25440510945987,72.22579510188636,72.19871987262667,72.17315080930386,72.14905929954097,72.12641673096101,72.10519449118705,72.08536396784211,72.06689654854924,72.04976362093147,72.03393657261185,72.0193867912134,72.0060856643592,71.99400457967225,71.9831149247756,71.97338808729229,71.96479545484536,71.95730841505785,71.9508983555528,71.94553666395323,71.9411947278822,71.93784393496276,71.93545567281792,71.93400132907075,71.93345229134427,71.93377994726151,71.93495568444553,71.93695089051934,71.93973695310602,71.94328525982858,71.94756719831007,71.95255415617353,71.95821752104199,71.96452868104608,71.97146148233973,71.97899792096693,71.98712167984206,71.99581644187951,72.00506588999367,72.01485370709894,72.0251635761097,72.03597917994038,72.04728420150533,72.05906232371898,72.0712972294957,72.08397260174989,72.09707212339595,72.11057947734825,72.12447834652122,72.13875241382924,72.15338536218668,72.16836087450797,72.18366263370748,72.19927432269961,72.21517962439876,72.23136222171932,72.24780579757568,72.26449403488223,72.28141061655337,72.29853922550352,72.31586354464702,72.3333672568983,72.35103404517174,72.36884759238174,72.3867915814427,72.404849695269,72.42300561677504,72.4412430288752,72.45954561448391,72.47789705651554,72.49628103788447,72.51468124150513,72.53308135029188,72.55146504715913,72.56981601502126,72.58811793679268,72.60635449538778,72.62450937372095,72.6425662547066,72.66050882125909,72.67832075629283,72.69598574272223,72.71348746346166,72.73080960142553,72.74793583952822,72.76484986068414,72.78153534780768,72.79797598381322,72.81415545161516,72.83005743412791,72.84566561426584,72.86096367494335,72.87593529907484,72.89056416957472,72.90483492744877,72.9187513114763,72.93233465575481,72.94560695134972,72.9585901893264,72.97130636075026,72.98377745668668,72.99602546820105,73.00807238635876,73.0199402022252,73.03165090686576,73.04322649134583,73.0546889467308,73.06606026408606,73.077362434477,73.088617448969,73.09984729862747,73.11107397451778,73.12231946770532,73.13360576925551,73.1449548702337,73.15638876170532,73.16792943473571,73.17959888039032,73.19141908973448,73.20341205383362,73.21559976375312,73.22800421055835,73.24064738531473,73.25355127908763,73.26673788294245,73.28022918794458,73.29404718515941,73.30821386565232,73.32275122048871,73.33768124073396,73.35302591745346,73.36880724171262,73.38504720457681,73.40176779711142,73.41899101038184,73.43673883545348,73.45503326339171,73.47389628526193,73.49334989212952,73.51341607505987,73.53411682511837,73.55547413337042,73.57750999088141,73.60024638871671,73.62370531794173,73.64790876962185,73.67287873482248,73.69863720460897,73.72520617004675,73.75260762220118,73.78086355213766,73.80999595092159,73.84002680961835,73.87097811929334,73.90287187101194
73.31973043548095,73.26178779206697,73.20496932340532,73.14927531700837,73.09470606038849,73.04126184105806,72.98894294652948,72.9377496643151,72.88768228192731,72.83874108687849,72.79092636668099,72.74423840884722,72.69867750088954,72.65424393032032,72.61093798465197,72.56875995139683,72.52771011806729,72.48778877217572,72.44899620123454,72.41133269275605,72.3747985342527,72.33939401323681,72.30511941722082,72.27197503371704,72.23996115023789,72.20907805429573,72.17932603340293,72.15070537507191,72.12321636681497,72.09685929614457,72.07163445057304,72.04754211761275,72.02458258477611,72.00275613957547,71.98206306952324,71.96250366213175,71.94407820491338,71.92678698538057,71.91063029104563,71.89560840942096,71.88172162801897,71.86897023435196,71.85735451593237,71.84687476027256,71.83753125488491,71.82932428728179,71.82225414497557,71.81632111547867,71.8115254863034,71.80786754496219,71.80534757896737,71.80396587583138,71.80372272306656,71.80461840818526,71.80665321869989,71.80982744212284,71.81414136596646,71.81959527774313,71.82618946340881,71.83391667173811,71.84274466101914,71.85263601699012,71.8635533253892,71.87545917195462,71.88831614242457,71.9020868225372,71.91673379803078,71.93221965464346,71.94850697811344,71.96555835417894,71.98333636857814,72.00180360704923,72.0209226553304,72.04065609915986,72.06096652427584,72.08181651641647,72.10316866132001,72.12498554472461,72.14722975236847,72.16986386998983,72.19285048332682,72.21615217811771,72.23973154010065,72.26355115501383,72.2875736085955,72.31176148658378,72.33607737471692,72.36048385873309,72.38494352437053,72.4094189573674,72.43387274346188,72.4582674683922,72.48256571789656,72.50673007771312,72.53072313358012,72.55450747123572,72.57804567641813,72.60130033486556,72.6242340323162,72.64680935450824,72.66898888717986,72.6907352160693,72.71201092691473,72.73277860545434,72.75300083742633,72.7726402085689,72.79165930462025,72.8100207113186,72.8276870144021,72.84462079960898,72.86078465267741,72.8761411593456,72.89065290535177,72.90428247643408,72.91699245833072,72.92874543677993,72.93950399751989,72.94923072628879,72.95788820882481,72.96544220866139,72.97192183277681,72.97741454825538,72.98201000121051,72.9857978377556,72.98886770400412,72.99130924606948,72.99321211006512,72.99466594210446,72.99576038830094,72.996585094768,72.99722970761903,72.99778387296749,72.9983372369268,72.99897944561042,72.99980014513173,73.00088898160419,73.00233560114125,73.00422964985628,73.00666077386279,73.00971861927414,73.01349283220378,73.01807305876517,73.0235489450717,73.03001013723681,73.03754628137395,73.04624702359655,73.05620201001801,73.06750088675179,73.0802332999113,73.09448889560997,73.11035731996125,73.12792821907854,73.14729123907532,73.16853602606497,73.19175222616093,73.21702948547667,73.24445745012557,73.27412576622106,73.30612407987661,73.34054203720564,73.37746928432156,73.41699546733781,73.45921023236784,73.50420322552503,73.55206409292285,73.60288248067471,73.65674803489406,73.71375040169434,73.77397922718893,73.83752415749132,73.90447483871489,73.9749209169731,74.04895203837938,74.12665784904715,74.20812799508982,74.29345212262086,74.38271987775369,74.47602090660172,74.57344485527838,74.67508136989713
73.69742296477875,73.60939807589882,73.52399549347581,73.44117859371624,73.36091075282673,73.28315534701377,73.20787575248399,73.13503534544392,73.06459750210013,72.99652559865919,72.93078301132765,72.8673331163121,72.80613928981907,72.74716490805515,72.6903733472269,72.63572798354086,72.58319219320363,72.53272935242175,72.4843028374018,72.43787602435033,72.39341228947391,72.3508750089791,72.31022755907247,72.27143331596059,72.23445565585,72.19925795494729,72.165803589459,72.13405593559172,72.103978369552,72.07553426754639,72.04868700578147,72.02339996046382,71.99963650779996,71.97736002399651,71.95653388525999,71.93712146779697,71.91908614781403,71.90239130151772,71.88700030511463,71.87287653481128,71.85998336681428,71.84828417733016,71.83774234256549,71.82832123872684,71.81998424202078,71.81269472865387,71.80641607483267,71.80111165676374,71.79674485065365,71.79327903270897,71.79067757913624,71.78890386614206,71.78792126993298,71.78769316671554,71.78818293269633,71.78935394408191,71.79116957707885,71.7935932078937,71.79658821394875,71.80012386000584,71.80418893105224,71.80877625238632,71.81387864930646,71.81948894711104,71.82559997109846,71.83220454656707,71.83929549881529,71.84686565314146,71.85490783484401,71.86341486922129,71.87237958157169,71.88179479719359,71.89165334138539,71.90194803944544,71.91267171667216,71.9238171983639,71.93537730981906,71.94734487633602,71.95971272321314,71.97247367574884,71.98562055924148,71.99914619898945,72.01304342029114,72.0273050484449,72.04192390874914,72.05689282650225,72.07220462700258,72.08785213554854,72.1038281774385,72.12012557797085,72.13673716244396,72.15365575615623,72.17087418440603,72.18838527249174,72.20618184571175,72.22425672936444,72.2426027487482,72.26121272916139,72.28007949590241,72.29919587426964,72.31855468956147,72.33814876707626,72.35797093211242,72.37801400996831,72.39827082594232,72.41873420533284,72.43939697343824,72.4602519555569,72.48129197698722,72.50250986302757,72.52389843897633,72.5454505301319,72.56715896179264,72.58901655925693,72.61101614782318,72.63315055278976,72.65541259945505,72.67779511311741,72.70029091907526,72.72289263728163,72.74558879451193,72.76836414638126,72.79120330769848,72.81409089327245,72.83701151791206,72.85994979642614,72.88289034362356,72.90581777431319,72.92871670330389,72.95157174540451,72.97436751542392,72.99708862817099,73.01971969845457,73.04224534108351,73.0646501708667,73.08691880261297,73.10903585113122,73.13098593123027,73.15275365771902,73.1743236454063,73.19568050910098,73.21680886361194,73.23769332374802,73.25831850431808,73.278669020131,73.29872948599564,73.31848451672084,73.3379187271155,73.35701673198842,73.37576314614851,73.39414258440463,73.41213966156563,73.42973899244036,73.4469251918377,73.46368287456652,73.47999665543566,73.49585114925398,73.51123097083035,73.52612073497363,73.54050505649269,73.55436855019639,73.56769583089358,73.58047151339312,73.5926802125039,73.60430654303474,73.61533511979454,73.62575055759213,73.63553747123639,73.64468047553618,73.65316418530035,73.66097321533778,73.66809218045731,73.67450569546781,73.68019837517816,73.68515483439721,73.6893596879338,73.69279755059682,73.69545303719512,73.69731076253757,73.698355341433
73.33115281232227,73.27680089445509,73.22353887817722,73.17136415897417,73.1202741323314,73.07026619373441,73.0213377386687,72.97348616261975,72.92670886107304,72.88100322951405,72.8363666634283,72.79279655830123,72.75029030961838,72.7088453128652,72.66845896352717,72.62912865708982,72.59085178903861,72.55362575485903,72.51744795003655,72.4823157700567,72.44822661040494,72.41517786656676,72.38316693402764,72.3521912082731,72.32224808478858,72.29333495905959,72.26544922657163,72.23858828281018,72.21274952326071,72.18793034340874,72.16412813873973,72.14134030473917,72.11956423689256,72.09879733068537,72.07903698160311,72.06028058513127,72.04252553675529,72.02576923196072,72.01000906623301,71.99524243505765,71.98146673392014,71.96867935830596,71.9568777037006,71.94605916558955,71.9362211394583,71.92736102079232,71.9194762050771,71.91256408779816,71.90662206444094,71.90164753049096,71.89763788143371,71.89459051275466,71.8925028199393,71.89137219847312,71.89119604384162,71.89197175153026,71.89369671702457,71.89636833581,71.89998400236102,71.90453621523145,71.9100012399252,71.91635198201718,71.92356134708233,71.93160224069557,71.94044756843181,71.950070235866,71.96044314857303,71.97153921212784,71.98333133210535,71.99579241408048,72.00889536362814,72.02261308632329,72.0369184877408,72.05178447345564,72.06718394904269,72.0830898200769,72.0994749921332,72.11631237078647,72.13357486161168,72.15123537018371,72.16926680207752,72.18764206286801,72.2063340581301,72.22531569343872,72.24455987436879,72.26403950649524,72.28372749539298,72.30359674663694,72.32362016580203,72.34377065846319,72.36402113019533,72.38434448657337,72.40471363317224,72.42510147556686,72.44548091933216,72.46582487004304,72.48610623327443,72.50629791460126,72.52637281959846,72.54630385384094,72.56606392290362,72.58562593236142,72.60496278778928,72.6240473947621,72.6428526588548,72.66135148564233,72.6795167806996,72.69732144960152,72.71473839792301,72.73174053123901,72.74830075512443,72.7643919751542,72.77998709690324,72.79505902594646,72.8095806678588,72.82352492821516,72.8368647125905,72.8495729265597,72.8616224756977,72.87298823899535,72.88368443182459,72.89376151127692,72.90327128762445,72.91226557113929,72.92079617209355,72.92891490075935,72.93667356740883,72.94412398231407,72.9513179557472,72.95830729798033,72.96514381928557,72.97187932993506,72.97856564020088,72.98525456035519,72.99199790067006,72.99884747141762,73.00585508286999,73.01307254529928,73.0205516689776,73.02834426417708,73.03650214116983,73.04507711022796,73.05412098162358,73.06368556562882,73.07382267251579,73.08458411255658,73.09602169602336,73.10818723318819,73.1211325343232,73.13490940970053,73.14956966959225,73.16516512427053,73.18174758400744,73.19936885907512,73.21808075974566,73.2379350962912,73.25898367898385,73.28127831809572,73.30487082389891,73.32981300666556,73.35615667666778,73.38395364417767,73.41325571946736,73.44411471280895,73.47658243447458,73.51071069473635,73.54655130386637,73.58415607213675,73.62357680981962,73.6648653271871,73.70807343451128,73.7532529420643,73.80045566011826,73.84973339894528,73.90113796881747,73.95472118000694,74.01053484278583,74.06863076742623,74.12906076420026,74.19187664338004
72.86911528876766,72.82654709585697,72.78491863133712,72.74422526747324,72.70446237653056,72.6656253307742,72.62770950246937,72.59071026388122,72.55462298727493,72.51944304491568,72.4851658090686,72.45178665199893,72.41930094597178,72.38770406325236,72.35699137610584,72.32715825679736,72.29820007759213,72.2701122107553,72.24289002855204,72.21652890324754,72.19102420710695,72.16637131239546,72.14256559137823,72.11960241632045,72.09747715948725,72.07618519314384,72.05572188955539,72.03608262098706,72.01726275970402,71.99925767797146,71.98206274805452,71.9656733422184,71.95008483272827,71.93529259184928,71.92129199184663,71.90807840498546,71.89564720353097,71.88399375974832,71.87311344590269,71.86300163425923,71.85365369708315,71.84506500663957,71.83723093519372,71.83014685501072,71.82380813835579,71.81821015749405,71.8133482846907,71.80921789221092,71.80581435231987,71.80313303728272,71.80116931936465,71.79991857083083,71.79937616394642,71.7995374709766,71.80039786418655,71.80195271584142,71.80419739820641,71.80712728354668,71.81073774378154,71.8150224760503,71.8199696245452,71.82556618410531,71.83179914956972,71.83865551577748,71.84612227756767,71.85418642977939,71.86283496725167,71.8720548848236,71.88183317733424,71.8921568396227,71.90301286652802,71.91438825288927,71.92626999354553,71.93864508333587,71.95150051709936,71.96482328967508,71.9786003959021,71.99281883061948,72.00746558866632,72.02252766488165,72.03799205410458,72.05384575117415,72.07007575092948,72.08666904820959,72.10361263785356,72.12089351470048,72.13849867358942,72.15641510935946,72.17462981684966,72.19312979089906,72.21190202634679,72.2309335180319,72.25021126079346,72.26972224947053,72.28945347890217,72.30939194392751,72.32952463938557,72.34983856011544,72.3703207009562,72.39095805674688,72.41173762232661,72.43264639253442,72.4536713622094,72.47479952619064,72.49601787931718,72.5173134164281,72.53867313236245,72.56008402195936,72.58153308005785,72.60300730149702,72.62449368111592,72.64597921375366,72.66745089424927,72.68889571744182,72.71030067817043,72.73165277127413,72.752938991592,72.77414633396313,72.79526179322656,72.81627249781098,72.83716823900542,72.85794126146747,72.8785839014577,72.8990884952367,72.91944737906506,72.93965288920336,72.95969736191216,72.9795731334521,72.99927254008372,73.01878791806763,73.03811160366439,73.05723593313459,73.07615324273885,73.09485586873771,73.11333614739178,73.13158641496165,73.14959900770788,73.16736626189106,73.18488051377179,73.20213409961065,73.21911935566823,73.2358286182051,73.25225422348186,73.26838850775908,73.28422380729737,73.29975245835729,73.31496679719942,73.32985916008437,73.34442188327272,73.35864730302504,73.37252775560192,73.38605557726396,73.39922310427171,73.4120226728858,73.42444661936679,73.43648727997525,73.44813699097179,73.459388088617,73.47023290917144,73.48066378889571,73.4906730640504,73.50025307089608,73.50939614569334,73.51809462470277,73.52634084418496,73.53412714040047,73.54144584960991,73.54828930807388,73.55464985205292,73.56051981780763,73.56589154159862,73.57075735968644,73.5751096083317,73.57894062379498,73.58224274233686,73.58500830021794,73.58722963369877,73.58889907903996,73.59000897250209,73.59055165034576
73.34632309982186,73.25185237605254,73.16067558952324,73.07274072715057,72.98799577585118,72.90638872254169,72.82786755413872,72.75238025755891,72.67987481971886,72.61029922753525,72.54360146792465,72.4797295278037,72.41863139408906,72.36025505369733,72.30454849354513,72.25145970054908,72.20093666162583,72.15292736369202,72.10737979366422,72.06424193845913,72.02346178499332,71.98498732018342,71.94876653094607,71.91474740419793,71.88287792685557,71.85310608583563,71.82537986805477,71.79964726042957,71.77585624987668,71.75395482331274,71.73389096765436,71.71561266981817,71.6990679167208,71.68420469527885,71.67097099240897,71.6593147950278,71.64918409005196,71.64052686439805,71.63329110498273,71.62742479872259,71.6228759325343,71.61959249333444,71.61752246803968,71.61661384356663,71.6168146068319,71.61807274475211,71.62033624424393,71.62355309222397,71.62767127560883,71.63263878131517,71.6384035962596,71.64491370735874,71.65211710152923,71.65996176568771,71.66839568675076,71.67736685163504,71.6868232472572,71.69671286053381,71.70698368023639,71.71759267748791,71.728526605544,71.73977838198871,71.75134092440612,71.76320715038031,71.77536997749536,71.78782232333535,71.80055710548436,71.81356724152647,71.82684564904577,71.8403852456263,71.85417894885217,71.86821967630743,71.8825003455762,71.89701387424253,71.91175317989052,71.9267111801042,71.94188079246771,71.9572549345651,71.97282652398044,71.98858847829783,72.00453371510133,72.02065515197503,72.03694570650299,72.05339829626931,72.07000583885807,72.08676125185332,72.10365745283917,72.12068735939968,72.13784388911893,72.15511995958099,72.17250848836997,72.1900023930699,72.20759459126492,72.22527800053908,72.24304553847642,72.26089012266107,72.27880467067709,72.29678210010857,72.31481532853957,72.33289727355415,72.35102085273644,72.36917898367048,72.38736458394038,72.4055705711302,72.42378986282401,72.4420153766059,72.46024003005991,72.47845674077018,72.49665842632078,72.51483800429574,72.53298839227918,72.55110250785518,72.56917326860778,72.58719359212111,72.60515639597921,72.62305459776616,72.64088111506607,72.65862886546299,72.676290766541,72.69386022897288,72.7113404922392,72.72874385137877,72.74608293954367,72.76337038988603,72.78061883555793,72.79784090971148,72.81504924549878,72.83225647607193,72.84947523458302,72.86671815418416,72.88399786802745,72.90132700926497,72.91871821104885,72.93618410653119,72.95373732886407,72.97139051119959,72.98915628668985,73.00704728848697,73.02507614974303,73.04325550361014,73.06159798324038,73.08011622178589,73.09882285239871,73.117730508231,73.13685182243483,73.15619942816232,73.17578595856554,73.19562404679661,73.21572632600763,73.23610542935066,73.25677398997786,73.27774464104132,73.29903001569309,73.32064274708534,73.34259546837012,73.36490081269955,73.38757141322569,73.41061990310072,73.43405891547667,73.45790108350565,73.48215904033981,73.5068454191312,73.5319728530319,73.55755397519408,73.5836014187698,73.61012781691116,73.63714580277025,73.6646680094992,73.69270707025007,73.72127561817501,73.75038628642608,73.78005170815538,73.81028451651503,73.84109734465713,73.87250282573376,73.90451359289705,73.93714227929905,73.97040151809193,74.00430394242773,74.03886218545858
72.60374784669979,72.60405109262801,72.6028115525876,72.60008293474405,72.59591894726287,72.59037329830956,72.5834996960496,72.57535184864848,72.56598346427172,72.5554482510848,72.54379991725322,72.53109217094247,72.51737872031806,72.50271327354547,72.4871495387902,72.47074122421775,72.45354203799361,72.43560568828329,72.41698588325227,72.39773633106604,72.37791073989011,72.35756281788997,72.33674627323113,72.31551481407905,72.29392214859926,72.27202198495725,72.24986803131851,72.22751399584853,72.20501358671281,72.18242051207686,72.15978848010614,72.13717119896619,72.11462237682247,72.0921957218405,72.06994494218576,72.04792374602374,72.02618584151996,72.0047849368399,71.98377474014906,71.96320895961293,71.94314130339701,71.9236254796668,71.90471519658779,71.88646416232547,71.86892608504535,71.8521546729129,71.83620363409365,71.82112667675308,71.80697750905668,71.79380983916995,71.7816773752584,71.7706338254875,71.76073289802275,71.75202830102967,71.74457374267372,71.73842293112043,71.73362957453527,71.73024738108376,71.72833005502473,71.72791238225521,71.72896642242962,71.73145125207688,71.73532594772593,71.74054958590567,71.74708124314506,71.75487999597301,71.76390492091848,71.77411509451035,71.7854695932776,71.79792749374914,71.8114478724539,71.8259898059208,71.84151237067879,71.85797464325678,71.87533570018373,71.89355461798854,71.91259047320015,71.9324023423475,71.9529493019595,71.97419042856511,71.99608479869323,72.01859148887281,72.04166957563277,72.06527813550204,72.08937624500956,72.11392298068425,72.13887741905505,72.16419863665088,72.18984571000067,72.21577771563337,72.24195373007787,72.26833282986314,72.2948740915181,72.32153659157166,72.34827940655278,72.37506161299036,72.40184228741337,72.4285805063507,72.4552353463313,72.4817658838841,72.50813119553803,72.534290357822,72.56020244726497,72.58582654039586,72.6111217137436,72.63604704383711,72.66056160720534,72.6846244803772,72.70819473988162,72.73123146224755,72.75369372400391,72.77554060167964,72.79673117180364,72.81722451090486,72.83697969551224,72.8559558021547,72.87411190736117,72.89140708766058,72.90780041958186,72.92325324014587,72.93777194508158,72.95140444397909,72.96420019645848,72.97620866213984,72.98747930064326,72.99806157158885,73.00800493459668,73.01735884928685,73.02617277527945,73.03449617219457,73.04237849965229,73.04986921727271,73.05701778467593,73.06387366148205,73.07048630731113,73.07690518178326,73.08317974451857,73.08935945513711,73.09549377325901,73.10163215850433,73.10782407049317,73.11411896884562,73.12056631318175,73.12721556312171,73.13411617828554,73.14131761829334,73.14886934276521,73.15682081132124,73.16522148358152,73.17412081916612,73.18356827769517,73.19361331878874,73.20430540206691,73.21569398714979,73.22782853365747,73.24075850121002,73.25453334942756,73.26920253793017,73.28481552633792,73.30142177427093,73.31907074134928,73.33781188719306,73.35769467142237,73.37876855365728,73.40108299351789,73.4246874506243,73.4496313845966,73.47596425505488,73.5037355216192,73.5329946439097,73.56379108154646,73.59617429414955,73.63019374133907,73.6658988827351,73.70333917795777,73.74256408662713,73.78362306836328,73.82656558278632,73.87144108951634,73.91829904817342
73.40038412575824,73.33553766889752,73.27238385613506,73.21090510782327,73.15108384431444,73.09290248596096,73.0363434531152,72.98138916612945,72.9280220453561,72.87622451114751,72.82597898385602,72.77726788383397,72.73007363143373,72.68437864700763,72.64016535090805,72.59741616348732,72.55611350509781,72.51623979609185,72.4777774568218,72.44070890764002,72.40501656889884,72.37068286095064,72.33769020414776,72.30602101884254,72.27565772538735,72.24658274413453,72.21877849543642,72.1922273996454,72.16691187711382,72.142814348194,72.11991723323831,72.09820295259911,72.07765392662874,72.05825257567956,72.0399813201039,72.02282258025416,72.00675877648263,71.99177232914171,71.97784565858373,71.96496118516103,71.95310132922599,71.94224851113094,71.93238515122825,71.92349366987025,71.91555648740932,71.90855602419778,71.902474700588,71.89729493693233,71.8929991535831,71.8895697708927,71.88698920921345,71.88523988889773,71.88430423029787,71.88416465376622,71.88480357965514,71.88620342831699,71.8883466201041,71.89121557536883,71.89479271454036,71.89906082998773,71.90400394729437,71.90960634729528,71.91585231082549,71.92272611872,71.93021205181385,71.93829439094205,71.94695741693963,71.95618541064158,71.96596265288295,71.97627342449874,71.987102006324,71.99843267919371,72.01024972394292,72.02253742140664,72.03528005241988,72.04846189781767,72.06206723843503,72.07608035510698,72.09048552866854,72.10526703995473,72.12040916980055,72.13589619904104,72.15171240851123,72.16784207904612,72.18426949148073,72.2009789266501,72.21795466538923,72.23518098853313,72.25264217691685,72.27032251137538,72.28820627274376,72.30627774185702,72.32452119955015,72.34292092665818,72.36146120401614,72.38012631245903,72.3989005328219,72.41776814593973,72.43671343264758,72.45572067378045,72.47477415017335,72.49385814266132,72.51295693207936,72.53205479926251,72.55113602504578,72.57018489026419,72.58918567575276,72.6081226623465,72.62698013088044,72.64574236218961,72.664393637109,72.68291823647367,72.7013004411186,72.71952453187883,72.73757478958939,72.75543549508528,72.77309092920152,72.79052537277313,72.80772310663515,72.82466925849815,72.84136583696412,72.85783040347737,72.8740811001888,72.89013606924928,72.9060134528097,72.92173139302093,72.93730803203388,72.95276151199941,72.96810997506842,72.98337156339177,72.99856441912037,73.0137066844051,73.02881650139683,73.04391201224645,73.05901135910486,73.07413268412292,73.08929412945152,73.10451383724156,73.1198099496439,73.13520060880943,73.15070395688903,73.16633813603362,73.18212128839404,73.19807155612119,73.21420708136596,73.23054600627923,73.24710647301188,73.26390662371479,73.28096460053885,73.29829854563495,73.31592660115396,73.33386690924678,73.35213761206428,73.37075685175735,73.38974277047687,73.40911351037373,73.4288872135988,73.44908202230299,73.46971607863716,73.4908075247522,73.512374502799,73.53443515492845,73.5570076232914,73.58011005003877,73.60376057732142,73.62797734729027,73.65277850209615,73.67818218389,73.70420653482266,73.73086969704504,73.75818981270801,73.78618502396245,73.81487347295926,73.84427330184931,73.8744026527835,73.9052796679127,73.9369224893878,73.96934925935967,74.00257811997922,74.03662721339731
73.93842141060937,73.81480436145576,73.69565710477488,73.58090072153136,73.47045629268982,73.36424489921484,73.26218762207108,73.16420554222312,73.0702197406356,72.98015129827309,72.89392129610026,72.81145081508168,72.73266093618201,72.65747274036583,72.58580730859777,72.51758572184244,72.45272906106445,72.3911584072284,72.33279484129895,72.27755944424068,72.22537329701822,72.17615748059617,72.12983307593916,72.08632116401178,72.04554282577868,72.00741914220444,71.97187119425371,71.93882006289107,71.90818682908116,71.87989257378858,71.85385837797796,71.83000532261389,71.808254488661,71.78852695708392,71.77074380884724,71.75482612491558,71.74069498625357,71.7282714738258,71.7174766685969,71.70823165153149,71.70045750359418,71.69407530574958,71.6890061389623,71.68517108419695,71.68249122241818,71.68088763459056,71.68028140167874,71.68059360464731,71.6817453244609,71.68365764208411,71.6862516384816,71.68944839461791,71.6931689914577,71.6973345099656,71.70186603110618,71.70668463584408,71.71171140514392,71.71686741997031,71.72207376506607,71.72726982156556,71.73245563462393,71.73764380568163,71.742846936179,71.74807762755648,71.75334848125445,71.7586720987133,71.76406108137346,71.76952803067527,71.77508554805917,71.78074623496555,71.78652269283478,71.7924275231073,71.79847332722348,71.8046727066237,71.81103826274841,71.81758259703795,71.82431831093277,71.83125800587321,71.8384142832997,71.84579974465264,71.8534269913724,71.86130862489942,71.86945724667406,71.87788545813672,71.88660586072783,71.89563105588775,71.90497364505687,71.91464622967563,71.92466141118439,71.93503179102356,71.94576997063353,71.95688855145471,71.96840013492749,71.98031732249225,71.99265271558943,72.00541891565939,72.01862852414253,72.03229414247926,72.04642837210996,72.06104381447503,72.07615307101489,72.09176874316991,72.1079034323805,72.12456974008705,72.14178026772996,72.15954761674962,72.17788438858645,72.19680318468082,72.21631660647314,72.23643725540381,72.2571777329132,72.27855064044175,72.30056857942981,72.32324415131782,72.34658995754614,72.3706185995552,72.39534267878538,72.42077479667708,72.44692755467068,72.4738119256702,72.50140642073127,72.52965964289127,72.55851907849251,72.58793221387722,72.61784653538774,72.64820952936631,72.67896868215522,72.71007148009676,72.74146540953322,72.77309795680685,72.80491660825996,72.83686885023482,72.86890216907372,72.90096405111895,72.93300198271275,72.96496345019744,72.9967959399153,73.02844693820859,73.05986393141961,73.09099440589063,73.12178584796393,73.15218574398182,73.18214158028654,73.2116008432204,73.24051101912568,73.26881959434463,73.29647405521958,73.32342188809278,73.3496105793065,73.37498761520305,73.39950048212472,73.42309666641376,73.44572365441246,73.46732893246312,73.487859986908,73.5072643040894,73.52548937034958,73.54248267203083,73.55819169547544,73.57256392702568,73.58554685302384,73.5970879598122,73.60713473373303,73.61563466112864,73.62253522834129,73.62778392171326,73.63132822758683,73.6331156323043,73.63309362220792,73.63120968364001,73.62741130294283,73.62164596645866,73.61386116052978,73.60400437149849,73.59202308570705,73.57786478949775,73.56147696921288,73.5428071111947,73.52180270178552,73.4984112273276
74.904384303815,74.76590369945293,74.63149495923065,74.50110118622356,74.37466548350721,74.25213095415708,74.13344070124862,74.0185378278573,73.90736543705864,73.79986663192813,73.69598451554123,73.59566219097343,73.49884276130018,73.40546932959703,73.31548499893941,73.22883287240282,73.14545605306277,73.0652976439947,72.9883007482741,72.91440846897645,72.84356390917726,72.77571017195201,72.71079036037615,72.64874757752519,72.58952492647461,72.53306551029989,72.47931243207653,72.42820879487996,72.37969770178573,72.33372225586928,72.29022556020611,72.2491507178717,72.21044083194151,72.17403900549107,72.13988834159582,72.10793194333128,72.0781129137729,72.05037435599618,72.02465937307662,72.00091106808965,71.97907254411079,71.95908690421552,71.94089725147933,71.9244466889777,71.9096783197861,71.89653524698002,71.88496057363494,71.87489740282635,71.86628883762972,71.85907798112056,71.85320793637433,71.84862180646653,71.84526269447261,71.8430737034681,71.84199793652843,71.84197849672913,71.84295848714565,71.8448810108535,71.84768917245091,71.85133345069696,71.85578877432181,71.86103513272931,71.86705251532331,71.87382091150764,71.88132031068612,71.88953070226262,71.89843207564094,71.90800442022496,71.91822772541846,71.92908198062531,71.94054717524935,71.9526032986944,71.96523034036431,71.97840828966292,71.99211713599405,72.00633686876154,72.02104747736924,72.03622895122098,72.05186127972058,72.06792445227188,72.08439845827874,72.10126328714499,72.11849892827446,72.13608537107098,72.15400260493838,72.17223061928053,72.19074940350124,72.20953894700433,72.22857923919369,72.24785026947312,72.26733202724644,72.28700450191751,72.30684768289018,72.32684155956825,72.3469661213556,72.36720135765603,72.38752725787339,72.40792381141152,72.42837100767424,72.44884883606541,72.46933728598884,72.4898163468484,72.51026600804789,72.53066625899119,72.55099708908209,72.57123848772444,72.5913704443221,72.61137294827888,72.63122598899862,72.65090955588518,72.67040363834239,72.68968822577405,72.70874330758402,72.72754887317616,72.74608491195427,72.76433141332221,72.7822683666838,72.79987576144286,72.81713358700328,72.8340231851226,72.85055285421824,72.86675572864011,72.88266587005349,72.89831734012365,72.9137442005159,72.92898051289544,72.94406033892759,72.95901774027757,72.97388677861073,72.98870151559225,73.00349601288747,73.0183043321616,73.03316053507997,73.04809868330783,73.06315283851042,73.07835706235305,73.09374541650097,73.10935196261947,73.12521076237378,73.1413558774292,73.15782136945099,73.17464130010441,73.19184973105476,73.20948072396729,73.22756834050728,73.24614664234,73.26524969113069,73.28491154854464,73.30516627624715,73.32604793590346,73.34759058917882,73.36982829773856,73.39279512324788,73.4165251273721,73.44105237177646,73.46641091812626,73.49263482808675,73.51975816332322,73.5478149855009,73.57683935628509,73.60686533734105,73.63792699033405,73.67005837692938,73.70329355879227,73.73766659758803,73.77321155498191,73.80996249263919,73.84795347222513,73.88721855540501,73.92779180384409,73.96970727920765,74.01299904316093,74.05770115736925,74.10384768349783,74.15147268321198,74.20061021817696,74.25129435005803,74.30355914052046,74.35743865122953,74.4129669438505
74.10622906564022,74.0117498650986,73.92006068565894,73.83112601929984,73.74491035799994,73.6613781937378,73.58049401849203,73.50222232424125,73.42652760296404,73.35337434663901,73.28272704724476,73.21455019675989,73.148808287163,73.0854658104327,73.02448725854757,72.96583712348622,72.90947989722727,72.8553800717493,72.80350213903091,72.75381059105071,72.7062699197873,72.66084461721928,72.61749917532525,72.5761980860838,72.53690584147355,72.4995869334731,72.46420585406102,72.43072709521596,72.39911514891648,72.3693345071412,72.34134966186872,72.31512510507763,72.29062532874653,72.26781482485404,72.24665808537875,72.22711960229927,72.20916386759417,72.1927553732421,72.17785861122161,72.16443807351133,72.15245825208986,72.1418836389358,72.13267872602773,72.12480800534429,72.11823596886404,72.11292710856561,72.1088459164276,72.10595688442858,72.10422450454719,72.103613268762,72.10408766905164,72.10561219739468,72.10815134576974,72.11166960615542,72.1161314705303,72.12150143087302,72.12774397916215,72.1348236073763,72.14270480811092,72.1513550611021,72.16075175033188,72.17087430977074,72.1817021733891,72.1932147751574,72.20539154904608,72.21821192902557,72.23165534906633,72.24570124313878,72.26032904521337,72.27551818926054,72.29124810925072,72.30749823915434,72.32424801294188,72.34147686458374,72.35916422805037,72.37728953731222,72.39583222633972,72.41477172910331,72.43408747957344,72.45375891172051,72.47376545951501,72.49408655692736,72.514701637928,72.53559013648736,72.55673148657588,72.57810512216402,72.5996904772222,72.62146698572086,72.64341408163044,72.66551119892138,72.68773777156413,72.71007323352913,72.7324970187868,72.75498856130758,72.77752729506194,72.80009265402029,72.82266407215309,72.84522098343075,72.86774282182374,72.89020902130247,72.91259901583742,72.93489223939898,72.95706812595762,72.97910610948378,73.0009856239479,73.0226861033204,73.04418698157173,73.06546769267234,73.08650767059265,73.10728634930312,73.12778316277418,73.14797754497626,73.16784892987981,73.18737675145528,73.20654044367308,73.22531944050367,73.24369317591749,73.26164108388497,73.27914259837655,73.2961779458353,73.31274314917421,73.32884878504039,73.34450597348321,73.359725834552,73.3745194882961,73.38889805476488,73.40287265400768,73.41645440607385,73.42965443101274,73.44248384887369,73.45495377970606,73.46707534355919,73.47885966048243,73.49031785052512,73.50146103373663,73.51230033016628,73.52284685986345,73.53311174287748,73.5431060992577,73.55284104905347,73.56232771231414,73.57157720908906,73.58060065942756,73.58940918337902,73.59801390099277,73.60642593231816,73.61465639740453,73.62271641630124,73.63061710905765,73.63836959572309,73.6459849963469,73.65347443097845,73.66084901966708,73.66811988246214,73.67529813941297,73.68239491056893,73.68942131597937,73.69638847569362,73.70330750976106,73.710189538231,73.71704568115281,73.72388705857584,73.73072479054943,73.73756999712295,73.74443379834571,73.75132731426709,73.75826166493643,73.76524797040307,73.77229735071637,73.77942092592566,73.78662981608032,73.79393514122968,73.80134802142308,73.80887957670988,73.81654092713943,73.82434319276108,73.83229749362415,73.84041494977804,73.84870668127205,73.85718380815555
74.15566331809374,74.05355568732959,73.95456737058306,73.8586553454838,73.7657765896614,73.6758880807456,73.58894679636593,73.50490971415213,73.42373381173381,73.3453760667406,73.26979345680213,73.19694295954811,73.12678155260811,73.05926621361182,72.99435392018889,72.93200164996891,72.87216638058159,72.81480508965653,72.75987475482337,72.70733235371178,72.65713486395141,72.60923926317186,72.56360252900281,72.5201816390739,72.47893357101476,72.43981530245507,72.40278381102443,72.36779607435248,72.33480907006891,72.30377977580333,72.27466516918538,72.24742222784475,72.22200792941102,72.19837925151388,72.17649317178295,72.15630666784789,72.1377767173383,72.12086029788388,72.10551438711427,72.09169596265907,72.07936200214799,72.06846948321059,72.05897538347658,72.05083668057559,72.04401035213725,72.0384533757912,72.0341227291671,72.03097538989458,72.0289683356033,72.02805854392291,72.028202992483,72.0293586589133,72.03148252084337,72.03453155590292,72.03846274172155,72.0432330559289,72.04879947615466,72.05511898002844,72.06214854638601,72.06985099489462,72.07820851124343,72.08720728951563,72.09683352379439,72.10707340816286,72.11791313670422,72.12933890350162,72.14133690263823,72.15389332819721,72.16699437426176,72.18062623491501,72.19477510424012,72.20942717632029,72.22456864523865,72.24018570507842,72.2562645499227,72.27279137385467,72.28975237095754,72.30713373531445,72.32492166100856,72.34310234212303,72.36166197274103,72.38058674694572,72.3998628588203,72.41947650244792,72.43941387191173,72.4596611612949,72.48020456468059,72.50103027615198,72.52212448979223,72.54347339968452,72.56506319991199,72.58688008455782,72.6089102477052,72.63113988343726,72.65355518583716,72.67614234898808,72.6988875669732,72.72177703387568,72.74479694377867,72.76793349076534,72.79117286891888,72.81450127232243,72.83790489505914,72.86136993121222,72.88488257486482,72.90842902010009,72.93199546100122,72.95556809165136,72.97913310613366,73.00267669853132,73.0261850629275,73.04964439340533,73.07304088404801,73.0963607289387,73.11959012216057,73.14271525779678,73.16572232993049,73.18859753264489,73.2113270600231,73.2338971387749,73.25629464596012,73.27850705782463,73.30052187298641,73.32232659006347,73.34390870767386,73.36525572443556,73.38635513896658,73.40719444988498,73.42776115580874,73.44804275535587,73.4680267471444,73.48770062979234,73.5070519019177,73.52606806213852,73.54473660907279,73.56304504133853,73.58098085755377,73.59853155633648,73.61568463630472,73.63242759607651,73.64874793426982,73.6646331495027,73.68007074039316,73.69504820555922,73.70955304361887,73.72357275319011,73.73709483289103,73.7501067813396,73.7625960971538,73.77455027895171,73.7859568253513,73.7968032349706,73.80707700642763,73.81676563834039,73.8258566293269,73.8343374780052,73.84219568299328,73.84941874290915,73.85599415637084,73.86190942199637,73.86715203840372,73.87170950421093,73.87556931803603,73.87871897849699,73.8811459842119,73.88283783379869,73.88378202587542,73.88396605906009,73.88337743197074,73.88200364322536,73.87983219144196,73.8768505752386,73.87304629323323,73.86840684404392,73.86291972628864,73.85657243858545,73.84935247955234,73.84124734780731,73.8322445419684,73.82233156065361
74.6973277475621,74.55054118132338,74.40842626304679,74.27091336838417,74.13793287298738,74.00941515250827,73.88529058259871,73.76548953891056,73.64994239709566,73.53857953280588,73.43133132169307,73.32812813940909,73.22890036160581,73.13357836393506,73.04209252204872,72.95437321159864,72.87035080823667,72.78995568761465,72.71311822538448,72.639768797198,72.56983777870707,72.50325554556353,72.43995247341927,72.3798589379261,72.32290531473592,72.26902197950056,72.21813930787191,72.1701876755018,72.12509745804206,72.08279903114462,72.04322277046127,72.00629905164391,71.97195825034436,71.9401307422145,71.91074690290621,71.8837371080713,71.85903173336166,71.83656115442912,71.81625574692556,71.79804588650285,71.7818619488128,71.76763430950732,71.75529334423823,71.74476942865739,71.73599293841667,71.72889424916794,71.72340373656301,71.71945177625379,71.71696874389211,71.71588501512984,71.71613096561882,71.71763697101092,71.72033340695799,71.72415064911189,71.72901907312448,71.7348690546476,71.74163096933314,71.74923519283294,71.75761210283379,71.76670193140986,71.77647758411423,71.78691872928147,71.79800503524616,71.80971617034292,71.82203180290631,71.83493160127091,71.84839523377134,71.86240236874215,71.87693267451796,71.89196581943334,71.90748147182286,71.92345930002114,71.93987897236276,71.95672015718229,71.97396252281433,71.99158573759347,72.00956946985428,72.02789338793137,72.04653716015932,72.0654804548727,72.08470294040612,72.10418428509415,72.1239041572714,72.14384222527242,72.16397815743183,72.1842916220842,72.20476228756414,72.2253698222062,72.24609389434501,72.26691417231513,72.28781032445113,72.30876201908764,72.32974892455923,72.35075070920047,72.37174704134596,72.39271758933029,72.41364202148806,72.43450000615383,72.4552712116622,72.47593530634775,72.49647195854507,72.51686083658876,72.5370816088134,72.55711394355357,72.57693750914386,72.59653197391887,72.61587700621317,72.63495227436135,72.65373744669802,72.67221219155772,72.69035617727508,72.70814907218467,72.72557054462108,72.74260026291891,72.75921789541272,72.77540311043711,72.79113557632667,72.80639496141598,72.82116093403964,72.83541481784356,72.84917093203059,72.86247399554264,72.8753698623764,72.88790438652859,72.90012342199589,72.91207282277502,72.92379844286266,72.93534613625553,72.94676175695032,72.95809115894376,72.96938019623252,72.98067472281332,72.99202059268285,73.0034636598378,73.01504977827491,73.02682480199087,73.03883458498235,73.05112498124609,73.06374184477878,73.07673102957712,73.0901383896378,73.10400977895753,73.11839105153304,73.13332806136098,73.1488666624381,73.16505270876107,73.18193205432661,73.1995505531314,73.21795405917217,73.2371884264456,73.2572995089484,73.27833316067729,73.30033523562895,73.32335158780008,73.3474280711874,73.37261053978759,73.39894484759736,73.42647684861342,73.45525239683246,73.4853173462512,73.51671755086633,73.54949886467455,73.58370714167256,73.61938823585707,73.65658800122478,73.69535229177238,73.7357269614966,73.77775786439412,73.82149085446164,73.86697178569587,73.91424651209351,73.96336088765126,74.01436076636584,74.06729200223393,74.12220044925222,74.17913196141745,74.2381323927263,74.29924759717547,74.36252342876166,74.42800574148158
74.12852025421526,74.03665462372908,73.94699281873974,73.85951461759606,73.77419979864672,73.69102814024046,73.60997942072606,73.53103341845221,73.45416991176768,73.37936867902118,73.30660949856147,73.23587214873729,73.16713640789737,73.10038205439045,73.03558886656526,72.97273662277055,72.91180510135507,72.85277408066753,72.7956233390567,72.74033265487128,72.68688180646004,72.63525057217171,72.58541873035503,72.53736605935873,72.49107233753153,72.44651734322224,72.40368085477951,72.36254265055214,72.32308250888883,72.28528020813837,72.24911552664943,72.21456824277081,72.18161813485119,72.15024498123935,72.12042856028404,72.09214865033397,72.06538502973785,72.0401174768445,72.0163257700026,71.99398968756088,71.97308900786811,71.95360350927302,71.93551297012434,71.91879716877082,71.9034358835612,71.88940889284422,71.87669597496858,71.86527690828305,71.85513147113639,71.84623944187729,71.83858059885455,71.83213472041683,71.82688158491294,71.82280097069159,71.8198726561015,71.81807641949143,71.81739203921012,71.8177992936063,71.81927796091117,71.82180725015502,71.82536448310992,71.82992659092176,71.83547050473646,71.84197315569992,71.84941147495803,71.85776239365674,71.86700284294193,71.8771097539595,71.8880600578554,71.8998306857755,71.91239856886568,71.92574063827195,71.93983382514011,71.95465506061612,71.97018127584587,71.98638940197529,72.00325637015027,72.02075911151672,72.03887455722057,72.0575796384077,72.07685128622401,72.09666643181546,72.11700200632788,72.13783494090725,72.15914216669944,72.18090061485037,72.20308721650593,72.22567890281206,72.24865260491464,72.2719852539596,72.29565378109282,72.31963511746025,72.34390619420773,72.36844394248124,72.39322529342667,72.41822717818988,72.44342652791684,72.46880027375343,72.49432534684556,72.51997867833913,72.54573719938006,72.57157784111425,72.59747753468761,72.62341321124603,72.64936180193547,72.67530023790178,72.70120545029093,72.72705437024877,72.7528239289212,72.7784910574542,72.80403268699362,72.82942574868537,72.8546471736754,72.87967389310955,72.90448283813379,72.92905093989401,72.9533551295361,72.97737233820598,73.00107949704957,73.02445392384652,73.0474806432023,73.07015178023886,73.09245972519469,73.11439686830829,73.13595559981817,73.15712830996281,73.17790738898074,73.19828522711049,73.2182542145905,73.23780674165931,73.25693519855545,73.2756319755174,73.29388946278365,73.31170005059272,73.3290561291831,73.34595008879333,73.36237431966188,73.37832121202729,73.39378315612802,73.40875254220262,73.42322176048955,73.43718320122736,73.4506292546545,73.46355231100955,73.47594476053095,73.48779899345723,73.49910740002687,73.50986237047843,73.52005629505035,73.5296815639812,73.53873056750945,73.54719569587357,73.55506933931213,73.5623438880636,73.5690117323665,73.5750652624593,73.58049686858055,73.58529894096873,73.58946386986236,73.59298404549992,73.59585185811994,73.5980596979609,73.59959995526134,73.60046502025975,73.6006472831946,73.60013913430444,73.59893296382774,73.59702116200305,73.59439611906882,73.59105022526361,73.58697587082588,73.58216544599418,73.57661134100695,73.57030594610276,73.56324165152006,73.5554108474974,73.54680592427329,73.53741927208617,73.5272432811746,73.51627034177707
72.8526852860337,72.80575528543937,72.76008457360723,72.71566178397217,72.67247554996902,72.63051450503261,72.58976728259785,72.55022251609955,72.51186883897259,72.4746948846518,72.43868928657204,72.40384067816817,72.37013769287506,72.33756896412751,72.30612312536041,72.27578881000863,72.24655465150701,72.21840928329036,72.19134133879359,72.16533945145153,72.14039225469907,72.11648838197098,72.0936164667022,72.07176514232754,72.05092304228185,72.03107879999999,72.01222104891684,71.9943384224672,71.97741955408597,71.961453077208,71.94642762526811,71.93233183170119,71.91915432994207,71.9068837534256,71.89550873558665,71.88501790986007,71.87539990968071,71.86664336848344,71.85873691970309,71.85166919677451,71.84542883313256,71.84000446221211,71.835384717448,71.83155823227509,71.8285136401282,71.82623957444224,71.82472466865201,71.82395755619243,71.82392687049827,71.82462124500444,71.82602931314577,71.82813970835713,71.83094106407336,71.83442201372932,71.83857119075986,71.84337722859982,71.84882876068409,71.8549144204475,71.86162284125834,71.86894233422251,71.8768601419435,71.88536328586545,71.89443878743253,71.90407366808887,71.91425494927853,71.92496965244572,71.93620479903453,71.94794741048909,71.96018450825355,71.97290311377205,71.98609024848867,71.99973293384758,72.0138181912929,72.02833304226877,72.0432645082193,72.05859961058863,72.0743253708209,72.09042881036024,72.10689695065076,72.12371681313661,72.14087541926193,72.15835979047083,72.17615694820742,72.19425391391587,72.21263770904031,72.23129535502486,72.25021387331364,72.26938028535079,72.28878161258041,72.3084048764467,72.32823709839371,72.34826529986563,72.36847650230658,72.38885772716066,72.40939599587205,72.43007832988482,72.45089175064314,72.47182327959115,72.49285993817293,72.51398874783266,72.53519673001446,72.55647090616245,72.57779829772076,72.59916592613354,72.6205608128449,72.64196997929895,72.66338044693987,72.68477923721176,72.70615337155877,72.727489871425,72.74877575825462,72.76999805349172,72.79114377858045,72.81219995496494,72.83315360408932,72.85399174739771,72.87470140633428,72.89526960234309,72.91568335686836,72.93593009879831,72.95600537866437,72.97591222969712,72.99565396451356,73.01523389573072,73.03465533596562,73.05392159783526,73.07303599395661,73.09200183694676,73.11082243942266,73.12950111400136,73.14804117329982,73.1664459299351,73.18471869652419,73.20286278568412,73.22088151003189,73.23877818218449,73.25655611475895,73.2742186203723,73.29176901164149,73.30921060118362,73.32654670161563,73.34378062555456,73.36091568561741,73.37795519442119,73.39490246458294,73.41176080871963,73.4285335394483,73.44522396938592,73.46183541114956,73.47837117735622,73.49483458062286,73.51122893356657,73.52755754880428,73.54382373895305,73.56003081662988,73.57618209445178,73.59228088503573,73.60833050099882,73.624334254958,73.64029545953028,73.65621742733268,73.67210347098225,73.68795690309594,73.70378103629079,73.71957918318381,73.73535465639202,73.75111076853241,73.76685083222202,73.78257816007783,73.79829606471688,73.81400785875616,73.82971685481269,73.84542636550347,73.86113970344553,73.87686018125586,73.8925911115515,73.90833580694942,73.92409758006667,73.93987974352024,73.95568560992714
73.81511124901596,73.75640787260089,73.69869546265411,73.64197365451102,73.58624208350705,73.53150038497758,73.47774819425807,73.4249851466839,73.37321087759051,73.32242502231331,73.27262721618771,73.22381709454913,73.17599429273298,73.1291584460747,73.08330918990967,73.03844615957334,72.99456899040109,72.95167731772838,72.90977077689058,72.86884900322315,72.82891163206148,72.78995829874097,72.75198863859708,72.71500228696519,72.67899887918074,72.64397805057912,72.60993943649578,72.57688267226611,72.54480739322553,72.51371323470946,72.4835998320533,72.4544668205925,72.42631383566246,72.39914051259858,72.3729464867363,72.34773139341102,72.32349486795816,72.30023654571315,72.27795606201138,72.25665305218828,72.23632715157929,72.21697799551977,72.19860521934518,72.18120845839093,72.16478734799243,72.14934152348509,72.13487062020434,72.12137427348559,72.10885211866425,72.09730379107573,72.08672892605547,72.07712715893886,72.06849812506134,72.06084145975831,72.0541567983652,72.04844377621741,72.04370202865036,72.03993119099947,72.03713089781732,72.03529699267393,72.03441274965299,72.03445884119625,72.03541593974555,72.03726471774267,72.03998584762941,72.04356000184757,72.04796785283895,72.05319007304534,72.05920733490856,72.0660003108704,72.07354967337263,72.08183609485708,72.09084024776554,72.10054280453983,72.1109244376217,72.121965819453,72.13364762247548,72.14595051913098,72.15885518186128,72.17234228310818,72.18639249531348,72.20098649091898,72.21610494236647,72.23172852209775,72.24783790255464,72.26441375617891,72.28143675541239,72.29888757269684,72.31674688047408,72.33499535118591,72.35361365727412,72.37258247118052,72.39188246534691,72.41149431221507,72.4313986842268,72.45157625382393,72.47200769344823,72.49267367554151,72.51355487254555,72.53463195690217,72.55588560105316,72.57729647744033,72.59884525850546,72.62051261669035,72.64227922443682,72.66412575418664,72.68603287838164,72.70798126946359,72.7299515998743,72.75192454205558,72.7738807684492,72.79580095149699,72.81766576364072,72.83945587732221,72.86115196498325,72.88273469906565,72.90418475201119,72.92548279626168,72.94660950425892,72.96754627503188,72.98828899077539,73.0088468774343,73.02922965917769,73.04944706017464,73.06950880459428,73.08942461660568,73.10920422037793,73.12885734008013,73.14839369988137,73.16782302395075,73.18715503645734,73.20639946157026,73.2255660234586,73.24466444629144,73.26370445423787,73.282695771467,73.30164812214792,73.32057123044972,73.33947482054148,73.3583686165923,73.37726234277129,73.39616572324752,73.4150884821901,73.43404034376812,73.45303103215066,73.47207027150684,73.49116778600572,73.5103332998164,73.52957653710799,73.54890722204958,73.56833507881025,73.5878698315591,73.60752120446523,73.62729892169772,73.64721270742567,73.66727228581817,73.68748738104432,73.7078677172732,73.72842301867392,73.74916300941557,73.77009741366722,73.791235955598,73.81258835937696,73.83416434917324,73.85597364915589,73.87802598349403,73.90033107635675,73.92289865191313,73.94573843433228,73.96886014778327,73.99227351643523,74.01598826445722,74.04001411601834,74.06436079528768,74.08903802643435,74.11405553362744,74.13942304103601,74.1651502728292,74.19124695317608,74.21772280624573
73.95719519621188,73.83689612336514,73.72104570010582,73.60956736102224,73.5023845407027,73.39942067373552,73.30059919470898,73.20584353821138,73.11507713883104,73.02822343115623,72.94520584977528,72.86594782927648,72.79037280424811,72.7184042092785,72.64996547895593,72.58498004786873,72.52337135060516,72.46506282175355,72.40997789590219,72.35804000763937,72.30917259155342,72.2632990822326,72.22034291426525,72.18022752223965,72.1428763407441,72.1082128043669,72.07616034769637,72.04664240532078,72.01958241182845,71.99490380180768,71.97253000984676,71.952384470534,71.9343906184577,71.91847188820616,71.90455171436767,71.89255353153054,71.88240077428307,71.87401687721356,71.86732527491031,71.86224940196162,71.8587126929558,71.85663858248114,71.85595050512593,71.8565718954785,71.85842618812711,71.86143681766009,71.86552721866575,71.87062082573236,71.87664107344824,71.88351139640167,71.891155229181,71.89949600637446,71.9084571625704,71.91796213235712,71.9279343503229,71.93829725105604,71.94897426914486,71.95988883917764,71.97096439923035,71.98214127679249,71.9934157983592,72.00479588114244,72.01628944235419,72.02790439920643,72.03964866891114,72.0515301686803,72.06355681572586,72.07573652725982,72.08807722049414,72.10058681264081,72.1132732209118,72.12614436251907,72.1392081546746,72.15247251459039,72.1659453594784,72.1796346065506,72.19354817301895,72.20769397609547,72.2220799329921,72.23671396092082,72.25160397709362,72.26675789872247,72.28218364301934,72.29788912719619,72.31388226846502,72.3301709840378,72.34676319112651,72.3636668069431,72.38088974869959,72.3984399336079,72.41632527888005,72.43455370172799,72.45313311936371,72.47207144899919,72.49137660784638,72.51105651311728,72.53111908202385,72.55157223177808,72.57242387959192,72.59368194267738,72.6153543382464,72.63744898351099,72.6599737956831,72.68293669197472,72.70634558959782,72.73020840576436,72.75453305768634,72.77932746257572,72.80459953764449,72.83035720010461,72.85660836716806,72.88336095604681,72.91062288395285,72.93840206809814,72.96670642569468,72.99554387395442,73.02492233008932,73.0548497113114,73.08533393483262,73.11638127935723,73.14796536298144,73.18002971266027,73.21251673181632,73.2453688238721,73.2785283922502,73.31193784037312,73.34553957166347,73.37927598954377,73.41308949743659,73.44692249876447,73.48071739694997,73.51441659541564,73.54796249758404,73.5812975068777,73.61436402671922,73.6471044605311,73.67946121173593,73.71137668375624,73.74279328001461,73.77365340393357,73.80389945893566,73.83347384844348,73.86231897587955,73.89037724466641,73.91759105822665,73.9439028199828,73.96925493335742,73.99358980177307,74.01684982865228,74.03897741741763,74.05991497149165,74.0796048942969,74.09798958925596,74.11501145979135,74.13061290932563,74.14473634128136,74.15732415908109,74.16831876614737,74.17766256590275,74.1852979617698,74.19116735717107,74.19521315552909,74.19737776026643,74.19760357480564,74.19583300256929,74.1920084469799,74.18607231146005,74.17796699943229,74.16763491431915,74.15501845954321,74.14006003852703,74.12270205469312,74.10288691146408,74.08055701226243,74.05565476051075,74.02812255963157,73.99790281304745,73.96493792418094,73.92917029645461,73.89054233329101
74.03555234660585,73.91407948442426,73.79667179698706,73.68326754264336,73.57380497974235,73.46822236663316,73.36645796166492,73.2684500231868,73.17413680954793,73.08345657909747,72.99634759018456,72.91274810115834,72.83259637036798,72.7558306561626,72.68238921689135,72.6122103109034,72.54523219654787,72.48139313217393,72.4206313761307,72.36288518676736,72.30809282243301,72.25619254147685,72.20712260224799,72.16082126309558,72.11722678236879,72.07627741841675,72.0379114295886,72.0020670742335,71.96868261070058,71.93769629733902,71.90904639249793,71.88267115452646,71.85850884177378,71.83649771258904,71.81657602532135,71.79868203831988,71.78275400993378,71.76873019851219,71.75654886240426,71.74614825995914,71.73746664952596,71.73044228945389,71.72501343809206,71.72111835378962,71.71869529489571,71.71768251975949,71.71801828673011,71.71964085415671,71.72248848038842,71.72649942377441,71.73161194266382,71.7377642954058,71.74489474034948,71.75294153584403,71.76184294023858,71.77153721188228,71.78196260912428,71.79305739031372,71.80475981563457,71.81701703055593,71.8298056408436,71.84310834997801,71.85690786143961,71.87118687870884,71.88592810526613,71.90111424459194,71.91672800016669,71.93275207547082,71.94916917398477,71.96596199918899,71.98311325456392,72.00060564358999,72.01842186974764,72.03654463651732,72.05495664737946,72.0736406058145,72.09257921530288,72.11175517932504,72.13115120136143,72.15074998489249,72.17053423339863,72.19048665036031,72.21058993925799,72.23082680357207,72.25117994678303,72.27163207237128,72.29216588381726,72.31276408460143,72.33340937820421,72.35408446810604,72.37477205778738,72.39545485072865,72.41611555041031,72.43673686031278,72.4573014839165,72.4777921247019,72.49819148614947,72.51848227173959,72.53864718495274,72.55866892926933,72.57853020816982,72.59821372513464,72.61770218364424,72.63697828717905,72.65602473921952,72.67482424324606,72.69335950273916,72.7116132211792,72.72956810204667,72.74720684882199,72.7645121649856,72.78146675401794,72.79805331939944,72.81425456461056,72.83005319313173,72.84543190844339,72.86037341402597,72.87486041335993,72.88887560992568,72.90240307793772,72.9154542146477,72.92806559079352,72.94027471703194,72.95211910401967,72.96363626241346,72.97486370287001,72.98583893604608,72.99659947259839,73.00718282318368,73.01762649845868,73.02796800908011,73.03824486570471,73.0484945789892,73.05875465959033,73.06906261816484,73.07945596536942,73.08997221186084,73.1006488682958,73.11152344533107,73.12263345362335,73.13401640382939,73.14570980660591,73.15775117260964,73.17017801249733,73.18302783692569,73.19633815655145,73.21014648203136,73.22449032402214,73.23940719318054,73.25493460016325,73.27111005562705,73.28797107022864,73.30555515462476,73.32389981947215,73.34304257542752,73.36302093314762,73.38387240328917,73.40563449650892,73.4283447234636,73.4520405948099,73.47675962120461,73.50253931330441,73.52941718176608,73.5574307372463,73.58661749040185,73.61701495188944,73.64866063236579,73.68159204248765,73.71584669291174,73.75146209429481,73.78847575729357,73.82692519256474,73.8668479107651,73.90828142255134,73.9512632385802,73.99583086950842,74.04202182599272,74.08987361868985,74.13942375825651,74.19070975534947
73.2192833008715,73.15809977495546,73.09882459468757,73.04143081586041,72.98589149426657,72.9321796856986,72.88026844594911,72.83013083081067,72.78173989607588,72.7350686975373,72.69009029098753,72.64677773221914,72.6051040770247,72.56504238119683,72.5265657005281,72.48964709081106,72.45425960783832,72.42037630740246,72.38797024529606,72.35701447731171,72.32748205924197,72.29934604687945,72.2725794960167,72.24715546244634,72.22304700196094,72.20022717035306,72.1786690234153,72.15834561694024,72.13923000672045,72.12129524854853,72.10451439821708,72.08886051151863,72.07430664424581,72.06082585219117,72.04839119114732,72.03697571690681,72.02655248526226,72.01709455200621,72.00857497293129,72.00096680383004,71.99424310049505,71.98837691871893,71.98334131429424,71.97910934301356,71.97565406066947,71.97294852305457,71.97096578596144,71.96967890518265,71.96906093651077,71.96908493573842,71.96972395865815,71.97095106106255,71.97273929874422,71.97506172749571,71.97789140310964,71.98120138137855,71.98496471809507,71.98915446905174,71.9937436909801,71.99870998748978,72.00404603794505,72.00974764210136,72.01581059971416,72.02223071053889,72.02900377433102,72.03612559084597,72.04359195983919,72.05139868106613,72.05954155428225,72.06801637924298,72.07681895570377,72.08594508342007,72.09539056214733,72.10515119164099,72.11522277165649,72.12560110194929,72.13628198227484,72.14726121238857,72.15853459204592,72.17009792100238,72.18194699901336,72.19407762583431,72.20648560122068,72.21916672492793,72.23211679671148,72.24533161632681,72.25880698352933,72.27253869807451,72.2865225597178,72.30075436821463,72.31522992332046,72.32994502479072,72.34489547238088,72.36007706584637,72.37548560494264,72.39111688942515,72.40696671904932,72.42303089357063,72.43930521274449,72.45578547632637,72.47246748407171,72.48934703573596,72.50641993107456,72.52368196984297,72.54112895179662,72.55875667669098,72.57656094428147,72.59453755432355,72.61268230657265,72.63099100078425,72.64945943671377,72.66808341411667,72.68685873274839,72.70578119236437,72.72484659272007,72.74405073357093,72.7633894146724,72.78285843577993,72.80245359664896,72.82217081775806,72.84200842597727,72.86196696525307,72.88204706231235,72.90224934388202,72.92257443668895,72.94302296746005,72.96359556292222,72.98429284980236,73.00511545482736,73.02606400472412,73.04713912621953,73.0683414460405,73.08967159091392,73.1111301875667,73.1327178627257,73.15443524311786,73.17628295547004,73.19826162650917,73.22037188296213,73.24261435155582,73.26498965901712,73.28749843207295,73.3101412974502,73.33291888187577,73.35583181207656,73.37888071477946,73.40206621671135,73.42538894459915,73.44884952516976,73.47244858515006,73.49618675126696,73.52006465024735,73.54408290881813,73.5682421537062,73.59254301163844,73.61698610934177,73.64157207354307,73.66630153096925,73.6911751083472,73.71619343240381,73.741357129866,73.76666682746064,73.79212315191464,73.8177267299549,73.84347818830831,73.86937815370176,73.89542725286216,73.9216261125164,73.94797535939139,73.97447562021402,74.00112752171118,74.02793169060976,74.05488875363669,74.08199933751882,74.10926406898308,74.13668357475636,74.16425848156557,74.19198941613757,74.2198770051993,74.24792187547762
73.83174610063836,73.75535651896234,73.68065965496514,73.60764445745119,73.53629987522491,73.46661485709076,73.39857835185315,73.33217930831653,73.26740667528534,73.20424940156401,73.14269643595696,73.08273672726867,73.02435922430352,72.96755287586599,72.9123066307605,72.85860943779147,72.80645024576336,72.7558180034806,72.70670165974761,72.65909016336884,72.61297246314874,72.56833750789171,72.5251742464022,72.48347162748468,72.44321859994352,72.40440411258321,72.36701711420817,72.33104655362284,72.29648137963163,72.263310541039,72.2315229866494,72.20110766526723,72.17205352569694,72.14434951674298,72.11798458720976,72.09294768590175,72.06922776162335,72.04681376317902,72.02569463937317,72.00585933901027,71.98729681089473,71.969996003831,71.9539458666235,71.93913534807669,71.92555339699499,71.91318896218282,71.90203099244465,71.89206843658489,71.88329024340798,71.87568536171838,71.86924274032049,71.86395132801877,71.85980007361765,71.85677792592155,71.85487383373493,71.85407674586222,71.85437561110783,71.85575937827623,71.85821699544492,71.8617338905234,71.86628381985483,71.8718381239927,71.87836814349052,71.88584521890174,71.89424069077988,71.90352589967843,71.91367218615088,71.9246508907507,71.9364333540314,71.94899091654645,71.96229491884937,71.97631670149362,71.99102760503271,72.00639897002011,72.02240213700935,72.03900844655388,72.0561892392072,72.07391585552281,72.09215963605419,72.11089192135483,72.13008405197824,72.14970736847789,72.16973321140726,72.19013292131987,72.21087783876918,72.23193930430871,72.25328865849193,72.27489724187232,72.29673639500339,72.31877745843863,72.34099177273153,72.36335067843557,72.38582551610423,72.40838762629103,72.43100834954944,72.45365902643296,72.47631099749506,72.49893560328925,72.52150418436902,72.54398808128786,72.56635863459925,72.58858718485669,72.61064507261365,72.63250363842364,72.65413422284016,72.67550816641668,72.69659680970668,72.71737149326367,72.73780355764114,72.75786434339258,72.77752519107148,72.7967574412313,72.81553243442558,72.83382151120777,72.85159601213138,72.8688272777499,72.88548664861682,72.90154546528561,72.91697506830978,72.93174881342702,72.9458802253293,72.95941983750126,72.97241956524893,72.9849313238783,72.99700702869536,73.00869859500615,73.02005793811664,73.03113697333285,73.04198761596078,73.05266178130643,73.06321138467581,73.0736883413749,73.08414456670975,73.09463197598632,73.10520248451064,73.1159080075887,73.1268004605265,73.13793175863005,73.14935381720537,73.16111855155842,73.17327787699524,73.18588370882183,73.19898796234419,73.21264255286832,73.22689939570022,73.2418104061459,73.25742749951137,73.27380259110261,73.29098759622563,73.30903443018646,73.32799500829108,73.3479212458455,73.36886505815572,73.39087836052775,73.41401306826758,73.43832109668122,73.46385436107468,73.49066477675396,73.51880425902507,73.548324723194,73.57927808456675,73.61171625844935,73.64569116014778,73.68125470496804,73.71845880821616,73.75735538519811,73.79799635121992,73.8404336215876,73.88471911160711,73.93090473658448,73.97904241182573,74.02918405263684,74.08138157432383,74.13568689219268,74.19215192154941,74.25082857770003,74.31176877595053,74.37502443160692,74.4406474599752,74.50868977636138
73.82037215311497,73.71945646650079,73.62233700484255,73.52894700305184,73.43921969604028,73.35308831871947,73.270486106001,73.19134629279647,73.11560211401748,73.04318680457564,72.97403359938254,72.90807573334979,72.84524644138898,72.7854789584117,72.72870651932958,72.67486235905419,72.62387971249714,72.57569181457005,72.53023190018449,72.48743320425207,72.44722896168439,72.40955240739305,72.37433677628965,72.3415153032858,72.31102122329308,72.28278777122311,72.25674818198748,72.23283569049778,72.21098353166562,72.19112494040259,72.17319315162031,72.15712140023038,72.14284292114436,72.1302909492739,72.11939871953058,72.11009946682599,72.10232642607173,72.09601283217941,72.09109192006063,72.08749692462699,72.08516108079007,72.0840176234615,72.08399978755287,72.08504080797577,72.08707391964181,72.09003235746258,72.09384935634968,72.09845815121471,72.10379197696929,72.109784068525,72.11636766079344,72.12347598868622,72.13104228711494,72.13899979099118,72.14728173522656,72.15582135473267,72.1645518844211,72.17340655920349,72.18231861708657,72.19123628479082,72.20015748602967,72.20909043083793,72.21804332925043,72.22702439130202,72.23604182702752,72.24510384646177,72.25421865963959,72.26339447659582,72.27263950736528,72.28196196198283,72.29137005048328,72.30087198290147,72.31047596927223,72.3201902196304,72.33002294401079,72.33998235244826,72.35007665497763,72.36031406163373,72.37070278245139,72.38125102746545,72.39196700671074,72.40285893022208,72.41393500803433,72.4252034501823,72.43667246670083,72.44835026762475,72.46024506298889,72.47236506282809,72.48471847717718,72.49731351607097,72.51015838954434,72.52326130763208,72.53663048036904,72.55027411779005,72.56420042992994,72.57841762682355,72.59293391850571,72.60775751501123,72.62289662637497,72.63835946263175,72.65415423381641,72.67028914996379,72.6867724211087,72.70361225728598,72.72081686853046,72.73839446487699,72.75635325636038,72.77470145301547,72.7934472648771,72.81259890198011,72.8321645743593,72.85215249204953,72.87257086508562,72.8934279035024,72.91473181733471,72.9364908166174,72.95871311138525,72.98140691167315,73.0045804275159,73.02824077885498,73.05237335664535,73.07694353231264,73.10191592980031,73.12725517305186,73.15292588601075,73.17889269262042,73.20512021682435,73.23157308256603,73.2582159137889,73.28501333443644,73.31192996845212,73.3389304397794,73.36597937236176,73.39304139014264,73.42008111706555,73.44706317707391,73.47395219411123,73.50071279212096,73.52730959504656,73.55370722683152,73.57987031141927,73.60576347275332,73.63135133477711,73.6565985214341,73.6814696566678,73.70592936442165,73.7299422686391,73.75347299326366,73.77648616223877,73.7989463995079,73.82081832901451,73.84206657470209,73.8626557605141,73.882550510394,73.90171544828524,73.92011519813134,73.93771438387573,73.95447762946188,73.97036955883326,73.98535479593333,73.99939796470558,74.01246368909347,74.02451659304046,74.03552130049002,74.04544243538561,74.05424462167072,74.06189248328879,74.06835064418331,74.07358372829773,74.07755635957554,74.0802331619602,74.08157875939516,74.0815577758239,74.08013483518988,74.0772745614366,74.07294157850748,74.06710051034602,74.05971598089569,74.05075261409993,74.04017503390223
73.68583445192472,73.55864363912052,73.43662108038733,73.31967002081986,73.20769370551285,73.10059537956106,72.9982782880592,72.900645676102,72.80760078878426,72.71904687120065,72.63488716844594,72.55502492561486,72.47936338780215,72.40780580010254,72.34025540761077,72.27661545542159,72.21678918862972,72.1606798523299,72.10819069161688,72.05922495158539,72.01368587733018,71.97147671394595,71.93250070652748,71.89666110016947,71.86386113996669,71.83400407101387,71.80699313840574,71.78273158723704,71.76112266260249,71.74206960959685,71.72547567331486,71.71124409885124,71.69927813130073,71.68948101575809,71.68175599731804,71.6760063210753,71.67213523212465,71.67004597556078,71.66964179647846,71.67082593997242,71.6735016511374,71.67757217506812,71.68294075685934,71.68951064160579,71.6971850744022,71.70586730034331,71.71546056452387,71.7258681120386,71.73699318798225,71.74873903744955,71.76100890553525,71.77370603733407,71.78673367794075,71.79999507245003,71.81339346595665,71.82683210355533,71.84021423034085,71.85344309140793,71.8664219364698,71.87907638092459,71.89140619645251,71.90342650365746,71.91515242314337,71.92659907551418,71.93778158137381,71.9487150613262,71.95941463597525,71.9698954259249,71.98017255177908,71.99026113414172,72.00017629361672,72.00993315080804,72.0195468263196,72.0290324407553,72.0384051147191,72.0476799688149,72.05687212364664,72.06599669981824,72.07506881793364,72.08410359859677,72.09311616241152,72.10212162998185,72.11113512191167,72.12017175880493,72.12924666126553,72.1383749498974,72.14757174530448,72.15685216809068,72.16623133885993,72.17572437821617,72.18534640676333,72.1951125451053,72.20503791384606,72.21513763358948,72.22542682493953,72.23592060850012,72.24663410487517,72.25758243466862,72.26878071848438,72.2802440769264,72.29198763059857,72.30402650010485,72.31637580604917,72.32905066903542,72.34206620966756,72.35543754854949,72.36917980628517,72.3833081034785,72.39783756073342,72.41278329865385,72.4281604378437,72.44398409890692,72.46026940244744,72.47703146906917,72.49428541937604,72.51204637397198,72.53032945346092,72.54914977844679,72.56852246953349,72.588461640448,72.60896133469481,72.62999710451537,72.65154381173079,72.67357631816216,72.69606948563063,72.7189981759573,72.74233725096329,72.76606157246972,72.7901460022977,72.81456540226837,72.83929463420282,72.86430855992216,72.88958204124755,72.91508994000006,72.94080711800085,72.96670843707099,72.99276875903165,73.0189629457039,73.04526585890888,73.07165236046771,73.09809731220149,73.12457557593135,73.1510620134784,73.17753148666377,73.20395885730856,73.2303189872339,73.2565867382609,73.28273697221069,73.30874455090436,73.33458433616306,73.36023118980788,73.38565997365995,73.4108455495404,73.4357627792703,73.46038652467082,73.48469164756307,73.50865300976814,73.53224547310715,73.55544389940124,73.57822315047152,73.60055808813908,73.62242357422508,73.6437944705506,73.66464563893679,73.68495194120473,73.70468823917557,73.72382939467042,73.74235026951038,73.76022572551658,73.77743062451013,73.79393982831216,73.80972819874378,73.82477059762611,73.83904188678027,73.85251692802736,73.8651705831885,73.87697771408482,73.88791318253743,73.89795185036746,73.90706857939601
73.61213200580764,73.52359212323333,73.43783723411042,73.35482817659889,73.27452578885871,73.1968909090499,73.12188437533246,73.04946702586639,72.97959969881165,72.91224323232828,72.84735846457627,72.78490623371559,72.72484737790626,72.66714273530829,72.61175314408163,72.5586394423863,72.50776246838231,72.45908306022963,72.41256205608829,72.36816029411824,72.32583861247952,72.28555784933212,72.24727884283601,72.21096243115119,72.17656945243769,72.1440607448555,72.11339714656458,72.08453949572495,72.0574486304966,72.03208538903954,72.00841060951376,71.98638513007924,71.96596978889599,71.94712542412401,71.92981287392331,71.91399297645384,71.89962656987564,71.8866744923487,71.87509758203299,71.86485667708854,71.85591261567532,71.84822623595335,71.84175837608262,71.8364698742231,71.83232156853481,71.82927429717776,71.8272888983119,71.82632621009728,71.82634707069386,71.82731231826165,71.82918279096066,71.83191932695084,71.83548276439225,71.83983394144482,71.84493369626861,71.85074286702357,71.85722229186973,71.86433280896705,71.87203525758702,71.88029585934515,71.88909868170566,71.89843148588005,71.9082820330799,71.91863808451672,71.92948740140204,71.9408177449474,71.95261687636435,71.9648725568644,71.97757254765912,71.99070460996,72.0042565049786,72.01821599392645,72.03257083801509,72.04730879845604,72.06241763646085,72.07788511324108,72.09369899000819,72.10984702797379,72.12631698834937,72.14309663234647,72.16017372117665,72.17753601605142,72.19517127818233,72.21306726878092,72.2312117490587,72.24959248022722,72.26819722349799,72.28701374008259,72.30602979119254,72.32523313803935,72.34461154183458,72.36415276378975,72.38384456511639,72.40367470702606,72.42363095073028,72.44370105744059,72.46387278836852,72.48413390472558,72.50447216772338,72.52487533857337,72.54533117848712,72.56582744867615,72.58635191035202,72.60689232472626,72.6274364530104,72.64797205641597,72.66848689615452,72.68896873343755,72.70940532947662,72.72978444548326,72.75009384266903,72.77032128224542,72.790454525424,72.81048133341628,72.8303894674338,72.85016668868812,72.86980075839074,72.8892794377532,72.90859048798708,72.92772186263676,72.94666534904621,72.96541626674713,72.98397006715479,73.00232220168448,73.02046812175152,73.0384032787712,73.05612312415883,73.07362310932965,73.09089868569902,73.10794530468218,73.12475841769447,73.14133347615117,73.15766593146756,73.17375123505894,73.18958483834061,73.20516219272787,73.22047874963599,73.2355299604803,73.25031127667609,73.26481814963864,73.27904603078323,73.29299037152518,73.30664662327979,73.32001023746233,73.33307666548811,73.34584135877242,73.35829976873055,73.37044734677781,73.38227954432949,73.39379181280088,73.40497960360727,73.41583836816395,73.42636355788625,73.43655062418941,73.44639501848877,73.45589219219963,73.46503759673723,73.47382668351693,73.48225490395399,73.49031770946368,73.49801055146133,73.50532888136226,73.51226815058172,73.518823810535,73.52499131263741,73.53076610830428,73.53614364895085,73.54111938599243,73.54568877084432,73.54984725492184,73.55359028964025,73.55691332641484,73.55981181666095,73.56228121179382,73.56431696322878,73.56591452238112,73.56706934066614,73.56777686949911,73.56803256029534,73.56783186447012
72.4393983951046,72.43402484717839,72.42772577912574,72.42053925933061,72.41250335617698,72.40365613804886,72.39403567333018,72.38368003040496,72.37262727765714,72.36091548347073,72.3485827162297,72.33566704431801,72.32220653611967,72.30823926001864,72.29380328439889,72.27893667764441,72.26367750813917,72.24806384426716,72.23213375441235,72.21592530695872,72.19947657029024,72.18282561279091,72.16601050284468,72.14906930883556,72.1320400991475,72.11496094216449,72.0978699062705,72.08080505984952,72.06380447128554,72.04690620896248,72.0301483412644,72.01356893657521,71.99720606327894,71.98109778975953,71.96528218440098,71.94979731558725,71.93468125170233,71.9199720611302,71.90570781225483,71.89192657346021,71.8786664131303,71.86596539964911,71.85386160140058,71.84239308676871,71.83159792413747,71.82151418189085,71.81217992841282,71.80363323208735,71.79591216129843,71.78905478443004,71.78309916986613,71.77808338599073,71.77404550118777,71.77102358384126,71.76905570233515,71.76817992505345,71.76843432038011,71.76985695669912,71.77248589950845,71.77634523849271,71.78141272474397,71.78765651815712,71.79504477862704,71.80354566604863,71.8131273403168,71.82375796132641,71.83540568897236,71.84803868314955,71.86162510375287,71.87613311067722,71.89153086381747,71.90778652306852,71.92486824832528,71.94274419948263,71.96138253643547,71.98075141907866,72.00081900730713,72.02155346101574,72.04292294009942,72.06489560445304,72.08743961397148,72.11052312854964,72.13411430808243,72.15818131246472,72.1826923015914,72.20761543535738,72.23291887365755,72.25857077638679,72.28453930344,72.31079261471206,72.33729887009787,72.36402622949234,72.39094285279033,72.41801689988675,72.44521653067649,72.47250990505444,72.49986518291549,72.52725052415452,72.55463408866646,72.58198403634617,72.60926852708855,72.63645572078849,72.66351377734088,72.69041085664063,72.7171151185826,72.7435947230617,72.76981782997284,72.79575259921087,72.82136719067071,72.84662976424725,72.87150847983538,72.89597149733,72.91998697662598,72.94352307761822,72.96654796020164,72.98902978427108,73.01093670972148,73.0322368964477,73.05289850434465,73.07289121346825,73.09221500546143,73.11089777967545,73.12896847784324,73.14645604169769,73.1633894129717,73.17979753339817,73.19570934471001,73.21115378864013,73.22615980692142,73.24075634128677,73.25497233346911,73.26883672520133,73.28237845821633,73.295626474247,73.30860971502628,73.32135712228703,73.33389763776218,73.34626020318463,73.35847376028727,73.370567250803,73.38256961646475,73.39450979900539,73.40641674015785,73.41831938165501,73.43024666522977,73.44222753261506,73.45429092554376,73.46646578574878,73.47878105496302,73.49126567491939,73.50394858735078,73.5168587339901,73.53002505657025,73.54347649682414,73.55724199648466,73.57135049728471,73.58583094095721,73.60071226923505,73.61602342385113,73.63179334653837,73.64805097902966,73.66482526305789,73.68214514035598,73.70003955265683,73.71853744169334,73.73766774919842,73.75745941690495,73.77794138654586,73.79914259985404,73.82109199856238,73.8438185244038,73.86735111911119,73.89171872441747,73.91695028205554,73.94307473375828,73.9701210212586,73.99811808628942,74.02709487058364,74.05708031587415,74.08810336389385
72.83181182077476,72.81245852851922,72.7929050880557,72.77317283975066,72.75328312397042,72.73325728108145,72.7131166514501,72.69288257544275,72.67257639342586,72.65221944576575,72.6318330728289,72.61143861498167,72.59105741259043,72.57071080602162,72.55042013564162,72.53020674181681,72.51009196491364,72.49009714529845,72.47024362333767,72.45055273939766,72.43104583384488,72.41174424704568,72.39266931936646,72.37384239117361,72.35528480283358,72.33701789471272,72.31906300717742,72.30144148059412,72.28417465532917,72.26728387174902,72.25079047022001,72.23471579110858,72.21908117478111,72.20390796160399,72.18921749194365,72.17503110616644,72.1613701446388,72.14825594772711,72.13570985579776,72.12375320921714,72.11240734835167,72.10169361356773,72.09163334523174,72.0822478837101,72.07355856936917,72.06558674257536,72.05835374369511,72.05188091309475,72.04618959114072,72.04130111819941,72.03723683463721,72.03401808082052,72.03166619711575,72.03020252388927,72.02964840150753,72.03002517033684,72.0313541707437,72.03365674309441,72.03695422568921,72.04125795080947,72.04654607450482,72.05278988598306,72.05996067445207,72.0680297291197,72.07696833919377,72.08674779388215,72.0973393823927,72.10871439393324,72.12084411771164,72.13369984293575,72.1472528588134,72.16147445455246,72.17633591936075,72.19180854244615,72.20786361301649,72.22447242027962,72.2416062534434,72.25923640171564,72.27733415430424,72.29587080041702,72.31481762926185,72.33414593004656,72.35382699197899,72.373832104267,72.39413255611842,72.41469963674115,72.435504635343,72.45651884113181,72.47771354331545,72.49906003110175,72.5205295936986,72.54209352031378,72.56372310015519,72.58538962243068,72.60706437634806,72.62871865111521,72.65032373593996,72.67185092003018,72.69327149259371,72.7145567428384,72.73567795997207,72.75660643320262,72.77731345173785,72.79777030478564,72.81794828155381,72.83781867125023,72.85735276308276,72.87652184625924,72.89529720998749,72.9136501434754,72.93155193593077,72.9489738765615,72.96588725457539,72.98226335918034,72.99807347958415,73.01328890499471,73.02788092461984,73.04182082766741,73.05507990334524,73.0676315844193,73.07949203150557,73.09071677159557,73.10136280152875,73.11148711814465,73.12114671828274,73.13039859878253,73.13929975648347,73.14790718822508,73.15627789084684,73.16446886118825,73.17253709608877,73.1805395923879,73.18853334692517,73.19657535654,73.20472261807191,73.21303212836042,73.22156088424498,73.23036588256511,73.23950412016026,73.24903259386994,73.25900830053365,73.26948823699087,73.2805294000811,73.29218878664378,73.30452339351848,73.31759021754462,73.3314462555617,73.34614850440926,73.36175396092673,73.37831962195364,73.39590248432944,73.41455954489365,73.43434780048574,73.45532424794521,73.47754588411158,73.50106970582428,73.52595270992282,73.5522518932467,73.58002425263541,73.60932678492844,73.64021648696527,73.6727503555854,73.7069853876283,73.74297857993349,73.78078692934042,73.82046743268862,73.86207708681752,73.90567288856667,73.95131183477554,73.99905092228363,74.04894714793039,74.10105750855536,74.15543900099797,74.21214862209777,74.2712433686942,74.33278023762679,74.396816225735,74.46340832985834,74.53261354683627,74.60448887350833
71.0308921904266,71.06758477266628,71.1028163470183,71.13661966286007,71.16902746956883,71.2000725165219,71.22978755309661,71.25820532867026,71.28535859262014,71.3112800943236,71.3360025831579,71.35955880850038,71.38198151972834,71.4033034662191,71.42355739734994,71.4427760624982,71.46099221104116,71.47823859235613,71.49454795582047,71.50995305081143,71.52448662670635,71.53818143288252,71.55107021871727,71.5631857335879,71.5745607268717,71.585227947946,71.59522014618808,71.6045700709753,71.61331047168495,71.6214740976943,71.62909369838071,71.63620202312147,71.64283182129385,71.64901584227523,71.65478683544286,71.66017755017411,71.6652207358462,71.66994914183654,71.67439551752234,71.67859261228098,71.68257317548976,71.68636995652595,71.6900157047669,71.69354316958989,71.69698510037226,71.70037424649128,71.70374335732429,71.70712518224856,71.71055247064145,71.71405797188025,71.71767443534226,71.72143461040478,71.72537124644514,71.72951709284062,71.73390489896859,71.73856741420629,71.74353738793106,71.74884756952021,71.75453070835103,71.76061955380085,71.76714661587972,71.77413004256364,71.78156572067557,71.78944762210075,71.7977697187243,71.80652598243141,71.81571038510718,71.82531689863684,71.83533949490554,71.84577214579842,71.85660882320063,71.86784349899737,71.8794701450738,71.89148273331504,71.9038752356063,71.91664162383269,71.9297758698794,71.94327194563162,71.95712382297448,71.97132547379313,71.98587086997277,72.00075398339852,72.0159687859556,72.0315092495291,72.0473693460042,72.06354304726612,72.08002432519994,72.0968071516909,72.1138854986241,72.13125333788473,72.14890464135793,72.1668333809289,72.18503352848278,72.20349905590471,72.2222239350799,72.24120213789347,72.2604276362306,72.27989440197645,72.29959640701618,72.31952762323495,72.33968202251792,72.36005357675027,72.38063625781713,72.40142403760369,72.42241088799513,72.44359078087653,72.46495768813314,72.48650558165009,72.50822843331251,72.53012021500562,72.55217489861455,72.57438645602444,72.5967488591205,72.61925607978786,72.64190208991171,72.66468086137716,72.68758636606943,72.71061257587364,72.73375346267495,72.75700299835857,72.78035405087975,72.80378665500935,72.82727256604427,72.85078340129017,72.87429077805281,72.89776631363786,72.921181625351,72.94450833049795,72.96771804638438,72.990782390316,73.0136729795985,73.03636143153757,73.05881936343893,73.08101839260827,73.10293013635125,73.12452621197359,73.145778236781,73.16665782807912,73.18713660317373,73.20718617937045,73.22677817397503,73.24588420429315,73.26447588763047,73.28252484129273,73.30000268258557,73.31688102881476,73.33313149728595,73.34872570530483,73.36363527017711,73.3778318092085,73.39128693970467,73.40397227897132,73.41585944431417,73.42692005303887,73.43712572245114,73.44644806985669,73.4548587125612,73.46232926787037,73.46883135308987,73.47433658552545,73.47881658248274,73.48224296126749,73.48458733918535,73.48582133354206,73.48591656164326,73.48484464079472,73.48257718830207,73.47908582147103,73.47434215760732,73.46831781401657,73.46098440800456,73.45231355687692,73.44227687793934,73.43084598849758,73.41799250585727,73.40368804732414,73.38790423020389,73.37061267180219,73.35178498942473,73.33139280037726
72.66770269584548,72.63451450603552,72.60210604688609,72.57047336984364,72.5396125263546,72.50951956786542,72.48019054582254,72.4516215116724,72.42380851686143,72.3967476128361,72.3704348510428,72.34486628292804,72.3200379599382,72.29594593351977,72.27258625511917,72.24995497618283,72.22804814815721,72.20686182248875,72.18639205062387,72.16663488400904,72.1475863740907,72.12924257231525,72.11159953012918,72.09465329897891,72.07839993031091,72.06283547557157,72.04795598620737,72.03375751366472,72.02023610939011,72.00738782482993,71.99520871143066,71.98369482063873,71.97284220390057,71.96264691266262,71.95310499837134,71.94421251247317,71.93596550641453,71.92836003164189,71.92139213960168,71.91505788174032,71.90935330950428,71.90427447434,71.8998174276939,71.89597822101244,71.89275290574206,71.8901375333292,71.88812815522029,71.88672082286179,71.88591158770012,71.88569650118176,71.8860716147531,71.88703297986062,71.88857664795074,71.89069867046992,71.89339509886459,71.89666198458119,71.90049537906617,71.90489133376596,71.90984590000369,71.91535453189297,71.92141070342319,71.92800747873605,71.9351379219733,71.94279509727664,71.95097206878782,71.95966190064858,71.96885765700063,71.9785524019857,71.98873919974552,71.99941111442183,72.01056121015635,72.02218255109082,72.03426820136696,72.04681122512649,72.05980468651116,72.07324164966268,72.08711517872278,72.10141833783321,72.11614419113567,72.13128580277193,72.14683623688367,72.16278855761266,72.1791358291006,72.19587111548925,72.2129874809203,72.23047798953552,72.2483357054766,72.26655369288531,72.28512501590335,72.30404273867245,72.32329992533435,72.34288964003078,72.36280494690347,72.38303891009413,72.4035845937445,72.42443506199632,72.44558337899132,72.4670226088712,72.48874581577773,72.51074606385261,72.53301641723758,72.55554994007436,72.5783396965047,72.6013787506703,72.62466016671291,72.64817700877427,72.67192234099608,72.69588922752007,72.720070732488,72.74445992004158,72.76904985432253,72.79383359947259,72.81880421963349,72.84395477894697,72.86927834155473,72.89476797159853,72.92041673322008,72.94621769056111,72.97216390776336,72.99824788312718,73.02445083595606,73.05074359389496,73.07709659658875,73.10348028368226,73.12986509482035,73.15622146964787,73.18251984780969,73.20873066895062,73.23482437271556,73.26077139874933,73.28654218669679,73.31210717620282,73.33743680691222,73.36250151846987,73.38727175052063,73.41171794270933,73.43581053468084,73.45951996608002,73.4828166765517,73.50567110574075,73.52805369329201,73.54993487885034,73.57128510206057,73.59207480256758,73.61227442001622,73.63185439405133,73.65078516431777,73.66903717046037,73.68658085212402,73.70338664895354,73.7194250005938,73.73466634668965,73.74908112688593,73.76263978082751,73.77531274815922,73.78707046852594,73.79788338157249,73.80772192694376,73.81655654428457,73.82435767323977,73.83109575345425,73.83674122457282,73.84126452624035,73.8446360981017,73.84682637980171,73.84780581098524,73.84754483129713,73.84601388038223,73.84318339788541,73.83902382345153,73.8335055967254,73.82659915735192,73.81827494497591,73.80850339924224,73.79725495979574,73.78450006628128,73.77020915834372,73.7543526756279,73.73690105777865,73.71782474444088
74.43683557930646,74.3139041581891,74.19097273707175,74.06839030627717,73.94927652002879,73.83431764400912,73.72344778477661,73.61660104888973,73.51371154290696,73.41471337338673,73.3195406468875,73.22812746996776,73.14040794918593,73.05631619110049,72.9757863022699,72.8987523892526,72.82514855860708,72.7549089168918,72.68796757066517,72.6242586264857,72.56371619091182,72.50627437050201,72.45186727181472,72.4004290014084,72.35189366584153,72.30619537167254,72.26326822545992,72.22304633376211,72.18546380313758,72.1504547401448,72.11795325134219,72.08789344328824,72.0602094225414,72.03483529566013,72.0117051692029,71.99075314972815,71.97191334379436,71.95511985795996,71.94030679878344,71.92740827282324,71.91635838663784,71.90709124678568,71.89954095982522,71.89364163231492,71.88932737081325,71.88653228187867,71.88519047206962,71.88523604794457,71.88660311606199,71.88922578298032,71.89303815525803,71.89797433945358,71.90396844212542,71.91095456983203,71.91886682913184,71.92763932658333,71.93720616874496,71.94750146217518,71.95845931343244,71.97001382907523,71.98209911566198,71.99464927975117,72.00760035891852,72.0209168468214,72.03458492096136,72.04859130396699,72.06292271846684,72.07756588708946,72.09250753246343,72.10773437721728,72.12323314397959,72.13899055537892,72.15499333404382,72.17122820260286,72.18768188368459,72.20434109991757,72.22119257393037,72.23822302835153,72.25541918580963,72.27276776893322,72.29025550035085,72.3078691026911,72.32559529858253,72.34342081065367,72.3613323615331,72.37931667384939,72.39736047023106,72.41545047330672,72.4335734057049,72.45171599005417,72.46986494898307,72.48800700512018,72.50612888109406,72.52421729953326,72.54225898306635,72.56024065432187,72.57814903592839,72.59597085051448,72.61369282070868,72.63130166913956,72.64878411843569,72.66612689122562,72.68331671013789,72.70034029780109,72.71718437684376,72.73383566989448,72.75028089958178,72.76650678853424,72.78250005938041,72.79824743474886,72.81373563726815,72.82895138956683,72.84388141427345,72.85851243401659,72.8728311714248,72.88682434912664,72.90047868975067,72.91378091592546,72.92671775027955,72.93927591544151,72.9514421340399,72.9632077726322,72.9745983071587,72.98565441886207,72.99641685895516,73.00692637865079,73.0172237291618,73.02734966170104,73.03734492748134,73.04725027771555,73.05710646361649,73.06695423639702,73.07683434726997,73.08678754744817,73.09685458814447,73.1070762205717,73.1174931959427,73.12814626547032,73.1390761803674,73.15032369184675,73.16192955112123,73.1739345094037,73.18637931790695,73.19930472784385,73.21275149042724,73.22676035686995,73.24137207838481,73.25662740618468,73.27256709148239,73.28923188549076,73.30666253942266,73.32489980449091,73.34398443190835,73.36395717288782,73.38485877864217,73.40673000038423,73.42961158932683,73.45354429668281,73.47856887366503,73.5047260714863,73.53205664135947,73.56060133449739,73.59040090211289,73.6214960954188,73.65392766562798,73.68773636395323,73.72296294160743,73.75964814980341,73.797832739754,73.83755746267204,73.87886306977036,73.9217903122618,73.96637994135924,74.01267270827546,74.06070936422333,74.11053066041568,74.16217734806534,74.21569017838517,74.27110990258801,74.32847727188668
74.17085064547499,74.06412727835936,73.96095315659443,73.86127398667813,73.76503547510839,73.67218332838317,73.58266325300042,73.49642095545809,73.41340214225414,73.3335525198865,73.2568177948531,73.18314367365193,73.11247586278088,73.04476006873799,72.9799419980211,72.91796735712825,72.85878185255734,72.80233119080631,72.74856107837314,72.69741722175579,72.64884532745214,72.60279110196018,72.5592002517779,72.51801848340315,72.47919150333396,72.44266501806828,72.408384734104,72.37629635793908,72.34634559607153,72.31847815499921,72.29263974122014,72.26877606123224,72.24683282153345,72.22675572862173,72.20849048899501,72.19198280915126,72.17717839558841,72.16402295480444,72.15246219329725,72.14244181756484,72.13390753410513,72.12680504941605,72.1210800699956,72.11667830234165,72.11354545295222,72.11162722832526,72.11086933495864,72.11121747935039,72.11261736799841,72.11501470740069,72.11835520405512,72.12258456445969,72.12764849511234,72.13349270251103,72.14006289315367,72.14730477353825,72.15516405016271,72.16358642952497,72.17251761982806,72.18191158623958,72.19174967094673,72.2020188826531,72.21270623006237,72.22379872187807,72.23528336680383,72.24714717354325,72.25937715079993,72.27196030727745,72.28488365167948,72.29813419270957,72.3116989390713,72.32556489946836,72.33971908260426,72.35414849718265,72.36884015190714,72.38378105548131,72.39895821660878,72.41435864399315,72.429969346338,72.44577733234695,72.46176961072362,72.4779331901716,72.49425507939449,72.51072228709589,72.5273218219794,72.54404069274864,72.56086590810719,72.57778447675867,72.59478340740668,72.61184970875482,72.62897038950669,72.64613245836591,72.66332292403607,72.68052879522077,72.69773708062363,72.7149347889482,72.73210892889816,72.74924650917708,72.76633453848854,72.78336002553615,72.80030997902355,72.81717140765431,72.83393132013205,72.85057672516038,72.86709463144285,72.88347204768311,72.89969598258477,72.91575344485142,72.93163144318663,72.94731698629406,72.96279708287727,72.97805874163987,72.99308897128549,73.00787478051771,73.02240317804015,73.03666117255636,73.05063577277002,73.06431398738471,73.07768282510398,73.09073058911233,73.10347138566488,73.11594309411512,73.12818448144819,73.14023431464912,73.15213136070301,73.16391438659494,73.17562215931002,73.18729344583332,73.19896701314997,73.21068162824497,73.2224760581035,73.23438906971057,73.24645943005135,73.25872590611084,73.2712272648742,73.28400227332645,73.29708969845274,73.31052830723812,73.3243568666677,73.33861414372655,73.35333890539977,73.36856991867242,73.38434595052962,73.40070576795645,73.41768813793797,73.43533182745932,73.45367560350553,73.47275823306174,73.492618483113,73.51329512064441,73.53482691264105,73.55725262608803,73.5806110279704,73.6049408852733,73.63028096498178,73.65667003408092,73.68414685955582,73.71275020839158,73.74251884757325,73.77349154408597,73.8057070649148,73.83920417704482,73.87402164746115,73.91019824314881,73.94777273109295,73.98678387827866,74.02727045169098,74.06927121831504,74.11282494513588,74.15797039913866,74.2047463473084,74.25319155663021,74.30334479408918,74.3552448266704,74.40893042135897,74.46444034513993,74.52181336499842,74.58108824791952,74.6423037608883,74.70549867088982
72.10890683139479,72.0997697172908,72.09040544513917,72.08083470711547,72.07107819539522,72.06115660215396,72.05109061956722,72.04090093981054,72.03060825505946,72.02023325748952,72.00979663927626,71.99931909259521,71.98882130962191,71.9783239825319,71.96784780350072,71.9574134647039,71.94704165831698,71.93675307651549,71.92656841147497,71.91650835537098,71.90659360037903,71.89684483867467,71.88728276243341,71.87792806383084,71.86880143504246,71.85992356824381,71.85131515561045,71.84299688931789,71.83498946154167,71.82731356445734,71.81998989024044,71.81303913106649,71.80648197911106,71.80033912654964,71.7946312655578,71.78937908831107,71.78460328698499,71.7803245537551,71.77656358079692,71.773341060286,71.77067768439788,71.7685941453081,71.76711113519218,71.76624934622568,71.76602947058412,71.76647220044303,71.76759822797798,71.76942824536448,71.77198294477809,71.77528301839432,71.77934915838871,71.78420205693682,71.78986240621418,71.79635089839631,71.80368822565877,71.81189508017708,71.8209921541268,71.83100013968344,71.84193972679144,71.8538208010238,71.86661742468128,71.88029624533654,71.89482391056218,71.91016706793081,71.9262923650151,71.94316644938765,71.96075596862107,71.97902757028801,71.99794790196108,72.01748361121292,72.03760134561614,72.05826775274336,72.07944948016724,72.10111317546036,72.12322548619538,72.1457530599449,72.16866254428156,72.19192058677798,72.2154938350068,72.23934893654061,72.26345253895207,72.28777128981379,72.31227183669839,72.3369208271785,72.36168490882676,72.38653072921578,72.41142493591818,72.43633417650659,72.46122509855364,72.48606434963196,72.51081857731415,72.53545442917287,72.55993855278072,72.58423759571033,72.60831820553435,72.63214702982536,72.65569071615602,72.67891591209893,72.70178926522674,72.72427742311206,72.74634703332751,72.76796474344573,72.78909720103934,72.80971105368096,72.82977294894322,72.84924953439874,72.86810745762016,72.88631336618008,72.90383390765115,72.92063572960598,72.9366854796172,72.95194980525743,72.96639535409929,72.97998877371543,72.99269671167846,73.004485815561,73.01532273293567,73.02517411137512,73.03400659845195,73.04178940109873,73.04854274233465,73.05433384774119,73.05923169786506,73.06330527325294,73.06662355445154,73.06925552200754,73.07127015646763,73.07273643837853,73.0737233482869,73.07429986673947,73.07453497428291,73.07449765146393,73.0742568788292,73.07388163692545,73.07344090629934,73.07300366749759,73.07263890106688,73.07241558755392,73.07240270750538,73.07266924146798,73.07328416998838,73.07431647361332,73.07583513288947,73.07790912836352,73.08060744058216,73.0839990500921,73.08815293744003,73.09313808317265,73.09902346783664,73.10587807197871,73.11377087614555,73.12277086088385,73.1329470067403,73.1443682942616,73.15710370399445,73.17122221648553,73.18679281228155,73.20388447192921,73.22256617597517,73.24290690496618,73.26497563944888,73.28884135996998,73.3145730470762,73.3422396813142,73.37191024323069,73.40365371337236,73.43753907228593,73.47363530051805,73.51201137861545,73.55273628712482,73.59587900659284,73.6415085175662,73.68969380059161,73.74050383621577,73.79400760498535,73.85027408744708,73.9093722641476,73.97137111563366,74.03633962245193,74.10434676514912
72.47625329467505,72.44271590699972,72.41052955996568,72.37967147059378,72.35011885590485,72.32184893291975,72.2948389186593,72.26906603014434,72.24450748439574,72.22114049843431,72.19894228928091,72.17789007395639,72.15796106948157,72.13913249287731,72.12138156116444,72.10468549136381,72.08902150049624,72.07436680558261,72.06069862364375,72.04799417170048,72.03623066677368,72.02538532588414,72.01543536605274,72.00635800430032,71.99813045764772,71.99072994311577,71.98413367772531,71.9783188784972,71.97326276245228,71.96894254661137,71.96533544799534,71.96241868362502,71.96016947052124,71.95856502570486,71.95758256619672,71.95719930901764,71.9573924711885,71.95813926973011,71.95941692166332,71.96120264400899,71.96347365378793,71.96620716802101,71.96938040372906,71.97297057793293,71.97695490765344,71.98131060991146,71.98601490172781,71.99104500012335,71.99637812211891,72.00199148473534,72.00786230499347,72.01396779991416,72.02028518651822,72.02679168182654,72.03346450285991,72.04028086663922,72.04721799018527,72.05425309051894,72.06136338588966,72.06853204426623,72.0757619606711,72.08306011324727,72.09043348013778,72.09788903948562,72.10543376943384,72.11307464812545,72.12081865370347,72.12867276431092,72.13664395809081,72.14473921318618,72.15296550774003,72.1613298198954,72.1698391277953,72.17850040958275,72.18732064340077,72.19630680739238,72.2054658797006,72.21480483846845,72.22433066183896,72.23405032795515,72.24397081496001,72.2540991009966,72.2644421642079,72.27500698273698,72.28580053472682,72.29682979832046,72.3081017516609,72.31962337289119,72.33140164015433,72.34344353159334,72.35575602535124,72.36834609957106,72.38122073239582,72.39438690196853,72.40785158643222,72.42162176392989,72.4357044126046,72.45010651059933,72.46483503605712,72.47989696712098,72.49529928193395,72.51104895863902,72.52715297537924,72.54361831029762,72.56045194153717,72.57766084724092,72.59525200555188,72.61323239461309,72.63160899256755,72.65038877755829,72.66957872772834,72.68918582122069,72.7092170361784,72.72967935074445,72.75057974306189,72.77192519127374,72.79372267352299,72.81597916795269,72.83870165270585,72.86189605082392,72.88554725385808,72.90962077645324,72.93408140976615,72.95889394495357,72.98402317317225,73.00943388557896,73.03509087333043,73.06095892758344,73.08700283949474,73.11318740022108,73.13947740091922,73.1658376327459,73.19223288685792,73.21862795441199,73.24498762656488,73.27127669447336,73.29745994929416,73.32350218218406,73.3493681842998,73.37502274679815,73.40043066083585,73.42555671756968,73.45036570815637,73.47482242375268,73.49889165551538,73.52253819460122,73.54572683216695,73.56842235936934,73.59058956736513,73.61219324731107,73.63319819036394,73.65356918768047,73.67327103041745,73.6922685097316,73.7105264167797,73.7280095427185,73.74468267870475,73.7605106158952,73.77545814544662,73.78949005851577,73.8025711462594,73.81466619983425,73.82574001039708,73.83575736910468,73.84468306711376,73.85248189558112,73.85911864566347,73.8645581085176,73.86876507530026,73.87170433716818,73.87334068527815,73.87363891078692,73.87256380485123,73.87008015862784,73.86615276327352,73.86074640994501,73.85382588979907,73.84535599399247,73.83530151368194,73.82362724002427
73.3931122836889,73.31091425727719,73.23144077649144,73.15465290091622,73.0805116901361,73.00897820373568,72.9400135012995,72.87357864241217,72.80963468665824,72.7481426936223,72.6890637228889,72.63235883404266,72.57798908666813,72.52591554034987,72.47609925467249,72.42850128922053,72.38308270357861,72.33980455733126,72.29862791006309,72.25951382135865,72.22242335080253,72.18731755797931,72.15415750247355,72.12290424386984,72.09351884175274,72.06596235570684,72.04019584531672,72.01618037016695,71.9938769898421,71.97324676392672,71.95425075200545,71.93685001366282,71.92100560848341,71.9066785960518,71.89383003595256,71.88242098777029,71.87241251108954,71.8637656654949,71.85644151057092,71.85040110590221,71.84560551107333,71.84201578566886,71.83959298927337,71.83829818147143,71.83809242184763,71.83893676998653,71.84079228547273,71.84362002789078,71.84738105682527,71.85203643186077,71.85754721258186,71.86387445857311,71.8709792294191,71.87882258470441,71.88736558401361,71.89656928693127,71.90639475304197,71.9168030419303,71.92775521422922,71.93921740763753,71.95117259351339,71.96360722745867,71.9765077650752,71.98986066196483,72.00365237372937,72.01786935597069,72.03249806429062,72.047524954291,72.06293648157369,72.0787191017405,72.09485927039329,72.11134344313389,72.12815807556416,72.1452896232859,72.162724541901,72.18044928701127,72.19845031421858,72.21671407912471,72.23522703733157,72.25397564444097,72.27294635605475,72.29212562777474,72.31149991520279,72.33105567394075,72.35077935959046,72.37065742775376,72.39067633403248,72.41082253402847,72.43108248334356,72.45144263757959,72.47188945233843,72.49240938322188,72.51298888583182,72.53361441577005,72.55427242863844,72.57494938003882,72.59563172557303,72.61630592084292,72.63695842145032,72.65757568299708,72.67814416108503,72.69865031131602,72.71908058929188,72.73942145061446,72.7596593508856,72.77978074570714,72.79977209068092,72.81961984140878,72.83931045349256,72.8588303825341,72.87816608413524,72.89730401389782,72.91623062742369,72.93493238031469,72.95339572817265,72.97160712659941,72.98955303119682,73.00721989756671,73.02459418131095,73.04166310045986,73.05842907064033,73.07490850945435,73.09111835730477,73.10707555459443,73.12279704172616,73.13829975910281,73.15360064712722,73.16871664620223,73.18366469673066,73.19846173911539,73.21312471375923,73.22767056106503,73.24211622143564,73.25647863527388,73.2707747429826,73.28502148496464,73.29923580162286,73.31343463336007,73.32763492057913,73.34185360368286,73.35610762307414,73.37041391915577,73.38478943233059,73.39925110300148,73.41381587157124,73.42850067844275,73.4433224640188,73.45829816870229,73.473444732896,73.48877909700282,73.50431820142555,73.52007898656706,73.53607839283018,73.55233336061775,73.56886083033262,73.58567774237761,73.60280103715559,73.62024765506936,73.63803453652181,73.65617862191574,73.674696851654,73.69360616613945,73.71292350577491,73.73266581096323,73.75285002210724,73.77349307960979,73.79461192387372,73.81622349530186,73.83834473429707,73.86099258126217,73.88418397660001,73.90793586071345,73.9322651740053,73.9571888568784,73.9827238497356,74.00888709297976,74.0356955270137,74.06316609224027,74.0913157290623,74.12016137788262
73.78910343397214,73.69323019948577,73.60037041485919,73.51048034036577,73.4235162362789,73.33943436287191,73.25819098041819,73.1797423491911,73.104044729464,73.03105438151024,72.96072756560321,72.89302054201625,72.82788957102272,72.76529091289602,72.70518082790947,72.64751557633647,72.59225141845036,72.53934461452452,72.4887514248323,72.44042810964707,72.39433092924219,72.35041614389102,72.30864001386695,72.26895879944331,72.23132876089348,72.19570615849082,72.1620472525087,72.13030830322047,72.10044557089952,72.07241531581919,72.04617379825284,72.02167727847386,71.99888201675559,71.97774427337139,71.95822030859465,71.94026638269871,71.92383875595695,71.90889368864272,71.89538744102938,71.88327627339032,71.8725164459989,71.86306421912845,71.85487585305236,71.84790760804398,71.8421157443767,71.83745652232386,71.83388620215882,71.83136104415497,71.82983730858565,71.82927125572422,71.82961914584408,71.83083723921855,71.83288179612101,71.83570907682484,71.83927534160338,71.84353685073,71.84844986447807,71.85397064312096,71.86005544830422,71.86666718671924,71.87379079755476,71.88141578030258,71.88953163445447,71.89812785950228,71.9071939549378,71.91671942025282,71.92669375493915,71.9371064584886,71.94794703039295,71.95920497014404,71.97086977723366,71.9829309511536,71.99537799139569,72.00820039745169,72.02138766881345,72.03492930497274,72.04881480542139,72.06303366965118,72.07757539715392,72.09242948742143,72.1075854399455,72.12303275421793,72.13876092973052,72.1547594659751,72.17101786244345,72.18752561862738,72.20427223401869,72.22124720810918,72.23844004039066,72.25584023035493,72.27343727749381,72.29122068129908,72.30917994126257,72.32730455687604,72.34558402763135,72.36400785302025,72.38256553253458,72.40124656566614,72.42004045190671,72.43893669074811,72.45792478168215,72.47699422420062,72.49613451779533,72.51533516195809,72.53458565618068,72.55387549995494,72.57319419277263,72.5925312341256,72.61187612350561,72.6312183604045,72.65054744431406,72.66985287472608,72.68912415113238,72.70835077302475,72.72752223989501,72.74662805123495,72.76565770653637,72.7846007052911,72.80344654699093,72.82218551433537,72.84082350181555,72.85938078750723,72.87787818653551,72.89633651402544,72.91477658510203,72.93321921489039,72.95168521851554,72.97019541110254,72.98877060777646,73.00743162366236,73.02619927388527,73.04509437357025,73.06413773784239,73.08335018182669,73.10275252064825,73.1223655694321,73.14221014330333,73.16230705738695,73.18267712680803,73.20334116669164,73.22431999216283,73.24563441834665,73.26730526036816,73.28935333335241,73.31179945242447,73.33466443270936,73.35796908933217,73.38173423741794,73.40598069209175,73.43072926847861,73.45600078170361,73.4818160468918,73.50819587916821,73.53516109365793,73.56273250548601,73.59093092977749,73.61977718165744,73.6492920762509,73.67949642868292,73.71041105407859,73.74205676756293,73.77445438426102,73.8076247192979,73.84158858779863,73.87636680488826,73.91198018569186,73.94844954533446,73.98579569894115,74.02403946163695,74.06320164854694,74.10330307479617,74.14436455550968,74.18640690581255,74.22945094082982,74.27351747568655,74.31862732550779,74.36480130541861,74.41206023054404,74.46042491600916,74.50991617693902
71.26291695069503,71.32838136055113,71.39006207994372,71.44805114290757,71.50244058347744,71.5533224356881,71.60078873357433,71.6449315111709,71.68584280251257,71.72361464163413,71.75833906257033,71.79010809935595,71.81901378602576,71.84514815661454,71.86860324515705,71.88947108568804,71.90784371224233,71.92381315885466,71.9374714595598,71.94891064839253,71.9582227593876,71.9654998265798,71.97083388400391,71.97431696569468,71.97604110568689,71.97609833801529,71.9745806967147,71.97158021581984,71.9671889293655,71.96149887138647,71.95460207591749,71.94659057699334,71.9375564086488,71.92759160491863,71.9167881998376,71.9052382274405,71.89303372176208,71.88026671683711,71.86702924670037,71.85341334538664,71.83951104693067,71.82541438536724,71.81121539473112,71.79700610905708,71.78287856237988,71.76892478873431,71.75523682215514,71.74190669667713,71.72902644633506,71.71668810516368,71.70498370719778,71.69400528647213,71.6838448770215,71.67459451288066,71.66634622808436,71.65919205666741,71.65322403266454,71.64853419011057,71.64521455771471,71.64333137491427,71.64286537352422,71.64377958692677,71.64603704850417,71.64960079163863,71.65443384971242,71.66049925610771,71.66776004420679,71.67617924739184,71.68571989904511,71.69634503254885,71.70801768128526,71.72070087863658,71.73435765798503,71.74895105271285,71.76444409620227,71.78079982183552,71.79798126299481,71.8159514530624,71.83467342542049,71.85411021345135,71.87422485053717,71.8949803700602,71.91633980540264,71.93826618994676,71.96072255707477,71.98367194016892,72.00707737261139,72.03090188778445,72.05510851907032,72.07966029985123,72.10452026350941,72.1296514434271,72.1550168729865,72.18057958556986,72.2063026145594,72.23214899333736,72.25808175528597,72.28406393378746,72.31005856222406,72.33602867397796,72.36193730243146,72.38774748096674,72.41342224296604,72.43892462181158,72.46421765088562,72.48926436357037,72.51402779324805,72.5384709733009,72.56255693711115,72.58624871806101,72.60950934953276,72.63230186490858,72.65458929757072,72.6763346809014,72.69750104828287,72.71805143309734,72.73794886872705,72.75715638855421,72.77563702596107,72.79335556034137,72.81031157458584,72.82653671703035,72.84206383325925,72.85692576885678,72.87115536940728,72.884785480495,72.89784894770426,72.91037861661934,72.92240733282453,72.93396794190413,72.94509328944244,72.95581622102374,72.9661695822323,72.97618621865244,72.98589897586847,72.99534069946462,73.00454423502525,73.0135424281346,73.022368124377,73.03105416933671,73.03963340859804,73.04813868774528,73.05660285236273,73.06505874803464,73.07353922034537,73.08207711487916,73.09070527722032,73.09945655295313,73.1083637876619,73.11745982693091,73.12677751634446,73.13634970148684,73.14620922794232,73.15638894129522,73.16692168712983,73.17784031103044,73.1891776585813,73.20096657536676,73.21323990697111,73.2260304989786,73.23937119697354,73.25329484654023,73.26783429326296,73.283022382726,73.29889196051369,73.31547587221027,73.33280696340006,73.35091807966735,73.36984206659643,73.38961176977158,73.4102600347771,73.43181970719729,73.45432363261644,73.47780465661883,73.50229562478876,73.52782938271052,73.55443877596839,73.5821566501467,73.6110158508297,73.64104922360171
73.48007850206162,73.4048115503365,73.3318178434733,73.26106845812852,73.19253447095869,73.12618695862032,73.06199699776994,72.99993566506404,72.93997403715916,72.88208319071181,72.82623420237852,72.7723981488158,72.72054610668015,72.6706491526281,72.62267836331618,72.5766048154009,72.53239958553877,72.49003375038632,72.44947838660005,72.41070457083649,72.37368337975215,72.33838589000356,72.30478317824723,72.27284632113968,72.24254639533743,72.21385447749698,72.18674164427487,72.1611789723276,72.1371375383117,72.11458841888368,72.09350269070008,72.07385143041738,72.05560571469212,72.03873662018081,72.02321522353998,72.00901260142614,71.9960998304958,71.98444798740547,71.9740281488117,71.96481139137099,71.95676879173985,71.9498714265748,71.94409037253237,71.93939670626906,71.93576150444142,71.93315584370592,71.93155080071911,71.93091745213749,71.9312268746176,71.93245014481593,71.93455833938903,71.93752253499339,71.94131380828554,71.94590323592199,71.95126189455927,71.95736086085388,71.96417121146236,71.9716640230412,71.97981037267803,71.98858342504867,71.99796326649408,72.00793141600677,72.01846939257923,72.02955871520393,72.04118090287339,72.0533174745801,72.06594994931653,72.07905984607518,72.09262868384856,72.10663798162915,72.12106925840943,72.13590403318192,72.15112382493908,72.16671015267342,72.18264453537743,72.19890849204361,72.21548354166444,72.23235120323243,72.24949299574004,72.26689043817979,72.28452504954416,72.30237834882566,72.32043185501675,72.33866708710994,72.35706556409774,72.37560880497261,72.39427832872705,72.41305565435357,72.43192230084466,72.45085978719278,72.46984963239046,72.48887335543019,72.50791247530442,72.5269485110057,72.54596298152647,72.56493740585927,72.58385330299654,72.60269219193083,72.62143559165459,72.64006502116032,72.65856199944052,72.67690804548768,72.6950846782943,72.71307341685285,72.73085578015584,72.74841328719576,72.7657274569651,72.78277980845635,72.799551860662,72.81602513257457,72.8321811431865,72.84800141149033,72.86346745647852,72.87856079714359,72.89326295247801,72.90755544147427,72.92141978312489,72.93483749642233,72.9477901003591,72.96026062235106,72.97226215743234,72.98383550278349,72.99502248991807,73.00586495034966,73.01640471559183,73.02668361715817,73.03674348656223,73.0466261553176,73.05637345493786,73.06602721693655,73.07562927282729,73.08522145412363,73.09484559233913,73.1045435189874,73.11435706558198,73.12432806363647,73.13449834466442,73.14490974017943,73.15560408169506,73.16662320072489,73.17800892878249,73.18980309738143,73.20204753803529,73.21478408225764,73.22805456156205,73.24190080746212,73.25636465147139,73.27148792510344,73.28731245987187,73.30388008729024,73.32123263887212,73.33941194613108,73.35845984058071,73.37841815373456,73.39932871710623,73.42123336220928,73.44417392055729,73.46819222366382,73.49333010304247,73.51962939020679,73.54713191667037,73.57587951394677,73.60591401354958,73.63727724699235,73.67001104578868,73.70415724145215,73.7397576654963,73.77685414943473,73.815488524781,73.8557026230487,73.8975382757514,73.94103731440266,73.98624157051607,74.0331928756052,74.08193306118362,74.1325039587649,74.18494739986262,74.23930521599036,74.29561923866169,74.35393129939017
72.60895990564767,72.61659163466547,72.62256823470153,72.62694427004706,72.6297743049932,72.63111290383114,72.63101463085205,72.62953405034712,72.6267257266075,72.6226442239244,72.61734410658896,72.61087993889237,72.60330628512581,72.59467770958047,72.58504877654748,72.57447405031806,72.56300809518338,72.55070547543458,72.53762075536288,72.52380849925943,72.50932327141541,72.49421963612201,72.47855215767038,72.46237540035172,72.44574392845719,72.42871230627796,72.41133509810523,72.39366686823016,72.37576218094392,72.3576756005377,72.33946169130267,72.32117501753,72.30287014351087,72.28460163353645,72.26642405189793,72.24839196288647,72.23055993079326,72.21298251990946,72.19571429452627,72.17880981893484,72.16232365742634,72.14631037429197,72.1308245338229,72.11592070031031,72.10165343804536,72.08807731131922,72.0752468844231,72.06321672164815,72.05204138728554,72.04177544562646,72.03247346096208,72.02418999758358,72.01697961978213,72.01089689184892,72.0059963780751,72.00233264275185,71.99996025017037,71.99893376462182,71.99930774646104,72.00111769389707,72.00433590216215,72.0089215846883,72.01483395490747,72.02203222625167,72.03047561215288,72.04012332604309,72.0509345813543,72.06286859151847,72.07588456996761,72.08994173013372,72.10499928544876,72.12101644934472,72.13795243525361,72.1557664566074,72.17441772683809,72.19386545937765,72.21406886765809,72.23498716511138,72.25657956516952,72.2788052812645,72.3016235268283,72.3249935152929,72.34887446009031,72.37322557465251,72.39800607241148,72.42317516679921,72.4486920712477,72.47451599918892,72.50060616405487,72.52692177927754,72.55342205828892,72.58006621452098,72.60681346140572,72.63362301237512,72.6604540808612,72.68726588029591,72.71401762411125,72.74066852573921,72.76717779861178,72.79350465616096,72.81960831181871,72.84544797901704,72.87098287118793,72.89617220176336,72.92097518417535,72.94535103185584,72.96925895823685,72.99265817675037,73.01550790082838,73.03776734390286,73.05939571940581,73.08035224076922,73.10059612142506,73.12008657480534,73.13878281434204,73.15664405346713,73.17362950561262,73.18969838421052,73.20480990269276,73.2189258510258,73.2320593776046,73.2442709487957,73.25562279770746,73.26617715744827,73.27599626112648,73.28514234185049,73.29367763272866,73.30166436686937,73.309164777381,73.31624109737191,73.3229555599505,73.32937039822512,73.33554784530418,73.341550134296,73.347439498309,73.35327817045153,73.35912838383199,73.36505237155873,73.37111236674015,73.37737060248459,73.38388931190046,73.39073072809612,73.39795708417995,73.40563061326031,73.41381354844559,73.42256812284417,73.4319565695644,73.44204112171468,73.45288401240337,73.46454747473886,73.47709374182952,73.49058504678372,73.50508362270983,73.52065170271624,73.5373515199113,73.55524530740341,73.57439529830094,73.59486372571226,73.61671282274574,73.64000482250978,73.66480195811272,73.69116646266296,73.71916056926887,73.7488465110388,73.78028652108117,73.81354283250433,73.84867767841664,73.8857532919265,73.92483190614229,73.96597575417236,74.0092470691251,74.05470808410888,74.10242103223207,74.15244814660306,74.20485166033022,74.25969380652192,74.31703681828654,74.37694292873246,74.43947437096803,74.50469337810165
73.54597281276045,73.49825657668134,73.45087292079336,73.40383936764229,73.35717343977393,73.31089265973404,73.26501455006837,73.21955663332275,73.17453643204288,73.12997146877461,73.08587926606367,73.04227734645588,72.99918323249693,72.95661444673269,72.91458851170887,72.87312294997125,72.83223528406566,72.79194303653782,72.7522637299335,72.71321488679851,72.67481402967863,72.63707868111959,72.60002636366721,72.56367459986723,72.52804091226545,72.49314282340765,72.45899785583958,72.42562353210701,72.39303737475575,72.36125690633153,72.33029964938018,72.30018312644742,72.27092486007908,72.24254237282088,72.21505318721861,72.18847482581808,72.16282481116502,72.13812066580525,72.1143799122845,72.09162007314856,72.0698586709432,72.04911322821422,72.02940126750738,72.01074031136847,71.99314788234324,71.97664150297746,71.96123869581692,71.94695698340738,71.93381388829465,71.92182693302448,71.91101364014264,71.9013915321949,71.89297813172706,71.8857909612849,71.87984754341417,71.87516540066065,71.87176205557009,71.86965503068834,71.8688618463519,71.86938932466037,71.87120881634334,71.87428433023916,71.87857987518626,71.88405946002302,71.89068709358784,71.8984267847191,71.90724254225523,71.91709837503461,71.9279582918956,71.93978630167666,71.95254641321614,71.96620263535246,71.98071897692398,71.99605944676912,72.0121880537263,72.02906880663386,72.04666571433026,72.06494278565384,72.08386402944302,72.10339345453619,72.12349506977176,72.1441328839881,72.16527090602364,72.18687314471674,72.20890360890581,72.23132630742927,72.25410524912547,72.27720444283284,72.30058789738976,72.32421962163465,72.34806362440585,72.37208391454183,72.39624450088093,72.42050939226155,72.44484259752213,72.46920812550098,72.4935699850366,72.51789218496731,72.54213873413156,72.56627364136767,72.59026091551414,72.61406456540925,72.63764859989149,72.66097702779922,72.68401385797083,72.7067230992447,72.72906876045926,72.75101485045289,72.77252537806402,72.79356435213097,72.8140957814922,72.83408367498609,72.853492041451,72.87228488972539,72.89042622864761,72.90788006705606,72.92461041378917,72.94058127768528,72.95575666758282,72.97010319883307,72.98363944278083,72.9964318392959,73.00854861554632,73.02005799870014,73.03102821592537,73.04152749439004,73.05162406126223,73.06138614370991,73.07088196890118,73.08017976400401,73.08934775618647,73.09845417261661,73.10756724046246,73.11675518689202,73.12608623907335,73.13562862417447,73.14545056936345,73.15562030180828,73.16620604867703,73.17727603713772,73.18889849435837,73.20114164750706,73.21407372375177,73.22776295026057,73.24227755420148,73.25768576274254,73.27405580305177,73.29145590229723,73.30995428764695,73.32961918626896,73.35051882533128,73.37272143200195,73.39629523344902,73.42130845684053,73.4478293293445,73.47592607812896,73.50566693036194,73.5371201132115,73.57035385384566,73.60543637943246,73.64243591713992,73.68142069413608,73.72245893758901,73.76561887466667,73.81096873253716,73.8585767383685,73.90851111932872,73.96084010258585,74.01563191530792,74.07295478466298,74.13287693781908,74.19546660194419,74.26079200420642,74.32892137177376,74.39992293181425,74.47386491149595,74.55081553798686,74.63084303845505,74.71401564006851,74.80040156999533
72.5750398109819,72.55571472049627,72.53618979318139,72.51648536401359,72.49662176796915,72.47661934002438,72.4564984151556,72.43627932833908,72.41598241455117,72.39562800876814,72.37523644596631,72.35482806112198,72.33442318921145,72.31404216521103,72.29370532409702,72.27343300084573,72.25324553043346,72.23316324783652,72.2132064880312,72.19339558599383,72.17375087670068,72.15429269512808,72.13504137625233,72.11601725504971,72.09724066649657,72.07873194556919,72.06051142724385,72.0425994464969,72.02501633830461,72.0077824376433,71.99091807948926,71.97444359881882,71.95837933060827,71.9427456098339,71.92756277147204,71.91285115049897,71.89863108189101,71.88492290062446,71.87174694167564,71.85912354002082,71.84707303063632,71.83561574849845,71.82477202858352,71.81456220586783,71.80500661532767,71.79612559193936,71.78793947067919,71.78046858652347,71.77373327444852,71.76775386943062,71.76255070644609,71.75814412047123,71.75455444648235,71.75180201945574,71.7499071743677,71.74889024619456,71.74877156991262,71.74957148049816,71.75131031115444,71.7539998087697,71.75762325120942,71.762158023799,71.76758151186385,71.77387110072938,71.781004175721,71.78895812216412,71.79771032538414,71.80723817070651,71.8175190434566,71.82853032895984,71.84024941254165,71.85265367952742,71.86572051524259,71.87942730501254,71.89375143416271,71.90867028801848,71.9241612519053,71.94020171114855,71.95676905107365,71.97384065700602,71.99139391427107,72.0094062081942,72.02785492410084,72.04671744731638,72.06597116316625,72.08559345697586,72.1055617140706,72.1258533197759,72.14644565941718,72.16731611831983,72.18844208180928,72.20980093521094,72.23137006385019,72.25312685305249,72.27504868814322,72.2971129544478,72.31929703729165,72.34157832200016,72.36393419389876,72.38634203831286,72.40877924056787,72.43122318598918,72.45365125990224,72.47604084763245,72.4983693345052,72.52061410584592,72.54275254698001,72.5647620432329,72.58661997992999,72.60830374239669,72.6297907159584,72.65105828594056,72.67208383766858,72.69284475646785,72.71331842766378,72.73348223658179,72.7533135685473,72.77278980888572,72.79188834292245,72.81058737735327,72.82888149136654,72.84678034859077,72.86429417587193,72.88143320005608,72.89820764798921,72.91462774651734,72.9307037224865,72.94644580274269,72.96186421413192,72.97696918350023,72.99177093769363,73.00627970355814,73.02050570793976,73.03445917768451,73.04815033963843,73.06158942064751,73.07478664755777,73.08775224721525,73.10049644646594,73.11302947215586,73.12536155113105,73.1375029102375,73.14946377632123,73.16125437622827,73.17288493680464,73.18436568489633,73.19570684734938,73.2069186510098,73.2180113227236,73.2289950893368,73.23988017769544,73.2506768146455,73.26139522703302,73.272045641704,73.28263828550448,73.29318338528044,73.30369116787794,73.31417186014298,73.32463568892156,73.33509288105971,73.34555366340345,73.35602826279879,73.36652690609175,73.37705982012834,73.3876372317546,73.39826936781651,73.40896645516011,73.41973872063141,73.43059639107645,73.4415496933412,73.45260885427172,73.46378410071401,73.47508565951406,73.48652375751794,73.49810862157163,73.50985047852116,73.52175955521254,73.53384607849178,73.54612027520491,73.55859237219795
72.77512504260578,72.746769756826,72.71879482479572,72.69120671904221,72.66401191209268,72.63721687647434,72.61082808471444,72.58485200934022,72.5592951228789,72.5341638978577,72.50946480680386,72.48520432224461,72.46138891670718,72.43802506271878,72.41511923280667,72.39267789949807,72.3707075353202,72.3492146128003,72.32820560446558,72.30768698284331,72.28766522046067,72.26814678984493,72.2491381635233,72.23064581402302,72.2126762138713,72.1952358355954,72.17833115172253,72.16196863477991,72.1461547572948,72.1308959917944,72.11619881080597,72.10206968685671,72.08851509247386,72.07554150018466,72.06315538251631,72.05136321199608,72.04017146115117,72.02958660250884,72.01961510859628,72.01026345194076,72.00153810506947,71.99344554050967,71.98599223078858,71.97918464843343,71.97302926597145,71.96753255592985,71.9627009908359,71.9585410432168,71.95505918559978,71.95226189051209,71.95015563048095,71.94874687803357,71.94804210569721,71.94804778599908,71.94877039146643,71.95021639462647,71.95239226800642,71.95530448413353,71.95895951444594,71.96335855630535,71.96848532020012,71.97431989717225,71.98084237826374,71.9880328545166,71.99587141697282,72.0043381566744,72.01341316466332,72.02307653198162,72.03330834967127,72.04408870877428,72.05539770033265,72.06721541538838,72.07952194498344,72.09229738015988,72.10552181195966,72.1191753314248,72.1332380295973,72.14768999751914,72.16251132623233,72.17768210677889,72.19318243020078,72.20899238754004,72.22509206983862,72.24146156813858,72.25808097348187,72.2749303769105,72.29198986946649,72.30923954219183,72.3266594861285,72.34422979231853,72.3619305518039,72.3797418556266,72.39764379482865,72.41561646045204,72.43363994353878,72.45169433513087,72.46975972627028,72.48781620799903,72.50584387135913,72.52382280739256,72.54173310714133,72.55955486164744,72.57726816195289,72.59485309909967,72.61228976412977,72.62955824808522,72.646638642008,72.66351103694012,72.68015552392357,72.69655219400035,72.71268113821246,72.7285224476019,72.74405621321067,72.75926252608078,72.7741214772542,72.78861315777296,72.80271765867904,72.81641507101446,72.82968548582119,72.84251028125914,72.85489649179266,72.86687478976444,72.8784767301,72.88973386772486,72.90067775756454,72.91133995454454,72.92175201359039,72.9319454896276,72.94195193758169,72.95180291237817,72.96152996894256,72.97116466220037,72.98073854707712,72.99028317849834,72.99983011138953,73.0094109006762,73.01905710128389,73.0288002681381,73.03867195616434,73.04870372028813,73.058927115435,73.06937369653045,73.0800750185,73.09106263626917,73.10236810476347,73.11402297890842,73.12605881362954,73.13850716385235,73.15139958450234,73.16476763050505,73.178642856786,73.19305681827069,73.20804106988464,73.22362716655337,73.23984666320239,73.25673111475723,73.27431207614339,73.29262110228639,73.31168974811175,73.33154956854497,73.3522321185116,73.37376895293713,73.39619162674708,73.41953169486698,73.44382071222232,73.46909023373863,73.49537181434142,73.52269700895623,73.55109737250855,73.58060445992392,73.61124982612782,73.64306502604579,73.67608161460335,73.710331146726,73.74584517733928,73.78265526136867,73.82079295373971,73.86028980937793,73.90117738320882,73.9434872301579
73.03894097141847,72.97728433236463,72.91756681211075,72.85976185042333,72.8038428870689,72.74978336181394,72.69755671442505,72.64713638466867,72.5984958123114,72.55160843711968,72.50644769886009,72.46298703729911,72.4211998922033,72.38105970333916,72.34253991047322,72.30561395337199,72.270255271802,72.23643730552976,72.20413349432181,72.17331727794465,72.14396209616478,72.11604138874878,72.08952859546315,72.06439715607439,72.04062051034904,72.01817209805361,71.99702535895463,71.9771537328186,71.95853065941208,71.94112957850157,71.92492392985358,71.90988715323462,71.89599268841127,71.88321397515,71.87152445321732,71.86089756237979,71.85130674240392,71.84272543305622,71.83512707410324,71.82848510531144,71.82277296644742,71.81796409727764,71.81403193756864,71.81094992708694,71.80869150559906,71.80723011287154,71.80653918867088,71.8065921727636,71.80736250491623,71.8088236248953,71.81094897246732,71.81371198739879,71.81708610945626,71.82104477840625,71.82556143401527,71.83060951604983,71.83616246427647,71.84219371846171,71.8486767193796,71.8555897868178,71.8629274175563,71.87068745670132,71.87886774935899,71.88746614063555,71.89648047563716,71.90590859947,71.91574835724026,71.92599759405414,71.9366541550178,71.94771588523741,71.95918062981923,71.97104623386934,71.983310542494,71.99597140079936,72.00902665389165,72.02247414687699,72.0363117248616,72.05053723295165,72.06514851625334,72.08014341987285,72.09551978891636,72.11127546849008,72.12740830370015,72.14391613965276,72.16079682145414,72.17804819421042,72.19566810302783,72.21365439301252,72.23200490927067,72.25071749690852,72.26979000103219,72.28922026674789,72.30900613916182,72.32914546338014,72.34963608450906,72.37047584765475,72.39166259792336,72.41319418042113,72.43506844025421,72.45728322252882,72.47983637235112,72.50272573482727,72.5259491550635,72.54950447816594,72.57338954924086,72.59760221339434,72.62214031573265,72.64700170136194,72.6721842153884,72.69768570291819,72.72350400905754,72.74963697891258,72.77608245758955,72.80283829019459,72.82990232183391,72.85727239761368,72.88494636264011,72.91292206201936,72.94119734085763,72.96976883077855,72.99860897488566,73.02766793071524,73.05689502371294,73.08623957932437,73.11565092299512,73.14507838017082,73.17447127629708,73.2037789368195,73.23295068718375,73.26193585283539,73.29068375922006,73.31914373178336,73.3472650959709,73.37499717722832,73.40228930100122,73.42909079273522,73.45535097787592,73.48101918186899,73.50604473015994,73.53037694819449,73.5539651614182,73.57675869527671,73.59870687521558,73.6197590266805,73.63986447511704,73.65897254597084,73.6770325646875,73.69399385671261,73.70980574749183,73.72441756247076,73.737778627095,73.7498382668102,73.76054580706193,73.76985057329583,73.7777018909575,73.78404908549257,73.78884148234664,73.79202840696536,73.7935591847943,73.7933831412791,73.79144960186537,73.78770789199874,73.78210733712478,73.77459726268916,73.76512699413746,73.75364585691528,73.7401031764683,73.72444827824208,73.70663048768225,73.68659913023441,73.66430353134419,73.63969301645722,73.61271691101908,73.58332454047542,73.55146523027182,73.51708830585392,73.48014309266733,73.44057891615768,73.39834510177053,73.35339097495157
72.62502202109383,72.6116559106595,72.59796306342338,72.58396261858107,72.56967371532818,72.55511549286024,72.54030709037289,72.52526764706167,72.51001630212218,72.49457219475002,72.47895446414071,72.4631822494899,72.44727468999315,72.43125092484601,72.4151300932441,72.39893133438298,72.38267378745826,72.3663765916655,72.35005888620026,72.33373981025818,72.31743850303477,72.30117410372569,72.28496575152644,72.26883258563268,72.25279374523996,72.23686836954383,72.22107559773991,72.20543456902377,72.189964422591,72.17468429763716,72.15961333335787,72.14477066894867,72.13017544360517,72.11584679652293,72.10180386689757,72.08806579392461,72.0746517167997,72.06158077471838,72.04887210687625,72.03654485246886,72.02461815069185,72.01311114074073,72.00204296181116,71.99143275309865,71.98129965379883,71.97166280310725,71.96254134021953,71.9539544043312,71.9459211346379,71.93846067033516,71.9315921506186,71.92533471468377,71.91970750172626,71.9147296509417,71.91042030152562,71.9067985926736,71.90388366358124,71.90169465344411,71.90025069994542,71.89956361689508,71.89962093486645,71.90040515827019,71.90189879151691,71.90408433901723,71.90694430518175,71.91046119442115,71.91461751114596,71.9193957597669,71.92477844469451,71.93074807033946,71.93728714111234,71.9443781614238,71.95200363568446,71.96014606830491,71.9687879636958,71.97791182626773,71.98750016043135,71.99753547059723,72.00800026117605,72.0188770365784,72.03014830121492,72.04179655949619,72.05380431583288,72.06615407463559,72.07882834031491,72.09180961728154,72.10508040994603,72.11862322271901,72.13242056001113,72.14645492623299,72.16070882579521,72.17516476310843,72.18980524258325,72.20461276863031,72.2195698456602,72.23465897808359,72.24986267031105,72.26516342675325,72.28054375182077,72.29598614992423,72.3114731254743,72.32698718288154,72.3425108265566,72.35802656091013,72.3735168903527,72.38896431929496,72.40435135214753,72.419660493321,72.43487424722605,72.44997511827324,72.46494561087323,72.47976822943662,72.49442547837404,72.50889986209611,72.52317388501348,72.53723005153671,72.55105086607648,72.56461883304337,72.57791645684802,72.59092753354088,72.60366160561372,72.61615193648223,72.62843267524559,72.64053797100308,72.65250197285391,72.66435882989734,72.67614269123254,72.68788770595876,72.69962802317525,72.71139779198126,72.72323116147595,72.7351622807586,72.74722529892844,72.75945436508468,72.77188362832655,72.78454723775332,72.79747934246416,72.81071409155834,72.82428563413507,72.83822811929357,72.8525756961331,72.86736251375288,72.88262272125212,72.89839046773008,72.91469990228597,72.93158517401903,72.94908043202847,72.96721982541354,72.98603750327348,73.00556761470747,73.02584430881478,73.04690173469464,73.06877404144629,73.0914953781689,73.11509989396177,73.1396217379241,73.1650950591551,73.19155400675402,73.2190327298201,73.24756537745256,73.27718609875063,73.30792904281353,73.3398283587405,73.37291819563077,73.40723270258357,73.4428060286981,73.47967232307366,73.51786573480939,73.55742041300459,73.59837050675847,73.64075016517023,73.68459353733914,73.7299347723644,73.77680801934528,73.82524742738096,73.8752871455707,73.92696132301373,73.98030410880926,74.03534965205654,74.09213210185476
73.45864481381982,73.40316796365165,73.34847015053442,73.29455870519828,73.24144095837332,73.18912424078968,73.13761588317747,73.08692321626684,73.03705357078788,72.98801427747073,72.9398126670455,72.89245607024233,72.84595181779133,72.80030724042263,72.75552966886633,72.71162643385259,72.6686048661115,72.6264722963732,72.5852360553678,72.54490347382543,72.50548188247622,72.46697861205027,72.42940099327772,72.3927563568887,72.3570520336133,72.32229535418168,72.28849364932394,72.25565424977022,72.22378448625061,72.19289168949526,72.16298319023429,72.13406631919781,72.10614840711595,72.07923678471883,72.05333878273659,72.02846173189931,72.00461296293716,71.98179980658024,71.96002959355867,71.93930965460258,71.91964732044208,71.9010499218073,71.88352478942836,71.8670792540354,71.85172064635852,71.83745629712784,71.8242935370735,71.81223969692562,71.8013021074143,71.7914880992697,71.78280500322191,71.77526015000106,71.76886087033729,71.76361449496069,71.75952835460141,71.75660977998957,71.75486610185528,71.75430465092867,71.75493275644212,71.75675049466871,71.75973389376936,71.76385400440851,71.76908187725054,71.77538856295985,71.78274511220083,71.79112257563787,71.80049200393537,71.81082444775775,71.82209095776938,71.83426258463466,71.847310379018,71.86120539158378,71.8759186729964,71.89142127392029,71.9076842450198,71.92467863695933,71.9423755004033,71.96074588601611,71.97976084446212,71.99939142640578,72.01960868251145,72.04038366344352,72.06168741986642,72.08349100244452,72.10576546184222,72.12848184872394,72.15161121375404,72.17512460759694,72.19899308091702,72.2231876843787,72.24767946864637,72.2724394843844,72.29743878225723,72.32264841292923,72.3480394270648,72.37358287532834,72.39924980838423,72.4250112768969,72.45083833153072,72.47670202295008,72.5025734018194,72.52842351880308,72.55422342456549,72.57994416977105,72.60555680508415,72.63103238116916,72.65634194869052,72.68145655831262,72.70634726069983,72.73098510651656,72.7553411464272,72.77938643109616,72.80309201118783,72.82642893736661,72.8493682602969,72.87188103064308,72.89393829906956,72.91551111624074,72.936570532821,72.9570888247746,72.97706269214243,72.99651133755741,73.0154548038464,73.03391313383618,73.0519063703536,73.0694545562255,73.08657773427868,73.10329594733997,73.1196292382362,73.1355976497942,73.15122122484081,73.16652000620283,73.1815140367071,73.19622335918044,73.21066801644966,73.22486805134162,73.23884350668312,73.252614425301,73.26620085002209,73.2796228236732,73.29290038908117,73.3060535890728,73.31910246647496,73.33206706411444,73.34496742481808,73.3578235914127,73.37065560672512,73.38348351358219,73.39632735481071,73.40920717323752,73.42214301168944,73.43515491299331,73.44826291997595,73.46148707546416,73.4748474222848,73.48836400326468,73.50205686123063,73.51594603900946,73.53005157942803,73.54439352531314,73.55899191949163,73.57386680479031,73.58903822403602,73.60452622005558,73.62035083567581,73.63653211372353,73.6530900970256,73.67004482840882,73.6874163507,73.70522470672601,73.72348993931365,73.74223209128975,73.76147120548113,73.78122732471462,73.80152049181704,73.82237074961523,73.843798140936,73.86582270860619,73.88846449545262,73.91174354430211
74.26102682011694,74.14690960986289,74.03644727441619,73.92958496452812,73.82626783095,73.72644102443311,73.63004969572879,73.53703899558835,73.4473540747631,73.36094008400431,73.27774217406335,73.19770549569148,73.12077519964004,73.04689643666029,72.9760143575036,72.90807411292127,72.84302085366457,72.78079973048483,72.72135589413338,72.6646344953615,72.6105806849205,72.55913961356171,72.51025643203641,72.46387629109594,72.4199443414916,72.37840573397469,72.33920561929654,72.30228914820842,72.26760147146166,72.23508773980757,72.20469310399747,72.17636271478267,72.15004172291447,72.12567527914416,72.10320853422306,72.08258663890251,72.06375474393377,72.04665800006819,72.03124155805705,72.0174505686517,72.00523018260338,71.99452555066347,71.98528182358325,71.977444152114,71.97095768700709,71.96576757901377,71.96181897888539,71.95905703737324,71.95742690522863,71.95687373320288,71.9573426720473,71.9587788725132,71.96112748535185,71.96433366131461,71.96834255115274,71.97309930561761,71.97854907546048,71.98463701143268,71.9913082661059,71.99851680744894,72.00624583200451,72.01448458606788,72.02322231593433,72.03244826789907,72.04215168825738,72.05232182330445,72.06294791933558,72.074019222646,72.08552497953096,72.09745443628572,72.1097968392055,72.12254143458554,72.13567746872113,72.14919418790748,72.16308083843987,72.17732666661351,72.1919209187237,72.20685284106563,72.22211167993456,72.23768668162577,72.25356709243448,72.26974215865593,72.28620112658541,72.30293324251812,72.31992775274932,72.33717390357427,72.35466094128822,72.37237811218637,72.39031466256404,72.40845983871642,72.42680288693882,72.44533305352641,72.4640395847745,72.48291172697827,72.50193872643305,72.52110982943404,72.54041428227649,72.55984133125563,72.57938022266674,72.59902020280506,72.61875051796585,72.6385604144443,72.65843913853573,72.67837593653536,72.6983600547384,72.71838073944016,72.73842723693585,72.75848879352071,72.77855465549001,72.798614069139,72.8186562807629,72.83867053665699,72.8586460831165,72.87857216643667,72.89843803291274,72.91823292884001,72.93794610051367,72.95756679422897,72.97708425628122,72.99648818807319,73.0157773627325,73.0349589114231,73.05404027737836,73.07302890383167,73.09193223401641,73.11075771116597,73.12951277851369,73.14820487929299,73.16684145673725,73.18542995407981,73.2039778145541,73.22249248139346,73.24098139783129,73.25945200710098,73.2779117524359,73.29636807706942,73.31482842423495,73.33330023716582,73.35179095909544,73.3703080332572,73.38885890288446,73.40745101121061,73.42609180146906,73.44478871689313,73.46354920071624,73.48238069617176,73.50129064649306,73.52028649491353,73.53937568466657,73.55856565898554,73.57786386110382,73.59727773425479,73.61681472167183,73.6364822665883,73.65628781223765,73.67623880185317,73.69634267866832,73.7166068859164,73.73703886683089,73.75764606464506,73.77843592259237,73.79941588390616,73.82059339181984,73.84197588956678,73.86357082038032,73.88538562749392,73.90742775414088,73.92970464355463,73.95222373896854,73.97499248361598,73.99801832073032,74.02130869354497,74.04487104529329,74.06871281920868,74.0928414585245,74.11726440647413,74.14198910629099,74.16702300120838,74.19237353445976,74.21804814927847
71.62033136162641,71.65610142813036,71.68991960388699,71.72183527279502,71.75189781875319,71.78015662566024,71.80666107741489,71.83146055791586,71.85460445106189,71.8761421407517,71.89612301088401,71.91459644535759,71.93161182807113,71.94721854292335,71.96146597381302,71.97440350463886,71.98608051929956,71.99654640169392,72.0058505357206,72.01404230527835,72.02117109426591,72.02728628658203,72.03243726612537,72.03667341679473,72.0400441224888,72.04259876710633,72.04438673454605,72.04545740870667,72.04586017348693,72.04564441278553,72.04485951050127,72.04355485053283,72.04177981677891,72.0395837931383,72.0370161635097,72.03412631179187,72.03096362188349,72.0275774776833,72.02401726309004,72.02033236200246,72.01657215831928,72.01278603593919,72.00902337876094,72.00533357068328,72.00176599560494,71.9983700374246,71.99519508004106,71.99229050735299,71.98970570325916,71.98749005165827,71.98569293644907,71.98436374153026,71.98355185080062,71.98330664815883,71.98367751750364,71.98471384273377,71.98646500774795,71.98898039644494,71.99230938976105,71.9964870229743,72.00150076650196,72.00732824575023,72.01394708612524,72.02133491303313,72.02946935188014,72.0383280280724,72.04788856701605,72.05812859411729,72.06902573478227,72.0805576144172,72.09270185842819,72.10543609222144,72.1187379412031,72.13258503077934,72.14695498635633,72.16182543334024,72.17717399713725,72.19297830315351,72.20921597679516,72.22586464346843,72.24290192857946,72.26030545753439,72.2780528557394,72.29612174860067,72.31448976152437,72.33313451991664,72.3520336491837,72.37116477473167,72.39050552196672,72.410033516295,72.42972638312274,72.44956174785607,72.46951723590114,72.48957047266414,72.50969908355124,72.5298806939686,72.55009292932236,72.57031341501873,72.59051977646386,72.61068963906392,72.63080062822506,72.65083036935347,72.67075648785531,72.69055660913675,72.71020835860394,72.72968936166306,72.74897724372026,72.76804963018175,72.78688414645363,72.80545841794215,72.8237500700534,72.8417367281936,72.8593960177689,72.87670556418546,72.89364299284942,72.91018592916701,72.92631199854436,72.94199882638766,72.95722403810304,72.97196658284513,72.98623179623563,73.00004932449396,73.01344972154003,73.02646354129386,73.03912133767547,73.05145366460478,73.0634910760018,73.07526412578652,73.08680336787891,73.09813935619896,73.10930264466667,73.120323787202,73.13123333772491,73.14206185015543,73.15283987841353,73.16359797641915,73.17436669809236,73.18517659735305,73.19605822812126,73.20704214431696,73.21815889986014,73.22943904867076,73.24091314466882,73.25261174177429,73.26456539390718,73.27680465498743,73.28936007893508,73.30226221967003,73.31554163111234,73.32922886718198,73.3433544817989,73.35794902888311,73.37304306235457,73.3886671361333,73.40485180413926,73.4216276202924,73.43902513851275,73.45707491272027,73.47580749683497,73.49525344477682,73.51544331046578,73.53640764782186,73.55817701076502,73.58078195321526,73.60425302909256,73.62862079231691,73.65391579680828,73.68016859648664,73.70740974527199,73.73566979708433,73.76497930584362,73.79536882546985,73.82686890988298,73.85951011300303,73.89332298874997,73.92833809104378,73.96458597380443,74.00209719095191,74.04090229640623,74.08103184408735
73.03390106859311,72.97528409116296,72.91840942736346,72.86325546905243,72.80980060808778,72.75802323632735,72.70790174562899,72.65941452785054,72.61253997484988,72.5672564784849,72.52354243061339,72.48137622309324,72.4407362477823,72.40160089653844,72.3639485612195,72.32775763368335,72.29300650578784,72.25967356939086,72.22773721635022,72.19717583852378,72.16796782776942,72.14009157594501,72.11352547490836,72.08824791651736,72.06423729262988,72.04147199510373,72.01993041579681,71.99959094656697,71.98043197927205,71.96243190576993,71.94556911791844,71.92982200757547,71.91516896659883,71.90158838684641,71.88905866017609,71.87755817844567,71.86706533351307,71.8575585172361,71.84901612147263,71.8414165380805,71.83473815891762,71.82895937584178,71.8240585807109,71.82001416538279,71.81680452171534,71.81440804156637,71.81280311679379,71.81196813925538,71.81188150080908,71.81252159331271,71.81386680862411,71.81589553860118,71.81858617510173,71.82191710998364,71.8258667351048,71.83041344232299,71.83553562349616,71.84121167048207,71.84741997561733,71.85414124927371,71.86136388756478,71.86907787740475,71.87727320570792,71.88593985938846,71.89506782536066,71.90464709053873,71.9146676418369,71.92511946616943,71.93599255045058,71.94727688159452,71.95896244651553,71.97103923212785,71.9834972253457,71.99632641308335,72.00951678225499,72.02305831977492,72.03694101255729,72.05115484751644,72.06568981156653,72.08053589162182,72.09568307459656,72.11112134740497,72.12684069696132,72.14283111017983,72.1590825739747,72.17558507526024,72.19232860095062,72.20930313796012,72.22649867320297,72.24390519359338,72.26151268604562,72.27931113747394,72.29729053479252,72.31544086491564,72.33375211475754,72.35221427123247,72.37081732125463,72.38955125173828,72.40840604959763,72.42737170174695,72.44643819510048,72.46559551657245,72.48483365307706,72.50414259152862,72.52351231884131,72.54293282192938,72.56239408770708,72.58188610308866,72.6013988549883,72.62092233032033,72.64044651599889,72.6599613989383,72.67945696605273,72.69892320425646,72.71835010046371,72.73772764158875,72.75704581454576,72.77629460624902,72.79546400361278,72.81454417129459,72.83352881693577,72.8524149124286,72.87119955154483,72.88987982805625,72.90845283573455,72.92691566835154,72.94526541967895,72.9634991834885,72.981614053552,72.99960712364117,73.01747548752778,73.03521623898354,73.05282647178026,73.07030327968965,73.08764375648349,73.10484499593352,73.1219040918115,73.13881813788916,73.15558422793828,73.17219945573058,73.18866091503787,73.20496569963183,73.22111090328428,73.23709361976691,73.25291094285151,73.26855996630985,73.28403778391365,73.29934148943465,73.31446817664465,73.32941493931537,73.34417887121856,73.358757066126,73.3731466178094,73.38734462004055,73.40134816659119,73.41515435123307,73.42876026773794,73.44216300987756,73.45535967142368,73.46834734614805,73.48112312782243,73.49368411021857,73.50602738710819,73.51815005226311,73.53004919945502,73.54172192245571,73.55316531503689,73.56437647097039,73.57535248402789,73.58609044798115,73.59658745660195,73.60684060366205,73.61684698293317,73.62660368818709,73.63610781319554,73.64535645173027,73.65434669756306,73.66307564446564,73.67154038620978,73.67973801656723
73.24415615899424,73.17185813023978,73.10185523409145,73.03411379240272,72.96860012702707,72.90528055981798,72.84412141262892,72.78508900731337,72.72814966572481,72.6732697097167,72.62041546114253,72.56955324185577,72.52064937370989,72.47367017855838,72.4285819782547,72.38535109465234,72.34394384960476,72.30432656496545,72.26646556258788,72.23032716432553,72.19587769203186,72.16308346756037,72.13191081276452,72.10232604949778,72.07429549961364,72.04778548496556,72.02276232740704,71.99919234879154,71.97704187097253,71.95627721580348,71.93686470513789,71.91877066082924,71.90196140473097,71.88640325869657,71.87206254457953,71.85890558423331,71.8468986995114,71.83600821226727,71.82620044435438,71.81744171762624,71.80969835393628,71.80293667513801,71.7971230030849,71.79222365963042,71.78820496662804,71.78503324593125,71.78267481939352,71.78109600886832,71.78026313620913,71.78014252326942,71.78070049190268,71.78190336396237,71.78371746130198,71.78610910577495,71.78904461923482,71.792490323535,71.79641254052902,71.80077759207032,71.8055518012642,71.81070755324649,71.81623733258883,71.82213778405942,71.82840555242646,71.83503728245809,71.84202961892252,71.84937920658794,71.85708269022253,71.86513671459444,71.8735379244719,71.88228296462307,71.89136847981612,71.90079111481927,71.91054751440068,71.92063432332851,71.93104818637099,71.94178574829628,71.95284365387256,71.96421854786801,71.97590707505084,71.9879058801892,72.0002116080513,72.0128209034053,72.0257304110194,72.03893677566177,72.0524366421006,72.06622665510409,72.08030345944039,72.0946636998777,72.1093040211842,72.1242210681281,72.13941148547754,72.15487191800072,72.17059901046584,72.18658940764105,72.20283975429456,72.21934669519455,72.2361068751092,72.25311693880668,72.2703735310552,72.28787329662292,72.30561288027803,72.32358892678872,72.34179808092317,72.36023698744955,72.37890229113606,72.39779063675087,72.41689866906218,72.43622303283817,72.45576037284701,72.47550733385688,72.49546056063599,72.5156166979525,72.53597239057459,72.55652428327046,72.57726902080829,72.59820324795626,72.61932360948255,72.64062675015535,72.66210931474282,72.68376777757061,72.70559521550825,72.727581575253,72.74971668662886,72.77199037945982,72.79439248356987,72.81691282878299,72.83954124492318,72.86226756181443,72.88508160928073,72.90797321714608,72.93093221523445,72.95394843336983,72.97701170137623,73.00011184907763,73.02323870629802,73.04638210286139,73.06953186859174,73.09267783331303,73.11580982684929,73.13891767902449,73.16199121966262,73.18502027858767,73.20799468562363,73.23090427059451,73.25373886332427,73.27648829363692,73.29914239135643,73.32169098630682,73.34412390831206,73.36643098719614,73.38860205278306,73.4106269348968,73.43249546336136,73.45419746800073,73.47572277863888,73.49706122509983,73.51820263720755,73.53913684478606,73.5598536776593,73.5803429656513,73.60059453858604,73.6205982262875,73.64034385857968,73.65982126528657,73.67902027623217,73.69793072124044,73.7165424301354,73.73484523274102,73.75282895888131,73.77048343838025,73.78779850106184,73.80476397675005,73.82136969526888,73.83760548644233,73.85346118009437,73.86892660604902,73.88399159413024,73.89864597416202,73.91287957596839,73.9266822293733
73.27111293247332,73.211782773137,73.15399941158083,73.09774931495748,73.04301895041961,72.9897947851199,72.938063286211,72.88781092084561,72.8390241561764,72.791689459356,72.7457932975371,72.7013221378724,72.65826244751453,72.61660069361619,72.57632334333003,72.53741686380873,72.49986772220495,72.46366238567138,72.42878732136067,72.3952289964255,72.36297387801854,72.33200843329246,72.30231912939993,72.27389243349363,72.24671481272621,72.22077273425035,72.19605266521873,72.172541072784,72.15022442409885,72.12908918631594,72.10912182658795,72.09030881206753,72.07263660990738,72.05609168726014,72.04066051127849,72.0263295491151,72.01308526792266,72.00091413485383,71.98980261706126,71.97973718169764,71.97070429591564,71.96269042686792,71.95568204170716,71.94966560758604,71.9446275916572,71.94055446107333,71.93743268298711,71.93524872455119,71.93398905291824,71.93364013524095,71.93418843867197,71.93562043036398,71.93792257746966,71.94108134714166,71.94508320653267,71.94991462279535,71.95556206308235,71.96201199454639,71.96925088393512,71.9772632367965,71.98602705607065,71.99551899878293,72.0057157219587,72.0165938826233,72.0281301378021,72.04030114452047,72.05308355980377,72.06645404067736,72.08038924416658,72.09486582729683,72.10986044709344,72.12534976058177,72.1413104247872,72.1577190967351,72.17455243345078,72.19178709195965,72.20939972928706,72.22736700245837,72.24566556849892,72.2642720844341,72.28316320728923,72.30231559408973,72.32170590186092,72.34131078762816,72.36110690841683,72.38107092125229,72.40117948315988,72.42140925116497,72.44173688229293,72.46213903356912,72.48259236201889,72.50307352466761,72.52355917854064,72.54402598066333,72.56445058806105,72.58480965775917,72.60507984678303,72.625237812158,72.64526021090946,72.66512370006274,72.6848049366432,72.70428057767624,72.72352728018718,72.74252170120141,72.76124049774427,72.77966032684112,72.79775784551734,72.81550971079828,72.8328925797093,72.84988310927575,72.86645795652302,72.88259377847643,72.89826723216139,72.91345497460323,72.92813366282729,72.94227995385899,72.95587050472363,72.96888197244661,72.98129101405328,72.99307605765019,73.00425083455794,73.0148616019459,73.02495583142215,73.03458099459482,73.04378456307198,73.05261400846177,73.06111680237225,73.06934041641156,73.07733232218779,73.08513999130903,73.0928108953834,73.10039250601898,73.1079322948239,73.11547773340622,73.1230762933741,73.13077544633559,73.13862266389883,73.14666541767188,73.1549511792629,73.16352742027993,73.17244161233113,73.18174122702456,73.19147373596834,73.20168661077057,73.21242732303935,73.22374334438277,73.23568214640896,73.248291200726,73.261617978942,73.27570995266507,73.29061459350329,73.30637937306479,73.32305176295765,73.34067923478999,73.35930926016988,73.37898931070546,73.39976685800482,73.42168937367606,73.44480432932727,73.46915919656657,73.49480144700205,73.52177855224183,73.55013798389398,73.57992721356663,73.61119371286787,73.64398495340582,73.67834840678856,73.7143315446242,73.75198183852085,73.79134676008658,73.83247378092955,73.87541037265781,73.92020400687949,73.96690215520267,74.01555228923547,74.066201880586,74.11889840086234,74.1736893216726,74.23062211462488,74.28974425132729
73.10685330307241,73.07459436091062,73.04288617090755,73.01173125438429,72.98113213266187,72.95109132706136,72.92161135890386,72.89269474951038,72.86434402020201,72.83656169229981,72.80935028712484,72.78271232599816,72.75665033024083,72.73116682117391,72.70626432011848,72.68194534839557,72.65821242732628,72.63506807823164,72.61251482243273,72.59055518125061,72.56919167600633,72.54842682802096,72.52826315861557,72.5087031891112,72.48974944082894,72.47140443508984,72.45367069321495,72.43655073652535,72.42004708634208,72.40416226398624,72.38889879077884,72.374259188041,72.36024597709373,72.34686167925811,72.33410881585522,72.3219899082061,72.31050747763183,72.29966404545345,72.28946213299204,72.27990426156866,72.27099295250436,72.26273072712021,72.25512010673728,72.2481636126766,72.24186376625929,72.23622308880636,72.23124410163888,72.22692932607794,72.22328128344456,72.22030249505984,72.21799548224483,72.21636276632059,72.21540686860817,72.21513031042865,72.21553561310309,72.21662529795255,72.21840188629807,72.22086789946074,72.22402585798639,72.22787452827892,72.23240022940567,72.23758670407479,72.2434176949944,72.24987694487265,72.25694819641768,72.26461519233762,72.27286167534061,72.28167138813478,72.29102807342828,72.30091547392925,72.31131733234581,72.32221739138612,72.3335993937583,72.3454470821705,72.35774419933084,72.37047448794748,72.38362169072855,72.39716955038217,72.41110180961651,72.42540221113968,72.44005449765983,72.4550424118851,72.47034969652363,72.48596009428353,72.50185734787297,72.51802520000008,72.534447393373,72.55110767069985,72.56798977468878,72.58507744804794,72.60235443348544,72.61980447370945,72.63741131142808,72.65515868934948,72.67303035018179,72.69101003663314,72.70908149141167,72.72722845722552,72.74543467678284,72.76368389279173,72.78195984796038,72.80024628499689,72.8185269466094,72.83678557550606,72.85500591439501,72.87317170598438,72.8912666929823,72.90927461809692,72.92717922403637,72.9449642535088,72.96261344922233,72.98011055388513,72.9974393102053,73.01458346089099,73.03152674865034,73.04825291619149,73.06474570622258,73.08098886145174,73.09696612458711,73.11266214965988,73.12807975623367,73.14323850029041,73.1581585627106,73.17286012437472,73.18736336616325,73.20168846895669,73.21585561363551,73.2298849810802,73.24379675217125,73.25761110778913,73.27134822881433,73.28502829612735,73.29867149060865,73.31229799313874,73.32592798459808,73.33958164586717,73.35327915782649,73.36704070135653,73.38088645733777,73.39483660665068,73.40891133017577,73.4231308087935,73.43751522338438,73.45208475482887,73.46685958400748,73.48185989180068,73.49710585908895,73.51261766675277,73.52841549567265,73.54451952672906,73.56094994080247,73.5777269187734,73.59487064152229,73.61240128992965,73.63033904487597,73.64870408724171,73.6675165979074,73.68679675775347,73.70656474766044,73.72684074850876,73.74764494117898,73.76899750655151,73.79091862550688,73.81342847892556,73.83654724768805,73.8602951126748,73.88469225476632,73.90975885484309,73.93551509378561,73.96198115247434,73.98917721178977,74.01712345261238,74.04584005582268,74.07534720230113,74.10566507292822,74.13681384858444,74.16881371015026,74.20168483850618,74.23544741453269,74.27012161911026
72.24458870422687,72.25174674585595,72.25769040520417,72.26245918559697,72.26609259035978,72.26863012281801,72.27011128629711,72.27057558412248,72.27006251961957,72.26861159611384,72.26626231693065,72.26305418539549,72.25902670483374,72.25421937857085,72.24867170993225,72.24242320224336,72.23551335882964,72.22798168301647,72.21986767812929,72.21121084749358,72.20205069443467,72.19242672227809,72.18237843434922,72.17194533397345,72.16116692447629,72.15008270918314,72.13873219141938,72.12715487451048,72.11539026178188,72.103477856559,72.09145716216723,72.07936768193206,72.06724891917885,72.05514037723309,72.04308155942017,72.03111196906555,72.01927110949462,72.00759848403284,71.99613359600563,71.98491594873842,71.9739850455566,71.96338038978566,71.95314148475099,71.94330783377804,71.93391894019221,71.92501430731893,71.91663343848369,71.90881583701183,71.90160100622883,71.8950284494601,71.8891376700311,71.8839681712672,71.87955945649388,71.87595102903656,71.87318239222064,71.8712930493716,71.87032250381479,71.87031025887573,71.8712958152337,71.87330585961679,71.87632459246264,71.88032742036405,71.8852897499139,71.89118698770498,71.8979945403302,71.90568781438235,71.9142422164543,71.92363315313885,71.93383603102889,71.94482625671723,71.95657923679674,71.96907037786023,71.9822750865006,71.99616876931059,72.01072683288312,72.02592468381103,72.04173772868712,72.05814137410424,72.07511102665528,72.09262209293304,72.11064997953035,72.12917009304009,72.14815784005508,72.16758862716814,72.18743786097217,72.20768094805997,72.22829329502439,72.24925030845826,72.27052739495444,72.29209996110576,72.31394341350504,72.3360331587452,72.35834460341898,72.3808531541193,72.40353421743897,72.42636319997082,72.44931550830772,72.47236654904249,72.49549172876796,72.518666454077,72.54186613156246,72.56506616781716,72.58824196943392,72.61136894300564,72.6344224951251,72.65737803238518,72.6802109613787,72.70289668869854,72.7254106209375,72.74772816468844,72.7698247265442,72.7916757130976,72.81325653094153,72.83454258666877,72.85550928687222,72.87613203814469,72.89638624707901,72.91624732026806,72.93569066430466,72.95469298633678,72.97325691766362,72.99140897423744,73.00917656380732,73.02658709412235,73.0436679729316,73.06044660798413,73.07695040702909,73.0932067778155,73.10924312809244,73.12508686560899,73.14076539811428,73.15630613335735,73.17173647908727,73.18708384305317,73.20237563300408,73.21763925668908,73.2329021218573,73.24819163625777,73.26353520763958,73.27896024375183,73.2944941523436,73.31016434116397,73.32599821796198,73.34202319048676,73.35826666648735,73.37475605371289,73.39151875991239,73.408582192835,73.42597376022972,73.4437208698457,73.461850929432,73.48039134673768,73.49936952951184,73.51881288550355,73.5387488224619,73.55920474813597,73.58020807027482,73.60178619662757,73.62396653494328,73.64677649297103,73.67024347845988,73.69439489915892,73.71925816281727,73.74486067718398,73.77122985000811,73.79839308903875,73.82637780202502,73.85521139671597,73.88492128086067,73.91553486220822,73.94707954850769,73.97958274750816,74.0130718669587,74.04757431460844,74.08311749820639,74.1197288255017,74.15743570424338,74.19626554218057,74.23624574706231,74.2774037266377
72.79677549944938,72.76611071002965,72.735940964533,72.7062704401077,72.67710331390201,72.64844376306421,72.62029596474252,72.59266409608526,72.56555233424065,72.53896485635697,72.51290583958246,72.48737946106542,72.46238989795407,72.43794132739671,72.41403792654158,72.39068387253695,72.36788334253107,72.34564051367224,72.32395956310866,72.30284466798865,72.28230000546044,72.26232975267231,72.24293808677251,72.2241291849093,72.20590722423097,72.18827638188574,72.1712408350219,72.15480476078771,72.13897233633142,72.1237477388013,72.10913514534562,72.09513873311263,72.0817626792506,72.06901116090779,72.05688835523246,72.04539843937287,72.03454559047731,72.02433398569399,72.0147678021712,72.00585121705723,71.9975884075003,71.98998355064869,71.98304082365065,71.97676440365446,71.97115846780838,71.96622719326066,71.96197475715957,71.95840533665337,71.95552310889033,71.95333225101871,71.95183694018677,71.95104135354275,71.95094966823495,71.95156606141161,71.952894710221,71.95493979181138,71.95770548333101,71.96119596192815,71.96541540372202,71.97036300145615,71.97602142485633,71.98236992370153,71.98938774777072,71.99705414684287,72.00534837069696,72.01424966911196,72.02373729186682,72.03379048874054,72.04438850951206,72.05551060396039,72.06713602186446,72.07924401300326,72.09181382715576,72.10482471410094,72.11825592361775,72.13208670548518,72.1462963094822,72.16086398538776,72.17576898298086,72.19099055204043,72.2065079423455,72.22230040367498,72.23834718580788,72.25462753852315,72.27112071159979,72.28780595481673,72.30466251795298,72.32166965078748,72.33880660309921,72.35605262466716,72.37338696527027,72.39078887468753,72.40823760269791,72.42571239908038,72.44319251361391,72.46065719607746,72.47808569625,72.49545726391054,72.512751148838,72.52994660081139,72.54702286960965,72.56395920501177,72.58073485679671,72.59732907474344,72.61372110863095,72.6298902082382,72.64581562334415,72.66147660372778,72.67685239916806,72.69192225944397,72.70666543433445,72.72106117361852,72.73508872707511,72.7487273444832,72.76195627562177,72.7747547702698,72.78710207820623,72.79897744921004,72.81036013306023,72.82123128299396,72.83160999415276,72.8415503186268,72.85110761371658,72.86033723672256,72.86929454494522,72.87803489568505,72.88661364624254,72.89508615391816,72.90350777601238,72.9119338698257,72.92041979265859,72.92902090181154,72.93779255458502,72.94679010827952,72.9560689201955,72.96568434763347,72.9756917478939,72.98614647827726,72.99710389608404,73.00861935861472,73.02074822316979,73.03354584704972,73.04706758755499,73.06136880198609,73.07650484764349,73.09253108182767,73.10950286183912,73.12747554497831,73.14650448854574,73.16664504984188,73.18795258616719,73.21048245482218,73.23429001310733,73.2594306183231,73.28595962776998,73.31393239874846,73.34340428855901,73.37443065450213,73.40706685387828,73.44136824398794,73.4773901821316,73.51518802560973,73.55481713172284,73.59633285777137,73.63979056105583,73.68524559887669,73.73275332853443,73.78236910732954,73.83414829256249,73.88814624153376,73.94441831154384,74.00301985989321,74.06400624388235,74.12743282081173,74.19335494798185,74.26182798269316,74.33290728224617,74.40664820394136,74.48310610507919,74.56233634296017
70.11827302914867,70.2379360613195,70.3524687144887,70.4619779282331,70.5665706421296,70.66635379575513,70.76143432868652,70.85191918050064,70.9379152907744,71.01952959908465,71.09686904500828,71.17004056812218,71.2391511080032,71.30430760422824,71.36561699637417,71.42318622401787,71.47712222673621,71.5275319441061,71.57452231570439,71.61820028110795,71.65867277989368,71.69604675163845,71.73042913591915,71.76192687231263,71.79064690039581,71.81669615974553,71.84018158993868,71.86121013055214,71.8798887211628,71.89632430134752,71.91062381068318,71.92289418874667,71.93324237511486,71.94177530936464,71.94859993107288,71.95382317981644,71.95755199517224,71.95989331671711,71.96095408402797,71.96084123668167,71.9596617142551,71.95752245632515,71.95453040246868,71.95079249226258,71.94641566528371,71.94150686110898,71.93617301931523,71.93052107947936,71.92465798117826,71.91869066398878,71.91272606748782,71.90687113125225,71.90123279485896,71.89591799788481,71.89103367990667,71.88668678050145,71.88298423924601,71.88003299571724,71.87793998416454,71.87678634004932,71.87656765965917,71.87726183431836,71.87884675535119,71.88130031408194,71.88460040183489,71.88872490993433,71.89365172970452,71.89935875246977,71.90582386955434,71.91302497228253,71.92093995197862,71.92954669996689,71.93882310757161,71.94874706611708,71.95929646692758,71.9704492013274,71.9821831606408,71.99447623619207,72.00730631930551,72.02065130130538,72.03448907351599,72.0487975272616,72.06355455386648,72.07873804465495,72.09432589095128,72.11029598407974,72.12662621536462,72.1432944761302,72.16027865770077,72.17755665140061,72.19510634855399,72.2129056404852,72.23093241851853,72.24916457397828,72.2675799981887,72.28615658247408,72.3048722181587,72.32370479656686,72.34263220902284,72.36163234685091,72.38068310137535,72.39976236392046,72.4188480258105,72.43791797836978,72.45695011292258,72.47592232079316,72.4948124933058,72.51359852178481,72.53225829755446,72.55076971193904,72.56911065626282,72.58725902185009,72.60519270002511,72.62288958211221,72.64032755943563,72.65748452331968,72.67433836508863,72.69086697606676,72.70704824757836,72.72286132909953,72.73831044902619,72.75342294167181,72.7682270040705,72.78275083325637,72.79702262626354,72.81107058012611,72.8249228918782,72.83860775855392,72.85215337718739,72.86558794481273,72.87893965846403,72.89223671517543,72.90550731198103,72.91877964591492,72.93208191401126,72.94544231330413,72.95888904082766,72.97245029361595,72.98615426870312,73.00002916312327,73.01410317391054,73.02840449809904,73.04296133272285,73.0578018748161,73.07295432141294,73.08844686954743,73.10430771625371,73.12056505856589,73.13724709351807,73.15438201814439,73.17199802947894,73.19012332455584,73.20878610040921,73.22801455407316,73.2478368825818,73.26828128296923,73.28937595226958,73.31114908751697,73.3336288857455,73.35684354398929,73.38082125928244,73.4055902286591,73.43117864915332,73.45761471779927,73.48492663163104,73.51314258768275,73.5422907829885,73.57239941458242,73.60349667949862,73.63561077477121,73.66876989743429,73.703002244522,73.73833601306842,73.7747994001077,73.81242060267392,73.85122781780123,73.8912492425237,73.93251307387547,73.97504750889065,74.01888074460335
73.91331715825125,73.82095578953532,73.73122947320408,73.64410478983754,73.55954832001574,73.4775266443187,73.39800634332646,73.32095399761904,73.24633618777648,73.17411949437879,73.10427049800602,73.03675577923818,72.9715419186553,72.90859549683744,72.84788309436459,72.78937129181679,72.73302666977409,72.6788158088165,72.62670528952404,72.57666169247676,72.52865159825467,72.48264158743781,72.43859824060621,72.3964881383399,72.35627786121891,72.31793398982326,72.28142310473298,72.24671178652811,72.21376661578867,72.18255417309469,72.1530410390262,72.12519379416322,72.0989790190858,72.07436329437395,72.05131320060771,72.0297953183671,72.00977622823217,71.99122251078292,71.97410074659938,71.9583775162616,71.9440194003496,71.93099297944342,71.91926483412306,71.90880154496857,71.89956969255998,71.89153585747731,71.88466662030059,71.87892856160987,71.87428826198514,71.87071230200647,71.86816726225385,71.86661972330734,71.86603626574696,71.86638347015273,71.86762791710468,71.86973618718285,71.87267486096727,71.87641051903796,71.88090974270588,71.88614265292657,71.89209110679874,71.898739390577,71.90607179051591,71.91407259287007,71.92272608389405,71.93201654984244,71.94192827696982,71.95244555153079,71.96355265977992,71.9752338879718,71.987473522361,72.00025584920212,72.01356515474974,72.02738572525845,72.04170184698282,72.05649780617745,72.07175788909692,72.0874663819958,72.10360757112868,72.12016574275015,72.1371251831148,72.1544701784772,72.17218501509194,72.19025397921361,72.20866135709679,72.22739143499606,72.24642849916602,72.26575683586123,72.28536073133627,72.30522447184576,72.32533234364426,72.34566863298635,72.36621762612663,72.38696360931968,72.40789086882006,72.42898369088239,72.45022636176124,72.47160316771118,72.49309839498682,72.51469632984272,72.5363812585335,72.55813746731368,72.5799492424379,72.60180087016074,72.62367663673676,72.64556082842056,72.6674377314667,72.68929163212981,72.71110681666443,72.73286757132517,72.7545581823666,72.7761629360433,72.7976661186099,72.81905201632091,72.84030491543098,72.86140910219464,72.88234886286652,72.90310848370117,72.9236722509532,72.9440250467759,72.9641636314569,72.98409570894457,73.00382939179791,73.0233727925759,73.0427340238375,73.06192119814169,73.08094242804745,73.09980582611375,73.11851950489958,73.13709157696391,73.15553015486573,73.17384335116398,73.19203927841767,73.21012604918576,73.22811177602722,73.24600457150105,73.26381254816621,73.28154381858168,73.29920649530645,73.31680869089946,73.33435851791972,73.3518640889262,73.36933351647788,73.38677491313372,73.4041963914527,73.4216060639938,73.43901204331601,73.45642244197829,73.47384537253961,73.49128894755897,73.50876127959532,73.52627048120766,73.54382466495495,73.56143194339619,73.57910042909032,73.59683823459633,73.61465347247322,73.63255425527994,73.65054869557547,73.6686449059188,73.68685099886889,73.70517508698472,73.72362528282528,73.74220969894954,73.76093644791646,73.77981364228503,73.79884939461424,73.81805181746303,73.83742902339041,73.85698912495535,73.87674023471682,73.89669046523379,73.91684792906526,73.93722073877016,73.95781700690752,73.97864484603629,73.99971236871545,74.02102768750397,74.04259891496083,74.06443416364502
72.00249036275464,72.01110410180155,72.01878614001565,72.02556762199875,72.03147969235258,72.03655349567893,72.04082017657959,72.04431087965632,72.04705674951089,72.04908893074509,72.05043856796067,72.05113680575943,72.05121478874312,72.05070366151352,72.04963456867243,72.0480386548216,72.0459470645628,72.04339094249781,72.04040143322841,72.03700968135637,72.03324683148347,72.02914402821146,72.02473241614214,72.02004313987729,72.01510734401866,72.00995617316802,72.00462077192718,71.99913228489788,71.99352185668191,71.98782063188104,71.98205975509704,71.9762703709317,71.97048362398677,71.96473065886404,71.95904262016528,71.95345065249226,71.94798590044677,71.94267950863056,71.93756262164543,71.93266638409312,71.92802194057545,71.92366043569415,71.91961301405101,71.91591082024782,71.91258499888633,71.90966669456833,71.90718705189559,71.90517721546988,71.90366832989298,71.90269153976665,71.90227798969268,71.90245882427284,71.9032651881089,71.90472822580264,71.90687908195584,71.90974890117025,71.91336882804767,71.91777000718986,71.92298358111883,71.92903062090829,71.93589880445987,71.94356889793099,71.9520216674791,71.96123787926165,71.97119829943605,71.98188369415978,71.99327482959026,72.00535247188495,72.01809738720127,72.03149034169665,72.04551210152856,72.06014343285443,72.07536510183171,72.09115787461782,72.10750251737022,72.12437979624634,72.14177047740363,72.15965532699951,72.17801511119146,72.19683059613688,72.21608254799324,72.23575173291796,72.25581891706851,72.27626486660229,72.29707034767678,72.3182161264494,72.33968296907759,72.3614516417188,72.38350291053047,72.40581754167003,72.42837630129495,72.45115995556263,72.47414927063053,72.4973250126561,72.52066794779678,72.54415884221001,72.56777846205321,72.59150757348384,72.61532694265935,72.63921733573716,72.66315951887472,72.68713425822948,72.71112231995886,72.73510447022032,72.7590614751713,72.78297410096921,72.80682311377154,72.8305892797357,72.85425336501915,72.8777961357793,72.90119835817363,72.92444079835956,72.94750422249452,72.97036939673596,72.99301708724134,73.01542806016808,73.03758308167363,73.05946291791543,73.08104833505091,73.10232076385556,73.12327488303114,73.14391757696822,73.16425618578911,73.18429804961616,73.20405050857168,73.22352090277798,73.24271657235738,73.26164485743222,73.28031309812478,73.29872863455743,73.31689880685245,73.33483095513219,73.35253241951895,73.37001054013507,73.38727265710284,73.40432611054462,73.4211782405827,73.4378363873394,73.45430789093707,73.470600091498,73.48672032914452,73.50267594399895,73.51847427618362,73.53412266582083,73.54962845303292,73.56499897794221,73.580241580671,73.59536360134163,73.61037238007641,73.62527525699767,73.64007957222772,73.65479266588888,73.66942187810349,73.68397454899385,73.69845801868227,73.7128796272911,73.72724671494265,73.74156662175923,73.75584668786317,73.7700942533768,73.78431665842241,73.79852124312235,73.81271534759892,73.82690631197445,73.84110147637126,73.85530818091168,73.86953376571802,73.8837855709126,73.89807093661773,73.91239720295575,73.92677171004897,73.94120179801972,73.9556948069903,73.97025807708305,73.98489894842028,73.99962476112431,74.01444285531747,74.02936057112208,74.04438524866045,74.05952422805491
72.71752521997833,72.69188528995262,72.66641197224656,72.64111550526495,72.61600612741258,72.59109407709427,72.5663895927148,72.54190291267902,72.51764427539173,72.49362391925773,72.46985208268181,72.4463390040688,72.4230949218235,72.40013007435071,72.37745470005525,72.35507903734192,72.33301332461552,72.31126780028087,72.28985270274278,72.26877827040603,72.24805474167546,72.22769235495586,72.20770134865207,72.18809196116884,72.168874430911,72.15005899628336,72.13165589569077,72.11367536753797,72.09612765022977,72.07902298217105,72.06237160176654,72.0461837474211,72.03046965753948,72.01523957052656,72.0005037247871,71.98627235872588,71.97255571074778,71.95936401925756,71.94670752266002,71.93459645936001,71.9230410677623,71.91205158627172,71.90163825329306,71.89181130723112,71.88258098649074,71.8739575294767,71.8659511745938,71.85857216024691,71.85183072484075,71.84573710678016,71.84030154447,71.83553427631499,71.83144554072,71.82804557608979,71.82534462082923,71.82335291334304,71.82208069203612,71.82153819531324,71.82173566059278,71.82267854859087,71.82435648225736,71.82675580642929,71.82986286594367,71.83366400563746,71.83814557034769,71.84329390491139,71.8490953541655,71.8555362629471,71.86260297609313,71.87028183844062,71.8785591948266,71.88742139008802,71.8968547690619,71.90684567658529,71.91738045749513,71.92844545662847,71.94002701882228,71.95211148891359,71.9646852117394,71.97773453213672,71.99124579494251,72.00520534499383,72.01959952712765,72.034414686181,72.04963716699085,72.06525331439421,72.08124947322811,72.09761198832955,72.11432720453551,72.13138146668301,72.14876111960906,72.16645250815064,72.18444197714477,72.20271587142845,72.22126053583871,72.24006231521251,72.25910755438689,72.27838259819883,72.29787379148534,72.31756747908342,72.33745000583009,72.35750771656235,72.37772695611717,72.3980940693316,72.41859540104262,72.43921729608725,72.45994609930248,72.48076815552533,72.50166980959277,72.52263740634184,72.54365729060952,72.56471580723282,72.58579930104874,72.60689411689431,72.6279865996065,72.64906309402234,72.67010994497882,72.69111349731294,72.7120600958617,72.73293656437092,72.75373927274372,72.7744733860278,72.79514439766079,72.81575780108041,72.83631908972434,72.85683375703026,72.87730729643589,72.8977452013789,72.91815296529695,72.93853608162779,72.95890004380904,72.97925034527843,72.99959247947363,73.01993193983232,73.04027421979221,73.060624812791,73.08098921226632,73.10137291165593,73.12178140439745,73.14222018392861,73.16269474368711,73.18321057711059,73.20377317763676,73.22438803870334,73.24506065374796,73.26579651620834,73.28660111952219,73.30747995712714,73.32843852246093,73.34948230896121,73.3706168100657,73.39184751921205,73.413179929838,73.43461953538117,73.45617182927931,73.47784230497011,73.4996364558912,73.5215597754803,73.54361775717511,73.56581589441329,73.58815968063256,73.61065460927055,73.63330617376504,73.65611986755364,73.67910118407407,73.70225561676399,73.72558865906113,73.74910580440316,73.77281254622777,73.79671437797263,73.82081679307542,73.84512528497389,73.86964534710565,73.89438247290845,73.91934215581993,73.9445298892778,73.96995116671978,73.99561148158348,74.02151632730666,74.04767119732698
72.54621550157572,72.55596685474785,72.56432316188638,72.57132678601118,72.57702009014214,72.58144543729914,72.58464519050203,72.5866617127707,72.58753736712505,72.58731451658494,72.58603552417024,72.58374275290083,72.5804785657966,72.57628532587742,72.57120539616315,72.5652811396737,72.55855491942893,72.5510690984487,72.54286603975294,72.53398810636148,72.5244776612942,72.51437706757099,72.50372868821172,72.4925748862363,72.48095802466456,72.4689204665164,72.45650457481169,72.44375271257032,72.43070724281215,72.41741052855708,72.40390493282497,72.3902328186357,72.37643654900914,72.3625584869652,72.34864099552371,72.33472643770459,72.3208571765277,72.3070755750129,72.29342399618008,72.27994480304913,72.26668035863993,72.25367302597233,72.24096516806624,72.22859914794151,72.21661732861803,72.20506207311567,72.1939757444543,72.18340070565384,72.17337931973411,72.16395394971504,72.15516695861646,72.14706070945829,72.13967756526037,72.1330598890426,72.12725004382484,72.122290392627,72.11822329846892,72.11509112437051,72.11293623075076,72.11178838313774,72.1116355870911,72.11245720466056,72.11423259789575,72.11694112884635,72.12056215956204,72.1250750520925,72.13045916848736,72.13669387079632,72.14375852106903,72.15163248135518,72.16029511370442,72.16972578016643,72.17990384279088,72.19080866362744,72.20241960472576,72.21471602813553,72.2276772959064,72.24128277008808,72.25551181273018,72.27034378588242,72.28575805159443,72.30173397191591,72.31825090889652,72.33528822458591,72.35282528103377,72.37084144028978,72.38931606440357,72.40822851542484,72.42755815540326,72.44728434638847,72.46738645043017,72.48784382957803,72.50863584588168,72.52974186139083,72.55114123815514,72.57281333822426,72.5947375236479,72.61689315647567,72.63925959875729,72.6618162125424,72.68454235988068,72.7074174028218,72.73042070341543,72.75353162371124,72.7767295257589,72.79999377160806,72.8233037233084,72.8466387429096,72.86997819246133,72.89330143401324,72.91658782961501,72.9398167413163,72.96296753116681,72.98601956121617,73.00895219351406,73.03174479011018,73.05437671305415,73.07682732439568,73.0990759861844,73.12110289717731,73.14290493433725,73.1644943407295,73.18588393315348,73.20708652840857,73.22811494329423,73.24898199460984,73.26970049915482,73.2902832737286,73.31074313513061,73.33109290016021,73.35134538561687,73.37151340829998,73.39160978500895,73.41164733254321,73.43163886770218,73.45159720728525,73.47153516809185,73.49146556692138,73.51140122057329,73.53135494584696,73.55133955954182,73.57136787845728,73.59145271939278,73.61160689914769,73.63184323452145,73.65217454231349,73.6726136393232,73.69317334235,73.7138664681933,73.73470583365254,73.75570425552712,73.77687455061644,73.79822953571994,73.81978202763702,73.84154484316709,73.86353079910958,73.8857527122639,73.90822339942946,73.93095567740568,73.95396236299197,73.97725627298776,74.00085022419243,74.02475703340545,74.04898951742618,74.07356049305406,74.09848277708852,74.12376918632894,74.14943253757477,74.1754856476254,74.20194133328025,74.22881241133874,74.2561116986003,74.2838520118643,74.3120461679302,74.3407069835974,74.36984727566531,74.39947986093334,74.42961755620094,74.46027317826747,74.4914595439324
72.88103280906638,72.85707040478373,72.83320480150877,72.80944811764905,72.78581247161215,72.7623099818056,72.73895276663698,72.71575294451384,72.69272263384374,72.66987395303426,72.64721902049291,72.6247699546273,72.60253887384496,72.58053789655345,72.55877914116034,72.53727472607319,72.51603676969954,72.49507739044698,72.47440870672304,72.45404283693529,72.43399189949129,72.41426801279859,72.39488329526476,72.37584986529737,72.35717984130395,72.33888534169208,72.3209784848693,72.3034713892432,72.2863761732213,72.2697049552112,72.25346985362042,72.23768298685654,72.22235647332712,72.20750243143972,72.1931329796019,72.1792602362212,72.16589631970518,72.15305334846143,72.14074344089748,72.12897871542091,72.11777129043926,72.10713328436009,72.09707681559098,72.08761400253945,72.0787569636131,72.07051781721948,72.06290868176613,72.05594167566062,72.04962891731051,72.04398252512335,72.03901461750672,72.03473731286816,72.03116272961523,72.02830298615551,72.02617020089652,72.02477649224585,72.02413397861106,72.02425477839968,72.02515100876883,72.02682873130894,72.02927392960656,72.03246843148774,72.03639406477849,72.04103265730485,72.04636603689283,72.0523760313685,72.05904446855783,72.0663531762869,72.07428398238169,72.08281871466826,72.09193920097263,72.10162726912083,72.11186474693888,72.12263346225281,72.13391524288866,72.14569191667243,72.15794531143018,72.17065725498792,72.18380957517168,72.1973840998075,72.21136265672136,72.22572707373935,72.24045917868747,72.25554079939175,72.27095376367821,72.28667989937288,72.3027010343018,72.318998996291,72.33555561316649,72.3523527127543,72.36937212288046,72.38659567137101,72.40400518605196,72.42158249474936,72.43930942528921,72.45716780549755,72.4751394632004,72.49320622622382,72.5113499223938,72.5295523795364,72.54779542547762,72.56606088804348,72.58433059506004,72.60258637435331,72.62081005374932,72.6389834610741,72.65708842415368,72.67510677081408,72.69302032888133,72.71081092618147,72.72846039054049,72.74595054978447,72.7632632317394,72.78038026423133,72.79728347508626,72.81395469213025,72.83037574318931,72.84652845608946,72.86239465865675,72.87795720484635,72.89321940259259,72.90820340465869,72.92293206742956,72.93742824729006,72.95171480062508,72.9658145838195,72.97975045325819,72.99354526532603,73.00722187640791,73.02080314288871,73.03431192115329,73.04777106758655,73.06120343857336,73.0746318904986,73.08807927974715,73.1015684627039,73.11512229575371,73.12876363528146,73.14251533767205,73.15640025931036,73.17044125658124,73.18466118586959,73.1990829035603,73.21372926603821,73.22862312968824,73.24378735089526,73.25924478604414,73.27501829151977,73.29113072370701,73.30760493899076,73.3244637937559,73.34173014438728,73.35942684726982,73.37757675878836,73.39620273532782,73.41532763327305,73.43497430900895,73.45516561892038,73.47592441939223,73.49727356680937,73.5192359175567,73.54183432801908,73.56509165458138,73.58903075362852,73.61367448154533,73.63904569471673,73.66516724952758,73.69206200236276,73.71975280960716,73.74826252764565,73.77761401286311,73.80783012164441,73.83893371037445,73.8709476354381,73.90389475322024,73.93779792010574,73.9726799924795,74.00856382672637,74.04547227923126,74.08342820637904
72.84833692074518,72.80975498964877,72.77213299065035,72.73546473603398,72.69974403808372,72.66496470908368,72.6311205613179,72.59820540707048,72.56621305862548,72.535137328267,72.50497202827908,72.47571097094583,72.44734796855128,72.41987683337956,72.3932913777147,72.36758541384081,72.34275275404197,72.3187872106022,72.29568259580562,72.27343272193629,72.2520314012783,72.23147244611572,72.21174966873262,72.19285688141308,72.17478789644117,72.15753652610097,72.14109658267655,72.125461878452,72.11062622571139,72.09658343673875,72.08332732381824,72.07085169923387,72.05915037526974,72.0482171642099,72.03804587833848,72.0286303299395,72.01996433129707,72.01204169469524,72.00485623241812,71.99840175674974,71.99267207997421,71.9876610143756,71.98336237223798,71.97976996584542,71.976877607482,71.97467910943179,71.97316828397886,71.97233894340734,71.97218490000121,71.97269996604463,71.97387795382163,71.97571267561631,71.97819794371271,71.98132757039495,71.9850953679471,71.98949514865318,71.99452072479733,72.00016590866359,72.00642451227613,72.01328908901748,72.02074801908303,72.0287888188988,72.03739900489082,72.04656609348508,72.05627760110757,72.06652104418431,72.07728393914131,72.08855380240456,72.10031815040007,72.11256449955387,72.1252803662919,72.13845326704025,72.15207071822486,72.16612023627174,72.18058933760695,72.19546553865642,72.21073635584621,72.2263893056023,72.2424119043507,72.25879166851742,72.27551611452846,72.29257275880981,72.3099491177875,72.32763270788753,72.3456110455359,72.3638716471586,72.38240202918168,72.40118970803108,72.42022220013287,72.439487021913,72.45897168979751,72.4786637202124,72.49855062958365,72.51861993433728,72.53885915089931,72.55925579569573,72.57979738515256,72.60047143569578,72.62126546375141,72.64216698574548,72.66316351810393,72.68424257725282,72.70539167961813,72.72659834162586,72.74785007970205,72.76913441027268,72.79043884976375,72.81175091460126,72.83305812121124,72.85434798601968,72.87560802545259,72.89682575593595,72.91798869389582,72.93908435575814,72.96010025794895,72.98102391689427,73.00184284902006,73.02254457075237,73.04311659851719,73.06354705395036,73.08383612242234,73.10399510396304,73.1240357135977,73.1439696663516,73.16380867724989,73.1835644613178,73.20324873358062,73.22287320906351,73.2424496027917,73.26198962979045,73.28150500508495,73.30100744370046,73.32050866066216,73.3400203709953,73.35955428972512,73.37912213187681,73.39873561247562,73.41840644654675,73.43814634911546,73.45796703520692,73.47788021984643,73.49789761805914,73.51803094487032,73.53829191530518,73.55869224438895,73.57924364714684,73.59995783860408,73.62084653378591,73.64192144771754,73.66319429542419,73.6846767919311,73.70638065226349,73.72831759144657,73.75049932450558,73.77293756646573,73.79564403235226,73.8186304371904,73.84190849600533,73.86548992382234,73.88938643566661,73.91360974656338,73.93817157153786,73.96308362561528,73.98835762382087,74.01400528117988,74.04003831271747,74.06646843345892,74.09330735842944,74.12056680265424,74.14825848115855,74.17639410896761,74.20498540110664,74.23404407260084,74.26358183847547,74.29361041375573,74.32414151346684,74.35518685263405,74.38675814628256,74.41886710943761,74.45152545712442
71.5150920582546,71.55512611571167,71.59279320722811,71.62815266591376,71.66126382487847,71.69218601723209,71.7209785760845,71.7477008345455,71.77241212572497,71.79517178273274,71.81603913867868,71.83507352667263,71.85233427982445,71.86788073124397,71.88177221404106,71.89406806132556,71.90482760620732,71.91411018179619,71.92197512120202,71.92848175753467,71.93368942390397,71.93765745341979,71.94044517919197,71.94211193433037,71.94271705194483,71.94231986514518,71.94097970704131,71.93875591074305,71.93570780936025,71.93189473600276,71.92737602378044,71.92221100580312,71.91645901518066,71.91017938502291,71.90343144843973,71.89627453854096,71.88876798843646,71.88097113123605,71.87294330004963,71.864743827987,71.85643204815803,71.84806729367257,71.83970889764048,71.83141619317159,71.82324851337577,71.81526519136287,71.80752556024271,71.80008895312517,71.7930147031201,71.78636214333733,71.78019060688672,71.77455942687811,71.76952793642138,71.76515546862636,71.76150135660289,71.75862493346084,71.75658553231004,71.75544248626035,71.75525512495287,71.75606598015334,71.7578618881284,71.7606181572479,71.76431009588168,71.76891301239955,71.77440221517136,71.78075301256692,71.78794071295609,71.79594062470868,71.80472805619452,71.81427831578347,71.82456671184532,71.83556855274995,71.84725914686716,71.85961380256678,71.87260782821868,71.88621653219263,71.90041522285851,71.91517920858615,71.93048379774537,71.946304298706,71.96261601983787,71.97939426951082,71.99661435609467,72.01425158795928,72.03228127347445,72.05067872101003,72.06941923893585,72.08847813562174,72.10783071943753,72.12745229875306,72.14731818193815,72.16740367736264,72.18768409339636,72.20813473840914,72.22873092077083,72.24944794885123,72.2702611310202,72.29114577564756,72.31207719110314,72.33303068575678,72.35398156797831,72.37490514613755,72.39577672860435,72.41657162374854,72.43726513993994,72.45783258554837,72.47824926894371,72.49849049849576,72.51853158257434,72.5383478295493,72.55791454779047,72.57720704566769,72.59620063155077,72.61487061380957,72.6331923008139,72.6511410009336,72.66869202253851,72.68582067399845,72.70250226368324,72.71871358617454,72.73446106092591,72.74977840162255,72.76470034105216,72.77926161200244,72.79349694726106,72.80744107961571,72.8211287418541,72.83459466676389,72.84787358713278,72.86100023574845,72.87400934539862,72.88693564887093,72.89981387895311,72.91267876843283,72.92556505009777,72.93850745673564,72.95154072113411,72.96469957608087,72.97801875436363,72.99153298877005,73.00527701208783,73.01928555710467,73.03359335660822,73.04823514338622,73.06324565022632,73.07865960991622,73.09451175524362,73.11083681899618,73.12766953396162,73.14504463292761,73.16299684868183,73.181560914012,73.20077156170578,73.22066352455086,73.24127153533495,73.26263032684571,73.28477463187085,73.30773918319805,73.331558713615,73.35626795590937,73.38190164286888,73.4084945072812,73.43608128193402,73.46469669961505,73.49437549311193,73.52515239521239,73.5570621387041,73.59013945637474,73.62441908101204,73.65993574540363,73.69672418233725,73.73481912460055,73.77425530498124,73.815067456267,73.85729031124554,73.9009586027045,73.94610706343161,73.99277042621455,74.040983423841,74.09078078909864
73.63414888998915,73.54587609358437,73.46013475975418,73.37689407841225,73.2961232394722,73.21779143284766,73.14186784845229,73.06832167619973,72.9971221060036,72.92823832777755,72.86163953143523,72.79729490689026,72.73517364405629,72.67524493284697,72.61747796317592,72.56184192495678,72.50830600810319,72.45683940252881,72.40741129814727,72.35999088487219,72.31454735261723,72.27104989129602,72.2294676908222,72.18976994110942,72.15192583207131,72.1159045536215,72.08167529567365,72.04920724814139,72.01846960093836,71.98943154397818,71.96206226717453,71.93633096044103,71.9122068136913,71.88965901683899,71.86865675979776,71.84916923248123,71.83116562480305,71.81461512667684,71.79948692801626,71.78575021873493,71.77337418874652,71.76232802796464,71.75258092630294,71.74410207367507,71.73686065999465,71.73082587517533,71.72596690913075,71.72225295177454,71.71965319302035,71.71813682278182,71.71767303097258,71.71823100750626,71.71977994229654,71.72228902525701,71.72572744630135,71.73006439534318,71.73526906229614,71.74131063707387,71.74815830959,71.75578126975819,71.76414873706301,71.77323170524603,71.78300391814712,71.7934393561737,71.80451199973326,71.81619582923327,71.82846482508113,71.84129296768434,71.85465423745035,71.8685226147866,71.88287208010057,71.8976766137997,71.91291019629145,71.92854680798328,71.94456042928265,71.96092504059699,71.9776146223338,71.9946031549005,72.01186461870456,72.02937299415343,72.04710226165459,72.06502640161547,72.08311939444354,72.10135522054624,72.11970786033105,72.1381512942054,72.15665950257677,72.17520646585261,72.19376616444038,72.21231257874751,72.23081968918149,72.24926147614975,72.26761192005978,72.285845001319,72.30393470033489,72.3218549975149,72.33957987326649,72.3570833079971,72.37433928211419,72.39132177602524,72.40800477013768,72.42436224485898,72.44036818059661,72.45599655775798,72.4712213567506,72.4860165579819,72.50035614185933,72.51421408879035,72.52756437918244,72.54038099344302,72.55263791197959,72.56430911519956,72.57536858351041,72.58579029731959,72.59554823703458,72.6046163830628,72.61296871581173,72.6205792156888,72.62742186310152,72.6334706384573,72.63870513820818,72.64317024532455,72.64695296311119,72.65014099687843,72.65282205193661,72.65508383359608,72.6570140471672,72.65870039796029,72.66023059128572,72.66169233245381,72.66317332677494,72.66476127955941,72.66654389611762,72.66860888175985,72.67104394179651,72.6739367815379,72.67737510629439,72.68144662137631,72.68623903209401,72.69184004375785,72.69833736167816,72.70581869116528,72.71437173752956,72.72408420608136,72.735043802131,72.74733823098886,72.76105519796525,72.77628240837053,72.79310756751505,72.81161838070915,72.83190255326318,72.85404779048747,72.8781417976924,72.90427228018827,72.93252694328545,72.96299349229429,72.99575963252512,73.0309130692883,73.06854150789417,73.10873265365306,73.15157421187534,73.19715388787135,73.24555938695143,73.29687841442592,73.35119867560518,73.40860787579953,73.46919372031934,73.53304391447496,73.6002461635767,73.67088817293494,73.74505764786001,73.82284229366226,73.90432981565203,73.98960791913967,74.07876430943553,74.17188669184995,74.26906277169326,74.37038025427583,74.475926844908,74.58579024890011
72.14863018523613,72.13607410729134,72.12372160203195,72.11157653274043,72.09964276269922,72.08792415519075,72.07642457349746,72.0651478809018,72.05409794068623,72.04327861613316,72.03269377052507,72.02234726714438,72.01224296927353,72.00238474019497,71.99277644319115,71.98342194154449,71.97432509853746,71.96548977745249,71.95691984157203,71.9486191541785,71.94059157855439,71.9328409779821,71.92537121574408,71.91818615512278,71.91128965940065,71.90468559186013,71.89837781578365,71.89237019445368,71.88666659115262,71.88127086916296,71.8761868917671,71.87141852224752,71.86696962388665,71.86284405996693,71.8590456937708,71.85557838858071,71.85244600767909,71.8496524143484,71.84720147187107,71.84509704352956,71.8433429926063,71.84194318238373,71.8409014761443,71.84022173717045,71.83990782874463,71.83996361414927,71.84039295666683,71.84119971957973,71.84238776617043,71.84396095972139,71.84592316351501,71.84827824083375,71.85103005496008,71.85418246917641,71.8577393467652,71.86170455100888,71.8660819451899,71.87087539259072,71.87608875623145,71.88172462889206,71.88778139170913,71.89425655409006,71.90114762544228,71.90845211517316,71.91616753269017,71.92429138740067,71.93282118871211,71.94175444603188,71.9510886687674,71.96082136632607,71.97095004811533,71.98147222354257,71.9923854020152,72.00368709294064,72.01537480572631,72.0274460497796,72.03989833450795,72.05272916931875,72.06593606361942,72.07951652681736,72.09346806832,72.10778819753476,72.12247442386902,72.13752425673022,72.15293520552575,72.16870477966305,72.18483048854951,72.20130984159253,72.21814034819955,72.23531951777798,72.25284485973522,72.27071388347869,72.28892409841579,72.30747301395395,72.32635813950057,72.34557698446305,72.36512705824883,72.3850058702653,72.40521092991989,72.42573974662,72.44658982977305,72.46775868878643,72.48924383306758,72.5110427720239,72.5331530150628,72.55557207159168,72.57829745101799,72.60132666274912,72.62465721619246,72.64828662075546,72.67221238584551,72.69643202087002,72.72094303523642,72.74574293835212,72.77082923962452,72.79619944846102,72.82185107426905,72.84778162645603,72.87398861442934,72.90046907226456,72.92721055917929,72.95419190493679,72.981391613363,73.00878818828386,73.03636013352532,73.06408595291333,73.0919441502738,73.11991322943273,73.14797169421601,73.17609804844962,73.20427079595949,73.23246844057157,73.2606694861118,73.28885243640612,73.31699579528048,73.34507806656082,73.3730777540731,73.40097336164324,73.42874339309719,73.45636635226091,73.48382074296033,73.5110850690214,73.53813783427006,73.56495754253227,73.59152269763395,73.61781180340105,73.64380336365953,73.66947588223532,73.69480786295436,73.71977780964261,73.744364226126,73.76854561623048,73.79230048378199,73.81560733260649,73.83844466652991,73.86079098937819,73.88262480497728,73.90392461715312,73.92466892973168,73.94483624653887,73.96440507140065,73.98335390814296,74.00166126059175,74.01930563257295,74.03626552791252,74.05251945043639,74.06804590397053,74.08282339234086,74.09683041937332,74.11004548889387,74.12244710472845,74.134013770703,74.14472399064348,74.15455626837581,74.16348910772595,74.17150101251984,74.17857048658342,74.18467603374265,74.18979615782345,74.19390936265178
72.49456231648804,72.5035199627356,72.51126204257332,72.51782781009348,72.52325651938828,72.52758742454998,72.5308597796708,72.53311283884298,72.53438585615876,72.53471808571038,72.53414878159006,72.53271719789004,72.53046258870256,72.52742420811984,72.52364131023415,72.5191531491377,72.51399897892273,72.50821805368146,72.50184962750615,72.49493295448903,72.48750728872233,72.47961188429828,72.47128599530913,72.4625688758471,72.45349978000444,72.44411796187336,72.43446267554614,72.42457317511497,72.41448871467212,72.4042485483098,72.39389193012026,72.38345811419573,72.37298635462844,72.36251590551065,72.35208602093456,72.34173595499243,72.33150496177649,72.32143229537897,72.3115572098921,72.30191895940814,72.29255679801929,72.28350997981784,72.27481775889596,72.26651938934592,72.25865412525997,72.2512612207303,72.2443799298492,72.23804950670886,72.23230920540153,72.22719828001946,72.22275598465487,72.2190215734,72.21603430034709,72.21383341958837,72.21245818521606,72.21194785132244,72.2123416719997,72.21367890134007,72.21599879081566,72.21932790337327,72.22365073153536,72.22894306005588,72.2351806736888,72.24233935718806,72.25039489530765,72.25932307280152,72.26909967442361,72.2797004849279,72.29110128906837,72.30327787159894,72.31620601727359,72.32986151084629,72.34422013707096,72.35925768070162,72.37494992649218,72.39127265919663,72.40820166356895,72.42571272436302,72.44378162633289,72.46238415423247,72.48149609281575,72.50109322683664,72.52115134104918,72.54164622020724,72.56255364906485,72.58384941237594,72.60550929489449,72.62750908137443,72.64982455656974,72.67243150523439,72.69530571212232,72.7184229619875,72.74175903958388,72.76528972966545,72.78899081698614,72.81283808629993,72.83680732236076,72.86087430992261,72.88501483373943,72.90920467856517,72.93341962915383,72.95763547025933,72.98182798663564,73.00597296303674,73.03004618421656,73.05402343492909,73.07788049992826,73.10159316396806,73.12513721180244,73.14848842818535,73.17162259787077,73.19451550561263,73.21714293616492,73.2394806742816,73.26150450471661,73.28319021222391,73.3045135815575,73.32545039747129,73.34597644471927,73.36606828145617,73.38571788214475,73.404931424728,73.42371561747353,73.44207716864888,73.46002278652162,73.47755917935933,73.4946930554296,73.51143112299994,73.52778009033798,73.54374666571127,73.55933755738738,73.57455947363388,73.58941912271834,73.60392321290834,73.61807845247142,73.6318915496752,73.64536921278722,73.65851815007505,73.67134506980626,73.68385668024844,73.69605968966914,73.70796080633593,73.7195667385164,73.73088419447811,73.74191988248862,73.75268051081552,73.76317278772638,73.77340342148874,73.7833791203702,73.79310659263832,73.80259254656069,73.81184369040486,73.82086673243839,73.82966838092887,73.83825534414387,73.84663433035095,73.85481204781772,73.86279520481168,73.87059050960045,73.8782046704516,73.88564439563268,73.89291639341127,73.90002737205495,73.90698403983129,73.91379310500784,73.92046127585218,73.9269952606319,73.93340176761454,73.9396875050677,73.94585918125892,73.9519235044558,73.95788718292589,73.96375692493677,73.96953943875602,73.97524143265119,73.98086961488985,73.98643069373959,73.99193137746798,73.99737837434257,74.00277839263094
74.18883756278512,74.09431859024416,74.00240366448037,73.91305944620194,73.82625259611706,73.7419497749339,73.66011764336066,73.58072286210552,73.50373209187666,73.42911199338226,73.35682922733052,73.28685045442961,73.21914233538773,73.15367153091306,73.09040470171377,73.02930850849805,72.9703496119741,72.91349467285009,72.85871035183422,72.80596330963465,72.75522020695959,72.7064477045172,72.65961246301569,72.61468114316322,72.571620405668,72.5303969112382,72.49097732058199,72.45332829440758,72.41741649342316,72.38320857833689,72.35067120985696,72.31977104869156,72.29047475554889,72.2627489911371,72.2365604161644,72.21187569133896,72.18866147736898,72.16688443496264,72.14651122482812,72.12750850767361,72.10984294420729,72.09348119513733,72.07838992117195,72.06453578301931,72.0518854413876,72.040405556985,72.0300627905197,72.02082380269988,72.01265525423374,72.00552380582944,71.9993961181952,71.99423885203916,71.99001866806952,71.9867022269945,71.98425618952224,71.98264721636095,71.98184196821879,71.98180710580397,71.98250929057563,71.98391882066832,71.98601805207782,71.98879183654525,71.99222502581169,71.99630247161825,72.00100902570601,72.00632953981611,72.0122488656896,72.01875185506762,72.02582335969124,72.03344823130158,72.04161132163972,72.05029748244678,72.05949156546386,72.06917842243203,72.07934290509242,72.0899698651861,72.10104415445421,72.11255062463782,72.12447412747804,72.13679951471596,72.14951163809269,72.16259534934932,72.17603550022694,72.18981694246669,72.20392452780963,72.21834310799687,72.23305753476951,72.24805265986865,72.26331333503539,72.27882441201083,72.29457074253608,72.31053717835222,72.32670857120036,72.3430697728216,72.35960563495702,72.37630100934774,72.39314074773486,72.41010970185948,72.42719272346268,72.44437466428559,72.46164037606928,72.47897471055487,72.49636251948344,72.51378865459611,72.53123796763397,72.54869531033812,72.56614553444965,72.58357349170967,72.60096403385928,72.61830201263957,72.63557227979166,72.65275968705663,72.66984908617559,72.68682532888963,72.70367326693984,72.72037775206735,72.73692363601323,72.7532957705186,72.76947900732455,72.78545933953964,72.80124551131306,72.81686722797058,72.83235497747904,72.84773924780535,72.86305052691634,72.87831930277886,72.8935760633598,72.90885129662601,72.92417549054434,72.93957913308166,72.95509271220484,72.97074671588072,72.98657163207616,73.00259794875805,73.01885615389322,73.03537673544855,73.05219018139088,73.0693269796871,73.08681761830405,73.10469258520858,73.12298236836759,73.1417174557479,73.16092833531638,73.18064549503993,73.20089942288534,73.22172060681953,73.24313953480934,73.26518669482162,73.28789257482325,73.31128766278108,73.33540244666197,73.36026741443278,73.38591305406038,73.41236985351162,73.43966830075337,73.46783888375248,73.49691209047582,73.52691840889025,73.55788832696263,73.5898523326598,73.62284091394866,73.65688455879604,73.69201375516882,73.72825899103383,73.76565075435796,73.80421953310807,73.843995815251,73.88501008875365,73.92729284158283,73.97087456170543,74.01578573708831,74.06205685569833,74.10971840550233,74.1588008744672,74.20933475055979,74.26135052174696,74.31487867599556,74.36994970127246,74.42659408554454,74.48484231677863
73.03113688322857,72.95610493289612,72.88342802668542,72.81307141918901,72.74500036499946,72.6791801187093,72.61557593491112,72.55415306819745,72.49487677316087,72.43771230439393,72.38262491648916,72.32957986403916,72.27854240163646,72.22947778387362,72.18235126534319,72.13712810063775,72.09377354434983,72.05225285107201,72.01253127539684,71.97457407191686,71.93834649522465,71.90381379991275,71.87094124057373,71.83969407180014,71.81003754818454,71.78193692431948,71.75535745479752,71.73026439421122,71.70662299715313,71.68439851821581,71.66355621199182,71.64406133307372,71.62587913605405,71.60897487552539,71.59331380608027,71.57886118231129,71.56558225881095,71.55344229017184,71.54240653098651,71.53244023584753,71.52350865934744,71.51557705607881,71.50861068063419,71.50257478760612,71.49743463158718,71.49315546716993,71.48970254894691,71.48704113151068,71.4851364694538,71.48395381736883,71.48345842984833,71.48361556148484,71.48439046687093,71.48574840059915,71.48765461726207,71.49007437145224,71.4929729177622,71.49631551078453,71.50006740630498,71.5041996383164,71.50870239919455,71.51356984673193,71.51879613872099,71.52437543295419,71.53030188722401,71.53656965932291,71.54317290704337,71.55010578817783,71.55736246051879,71.56493708185869,71.57282380999001,71.58101680270522,71.58951021779677,71.59829821305713,71.6073749462788,71.6167345752542,71.62637125777583,71.63627915163615,71.6464524146276,71.65688520454269,71.66757167917386,71.67850599631358,71.68968231375432,71.70109478928856,71.71273758070873,71.72460484580735,71.73669074237684,71.74898942820968,71.76149506109836,71.77420179883532,71.78710379921303,71.80019522002397,71.8134702190606,71.82692295411539,71.84054758298079,71.85433826344929,71.86828915331334,71.88239441036542,71.89664819239799,71.91104465720352,71.92557796257448,71.94024226630333,71.95503172618254,71.96994050000457,71.98496274556189,72.00009262064698,72.01532428305228,72.0306518905703,72.04606960099346,72.06157157211425,72.07715196172514,72.09280492761859,72.10852462758707,72.12430521942304,72.14014086091898,72.15602570986734,72.1719539240606,72.18791966129123,72.20391707935168,72.21994087543258,72.23599649862491,72.25209930404924,72.26826501669404,72.28450936154776,72.30084806359888,72.31729684783585,72.3338714392471,72.35058756282113,72.36746094354638,72.38450730641131,72.40174237640437,72.41918187851402,72.43684153772875,72.45473707903697,72.47288422742719,72.49129870788782,72.50999624540735,72.52899256497422,72.54830339157691,72.56794445020385,72.58793146584352,72.60828016348438,72.62900626811488,72.65012550472348,72.67165359829863,72.6936062738288,72.71599925630247,72.73884827070805,72.76216904203403,72.78597729526886,72.810288755401,72.83511914741892,72.86048419631106,72.8863996270659,72.91288116467187,72.93994453411746,72.9676054603911,72.99587966848127,73.0247828833764,73.05433083006498,73.08453923353547,73.1154238187763,73.14700031077597,73.17928443452288,73.21229191500555,73.2460384772124,73.28053984613189,73.3158117467525,73.35186990406267,73.38873004305087,73.42640788870555,73.46491916601518,73.5042795999682,73.54450491555309,73.58561083775828,73.62761309157227,73.67052740198349,73.7143694939804,73.75915509255147,73.80489992268514
73.46716696046742,73.38855323782629,73.31208426346673,73.23773663441652,73.16548694770351,73.0953118003555,73.02718778940032,72.96109151186575,72.89699956477968,72.83488854516987,72.77473505006417,72.71651567649037,72.6602070214763,72.60578568204978,72.55322825523866,72.5025113380707,72.45361152757376,72.40650542077564,72.36116961470417,72.31758070638715,72.27571529285241,72.23554997112775,72.19706133824106,72.16022599122006,72.12502052709262,72.09142154288655,72.05940563562969,72.02894940234982,72.00002944007478,71.97262234583236,71.94670471665044,71.92225314955678,71.89924424157924,71.87765458974559,71.85746079108368,71.83863944262134,71.82116714138637,71.80502048440657,71.7901760687098,71.77661049132385,71.76430034927655,71.7532222395957,71.74335275930913,71.73466850544467,71.72714607503015,71.72076206509333,71.71549307266208,71.71131569476421,71.70820652842751,71.70614217067985,71.705099218549,71.70505426906279,71.70598391924905,71.7078647661356,71.71067340675025,71.71438643812081,71.71898045727512,71.72443206124098,71.73071784715164,71.73781492271257,71.74570208849653,71.75435849546723,71.76376329458837,71.7738956368237,71.78473467313692,71.79625955449178,71.80844943185195,71.82128345618119,71.83474077844319,71.8488005496017,71.86344192062042,71.87864404246305,71.89438606609336,71.91064714247501,71.92740642257176,71.94464305734734,71.96233619776541,71.98046499478976,71.99900859938403,72.01794616251202,72.0372568351374,72.05691976822389,72.07691411273525,72.09721901963515,72.11781363988733,72.1386771244555,72.1597886243034,72.18112729039474,72.20267227369321,72.22440272516259,72.24629779576652,72.26833663646879,72.29049839823308,72.31276223202313,72.33510728880266,72.35751271953536,72.37995767518497,72.4024213067152,72.4248827650898,72.44732120127243,72.46971576622688,72.4920456109168,72.51428988630597,72.53642774335806,72.55843833303682,72.58030080630594,72.60199431412919,72.62349800747025,72.64479103729282,72.66585255456069,72.68666171023749,72.707197655287,72.72743954067293,72.74736651735897,72.7669577363089,72.78619234848635,72.80504950485512,72.8235083563789,72.8415480540214,72.8591488445684,72.87631281798356,72.89306218896745,72.90941992363103,72.92540898808532,72.94105234844126,72.95637297080985,72.97139382130204,72.98613786602887,73.00062807110125,73.01488740263021,73.02893882672667,73.04280530950167,73.05650981706616,73.07007531553113,73.08352477100753,73.09688114960638,73.11016741743863,73.12340654061525,73.13662148524723,73.14983521744558,73.16307070332122,73.17635090898519,73.18969880054841,73.20313734412188,73.2166895058166,73.23037825174352,73.24422654801366,73.25825736073791,73.27249365602735,73.28695839999291,73.30167455874557,73.31666509839631,73.3319529850561,73.34756118483595,73.3635126638468,73.37983038819966,73.39653732400551,73.41365643737528,73.43121069441999,73.4492230612506,73.46771650397811,73.48671398871348,73.5062384815677,73.52631294865175,73.54696035607658,73.5682036699532,73.59006585639257,73.61256988150568,73.6357387114035,73.65959531219703,73.68416264999722,73.70946369091506,73.73552140106155,73.7623587465476,73.78999869348426,73.8184642079825,73.84777825615326,73.87796380410755,73.90904381795632,73.94104126381059
72.9683704619683,72.90847118916224,72.85076947905864,72.79523061425672,72.74181987735577,72.69050255095499,72.64124391765364,72.59400926005097,72.54876386074619,72.50547300233859,72.46410196742735,72.42461603861176,72.38698049849106,72.35116062966446,72.3171217147312,72.28482903629057,72.25424787694178,72.22534351928408,72.19808124591668,72.17242633943886,72.14834408244985,72.12579975754889,72.10475864733522,72.08518603440811,72.06704720136673,72.05030743081039,72.0349320053383,72.02088620754972,72.00813532004389,71.99664462542003,71.9863794062774,71.97730494521522,71.96938652483277,71.96258942772926,71.95687893650395,71.95222033375606,71.94857890208485,71.94591992408954,71.9442086823694,71.94341045952368,71.94349053815156,71.94441420085235,71.94614673022528,71.94865340886955,71.95189951938443,71.95585034436917,71.96047116642296,71.96572726814512,71.97158393213485,71.97800644099141,71.98496007731399,71.99241012370189,72.00032186275433,72.00866057707054,72.0173915492498,72.02648006189128,72.0358913975943,72.04559083895808,72.05554366992405,72.0657216743233,72.07611818720025,72.08673100428584,72.09755792131105,72.1085967340068,72.11984523810409,72.13130122933387,72.1429625034271,72.15482685611471,72.16689208312769,72.17915598019701,72.19161634305357,72.20427096742839,72.2171176490524,72.23015418365657,72.24337836697185,72.25678799472922,72.27038086265961,72.28415476649397,72.2981075019633,72.31223686479854,72.32654065073064,72.34101665549056,72.35566267480928,72.37047650441775,72.38545594004691,72.40059877742772,72.41590281229116,72.43136584036819,72.44698565738975,72.4627600590868,72.47868684119032,72.49476379943127,72.51098872954057,72.52735942724922,72.54387368828816,72.56052930838834,72.57732408328073,72.59425580869629,72.61132228036598,72.62852129402074,72.64585064539156,72.6633081302094,72.6808915442052,72.6985986831099,72.7164273426545,72.73437531856993,72.75244040658717,72.77062040243717,72.78891310185088,72.80731630055925,72.82582779429328,72.84444537878389,72.86316684976205,72.88199000295873,72.90091263410488,72.91993253893145,72.93904751316941,72.95825535254974,72.97755385280334,72.99694084015835,73.0164147487458,73.03597457277519,73.05561932736788,73.07534802764528,73.09515968872878,73.11505332573984,73.13502795379983,73.15508258803018,73.17521624355231,73.1954279354876,73.21571667895745,73.23608148908332,73.25652138098656,73.27703536978862,73.29762247061092,73.31828169857482,73.33901206880176,73.35981259641315,73.38068229653038,73.40162018427489,73.42262527476808,73.44369658313136,73.46483312448612,73.48603391395378,73.50729796665576,73.52862429771343,73.55001192224825,73.57145985538162,73.59296711223493,73.61453270792958,73.63615565758704,73.65783497632864,73.67956967927583,73.70135878155003,73.72320129827261,73.74509624456502,73.76704263554865,73.78903948634493,73.81108581207522,73.83318062786097,73.85532294882358,73.87751179008447,73.89974616676506,73.92202509398669,73.94434758687086,73.96671266053892,73.98911933011229,74.01156661071238,74.03405351746062,74.05657906547839,74.07914226988711,74.1017421458082,74.12437770836308,74.1470479726731,74.16975195385976,74.19248866704439,74.21525712734845,74.2380563498933,74.26088534980039,74.28374314219113
74.03859874706436,73.91754471046556,73.800619482589,73.68775625556879,73.57888822153906,73.4739485726339,73.37287050098746,73.27558719873385,73.18203185800718,73.09213767094157,73.00583782967115,72.92306552633003,72.84375395305236,72.7678363019722,72.69524576522372,72.62591553494102,72.55977880325821,72.49676876230943,72.43681860422878,72.37986152115039,72.32583070520838,72.27465934853687,72.22628064326996,72.1806277815418,72.13763395548649,72.09723235723816,72.05935617893091,72.02393861269887,71.99091285067617,71.96021208499691,71.93176950779522,71.90551831120523,71.88139168736105,71.85932282839678,71.83924492644655,71.8210911736445,71.80479476212474,71.79028888402138,71.77750673146853,71.76638149660033,71.75684637155089,71.74883454845433,71.74227921944477,71.73711357665633,71.73327081222313,71.73068411827927,71.7292866869589,71.72901171039612,71.72979238072506,71.73156189007983,71.73425343059455,71.73780019440335,71.74213537364034,71.74719216043964,71.75290374693536,71.75920332526164,71.76602408755258,71.77329922594231,71.78096193506902,71.78895753578527,71.79727155495482,71.80589784131223,71.81483024359206,71.82406261052886,71.83358879085718,71.84340263331158,71.85349798662664,71.86386869953688,71.8745086207769,71.88541159908121,71.89657148318439,71.90798212182101,71.9196373637256,71.93153105763274,71.94365705227698,71.95600919639286,71.96858133871496,71.98136732797781,71.994361012916,72.00755624226406,72.02094686475657,72.03452672912806,72.04828968411312,72.06222957844628,72.0763402608621,72.09061558009515,72.10504938487996,72.11963552395113,72.13436784604318,72.14924019989068,72.16424643422819,72.17938039779025,72.19463593931144,72.2100069075263,72.22548715116942,72.2410705189753,72.25675085967853,72.27252202201367,72.28837785471528,72.3043122065179,72.32031892615609,72.33639186236442,72.35252486387743,72.36871177942969,72.38494645775576,72.40122274759017,72.4175344976675,72.43387555672231,72.45023977348916,72.46662099670257,72.48301307509715,72.49940985740741,72.51580519236794,72.53219292871327,72.54856691517797,72.56492100049661,72.58124903340374,72.5975448626339,72.61380233692165,72.6300156793553,72.64618657506954,72.66232358419329,72.67843552355163,72.69453120996961,72.7106194602723,72.72670909128473,72.74280891983197,72.75892776273909,72.77507443683113,72.79125775893317,72.80748654587025,72.82376961446742,72.84011578154976,72.8565338639423,72.87303267847014,72.8896210419583,72.90630777123185,72.92310168311586,72.94001159443536,72.95704632201544,72.97421468268114,72.99152549325751,73.00898757056963,73.02660973144253,73.0444007927013,73.06236957117098,73.08052488367662,73.09887554704329,73.11743037809605,73.13619819365994,73.15518781056004,73.1744080456214,73.19386771566907,73.21357563752812,73.2335406280236,73.25377150398057,73.27427708222409,73.29506617957921,73.316147612871,73.33753019892451,73.3592227545648,73.38123409661692,73.40357304190593,73.4262484072569,73.44926900949488,73.47264366544493,73.49638119193212,73.52049040578147,73.54498012381806,73.56985916286696,73.59513633975322,73.6208204713019,73.64692037433804,73.67344486568672,73.70040276217298,73.7278028806219,73.7556540378585,73.78396505070789,73.81274473599508,73.84200191054516
71.84987020237315,71.90382473403061,71.95430569737006,72.00140125338706,72.04519956307716,72.0857887874359,72.12325708745882,72.15769262414146,72.18918355847936,72.21781805146806,72.2436842641031,72.26687035738001,72.28746449229438,72.3055548298417,72.32122953101752,72.3345767568174,72.34568466823687,72.35464142627148,72.36153519191676,72.36645412616826,72.36948639002152,72.37072014447207,72.37024355051547,72.36814476914725,72.36451196136295,72.35943328815812,72.35299691052829,72.34529098946902,72.33640368597582,72.32642316104427,72.31543757566989,72.30353509084823,72.29080386757481,72.27733206684519,72.26320784965492,72.24851937699952,72.23335480987454,72.21780230927553,72.20195003619803,72.18588615163756,72.16969881658969,72.15347619204994,72.13730643901387,72.121277718477,72.1054781914349,72.08999601888307,72.0749193618171,72.06033638123249,72.04633523812481,72.0330040934896,72.02043110832237,72.0087044436187,71.9979122603741,71.98814271958413,71.97948398224433,71.97202420935025,71.96585156189741,71.96105420088136,71.95772028200292,71.95591232067872,71.95560781869125,71.95676668163634,71.9593488151098,71.96331412470744,71.96862251602506,71.9752338946585,71.98310816620355,71.99220523625601,72.00248501041172,72.01390739426647,72.02643229341606,72.04001961345632,72.05462925998307,72.07022113859212,72.08675515487926,72.1041912144403,72.12248922287107,72.14160908576737,72.16151070872502,72.18215399733982,72.20349885720758,72.22550519392412,72.24813291308526,72.27134192028679,72.29509212112453,72.31934342119429,72.34405572609188,72.36918894141311,72.39470297275379,72.42055772570974,72.44671310587677,72.47312901885068,72.4997653702273,72.52658206560241,72.55353901057185,72.58059611073142,72.60771327167693,72.63485039900418,72.661967398309,72.6890241751872,72.71598063523459,72.74279668404697,72.76943222722015,72.79584717034994,72.82200141903218,72.84785487886265,72.87336745543716,72.89849905435155,72.9232095812016,72.94745894158314,72.97120704109197,72.99441378532391,73.01703907987476,73.03904283034035,73.06038494231646,73.08102532139893,73.10092387318356,73.12004050326615,73.13833511724255,73.15576965113875,73.17234651383677,73.18810540300437,73.20308740858496,73.217333620522,73.23088512875887,73.24378302323902,73.25606839390586,73.26778233070281,73.2789659235733,73.28966026246074,73.29990643730856,73.30974553806017,73.31921865465901,73.3283668770485,73.33723129517203,73.34585299897306,73.354273078395,73.36253262338126,73.37067272387526,73.37873446982043,73.3867589511602,73.39478725783799,73.4028604797972,73.41101970698128,73.41930602933363,73.42776053679768,73.43642431931684,73.44533846683454,73.45454406929422,73.46408221663927,73.47399399881313,73.48432050575921,73.49510282742095,73.50638205374176,73.51819927466505,73.53059558013426,73.5436120600928,73.5572898044841,73.57166990325157,73.58679344633865,73.60270152368874,73.61943522524527,73.63703564095167,73.65554386075135,73.67500097458773,73.69544807240425,73.7169262441443,73.73947657975133,73.76314016916875,73.78795810233999,73.81397146920845,73.84122135971757,73.86974886381077,73.89959507143146,73.93080107252308,73.96340795702903,73.99745681489274,74.03298873605765,74.07004481046715,74.10866612806468
72.95102587899409,72.90405986381903,72.85841692169727,72.8140828350712,72.77104338638337,72.72928435807619,72.68879153259216,72.64955069237372,72.61154761986337,72.57476809750356,72.53919790773678,72.50482283300549,72.47162865575213,72.4396011584192,72.40872612344917,72.37898933328451,72.35037657036769,72.32287361714116,72.29646625604737,72.27114026952886,72.24688144002805,72.22367554998739,72.20150838184942,72.18036571805654,72.16023334105127,72.14109703327601,72.1229425771733,72.1057557551856,72.08952234975534,72.07422814332504,72.05985891833713,72.04640045723407,72.03383854245838,72.02215895645249,72.01134748165886,72.00138990052001,71.99227199547833,71.9839795489764,71.97649834345658,71.96981416136138,71.9639127851333,71.95877999721479,71.9544015800483,71.9507633160763,71.94785098774129,71.9456503774857,71.94414726775203,71.94332744098274,71.94317667962032,71.94368076610719,71.94482548288586,71.94659661239878,71.94897993708842,71.95196123939728,71.95552630176779,71.95966090664241,71.96435083646368,71.96958187367399,71.97533980083655,71.98161098505729,71.98838373156828,71.9956467467563,72.00338873700822,72.01159840871092,72.02026446825123,72.02937562201599,72.03892057639207,72.04888803776628,72.05926671252551,72.07004530705656,72.08121252774633,72.09275708098163,72.10466767314931,72.11693301063626,72.12954179982925,72.14248274711521,72.15574455888095,72.16931594151332,72.18318560139916,72.19734224492534,72.21177457847868,72.22647130844605,72.2414211412143,72.25661278317024,72.27203494070078,72.28767632019272,72.30352562803292,72.31957157060823,72.3358028543055,72.35220818551157,72.36877627061331,72.38549581599754,72.4023555280511,72.4193441131609,72.43645027771372,72.45366272809643,72.4709701706959,72.48836131189894,72.50582485809242,72.52334951566321,72.54092399099811,72.558536990484,72.57617722050772,72.59383338745612,72.61149419771603,72.62914835767431,72.64678457371782,72.66439155223343,72.68195799960792,72.69947262222819,72.71692412648106,72.7343012187534,72.75159260543204,72.76878699290386,72.78587308755566,72.8028395957743,72.81967522394667,72.83636867845958,72.8529086656999,72.8692846709872,72.88550170621924,72.90157908836885,72.91753666852672,72.93339429778364,72.9491718272303,72.96488910795743,72.9805659910558,72.99622232761611,73.01187796872911,73.02755276548551,73.04326656897608,73.0590392302915,73.07489060052252,73.0908405307599,73.10690887209434,73.12311547561659,73.13948019241737,73.15602287358742,73.17276337021745,73.18972153339821,73.20691721422044,73.22437026377487,73.24210053315223,73.26012787344321,73.2784721357386,73.29715317112912,73.31619083070548,73.3356049655584,73.35541542677866,73.37564206545697,73.39630473268404,73.41742327955062,73.43901755714744,73.46110741656524,73.48371270889471,73.50685328522665,73.53054899665175,73.55481969426076,73.57968522914437,73.60516545239336,73.63128021509844,73.65804936835035,73.68549276323982,73.71363025085758,73.74248168229433,73.77206690864087,73.80240578098785,73.83351815042609,73.86542386804625,73.89814278493908,73.93169475219533,73.96609962090572,74.00137724216101,74.03754746705188,74.07463014666907,74.11264513210334,74.15161227444541,74.19155142478603,74.2324824342159,74.27442515382576
74.68073716858608,74.49912231592987,74.32487465447343,74.15785425392332,73.99792118398605,73.8449355143682,73.6987573147763,73.5592466549169,73.42626360449653,73.29966823322175,73.1793206107991,73.0650808069351,72.95680889133634,72.85436493370932,72.75760900376062,72.66640117119677,72.5806015057243,72.50007007704977,72.42466695487973,72.35425220892071,72.28868590887927,72.22782812446192,72.17153892537526,72.11967838132578,72.07210656202007,72.02868353716465,71.98926937646605,71.95372414963086,71.92190792636558,71.89368077637675,71.86890276937098,71.84743397505474,71.82913446313461,71.81386430331712,71.80148356530883,71.79185231881627,71.784830633546,71.78027857920453,71.77805622549846,71.77802364213429,71.78004089881857,71.78396806525787,71.7896652111587,71.79699240622763,71.8058097201712,71.81597722269595,71.82735498350841,71.83980307231516,71.85318155882271,71.86735051273762,71.88217000376642,71.89750010161568,71.91320087599192,71.9291323966017,71.94515473315157,71.96112795534806,71.97691213289771,71.99236733550707,72.00735363965731,72.02176392862482,72.03559986080192,72.04888560893731,72.06164534577962,72.07390324407753,72.08568347657966,72.0970102160347,72.1079076351913,72.11839990679812,72.12851120360381,72.13826569835702,72.14768756380643,72.1568009727007,72.16563009778845,72.17419911181838,72.18253218753912,72.19065349769934,72.19858721504771,72.20635751233287,72.21398856230348,72.2215045377082,72.2289296112957,72.23628795581462,72.24360374401361,72.25090114864136,72.2582043424465,72.2655374981777,72.27292478858362,72.2803903864129,72.28795846441425,72.29565319533626,72.3034987519276,72.31151930693697,72.319739033113,72.32818210320434,72.33687268995968,72.34583496612764,72.3550931044569,72.3646712776961,72.37459365859392,72.38488441989902,72.39556773436001,72.40666777472562,72.41820871374446,72.4302147241652,72.44270997873649,72.455718650207,72.46926491132538,72.4833729348403,72.49806689350041,72.51337096005436,72.52930930725081,72.54590610783842,72.56318553456586,72.58117176018177,72.59988895743483,72.61936129907367,72.63961295784698,72.66066810650338,72.68255091779156,72.70528389743707,72.72885632215622,72.75322685384012,72.77835301129421,72.80419231332397,72.83070227873486,72.85784042633234,72.8855642749219,72.91383134330898,72.94259915029905,72.97182521469757,73.00146705531003,73.03148219094187,73.06182814039857,73.09246242248558,73.12334255600838,73.15442605977243,73.1856704525832,73.21703325324613,73.24847198056672,73.27994415335041,73.31140729040268,73.342818910529,73.37413653253482,73.40531767522562,73.43631985740684,73.46710059788398,73.49761741546249,73.5278278289478,73.55768935714543,73.58715951886083,73.61619583289945,73.64475581806676,73.67279699316823,73.70027687700933,73.72715298839552,73.75338284613225,73.77892396902502,73.80373387587926,73.82777008550045,73.85099011669406,73.87335148826554,73.89481171902038,73.91532832776403,73.93485883330196,73.95336075443961,73.97079160998248,73.98710891873603,74.00227019950572,74.016232971097,74.02895475231536,74.04039306196624,74.05050541885512,74.05924934178746,74.06658234956875,74.07246196100442,74.07684569489994,74.0796910700608,74.08095560529244,74.08059681940034,74.07857223118997
73.37123997717504,73.26150621671883,73.15592062879107,73.05441289092089,72.95691268063743,72.86334967546982,72.77365355294721,72.68775399059874,72.60558066595354,72.52706325654074,72.4521314398895,72.38071489352896,72.31274329498824,72.24814632179647,72.18685365148282,72.12879496157642,72.07389992960638,72.02209823310187,71.97331954959202,71.92749355660597,71.88454993167285,71.84441835232181,71.80702849608198,71.77231004048251,71.74019266305251,71.71060604132116,71.68347985281756,71.65874377507087,71.63632748561022,71.61616066196477,71.59817298166362,71.58229412223595,71.56845376121086,71.55658157611752,71.54660724448505,71.5384604438426,71.53207085171928,71.52736814564427,71.5242820031467,71.52274210175567,71.52267811900036,71.5240197324099,71.52669661951342,71.53063845784006,71.53577492491897,71.54203569827926,71.54935045545011,71.55764887396062,71.56686063133995,71.57691540511723,71.58774287282161,71.59927271198221,71.61143460012819,71.62415821478868,71.63737323349281,71.65100933376972,71.66499619314855,71.67926348915844,71.69374090203827,71.70837123412366,71.72314079573665,71.73804490251548,71.7530788700983,71.76823801412331,71.78351765022873,71.79891309405272,71.8144196612335,71.83003266740926,71.84574742821816,71.86155925929843,71.87746347628826,71.89345539482582,71.90953033054933,71.92568359909697,71.94191051610693,71.95820639721741,71.97456655806661,71.99098631429271,72.00746098153391,72.02398587542841,72.0405563116144,72.05716760573004,72.07381507341358,72.09049403030318,72.10719979203704,72.12392767425335,72.14067299259031,72.15743106268611,72.17419720017895,72.19096672070701,72.20773493990849,72.22449717342158,72.24124873688449,72.25798494593539,72.27470111621248,72.29139256335397,72.30805460299804,72.32468255078288,72.34127172234669,72.35781743332765,72.37431499936397,72.39075973609386,72.40714695915547,72.42347198418702,72.43973012682669,72.45591670271268,72.4720270274832,72.48805641677642,72.50400018623054,72.51985365148377,72.53561212817428,72.55127093194027,72.56682537841994,72.58227078325146,72.59760246207307,72.61281573052293,72.62790590423923,72.64286829886017,72.65769823002395,72.67239168972095,72.68695815176646,72.70141951116196,72.71579812668686,72.73011635712058,72.74439656124252,72.75866109783207,72.77293232566866,72.78723260353168,72.80158429020054,72.81600974445465,72.83053132507342,72.84517139083624,72.85995230052254,72.8748964129117,72.89002608678314,72.90536368091627,72.92093155409047,72.93675206508519,72.9528475726798,72.96924043565373,72.98595301278637,73.00300766285714,73.02042674464543,73.03823261693066,73.05644763849222,73.07509416810953,73.094194564562,73.11377118662902,73.13384639309001,73.15444254272437,73.1755819943115,73.19728710663082,73.21958023846173,73.24248374858364,73.26601999577593,73.29021133881805,73.31508013648939,73.34064874756933,73.36693953083731,73.39397484507272,73.42177704905497,73.45036850156346,73.4797715613776,73.5100085872768,73.54110193804047,73.573073972448,73.60594704927881,73.6397435273123,73.67448576532789,73.71019612210496,73.74689695642293,73.78461062706121,73.82335949279921,73.86316591241632,73.90405224469195,73.94604084840553,73.98915408233644,74.03341430526409,74.07884387596789,74.12546515322725
73.04395939900621,72.99530342122596,72.94748888469168,72.90051965515651,72.85439959837363,72.8091325800962,72.76472246607739,72.72117312207034,72.6784884138282,72.63667220710417,72.59572836765138,72.555660761223,72.51647325357219,72.4781697104521,72.4407539976159,72.40422998081675,72.3686015258078,72.33387249834223,72.30004676417319,72.26712818905382,72.23512063873731,72.20402797897682,72.1738540755255,72.14460279413649,72.11627800056299,72.08888356055812,72.06242333987505,72.03690120426697,72.012321019487,71.98868665128835,71.96600196542413,71.94427082764751,71.92349710371167,71.90368465936976,71.88483736037493,71.86695907248036,71.85005366143919,71.8341249930046,71.81917693292974,71.80521334696776,71.79223810087183,71.78025506039512,71.76926809129077,71.75928105931195,71.75029783021182,71.74232226974355,71.73535824366029,71.72940961771519,71.72448025766143,71.72057402925215,71.71769479824053,71.71584643037971,71.71503279142287,71.71525774712316,71.71652516323373,71.71883890550777,71.7222028396984,71.72662083155882,71.73209674538722,71.73862739985427,71.74618625295314,71.75474192746623,71.76426304617593,71.77471823186464,71.78607610731477,71.79830529530871,71.81137441862884,71.8252521000576,71.83990696237734,71.85530762837048,71.87142272081942,71.88822086250654,71.90567067621427,71.92374078472498,71.94239981082107,71.96161637728494,71.981359106899,72.00159662244563,72.02229754670724,72.04343050246621,72.06496411250495,72.08686699960586,72.10910778655133,72.13165509612377,72.15447755110556,72.1775437742791,72.2008223884268,72.22428201633103,72.24789128077423,72.27161880453876,72.29543321040704,72.31930312116145,72.3431971595844,72.3670839484583,72.39093211056552,72.41471026868847,72.43838704560953,72.46193106411113,72.48531094697564,72.50849531698547,72.53145279692302,72.55415200957067,72.57656157771083,72.59865012412591,72.62038627159829,72.64173864291037,72.66267586084454,72.68316654818322,72.7031793277088,72.72268282220364,72.74164565445018,72.76003644723082,72.77782382332792,72.79497640552391,72.81146281660118,72.82725167934213,72.84231161652914,72.85661125094462,72.87011920537097,72.88280646084752,72.89469100588569,72.90583413830932,72.91629877301015,72.92614782488,72.9354442088106,72.94425083969372,72.95263063242116,72.96064650188465,72.96836136297598,72.97583813058692,72.98313971960924,72.9903290449347,72.99746902145507,73.00462256406213,73.01185258764764,73.01922200710337,73.02679373732107,73.03463069319255,73.04279578960956,73.05135194146385,73.06036206364722,73.06988907105142,73.07999587856823,73.0907454010894,73.10220055350673,73.11442425071196,73.12747940759687,73.14142893905323,73.15633575997282,73.17226278524738,73.1892729297687,73.20742910842856,73.22679423611869,73.2474312277309,73.26940299815695,73.2927724622886,73.3176025350176,73.34395613123576,73.37189616583483,73.40148555370656,73.43278720974276,73.46586404883516,73.50077898587556,73.53759493575569,73.57637481336737,73.61718153360232,73.66007801135235,73.7051271615092,73.75239189896466,73.80193513861047,73.85381979533844,73.90810878404031,73.96486501960786,74.02415141693284,74.08603089090705,74.15056635642223,74.21782072837017,74.28785692164264,74.36073785113139,74.43652643172821
73.51826631465111,73.42882491498764,73.34242899083311,73.25903118811047,73.17858415274262,73.10104053065247,73.02635296776292,72.95447410999691,72.88535660327736,72.81895309352714,72.7552162266692,72.69409864862644,72.63555300532178,72.57953194267813,72.52598810661843,72.47487414306553,72.4261426979424,72.37974641717196,72.33563794667705,72.29376993238068,72.25409502020571,72.21656585607505,72.18113508591162,72.14775535563834,72.11637931117815,72.08695959845392,72.05944886338855,72.03379975190504,72.0099649099262,71.98789698337501,71.96754861817439,71.9488724602472,71.93182115551639,71.91634734990487,71.90240368933556,71.88994281973135,71.87891738701518,71.86928003710995,71.86098341593856,71.85398016942395,71.84822294348902,71.8436643840567,71.84025713704989,71.83795384839149,71.83670716400442,71.83646972981163,71.83719419173599,71.83883319570046,71.8413393876279,71.84466541344122,71.8487639190634,71.8535875504173,71.85908895342584,71.86522077401196,71.87193565809855,71.87918625160853,71.88692520046482,71.89510515059033,71.90367874971028,71.9126073734495,71.92188133589767,71.93149694085,71.94145049210161,71.95173829344768,71.96235664868342,71.97330186160397,71.98457023600454,71.99615807568026,72.00806168442631,72.02027736603787,72.0328014243101,72.0456301630382,72.05875988601733,72.07218689704266,72.08590749990935,72.0999179984126,72.11421469634755,72.12879389750938,72.1436519056933,72.15878502469442,72.17418955830797,72.18986181032909,72.20579808455295,72.22199468477476,72.23844791478965,72.25515407839279,72.2721094793794,72.2893104215446,72.3067532086836,72.32443414459155,72.34234953306364,72.36049567789502,72.37886888288085,72.39746545181637,72.41628168849667,72.43531389671699,72.45455838027246,72.47401144295827,72.4936693885696,72.51352852090159,72.53358514374943,72.55383556090831,72.57427607617339,72.59490299333982,72.61571261620281,72.6367012485575,72.65786519419908,72.67920075692274,72.7007042405236,72.72237194879688,72.74420018553772,72.76618525454134,72.78832345960285,72.81061110451748,72.83304449308037,72.85561992908669,72.87833371633161,72.90118215861034,72.92416155971802,72.94726813590573,72.97049635839629,72.99383909066852,73.0172891361719,73.04083929835586,73.0644823806699,73.08821118656347,73.11201851948604,73.13589718288706,73.159839980216,73.18383971492234,73.20788919045552,73.23198121026502,73.2561085778003,73.28026409651083,73.30444056984607,73.32863080125547,73.35282759418853,73.37702375209467,73.40121207842338,73.42538537662413,73.44953645014637,73.47365810243957,73.4977431369532,73.52178435713671,73.54577456643958,73.56970656831126,73.59357316620122,73.61736716355892,73.64108136383385,73.66470857047544,73.68824158693316,73.7116732166565,73.7349962630949,73.75820352969782,73.78128781991475,73.80424193719514,73.82705868498844,73.84973086674415,73.8722512859117,73.89461274594056,73.91680805028022,73.93883000238012,73.96067140568972,73.98232506365851,74.00378377973593,74.02504035737145,74.04608760001454,74.06691831111466,74.08752529412128,74.10790135248386,74.12803928965187,74.14793190907476,74.16757201420201,74.18695240848308,74.20606589536742,74.22490527830452,74.24346336074382,74.2617329461348,74.27970683792692,74.29737783956965
72.9350962742088,72.89021322968875,72.84656766582182,72.80414955840101,72.76294888321928,72.72295561606963,72.68415973274504,72.64655120903853,72.61012002074307,72.57485614365163,72.54074955355723,72.50779022625285,72.47596813753147,72.44527326318608,72.4156955790097,72.38722506079526,72.3598516843358,72.33356542542428,72.30835625985371,72.28421416341706,72.26112911190734,72.23909108111752,72.2180900468406,72.19811598486957,72.17915887099741,72.16120868101711,72.14425539072167,72.12828897590407,72.1132994123573,72.09927667587435,72.08621074224821,72.07409158727187,72.06290918673831,72.05265351644054,72.04331455217152,72.03488226972426,72.02734664489175,72.02069765346697,72.01492527124292,72.01001947401257,72.00597023756892,72.00276753770495,72.00040135021368,71.99886165088806,71.9981384155211,71.99822161990579,71.99910123983511,72.00076725110206,72.00320962949961,72.00641835082077,72.01038339085852,72.01509472540585,72.02054233025575,72.02671618120121,72.0336062540352,72.04120252455074,72.04949496854081,72.0584735617984,72.06812827988563,72.07844798048733,72.08941781482324,72.1010221669462,72.11324542090901,72.12607196076449,72.13948617056548,72.15347243436479,72.16801513621522,72.1830986601696,72.19870739028076,72.2148257106015,72.23143800518464,72.24852865808302,72.26608205334942,72.2840825750367,72.30251460719766,72.32136253388511,72.34061073915187,72.36024360705078,72.38024552163462,72.40060086695624,72.42129402706846,72.44230938602406,72.4636313278759,72.48524423667679,72.50713249647954,72.52928049133696,72.55167260530189,72.57429322242713,72.59712672676551,72.62015750236984,72.64336993329293,72.66674840358762,72.69027729730672,72.71394099850305,72.73772389122942,72.76161035953865,72.78558478748357,72.80963155911698,72.83373505849171,72.85787966966058,72.8820497766764,72.906229763592,72.93040401446018,72.95455691333378,72.9786728442656,73.00273619130847,73.0267313385152,73.05064266993863,73.07445456963154,73.09815142164678,73.12171761003715,73.14513751885548,73.16839553215459,73.19147603398729,73.2143634084064,73.23704203946473,73.25949631121512,73.28171060771037,73.3036693130033,73.32535718284822,73.34676638217807,73.3678959022115,73.38874498904461,73.40931288877348,73.4295988474942,73.4496021113029,73.46932192629565,73.48875753856854,73.50790819421768,73.52677313933917,73.5453516200291,73.56364288238355,73.58164617249864,73.59936073647046,73.61678582039511,73.63392067036867,73.65076453248724,73.66731665284694,73.68357627754384,73.69954265267403,73.71521502433363,73.73059263861873,73.74567474162542,73.76046057944981,73.77494939818797,73.78914044393602,73.80303296279004,73.81662620084614,73.82991940420041,73.84291181894895,73.85560269118784,73.8679912670132,73.8800767925211,73.89185851380766,73.90333567696896,73.91450752810111,73.92537331330018,73.9359322786623,73.94618367028356,73.95612673426004,73.96576071668784,73.97508486366306,73.98409842128179,73.99280063564014,74.00119075283419,74.00926801896004,74.0170316801138,74.02448098239157,74.03161517188941,74.03843349470344,74.04493519692976,74.05111952466446,74.05698572400364,74.06253304104338,74.06776072187981,74.07266801260899,74.07725415932703,74.08151840813002,74.08546000511409,74.08907819637528
73.76571400125727,73.65726138703498,73.55252535498997,73.45144535853855,73.35396085109701,73.26001128608169,73.16953611690889,73.08247479699492,72.99876677975608,72.91835151860872,72.84116846696912,72.7671570782536,72.6962568058785,72.62840710326009,72.56354742381473,72.50161722095868,72.44255594810829,72.38630305867986,72.33279800608972,72.28198024375413,72.23378922508948,72.18816440351203,72.14504523243812,72.10437116528404,72.0660816554661,72.03011615640065,71.99641412150396,71.96491500419238,71.93555825788219,71.90828333598972,71.88302969193128,71.85973677912321,71.83834405098177,71.81879096092331,71.80101696236413,71.78496150872056,71.77056405340886,71.75776404984542,71.7465009514465,71.73671421162842,71.72834328380753,71.72132762140009,71.71560667782244,71.7111199064909,71.70780676082175,71.70560669423134,71.70445916013597,71.70430361195196,71.70507950309559,71.70672628698321,71.70918341703113,71.71239034665564,71.71628652927308,71.72081141829973,71.72590446715193,71.73150512924599,71.73755285799822,71.74398710682493,71.75074733158499,71.7577848164423,71.76509006381558,71.77266169354778,71.7804983254818,71.78859857946063,71.79696107532718,71.80558443292438,71.81446727209519,71.82360821268253,71.83300587452933,71.84265887747858,71.85256584137316,71.86272538605604,71.87313613137016,71.88379669715843,71.89470570326381,71.90586176952925,71.91726351579766,71.92890956191201,71.9407985277152,71.9529290330502,71.96529969775995,71.97790914168735,71.99075598467539,72.00383884656696,72.01715634720505,72.03070710643254,72.04448974409243,72.05850288002762,72.07274513408103,72.08721512609564,72.10191147591438,72.11683280338018,72.13197772833597,72.1473448706247,72.1629328500893,72.17874028657275,72.19476579991792,72.2110080099678,72.22746553656529,72.24413699955336,72.26102101877494,72.27811621407297,72.29542120529038,72.31293461227011,72.3306550548551,72.34858115288829,72.36671152621261,72.38504479467102,72.40357957810645,72.42231449636182,72.44124816928009,72.46037921670418,72.47970625847705,72.49922791444163,72.51894280444084,72.53884954831764,72.55894676591498,72.57923307707577,72.59970710164295,72.62036730042365,72.6412089641413,72.6622244628316,72.68340605747869,72.70474600906664,72.7262365785796,72.74787002700167,72.76963861531695,72.79153460450955,72.8135502555636,72.83567782946318,72.85790958719244,72.88023778973545,72.90265469807636,72.92515257319926,72.94772367608823,72.97036026772744,72.99305460910097,73.01579896119293,73.03858558498744,73.0614067414686,73.08425469162054,73.10712169642734,73.13000001687314,73.15288191394202,73.17575964861814,73.19862548188556,73.2214716747284,73.24429048813079,73.26707418307684,73.28981502055065,73.31250526153633,73.33513716701799,73.35770299797974,73.38019501540572,73.40260548027999,73.42492665358671,73.44715079630996,73.46927016943384,73.4912770339425,73.51316365082002,73.53492228105051,73.55654518561812,73.57802462550691,73.59935286170102,73.62052215518455,73.64152476694161,73.66235295795633,73.68299898921279,73.70345512169513,73.72371361638744,73.74376673427383,73.76360673633843,73.78322588356534,73.80261643693865,73.82177065744251,73.84068080606102,73.85933914377826,73.87773793157837,73.89586943044546,73.91372590136362
73.23666738884098,73.18746211001513,73.13962796052695,73.09315035816878,73.04801472073295,73.00420646601181,72.96171101179769,72.92051377588294,72.88060017605987,72.84195563012085,72.80456555585819,72.76841537106425,72.73349049353136,72.69977634105184,72.66725833141807,72.63592188242235,72.60575241185703,72.57673533751445,72.54885607718694,72.52210004866684,72.4964526697465,72.47189935821825,72.44842553187443,72.42601660850737,72.40465800590941,72.3843351418729,72.36503343419015,72.34673830065353,72.32943515905536,72.31310942718798,72.29774652284372,72.28333186381495,72.26985086789396,72.25728895287313,72.24563153654478,72.23486403670124,72.22497187113485,72.21594045763797,72.20775521400292,72.20040155802202,72.19386490748765,72.1881306801921,72.18318429392775,72.17901116648693,72.17559671566195,72.17292635924518,72.17098551502893,72.16975960080556,72.16923403436739,72.16939423350678,72.17022561601605,72.17171359968755,72.1738436023136,72.17660104168655,72.17997133559874,72.1839399018425,72.18849215821018,72.1936135224941,72.19928941244225,72.20550503103428,72.21224486915781,72.21949327031122,72.22723457799282,72.23545313570094,72.24413328693394,72.25325937519017,72.26281574396792,72.27278673676557,72.28315669708144,72.29390996841387,72.3050308942612,72.31650381812175,72.32831308349388,72.34044303387591,72.3528780127662,72.36560236366307,72.37860043006485,72.3918565554699,72.40535508337652,72.4190803572831,72.43301672068795,72.44714851708939,72.46146008998578,72.47593578287545,72.49055993925674,72.50531690262798,72.52019101648753,72.5351666243337,72.55022806966484,72.56535969597928,72.58054584677537,72.59577086555143,72.61101909580582,72.62627488103686,72.64152256474289,72.65674649042225,72.67193100157327,72.6870604416943,72.70211915428366,72.71709148283972,72.73196177086078,72.74671436184519,72.7613335992913,72.77580382669744,72.79010938756194,72.80423462538315,72.81816388365938,72.831881505889,72.84537183557033,72.85861921620172,72.87160799128148,72.88432250430797,72.89674709877954,72.9088661181945,72.9206639060512,72.93212480584798,72.94323316108316,72.9539733152551,72.96432961186211,72.97428762879123,72.98385754917483,72.9930722256532,73.00196535729279,73.01057064316004,73.01892178232139,73.02705247384327,73.03499641679214,73.04278731023443,73.05045885323658,73.05804474486501,73.06557868418619,73.07309437026656,73.08062550217254,73.08820577897059,73.09586889972714,73.10364856350861,73.11157846938148,73.11969231641217,73.1280238036671,73.13660663021275,73.14547449511555,73.15466109744192,73.1642001362583,73.17412531063115,73.18447031962691,73.195268862312,73.20655463775289,73.21836134501599,73.23072268316776,73.24367235127461,73.25724404840302,73.27147147361941,73.28638832599023,73.30202830458191,73.31842510846089,73.33561243669361,73.35362398834651,73.37249346248605,73.39225455817864,73.41294097449074,73.43458641048878,73.45722456523922,73.48088913780846,73.50561382726298,73.5314323326692,73.55837835309357,73.58648558760252,73.6157877352625,73.64631849513994,73.67811156630128,73.71120064781297,73.74561943874146,73.78140163815317,73.81858094511453,73.85719105869201,73.89726567795203,73.93883850196104,73.98194322978549,74.0266135604918,74.07288319314641
73.23139277483872,73.16478154782824,73.10057602212254,73.03873717716411,72.97922599239547,72.92200344725913,72.86703052119758,72.81426819365336,72.76367744406895,72.71521925188688,72.66885459654964,72.62454445749974,72.58224981417969,72.54193164603201,72.50355093249921,72.46706865302377,72.43244578704822,72.39964331401507,72.3686222133668,72.33934346454596,72.31176804699504,72.28585694015653,72.26157112347298,72.23887157638686,72.21771927834068,72.19807520877696,72.17990034713822,72.16315567286694,72.14780216540565,72.13380080419685,72.12111256868305,72.10969843830675,72.09951939251047,72.09053641073672,72.08271047242799,72.0760025570268,72.07037364397566,72.06578471271708,72.06219674269356,72.05957071334761,72.05786760412174,72.05704839445846,72.05707406380027,72.0579055915897,72.05950395726923,72.06183014028139,72.06484512006867,72.06850987607358,72.07278538773863,72.07763263450636,72.08301259581923,72.08888625111977,72.09521457985049,72.1019585614539,72.1090791753725,72.1165374010488,72.12429421792531,72.13231060544454,72.14054754461247,72.14897358780185,72.15758239121787,72.16637280707612,72.17534368759216,72.18449388498159,72.19382225145999,72.20332763924293,72.21300890054599,72.22286488758473,72.23289445257477,72.24309644773167,72.253469725271,72.26401313740834,72.27472553635928,72.28560577433942,72.29665270356428,72.30786517624949,72.3192420446106,72.33078216086322,72.3424843772229,72.35434754590524,72.3663705191258,72.37855214910017,72.39089128804392,72.40338678817265,72.41603750170192,72.42884228084732,72.44179997782442,72.4549094448488,72.46816953413605,72.48157909790173,72.49513698836144,72.50884205773075,72.52269315822524,72.53668914206048,72.55082886145208,72.56511116861557,72.57953491576657,72.59409895512064,72.60880213889338,72.62364331930034,72.63862134855711,72.65373507887928,72.66898336248242,72.6843650515821,72.69987899839393,72.71552405513344,72.73129907401626,72.74720290725794,72.76323440707407,72.77939242568023,72.79567581529199,72.81208342812492,72.82861411639462,72.84526673231667,72.86204012810664,72.8789331559801,72.89594466815265,72.91307351683986,72.9303185542573,72.94767862469457,72.96515241445142,72.98273846426709,73.00043530944593,73.0182414852923,73.03615552711052,73.054175970205,73.07230134988004,73.09053020144002,73.10886106018928,73.12729246143219,73.14582294047308,73.16445103261633,73.18317527316627,73.20199419742727,73.22090634070366,73.23991023829981,73.25900442552008,73.2781874376688,73.29745781005035,73.31681407796906,73.33625477672928,73.35577844163538,73.37538360799171,73.39506881110262,73.41483258627245,73.43467346880558,73.45458999400634,73.47458069717909,73.49464411362818,73.51477877865797,73.53498322757281,73.55525599567706,73.57559561827505,73.59600063067116,73.6164695681697,73.63700096607509,73.65759335969163,73.67824528432368,73.69895527527561,73.71972186785176,73.74054359735649,73.76141899909416,73.7823466083691,73.80332496048567,73.82435259074823,73.84542803446114,73.86654982692875,73.88771650345538,73.90892659934543,73.93017864990323,73.95147119043313,73.97280275623949,73.99417188262666,74.015577104899,74.03701695836084,74.05848997831656,74.0799947000705,74.101529658927,74.12309339019045,74.14468442916518
74.31502604329505,74.16838100916122,74.02717150404902,73.89130469628788,73.7606877542072,73.63522784613644,73.51483214040503,73.39940780534239,73.28886200927796,73.18310192054116,73.08203470746143,72.9855675383682,72.8936075815909,72.80606200545895,72.7228379783018,72.64384266844887,72.5689832442296,72.4981668739734,72.43130072600975,72.36829196866802,72.30904777027767,72.25347529916812,72.20148172366883,72.1529742121092,72.10785993281867,72.06604605412666,72.02743974436262,71.99194817185598,71.95947850493616,71.9299379119326,71.90323356117472,71.87927262099196,71.85796225971376,71.83920964566953,71.8229219471887,71.80900633260073,71.79736997023502,71.78792002842103,71.78056367548815,71.77520807976586,71.77176040958355,71.77012783327068,71.77021751915666,71.77193663557094,71.77519235084293,71.77989183330207,71.7859422512778,71.79325077309953,71.80172456709673,71.81127080159878,71.82179664493515,71.83320926543526,71.84541583142853,71.85832351124441,71.8718394732123,71.88587088566166,71.90032491692192,71.9151087353225,71.9301295127363,71.94531158063788,71.96063616535079,71.97609626933776,71.9916848950615,72.00739504498473,72.02321972157019,72.03915192728056,72.05518466457858,72.07131093592697,72.08752374378844,72.10381609062571,72.1201809789015,72.13661141107853,72.15310038961952,72.16964091698719,72.18622599564425,72.20284862805342,72.21950181667741,72.23617856397895,72.25287187242077,72.26957474446557,72.28628018257608,72.302981189215,72.31967076684506,72.33634191792899,72.3529876449295,72.3696009503093,72.38617483653111,72.40270230605766,72.41917636135165,72.43559000487582,72.45193623909286,72.46820806646551,72.48439848945648,72.50050051052851,72.5165071321443,72.53241135676656,72.54820618685801,72.56388462488138,72.57943967329939,72.59486433457475,72.61015161117018,72.6252945055484,72.64028602017213,72.65511915750407,72.66978692000697,72.68428231014353,72.69859833037647,72.7127279831685,72.72666427098235,72.74040019628075,72.75392876152638,72.76724296918199,72.7803358217103,72.79320032157402,72.80582947123585,72.81821627315854,72.8303537298048,72.84223484363733,72.85385261711886,72.86520115640475,72.87629656771333,72.88717522654265,72.897874265198,72.90843081598469,72.91888201120803,72.92926498317331,72.93961686418587,72.94997478655097,72.96037588257394,72.97085728456008,72.9814561248147,72.9922095356431,73.00315464935058,73.01432859824246,73.02576851462403,73.0375115308006,73.0495947790775,73.06205539175998,73.07493050115339,73.08825723956302,73.10207273929419,73.11641413265218,73.13131855194231,73.14682312946988,73.1629649975402,73.17978128845857,73.1973091345303,73.2155856680607,73.23464802135506,73.25453332671869,73.2752787164569,73.296921322875,73.31949827827827,73.34304671497206,73.36760376526163,73.39320656145232,73.4198922358494,73.4476979207582,73.47666074848402,73.50681785133217,73.53820636160793,73.57086341161666,73.6048261336636,73.64013166005408,73.67681712309343,73.71491965508693,73.75447638833988,73.7955244551576,73.8381009878454,73.88224311870856,73.9279879800524,73.97537270418223,74.02443442340335,74.07521027002106,74.12773737634068,74.1820528746675,74.23819389730683,74.29619757656398,74.35610104474425,74.41794143415295
72.06911921779243,72.1041259301115,72.13660779459022,72.16663064446566,72.19426031297489,72.21956263335498,72.24260343884299,72.26344856267599,72.28216383809102,72.29881509832518,72.3134681766155,72.32618890619906,72.33704312031294,72.34609665219418,72.35341533507986,72.35906500220703,72.36311148681277,72.36562062213414,72.36665824140819,72.366290177872,72.36458226476265,72.36160033531716,72.35741022277263,72.35207776036611,72.34566878133468,72.33824911891537,72.32988460634529,72.32064107686148,72.31058436370098,72.2997803001009,72.28829471929829,72.2761934545302,72.26354233903372,72.25040720604588,72.23685388880376,72.22294822054444,72.20875603450497,72.19434316392241,72.17977544203383,72.1651187020763,72.15043877728688,72.13580150090263,72.12127270616062,72.1069182262979,72.09280389455157,72.07899554415866,72.06555900835625,72.05256012038139,72.04006471347117,72.02813862086262,72.01684767579283,72.00625771149886,71.99643456121778,71.98744405818664,71.9793520356425,71.97222432682246,71.96612676496355,71.96112518330284,71.95728541097455,71.95465340862665,71.95320926040559,71.95291941528941,71.95375032225614,71.95566843028381,71.95864018835044,71.96263204543408,71.96761045051274,71.97354185256445,71.98039270056725,71.98812944349916,71.99671853033821,72.00612641006245,72.01631953164987,72.02726434407855,72.03892729632646,72.0512748373717,72.06427341619222,72.07788948176612,72.09208948307139,72.10683986908607,72.1221070887882,72.13785759115578,72.15405782516687,72.1706742397995,72.18767328403166,72.20502140684142,72.2226850572068,72.24063068410582,72.25882473651653,72.27723366341694,72.29582391378507,72.31456193659898,72.33341418083668,72.3523470954762,72.37132712949557,72.39032073187283,72.409294351586,72.42821443761311,72.44704743893219,72.46575980452128,72.4843179833584,72.50268842442156,72.52083757668882,72.5387318891382,72.55633781074773,72.57362179049544,72.59055027735936,72.6070897203175,72.62320656834792,72.63886727042865,72.65403827553769,72.66868603265307,72.68277699075286,72.69627759881504,72.70915430581769,72.7213735607388,72.73290181255642,72.74370551024856,72.75375110279327,72.7630077859361,72.77149950713195,72.77930065813271,72.78648751416178,72.79313635044252,72.79932344219836,72.80512506465267,72.81061749302886,72.8158770025503,72.82097986844038,72.8260023659225,72.83102077022006,72.83611135655644,72.84135040015504,72.84681417623923,72.85257896003243,72.85872102675802,72.86531665163939,72.87244210989994,72.88017367676304,72.88858762745208,72.89776023719048,72.90776778120161,72.91868653470888,72.93059277293567,72.94356277110536,72.95767280444136,72.97299914816705,72.98961807750581,73.00760586768106,73.02703879391618,73.04799313143455,73.07054515545957,73.09477114121464,73.12074736392314,73.14855009880846,73.178255621094,73.20994020600314,73.24368012875928,73.27955166458581,73.31763108870611,73.3579946763436,73.40071870272165,73.44587944306365,73.49355317259298,73.54381616653306,73.59674470010727,73.652415048539,73.71090348705164,73.77228629086858,73.83663973521321,73.90404009530894,73.97456364637914,74.0482866636472,74.12528542233652,74.2056361976705,74.28941526487252,74.37669889916596,74.46756337577423,74.56208496992072,74.66033995682882
74.16080614330554,74.02210918537283,73.88832497303865,73.7593719874947,73.63516870993267,73.51563362154424,73.40068520352112,73.29024193705499,73.18422230333753,73.08254478356046,72.98512785891545,72.89189001059418,72.80274971978837,72.71762546768969,72.63643573548983,72.5590990043805,72.48553375555336,72.41565847020013,72.34939162951248,72.28665171468212,72.22735720690075,72.17142658736002,72.11877833725164,72.0693309377673,72.0230028700987,71.97971261543752,71.93937865497547,71.90191946990423,71.86725354141548,71.83529935070091,71.80597537895223,71.77920010736112,71.75489201711925,71.73296958941835,71.7133513054501,71.69595564640618,71.68070109347825,71.66750612785806,71.6562892307373,71.6469688833076,71.63946356676071,71.63369176228828,71.62957195108204,71.62702261433365,71.6259622332348,71.6263092889772,71.62798226275252,71.6308996357525,71.63497988916878,71.64014150419304,71.646302962017,71.65338274383235,71.6612993308308,71.669971204204,71.67931684514365,71.68925473484147,71.6997033544891,71.71058118527829,71.72180671157905,71.7333138092337,71.74508738647513,71.75712291425917,71.76941586354177,71.78196170527873,71.79475591042602,71.80779394993944,71.82107129477494,71.83458341588836,71.84832578423557,71.86229387077249,71.87648314645499,71.89088908223893,71.90550714908024,71.92033281793472,71.93536155975833,71.95058884550694,71.96601014613638,71.98162093260261,71.99741667586143,72.01339284686877,72.02954491658052,72.04586835595252,72.0623586359407,72.07901122750089,72.09582160158901,72.11278522916093,72.12989758117253,72.14715412857971,72.1645503423383,72.18208169340424,72.1997436527334,72.21753169128165,72.23544128000485,72.2534678898589,72.27160699179971,72.28985405678311,72.30820455576504,72.32665395970135,72.34519773954788,72.36383136626058,72.38255031079531,72.40135004410796,72.42022603715438,72.43917376089047,72.45818868627211,72.4772662842552,72.49640202579559,72.51559138184918,72.53482982337185,72.55411282131949,72.57343584664797,72.59279437031316,72.61218386327097,72.63159979647726,72.65103764088792,72.67049286745883,72.68996094714588,72.70943735090495,72.7289175496919,72.74839706992043,72.76787254345246,72.78734162063057,72.80680198982508,72.82625133940624,72.84568735774434,72.86510773320968,72.88451015417252,72.90389230900315,72.92325188607187,72.94258657374894,72.96189406040466,72.9811720344093,73.00041818413314,73.01963019794647,73.03880576421957,73.05794257132273,73.07703830762622,73.09609066150034,73.11509732131535,73.13405597544156,73.15296431224922,73.17182002010864,73.19062078739009,73.20936430246385,73.22804825370022,73.24667032946947,73.26522821814187,73.28371960808772,73.3021421876773,73.3204936452809,73.3387716692688,73.35697394801126,73.37509816987858,73.39314202324105,73.41110319646894,73.42897937793254,73.44676825600213,73.46446751904799,73.4820748554404,73.49958795354966,73.51700450174604,73.53432218839981,73.55153870188128,73.56865173056072,73.5856589628084,73.60255808699462,73.61934679148965,73.63602276466378,73.6525836948873,73.66902727053048,73.6853511799636,73.70155311155696,73.71763075368084,73.7335817947055,73.74940392300124,73.76509482693834,73.78065219488708,73.79607371521776,73.81135707630064,73.826499966506
73.71088771676624,73.65921891714562,73.60817068798043,73.55775461493926,73.50798228369064,73.45886527990314,73.4104151892453,73.3626435973857,73.31556208999288,73.2691822527354,73.22351567128182,73.17857393130068,73.13436861846056,73.09091131842999,73.04821361687755,73.00628709947178,72.96514335188124,72.92479395977449,72.88525050882008,72.84652458468658,72.80862777304253,72.77157165955649,72.73536782989702,72.70002786973266,72.66556336473201,72.63198590056358,72.59930706289595,72.56753843739766,72.53669160973726,72.50677816558334,72.47780969060443,72.4497977704691,72.42275399084589,72.39668993740337,72.37161719581009,72.3475473517346,72.32449199084547,72.30246269881125,72.2814710613005,72.26152866398176,72.2426470925236,72.22483793259457,72.20811276986323,72.19248318999814,72.17796077866785,72.16455712154092,72.1522838042859,72.14115241257134,72.13117453206583,72.12236174843788,72.11472564735607,72.10827781448896,72.1030298355051,72.09899329607303,72.09617978186134,72.09460087853857,72.09426817177327,72.095193247234,72.09738768855624,72.10085323408312,72.10555897883442,72.11146726129004,72.11854041992989,72.12674079323382,72.13603071968176,72.14637253775359,72.1577285859292,72.17006120268852,72.18333272651138,72.19750549587772,72.21254184926744,72.2284041251604,72.24505466203651,72.26245579837567,72.28056987265776,72.29935922336269,72.31878618897035,72.33881310796062,72.35940231881341,72.3805161600086,72.4021169700261,72.42416708734578,72.44662885044757,72.46946459781132,72.49263666791695,72.51610739924438,72.53983913027344,72.56379419948406,72.58793494535615,72.61222370636958,72.63662282100425,72.66109462774004,72.68560146505688,72.71010567143462,72.73456958535319,72.75895554529245,72.78322588973234,72.8073429571527,72.83126908603346,72.8549666148545,72.87839788209573,72.90152522623703,72.92431098575828,72.94671749913941,72.96870710486029,72.9902421414008,73.01128494724087,73.03179786086035,73.05174322073918,73.07108336535723,73.0897806331944,73.10779736273057,73.12509589244564,73.14163856081952,73.15738770633209,73.17230566746323,73.18635478269287,73.19949739050087,73.21169582936714,73.22291525810844,73.23317705371902,73.24255438858866,73.25112236902545,73.25895610133755,73.26613069183304,73.2727212468201,73.27880287260679,73.28445067550126,73.28973976181165,73.29474523784603,73.29954220991257,73.30420578431938,73.30881106737456,73.31343316538626,73.31814718466258,73.32302823151164,73.32815141224158,73.3335918331605,73.33942460057655,73.34572482079781,73.35256760013245,73.36002804488854,73.36818126137425,73.37710235589766,73.38686643476692,73.39754860429014,73.40922397077544,73.42196764053095,73.43585471986478,73.45096031508506,73.4673595324999,73.48512747841743,73.50433925914577,73.52506998099304,73.54739475026736,73.57138867327686,73.59712685632965,73.62468440573386,73.65413642779761,73.68555802882902,73.71902431513621,73.75461039302729,73.7923913688104,73.83244234879366,73.87483843928517,73.91965474659308,73.96696637702549,74.01684843689054,74.06937603249632,74.12462427015099,74.18266825616264,74.24358309683942,74.30744389848942,74.37432576742079,74.44430380994162,74.51745313236006,74.59384884098422,74.67356604212222,74.75667984208218,74.84326534717223
73.2758190505599,73.21264849127095,73.15121773753435,73.09150968394574,73.03350722510072,72.97719325559494,72.922550670024,72.86956236298354,72.81821122906918,72.76848016287654,72.72035205900126,72.67380981203894,72.62883631658522,72.58541446723574,72.54352715858609,72.50315728523191,72.46428774176883,72.42690142279247,72.39098122289846,72.35651003668241,72.32347075873996,72.29184628366673,72.26161950605832,72.2327733205104,72.20529062161857,72.17915430397845,72.15434726218567,72.13085239083586,72.10865258452463,72.08773073784762,72.06806974540045,72.04965250177874,72.0324619015781,72.01648083939419,72.00169220982261,71.988078907459,71.97562382689895,71.96430986273813,71.95411990957214,71.9450368619966,71.93704361460715,71.93012306199941,71.92425809876899,71.91943161951153,71.91562651882265,71.91282569129797,71.91101203153312,71.91016843412373,71.91027779366541,71.9113230047538,71.91328696198451,71.91615255995318,71.91990269325541,71.92452025648684,71.92998814424311,71.93628925111982,71.9434064717126,71.95132270061708,71.96002083231863,71.96948322739668,71.97969047619732,71.99062280266246,72.00226043073394,72.01458358435366,72.02757248746349,72.04120736400529,72.05546843792096,72.07033593315236,72.08579007364136,72.10181108332986,72.11837918615971,72.1354746060728,72.153077567011,72.17116829291618,72.18972700773023,72.20873393539502,72.22816929985241,72.24801332504428,72.26824623491252,72.28884825339901,72.30979960444562,72.3310805119942,72.35267119998664,72.37455189236483,72.39670281307065,72.41910418604594,72.4417362352326,72.4645791845725,72.48761325800753,72.51081867947954,72.53417567293043,72.55766446230204,72.5812652715363,72.60495832457504,72.62872384536014,72.65254205783349,72.67639318593696,72.70025745361244,72.72411508480177,72.74794630344685,72.77173133348957,72.79545039887178,72.81908372353536,72.84261153142218,72.86601404647412,72.88927149263307,72.9123640938409,72.93527207403947,72.95797565717068,72.98045506717636,73.00269052799845,73.02466226357878,73.04635049785922,73.06773545478168,73.08879735828802,73.1095164323201,73.12987290081982,73.14984698772903,73.16941891698963,73.18857011740522,73.2073060344604,73.22565424088666,73.24364313559482,73.26130111749578,73.27865658550039,73.29573793851952,73.31257357546404,73.3291918952448,73.34562129677269,73.36189017895853,73.37802694071324,73.39405998094763,73.4100176985726,73.42592849249901,73.44182076163771,73.45772290489958,73.47366332119547,73.48967040943627,73.50577256853282,73.52199819739599,73.53837569493663,73.55493346006564,73.57169989169385,73.58870338873216,73.60597235009139,73.62353517468244,73.64142026141616,73.65965600920342,73.67827081695508,73.69729308358201,73.71675120799506,73.73667358910511,73.75708862582302,73.77802471705965,73.79951026172587,73.82157365873255,73.84424330699053,73.8675476054107,73.89151495290393,73.91617374838106,73.94155239075296,73.9676792789305,73.99458281182456,74.02229138834596,74.0508334074056,74.08023726791436,74.11053136878306,74.1417441089226,74.17390388724381,74.20703910265759,74.24117815407479,74.27634944040626,74.31258136056289,74.34990231345553,74.38834069799505,74.42792491309231,74.46868335765818,74.51064443060352,74.55383653083918,74.59828805727605
74.67483490014116,74.5230607795038,74.37613305166909,74.23397993943406,74.09652966559577,73.96371045295122,73.83545052429744,73.71167810243146,73.5923214101503,73.477308670251,73.36656810553056,73.26002793878604,73.15761639281443,73.05926169041278,72.96489205437811,72.87443570750744,72.7878208725978,72.70497577244623,72.62582862984972,72.55030766760534,72.47834110851007,72.40985717536097,72.34478409095506,72.28305007808936,72.2245833595609,72.16931215816669,72.11716469670378,72.06806919796918,72.02195388475991,71.97874697987302,71.93837670610553,71.90077128625444,71.8658589431168,71.83356789948964,71.80382637816996,71.77656260195481,71.7517047936412,71.72918117602616,71.70891997190672,71.69084940407991,71.67489769534276,71.66099306849227,71.6490637463255,71.63903795163944,71.63084390723114,71.62440983589762,71.6196639604359,71.61653450364301,71.61494968831599,71.61483773725185,71.61612687324761,71.61874531910031,71.62262129760697,71.62768303156462,71.63385874377028,71.64107665702096,71.64926499411372,71.65835197784557,71.66826583288105,71.67894382754099,71.6903532155426,71.70246745700331,71.7152600120405,71.7287043407716,71.742773903314,71.7574421597851,71.77268257030232,71.78846859498307,71.80477369394474,71.82157132730472,71.83883495518046,71.85653803768933,71.87465403494876,71.89315640707613,71.91201861418887,71.93121411640436,71.95071637384002,71.97049884661327,71.99053499484148,72.01079827864208,72.03126215813248,72.05190009343008,72.07268554465226,72.09359197191647,72.11459283534008,72.1356615950405,72.15677171113516,72.17789664374145,72.19900985297676,72.22008479895851,72.24109494180412,72.26201374163097,72.28281465855648,72.30347115269805,72.32395668417308,72.344244713099,72.36430869959318,72.38412210377305,72.40365838575602,72.42289100565947,72.44179342360083,72.46033909969749,72.47850149406686,72.49625406682635,72.51357027809335,72.5304235879853,72.54678745661957,72.56263534411357,72.57794071058473,72.59267701615042,72.60681772092808,72.6203362850351,72.63320616858887,72.64540083170682,72.65689373450634,72.66765833710485,72.67766809961975,72.68689648216844,72.69531694486831,72.70290546555691,72.70968820814588,72.7157375743952,72.72112769247747,72.72593269056523,72.73022669683107,72.73408383944756,72.73757824658726,72.74078404642277,72.74377536712664,72.74662633687144,72.74941108382976,72.75220373617415,72.7550784220772,72.75810926971147,72.76137040724954,72.76493596286397,72.76888006472736,72.77327684101225,72.77820041989122,72.78372492953686,72.78992449812172,72.79687325381839,72.80464532479942,72.8133148392374,72.82295592530491,72.83364271117449,72.84544932501875,72.85844989501024,72.87271854932152,72.88832941612519,72.9053566235938,72.92387429989995,72.94395657321618,72.96567757171508,72.98911142356921,73.01433225695116,73.04141420003349,73.07043138098877,73.10145792798957,73.13456796920848,73.16983563281806,73.20733504699088,73.24714033989952,73.28932563971652,73.33396507461451,73.38113277276601,73.43090286234361,73.4833494715199,73.53854672846744,73.59656876135878,73.65748969836653,73.72138366766323,73.78832479742147,73.8583872158138,73.93164505101282,74.0081724311911,74.0880434845212,74.17133233917569,74.25811312332715,74.34845996514814
73.75242421973707,73.68177718799757,73.61252268988311,73.5446565803208,73.47817471423774,73.413072946561,73.34934713221769,73.28699312613487,73.22600678323968,73.1663839584592,73.10812050672052,73.05121228295073,72.99565514207693,72.94144493902618,72.88857752872563,72.83704876610233,72.78685450608339,72.7379906035959,72.69045291356696,72.64423729092364,72.59933959059306,72.5557556675023,72.51348137657845,72.47251257274861,72.43284511093988,72.39447484607935,72.3573976330941,72.32160932691123,72.28710578245783,72.253882854661,72.22193639844784,72.19126226874542,72.16185632048087,72.13371440858124,72.10683238797365,72.08120611358518,72.05683144034295,72.03370422317401,72.0118203170055,71.99117557676448,71.97176585737805,71.9535870137733,71.93663490087734,71.92090537361725,71.90639428692012,71.89309749571305,71.88101085492313,71.87013021947746,71.86045144430314,71.85197038432723,71.84468289447686,71.8385848296791,71.83367204486105,71.82994039494982,71.82738573487246,71.82600391955611,71.82579080392784,71.82674224291475,71.8288540902369,71.83211635448325,71.83649966396456,71.8419706356469,71.84849588649634,71.85604203347891,71.86457569356071,71.87406348370777,71.88447202088616,71.89576792206195,71.90791780420118,71.92088828426992,71.93464597923422,71.94915750606015,71.96438948171377,71.98030852316113,71.9968812473683,72.01407427130133,72.03185421192629,72.05018768620923,72.06904131111622,72.08838170361331,72.10817548066656,72.12838925924203,72.14898965630579,72.16994328882389,72.19121677376239,72.21277672808735,72.23458976876482,72.25662251276088,72.27884157704159,72.30121357857298,72.32370513432114,72.34628286125212,72.36891337633196,72.39156329652675,72.41419923880254,72.43678782012539,72.45929565746134,72.48168936777647,72.50393556803684,72.52600087520851,72.54785190625752,72.56945527814996,72.59077760785186,72.6117855123293,72.63244560854834,72.65272451347502,72.6725888440754,72.69200521731557,72.71094025016157,72.72936055957946,72.74723276253529,72.76452347599513,72.78119931692505,72.7972269022911,72.81257284905932,72.82720377419581,72.8410862946666,72.85418702743775,72.86647258947532,72.87791216374409,72.88852608162715,72.89838179899081,72.90754853121885,72.91609549369502,72.92409190180311,72.93160697092685,72.93870991645002,72.94546995375639,72.9519562982297,72.95823816525376,72.96438477021229,72.97046532848907,72.97654905546788,72.98270516653247,72.9890028770666,72.99551140245403,73.00229995807854,73.0094377593239,73.01699402157385,73.02503796021217,73.03363879062263,73.04286572818899,73.052787988295,73.06347478632443,73.07499533766106,73.08741885768866,73.10081456179095,73.11525166535175,73.13079938375478,73.14752693238383,73.16550352662266,73.18479838185503,73.2054807134647,73.22761973683544,73.25128466735102,73.2765447203952,73.30346911135175,73.33212705560443,73.362587768537,73.39492046553322,73.42919436197685,73.46547867325168,73.50384261474147,73.54435540182996,73.58708624990093,73.63210437433816,73.67947899052538,73.72927931384638,73.78157455968493,73.83643394342475,73.89392668044965,73.9541219861434,74.01708907588973,74.08289716507242,74.15161546907525,74.22331320328196,74.29805958307631,74.3759238238421,74.45697514096305,74.54128274982297
72.4672710781785,72.48085309803838,72.49273920993312,72.50298148696527,72.51163200223735,72.51874282885183,72.52436603991123,72.52855370851805,72.5313579077748,72.53283071078403,72.53302419064818,72.53199042046981,72.52978147335139,72.52644942239544,72.52204634070446,72.516624301381,72.51023537752752,72.50293164224652,72.49476516864055,72.48578802981208,72.47605229886366,72.46561004889776,72.45451335301686,72.44281428432356,72.43056491592029,72.41781732090956,72.40462357239392,72.39103574347584,72.37710590725783,72.36288613684243,72.3484285053321,72.33378508582939,72.31900795143679,72.30414917525681,72.28926083039192,72.27439498994471,72.2596037270176,72.24493911471316,72.23045322613385,72.21619813438221,72.20222591256072,72.18858863377193,72.1753383711183,72.16252719770239,72.15020718662663,72.1384304109936,72.12724894390578,72.11671485846568,72.10688022777578,72.09779712493864,72.08951762305671,72.08209379523254,72.07557771456862,72.07002145416749,72.0654770871316,72.06199668656348,72.05963232556564,72.0584360772406,72.05846001084834,72.05973758791029,72.06224057361604,72.06592796320149,72.0707587519025,72.07669193495502,72.08368650759488,72.09170146505801,72.10069580258025,72.11062851539756,72.12145859874576,72.13314504786078,72.1456468579785,72.1589230243348,72.17293254216557,72.1876344067067,72.2029876131941,72.21895115686362,72.2354840329512,72.25254523669267,72.27009376332396,72.28808860808095,72.30648876619952,72.32525323291557,72.34434100346499,72.36371107308364,72.38332243700745,72.40313409047226,72.42310502871402,72.44319424696857,72.46336074047184,72.48356350445968,72.503761534168,72.52391382483268,72.54397937168963,72.5639171699747,72.5836862149238,72.60324550177282,72.62255402575767,72.64157078211417,72.66025476607831,72.67856497288588,72.69646039777285,72.71390003597506,72.73084288272838,72.74724793326877,72.76307418283207,72.77828062665418,72.79282625997098,72.80667007801836,72.81977107603223,72.83208824924844,72.84358059290292,72.85420710223156,72.8639267724702,72.87269859885478,72.88048157662115,72.88723470100521,72.89291696724288,72.89748737057002,72.90090490622251,72.90313251062145,72.90421168039441,72.90425629190742,72.90338292401566,72.90170815557445,72.89934856543906,72.89642073246472,72.89304123550673,72.88932665342034,72.88539356506084,72.88135854928348,72.87733818494354,72.87344905089626,72.86980772599694,72.86653078910084,72.86373481906321,72.86153639473935,72.8600520949845,72.85939849865392,72.85969218460292,72.86104973168673,72.86358771876061,72.8674227246799,72.87267132829976,72.87945010847554,72.88787564406249,72.89806451391587,72.91013329689093,72.92419857184296,72.94037691762722,72.95878491309898,72.9795391371135,73.00275616852608,73.02855258619195,73.05704496896641,73.08834989570468,73.12258394526208,73.15986369649383,73.20030572825524,73.24402661940158,73.29114294878806,73.34177129527001,73.39602823770267,73.4540303549413,73.51589422584118,73.5817364292576,73.65167354404579,73.72582214906103,73.80429882315858,73.88722014519374,73.97470269402174,74.06686304849788,74.1638177874774,74.26568348981559,74.3725767343677,74.48461409998899,74.60191216553477,74.72458750986027,74.85275671182077,74.9865363502715,75.12604300406781
73.13557806061917,73.10058952550051,73.0658804397699,73.03146343595827,72.99735114659647,72.96355620421541,72.93009124134596,72.89696889051902,72.86420178426548,72.83180255511621,72.7997838356021,72.76815825825405,72.73693845560294,72.70613706017963,72.67576670451504,72.64584002114006,72.61636964258557,72.58736820138242,72.55884833006155,72.5308226611538,72.5033038271901,72.4763044607013,72.4498371942183,72.423914660272,72.39854949139328,72.37375432011301,72.34954177896208,72.32592450047139,72.30291511717184,72.28052626159426,72.25877056626959,72.2376606637287,72.21720918650249,72.1974287671218,72.17833203811757,72.15993163202067,72.14224018136197,72.12527031867238,72.10903467648276,72.09354588732401,72.07881658372703,72.0648593982227,72.05168696334188,72.03931191161548,72.0277468755744,72.01700448774949,72.00709738067167,71.99803818687181,71.98983953888079,71.98251406922951,71.97607441044886,71.9705331950697,71.96590305562295,71.96219662463947,71.95942653465016,71.95760541818592,71.9567459077776,71.95686063595612,71.95796223391949,71.96005687835557,71.96312934520017,71.96715998084511,71.97212913168224,71.97801714410335,71.9848043645003,71.99247113926494,72.00099781478906,72.01036473746453,72.02055225368315,72.03154070983676,72.0433104523172,72.0558418275163,72.06911518182591,72.08311086163782,72.09780921334388,72.11319058333595,72.12923531800581,72.14592376374534,72.16323626694634,72.18115317400066,72.19965483130012,72.21872158523655,72.2383337822018,72.2584717685877,72.27911589078604,72.3002464951887,72.32184392818749,72.34388853617426,72.36636066554081,72.38924066267901,72.41250887398066,72.4361456458376,72.46013132464167,72.48444625678468,72.5090707886585,72.53398526665492,72.55917003716581,72.58460544658298,72.61027184129827,72.6361495677035,72.66221897219052,72.68846040115113,72.71485420097719,72.74138071806053,72.76802029879298,72.79475328956634,72.8215600367725,72.84842088680324,72.87531618605041,72.90222628090586,72.9291315177614,72.95601224300887,72.9828488030401,73.00962154424693,73.03631081302116,73.06289695575465,73.08936031883923,73.11568124866673,73.14184009162898,73.16781717218629,73.1935923776349,73.21914519249938,73.24445508626582,73.26950152842025,73.29426398844872,73.3187219358373,73.34285484007205,73.36664217063898,73.3900633970242,73.41309798871373,73.43572541519364,73.45792514594996,73.47967665046878,73.50095939823612,73.52175285873804,73.5420365014606,73.56178979588987,73.58099221151187,73.59962321781266,73.61766228427831,73.63508888039489,73.65188247564842,73.66802253952496,73.68348854151057,73.6982599510913,73.71231623775321,73.72563687098234,73.73820132026475,73.74998905508652,73.76097954493366,73.77115225929225,73.78048666764835,73.78896223948797,73.79655844429722,73.80325475156212,73.80903063076873,73.81386555140311,73.81773898295131,73.82063039489938,73.82251925673337,73.82338503793935,73.82320720800335,73.82196523641144,73.81963859264968,73.81620674620412,73.8116491665608,73.80594532320578,73.79907468562511,73.79101672330486,73.78175090573106,73.77125670238979,73.75951358276708,73.74650101634899,73.73219847262159,73.7165854210709,73.69964133118302,73.68134567244397,73.6616779143398,73.64061752635658,73.61814397798037
72.76568966711605,72.70591502691991,72.64861958134499,72.59375824127541,72.54128591759529,72.49115752118874,72.44332796293989,72.39775215373285,72.35438500445173,72.31318142598064,72.27409632920373,72.23708462500507,72.2021012242688,72.16910103787905,72.1380389767199,72.10886995167549,72.08154887362993,72.05603065346733,72.03227020207183,72.01022243032752,71.98984224911852,71.97108456932897,71.95390430184295,71.9382563575446,71.92409564731803,71.91137708204734,71.90005557261668,71.89008602991014,71.88142336481184,71.8740224882059,71.86783831097644,71.86282574400757,71.85893969818339,71.85613508438804,71.85436681350565,71.8535897964203,71.8537589440161,71.85482916717721,71.85675537678773,71.85949248373176,71.86299539889342,71.86721903315683,71.8721182974061,71.87764810252537,71.88376335939873,71.8904189789103,71.89756987194421,71.90517094938456,71.91317712211547,71.92154330102106,71.93022439698545,71.93917532089274,71.94835098362707,71.95770629607253,71.96719616911325,71.97677551363336,71.98639924051695,71.99602226064813,72.00559948705497,72.01509621490165,72.02451216264977,72.03385417372121,72.04312909153784,72.05234375952153,72.06150502109416,72.07061971967762,72.07969469869377,72.08873680156448,72.09775287171165,72.10674975255712,72.1157342875228,72.12471332003055,72.13369369350225,72.14268225135977,72.151685837025,72.16071129391979,72.16976546546604,72.17885519508562,72.1879873262004,72.19716870223226,72.20640616660307,72.21570656273472,72.22507673404908,72.23452352396802,72.24405377591341,72.25367433330715,72.26339203957109,72.27321373812713,72.28314627239712,72.29319648580294,72.30337122176648,72.31367732370963,72.32412163505423,72.33471099922217,72.34545225963532,72.35635225971558,72.36741784288479,72.37865585256486,72.39007313217765,72.40167652514504,72.4134728748889,72.4254690248311,72.43767181839354,72.45008809899807,72.46272471006657,72.47558849502093,72.48868629728302,72.50202496027471,72.51561132741789,72.52945224213441,72.54355454784617,72.55792508797504,72.5725707059429,72.5874982451716,72.60271454908305,72.6182264610991,72.63404082464164,72.65016448313256,72.66660427999369,72.6833664933659,72.70044613356183,72.71782782952575,72.73549582258596,72.7534343540708,72.77162766530861,72.79005999762772,72.80871559235646,72.82757869082315,72.84663353435612,72.86586436428371,72.88525542193425,72.90479094863606,72.92445518571749,72.94423237450684,72.96410675633247,72.9840625725227,73.00408406440586,73.02415547331029,73.0442610405643,73.06438500749623,73.08451161543441,73.10462510570717,73.12470971964284,73.14474969856975,73.16472928381626,73.18463271671065,73.20444423858127,73.22414809075647,73.24372851456455,73.26316975133388,73.28245604239274,73.3015716290695,73.32050075269247,73.33922765458999,73.35773657609039,73.376011758522,73.39403744321314,73.41179787149214,73.42927728468736,73.4464599241271,73.4633300311397,73.4798718470535,73.49606961319681,73.51190757089798,73.52736996148532,73.54244102628718,73.55710500663189,73.57134614384776,73.58514867926314,73.59849685420635,73.61137491000574,73.6237670879896,73.6356576294863,73.64703077582415,73.65787076833149,73.66816184833665,73.67788825716798,73.68703423615376,73.69558402662234,73.70352186990208
73.63954479837223,73.55652586013069,73.47577405452115,73.39726431793393,73.32097158675934,73.24687079738776,73.17493688620947,73.10514478961481,73.03746944399411,72.97188578573771,72.90836875123593,72.8468932768791,72.78743429905754,72.72996675416157,72.67446557858155,72.62090570870775,72.56926208093057,72.5195096316403,72.47162329722725,72.42557801408181,72.38134871859423,72.33891034715488,72.2982378361541,72.25930612198219,72.22209014102948,72.18656482968633,72.15270512434303,72.12048596138993,72.08988227721734,72.06086900821562,72.03342109077506,72.007513461286,71.98312105613878,71.96021881172372,71.93878166443115,71.91878455065141,71.9002024067748,71.88301016919165,71.86718277429232,71.85269515846711,71.83952225810636,71.82763900960039,71.81702034933953,71.80764121371412,71.79947653911447,71.79250126193092,71.7866903185538,71.78201864537341,71.77846117878012,71.77599285516423,71.77458861091607,71.77422338242599,71.77487210608429,71.7765097182813,71.77911115540738,71.78265135385281,71.78710525000797,71.79244778026315,71.79865388116382,71.80569924046459,71.81356203664994,71.82222096373751,71.83165471574496,71.84184198668991,71.85276147059001,71.86439186146289,71.87671185332621,71.8897001401976,71.90333541609469,71.91759637503513,71.93246171103657,71.94791011811664,71.96392029029299,71.98047092158323,71.99754070600504,72.01510833757605,72.03315251031388,72.0516519182362,72.07058525536065,72.08993121570485,72.10966849328643,72.12977578212308,72.15023177623239,72.17101516963201,72.19210465633961,72.2134789303728,72.23511668574925,72.25699661648657,72.27909741660243,72.30139778011444,72.32387640104027,72.34651197339754,72.36928319120389,72.39216874847698,72.41514733923444,72.4381976574939,72.46129839727301,72.48442825258942,72.50756591746077,72.53069008590468,72.55377945193881,72.57681270958078,72.59976855284826,72.62262567575887,72.64536277233026,72.66795853658006,72.69039166252593,72.71264084418549,72.73468477557638,72.75650215071626,72.77807166362277,72.79937200831354,72.8203818788062,72.84107996911841,72.86144497326781,72.88145558527202,72.90109049914871,72.9203284089155,72.93914800859004,72.95752920898757,72.97547617552384,72.99301542006337,73.0101742888346,73.02698012806597,73.04346028398591,73.05964210282282,73.07555293080515,73.09122011416132,73.10667099911974,73.12193293190886,73.13703325875711,73.15199932589292,73.16685847954469,73.18163806594087,73.19636543130987,73.21106792188014,73.22577288388011,73.2405076635382,73.2552996070828,73.27017606074239,73.28516437074536,73.30029188332018,73.31558594469523,73.33107390109897,73.34678309875981,73.3627408839062,73.37897460276655,73.39551160156928,73.41237922654282,73.42960482391562,73.44721573991609,73.46523932077265,73.48370291271375,73.5026338619678,73.52205951476323,73.54200721732845,73.56250431589193,73.58357815668207,73.60525608592731,73.62756544985605,73.65053359469674,73.67418786667783,73.6985556120277,73.7236641769748,73.74954090774756,73.7762131505744,73.80370825168376,73.83205355730405,73.8612764136637,73.89140416699117,73.92246416351485,73.95448374946317,73.98749027106457,74.02151107454749,74.05657350614032,74.09270491207153,74.12993263856951,74.16828403186271,74.20778643817955,74.24846720374846
72.32935002147804,72.3319847158529,72.33380502700336,72.33484040333938,72.33512029327092,72.3346741452079,72.33353140756027,72.331721528738,72.32927395715105,72.32621814120934,72.32258352932281,72.31839956990147,72.31369571135521,72.30850140209401,72.30284609052781,72.29675922506657,72.29027025412022,72.28340862609873,72.27620378941205,72.2686851924701,72.26088228368288,72.2528245114603,72.24454132421232,72.23606217034889,72.22741649827996,72.21863375641549,72.20974339316543,72.2007748569397,72.19175759614829,72.18272105920111,72.17369469450816,72.16470795047934,72.15579027552464,72.14697111805397,72.13827992647731,72.1297461492046,72.1213992346458,72.11326863121084,72.10538378730969,72.09777415135228,72.09046917174858,72.08349829690853,72.0768909752421,72.0706766551592,72.0648847850698,72.05954481338385,72.0546861885113,72.0503383588621,72.04653077284622,72.04329287887357,72.04065412535412,72.03864396069784,72.03729183331465,72.0366271916145,72.03667948400737,72.03747815890317,72.03905266471189,72.04143244984344,72.04464696069695,72.04871590594553,72.05362670758907,72.05936010490733,72.06589683718003,72.07321764368693,72.08130326370771,72.09013443652215,72.09969190140995,72.10995639765086,72.1209086645246,72.13252944131092,72.14479946728954,72.1576994817402,72.17121022394261,72.18531243317652,72.19998684872166,72.21521420985776,72.23097525586455,72.24725072602178,72.26402135960915,72.28126789590642,72.2989710741933,72.31711163374955,72.33567031385486,72.35462785378901,72.37396499283172,72.39366247026268,72.41370102536168,72.4340613974084,72.45472432568262,72.47567054946403,72.4968808080324,72.51833584066743,72.54001638664887,72.56190318525644,72.58397697576989,72.60621849746894,72.62860848963332,72.65112769154278,72.67375684247703,72.69647668171582,72.71926794853886,72.74211138222589,72.76498772205665,72.78787770731087,72.81076207726828,72.83362157120861,72.85643692841158,72.87918888815696,72.90185818972445,72.92442557239379,72.9468717754447,72.96917753815696,72.99132359981023,73.0132906996843,73.03505957705887,73.05661097121369,73.07792562142848,73.09898426698298,73.1197676471569,73.14025667826856,73.16043580557088,73.18029272562408,73.19981525638453,73.21899121580853,73.2378084218525,73.25625469247278,73.27431784562576,73.29198569926777,73.30924607135519,73.32608677984436,73.34249564269167,73.35846047785348,73.37396910328614,73.38900933694602,73.40356899678947,73.41763590077286,73.43119786685257,73.44424271298494,73.45675825712634,73.46873231723315,73.4801527112617,73.49100725716836,73.50128377290952,73.51097007644152,73.52005398572072,73.52852331870349,73.5363658933462,73.5435695276052,73.55012203943686,73.55601124679752,73.56122496764358,73.5657510199314,73.56957722161731,73.57269139065768,73.5750813450089,73.57673490262731,73.57763988146927,73.57778409949115,73.57715537464932,73.57574152490015,73.57353036819997,73.57050972250516,73.5666674057721,73.56199123595711,73.5564690310166,73.5500886089069,73.5428377875844,73.53470438500544,73.52567621912638,73.5157411079036,73.50488686929346,73.4931013212523,73.48037228173652,73.46668756870245,73.45203500010648,73.43640239390494,73.41977756805422,73.40214834051066,73.38350252923065,73.36382795217054
73.65630209088744,73.57702288246867,73.49993418113934,73.42501190974968,73.35223199114989,73.28157034819017,73.2130029037207,73.14650558059168,73.0820543016533,73.01962498975578,72.95919356774934,72.90073595848412,72.84422808481034,72.78964586957821,72.73696523563794,72.68616210583968,72.63721240303369,72.59009205007013,72.54477696979922,72.50124308507111,72.45946631873605,72.41942259364421,72.38108783264582,72.34443795859104,72.30944889433007,72.27609656271315,72.24435688659045,72.21420578881217,72.1856191922285,72.15857301968964,72.1330431940458,72.10900563814715,72.08643627484395,72.06531102698634,72.04560581742453,72.02729656900874,72.01035920458915,71.99476964701594,71.98050381913936,71.96753764380955,71.95584704387676,71.94540794219114,71.93619626160293,71.92818792496232,71.92135885511948,71.91568497492463,71.91114220722795,71.90770647487969,71.90535370072999,71.90405980762907,71.9038007184271,71.90455235597435,71.90629064312097,71.90899150271713,71.9126308576131,71.91718463065902,71.9226287447051,71.92893912260155,71.93609168734525,71.94406307231196,71.95283226622911,71.9623787453366,71.97268198587437,71.98372146408241,71.99547665620057,72.00792703846884,72.02105208712709,72.03483127841531,72.0492440885734,72.0642699938413,72.07988847045891,72.09607899466621,72.11282104270313,72.13009409080954,72.14787761522541,72.16615109219069,72.18489399794527,72.2040858087291,72.22370600078213,72.24373405034424,72.2641494336554,72.28493162695551,72.30606010648455,72.3275143484824,72.34927382918903,72.37131802484433,72.39362641168825,72.41617846596074,72.43895366390169,72.46193148175107,72.48509139574878,72.50841288213476,72.53187541714894,72.55545847703127,72.57914153802164,72.60290407636,72.6267255682863,72.65058549004047,72.6744633178624,72.69833852799206,72.72219059666935,72.74599900013422,72.7697432146266,72.7934027163864,72.81695698165356,72.84038548666803,72.86366770766975,72.8867831208986,72.90971120259454,72.93243142899749,72.95492327634739,72.97716622088416,72.99913973884776,73.02082330647809,73.04219640001509,73.06323849569867,73.0839290697688,73.10424759846538,73.12417355802833,73.14368700652469,73.16277959966308,73.1814536783873,73.19971198260257,73.21755725221422,73.23499222712752,73.2520196472478,73.2686422524803,73.28486278273036,73.30068397790322,73.31610857790423,73.33113932263862,73.34577895201173,73.36003020592881,73.37389582429518,73.38737854701611,73.40048111399693,73.41320626514289,73.4255567403593,73.43753527955141,73.44914462262457,73.46038750948406,73.47126668003514,73.48178487418315,73.49194483183331,73.50174929289096,73.5112009972614,73.5203026848499,73.52905709556174,73.53746696930222,73.54553504597664,73.55326406549028,73.56065676774844,73.56771589265642,73.57444418011949,73.58084437004297,73.5869192023321,73.59267141689219,73.59810375362858,73.6032189524465,73.60801975325126,73.61250889594817,73.61668912044249,73.62056316663953,73.62413377444457,73.62740368376294,73.63037563449987,73.63305236656069,73.63543661985068,73.63753113427512,73.63933864973933,73.64086190614856,73.64210364340815,73.64306660142336,73.64375352009947,73.64416713934179,73.64431019905561,73.64418543914621,73.64379559951891,73.64314342007896,73.6422316407317
73.74328640225089,73.66562769484572,73.59000264982332,73.5163886702136,73.44476315904654,73.37510351935211,73.30738715416022,73.24159146650086,73.17769385940399,73.11567173589954,73.05550249901748,72.99716355178776,72.94063229724034,72.88588613840517,72.8329024783122,72.7816587199914,72.73213226647272,72.68430052078611,72.63814088596153,72.59363076502893,72.55074756101828,72.50946867695951,72.4697715158826,72.43163348081748,72.39503197479412,72.3599444008425,72.32634816199251,72.29422066127417,72.2635393017174,72.23428148635217,72.20642461820844,72.17994610031616,72.15482333570526,72.13103372740571,72.10855467844749,72.08736359186052,72.06743787067478,72.04875491792019,72.03129213662676,72.01502692982442,71.9999367005431,71.9859988518128,71.97319078666342,71.96148990812497,71.95087361922738,71.94131932300061,71.9328044224746,71.92530632067934,71.91880242064474,71.91327012540079,71.90868683797743,71.90502996140462,71.9022768987123,71.90040505293045,71.89939182708902,71.89921462421795,71.89985084734721,71.90127789950674,71.90347318381743,71.90641454367687,71.9100812822764,71.9144530049565,71.91950931705772,71.92522982392057,71.9315941308856,71.93858184329329,71.94617256648418,71.95434590579879,71.96308146657765,71.97235885416129,71.98215767389019,71.9924575311049,72.00323803114595,72.01447877935385,72.02615938106914,72.0382594416323,72.05075856638389,72.06363636066443,72.07687242981441,72.09044637917438,72.10433781408486,72.11852633988634,72.1329915619194,72.1477130855245,72.1626705160422,72.17784345881302,72.19321151917745,72.20875430247607,72.22445141404933,72.2402824592378,72.256227043382,72.27226477182244,72.28837524989963,72.30453808295412,72.32073287632642,72.33693923535704,72.35313676538651,72.36930507175535,72.38542375980408,72.40147243487324,72.41743070230334,72.43327816743488,72.4489944356084,72.46455911216442,72.47995180244348,72.49515211178608,72.51013964553273,72.524894009024,72.53939480760035,72.55362164660234,72.56755413137049,72.58117186724532,72.59445445956733,72.60738151367705,72.61993263491503,72.63208742862177,72.6438255001378,72.65512645480362,72.66596989795977,72.67633740215493,72.6862497525789,72.6957638621358,72.70493799265373,72.71383040596076,72.72249936388498,72.73100312825447,72.73939996089732,72.7477481236416,72.7561058783154,72.7645314867468,72.77308321076389,72.78181931219474,72.79079805286744,72.80007769461008,72.80971649925073,72.81977272861748,72.83030464453843,72.84137050884162,72.85302858335517,72.86533712990715,72.87835441032563,72.89213868643873,72.90674822007449,72.92224127306102,72.93867610722639,72.95611098439869,72.974604166406,72.9942139150764,73.01499849223798,73.03701615971882,73.06032517934699,73.0849838129506,73.11105032235771,73.13858296939641,73.16764001589479,73.19827972368091,73.23056035458288,73.26454017042877,73.30027743304667,73.33783040426465,73.3772573459108,73.41861651981321,73.46196618779994,73.5073646116991,73.55487005333876,73.604540774547,73.65643503715192,73.71061110298157,73.76712723386407,73.82604169162748,73.88741273809988,73.95129863510938,74.01775764448404,74.08684802805193,74.15862804764116,74.2331559650798,74.31049004219594,74.39068854081766,74.47380972277304,74.55991184989016
73.11852764839821,73.07477921948491,73.03181794614753,72.98964395310523,72.94825736507718,72.90765830678258,72.86784690294058,72.82882327827039,72.79058755749115,72.75313986532207,72.7164803264823,72.68060906569102,72.6455262076674,72.61123187713065,72.57772619879991,72.54500929739437,72.5130812976332,72.4819423242356,72.45159250192071,72.42203195540773,72.39326080941584,72.36527918866419,72.33808721787199,72.31168502175838,72.28607272504256,72.2612504524437,72.23721832868098,72.21397647847358,72.19152502654066,72.1698640976014,72.148993816375,72.1289143075806,72.1096256959374,72.09112810616456,72.07342166298127,72.05650649110672,72.04038271526005,72.02505046016046,72.01050985052711,71.9967610110792,71.98380406653588,71.97163914161635,71.96026636103977,71.94968584952532,71.93989773179219,71.93090213255952,71.92269917654653,71.91528898847237,71.90867169305622,71.90284741501725,71.89781627907466,71.8935784099476,71.89013393235525,71.88748297101681,71.88562565065142,71.88456209597828,71.88429243171657,71.88481678258545,71.8861352726376,71.88824479829303,71.8911315543438,71.8947795205509,71.89917267667529,71.90429500247797,71.91013047771989,71.91666308216202,71.92387679556536,71.93175559769087,71.94028346829951,71.94944438715227,71.95922233401012,71.96960128863405,71.98056523078502,71.99209814022399,72.00418399671196,72.01680678000989,72.02995046987874,72.04359904607952,72.05773648837318,72.0723467765207,72.08741389028305,72.1029218094212,72.11885451369615,72.13519598286885,72.15193019670028,72.1690411349514,72.18651277738321,72.20432910375668,72.22247409383276,72.24093172737244,72.25968598413671,72.27872084388652,72.29802028638285,72.31756829138669,72.33734883865898,72.35734590796073,72.3775434790529,72.39792553169647,72.4184760456524,72.43917900068166,72.46001837654525,72.48097815300413,72.50204230981927,72.52319482675166,72.54441968356225,72.56570086001203,72.58702233586197,72.60836809087306,72.62972210480623,72.65106835742252,72.67239082848283,72.6936734977482,72.71490034497957,72.73605534993791,72.75712249238421,72.77808575207943,72.79892910878456,72.81963654226058,72.84019203226843,72.86058028507864,72.88080048857952,72.9008651729832,72.92078736667281,72.94058009803148,72.9602563954423,72.97982928728842,72.99931180195297,73.01871696781906,73.03805781326982,73.05734736668836,73.07659865645782,73.09582471096132,73.11503855858199,73.13425322770294,73.1534817467073,73.1727371439782,73.19203244789875,73.2113806868521,73.23079488922134,73.25028808338962,73.26987329774006,73.28956356065576,73.30937190051989,73.32931134571552,73.34939492462581,73.36963566563388,73.39004659712285,73.41064074747582,73.43143114507596,73.45243081830637,73.47365279555017,73.49511010519048,73.51681577561045,73.53878283519317,73.56102431232178,73.58355323537941,73.60638263274917,73.62952553281421,73.65299496395762,73.67680395456254,73.70096553301211,73.72549272768943,73.75039856697762,73.77569607925982,73.80139829291916,73.82751823633875,73.85406893790172,73.88106342599117,73.90851472899026,73.9364358752821,73.96483989324982,73.99373981127653,74.02314865774535,74.05307946103945,74.08354524954188,74.11455905163582,74.14613389570438,74.17828281013068,74.21101882329783,74.24435496358899
72.82589709396808,72.84722225175447,72.86607146559784,72.8825136053081,72.89661754069519,72.90845214156901,72.91808627773952,72.9255888190166,72.9310286352102,72.93447459613024,72.93599557158664,72.93566043138932,72.9335380453482,72.92969728327321,72.92420701497429,72.91713611026132,72.90855343894425,72.89852787083301,72.8871282757375,72.87442352346766,72.8604824838334,72.84537402664465,72.82916702171134,72.81193033884338,72.7937328478507,72.77464341854322,72.75473092073086,72.73406422422356,72.71271219883123,72.69074371436378,72.66822764063114,72.64523284744325,72.62182820461003,72.59808258194138,72.57406484924724,72.54984387633753,72.52548853302217,72.50106768911108,72.47665021441419,72.45230497874144,72.42810085190271,72.40410670370795,72.38039140396708,72.35702382249004,72.33407282908671,72.31160729356704,72.28969608574096,72.26840807541838,72.24781213240922,72.22797712652341,72.20897192757087,72.19086540536154,72.17372642970531,72.15762387041212,72.14262659729191,72.12880348015456,72.11622338881004,72.10495519306824,72.09506775861456,72.08660997766651,72.07956451786,72.07390033961667,72.06958640335812,72.06659166950597,72.06488509848185,72.06443565070738,72.06521228660417,72.06718396659384,72.07031965109802,72.07458830053831,72.07995887533635,72.08640033591374,72.09388164269211,72.10237175609308,72.11183963653828,72.1222542444493,72.13358454024778,72.14579948435534,72.15886803719359,72.17275915918415,72.18744181074864,72.2028849523087,72.2190575442859,72.2359285471019,72.25346692117833,72.27164162693677,72.29042162479887,72.30977587518622,72.32967333852046,72.35008297522322,72.37097374571609,72.3923146104207,72.41407452975868,72.43622246415164,72.4587273740212,72.48155821978898,72.5046839618766,72.52807356070568,72.55169597669783,72.57552017027469,72.59951510185785,72.62364973186895,72.64789302072961,72.67221392886144,72.69658141668607,72.7209644446251,72.74533197310016,72.76965296253289,72.79389637334486,72.81803116595775,72.84202630079312,72.86585073827263,72.88947343881789,72.9128633628505,72.93598947079211,72.95882072306432,72.98132608008875,73.00347450228702,73.02523495008076,73.04657792364516,73.06750461528358,73.0880444948243,73.10822808791197,73.12808592019118,73.14764851730656,73.16694640490275,73.18601010862436,73.20487015411601,73.22355706702233,73.24210137298793,73.26053359765744,73.2788842666755,73.29718390568671,73.31546304033569,73.33375219626707,73.35208189912547,73.37048267455552,73.38898504820183,73.40761954570904,73.42641669272176,73.44540701488461,73.46462103784222,73.48408928723921,73.50384228872021,73.52391056792982,73.54432465051268,73.5651150621134,73.58631232837664,73.60794697494697,73.63004952746904,73.65265051158747,73.67578045294687,73.69946987719189,73.72374930996712,73.7486492769172,73.77420030368677,73.80043291592041,73.82737763926278,73.85506499935848,73.88352552185214,73.91278973238839,73.94288815661183,73.97385132016711,74.00570974869883,74.03849396785164,74.07223450327012,74.10696188059893,74.14270662548267,74.17949926356599,74.21737032049347,74.25635032190976,74.2964697934595,74.33775926078727,74.38024924953771,74.42397028535547,74.46895289388513,74.51522760077133,74.5628249316587,74.61177541219185,74.66210956801541
73.35269979722933,73.33028603722494,73.30745609121418,73.28423678850007,73.26065495838562,73.23673743017383,73.21251103316773,73.18800259667032,73.16323894998459,73.13824692241356,73.11305334326023,73.08768504182764,73.06216884741876,73.03653158933662,73.01080009688422,72.98500119936458,72.95916172608068,72.93330850633556,72.90746836943221,72.88166814467364,72.85593466136287,72.83029474880288,72.80477523629672,72.77940295314737,72.75420472865784,72.72920739213114,72.70443777287029,72.67992270017828,72.65568900335813,72.63176351171286,72.60817305454545,72.58494446115891,72.56210456085628,72.53968018294054,72.51769815671472,72.4961853114818,72.4751684765448,72.45467448120672,72.4347301547706,72.41536232653942,72.3965978258162,72.37846348190395,72.36098612410566,72.34419258172436,72.32810968406304,72.31276426042473,72.29818314011241,72.2843931524291,72.27142112667784,72.25929389216158,72.24803827818337,72.23768111404621,72.22824922905309,72.21976945250705,72.21226861371107,72.20577354196817,72.20031106658136,72.19590801685365,72.19259122208804,72.19038751158755,72.1893233679375,72.18940447066343,72.19060425454815,72.19289338063312,72.19624250995984,72.2006223035698,72.20600342250447,72.21235652780535,72.21965228051393,72.22786134167168,72.23695437232011,72.2469020335007,72.25767498625491,72.26924389162427,72.28157941065022,72.29465220437429,72.30843293383795,72.32289226008267,72.33800084414995,72.35372934708128,72.37004842991814,72.38692875370204,72.40434097947443,72.42225576827681,72.44064378115067,72.45947567913751,72.47872212327879,72.49835377461602,72.51834129419066,72.53865534304423,72.5592665822182,72.58014567275404,72.60126327569327,72.62259005207736,72.64409666294779,72.66575376934604,72.68753203231363,72.70940211289201,72.7313346721227,72.75330037104715,72.77526987070688,72.79721383214336,72.81910291639807,72.84090778451251,72.86259909752816,72.88414751648652,72.90552370242905,72.92669831639726,72.94764201943264,72.96832547257665,72.9887193368708,73.00879427335656,73.02852094307543,73.0478700070689,73.06681212637844,73.08531796204554,73.1033581751117,73.12090342661838,73.1379243776071,73.15439168911934,73.17027965851054,73.18560485528604,73.20041112130595,73.2147427529696,73.22864404667637,73.24215929882557,73.25533280581656,73.2682088640487,73.28083176992132,73.29324581983379,73.30549531018542,73.31762453737558,73.32967779780363,73.34169938786889,73.35373360397071,73.36582474250847,73.37801709988148,73.39035497248909,73.40288265673067,73.41564444900554,73.42868464571308,73.4420475432526,73.45577743802347,73.46991862642504,73.48451540485664,73.49961206971763,73.51525291740734,73.53148224432513,73.54834434687037,73.56588352144236,73.58414406444048,73.60317027226405,73.62300644131246,73.64369686798501,73.66528584868108,73.6878176798,73.71133665774113,73.7358870789038,73.76151323968736,73.78825943649117,73.81616996571458,73.84528912375691,73.87566120701753,73.90733051189578,73.94034133479101,73.97473797210257,74.0105647202298,74.04786587557203,74.08668573452864,74.12706859349896,74.16905874888235,74.21270049707813,74.25803813448567,74.30511595750431,74.3539782625334,74.40466934597228,74.4572335042203,74.51171503367681,74.56815823074116,74.62660739181268
74.51619016645665,74.40276512200302,74.2929585048125,74.18671540653031,74.08398091880156,73.98470013327139,73.888818141585,73.79628003538753,73.70703090632412,73.62101584603997,73.53817994618018,73.45846829838996,73.38182599431445,73.3081981255988,73.23752978388816,73.1697660608277,73.10485204806258,73.04273283723796,72.98335351999896,72.9266591879908,72.87259493285856,72.82110584624746,72.77213701980264,72.72563354516925,72.68154051399245,72.63980301791742,72.60036614858925,72.56317499765316,72.52817465675432,72.49531021753782,72.46452677164885,72.43576941073258,72.40898322643415,72.38411331039873,72.36110475427148,72.33990264969754,72.32045208832207,72.30269816179023,72.28658596174719,72.2720605798381,72.25906710770812,72.24755063700238,72.23745625936604,72.22872906644432,72.22131414988229,72.21515660132516,72.21020151241808,72.20639397480622,72.20367908013472,72.2020019200487,72.2013075861934,72.20154117021389,72.20264776375538,72.20457245846302,72.20726034598195,72.21065651795737,72.21470606603438,72.21935408185817,72.22454565889723,72.23023472030047,72.2364044651492,72.24304415207939,72.25014303972705,72.25769038672817,72.26567545171878,72.27408749333483,72.28291577021236,72.29214954098737,72.30177806429586,72.31179059877383,72.32217640305726,72.3329247357822,72.34402485558459,72.35546602110048,72.36723749096586,72.37932852381672,72.39172837828909,72.40442631301894,72.41741158664229,72.43067345779514,72.44420118511349,72.45798402723332,72.47201124279067,72.48627209042152,72.50075582876187,72.51545171644773,72.53034901211512,72.54543697439999,72.5607048619384,72.5761419333663,72.59173744731973,72.60748066243468,72.62336083734715,72.63936723069315,72.65548910110869,72.67171570722971,72.6880363076923,72.7044401611324,72.72091652618604,72.73745466148921,72.75404382567791,72.77067327738814,72.78733227525595,72.80401007791727,72.82069594400812,72.83737913216456,72.85404890102251,72.87069450921803,72.88730521538707,72.9038702781657,72.92037895618986,72.9368205080956,72.95318419251888,72.9694592680957,72.98563499346213,73.00170062725408,73.01764542810761,73.03345865465872,73.04912956554341,73.06464842153349,73.08002545911731,73.09528931897532,73.1104693289573,73.12559481691295,73.14069511069204,73.15579953814427,73.17093742711941,73.18613810546722,73.20143090103738,73.21684514167967,73.2324101552438,73.24815526957954,73.26410981253662,73.28030311196477,73.29676449571372,73.31352329163323,73.33060882757306,73.34805043138289,73.36587743091249,73.38411915401161,73.40280492852997,73.42196408231732,73.44162594322339,73.46181983909793,73.48257509779069,73.50392104715138,73.52588701502975,73.54850232927552,73.57179631773849,73.59579830826834,73.62053762871483,73.64604360692769,73.67234557075668,73.6994728480515,73.72745476666194,73.7563206544377,73.78609983922854,73.81682164888417,73.84851541125437,73.88121045418885,73.91493610553738,73.94972169314966,73.98559654487542,74.02258998856448,74.06073135206648,74.10004996323121,74.14057514990841,74.1823362399478,74.22536256119915,74.26968344151217,74.31532820873662,74.3623261907222,74.4107067153187,74.46049911037582,74.51173270374332,74.56443682327094,74.61864079680842,74.67437395220546,74.73166561731185,74.79054511997731
72.53561312509875,72.54460423510953,72.55201276104117,72.55788556721583,72.56226951795567,72.56521147758286,72.56675831041954,72.56695688078788,72.56585405301004,72.56349669140819,72.55993166030447,72.55520582402106,72.5493660468801,72.54245919320375,72.5345321273142,72.52563171353357,72.51580481618406,72.5050982995878,72.49355902806695,72.4812338659437,72.46816967754017,72.45441332717854,72.44001167918098,72.42501159786964,72.40945994756667,72.39340359259425,72.37688939727452,72.35996422592966,72.3426749428818,72.32506841245313,72.3071914989658,72.28909106674197,72.2708139801038,72.25240710337344,72.23391730087307,72.21539143692483,72.1968763758509,72.17841898197342,72.16006611961456,72.14186465309648,72.12386144674133,72.10610336487129,72.08863727180851,72.07151003187514,72.05476850939334,72.0384595686853,72.02263007407315,72.00732688987905,71.99259688042517,71.97848691003368,71.96504384302672,71.95231454372646,71.94034587645505,71.92918470553467,71.91887789528747,71.9094723100356,71.90101481410122,71.8935522718065,71.88713154747362,71.8817995054247,71.87760256600419,71.8745605108931,71.87265183184415,71.87185146878822,71.87213436165622,71.87347545037908,71.87584967488766,71.87923197511292,71.88359729098575,71.88892056243704,71.8951767293977,71.90234073179867,71.91038750957082,71.91929200264508,71.92902915095235,71.93957389442353,71.95090117298953,71.96298592658127,71.97580309512965,71.98932761856557,72.00353443681995,72.01839848982368,72.03389471750768,72.04999805980286,72.06668345664013,72.08392584795038,72.10170017366453,72.11998137371349,72.13874438802816,72.15796415653945,72.17761561917825,72.19767371587551,72.2181133865621,72.23890957116893,72.26003720962693,72.281471241867,72.30318660782002,72.32515824741694,72.34736110058863,72.36977010726602,72.39236020738001,72.41510634086151,72.43798344764141,72.46096646765066,72.48403034082013,72.50715000708072,72.53030040636337,72.55345647859897,72.57659316371843,72.59968540165266,72.62270813233256,72.64563629568904,72.66844483165302,72.69110868015538,72.71360278112705,72.73590207449894,72.75798150020194,72.77981599816697,72.80138050832493,72.82264997060673,72.84360177529483,72.8642417980084,72.88459429200323,72.90468381682903,72.92453493203556,72.9441721971725,72.9636201717896,72.98290341543658,73.00204648766318,73.0210739480191,73.04001035605405,73.0588802713178,73.07770825336006,73.09651886173053,73.11533665597895,73.13418619565505,73.15309204030855,73.17207874948917,73.19117088274663,73.21039299963068,73.22976965969102,73.24932542247738,73.26908484753949,73.28907249442706,73.30931292268983,73.32983069187752,73.35065036153985,73.37179649122656,73.39329364048734,73.41516636887195,73.4374392359301,73.46013680121152,73.48328362426592,73.50690426464304,73.5310232818926,73.55566523556432,73.58085468520792,73.60661619037315,73.6329743106097,73.65995360546731,73.68757863449571,73.71587395724463,73.74486413326376,73.77457372210287,73.80502728331165,73.83624937643984,73.86826456103715,73.90109739665333,73.9347724428381,73.96931425914116,74.00474740511224,74.04109644030109,74.0783859242574,74.11664041653093,74.15588447667137,74.19614266422847,74.23743953875194,74.27979965979152,74.32324758689693,74.36780787961787
73.20162763498556,73.13068181082028,73.06233188682558,72.99653585040357,72.93325168895643,72.87243738988624,72.81405094059511,72.75805032848518,72.70439354095859,72.6530385654174,72.6039433892638,72.55706599989986,72.51236438472773,72.46979653114951,72.42932042656733,72.39089405838334,72.35447541399961,72.3200224808183,72.2874932462415,72.25684569767137,72.22803782250998,72.20102760815948,72.175773042022,72.15223211149967,72.13036280399456,72.11012310690884,72.0914710076446,72.07436449360398,72.05876155218911,72.04462017080206,72.03189833684502,72.02055403772007,72.01054526082933,72.00182999357494,71.99436622335901,71.98811193758365,71.983025123651,71.97906376896316,71.97618586092227,71.97434938693044,71.97351233438982,71.97363269070249,71.97466844327059,71.97657757949622,71.97931808678155,71.98284795252866,71.98712516413968,71.99210770901672,71.99775357456193,72.0040207481774,72.01086721726526,72.01825096922767,72.02612999146666,72.03446227138446,72.04320579638312,72.05231855386478,72.06175853123153,72.07148371588556,72.08145209684349,72.09162948173699,72.10200760181351,72.1125835540102,72.12335443526422,72.13431734251273,72.14546937269284,72.15680762274178,72.16832918959665,72.18003117019464,72.19191066147289,72.20396476036854,72.21619056381877,72.22858516876073,72.24114567213158,72.25386917086846,72.26675276190855,72.279793542189,72.29298860864694,72.30633505821956,72.31982998784397,72.3334704944574,72.34725367499695,72.36117662639978,72.37523644560306,72.38943022954393,72.40375507515958,72.41820807938711,72.43278633916375,72.44748695142661,72.46230701311282,72.4772436211596,72.49229387250406,72.50745486408337,72.52272369283469,72.53809745569515,72.55357324960195,72.56914817149223,72.58481931830312,72.60058378697181,72.61643867443544,72.63238107763118,72.64840809349616,72.66451681896754,72.6807043509825,72.69696778647818,72.71330422239171,72.7297107556603,72.7461844832211,72.76272250201123,72.77932190896786,72.79597980102812,72.81269327512925,72.82945942820831,72.8462753572025,72.86313815904899,72.8800449306849,72.89699276904742,72.91397877107369,72.93100003370085,72.94805365386608,72.96513688016012,72.98224998410652,72.99939602234227,73.01657815549387,73.03379954418787,73.05106334905085,73.06837273070931,73.08573084978985,73.10314086691898,73.12060594272324,73.13812923782919,73.15571391286338,73.17336312845237,73.19108004522266,73.20886782380083,73.22672962481343,73.244668608887,73.26268793664806,73.2807907687232,73.29898026573892,73.3172595883218,73.33563189709838,73.35410035269521,73.3726681157388,73.39133834685575,73.41011420667257,73.42899885581582,73.44799545491205,73.46710716458779,73.48633714546958,73.505688558184,73.52516456335758,73.54476832161683,73.56450299358835,73.58437173989867,73.60437772117433,73.62452409804186,73.64481403112782,73.66525068105878,73.68583720846127,73.70657677396181,73.72747253818696,73.74852766176329,73.76974530531731,73.79112862947562,73.81268079486469,73.83440496211114,73.85630429184147,73.87838194468225,73.90064108125998,73.92308486220128,73.94571644813263,73.96853899968062,73.99155567747178,74.01476964213262,74.03818405428976,74.0618020745697,74.08562686359897,74.10966158200418,74.13390939041182,74.15837344944842
73.26656454259222,73.21954482749989,73.17330082139583,73.1278381194463,73.08316231681754,73.03927900867578,72.99619379018728,72.95391225651827,72.91244000283498,72.87178262430368,72.83194571609059,72.79293487336194,72.754755691284,72.717413765023,72.68091468974518,72.6452640606168,72.61046747280406,72.57653052147322,72.54345880179054,72.51125790892223,72.47993343803456,72.44949098429376,72.41993614286606,72.39127450891772,72.36351167761498,72.33665324412408,72.31070480361123,72.2856719512427,72.26156028218476,72.2383753916036,72.21612287466547,72.19480832653664,72.17443734238333,72.15501551737178,72.13654844666824,72.11904172543895,72.10250094885015,72.08693171206806,72.07233961025896,72.05873023858908,72.04610919222463,72.0344820663319,72.0238544560771,72.01423195662647,72.00562016314626,71.99802467080272,71.99145107476208,71.98590497019059,71.98139195225447,71.97791761611998,71.97548755695337,71.97410736992086,71.9737826501887,71.97451899292312,71.97632199329038,71.97919724645672,71.98315034758838,71.98818689185158,71.99431247278558,72.00152480498781,72.0097954794187,72.01909067994842,72.02937659044719,72.04061939478515,72.05278527683248,72.0658404204594,72.07975100953604,72.09448322793259,72.11000325951925,72.12627728816616,72.14327149774354,72.16095207212155,72.17928519517037,72.19823705076017,72.21777382276113,72.23786169504345,72.2584668514773,72.27955547593282,72.30109375228022,72.32304786438971,72.3453839961314,72.36806833137553,72.39106705399223,72.4143463478517,72.43787239682415,72.4616113847797,72.48552949558857,72.50959291312091,72.53376782124693,72.55802040383678,72.58231684476064,72.60662332788871,72.63090603709117,72.65513115623816,72.6792648691999,72.70327335984653,72.72712281204826,72.75077940967527,72.77420933659772,72.79737877668579,72.82025391380967,72.84280093183952,72.86498601464554,72.88677534609789,72.90813511006678,72.92903149042235,72.94943067103478,72.96929883577428,72.988602168511,73.00730685311513,73.02537907345686,73.04278501340633,73.05949085683378,73.07546278760933,73.09066698960316,73.10506964668551,73.11863694272648,73.13133506159632,73.14313018716516,73.15399084640505,73.16393227167194,73.1730127263118,73.1812920803466,73.18883020379832,73.19568696668898,73.20192223904058,73.20759589087508,73.21276779221449,73.2174978130808,73.22184582349601,73.22587169348209,73.22963529306105,73.23319649225488,73.23661516108557,73.23995116957511,73.24326438774548,73.2466146856187,73.25006193321673,73.2536660005616,73.25748675767528,73.26158407457976,73.26601782129703,73.27084786784908,73.27613408425792,73.28193634054553,73.28831450673391,73.29532845284504,73.3030380489009,73.31150316492352,73.32078367093487,73.33093943695694,73.34203033301173,73.35411622912122,73.36725699530741,73.38151250159231,73.39694261799787,73.41360721454612,73.43156616125903,73.4508793281586,73.47160658526683,73.49380780260569,73.5175428501972,73.54287159806333,73.56985391622608,73.59854967470744,73.62901874352941,73.66132099271398,73.69551629228313,73.73166451225887,73.76982552266317,73.81005919351804,73.85242539484545,73.89698399666744,73.94379486900596,73.99291788188299,74.04441290532057,74.09833980934064,74.15475846396524,74.21372873921634,74.27531050511593
73.69249445047161,73.6252764335604,73.55956017152263,73.49533626783945,73.43259532599198,73.37132794946137,73.31152474172875,73.25317630627525,73.19627324658201,73.14080616613018,73.08676566840087,73.03414235687525,72.98292683503442,72.93310970635955,72.88468157433175,72.83763304243216,72.79195471414194,72.74763719294221,72.70467108231409,72.66304698573875,72.62275550669729,72.58378724867087,72.54613281514062,72.50978280958769,72.4747278354932,72.44095849633828,72.4084653956041,72.37723913677175,72.3472703233224,72.31854955873717,72.29106744649721,72.26481459008365,72.23978159297762,72.21595905866026,72.19333759061271,72.1719077923161,72.15166026725159,72.13258561890028,72.11467445074332,72.09791736626185,72.08230496893701,72.06782786224993,72.05447664968176,72.04224193471362,72.03111432082665,72.02108441150197,72.01214281022075,72.00428012046412,71.99748694571319,71.99175388944913,71.98707155515305,71.9834305463061,71.9808214663894,71.97923491888412,71.97866150727135,71.97909183503226,71.98051650564798,71.98292612259965,71.98631128865202,71.9906591374243,71.99594530014096,72.00214302725207,72.00922556920766,72.01716617645779,72.02593809945253,72.0355145886419,72.04586889447599,72.05697426740483,72.06880395787847,72.08133121634697,72.09452929326038,72.10837143906876,72.12283090422216,72.13788093917063,72.1534947943642,72.16964572025297,72.18630696728697,72.20345178591624,72.22105342659084,72.23908513976083,72.25752017587627,72.27633178538719,72.29549321874366,72.31497772639572,72.33475855879344,72.35480896638686,72.37510219962603,72.395611508961,72.41631014484184,72.4371713577186,72.45816839804131,72.47927451626005,72.50046296282486,72.52170698818578,72.54297984279289,72.56425477709622,72.58550504154584,72.6067038865918,72.62782456268414,72.64884032027292,72.6697244098082,72.69045008174001,72.71099058651842,72.7313191745935,72.75140909641526,72.7712336024338,72.79076594309912,72.80997936886132,72.82884713017043,72.8473424774765,72.8654386612296,72.88310893187978,72.90032653987707,72.91706473567154,72.93329676971324,72.94899589245223,72.96413535433855,72.97868840582225,72.9926282973534,73.00593043925156,73.01861329482351,73.03073499330984,73.04235514498383,73.0535333601188,73.06432924898805,73.07480242186487,73.08501248902257,73.09501906073447,73.10488174727386,73.11466015891405,73.12441390592834,73.13420259859002,73.14408584717242,73.15412326194883,73.16437445319255,73.17489903117689,73.18575660617515,73.19700678846064,73.20870918830666,73.22092341598652,73.23370908177351,73.24712579594095,73.26123316876213,73.27609081051037,73.29175833145895,73.30829534188119,73.3257614520504,73.34421627223986,73.3637194127229,73.38433048377281,73.4061090956629,73.42911485866647,73.45340738305681,73.47904627910725,73.50609115709109,73.53460162728162,73.56463729995214,73.59625778537597,73.6295226938264,73.66449163557675,73.70122422090031,73.7397800600704,73.78021876336031,73.82259994104334,73.8669832033928,73.913428160682,73.96199442318422,74.0127416011728,74.06572930492102,74.1210171447022,74.17866473078962,74.2387316734566,74.30127758297644,74.36636206962245,74.43404474366793,74.50438521538616,74.5774430950505,74.65327799293419,74.73194951931059,74.81351728445296
73.16246255230563,73.0898396874675,73.01978778919752,72.95226609662905,72.88723384889539,72.82465028512992,72.76447464446596,72.70666616603684,72.65118408897592,72.59798765241653,72.54703609549202,72.4982886573357,72.45170457708097,72.40724309386113,72.3648634468095,72.32452487505945,72.28618661774433,72.24980791399744,72.21534800295217,72.18276612374183,72.15202151549977,72.12307341735931,72.09588106845382,72.07040370791663,72.04660057488107,72.02443090848048,72.00385394784823,71.98482893211761,71.96731510042201,71.95127169189473,71.93665794566914,71.92343310087858,71.91155639665637,71.90098707213585,71.89168436645039,71.8836075187333,71.87671576811792,71.87096835373761,71.8663245147257,71.86274349021554,71.86018451934045,71.85860684123378,71.85796969502888,71.85823231985908,71.85935395485774,71.86129383915815,71.86401121189371,71.86746531219772,71.87161537920355,71.8764206520445,71.88184036985395,71.88783377176522,71.89436009691165,71.9013785844266,71.90884847344338,71.91672900309536,71.92497941251585,71.93355894083822,71.94242682886924,71.95155042126784,71.96092393204874,71.97054713666644,71.9804198105754,71.99054172923007,72.00091266808494,72.01153240259448,72.02240070821315,72.03351736039545,72.04488213459581,72.05649480626873,72.06835515086865,72.08046294385008,72.09281796066747,72.1054199767753,72.11826876762801,72.1313641086801,72.14470577538603,72.15829354320027,72.1721271875773,72.18620648397159,72.2005312078376,72.21510113462979,72.22991603980266,72.24497569881066,72.26027988710825,72.27582838014993,72.29162095339017,72.30765738228342,72.32393744228415,72.34046090884684,72.35722755742594,72.37423716347595,72.39148950245135,72.40898434980656,72.4267214809961,72.44470067147441,72.46292169669599,72.48138433211525,72.50008835318673,72.51903353536488,72.53821965410415,72.55764648485902,72.57731380308397,72.59722138423345,72.61736900376195,72.63775643712394,72.65838345977389,72.67924984716625,72.7003553747555,72.72169981799613,72.7432829523426,72.76510455324936,72.78716439617091,72.80946225656172,72.83199790987622,72.85477113156892,72.87778169709429,72.90102938190678,72.92451396146086,72.9482346985249,72.9721806364214,72.99633140300867,73.02066627459375,73.04516452748362,73.06980543798531,73.09456828240582,73.11943233705216,73.14437687823133,73.16938118225036,73.19442452541624,73.21948618403599,73.24454543441661,73.26958155286513,73.29457381568854,73.31950149919385,73.34434387968807,73.36908023347823,73.3936898368713,73.41815196617432,73.44244589769431,73.46655090773824,73.49044627261316,73.51411126862604,73.5375251720839,73.56066725929378,73.58351680656266,73.60605309019755,73.62825538650549,73.65010297179344,73.67157512236844,73.6926511145375,73.71331022460762,73.73353172888581,73.75329490367909,73.77257902529445,73.79136337003892,73.8096272142195,73.8273498341432,73.84451050611702,73.861088506448,73.8770631114431,73.89241359740937,73.90711924065381,73.92115931748341,73.93451310420522,73.94715987712621,73.95907891255341,73.97024948679382,73.98065087615444,73.99026235694231,73.99906320546441,74.00703269802776,74.01415011093938,74.02039472050626,74.02574580303542,74.03018263483388,74.03368449220862,74.03623065146667,74.03780038891504,74.03837298086074
73.70869381924147,73.63314056383898,73.55967224925385,73.48826450027133,73.41889294167667,73.35153319825517,73.28616089479205,73.22275165607259,73.16128110688203,73.10172487200566,73.04405857622871,72.98825784433645,72.93429830111414,72.88215557134704,72.83180527982041,72.78322305131951,72.73638451062959,72.69126528253592,72.64784099182377,72.60608726327837,72.565979721685,72.5274939918289,72.49060569849536,72.4552904664696,72.42152392053691,72.38928168548256,72.35853938609176,72.32927264714982,72.30145709344197,72.27506834975348,72.25008204086961,72.22647379157561,72.20421922665675,72.18329397089829,72.16367364908547,72.14533388600357,72.12825030643785,72.11239853517355,72.09775419699595,72.08429291669029,72.07199031904184,72.06082202883587,72.05076367085762,72.04179086989237,72.03387925072535,72.02700443814184,72.0211420569271,72.01626773186639,72.01235708774496,72.00938574934807,72.00732934146099,72.00616348886896,72.00586381635725,72.00640594871113,72.00776551071584,72.00991812715667,72.01283942281883,72.01650502248762,72.02089055124426,72.0259730674117,72.03173438140877,72.03815728724673,72.04522457893682,72.05291905049033,72.06122349591848,72.07012070923254,72.07959348444376,72.0896246155634,72.10019689660268,72.1112931215729,72.12289608448529,72.1349885793511,72.14755340018161,72.16057334098804,72.17403119578165,72.18790975857372,72.20219182337549,72.2168601841982,72.23189763505312,72.24728696995149,72.26301098290458,72.27905246792362,72.2953942190199,72.31201903020464,72.3289096954891,72.34604900888455,72.36341976440224,72.38100475605341,72.39878677784934,72.41674862380124,72.43487308792041,72.45314296421807,72.4715410467055,72.49005012939392,72.50865300629462,72.52733247141884,72.54607131877783,72.56485234238285,72.58365833624515,72.60247209437598,72.62127641078659,72.64005407948825,72.6587878944922,72.67746064980972,72.69605513945201,72.71455415743038,72.73294049775605,72.75119695444029,72.76930632149434,72.78725139292948,72.80501496275693,72.82257982498795,72.83992877363383,72.85704460270578,72.87391010621506,72.89050807817296,72.9068213125907,72.92283260347953,72.93852474485072,72.95388166712925,72.96890995303708,72.98363705549748,72.99809120667804,73.0123006387463,73.02629358386982,73.04009827421615,73.05374294195288,73.06725581924753,73.08066513826769,73.09399913118091,73.10728603015474,73.12055406735675,73.1338314749545,73.14714648511554,73.16052733000744,73.17400224179774,73.18759945265401,73.20134719474383,73.21527370023473,73.22940720129428,73.24377593009004,73.25840811878956,73.27333199956041,73.28857580457014,73.30416776598632,73.32013611597651,73.33650908670826,73.35331491034913,73.37058181906669,73.38833804502848,73.40661182040206,73.42543137735503,73.44482494805489,73.46482076466924,73.48544705936563,73.50673206431159,73.52870401167473,73.55139113362257,73.57482166232269,73.59902382994265,73.62402586865,73.64985601061228,73.67654248799708,73.70411353297195,73.73259737770445,73.76202225436212,73.79241639511255,73.8238080321233,73.85622539756189,73.8896967235959,73.92425024239292,73.95991418612046,73.99671678694611,74.03468627703741,74.07385088856194,74.11423885368723,74.15587840458087,74.1987977734104,74.2430251923434,74.2885888935474
71.5333060506222,71.60957418415231,71.68188822225142,71.75033867740271,71.81501606208926,71.87601088879424,71.9334136700007,71.98731491819186,72.03780514585077,72.08497486546057,72.1289145895044,72.16971483046535,72.20746610082657,72.24225891307117,72.27418377968229,72.30333121314303,72.32979172593653,72.3536558305459,72.37501403945427,72.39395686514479,72.41057482010052,72.42495841680466,72.43719816774026,72.44738458539047,72.45560818223842,72.46195947076725,72.46652896346006,72.46940717279995,72.47068461127009,72.47045179135358,72.46879922553356,72.46581742629311,72.4615969061154,72.45622817748352,72.44980175288063,72.44240814478982,72.43413786569423,72.42508142807694,72.41532934442114,72.4049721272099,72.39410028892638,72.3828043420537,72.37117479907496,72.35930217247329,72.34727697473181,72.33518971833365,72.32313091576194,72.31119107949979,72.29946072203035,72.2880303558367,72.27699049340197,72.26643164720932,72.25644432974184,72.24711905348266,72.23854633091491,72.23081667452169,72.22402059678618,72.21824861019144,72.2135912272206,72.21013896035683,72.20798155617629,72.20716280684087,72.20765527517003,72.20942539672805,72.2124396070792,72.21666434178775,72.22206603641797,72.22861112653413,72.23626604770047,72.24499723548129,72.25477112544084,72.26555415314337,72.2773127541532,72.29001336403454,72.30362241835167,72.31810635266885,72.33343160255038,72.34956460356048,72.36647179126345,72.38411960122357,72.40247446900506,72.42150283017222,72.44117112028931,72.4614457749206,72.48229322963033,72.5036799199828,72.52557228154225,72.54793674987297,72.5707397605392,72.59394774910524,72.61752715113533,72.64144440219374,72.66566593784472,72.6901581936526,72.71488760518156,72.73982060799594,72.76492363765996,72.79016312973789,72.81550551979404,72.84091724339262,72.86636473609792,72.89181443347422,72.91723277108576,72.94258618449683,72.96784110927169,72.9929639809746,73.01792123516981,73.04267930742162,73.06720463329427,73.09146364835206,73.11542278815921,73.13904848828003,73.16230718427875,73.18516531171966,73.20758930616702,73.2295456031851,73.25100063833816,73.27192084719044,73.29227266530626,73.31202252824986,73.33114012249419,73.34963292632568,73.36753279984586,73.38487200951991,73.40168282181295,73.41799750319012,73.4338483201166,73.44926753905747,73.46428742647794,73.47894024884312,73.49325827261816,73.5072737642682,73.5210189902584,73.53452621705387,73.5478277111198,73.56095573892128,73.57394256692348,73.58682046159157,73.59962168939066,73.6123785167859,73.62512321024244,73.63788803622543,73.65070526119999,73.66360715163128,73.67662597398447,73.68979399472465,73.70314348031698,73.71670669722664,73.73051591191873,73.74460339085843,73.75900140051087,73.77374220734117,73.7888580778145,73.804381278396,73.82034407555079,73.83677873574405,73.85371752544091,73.87119271110652,73.88923655920601,73.90788133620453,73.92715930856721,73.94710274275923,73.9677439052457,73.98911506249178,74.01124848096259,74.03417642712333,74.05793116743908,74.082544968375,74.10805009639628,74.13447881796802,74.16186339955536,74.19023610762343,74.21962920863743,74.25007496906247,74.2816056553637,74.31425353400627,74.34805087145529,74.38302993417594,74.41922298863335,74.45666230129268
73.03767269900409,72.9739726087226,72.91256412961526,72.8534110291943,72.79647707497197,72.7417260344606,72.68912167517236,72.63862776461956,72.59020807031449,72.54382635976937,72.49944640049647,72.45703196000805,72.4165468058164,72.37795470543377,72.3412194263724,72.30630473614458,72.27317440226257,72.24179219223863,72.21212187358502,72.18412721381397,72.1577719804378,72.13301994096874,72.10983486291907,72.08818051380102,72.06802066112691,72.04931907240895,72.03203951515941,72.01614575689057,72.00160156511468,71.98837070734403,71.97641695109085,71.96570406386742,71.95619581318597,71.94785596655883,71.94064829149819,71.93453655551637,71.92948452612559,71.92545597083814,71.92241465716627,71.92032435262225,71.91914882471833,71.91885184096678,71.91939716887988,71.92074857596985,71.92286982974902,71.92572469772959,71.92927694742384,71.93349034634404,71.93832866200246,71.94375566191134,71.94973511358297,71.95623078452961,71.96320644226348,71.9706258542969,71.97845278814209,71.98665101131134,71.9951842913169,72.00401639567103,72.01311109325677,72.02243879098621,72.03199190500403,72.04176740694261,72.0517622684343,72.06197346111149,72.07239795660654,72.08303272655182,72.09387474257973,72.10492097632262,72.11616839941287,72.12761398348282,72.13925470016487,72.15108752109141,72.16310941789477,72.17531736220737,72.18770832566155,72.20027927988967,72.21302719652412,72.22594904719729,72.23904180354153,72.25230243718921,72.26572791977271,72.27931522292438,72.29306131827663,72.30696317746181,72.32101777211231,72.33522207386046,72.34957305433868,72.36406768517931,72.37870293801474,72.39347578447733,72.40838319619944,72.42342214481347,72.43858960195179,72.45388253924678,72.46929792833076,72.48483274083615,72.50048394839531,72.51624852264062,72.53212343520444,72.54810565771912,72.56419216181708,72.58037991913066,72.59666590129224,72.61304707993419,72.6295204266889,72.64608291318872,72.66273151106601,72.67946319195319,72.69627492748258,72.71316368928656,72.73012644899755,72.74716017824788,72.7642618486699,72.78142843189603,72.79865689955865,72.81594422329009,72.83328737472273,72.85068332548893,72.8681290472211,72.88562171967654,72.9031626711962,72.92075705232857,72.93841015633429,72.95612727647402,72.97391370600847,72.99177473819832,73.00971566630419,73.02774178358679,73.04585838330676,73.06407075872484,73.08238420310163,73.10080400969782,73.11933547177411,73.13798388259114,73.1567545354096,73.17565272349019,73.19468374009351,73.2138528784803,73.23316543191119,73.25262669364686,73.27224195694801,73.29201651507528,73.31195566128936,73.3320646888509,73.35234889102061,73.37281356105915,73.39346399222715,73.41430547778533,73.43534331099436,73.45658278511489,73.47802919340761,73.49968782913318,73.52156398555228,73.54366295592557,73.56599003351376,73.58855051157745,73.61134968337738,73.63439284217422,73.65768528122861,73.68123229380122,73.70503917315271,73.72911121254383,73.75345370523517,73.77807194448745,73.8029712235613,73.82815683571742,73.85363407421649,73.8794082323192,73.90548460328615,73.93186848037807,73.95856515685561,73.98557992597945,74.01291808101028,74.04058491520875,74.06858572183553,74.09692579415132,74.12561042541675,74.15464490889251,74.18403453783928,74.21378460551774
72.81715187331662,72.75772342986807,72.7000562478845,72.6441309091482,72.5899279954414,72.53742808854633,72.4866117702453,72.43745962232052,72.38995222655426,72.34407016472878,72.29979401862632,72.25710437002915,72.2159818007195,72.17640689247966,72.13836022709187,72.10182238633836,72.06677395200141,72.03319550586328,72.0010676297062,71.97037090531244,71.94108591446425,71.91319323894389,71.88667346053361,71.86150716101567,71.83767492217231,71.8151573257858,71.7939349536384,71.77398838751233,71.75529820918989,71.73784500045329,71.72160934308482,71.70657181886672,71.69271300958124,71.68001349701063,71.66845386293717,71.6580146891431,71.64867655741067,71.64042004952212,71.63322574725974,71.62707423240576,71.62194608674244,71.61782189205204,71.6146822301168,71.61250768271898,71.61127883164085,71.61097625866464,71.61158054557262,71.61307227414704,71.61543202617017,71.61864038342424,71.62267792769151,71.62752524075424,71.63316290439468,71.63957150039509,71.64673161053773,71.65462381660484,71.66322870037868,71.6725268436415,71.68249882831222,71.69312589805489,71.7043914906341,71.71627949795098,71.72877381190675,71.74185832440254,71.75551692733954,71.76973351261893,71.78449197214185,71.79977619780948,71.815570081523,71.83185751518359,71.84862239069238,71.86584859995058,71.88352003485933,71.90162058731983,71.9201341492332,71.93904461250067,71.95833586902337,71.97799181070248,71.99799632943918,72.01833331713462,72.03898666568998,72.05994026700643,72.08117801298513,72.10268379552726,72.124441506534,72.1464350379065,72.16864828154593,72.19106512935348,72.21366947323028,72.23644520507754,72.25937621679643,72.28244640028808,72.3056396474537,72.32893985019443,72.35233090041147,72.37579669000596,72.39932111087909,72.42288805493202,72.44648141406591,72.47008508018196,72.4936829451813,72.51725890096513,72.54079683943462,72.56428065249092,72.5876942320352,72.61102146996865,72.63424625819242,72.6573524886077,72.68032405311564,72.70314484361741,72.72579875201419,72.74826967020715,72.77054149009744,72.79259810358627,72.81442340257476,72.83600127896412,72.8573156246555,72.87835033155007,72.899089291549,72.9195168458515,72.93962629157845,72.95941917719448,72.97889735925003,72.9980626942955,73.01691703888132,73.03546224955791,73.05370018287569,73.07163269538506,73.08926164363646,73.10658888418031,73.12361627356702,73.14034566834702,73.15677892507072,73.17291790028854,73.1887644505509,73.20432043240822,73.21958770241093,73.23456811710943,73.24926353305415,73.2636758067955,73.27780679488393,73.29165835386982,73.3052323403036,73.3185306107357,73.33155502171654,73.34430742979653,73.3567896915261,73.36900366345566,73.38095120213563,73.39263416411643,73.40405440594849,73.4152137841822,73.42611415536801,73.43675737605633,73.44714530279758,73.45727979214217,73.46716270064054,73.47679588484309,73.48618120130024,73.49532050656242,73.50421565718005,73.51286850970354,73.52128092068331,73.52945474666978,73.53739184421337,73.5450940698645,73.5525632801736,73.55980133169108,73.56681008096736,73.57359138455284,73.58014709899798,73.58647908085317,73.59258918666883,73.59847927299539,73.60415119638327,73.60960681338287,73.61484798054464,73.61987655441898,73.6246943915563,73.62930334850705
71.77957650648626,71.84499544947683,71.90625607936352,71.96346136785147,72.01671428664581,72.06611780745165,72.11177490197412,72.15378854191833,72.19226169898943,72.2272973448925,72.25899845133272,72.28746799001516,72.31280893264497,72.33512425092727,72.35451691656716,72.3710899012698,72.38494617674029,72.39618871468375,72.40492048680531,72.4112444648101,72.41526362040322,72.41708092528981,72.416799351175,72.4145218697639,72.41035145276163,72.40439107187332,72.39674369880409,72.38751230525905,72.37679986294334,72.3647093435621,72.3513437188204,72.33680596042342,72.32119904007624,72.304625929484,72.28718960035182,72.26899302438483,72.25013917328813,72.23073101876687,72.21087153252617,72.19066368627114,72.1702104517069,72.14961480053857,72.1289797044713,72.10840813521018,72.08800306446037,72.06786746392694,72.04810430531506,72.02881656032984,72.01010720067639,71.99207919805984,71.97483552418531,71.95847915075792,71.94311304948282,71.9288401920651,71.91576355020989,71.90398609562232,71.8936108000075,71.88474063507056,71.87747856642301,71.87189805067739,71.86797470359465,71.8656638897618,71.86492097376586,71.86570132019382,71.86796029363269,71.87165325866947,71.87673557989119,71.88316262188482,71.8908897492374,71.89987232653593,71.9100657183674,71.92142528931885,71.93390640397725,71.94746442692963,71.96205472276297,71.97763265606432,71.99415359142064,72.01157289341897,72.0298459266463,72.04892805568966,72.06877464513602,72.08934105957242,72.11058266358583,72.1324548217633,72.15491289869182,72.17791225895837,72.20140826715,72.22535628785369,72.24971168565645,72.27442982514529,72.29946607090723,72.32477578752925,72.35031433959837,72.3760370917016,72.40189940842595,72.42785665435841,72.45386419408601,72.47987739219573,72.50585161327459,72.53174222190961,72.55750458268777,72.5830940601961,72.60846601902159,72.63357582375126,72.65837883897211,72.68283042927115,72.70688595923538,72.73050079345182,72.75363029650747,72.77622983298932,72.7982547674844,72.8196604645797,72.84040228886225,72.86043560491903,72.87971577733705,72.89819817070335,72.9158381496049,72.93259107862872,72.9484123223618,72.96326014135671,72.97715052186041,72.99015263443334,73.00233763541326,73.0137766811379,73.02454092794501,73.03470153217232,73.04432965015758,73.05349643823853,73.06227305275289,73.07073065003841,73.07894038643285,73.08697341827393,73.0949009018994,73.10279399364697,73.11072384985442,73.11876162685947,73.12697848099987,73.13544556861335,73.14423404603765,73.15341506961052,73.16305979566968,73.1732393805529,73.1840249805979,73.19548775214241,73.20769885152419,73.22072943508098,73.2346506591505,73.24953368007051,73.26544965417875,73.28246973781295,73.30066508731085,73.32010685901018,73.34086620924872,73.36301429436416,73.38662227069428,73.41176129457678,73.43850252234944,73.46691711034997,73.49707621491613,73.52905099238565,73.56291259909628,73.59873219138574,73.63658092559179,73.67652995805216,73.71865044510459,73.76301354308681,73.80969040833659,73.85875219719165,73.91027006598972,73.96431517106856,74.02095866876591,74.08027171541949,74.14232546736706,74.20719108094634,74.27493971249508,74.34564251835103,74.41937065485192,74.49619527833549,74.57618754513948,74.65941861160164
71.16624399722849,71.23755822790463,71.30523690590441,71.36936493517817,71.43002721967619,71.48730866334881,71.54129417014633,71.59206864401904,71.63971698891726,71.6843241087913,71.72597490759149,71.7647542892681,71.80074715777147,71.83403841705187,71.86471297105965,71.8928557237451,71.91855157905853,71.94188544095024,71.96294221337057,71.98180680026978,71.99856410559822,72.01329903330618,72.02609648734398,72.03704137166191,72.0462185902103,72.05371304693944,72.05960964579965,72.06399329074124,72.06694888571451,72.06856133466977,72.06891554155733,72.0680964103275,72.0661888449306,72.06327774931691,72.05944802743677,72.05478458324046,72.04937232067832,72.04329614370063,72.03664095625771,72.02949166229988,72.02193316577743,72.01405037064067,72.00592818083993,71.99765150032549,71.98930523304767,71.9809742829568,71.97274355400315,71.96469795013705,71.95692237530882,71.94950173346874,71.94252092856713,71.93606486455433,71.9302184453806,71.92506657499626,71.92069415735165,71.91718609639705,71.91462729608277,71.91310266035913,71.91269708847751,71.91347272466729,71.91541626597868,71.91849879334731,71.92269138770881,71.92796512999881,71.93429110115294,71.94164038210681,71.94998405379609,71.95929319715638,71.96953889312331,71.98069222263253,71.99272426661963,72.00560610602028,72.0193088217701,72.0338034948047,72.04906120605972,72.0650530364708,72.08175006697356,72.09912337850362,72.11714405199663,72.1357831683882,72.15501180861398,72.17480105360957,72.19512198431063,72.21594568165277,72.23724322657164,72.25898570000284,72.28114418288202,72.30368975614479,72.3265935007268,72.34982649756368,72.37335982759105,72.39716457174454,72.42121181095978,72.44547262617239,72.46991809831802,72.49451930833229,72.51924733715082,72.54407326570924,72.5689681749432,72.5939031457883,72.6188492591802,72.6437775960545,72.66865923734686,72.69346526399289,72.71816675692821,72.74273479708847,72.7671404654093,72.79135484282631,72.81534901027514,72.83909404869142,72.86256103901079,72.88572106216886,72.90854519910125,72.93100453074362,72.95307013803159,72.97471310190078,72.99590450328682,73.01661542312536,73.036816942352,73.05648165983064,73.07561243150582,73.09423999002547,73.11239610888813,73.13011256159236,73.14742112163665,73.1643535625196,73.18094165773968,73.19721718079546,73.21321190518549,73.22895760440828,73.24448605196237,73.25982902134632,73.27501828605864,73.29008561959787,73.30506279546256,73.31998158715125,73.33487376816245,73.34977111199473,73.3647053921466,73.3797083821166,73.39481185540329,73.41004758550518,73.42544734592082,73.44104291014874,73.45686605168747,73.47294854403556,73.48932216069156,73.50601867515397,73.52306986092135,73.54050749149224,73.55836334036516,73.57666918103865,73.59545678701127,73.61475793178153,73.63460438884798,73.65502793170914,73.67606033386356,73.69773336880979,73.72007881004635,73.74312843107177,73.76691400538459,73.79146730648336,73.8168201078666,73.84300418303286,73.87005130548067,73.89799324870857,73.9268617862151,73.95668869149878,73.98750573805818,74.0193446993918,74.05223734899818,74.08621546037588,74.12131080702342,74.15755516243934,74.19498030012218,74.23361799357048,74.27350001628275,74.31465814175758,74.35712414349345,74.40092979498893
72.91528731136222,72.8840438659145,72.85345153063422,72.82351094010644,72.79422272891625,72.7655875316487,72.73760598288888,72.71027871722184,72.68360636923266,72.65758957350641,72.63222896462817,72.60752517718298,72.58347884575593,72.5600906049321,72.53736108929654,72.51529093343431,72.49388077193053,72.47313123937022,72.45304297033847,72.43361659942035,72.41485276120092,72.39675209026525,72.37931522119842,72.3625427885855,72.34643542701156,72.33099377106167,72.31621845532088,72.30211011437429,72.28866938280694,72.27589689520393,72.2637932861503,72.25235919023115,72.24159524203152,72.23150207613651,72.22208032713117,72.21333062960058,72.20525361812979,72.19784992730389,72.19112019170794,72.185065045927,72.17968512454618,72.17498106215051,72.17095349332509,72.16760305265495,72.16493037472519,72.16293609412088,72.16162084542708,72.16098526322885,72.16102998211129,72.16175563665945,72.16316286145839,72.16525229109321,72.16802456014894,72.17148030321069,72.1756201548635,72.18044474969246,72.18595472228262,72.19215070721906,72.1990333383689,72.20659977284271,72.214835640121,72.22372418368667,72.23324864702262,72.24339227361173,72.2541383069369,72.26546999048102,72.27737056772698,72.28982328215768,72.30281137725599,72.31631809650484,72.33032668338709,72.34482038138563,72.35978243398337,72.3751960846632,72.39104457690802,72.40731115420068,72.42397906002411,72.4410315378612,72.45845183119484,72.47622318350791,72.4943288382833,72.51275203900393,72.53147602915266,72.55048405221238,72.56975935166604,72.58928517099645,72.60904475368655,72.62902134321924,72.64919818307736,72.66955851674386,72.6900855877016,72.7107626394335,72.73157291542242,72.75249965915127,72.77352611410292,72.79463552376029,72.81581113160625,72.83703618112372,72.85829391579557,72.87956757910469,72.90084041453399,72.92209566556633,72.94331657568463,72.96448638837178,72.98558834711066,73.00660569538418,73.0275216766752,73.04831953446664,73.06898251224139,73.08949385348235,73.10983680167237,73.12999460029438,73.14995049283128,73.16968772276591,73.18918953358123,73.20843916876008,73.22741987178536,73.24611488613998,73.26450745530683,73.2825818055918,73.30034175405216,73.31780916725803,73.33500658570588,73.35195654989222,73.36868160031354,73.38520427746633,73.40154712184709,73.4177326739523,73.43378347427848,73.44972206332208,73.46557098157966,73.48135276954766,73.49708996772257,73.51280511660092,73.52852075667919,73.54425942845386,73.56004367242143,73.5758960290784,73.59183903892126,73.6078952424465,73.62408718015064,73.64043739253013,73.6569684200815,73.67370280330123,73.69066308268582,73.70787179873174,73.72535149193551,73.74312470279361,73.76121397180255,73.77964183945879,73.79843084625887,73.81760353269924,73.83718243927643,73.85719010648691,73.87764907482718,73.89858188479374,73.92001107688309,73.94195919159169,73.96444876941607,73.9875023508527,74.01114247639809,74.03539168654872,74.06027252180111,74.08580752265172,74.11201922959707,74.13893018313362,74.16656292375791,74.1949399919664,74.2240839282556,74.25401727312199,74.28476256706206,74.31634235057233,74.34877916414929,74.3820955482894,74.41631404348918,74.45145719024514,74.48754752905373,74.52460760041147,74.56265994481487,74.60172710276039
72.69252766124221,72.70124345472793,72.70809332723067,72.71313434707798,72.71642358259744,72.71801810211666,72.71797497396318,72.71635126646459,72.71320404794847,72.7085903867424,72.70256735117395,72.69519200957072,72.68652143026026,72.67661268157016,72.66552283182801,72.65330894936136,72.64002810249782,72.62573735956495,72.61049378889032,72.59435445880152,72.57737643762613,72.55961679369173,72.54113259532589,72.52198091085619,72.50221880861021,72.48190335691551,72.46109162409971,72.43984067849034,72.41820758841502,72.3962494222013,72.37402324817677,72.351586134669,72.32899515000558,72.30630736251408,72.28357984052207,72.26086965235714,72.23823386634687,72.21572955081884,72.1934137741006,72.17134360451976,72.1495761104039,72.12816836008056,72.10717742187737,72.08666036412187,72.06667425514165,72.04727616326429,72.02852315681736,72.01047230412844,71.99318067352512,71.97670533333496,71.96110335188555,71.94643179750447,71.9327477385193,71.9201082432576,71.90857038004697,71.89819121721497,71.88902782308918,71.8811372659972,71.87457661052369,71.86938479592774,71.86554066463837,71.863010620197,71.86176106614505,71.8617584060239,71.86296904337496,71.86535938173967,71.86889582465939,71.87354477567557,71.8792726383296,71.88604581616289,71.89383071271685,71.90259373153287,71.91230127615239,71.9229197501168,71.93441555696751,71.94675510024592,71.95990478349346,71.97383101025152,71.9885001840615,72.00387870846481,72.01993298700289,72.03662942321711,72.0539344206489,72.07181438283966,72.09023571333078,72.10916481566372,72.12856809337983,72.14841195002055,72.16866278912728,72.18928701424143,72.2102510289044,72.2315212366576,72.25306404104245,72.27484584560035,72.2968330538727,72.31899206940092,72.34128929572641,72.36369113639059,72.38616399493486,72.40867427490062,72.43118837982928,72.45367271326226,72.47609367874095,72.49841767980679,72.52061112000115,72.54264040286546,72.56447193194113,72.58607211076954,72.60740734289213,72.6284440318503,72.64914858118544,72.66948739443899,72.68942687515234,72.70893342686688,72.72797345312404,72.74651335746523,72.76451954343185,72.78195841456531,72.79879637440702,72.81500189447885,72.83058466765291,72.845592365196,72.86007407639899,72.8740788905527,72.88765589694798,72.90085418487568,72.91372284362663,72.92631096249168,72.93866763076167,72.95084193772745,72.96288297267985,72.97483982490971,72.98676158370789,72.99869733836522,73.01069617817254,73.0228071924207,73.03507947040053,73.04756210140289,73.06030417471861,73.07335477963854,73.08676300545352,73.10057794145439,73.11484867693198,73.12962430117716,73.14495390348075,73.1608865731336,73.17747139942655,73.19475747165045,73.21279387909613,73.23162971105444,73.25131405681623,73.27189600567232,73.29342464691358,73.31594906983082,73.33951836371492,73.36418161785669,73.38998792154699,73.41698636407665,73.44522603473652,73.47475602281746,73.50562541761028,73.53788330840584,73.57157878449497,73.60676093516852,73.64347884971734,73.68178161743226,73.72171832760414,73.76333806952381,73.8066899324821,73.85182300576987,73.89878637867797,73.94762914049721,73.99840038051846,74.05114918803255,74.10592465233033,74.16277586270265,74.22175190844032,74.28290187883421,74.34627486317517,74.41191995075401
72.47906976637793,72.46781423394226,72.45628171016496,72.44448891016337,72.43245254905489,72.42018934195688,72.40771600398674,72.39504925026182,72.38220579589951,72.36920235601718,72.35605564573221,72.34278238016198,72.32939927442386,72.31592304363522,72.30237040291347,72.28875806737594,72.27510275214003,72.26142117232311,72.24773004304255,72.23404607941575,72.22038599656005,72.20676650959287,72.19320433363154,72.17971618379347,72.16631877519602,72.15302882295659,72.1398630421925,72.12683814802119,72.11397085556,72.10127787992631,72.08877593623752,72.07648173961097,72.06441200516406,72.05258344801416,72.04101278327865,72.02971672607488,72.01871199152026,72.00801529473216,71.99764335082794,71.98761287492499,71.97794058214069,71.96864318759239,71.9597374063975,71.95123995367338,71.94316754453739,71.93553689410693,71.92836471749938,71.9216677298321,71.91546264622245,71.90976618178784,71.90459505164564,71.89996597091321,71.89589565470794,71.8924008181472,71.88949817634837,71.88720444442882,71.88553633750593,71.88451057069706,71.88414385788788,71.88444694815145,71.88541081346361,71.88702233232155,71.8892683832225,71.89213584466367,71.89561159514224,71.89968251315544,71.90433547720048,71.90955736577453,71.91533505737482,71.92165543049856,71.92850536364294,71.93587173530518,71.9437414239825,71.95210130817208,71.96093826637112,71.97023917707685,71.97999091878646,71.99018036999716,72.00079440920615,72.01181991491066,72.02324376560787,72.035052839795,72.04723401596924,72.05977417262781,72.07266018826792,72.08587894138675,72.09941731048154,72.11326217404948,72.12740041058777,72.14181889859361,72.15650451656424,72.17144414299683,72.1866246563886,72.20203293523676,72.21765585803851,72.23348030329105,72.2494931494916,72.26568127513735,72.28203155872552,72.2985308787533,72.31516611371792,72.33192414211656,72.34879184244645,72.36575609320478,72.38280377288876,72.39992175999559,72.41709693302249,72.43431617046664,72.45156635082529,72.4688343525956,72.4861070542748,72.50337133436008,72.52061407134867,72.53782214373776,72.55498243002455,72.57208180870626,72.5891071582801,72.60604535724325,72.62288328409294,72.6396085490724,72.65622334842328,72.67274331687963,72.68918459093727,72.70556330709204,72.72189560183972,72.73819761167614,72.75448547309712,72.77077532259845,72.78708329667596,72.80342553182545,72.81981816454275,72.83627733132366,72.852819168664,72.86945981305958,72.88621540100621,72.90310206899971,72.92013595353589,72.93733319111055,72.95470991821952,72.97228227135861,72.99006638702363,73.00807840171039,73.02633445191472,73.0448506741324,73.06364320485928,73.08272818059115,73.10212173782382,73.12184001305312,73.14189914277485,73.16231526348481,73.18310451167885,73.20428302385275,73.22586693650236,73.24787238612345,73.27031550921185,73.29321244226338,73.31657932177384,73.34043228423906,73.36478746615484,73.38966100401699,73.41506903432133,73.44102769356368,73.46755311823985,73.49466144484563,73.52236880987685,73.55069134982934,73.57964520119889,73.60924650048132,73.63951138417244,73.67045598876807,73.70209645076402,73.73444890665608,73.76752949294011,73.80135434611189,73.83593960266724,73.87130139910197,73.90745587191189,73.94441915759283,73.98220739264059,74.02083671355098
74.39263043110815,74.2717845340011,74.1545317941683,74.0408253176251,73.93061821038684,73.8238635784689,73.72051452788664,73.62052416465538,73.52384559479053,73.43043192430743,73.34023625922144,73.25321170554791,73.16931136930218,73.08848835649967,73.01069577315569,72.93588672528561,72.86401431890478,72.79503166002858,72.72889185467234,72.66554800885147,72.60495322858127,72.54706061987714,72.49182328875442,72.43919434122846,72.38912688331466,72.34157402102834,72.29648886038486,72.25382450739959,72.21353406808787,72.1755706484651,72.13988735454662,72.10643729234776,72.07517356788394,72.04604928717045,72.01901755622269,71.99403148105601,71.97104416768578,71.95000872212735,71.93087825039605,71.9136058585073,71.8981446524764,71.88444773831874,71.87246822204968,71.86215920968458,71.85347380723876,71.84636512072764,71.84078625616654,71.83669031957082,71.83403041695586,71.83275965433698,71.8328311377296,71.83419797314902,71.8368132666106,71.84063012412976,71.84560165172182,71.85168095540213,71.85882114118606,71.86697531508894,71.87609658388313,71.88614171986906,71.89707964887383,71.90888181227068,71.92151965143277,71.93496460773336,71.94918812254569,71.96416163724298,71.97985659319845,71.99624443178531,72.01329659437683,72.03098452234617,72.0492796570666,72.06815343991137,72.08757731225366,72.10752271546669,72.1279610909237,72.14886387999793,72.17020252406262,72.19194846449095,72.21407314265618,72.23654799993152,72.25934447769019,72.28243401730542,72.30578806015045,72.3293780475985,72.35317542102278,72.37715162179653,72.40127809129298,72.42552627088536,72.44986760194685,72.47427352585073,72.49871548397023,72.52316491767853,72.54759326834888,72.5719719773545,72.5962724860686,72.62046623586444,72.64452466811524,72.66841922419421,72.69212134547458,72.71560247332955,72.73883404913242,72.76178751425634,72.78443431007459,72.80674587796032,72.82869365928686,72.85024909542734,72.87138362775507,72.89206869764318,72.91227574646497,72.93197621559365,72.95114154640244,72.96974318026459,72.98775255855325,73.00514112264175,73.02188031390322,73.03794157371094,73.05329634343813,73.067916064458,73.0817721781438,73.09483820170037,73.10712903018099,73.11869768121993,73.12959859585904,73.13988621514018,73.14961498010523,73.15883933179599,73.16761371125433,73.17599255952213,73.18403031764124,73.19178142665349,73.19930032760074,73.20664146152485,73.2138592694677,73.22100819247107,73.22814267157689,73.23531714782699,73.24258606226321,73.2500038559274,73.25762496986145,73.26550384510718,73.27369492270644,73.28225264370109,73.29123144913301,73.30068578004402,73.31067007747599,73.32123878247079,73.33244633607022,73.34434717931619,73.35699575325053,73.37044649891509,73.38475385735175,73.39997226960232,73.4161561767087,73.43336001971271,73.45163823965619,73.47104527758104,73.4916355745291,73.5134635715422,73.53658370966222,73.561050429931,73.5869181733904,73.61424138108227,73.64307449404846,73.67347195333083,73.70548819997124,73.73917767501153,73.77459481949354,73.81179407445917,73.85082988095023,73.89175668000861,73.93462891267613,73.97950101999466,74.02642744300606,74.07546262275214,74.12666100027484,74.18007701661593,74.2357651128173,74.29377972992081,74.3541753089683,74.41700629100161
73.8348779900437,73.74865429973345,73.66507706959472,73.58411067623298,73.50571949625372,73.42986790626237,73.35652028286445,73.28564100266543,73.21719444227078,73.15114497828598,73.08745698731649,73.02609484596779,72.96702293084537,72.91020561855471,72.85560728570125,72.80319230889053,72.75292506472796,72.70476992981905,72.65869128076928,72.61465349418411,72.572620946669,72.53255801482946,72.49442907527099,72.458198504599,72.423830679419,72.39128997633644,72.36054077195685,72.33154744288568,72.30427436572838,72.27868591709044,72.25474647357736,72.23242041179459,72.21167210834763,72.19246593984194,72.17476628288297,72.15853751407626,72.14374401002722,72.13035014734139,72.11832030262418,72.10761885248111,72.09821017351764,72.09005864233926,72.08312863555143,72.07738452975964,72.07279070156933,72.06931152758604,72.06691138441518,72.06555464866229,72.06520569693278,72.06582890583219,72.06738865196594,72.06984931193954,72.07317526235848,72.07733087982818,72.08228054095416,72.08798862234188,72.09441950059683,72.10153755232447,72.10930715492093,72.11769651456608,72.12668653226082,72.13626073658976,72.1464026561376,72.15709581948893,72.1683237552284,72.18006999194067,72.19231805821035,72.2050514826221,72.21825379376052,72.23190852021033,72.24599919055608,72.26050933338244,72.27542247727409,72.2907221508156,72.30639188259168,72.3224152011869,72.33877563518594,72.35545671317344,72.37244196373403,72.38971491545233,72.40725909691302,72.42505803670072,72.44309526340005,72.46135430559566,72.47981869187218,72.4984719508143,72.51729761100658,72.53627920103374,72.55540024948034,72.5746442849311,72.59399483597058,72.61343543118348,72.63294959915437,72.65252086846799,72.67213276770887,72.69176882546175,72.7114125703112,72.73104753084188,72.7506572356384,72.77022521328546,72.78973499236766,72.80917010146963,72.82851406917602,72.84775042407149,72.86686269474065,72.88583440976815,72.90464909773864,72.92329028723675,72.9417415068471,72.95998628515436,72.97800815074315,72.99579063219811,73.01331725810387,73.03057155704509,73.04753705760642,73.06419728837245,73.08053577792789,73.09653605485731,73.11218164774537,73.12745717892027,73.14236907245659,73.15694383899388,73.17120873915694,73.18519103357043,73.19891798285913,73.21241684764773,73.22571488856097,73.23883936622356,73.25181754126022,73.2646766742957,73.27744402595475,73.29014685686202,73.30281242764231,73.31546799892028,73.32814083132074,73.34085818546832,73.35364732198782,73.36653550150395,73.3795499846414,73.39271803202492,73.40606690427923,73.4196238620291,73.43341616589917,73.44747107651425,73.46181585449902,73.4764777604782,73.49148405507655,73.50686199891878,73.52263885262958,73.53884187683373,73.55549833215595,73.57263547922095,73.59028057865343,73.60846089107817,73.62720367711985,73.64653619740322,73.66648571255298,73.6870794831939,73.7083447699507,73.73030883344806,73.75299893431072,73.77644233316344,73.80066629063093,73.82569806733791,73.8515649239091,73.87829412096922,73.90591291914303,73.93444857905523,73.96392836133053,73.9943795265937,74.02582933546942,74.05830504858245,74.09183392655753,74.12644323001932,74.1621602195926,74.19901215590208,74.23702629957249,74.27622991122855,74.316650251495,74.35831458099655
73.0432153351441,73.02529855167153,73.00638581977402,72.98652018260837,72.96574468333132,72.94410236509965,72.92163627107017,72.8983894443996,72.87440492824472,72.84972576576233,72.82439500010919,72.79845567444205,72.77195083191772,72.74492351569295,72.71741676892451,72.68947363476919,72.66113715638373,72.63245037692492,72.60345633954957,72.57419808741436,72.54471866367614,72.51506111149168,72.4852684740177,72.45538379441099,72.42545011582835,72.39551048142654,72.36560793436233,72.3357855177925,72.3060862748738,72.276553248763,72.2472294826169,72.21815801959225,72.18938190284582,72.16094417553442,72.13288788081478,72.10525606184369,72.07809176177788,72.0514380237742,72.02533789098938,71.99983440658018,71.97497061370338,71.95078955551575,71.92733427517409,71.90464781583513,71.8827732206557,71.86175353279249,71.84163179540234,71.822451051642,71.80425434466824,71.78708471763782,71.77098521370753,71.75599887603413,71.7421687477744,71.72953787208512,71.71814929212304,71.70804605104495,71.69927119200761,71.6918677581678,71.68587878951573,71.68133199155625,71.67820422635151,71.6764618323491,71.67607114799665,71.67699851174177,71.67921026203206,71.68267273731513,71.68735227603861,71.6932152166501,71.70022789759722,71.70835665732757,71.71756783428877,71.72782776692844,71.73910279369417,71.7513592530336,71.76456348339433,71.77868182322398,71.79368061097013,71.80952618508043,71.82618488400247,71.84362304618388,71.86180701007227,71.88070311411524,71.9002776967604,71.92049709645535,71.94132765164777,71.96273570078519,71.98468758231526,72.0071496346856,72.03008819634381,72.0534696057375,72.0772602013143,72.1014263215218,72.12593430480761,72.15075048961937,72.17584121440468,72.20117281761112,72.22671163768636,72.25242401307797,72.27827628223356,72.30423478360079,72.33026585562722,72.3563358367605,72.38241106544818,72.40845788013796,72.43444261927739,72.4603316213141,72.48609122469573,72.51168776786982,72.53708758928407,72.56225702738602,72.58716242062333,72.61177010744358,72.63604642629441,72.65995771562343,72.68347031387823,72.70655055950643,72.72916479095564,72.75127934667348,72.77286056510759,72.7938763188668,72.81432506121529,72.8342334202391,72.85362907600602,72.87253970858366,72.89099299803978,72.90901662444203,72.9266382678582,72.9438856083559,72.96078632600289,72.97736810086685,72.99365861301548,73.00968554251652,73.02547656943763,73.04105937384652,73.05646163581092,73.07171103539851,73.08683525267698,73.10186196771407,73.11681886057745,73.13173361133484,73.14663390005394,73.16154740680246,73.1765018116481,73.19152479465855,73.2066440359015,73.22188721544471,73.23728201335582,73.25285610970256,73.26863718455265,73.28465291797376,73.30093099003362,73.31749908079992,73.33438487034037,73.35161603872267,73.3692202660145,73.3872252322836,73.40565861759767,73.42454810202436,73.44392136563145,73.4638060884866,73.48422995065751,73.5052206322119,73.52680581321745,73.5490131737419,73.5718703938529,73.59540515361822,73.6196451331055,73.64461801238248,73.67035147151684,73.69687319057631,73.72421084962859,73.75239212874136,73.78144470798232,73.8113962674192,73.8422744871197,73.8741070471515,73.90692162758232,73.94074590847988,73.97560756991184,74.01153429194592
73.3520751226612,73.29842067869147,73.24591760203099,73.19456234777101,73.1443513710028,73.0952811268176,73.04734807030667,73.00054865656125,72.9548793406726,72.91033657773198,72.86691682283063,72.82461653105983,72.7834321575108,72.74336015727481,72.7043969854431,72.66653909710693,72.62978294735757,72.59412499128625,72.55956168398424,72.52608948054278,72.49370483605313,72.46240420560653,72.43218404429425,72.40304080720753,72.37497094943764,72.34797092607582,72.32203719221332,72.2971662029414,72.2733544133513,72.2505982785343,72.22889425358163,72.20823879358456,72.18862835363431,72.17005938882218,72.1525283542394,72.1360317049772,72.12056589612688,72.10612738277965,72.09271262002679,72.08031806295955,72.06894016666917,72.0585753862469,72.04922017678402,72.04087099337175,72.03352429110137,72.02717652506412,72.02182415035126,72.01746362205404,72.01409139526369,72.0117039250715,72.0102976665687,72.00986907484656,72.01041460499633,72.01193071210923,72.01441385127656,72.01786047758954,72.02226704613945,72.02763001201751,72.0339458293707,72.0412063794782,72.04938838169254,72.05846541713916,72.06841106694351,72.079198912231,72.09080253412709,72.10319551375719,72.11635143224673,72.13024387072115,72.14484641030589,72.16013263212638,72.17607611730804,72.19265044697632,72.20982920225663,72.22758596427444,72.24589431415514,72.2647278330242,72.28406010200703,72.30386470222906,72.32411521481575,72.34478522089249,72.36584830158475,72.38727803801795,72.40904801131751,72.43113180260889,72.4535029930175,72.47613516366877,72.49900189568815,72.52207677020108,72.54533336833296,72.56874527120925,72.59228605995537,72.61592931569675,72.63964861955884,72.66341755266706,72.68720969614684,72.71099863112362,72.73475793872282,72.75846120006989,72.78208199629026,72.80559390850935,72.82897051785261,72.85218540544545,72.87521215241333,72.89802433988166,72.92059554897588,72.94289936082144,72.96490935654374,72.98659911726824,73.00794222412036,73.02891225822553,73.04948280070919,73.06962743269678,73.08931973531371,73.10853328968543,73.12724167693737,73.14541847819496,73.16303727458363,73.18007164722883,73.19649517725597,73.21228324660403,73.22744713308548,73.24203118639528,73.25608099105486,73.26964213158557,73.28276019250882,73.29548075834599,73.30784941361844,73.3199117428476,73.33171333055482,73.34329976126149,73.35471661948901,73.36600948975874,73.37722395659209,73.38840560451042,73.39960001803514,73.41085278168762,73.42220947998925,73.43371569746141,73.44541701862549,73.45735902800287,73.46958731011493,73.48214744948307,73.49508503062864,73.50844563807307,73.52227485633773,73.536618269944,73.55152146341325,73.56703002126689,73.58318952802628,73.60004556821283,73.61764372634791,73.6360295869529,73.6552487345492,73.67534675365819,73.69636922880125,73.71836174449976,73.7413698852751,73.76543923564869,73.79061538014189,73.81694390327607,73.84447038957263,73.87324042355296,73.90329958973844,73.93469347265045,73.96746765681037,74.00166772673961,74.03733926695952,74.07452786199151,74.11327909635696,74.15363855457726,74.19565182117377,74.2393644806679,74.28482211758103,74.33207031643452,74.3811546617498,74.43212073804821,74.48501412985117,74.53988042168004,74.59676519805622,74.65571404350108
72.87146073849625,72.82165934419241,72.77323289616776,72.72616828294674,72.68045239305381,72.63607211501345,72.59301433735011,72.55126594858824,72.51081383725234,72.47164489186686,72.43374600095625,72.39710405304497,72.3617059366575,72.32753854031832,72.29458875255185,72.26284346188258,72.23228955683497,72.20291392593349,72.17470345770259,72.14764504066676,72.12172556335044,72.09693191427807,72.07325098197417,72.05066965496316,72.02917482176953,72.00875337091772,71.98939219093221,71.97107817033746,71.95379819765792,71.93753916141809,71.9222879501424,71.9080314523553,71.89475655658133,71.88245015134486,71.8710991251704,71.8606903665824,71.85121076410535,71.84264720626369,71.83498658158187,71.82821577858438,71.8223216857957,71.81729119174024,71.81311118494251,71.80976855392696,71.80725018721803,71.8055429733402,71.80463380081797,71.80450955817572,71.80515713393801,71.80656341662923,71.8087152947739,71.81159965689643,71.81520339152131,71.81951338717302,71.824516532376,71.8301997156547,71.8365498255336,71.8435537505372,71.85119837894761,71.85946942576949,71.86834871585599,71.87781726887367,71.88785610448919,71.89844624236913,71.90956870218012,71.92120450358878,71.93333466626173,71.94594020986555,71.95900215406691,71.97250151853235,71.98641932292854,72.00073658692209,72.01543433017959,72.03049357236766,72.04589533315293,72.06162063220198,72.07765048918147,72.09396592375798,72.11054795559814,72.12737760436856,72.14443588973586,72.16170383136664,72.17916244892753,72.19679276208514,72.21457579050606,72.23249255385694,72.25052407180438,72.26865136401499,72.28685545015539,72.30511734989217,72.32341808289198,72.3417386688214,72.36006012734708,72.37836347813563,72.39662974085361,72.4148399351677,72.4329750807445,72.45101619725058,72.4689443043526,72.48674042171719,72.50438556901089,72.52186076590037,72.53914703205224,72.55622538713313,72.57307685080958,72.5896824427483,72.60602318261583,72.62208009007882,72.63783418480388,72.65326648645761,72.66835801470664,72.68308978921759,72.69744282965705,72.71139815569164,72.72493678698798,72.7380397432127,72.7506880440324,72.76286270911369,72.77454475812318,72.78571696134286,72.79639698432057,72.80663464259875,72.81648095212508,72.82598692884714,72.83520358871267,72.8441819476693,72.85297302166465,72.8616278266464,72.87019737856222,72.87873269335974,72.88728478698665,72.89590467539058,72.90464337451918,72.91355190032014,72.92268126874107,72.93208249572966,72.94180659723357,72.95190458920042,72.9624274875779,72.97342630831365,72.98495206735534,72.9970557806506,73.00978846414709,73.02320113379251,73.03734480553449,73.05227049532066,73.06802921909868,73.08467199281624,73.10224983242098,73.12081375386056,73.14041477308264,73.16110390603485,73.18293216866486,73.20595057692033,73.23021014674892,73.25576189409828,73.28265683491607,73.31094598514993,73.34068036074753,73.37191097765655,73.40468885182459,73.43906499919935,73.47509043572849,73.51281617735962,73.55229324004044,73.59357263971857,73.63670539234171,73.68174251385749,73.72873502021356,73.7777339273576,73.82879025123724,73.88195500780016,73.937279212994,73.99481388276642,74.05461003306506,74.1167186798376,74.18119083903169,74.24807752659497,74.31742975847511,74.38929855061978
73.3258909406723,73.28293519526034,73.24035687599968,73.19817010475786,73.15638900340237,73.1150276938007,73.07410029782035,73.03362093732883,72.99360373419364,72.95406281028228,72.91501228746226,72.87646628760106,72.8384389325662,72.80094434422517,72.76399664444548,72.72760995509464,72.69179839804012,72.65657609514945,72.62195716829011,72.58795573932963,72.55458593013547,72.52186186257516,72.48979765851621,72.4584074398261,72.42770532837234,72.39770544602241,72.36842191464385,72.33986885610413,72.31206039227078,72.28501064501127,72.25873373619311,72.23324378768382,72.20855492135087,72.18468125906179,72.16163692268407,72.1394360340852,72.11809271513269,72.09762108769405,72.07803527363679,72.05934939482837,72.04157757313632,72.02473393042816,72.00883258857134,71.9938876694334,71.97991329488183,71.96692358678413,71.95493266700781,71.94395465742036,71.93400367988929,71.92509385628209,71.91723930846628,71.91045415830934,71.90475252767877,71.9001485384421,71.8966563124668,71.89428997162038,71.89306363777035,71.89299143278421,71.89408747673394,71.89635719472625,71.89977718260081,71.90431806909376,71.90995048294118,71.91664505287915,71.92437240764374,71.93310317597108,71.94280798659724,71.95345746825832,71.9650222496904,71.97747295962958,71.99078022681194,72.00491467997357,72.01984694785057,72.03554765917902,72.05198744269502,72.06913692713465,72.08696674123402,72.1054475137292,72.12454987335629,72.14424444885137,72.16450186895055,72.18529276238989,72.20658775790552,72.2283574842335,72.25057257010992,72.2732036442709,72.2962213354525,72.31959627239083,72.34329908382195,72.36730039848199,72.39157084510701,72.41608105243311,72.44080164919639,72.46570326413293,72.49075652597882,72.51593206347016,72.54120050534303,72.56653248033352,72.59189861717773,72.61726954461174,72.64261589137165,72.66790828619354,72.6931173578135,72.71821373496765,72.74316804639204,72.76795092082277,72.79253298699595,72.81688487364765,72.84097720951397,72.864780623331,72.88826574383482,72.91140319976154,72.93416361984724,72.956517632828,72.97843586743993,72.9998889524191,73.0208475165016,73.04128218842355,73.06116359692102,73.0804637596248,73.09918237920216,73.11734466532675,73.13497678004397,73.15210488539911,73.16875514343756,73.18495371620467,73.20072676574577,73.21610045410623,73.23110094333137,73.24575439546658,73.26008697255718,73.27412483664854,73.287894149786,73.30142107401491,73.31473177138062,73.32785240392849,73.34080913370386,73.35362812275207,73.3663355331185,73.37895752684848,73.39152026598737,73.40404991258052,73.41657262867326,73.42911457631097,73.44170191753896,73.45436081440263,73.4671174289473,73.47999792321833,73.49302845926107,73.50623519912087,73.51964430484307,73.53328193847302,73.54717426205609,73.56134743763762,73.57582762726297,73.59064099297746,73.60581369682646,73.62137190085534,73.63734176710942,73.65374945763405,73.6706211344746,73.68798295967642,73.70586109528485,73.72428170334523,73.74327094590294,73.7628549850033,73.78305998269167,73.80391210101341,73.82543750201387,73.84766234773839,73.87061280023232,73.89431502154102,73.91879517370984,73.94407941878411,73.97019391880922,73.99716483583047,74.02501833189326,74.05378056904291,74.08347770932478,74.11413591478421
71.83264437444775,71.85458241638048,71.87473242935849,71.8931468286078,71.90987802935442,71.92497844682437,71.93850049624369,71.95049659283839,71.96101915183449,71.97012058845802,71.97785331793499,71.98426975549143,71.98942231635336,71.9933634157468,71.99614546889777,71.99782089103229,71.9984420973764,71.9980615031561,71.99673152359742,71.99450457392638,71.99143306936901,71.9875694251513,71.98296605649932,71.97767537863906,71.97174980679657,71.96524175619783,71.95820364206888,71.95068787963574,71.94274688412445,71.934433070761,71.92579885477144,71.91689665138179,71.90777887581805,71.89849794330625,71.88910626907243,71.87965626834259,71.87020035634275,71.86079094829896,71.8514804594372,71.84232130498353,71.83336590016394,71.82466666020449,71.81627600033116,71.80824633577,71.800630081747,71.79347965348823,71.78684746621967,71.78078593516737,71.77534747555733,71.77058450261558,71.76654943156814,71.76329467764103,71.76087265606029,71.7593357820519,71.75873647084194,71.75912713765638,71.76056019772126,71.76308806626261,71.76676315503713,71.77162107523489,71.77764173362348,71.78479350722675,71.79304477306853,71.80236390817264,71.8127192895629,71.82407929426317,71.83641229929725,71.84968668168898,71.86387081846217,71.87893308664069,71.89484186324835,71.91156552530894,71.92907244984636,71.94733101388438,71.96630959444687,71.98597656855763,72.0063003132405,72.02724920551931,72.0487916224179,72.07089594096007,72.09353053816967,72.11666379107052,72.14026407668648,72.16429977204133,72.18873925415893,72.2135509000631,72.23870308677766,72.26416419132647,72.28990259073332,72.31588666202208,72.34208478221653,72.36846532834055,72.39499667741794,72.42164720647253,72.44838529252814,72.47517931260863,72.50199764373781,72.5288086629395,72.55558074723754,72.58228227365576,72.608881619218,72.63534716094807,72.6616472758698,72.68775034100703,72.71362473338358,72.73923883002328,72.76456100794998,72.78955964418746,72.81420311575961,72.83845979969021,72.86229807300312,72.88568631272214,72.90859289587114,72.9309861994739,72.9528346005543,72.97410647613613,72.99477020324323,73.01479415889943,73.03414672012858,73.05279786265567,73.0707494293449,73.0880326231563,73.10467974328684,73.1207230889335,73.1361949592933,73.15112765356322,73.16555347094024,73.17950471062136,73.19301367180356,73.20611265368383,73.21883395545917,73.23120987632657,73.243272715483,73.25505477212548,73.26658834545097,73.27790573465649,73.28903923893898,73.3000211574955,73.31088378952298,73.32165943421843,73.33238039077885,73.34307895840121,73.35378743628253,73.36453812361977,73.37536331960993,73.38629532345,73.39736643433697,73.40860895146783,73.42005517403956,73.43173740124918,73.44368793229364,73.45593906636996,73.46852310267512,73.4814723404061,73.4948190787599,73.5085956169335,73.52283425412391,73.53756728952811,73.55282702234308,73.56864575176581,73.5850557769933,73.60208939722254,73.61977891165051,73.63815661947422,73.65725481989062,73.67710581209676,73.69774189528957,73.71919536866606,73.74149853142323,73.76468368275808,73.78878312186757,73.8138291479487,73.83985406019846,73.86689015781386,73.89496973999185,73.92412510592946,73.95438855482365,73.98579238587143,74.01836889826978,74.05215039121569
72.14373016139002,72.14943728981189,72.15425989146296,72.15822849239605,72.16137361866399,72.16372579631957,72.1653155514156,72.16617341000492,72.16632989814029,72.16581554187457,72.16466086726054,72.16289640035102,72.16055266719883,72.15766019385676,72.15424950637764,72.15035113081427,72.14599559321947,72.14121341964604,72.13603513614679,72.13049126877453,72.12461234358209,72.11842888662225,72.11197142394786,72.1052704816117,72.09835658566658,72.09126026216533,72.08401203716075,72.07664243670565,72.06918198685284,72.06166121365513,72.05411064316534,72.04656080143627,72.03904221452073,72.03158540847154,72.02422090934151,72.01697924318344,72.00989093605016,72.00298651399444,71.99629650306915,71.98985142932705,71.98368181882097,71.97781819760372,71.97229109172812,71.96713102724698,71.96236853021308,71.95803412667928,71.95415834269835,71.9507717043231,71.94790473760638,71.94558796860096,71.94385192335967,71.94272712793533,71.94224410838072,71.94243339074868,71.943325501092,71.9449509654635,71.947340309916,71.9505240605023,71.95453274111308,71.95938640527288,71.96507039067123,71.97156284948771,71.9788419339019,71.98688579609338,71.99567258824172,72.00518046252648,72.01538757112728,72.02627206622365,72.03781209999521,72.0499858246215,72.06277139228212,72.07614695515663,72.09009066542463,72.10458067526567,72.11959513685935,72.13511220238522,72.15111002402288,72.1675667539519,72.18446054435185,72.20176954740232,72.21947191528288,72.2375458001731,72.25596935425256,72.27472072970085,72.29377807869751,72.31311955342217,72.33272330605438,72.3525674887737,72.37263025375972,72.39288975319204,72.4133241392502,72.43391156411379,72.4546301799624,72.47545813897558,72.49637359333295,72.51735469521404,72.53837959679845,72.55942645026575,72.58047340779552,72.60149862156733,72.62248024376078,72.64339642655543,72.66422532213083,72.6849450826666,72.70553386034231,72.72596980733752,72.7462310758318,72.76629581800475,72.78614218603595,72.80574833210494,72.82509240839133,72.84415256707469,72.86290696033458,72.8813337403506,72.89941105930232,72.91711706936931,72.93442992273116,72.95132777156742,72.96778876805769,72.98379251703894,72.99934757937541,73.01448919393755,73.02925359568981,73.04367701959669,73.05779570062268,73.07164587373222,73.08526377388984,73.09868563606,73.11194769520718,73.12508618629585,73.13813734429051,73.15113740415563,73.16412260085569,73.17712916935518,73.19019334461858,73.20335136161036,73.21663945529501,73.23009386063701,73.24375081260084,73.25764654615097,73.2718172962519,73.28629929786808,73.30112878596404,73.31634199550422,73.33197516145312,73.3480645187752,73.36464630243498,73.38175674739689,73.39943208862546,73.41770856108513,73.43662239974041,73.45620983955577,73.47650711549568,73.49755046252464,73.51937611560712,73.54202030970761,73.56551927979058,73.5899092608205,73.61522648776189,73.64150719557918,73.6687876192369,73.6971039936995,73.72649255393146,73.75698953489729,73.78863117156143,73.82145369888839,73.85549335184264,73.89078636538866,73.92736897449095,73.96527741411397,74.00454791922219,74.04521672478012,74.08732006575222,74.13089417710299,74.17597529379688,74.22259965079841,74.27080348307203,74.32062302558224,74.3720945132935,74.4252541811703
72.68309895084286,72.68941031998634,72.69412699215778,72.6973009735664,72.69898427042148,72.69922888893228,72.698086835308,72.69561011575792,72.69185073649126,72.68686070371734,72.68069202364532,72.6733967024845,72.66502674644414,72.65563416173345,72.64527095456168,72.63398913113812,72.62184069767198,72.60887766037251,72.59515202544898,72.58071579911064,72.56562098756672,72.54991959702647,72.53366363369915,72.51690510379399,72.49969601352026,72.48208836908722,72.46413417670408,72.4458854425801,72.42739417292458,72.40871237394668,72.38989205185572,72.37098521286092,72.3520438631715,72.33312000899679,72.31426565654596,72.29553281202828,72.27697348165302,72.25863967162942,72.24058338816673,72.22285663747417,72.20551142576102,72.18859975923652,72.17217364410993,72.15628508659046,72.1409860928874,72.12632866920998,72.11236482176747,72.09914655676911,72.08672588042413,72.07515479894175,72.0644853185313,72.05476944540197,72.04605918576306,72.03840654582376,72.03186353179333,72.02648214988105,72.02231440629612,72.01941230724785,72.01782785526737,72.01759524134988,72.01868960007036,72.02107384246088,72.0247108795536,72.0295636223806,72.03559498197399,72.04276786936592,72.05104519558847,72.06038987167378,72.07076480865393,72.08213291756104,72.09445710942725,72.10770029528467,72.12182538616537,72.1367952931015,72.15257292712519,72.16912119926852,72.1864030205636,72.20438130204255,72.22301895473751,72.24227888968056,72.26212401790386,72.28251725043944,72.3034214983195,72.32479967257609,72.34661468424136,72.36882944434743,72.39140686392639,72.41430985401033,72.43750132563142,72.46094418982173,72.4846013576134,72.50843574003855,72.53241024812925,72.55648779291764,72.58063128543583,72.60480363671596,72.6289677577901,72.65308655969037,72.6771229534489,72.70103985009783,72.72480016066922,72.7483667961952,72.77170266770787,72.79477068623939,72.81753376282185,72.83995480848733,72.86199673426799,72.88362245119595,72.90479487030325,72.92547690262208,72.94563145918451,72.9652214510227,72.98420978916869,73.00255938465466,73.02023314851269,73.0371939917749,73.0534048254734,73.0688285606403,73.08342810830774,73.09716906084935,73.1100704582027,73.12220058305627,73.13362955670712,73.14442750045237,73.15466453558906,73.1644107834143,73.17373636522512,73.18271140231869,73.19140601599199,73.19989032754219,73.2082344582663,73.21650852946144,73.22478266242467,73.2331269784531,73.24161159884378,73.25030664489381,73.25928223790027,73.2686084991602,73.27835554997074,73.28859351162893,73.29939250543185,73.31082265267662,73.32295407466026,73.33585689267991,73.34960122803261,73.36425720201547,73.37989493592553,73.39658455105993,73.41439616871568,73.43339991018993,73.45366589677971,73.4752642497821,73.49826509049421,73.52273854021311,73.54875472023588,73.5763837518596,73.60569575638135,73.6367608550982,73.66964916930723,73.70443082030553,73.74117592939021,73.7799546178583,73.8208370070069,73.86389321813309,73.90919337253393,73.95680759150656,74.00680599634799,74.05925870835534,74.1142358488257,74.17180753905612,74.23204390034371,74.29501505398551,74.36079112127862,74.42944222352014,74.50103848200715,74.5756500180367,74.65334695290588,74.73419940791177,74.81827750435147,74.90565136352203
70.78570231182397,70.86251020179473,70.93608236944908,71.006488633794,71.07379881383653,71.13808272858364,71.19941019704234,71.25785103821966,71.31347507112258,71.3663521147581,71.41655198813325,71.46414451025503,71.50919950013042,71.55178677676645,71.5919761591701,71.6298374663484,71.66544051730835,71.69885513105696,71.73015112660121,71.75939832294812,71.7866665391047,71.81202559407794,71.83554530687486,71.85729549650246,71.87734598196774,71.8957665822777,71.91262711643935,71.92799740345971,71.94194726234578,71.95454651210454,71.96586497174302,71.97597246026821,71.98493879668712,71.99283380000675,71.99972728923412,72.00568908337623,72.01078900144007,72.01509686243266,72.01868248536098,72.02161568923208,72.02396629305292,72.02580411583054,72.02719897657192,72.02822069428407,72.028939087974,72.02942397664872,72.02974517931521,72.0299725149805,72.03017580265158,72.03042486133548,72.03078951003917,72.03133956776968,72.03214485353399,72.03327518633913,72.0348003851921,72.03679026909988,72.03931465706951,72.04244336810798,72.04624621766084,72.05077577447543,72.0560274236703,72.06198471445305,72.06863119603119,72.07595041761232,72.08392592840399,72.09254127761373,72.10178001444915,72.11162568811777,72.12206184782715,72.13307204278487,72.14463982219849,72.15674873527554,72.1693823312236,72.18252415925024,72.196157768563,72.21026670836945,72.22483452787714,72.23984477629362,72.25528100282648,72.27112675668326,72.28736558707152,72.30398104319882,72.32095667427272,72.33827602950078,72.35592265809055,72.3738801092496,72.39213193218549,72.41066167610578,72.42945289021802,72.44848912372977,72.4677539258486,72.48723084578207,72.50690343273772,72.52675523592312,72.54676980454583,72.56693068781341,72.58722143493343,72.60762559511342,72.62812671756097,72.64870835148362,72.66935404608894,72.69004735058448,72.7107718141778,72.73151098607647,72.75224841548804,72.77296765162008,72.79365224368013,72.81428574087576,72.83485169241453,72.855333647504,72.87571515535173,72.89597976516527,72.9161110261522,72.93609248752004,72.95590769847638,72.9755402082288,72.99497356598481,73.01419132095198,73.0331770223379,73.05191520987246,73.07041016750924,73.08868437011293,73.10676097175414,73.12466312650345,73.14241398843146,73.16003671160877,73.17755445010596,73.19499035799362,73.21236758934235,73.22970929822274,73.24703863870539,73.26437876486088,73.2817528307598,73.29918399047276,73.31669539807034,73.33431020762312,73.35205157320172,73.3699426488767,73.38800658871868,73.40626654679825,73.42474567718598,73.44346713395248,73.46245407116835,73.48172964290416,73.50131700323051,73.521239306218,73.54151970593722,73.56218135645875,73.58324741185321,73.60474102619115,73.6266853535432,73.64910354797993,73.67201876357194,73.69545415438984,73.71943287450418,73.74397807798559,73.76911291890465,73.79486055133195,73.82124412933807,73.84828680699363,73.8760117383692,73.90444207753539,73.93360097856277,73.96351159552195,73.99419708248351,74.02568059351806,74.05798528269617,74.09113430408844,74.12515081176548,74.16005795979785,74.19587890225617,74.23263679321101,74.270354786733,74.30905603689267,74.34876369776067,74.38950092340757,74.43129086790395,74.47415668532042,74.51812152972758,74.563208555196
73.61799195547214,73.51334508520226,73.41252221201827,73.31546069805428,73.22209790544436,73.1323711963226,73.04621793282307,72.96357547707989,72.88438119122712,72.80857243739885,72.7360865777292,72.66686097435222,72.60083298940201,72.53793998501266,72.47811932331825,72.42130836645289,72.36744447655065,72.3164650157456,72.26830734617187,72.2229088299635,72.18020682925462,72.14013870617929,72.1026418228716,72.06765354146566,72.03511122409554,72.00495223289532,71.9771139299991,71.95153367754098,71.92814883765502,71.9068967724753,71.88771484413596,71.87054041477104,71.85531084651464,71.84196350150086,71.83043574186377,71.82066492973746,71.81258842725603,71.80614359655355,71.80126779976413,71.79789839902185,71.79597275646078,71.79542823421502,71.79620219441867,71.7982319992058,71.8014550107105,71.80580859106685,71.81123010240897,71.81765690687091,71.82502636658678,71.83327584369066,71.84234270031664,71.85216429859881,71.86267800067124,71.87382116866804,71.88553116472329,71.89774535097108,71.91040108954549,71.92343574258061,71.9367866744344,71.95040201881675,71.96426561659801,71.97836869934383,71.99270249861986,72.00725824599174,72.0220271730251,72.03700051128556,72.05216949233879,72.06752534775042,72.0830593090861,72.09876260791144,72.11462647579211,72.13064214429373,72.14680084498195,72.1630938094224,72.17951226918073,72.19604745582258,72.21269060091359,72.22943293601938,72.2462656927056,72.2631801025379,72.28016739708191,72.29721880790328,72.31432556656763,72.33147890464062,72.34867005368787,72.36589024527504,72.38313071096775,72.40038268233165,72.41763739093238,72.43488606833557,72.45211994610688,72.46933025581193,72.48650822901637,72.50364509728583,72.52073209218595,72.53776044528239,72.55472138814075,72.57160615232671,72.58840596940588,72.60511207094393,72.62171568850647,72.63820805365916,72.6545803979676,72.6708239529975,72.68692995031444,72.70288962148408,72.71869419807206,72.73433491164401,72.74980299376558,72.7650896760024,72.78018618992013,72.79508376708439,72.80977363906082,72.82424703741508,72.83849519371277,72.85250933951957,72.8662807064011,72.879800525923,72.89306002965093,72.90605133249186,72.91878415712263,72.93128444875587,72.94357875831562,72.9556936367259,72.96765563491073,72.97949130379413,72.99122719430012,73.00288985735273,73.01450584387597,73.02610170479387,73.03770399103047,73.04933925350976,73.06103404315577,73.07281491089255,73.08470840764409,73.09674108433441,73.10893949188757,73.12133018122755,73.1339397032784,73.14679460896413,73.15992144920875,73.17334677493632,73.18709713707082,73.2011990865363,73.21567917425678,73.23056395115627,73.2458799681588,73.26165377618838,73.27791192616905,73.29468096902482,73.31198745567973,73.32985793705778,73.34831896408299,73.36739708767941,73.38711885877103,73.40751082828191,73.42859954713603,73.45041156625744,73.47297343657016,73.4963117089982,73.5204529344656,73.54542366389636,73.5712504482145,73.59795983834408,73.62557838520908,73.65413263973355,73.6836491528415,73.71415447545695,73.74567515850394,73.77823775290646,73.81186880958857,73.84659487947427,73.88244251348758,73.91943826255252,73.95760867759313,73.99698030953343,74.03757970929742,74.07943342780914,74.12256801599261,74.16701002477186
73.07310080957419,73.03126520397457,72.98988359312544,72.94896636543754,72.90852390932166,72.86856661318855,72.82910486544895,72.79014905451365,72.75170956879342,72.71379679669899,72.67642112664113,72.63959294703061,72.6033226462782,72.56762061279466,72.53249723499073,72.49796290127719,72.46402800006481,72.43070291976434,72.39799804878655,72.36592377554219,72.33449048844201,72.30370857589682,72.27358842631733,72.24414042811433,72.21537496969859,72.18730243948085,72.15993322587188,72.13327771728244,72.1073463021233,72.08214936880522,72.05769730573896,72.03400050133527,72.01106934400494,71.9889142221587,71.96754552420732,71.94697363856159,71.92720895363225,71.90826185783006,71.89014273956579,71.87286198725019,71.85642998929403,71.84085713410808,71.82615381010308,71.81233040568982,71.79939730927904,71.78736490928152,71.77624359410801,71.76604375216928,71.75677577187608,71.74845004163917,71.74107694986934,71.73466688497733,71.72923023537389,71.7247773894698,71.72131873567584,71.71886466240274,71.71742555806127,71.71701181106219,71.71763380824012,71.71929430368688,71.72197074416168,71.72563533829279,71.73026029470844,71.7358178220369,71.74228012890643,71.74961942394526,71.75780791578165,71.76681781304386,71.77662132436011,71.78719065835868,71.79849802366782,71.81051562891577,71.82321568273079,71.83657039374111,71.85055197057501,71.86513262186074,71.88028455622653,71.89597998230063,71.91219110871131,71.92889014408681,71.9460492970554,71.9636407762453,71.98163679028477,72.00000954780208,72.01873125742547,72.03777412778318,72.05711036750348,72.0767121852146,72.09655178954482,72.11660138912237,72.1368331925755,72.15721940853246,72.17773224562151,72.1983439124709,72.21902661770889,72.23975256996371,72.26049397786362,72.28122305003689,72.30191199511174,72.32253302171642,72.34305833847922,72.36346015402836,72.3837106769921,72.4037821159987,72.42364667967638,72.44327657665342,72.46264401555807,72.48172120501856,72.50048035366316,72.51889367012012,72.5369333630177,72.55457164098412,72.57178071264765,72.58853278663655,72.60480007157905,72.62055477610342,72.6357691088379,72.65041527841075,72.66446549345022,72.67789344897614,72.69070246846415,72.70292317292343,72.71458720258894,72.72572619769562,72.7363717984784,72.74655564517224,72.75630937801205,72.7656646372328,72.77465306306944,72.78330629575687,72.79165597553009,72.799733742624,72.80757123727356,72.8152000997137,72.82265197017938,72.82995848890553,72.8371512961271,72.84426203207903,72.85132233699626,72.85836385111374,72.8654182146664,72.87251706788919,72.87969205101705,72.88697480428492,72.89439696792776,72.90199018218048,72.90978608727806,72.91781632345541,72.92611253094749,72.93470634998924,72.94362942081561,72.95291338366152,72.96258987876195,72.9726905463518,72.98324702666604,72.99429095993959,73.00585398640742,73.01796774630446,73.03066387986564,73.04397402732593,73.05792982892025,73.07256292488354,73.08790495545077,73.10398756085685,73.12084238133674,73.1385010571254,73.15699522845772,73.17635653556869,73.19661661869324,73.2178071180663,73.23995967392283,73.26310592649777,73.28727751602604,73.3125060827426,73.33882326688241,73.36626070868039,73.39485004837148,73.42462292619064,73.45561098237279,73.48784585715289
72.5839857764629,72.57164891764648,72.55906487984991,72.5462513030321,72.53322582715194,72.52000609216836,72.50660973804024,72.49305440472652,72.4793577321861,72.4655373603779,72.4516109292608,72.43759607879373,72.4235104489356,72.40937167964532,72.39519741088179,72.38100528260392,72.36681293477064,72.35263800734083,72.33849814027342,72.3244109735273,72.3103941470614,72.29646530083463,72.28264207480589,72.26894210893408,72.25538304317813,72.24198251749694,72.2287581718494,72.21572764619447,72.20290858049101,72.19031861469794,72.17797538877419,72.16589654267865,72.15409971637024,72.14260254980786,72.13142268295043,72.12057775575686,72.11008540818604,72.0999632801969,72.09022901174835,72.08090024279927,72.07199461330862,72.06352976323527,72.05552333253813,72.04799296117612,72.04095628910815,72.03443095629315,72.02843460268998,72.0229848682576,72.01809939295488,72.01379581674075,72.01009177957413,72.00700492141391,72.004552882219,72.00275330194832,72.00162382056077,72.00118207801526,72.0014457142707,72.00243236928601,72.00415968148351,72.00663784824904,72.00985239526236,72.01378374163474,72.01841230647744,72.02371850890172,72.02968276801887,72.03628550294015,72.04350713277681,72.05132807664013,72.05972875364138,72.0686895828918,72.0781909835027,72.08821337458531,72.09873717525092,72.10974280461078,72.12121068177615,72.13312122585832,72.14545485596854,72.15819199121809,72.17131305071823,72.18479845358021,72.19862861891534,72.21278396583483,72.22724491344998,72.24199188087206,72.25700528721232,72.27226555158204,72.28775309309248,72.3034483308549,72.31933168398058,72.33538357158078,72.35158441276677,72.3679146266498,72.38435463234116,72.4008848489521,72.4174856955939,72.43413759137782,72.45082095541511,72.46751620681707,72.48420376469494,72.50086404816,72.5174774763235,72.53402446829672,72.55048544319094,72.56684082011739,72.58307101818737,72.59915645651213,72.61507755420295,72.63081473037109,72.64634840412779,72.66165899458436,72.67672692085203,72.6915326020421,72.70605645726582,72.72027890563444,72.73418036625925,72.74774125825151,72.7609420007225,72.77376301278345,72.78618471354565,72.79818927064888,72.80979370540106,72.82104715077962,72.83199993873616,72.84270240122235,72.85320487018983,72.86355767759022,72.8738111553752,72.8840156354964,72.89422144990544,72.90447893055402,72.91483840939374,72.92535021837625,72.9360646894532,72.94703215457625,72.95830294569703,72.96992739476717,72.98195583373834,72.99443859456218,73.00742600919033,73.02096840957442,73.03511612766611,73.04991949541706,73.06542884477888,73.08169450770323,73.09876681614176,73.11669610204612,73.13553269736795,73.15532693405888,73.17612914407056,73.19798965935465,73.22095881186277,73.24508693354659,73.27042435635774,73.29702141224786,73.32492843316861,73.35419575107163,73.38487369790855,73.41701260563103,73.45066280619072,73.48587463153925,73.52269841362826,73.56118448440941,73.60138317583434,73.64334481985469,73.6871197484221,73.73275829348825,73.78031078700472,73.82982756092322,73.88135894719535,73.93495527777277,73.99066688460714,74.04854409965007,74.10863725485324,74.17099668216827,74.23567271354682,74.30271568094052,74.37217591630102,74.44410375157997,74.51854951872902,74.5955635496998
73.73691502729989,73.64391374788326,73.55387415401304,73.46675361266422,73.38250949081174,73.30109915543059,73.22247997349572,73.14660931198208,73.07344453786466,73.0029430181184,72.9350621197183,72.86975920963928,72.80699165485635,72.74671682234442,72.6888920790785,72.63347479203355,72.58042232818451,72.52969205450637,72.48124133797408,72.4350275455626,72.39100804424692,72.34914020100196,72.30938138280273,72.27168895662417,72.23602028944126,72.20233274822894,72.17058369996218,72.14073051161597,72.11273055016525,72.086541182585,72.06211977585016,72.03942369693573,72.01841031281664,71.99903699046789,71.9812610968644,71.96503999898117,71.95033106379316,71.9370916582753,71.92527914940261,71.91485090415001,71.9057642894925,71.89797667240501,71.89144541986252,71.88612789883999,71.8819814763124,71.8789635192547,71.87703139464185,71.87614246944884,71.87625411065059,71.87732368522211,71.87930856013833,71.88216610237424,71.8858536789048,71.89032865670495,71.89554840274968,71.90147028401395,71.90805166747273,71.91524992010096,71.92302241015115,71.93133269239152,71.94016483377273,71.94950714687255,71.95934794426879,71.96967553853922,71.98047824226163,71.9917443680138,72.00346222837354,72.0156201359186,72.02820640322679,72.0412093428759,72.05461726744369,72.06841848950798,72.08260132164654,72.09715407643714,72.11206506645757,72.12732260428564,72.14291500249912,72.1588305736758,72.17505763039347,72.1915844852299,72.20839945076288,72.22549083957021,72.24284696422967,72.26045613731904,72.27830667141612,72.29638687909868,72.31468507294451,72.3331895655314,72.35188866943713,72.3707706972395,72.38982396151627,72.40903677484525,72.42839744980421,72.44789429897095,72.46751563492326,72.4872497702389,72.50708501749568,72.52700968927137,72.54701209814377,72.56708055669066,72.58720337748983,72.60736887311904,72.62756535615611,72.64778113917882,72.66800453476495,72.68822385549228,72.70842741393861,72.72860352268171,72.74874049429937,72.76882664136937,72.78885027646953,72.8087997121776,72.82866326107137,72.84842923572864,72.86808594872718,72.8876217126448,72.90702484005928,72.92628364354837,72.9453864356899,72.9643220885076,72.98309062554169,73.00170234453955,73.02016792686335,73.03849805387526,73.0567034069374,73.07479466741196,73.09278251666109,73.11067763604694,73.12849070693167,73.14623241067744,73.16391342864642,73.18154444220076,73.19913613270259,73.21669918151412,73.23424426999746,73.25178207951478,73.26932329142826,73.28687858710005,73.30445864789229,73.32207415516714,73.33973579028677,73.35745423461333,73.37524016950897,73.39310427633586,73.41105723645617,73.42910973123205,73.44727244202562,73.46555605019908,73.48397123711459,73.50252868413426,73.52123907262032,73.54011308393487,73.55916139944009,73.57839470049811,73.59782366847114,73.61745898472128,73.63731133061074,73.65739138750165,73.67770983675616,73.69827735973645,73.71910463780466,73.74020235232297,73.7615811846535,73.78325181615844,73.80522492819993,73.82751120214014,73.85012131934121,73.87306596116534,73.89635580897462,73.92000154413127,73.94401384799741,73.96840340193522,73.99318088730683,74.01835698547444,74.04394237780016,74.06994774564619,74.09638377037466,74.12326113334774,74.15059051592758,74.17838259947632
73.02577785936299,72.97901625920423,72.93316483758869,72.88822397121561,72.84419403678429,72.80107541099395,72.75886847054385,72.71757359213326,72.67719115246145,72.63772152822766,72.59916509613114,72.56152223287117,72.524793315147,72.48897871965787,72.45407882310306,72.42009400218181,72.3870246335934,72.35487109403707,72.32363376021208,72.29331300881769,72.26390921655317,72.23542276011776,72.20785401621072,72.18120336153132,72.15547117277879,72.13065782665242,72.10676369985146,72.08378916907516,72.06173461102277,72.04060040239357,72.02038691988679,72.00109454020172,71.98272364003759,71.96527459609368,71.94874778506922,71.9331435836635,71.91846236857575,71.90470451650525,71.89187040415123,71.87996040821298,71.86897490538973,71.85891427238077,71.84977888588533,71.84156912260266,71.83428535923206,71.82792797247274,71.82249733902398,71.81799383558504,71.81441783885518,71.81176972553365,71.81004987231971,71.80925865591261,71.80939645301163,71.810463640316,71.81246059452499,71.81538769233786,71.81924531045388,71.82403382557229,71.8297536133585,71.83640004307759,71.84395188463513,71.85238447218867,71.8616731398958,71.87179322191406,71.882720052401,71.89442896551418,71.90689529541116,71.92009437624951,71.93400154218676,71.94859212738051,71.96384146598827,71.97972489216762,71.99621774007613,72.01329534387135,72.03093303771081,72.04910615575211,72.06779003215277,72.08696000107038,72.10659139666248,72.12665955308663,72.14713980450038,72.1680074850613,72.18923792892694,72.21080647025487,72.23268844320262,72.25485918192778,72.27729402058789,72.29996829334051,72.3228573343432,72.34593647775351,72.36918105772901,72.39256640842724,72.41606786400578,72.43966075862217,72.46332042643397,72.48702220159875,72.51074141827405,72.53445341061745,72.55813351278647,72.5817570589387,72.6052993832317,72.628735819823,72.65204170287019,72.67519236653081,72.69816314496241,72.72092937232256,72.74346638276882,72.76574951045873,72.78775408954986,72.80945545419978,72.83082893856601,72.85184987680616,72.87249360307774,72.89273545153833,72.91255075634548,72.93191485165677,72.95080307162972,72.96919075042192,72.98705322219091,73.00436702543465,73.02113270494019,73.03737292316704,73.0531111683967,73.06837092891061,73.08317569299024,73.09754894891704,73.11151418497246,73.12509488943797,73.13831455059504,73.15119665672512,73.16376469610965,73.17604215703011,73.18805252776797,73.19981929660464,73.21136595182163,73.22271598170039,73.23389287452237,73.24492011856901,73.2558212021218,73.26661961346218,73.27733884087162,73.28800237263158,73.2986336970235,73.30925630232886,73.31989367682912,73.33056930880572,73.34130668654014,73.35212929831381,73.36306063240822,73.3741241771048,73.38534342068505,73.39674185143039,73.4083429576223,73.42017022754222,73.43224714947162,73.44459721169197,73.4572439024847,73.47021071013131,73.48352112291323,73.49719862911194,73.51126671700885,73.52574887488548,73.54066859102325,73.55604935370364,73.57191465120809,73.58828797181808,73.60519280381506,73.62265263548048,73.6406909550958,73.65933125094249,73.678597011302,73.69851172445581,73.71909887868534,73.74038196227208,73.76238446349748,73.785129870643,73.8086416719901,73.83294335582023,73.85805841041486,73.88401032405544
74.04623159539592,73.93018702979376,73.81820262742886,73.71021088060607,73.60614428163028,73.50593532280638,73.40951649643927,73.31682029483378,73.22777921029483,73.14232573512729,73.06039236163602,72.98191158212595,72.90681588890189,72.83503777426878,72.76650973053148,72.70116424999487,72.63893382496383,72.57975094774325,72.52354811063799,72.47025780595294,72.41981252599298,72.37214476306299,72.32718700946785,72.28487175751245,72.24513149950167,72.20789872774036,72.17310593453342,72.14068561218576,72.11057025300222,72.0826923492877,72.05698439334707,72.0333788774852,72.011808294007,71.99220513521733,71.97450189342108,71.95863106092312,71.94452513002832,71.9321165930416,71.92133794226781,71.91212167001183,71.90440026857856,71.89810623027284,71.89317204739962,71.88953021226371,71.88711321717001,71.88585355442342,71.8856837163288,71.88653619519104,71.88834348331503,71.89103807300563,71.89455245656774,71.89881912630622,71.90377057452596,71.90933929353184,71.91545777562874,71.92205851312156,71.92907399831513,71.93643672351438,71.94407918388313,71.95194771940766,71.96003457434969,71.96834149427286,71.97687022474081,71.98562251131712,71.99460009956543,72.00380473504937,72.01323816333255,72.0229021299786,72.03279838055113,72.04292866061378,72.05329471573015,72.06389829146389,72.07474113337858,72.08582498703787,72.09715159800538,72.10872271184472,72.12054007411952,72.1326054303934,72.14492052622998,72.1574871071929,72.17030691884575,72.18338170675217,72.19671321647579,72.21030319358019,72.22415338362904,72.23826553218595,72.25264138481451,72.26728268707838,72.28219118454118,72.2973686227665,72.31281674731797,72.32853730375923,72.34453203765389,72.36080269456559,72.37735102005792,72.39417875969453,72.41128765903902,72.42867946365502,72.44635591910615,72.46431877095603,72.4825697647683,72.50111064610655,72.51994316053442,72.53906905361553,72.5584900709135,72.57820795799196,72.59822446041451,72.61854132374481,72.63916029354642,72.66008311538303,72.6813115348182,72.7028472974156,72.72469214873882,72.74684783435151,72.76931609981727,72.79209869069973,72.8151973525625,72.83861383096921,72.86234987148347,72.8864064785852,72.91076988462635,72.93541271198,72.96030707485468,72.98542508745882,73.0107388640009,73.03622051868942,73.06184216573281,73.0875759193396,73.11339389371821,73.13926820307717,73.16517096162491,73.19107428356992,73.21695028312067,73.24277107448563,73.26850877187331,73.29413548949213,73.31962334155062,73.34494444225722,73.3700709058204,73.39497484644866,73.41962837835044,73.44400361573426,73.46807267280855,73.49180766378183,73.51518070286252,73.53816390425914,73.56072938218014,73.58284925083402,73.6044956244292,73.62564061717424,73.64625634327754,73.6663149169476,73.6857884523929,73.7046490638219,73.7228688654431,73.74041997146495,73.75727449609595,73.77340455354454,73.78878225801921,73.80337972372845,73.81716906488072,73.8301223956845,73.84221183034825,73.85340948308047,73.86368746808961,73.87301789958414,73.88137289177257,73.88872455886336,73.89504501506497,73.90030637458588,73.90448075163457,73.90754026041951,73.90945701514917,73.91020313003204,73.90975071927659,73.90807189709129,73.90513877768461,73.90092347526503,73.89539810404102,73.88853477822107
72.44184864297793,72.42053692283804,72.39939843018212,72.37844288568701,72.35768001002958,72.33711952388673,72.3167711479352,72.29664460285187,72.27674960931364,72.25709588799728,72.23769315957969,72.21855114473769,72.19967956414811,72.18108813848787,72.16278658843373,72.14478463466259,72.12709199785127,72.10971839867662,72.09267355781549,72.07596719594471,72.05960903374117,72.04360879188167,72.02797619104308,72.01272095190225,71.99785279513603,71.98338144142122,71.96931661143472,71.95566802585333,71.94244540535394,71.92965847061339,71.91731694230847,71.90543054111612,71.89400898771311,71.88306200277631,71.87259930698258,71.86263062100872,71.85316566553163,71.84421416122814,71.8357858287751,71.82789038884934,71.8205375621277,71.81373706928704,71.80749863100422,71.80183196795608,71.79674680081942,71.79225285027115,71.78835983698809,71.78507748164708,71.78241550492498,71.78038362749862,71.77899157004487,71.77824905324053,71.77816579776251,71.7787515242876,71.78001595349266,71.78196880605458,71.78461980265013,71.78797866395621,71.79205510956751,71.79685361859194,71.80236129463506,71.80856164490766,71.81543817662046,71.8229743969843,71.83115381320997,71.83995993250824,71.84937626208986,71.8593863091657,71.86997358094646,71.88112158464298,71.89281382746603,71.9050338166264,71.91776505933487,71.9309910628022,71.94469533423924,71.95886138085672,71.97347270986543,71.98851282847619,72.00396524389976,72.01981346334694,72.0360409940285,72.05263134315521,72.06956801793791,72.08683452558734,72.10441437331428,72.12229106832956,72.14044811784393,72.15886902906817,72.17753730921311,72.19643646548951,72.21555000510813,72.23486143527978,72.25435426321528,72.27401199612535,72.29381814122081,72.31375620571244,72.33380969681103,72.35396212172736,72.3741969876722,72.3944978018564,72.41484807149067,72.43523130378586,72.45563100595268,72.47603068520198,72.49641384874454,72.51676400379111,72.53706465755248,72.55729931723947,72.57745149006284,72.5975046832334,72.6174424039619,72.63724815945916,72.65690545693592,72.67639780360302,72.69570870667123,72.7148216733513,72.73372021085406,72.75238782639026,72.77080802717073,72.78896510837292,72.80685907182713,72.82450439034672,72.84191607705755,72.85910914508544,72.8760986075563,72.89289947759592,72.9095267683302,72.92599549288495,72.94232066438609,72.95851729595942,72.97460040073081,72.99058499182608,73.00648608237117,73.02231868549185,73.038097814314,73.05383848196345,73.06955570156612,73.08526448624781,73.10097984913438,73.11671680335166,73.13249036202558,73.14831553828193,73.16420734524658,73.18018079604536,73.19625090380418,73.21243268164883,73.22874114270522,73.24519130009915,73.26179816695651,73.27857675640317,73.29554208156492,73.31270915556766,73.33009299153724,73.34770860259951,73.36557100188031,73.38369520250552,73.40209621760098,73.42078906029252,73.43978874370603,73.45911028096734,73.47876868520231,73.49877896953683,73.51915614709668,73.53991523100777,73.56107123439591,73.58263917038701,73.60463405210686,73.62707089268136,73.64996470523636,73.6733305028977,73.69718329879123,73.72153810604283,73.74640993777831,73.77181380712355,73.7977647272044,73.82427771114672,73.85136777207637,73.87904992311917,73.90733917740098,73.9362505480477
72.21413331036824,72.20372654863284,72.19277505073129,72.18130715364086,72.16935119433884,72.15693550980254,72.14408843700924,72.13083831293626,72.11721347456088,72.10324225886042,72.08895300281213,72.07437404339335,72.05953371758135,72.04446036235343,72.02918231468689,72.01372791155903,71.99812548994714,71.98240338682854,71.96658993918048,71.95071348398028,71.93480235820525,71.91888489883267,71.90298944283984,71.88714432720406,71.8713778889026,71.8557184649128,71.84019439221193,71.82483400777728,71.80966564858616,71.79471765161585,71.78001835384367,71.76559609224692,71.75147920380286,71.73769602548882,71.72427489428206,71.71124414715992,71.69863212109965,71.6864671530786,71.67477758007401,71.66359173906322,71.6529379670235,71.64284460093215,71.63333997776648,71.62445243450378,71.61621030812134,71.60864193559645,71.60177565390643,71.59563980002855,71.59026271094012,71.58567272361843,71.58189817504079,71.57896740218447,71.5769087420268,71.57575053154504,71.57552110771651,71.57624880751851,71.57796196792832,71.58068892592324,71.58445801621721,71.58928661301469,71.59515574955222,71.60203893718514,71.60990968726881,71.61874151115856,71.62850792020974,71.6391824257777,71.65073853921778,71.66314977188533,71.6763896351357,71.69043164032423,71.70524929880628,71.72081612193718,71.73710562107226,71.75409130756691,71.77174669277643,71.79004528805619,71.80896060476155,71.82846615424783,71.84853544787039,71.86914199698457,71.89025931294572,71.91186090710917,71.9339202908303,71.95641097546442,71.9793064723669,72.00258029289307,72.02620594839829,72.05015695023789,72.07440680976724,72.09892903834165,72.1236971473165,72.14868464804712,72.17386505188887,72.19921187019708,72.2246986143271,72.25029879563427,72.27598592547395,72.30173351520146,72.32751507617219,72.35330411974145,72.3790741572646,72.40479870009698,72.43045125959394,72.45600534711082,72.48143447400297,72.50671215162573,72.53181189133447,72.55670720448451,72.5813716024312,72.6057785965299,72.62990169813594,72.65371441860466,72.67719026929144,72.7003027615516,72.72302540674048,72.74533171621344,72.76719520132582,72.78858937343297,72.80948774389023,72.82986497385515,72.84971864365664,72.86906744970388,72.8879308768308,72.90632840987139,72.92427953365963,72.94180373302945,72.95892049281485,72.97564929784978,72.99200963296823,73.00802098300416,73.02370283279151,73.03907466716427,73.05415597095642,73.0689662290019,73.0835249261347,73.09785154718877,73.1119655769981,73.12588650039663,73.13963380221834,73.15322696729721,73.16668548046721,73.18002882656228,73.1932764904164,73.20644795686354,73.21956271073766,73.23264023687275,73.24570002010276,73.25876154526166,73.27184429718342,73.284967760702,73.2981514206514,73.31141476186554,73.3247772691784,73.33825842742397,73.3518777214362,73.36565463604906,73.37960865609652,73.39375926641256,73.40812595183112,73.42272819718619,73.43758548731174,73.45271730704171,73.46814314121009,73.48388247465085,73.49995479219795,73.51637957868536,73.53317631894704,73.55036449781697,73.56796360012912,73.58599311071744,73.6044725144159,73.62342129605848,73.64285894047914,73.66280493251186,73.6832787569906,73.70429989874931,73.72588784262199,73.74806207344258,73.77084207604506,73.79424733526339
74.51809126734341,74.377719803448,74.24209964992514,74.11115397243782,73.98480593664905,73.86297870822187,73.74559545281923,73.63257933610421,73.52385352373977,73.41934118138894,73.31896547471473,73.22264956938014,73.13031663104817,73.04188982538187,72.95729231804424,72.87644727469825,72.79927786100697,72.72570724263335,72.65565858524045,72.58905505449124,72.52581981604877,72.465876035576,72.40914687873601,72.35555551119174,72.30502509860622,72.2574788066425,72.21283980096356,72.1710312472324,72.13197631111203,72.09559815826549,72.06181995435577,72.03056486504587,72.00175605599884,71.97531669287764,71.95116994134531,71.92923896706483,71.90944693569926,71.89171701291158,71.8759723643648,71.86213615572194,71.85013155264599,71.83988172079998,71.83130982584694,71.82433903344983,71.81889250927168,71.81489341897552,71.81226492822435,71.81093020268116,71.81081240800899,71.81183470987082,71.81392027392968,71.8169922658486,71.82097385129055,71.82578819591856,71.83135846539565,71.8376078253848,71.84445944154905,71.8518364795514,71.85966210782274,71.86787289866143,71.87644986659853,71.88538322485232,71.89466318664105,71.90427996518304,71.91422377369648,71.9244848253997,71.93505333351098,71.94591951124852,71.95707357183065,71.9685057284756,71.98020619440169,71.99216518282714,72.00437290697022,72.0168195800492,72.02949541528238,72.042390625888,72.05549542508436,72.06880002608969,72.08229464212229,72.0959694864004,72.1098147721423,72.12382071256627,72.13797752089059,72.15227541033349,72.16670459411324,72.18125528544815,72.19591769755647,72.21068204365645,72.22553853696638,72.24047739070451,72.25548881808913,72.27056303233852,72.2856902466709,72.30086067430457,72.31606452845782,72.33129202234886,72.34653336919601,72.36177878221753,72.37701847463165,72.39224265965669,72.4074415505109,72.42260536041255,72.43772430257991,72.45278859023122,72.46778843658478,72.48271405485886,72.49755565827172,72.51230346004164,72.52694767338684,72.54147851152567,72.55588618767632,72.57016091505713,72.5842929068863,72.59827237638214,72.61208953676291,72.6257346012469,72.63919778305234,72.65246929539751,72.66553935150068,72.67839921509986,72.69106109009238,72.70355647313613,72.71591758123543,72.72817663139452,72.74036584061767,72.75251742590913,72.76466360427315,72.776836592714,72.789068608236,72.80139186784331,72.81383858854025,72.8264409873311,72.83923128122007,72.85224168721146,72.86550442230953,72.87905170351851,72.89291574784272,72.90712877228637,72.92172299385373,72.93673062954906,72.95218389637665,72.96811501134076,72.98455619144562,73.00153965369552,73.01909761509472,73.03726229264745,73.05606590335802,73.07554066423066,73.09571879226962,73.11663250447921,73.13831401786365,73.1607955494272,73.18410931617416,73.20828753510878,73.23336242323529,73.25936619755797,73.28633107508111,73.31428927280894,73.34327300774572,73.37331449689574,73.40444595726322,73.43669960585248,73.47010765966772,73.50470233571323,73.5405158509933,73.57758042251214,73.61592826727403,73.65559160228327,73.69660264454407,73.73899361106072,73.78279671883746,73.82804418487859,73.87476822618834,73.92300105977097,73.97277490263076,74.02412197177199,74.07707448419887,74.13166465691569,74.18792470692671,74.24588685123621
72.62161386494188,72.6037930463665,72.58569702964833,72.56734960168721,72.54877454938303,72.52999565963565,72.51103671934493,72.49192151541075,72.472673834733,72.45331746421151,72.43387619074618,72.41437380123686,72.39483408258343,72.37528082168575,72.35573780544371,72.33622882075716,72.31677765452598,72.29740809365002,72.27814392502918,72.25900893556332,72.24002691215229,72.22122164169596,72.20261691109424,72.18423650724695,72.166104217054,72.14824382741523,72.13067912523051,72.11343389739974,72.09653193082276,72.07999701239945,72.06385292902968,72.04812346761332,72.03283241505024,72.0180035582403,72.00366068408337,71.98982757947932,71.97652803132804,71.96378582652939,71.95162475198322,71.94006859458942,71.92914114124785,71.91886617885838,71.90926749432089,71.90036887453525,71.8921941064013,71.88476697681894,71.87811127268803,71.87225078090843,71.86720928838004,71.86301058200269,71.85967844867628,71.85723667530065,71.8557090487757,71.85511935600128,71.85549138387726,71.85684891930353,71.85921574917994,71.86261566040636,71.86707243764202,71.87259901492753,71.87917234969308,71.88676195290256,71.8953373355199,71.90486800850906,71.91532348283391,71.92667326945842,71.9388868793465,71.95193382346207,71.96578361276907,71.9804057582314,71.99576977081301,72.01184516147781,72.02860144118974,72.04600812091269,72.06403471161063,72.08265072424746,72.1018256697871,72.12152905919349,72.14173040343054,72.1623992134622,72.18350500025237,72.20501727476498,72.22690554796397,72.24913933081325,72.27168813427674,72.29452146931838,72.3176088469021,72.3409197779918,72.36442377355142,72.38809034454489,72.41188900193612,72.43578925668905,72.4597606197676,72.48377260213569,72.50779471475724,72.5317964685962,72.55574737461646,72.57961694378197,72.60337468705666,72.62699011540442,72.65043273978922,72.67367207117495,72.69667762052555,72.71941889880495,72.74186541697706,72.76398668600582,72.78575221685514,72.80713152048897,72.8280941078712,72.84860948996577,72.86864717773662,72.88817668214766,72.90716751416281,72.92558918474602,72.94341120486118,72.96060308547223,72.9771343375431,72.99297447203773,73.00809299992001,73.02246161294214,73.03609547281957,73.04904979137343,73.06138127580161,73.07314663330202,73.08440257107257,73.09520579631118,73.10561301621573,73.11568093798417,73.12546626881438,73.13502571590426,73.14441598645176,73.15369378765476,73.16291582671117,73.17213881081891,73.18141944717588,73.19081444298,73.20038050542917,73.2101743417213,73.2202526590543,73.23067216462607,73.24148956563454,73.25276156927761,73.26454488275317,73.27689621325916,73.28987226799347,73.30352975415403,73.31792537893872,73.33311584954546,73.34915787317219,73.36610815701677,73.38402340827713,73.40296033415119,73.42297564183684,73.444126038532,73.46646823143459,73.4900589277425,73.51495483465365,73.54121265936594,73.56888910907729,73.5980408909856,73.62872471228879,73.66099728018476,73.69491530187142,73.73053548454669,73.76791453540847,73.80710916165467,73.84817607048318,73.89117196909194,73.93615356467886,73.98317756444183,74.03230067557877,74.08357960528757,74.13707106076617,74.19283174921246,74.25091837782435,74.31138765379976,74.37429628433658,74.43970097663275,74.50765843788614,74.57822537529469
73.3023252389362,73.27971267600047,73.25671955717227,73.23337336803108,73.20970159415636,73.18573172112757,73.16149123452418,73.13700761992567,73.11230836291148,73.0874209490611,73.06237286395398,73.0371915931696,73.0119046222874,72.98653943688687,72.96112352254748,72.93568436484867,72.91024944936993,72.88484626169071,72.85950228739048,72.83424501204871,72.80910192124487,72.78410050055841,72.75926823556881,72.73463261185553,72.71022111499803,72.68606123057579,72.66218044416826,72.63860624135492,72.61536610771522,72.59248752882864,72.56999799027464,72.54792497763269,72.52629597648226,72.50513847240279,72.48447995097378,72.46434789777467,72.44476979838494,72.42577313838406,72.40738540335147,72.38963407886666,72.3725466505091,72.35615060385823,72.34047342449354,72.32554259799447,72.31138560994052,72.29802994591113,72.28550309148578,72.27383253224392,72.26304575376503,72.25317024162857,72.244233481414,72.23626295870079,72.22928615906842,72.22333056809634,72.21842367136402,72.21459295445092,72.21186590293652,72.21027000240028,72.20983273596347,72.21056968274975,72.21245695265947,72.21546248622312,72.21955422397123,72.22470010643427,72.23086807414276,72.23802606762719,72.24614202741805,72.25518389404584,72.26511960804106,72.2759171099342,72.28754434025578,72.29996923953627,72.31315974830619,72.32708380709602,72.34170935643627,72.35700433685744,72.37293668889002,72.3894743530645,72.40658526991139,72.4242373799612,72.4423986237444,72.46103694179149,72.480120274633,72.49961656279939,72.51949374682117,72.53971976722885,72.56026256455291,72.58109007932387,72.6021702520722,72.62347102332842,72.64496033362302,72.66660612348649,72.68837633344934,72.71023890404207,72.73216177579516,72.75411288923912,72.77606018490445,72.79797160332163,72.81981508502119,72.84155857053359,72.86317000038936,72.88461731511899,72.90586845525296,72.92689136132178,72.94765397385595,72.96812423338596,72.98827008044232,73.00805945555551,73.02746029925605,73.04644055207443,73.06496815454113,73.08301104718667,73.10053717054153,73.11751446513622,73.13391087150124,73.14969433016708,73.16483278166424,73.17929416652322,73.19304642527452,73.20606004133286,73.21835618578763,73.23000272971512,73.24106928785947,73.25162547496474,73.26174090577504,73.27148519503444,73.28092795748707,73.29013880787697,73.29918736094828,73.30814323144509,73.31707603411145,73.3260553836915,73.33515089492931,73.34443218256898,73.35396886135459,73.36383054603024,73.37408685134004,73.38480739202807,73.3960617828384,73.40791963851515,73.42045057380241,73.43372420344429,73.44781014218484,73.46277800476817,73.47869740593838,73.49563796043957,73.5136692830158,73.5328609884112,73.55328269136986,73.57500400663585,73.59809454895327,73.62262393306622,73.64866177371879,73.67627768565507,73.70554128361916,73.73652218235513,73.7692899966071,73.80391434111917,73.8404648306354,73.8790110798999,73.91962270365676,73.96236931665007,74.00732053362393,74.05454596932243,74.10411523848965,74.15609795586971,74.2105637362067,74.26758219424467,74.32722294472777,74.38955560240005,74.45464978200562,74.52257509828857,74.593401165993,74.667197599863,74.74403401464265,74.82398002507605,74.9071052459073,74.9934792918805,75.08317177773972,75.17625231822906
73.74771276753958,73.69261957953282,73.63835594600542,73.58492765180057,73.53234048176145,73.48060022073125,73.4297126535532,73.37968356507048,73.33051874012628,73.28222396356381,73.23480502022628,73.18826769495683,73.14261777259875,73.09786103799519,73.05400327598934,73.01105027142441,72.96900780914359,72.9278816739901,72.88767765080709,72.84840152443783,72.81005907972545,72.7726561015132,72.73619837464426,72.70069168396182,72.66614181430907,72.63255455052925,72.59993567746551,72.56829097996106,72.53762624285912,72.50794725100289,72.47925978923553,72.45156964240027,72.4248825953403,72.39920443289884,72.37454093991903,72.35089790124414,72.32828110171732,72.3066963261818,72.28614935948073,72.26664598645735,72.24819199195485,72.23079316081643,72.21445527788526,72.19918412800459,72.18498549601759,72.17186516676745,72.15982892509737,72.14888255585058,72.13903184387024,72.13028257399955,72.12264053108174,72.11611149996,72.1107012654775,72.10641561247746,72.10326032580306,72.10124119029754,72.10036399080406,72.10063451216581,72.102058537608,72.10463401484313,72.10833291194174,72.1131218196883,72.11896732886731,72.1258360302632,72.13369451466045,72.1425093728435,72.15224719559689,72.16287457370504,72.17435809795239,72.18666435912348,72.19975994800271,72.2136114553746,72.22818547202357,72.24344858873414,72.25936739629074,72.27590848547786,72.29303844707994,72.31072387188146,72.32893135066689,72.34762747422073,72.3667788333274,72.38635201877139,72.40631362133715,72.42663023180918,72.44726844097192,72.46819483960988,72.48937601850747,72.51077856844918,72.5323690802195,72.55411414460286,72.57598035238377,72.59793429434666,72.61994256127605,72.64197174395633,72.66398843317202,72.6859592197076,72.70785069434751,72.72962944787622,72.7512620710782,72.77271515473794,72.79395528963985,72.81494906656846,72.83566307630824,72.85606390964358,72.87611815735903,72.89579241023904,72.91505325906806,72.93386729463057,72.952201107711,72.97002128909389,72.98729442956366,73.00398711990479,73.02006595090174,73.03549751333898,73.05024839800097,73.0642851956722,73.07757449713714,73.09008289318024,73.10177697458596,73.11262610603555,73.12265494469062,73.13193909023735,73.14055604443612,73.1485833090473,73.1560983858312,73.1631787765482,73.16990198295866,73.17634550682294,73.18258684990138,73.18870351395435,73.19477300074223,73.20087281202532,73.20708044956405,73.2134734151187,73.22012921044967,73.22712533731732,73.234539297482,73.24244859270405,73.25093072474385,73.26006319536174,73.2699235063181,73.28058915937325,73.2921376562876,73.30464649882143,73.31819318873517,73.33285522778914,73.34871011774374,73.36583536035926,73.38430845739609,73.40420691061459,73.4256082217751,73.44858989263801,73.47322942496365,73.49960432051239,73.52779208104457,73.55787020832057,73.58991620410072,73.62400757014541,73.66022180821497,73.69863642006976,73.73932890747014,73.78237677217649,73.82785751594912,73.87584864054841,73.92642764773476,73.97967203926845,74.03565931690989,74.09446698241939,74.15617253755738,74.22085348408416,74.28858732376008,74.35945155834554,74.43352368960086,74.51088121928643,74.59160164916258,74.67576248098968,74.76344121652807,74.85471535753811,74.9496624057802,75.04835986301464
72.9881944908926,72.93821665186132,72.88945927405598,72.84191159790518,72.79556286383766,72.750402312282,72.70641918366695,72.66360271842112,72.62194215697318,72.5814267397518,72.54204570718565,72.50378829970339,72.46664375773369,72.43060132170521,72.39565023204662,72.36177972918657,72.32897905355372,72.29723744557677,72.26654414568435,72.23688839430517,72.20825943186782,72.18064649880102,72.15403883553344,72.12842568249371,72.10379628011052,72.0801398688125,72.05744568902836,72.03570298118674,72.01490098571631,71.99502894304572,71.97607609360367,71.95803167781878,71.94088493611974,71.92462510893523,71.90924143669386,71.89472315982437,71.88105951875536,71.86823975391553,71.85625310573351,71.84508881463802,71.83473612105769,71.82518426542117,71.81642248815714,71.80844002969428,71.80122613046123,71.7947700308867,71.78906097139927,71.78408819242767,71.77984093440057,71.7763084377466,71.77347994289443,71.77134469027274,71.76989192031019,71.76911087343544,71.76899079007714,71.769520910664,71.77069047562463,71.77248872538775,71.77490490048478,71.77792873931918,71.78155163105237,71.78576530652094,71.79056149656151,71.79593193201057,71.80186834370477,71.80836246248069,71.81540601917487,71.82299074462392,71.8311083696644,71.83975062513295,71.84890924186607,71.85857595070038,71.86874248247244,71.87940056801887,71.89054193817623,71.9021583237811,71.91424145567004,71.92678306467965,71.93977488164651,71.95320863740722,71.96707606279833,71.98136888865642,71.99607884581809,72.01119766511991,72.02671707739847,72.04262881349035,72.05892460423212,72.07559618046037,72.09263527301167,72.11003361272259,72.12778293042976,72.14587495696969,72.16430142317904,72.18305405989432,72.20212459795215,72.2215047681891,72.24118630144176,72.26116092854667,72.28142038034048,72.30195638765971,72.32276068134098,72.34382499222085,72.36514105113588,72.38670058892271,72.40849533641784,72.43051702445794,72.45275738387954,72.47520814551922,72.49786104021356,72.52070779879915,72.54374015211258,72.56694983099041,72.59032856626925,72.61386808878564,72.6375601293762,72.66139641887747,72.68536868812606,72.70946866795856,72.73368808921154,72.75801824070606,72.78244160050568,72.80693252907383,72.83146508378198,72.85601332200153,72.88055130110385,72.90505307846036,72.92949271144246,72.95384425742157,72.9780817737691,73.00217931785645,73.026110947055,73.0498507187362,73.07337269027141,73.0966509190321,73.11965946238959,73.14237237771536,73.16476372238077,73.18680755375723,73.20847792921617,73.22974890612898,73.25059454186706,73.27098889380181,73.29090601930469,73.31031997574703,73.32920482050028,73.34753461093584,73.3652834044251,73.38242525833948,73.39893423005037,73.41478437692922,73.42994975634738,73.44440442567628,73.45812244228733,73.47107786355193,73.48324474684148,73.49459714952738,73.50510912898108,73.51475474257393,73.52350804767735,73.53134310166277,73.53823396190157,73.54415468576516,73.54907933062495,73.55298195385234,73.55583661281875,73.55761736489558,73.55829826745423,73.55785337786611,73.55625675350262,73.55348245173516,73.54950452993518,73.54429704547402,73.53783405572312,73.53008961805389,73.52103778983772,73.510652628446,73.4989081912502,73.48577853562165,73.4712377189318,73.45525979855205
72.62759558134053,72.61110918194986,72.59434875565825,72.57733416501208,72.56008527255777,72.54262194084173,72.52496403241035,72.50713140981004,72.48914393558722,72.47102147228827,72.4527838824596,72.43445102864763,72.41604277339876,72.39757897925936,72.37907950877589,72.36056422449471,72.34205298896225,72.3235656647249,72.30512211432907,72.28674220032116,72.26844578524756,72.25025273165471,72.23218290208901,72.21425615909683,72.1964923652246,72.17891138301871,72.16153307502559,72.14437730379161,72.1274639318632,72.11081282178675,72.09444383610868,72.07837683737537,72.06263168813325,72.04722825092871,72.03218638830815,72.01752596281798,72.00326683700462,71.98942887341444,71.97603193459388,71.96309588308932,71.95064058144717,71.93868589221384,71.92725167793573,71.91635780115925,71.90602412443079,71.89627051029677,71.88711682130358,71.87858291999764,71.87068866892534,71.8634539306331,71.85689856766732,71.85104244257438,71.84590541790071,71.84150735619271,71.83786811999677,71.83500757185932,71.83294557432674,71.83170198994546,71.83129667968788,71.83174188238456,71.83302456468199,71.83512646237075,71.83802931124144,71.84171484708466,71.846164805691,71.85136092285104,71.85728493435538,71.86391857599462,71.87124358355935,71.87924169284014,71.88789463962762,71.89718415971235,71.90709198888494,71.91759986293597,71.92868951765605,71.94034268883577,71.95254111226572,71.96526652373647,71.97850065903864,71.99222525396281,72.00642204429958,72.02107276583955,72.03615915437328,72.0516629456914,72.06756587558448,72.08384967984311,72.1004960942579,72.11748685461944,72.13480369671831,72.15242835634511,72.17034256929044,72.18852807134488,72.20696659829902,72.22563988594345,72.24452967006879,72.26361768646561,72.2828856709245,72.30231535923606,72.32188848719089,72.34158679057957,72.3613920051927,72.38128586682086,72.40125011125467,72.42126647428469,72.44131669170153,72.46138249929578,72.48144563285803,72.50148782817888,72.52149082104891,72.54143634725872,72.56130614259891,72.58108194286005,72.60074548383277,72.62027850130762,72.63966273107522,72.65887990892617,72.67791177065102,72.69674005204041,72.7153464888849,72.73371327907618,72.75183183163277,72.7697020420446,72.78732412266656,72.80469828585348,72.82182474396024,72.83870370934167,72.85533539435266,72.87172001134806,72.88785777268271,72.90374889071147,72.91939357778921,72.93479204627077,72.94994450851104,72.96485117686484,72.97951226368704,72.99392798133252,73.0080985421561,73.02202415851266,73.03570504275707,73.04914140724416,73.0623334643288,73.07528142636583,73.08798550571015,73.10044591471657,73.11266286573998,73.12463657113523,73.13636724325717,73.14785509446065,73.15910033710054,73.17010318353171,73.18086384610899,73.19138253718725,73.20165946912135,73.21169485426614,73.2214889049765,73.23104183360725,73.24035385251328,73.24942517404943,73.25825601057056,73.26684657443154,73.2751970779872,73.28330773359244,73.29117875360207,73.29881035037097,73.30620273625401,73.31335612360603,73.32027072478189,73.32694675213645,73.33338441802456,73.3395839348011,73.3455455148209,73.35126937043883,73.35675571400975,73.36200475788851,73.36701671442997,73.371791795989,73.37633021492043,73.38063218357914,73.38469791431999,73.38852761949782
72.95333196191851,72.9230566001728,72.89264240247107,72.86211216378241,72.83148867907593,72.8007947433207,72.77005315148581,72.73928669854035,72.70851817945342,72.67777038919411,72.64706612273152,72.6164281750347,72.58587934107278,72.55544241581484,72.52514019422996,72.49499547128725,72.46503104195578,72.43526970120466,72.40573424400296,72.37644746531979,72.34743216012421,72.31871112338536,72.29030715007228,72.26224303515409,72.23454157359987,72.20722556037872,72.18031779045971,72.15384105881195,72.12781816040452,72.10227189020651,72.07722504318703,72.05270041431514,72.02872079855995,72.00530899089054,71.98248778627601,71.96027997968545,71.93870836608795,71.91779574045259,71.89756489774847,71.87803863294468,71.8592397410103,71.84119101691444,71.82391525562618,71.80743525211459,71.7917738013488,71.77695369829787,71.7629977379309,71.74992871521698,71.73776942512521,71.72654266262467,71.71627122268444,71.70697790027364,71.69868549036133,71.69141678791662,71.6851945879086,71.68004168530634,71.67598087507895,71.67303495219551,71.67122670955662,71.67056892309336,71.67104115619625,71.67261609789892,71.67526643723495,71.67896486323797,71.68368406494156,71.68939673137932,71.69607555158485,71.70369321459177,71.71222240943366,71.72163582514415,71.73190615075681,71.74300607530527,71.75490828782311,71.76758547734396,71.78101033290139,71.795155543529,71.80999379826044,71.82549778612926,71.84164019616908,71.8583937174135,71.87573103889615,71.89362484965059,71.91204783871044,71.9309726951093,71.95037210788077,71.97021876605847,71.99048535867597,72.0111445747669,72.03216910336485,72.05353163350343,72.07520485421621,72.09716145453685,72.1193741234989,72.14181555013597,72.1644584234817,72.18727543256965,72.21023926643345,72.23332261410667,72.25649816462294,72.27973860701586,72.30301663031902,72.32630492356603,72.34957617579047,72.37280307602599,72.39595831330614,72.41901457666455,72.44194455513482,72.46472093775056,72.48731641354536,72.5097036715528,72.53185540080652,72.5537442903401,72.57534302918717,72.59662430638129,72.61756081095609,72.63812523194517,72.65829025838211,72.67802857930054,72.69731288373406,72.71611711777817,72.73444028472319,72.75230447376104,72.76973263605697,72.78674772277618,72.80337268508393,72.81963047414544,72.83554404112594,72.85113633719068,72.86643031350489,72.8814489212338,72.89621511154265,72.91075183559664,72.92508204456105,72.9392286896011,72.953214721882,72.96706309256902,72.98079675282736,72.99443865382229,73.00801174671899,73.02153898268276,73.03504331287877,73.0485476884723,73.06207506062857,73.0756483805128,73.08929059929024,73.10302466812612,73.11687353818567,73.13086016063413,73.14500748663673,73.1593384673587,73.17387605396527,73.18864319762169,73.20366284949317,73.21895796074497,73.23455148254232,73.25046636605043,73.26672556243454,73.28335202285992,73.30036869849175,73.31779854049532,73.3356645000358,73.35398952827848,73.37279657638857,73.3921085955313,73.4119485368719,73.43233935157562,73.45330399080768,73.47486540573333,73.49704654751778,73.51987036732629,73.54335981632408,73.56753784567638,73.59242740654842,73.61805145010545,73.6444329275127,73.6715947899354,73.69955998853877,73.72835147448806,73.7579921989485,73.78850511308532
73.18263750881714,73.11825151716654,73.05553756686254,72.99448137420308,72.9350686554861,72.8772851270096,72.8211165050715,72.76654850596977,72.71356684600235,72.6621572414672,72.61230540866228,72.56399706388554,72.51721792343494,72.47195370360842,72.42819012070395,72.38591289101947,72.34510773085296,72.30576035650235,72.26785648426561,72.23138183044068,72.19632211132551,72.16266304321809,72.13039034241633,72.09948972521822,72.0699469079217,72.04174760682471,72.01487753822524,71.98932241842121,71.9650679637106,71.94209989039133,71.9204039147614,71.89996575311874,71.88077112176128,71.86280573698703,71.8460553150939,71.83050557237986,71.81614222514287,71.80295098968088,71.79091758229184,71.7800277192737,71.77026711692444,71.76162149154199,71.7540765594243,71.74761803686935,71.74223164017508,71.73790308563943,71.73461808956039,71.73236236823588,71.73112163796388,71.73088161504232,71.73162801576918,71.7333465564424,71.73602295335992,71.73964292281973,71.74419218111976,71.74965644455797,71.75602142943232,71.76327285204076,71.77139642826242,71.78037584583515,71.79018806793549,71.80080866588513,71.81221321100578,71.82437727461915,71.83727642804696,71.85088624261091,71.86518228963271,71.88014014043407,71.8957353663367,71.91194353866231,71.92874022873261,71.9461010078693,71.96400144739411,71.98241711862873,72.00132359289488,72.02069644151425,72.04051123580858,72.06074354709955,72.08136894670889,72.1023630059583,72.1237012961695,72.14535938866418,72.16731285476406,72.18953726579085,72.21200819306625,72.234701207912,72.25759188164977,72.28065578560128,72.30386849108827,72.3272055694324,72.3506425919554,72.374155129979,72.3977187548249,72.42130903781478,72.44490155027037,72.4684718635134,72.49199554886555,72.51544817764854,72.53880532118407,72.56204255079386,72.58513543779962,72.60805955352305,72.63079046928587,72.65330375640977,72.67557498621649,72.69757973002771,72.71929355916517,72.74069204495055,72.76175075870557,72.78244527175194,72.80275115541137,72.82264398100557,72.84209931985623,72.8610927432851,72.87959982261386,72.89759612916421,72.9150572342579,72.93195870921659,72.94827612536203,72.96398685689849,72.97910421514636,72.99367462130657,73.00774573282517,73.02136520714822,73.03458070172177,73.04743987399188,73.0599903814046,73.07227988140602,73.08435603144216,73.09626648895907,73.10805891140285,73.11978095621951,73.13148028085514,73.1432045427558,73.1550013993675,73.16691850813636,73.17900352650838,73.19130411192965,73.20386792184622,73.21674261370416,73.2299758449495,73.2436152730283,73.25770855538663,73.27230334947053,73.28744731272609,73.30318810259934,73.31957337653633,73.33665079198313,73.3544680063858,73.3730726771904,73.39251246184297,73.41283501778958,73.43408800247627,73.45631907334912,73.47957588785417,73.50390610343749,73.52935737754511,73.55597736762313,73.58381373111756,73.61291412547449,73.64332620813997,73.67509763656004,73.70827606818078,73.74290916044822,73.77904457080845,73.81672995670749,73.85601297559143,73.8969412849063,73.93956254209819,73.98392440461312,74.03007452989716,74.07806057539638,74.12793019855683,74.17973105682454,74.2335108076456,74.28931710846605,74.34719761673196,74.40719998988938,74.46937188538436,74.53376096066297
72.93595919704991,72.89669819392466,72.85814388808268,72.82029552472422,72.78315234904953,72.7467136062589,72.71097854155255,72.67594640013078,72.64161642719385,72.60798786794199,72.57505996757548,72.54283197129459,72.51130312429956,72.48047267179066,72.45033985896816,72.42090393103231,72.39216413318339,72.36411971062162,72.33676990854731,72.31011397216068,72.28415114666203,72.25888067725158,72.23430180912962,72.21041378749639,72.18721585755218,72.16470726449722,72.14288725353178,72.12175506985615,72.10130995867054,72.08155116517526,72.06247793457054,72.04408951205664,72.02638514283385,72.0093640721024,71.99302554506257,71.97736880691461,71.96239310285878,71.94809767809535,71.93448177782459,71.92154464724673,71.90928553156206,71.89770367597082,71.8867983256733,71.87656872586972,71.86701412176038,71.85813375854552,71.8499268814254,71.84239273560028,71.83553056627045,71.82933961863613,71.8238191378976,71.81896836925513,71.81478655790897,71.81127294905937,71.80842678790663,71.80624731965096,71.80473378949266,71.80388544263197,71.80370152391626,71.80417956926364,71.80531144841919,71.80708785833917,71.80949949597986,71.81253705829751,71.81619124224841,71.8204527447888,71.82531226287496,71.83076049346317,71.8367881335097,71.84338587997078,71.85054442980272,71.85825447996179,71.86650672740421,71.8752918690863,71.8846006019643,71.89442362299448,71.9047516291331,71.91557531733646,71.9268853845608,71.9386725277624,71.95092744389753,71.96364082992244,71.97680338279342,71.99040579946671,72.00443877689861,72.01889301204537,72.03375920186326,72.04902804330855,72.06469023333752,72.08073646890641,72.09715744697151,72.11394386448907,72.13108641841538,72.1485758057067,72.16640272331928,72.18455786820941,72.20303193733335,72.22181562764737,72.24089963610774,72.26027465967071,72.27993139529258,72.2998605399296,72.32005279053803,72.34049884407415,72.36118939749421,72.3821151477545,72.40326679181129,72.42463502662082,72.4462105491394,72.46798405632325,72.48994624512868,72.51208781251192,72.53439945542927,72.55687187083699,72.57949575569133,72.60226180694858,72.625160721565,72.64818319649684,72.6713199287004,72.69456151628268,72.71789658697443,72.74131195314312,72.76479435937479,72.78833055025548,72.81190727037121,72.83551126430805,72.85912927665206,72.88274805198924,72.90635433490564,72.92993486998735,72.95347640182037,72.97696567499075,73.00038943408455,73.0237344236878,73.04698738838655,73.07013507276685,73.09316422141471,73.11606157891622,73.1388138898574,73.1614078988243,73.18383035040296,73.20606798917942,73.22810755973973,73.24993580666992,73.27153947455606,73.29290530798419,73.31402005154033,73.33487044981054,73.35544324738086,73.37572518883734,73.39570301876601,73.41536348175292,73.43469332238412,73.45367928524566,73.47230811492356,73.4905665560039,73.50844135307268,73.52591925071597,73.54298699351982,73.55963132607025,73.57583899295332,73.59159673875507,73.60689130806155,73.6217094454588,73.63603789553287,73.64986340286977,73.66317271205558,73.67595256767635,73.68818971431809,73.69987089656686,73.71098285900871,73.72151234622969,73.73144610281581,73.74077087335316,73.74947340242774,73.75754043462562,73.76495871453284,73.77171498673545,73.77779599581946,73.78318848637096
72.70361605297572,72.64639178029,72.59117117095238,72.53792258024265,72.48661436344074,72.4372148758265,72.38969247267977,72.34401550928047,72.30015234090843,72.25807132284353,72.21774081036565,72.17912915875465,72.14220472329038,72.10693585925276,72.0732909219216,72.04123826657678,72.01074624849824,71.98178322296576,71.95431754525924,71.92831757065855,71.90375165444357,71.88058815189416,71.85879541829019,71.83834180891151,71.81919567903802,71.80132538394957,71.78469927892604,71.7692857192473,71.7550530601932,71.74196965704363,71.73000386507843,71.71912403957751,71.70929853582072,71.70049570908793,71.692683914659,71.68583150781379,71.67990684383219,71.67487827799408,71.67071416557931,71.66738286186774,71.66485272213924,71.6630921016737,71.66206935575099,71.66175283965094,71.66211090865349,71.66311191803842,71.66472422308567,71.66691617907506,71.66965614128651,71.67291246499985,71.67665350549495,71.6808476180517,71.68546315794995,71.69046848046958,71.69583194089046,71.70152189449246,71.70750669655541,71.71375470235924,71.72023426879502,71.7269215553062,71.73381859169419,71.74093276242678,71.74827145197179,71.75584204479702,71.76365192537025,71.77170847815927,71.78001908763193,71.78859113825595,71.79743201449921,71.80654910082947,71.81594978171455,71.82564144162222,71.8356314650203,71.84592723637655,71.85653614015885,71.86746556083494,71.87872288287261,71.89031549073971,71.902250768904,71.91453610183328,71.92717887399536,71.94018646985805,71.95356627388915,71.96732567055642,71.98147204432772,71.99601277967079,72.01095526105348,72.02630687294354,72.04207499980882,72.05826702611708,72.07489033633613,72.09195231493379,72.10946034637783,72.12742181513607,72.1458441056763,72.16473460246632,72.18410068997395,72.20394975266694,72.22428917501315,72.24512634148033,72.2664686365363,72.28832344464885,72.31069815028582,72.33360013791494,72.35703679200407,72.381015497021,72.40554363743348,72.43062859770936,72.45627776231643,72.48249851572248,72.50929824239532,72.53668432680274,72.56466415341254,72.59324510669254,72.62243457111049,72.65223993113423,72.68266857123157,72.71372787587029,72.74542522951816,72.77776596496182,72.8107145185331,72.84419764750461,72.87814070230132,72.91246903334829,72.94710799107051,72.98198292589299,73.01701918824077,73.05214212853886,73.08727709721225,73.122349444686,73.15728452138512,73.19200767773461,73.22644426415948,73.26051963108478,73.29415912893549,73.32728810813668,73.3598319191133,73.39171591229044,73.42286543809305,73.45320584694619,73.48266248927487,73.5111607155041,73.53862587605892,73.56498332136431,73.59015840184529,73.6140764679269,73.63666287003417,73.65784295859208,73.67754208402567,73.69568559675997,73.71219884721998,73.7270071858307,73.74003596301719,73.75121052920443,73.76045623481747,73.76769843028129,73.77286246602094,73.7758736924614,73.77665746002774,73.77513911914494,73.77124402023804,73.76489751373202,73.75602495005194,73.74455167962282,73.73040305286963,73.71350442021742,73.6937811320912,73.67115853891599,73.64556199111684,73.61691683911869,73.58514843334663,73.55018212422567,73.51194326218078,73.47035719763701,73.42534928101938,73.37684486275288,73.32476929326256,73.26904792297344,73.20960610231052,73.14636918169884
73.13062160308236,73.10681636342389,73.08224848612959,73.05695934104757,73.03099029802598,73.00438272691291,72.97717799755647,72.9494174798048,72.92114254350598,72.89239455850814,72.86321489465941,72.83364492180789,72.8037260098017,72.77349952848894,72.74300684771775,72.71228933733623,72.68138836719248,72.65034530713466,72.61920152701083,72.58799839666914,72.5567772859577,72.52557956472461,72.494446602818,72.46341977008599,72.43254043637667,72.40184997153817,72.37138974541861,72.3412011278661,72.31132548872876,72.28180419785468,72.252678625092,72.22399014028885,72.1957801132933,72.1680899139535,72.14096091211754,72.11443447763355,72.08855198034964,72.06335479011393,72.03888427677454,72.01518181017957,71.99228876017713,71.97024649661536,71.94909638934236,71.92887980820625,71.90963812305513,71.89141270373713,71.87424492010035,71.85817614199293,71.84324773926296,71.82950108175858,71.81697753932787,71.80571848181897,71.79576527907999,71.78715930095905,71.77994191730424,71.7741544979637,71.76983841278555,71.7670350316179,71.76578572063647,71.76611406224828,71.76798467450541,71.77134997097299,71.77616236521611,71.78237427079986,71.78993810128934,71.79880627024964,71.80893119124588,71.8202652778431,71.83276094360644,71.846370602101,71.86104666689184,71.87674155154409,71.89340766962282,71.91099743469313,71.92946326032012,71.94875756006888,71.96883274750452,71.98964123619213,72.01113543969679,72.03326777158361,72.05599064541767,72.07925647476408,72.10301767318794,72.12722665425433,72.15183583152835,72.17679761857508,72.20206442895964,72.22758867624712,72.25332277400263,72.27921913579122,72.30523017517801,72.33130830572811,72.3574059410066,72.38347549457858,72.40946938000913,72.43534001086336,72.46103980070636,72.48652116310323,72.51173651161906,72.53663825981896,72.561178821268,72.58531060953129,72.60898603817392,72.632157520761,72.6547774708576,72.67679830202883,72.6981724278398,72.71885226185556,72.73879021764125,72.75793870876194,72.77625014878275,72.79367695126874,72.81017152978504,72.82568629789672,72.84017366916888,72.85358605716662,72.86587587545505,72.87699553759924,72.8868974571643,72.8955375955853,72.90294263449618,72.90920441204858,72.91441719918534,72.91867526684928,72.92207288598328,72.92470432753018,72.92666386243283,72.92804576163408,72.92894429607678,72.92945373670376,72.9296683544579,72.92968242028202,72.929590205119,72.92948597991166,72.92946401560286,72.92961858313546,72.9300439534523,72.93083439749623,72.93208418621009,72.93388759053674,72.93633888141903,72.9395323297998,72.9435622066219,72.94852278282819,72.95450832936152,72.96161311716473,72.96993141718066,72.97955750035219,72.99058563762213,73.00311009993335,73.01722515822871,73.03302508345104,73.0506041465432,73.07005661844802,73.09147677010839,73.11495887246711,73.14059719646707,73.16848601305108,73.19871959316202,73.23139220774274,73.26659812773607,73.30443162408488,73.344986967732,73.38835842962028,73.43464028069258,73.48392679189175,73.53631223416063,73.59189087844207,73.65075699567892,73.71300485681404,73.77872873279027,73.84802289455045,73.92098161303744,73.9976991591941,74.07826980396325,74.16278781828777,74.25134747311048,74.34404303937427,74.44096878802195,74.54221898999637
72.18314684530961,72.18476889549132,72.18557472613821,72.18559367387209,72.18485507531469,72.18338826708776,72.18122258581312,72.17838736811245,72.17491195060757,72.17082566992022,72.16615786267215,72.16093786548512,72.15519501498093,72.14895864778128,72.142258100508,72.13512270978279,72.12758181222745,72.1196647444637,72.11140084311336,72.10281944479812,72.0939498861398,72.08482150376014,72.07546363428088,72.06590561432381,72.0561767805107,72.04630646946327,72.03632401780331,72.02625876215257,72.01614003913281,72.0059971853658,71.99585953747328,71.98575643207704,71.97571720579882,71.9657711952604,71.9559477370835,71.94627616788992,71.93678582430141,71.92750604293974,71.91846616042665,71.90969551338392,71.9012234384333,71.89307927219656,71.88529235129542,71.87789201235171,71.87090759198713,71.86436842682349,71.85830385348248,71.85274320858596,71.84771582875561,71.84325105061322,71.83937821078055,71.83612664587938,71.83352569253142,71.83160468735846,71.83039296698229,71.8299198680246,71.83021472710723,71.83130688085188,71.83322566382535,71.83599045894016,71.83958765312966,71.84399680379423,71.8491974683343,71.85516920415029,71.86189156864256,71.86934411921158,71.87750641325772,71.88635800818139,71.895878461383,71.906047330263,71.91684417222172,71.92824854465962,71.94024000497708,71.95279811057455,71.96590241885241,71.97953248721106,71.99366787305092,72.0082881337724,72.02337282677587,72.0389015094618,72.05485373923057,72.07120907348258,72.08794706961825,72.10504728503798,72.1224892771422,72.14025260333125,72.15831682100563,72.1766614875657,72.19526616041185,72.21411039694453,72.23317375456412,72.25243579067103,72.27187606266568,72.2914741279485,72.31120954391983,72.33106186798014,72.35101065752983,72.37103546996926,72.39111586269888,72.4112313931191,72.43136161863032,72.45148609663295,72.47158438452738,72.49163603971402,72.51162061959332,72.53151768156562,72.55130678303141,72.57096748139102,72.59047933404489,72.60982189839345,72.62897473183708,72.64791739177619,72.66662943561121,72.68509042074251,72.70327990457054,72.72117744449565,72.73876259791831,72.7560149222389,72.77291397485783,72.7894405402798,72.80559986305391,72.82141972345957,72.83692874320732,72.85215554400773,72.86712874757137,72.88187697560878,72.8964288498305,72.91081299194713,72.92505802366921,72.93919256670728,72.95324524277194,72.96724467357373,72.98121948082323,72.99519828623096,73.00920971150751,73.02328237836343,73.03744490850926,73.0517259236556,73.06615404551297,73.08075789579195,73.0955660962031,73.11060726845699,73.12591003426415,73.14150301533516,73.15741483338059,73.17367411011097,73.19030946723686,73.20734952646885,73.22482290951748,73.24275823809332,73.26118413390691,73.28012921866883,73.29962211408964,73.31969144187988,73.34036582375012,73.36167388141092,73.38364423657286,73.40630551094647,73.4296863262423,73.45381530417094,73.47872106644294,73.50443223476886,73.53097743085924,73.55838527642469,73.5866843931757,73.61590340282287,73.64607092707676,73.67721558764795,73.70936600624695,73.74255080458433,73.77679860437068,73.81213802731655,73.84859769513248,73.88620622952904,73.9249922522168,73.96498438490632,74.00621124930812,74.04870146713283,74.09248366009093,74.13758644989305
72.57509855596632,72.5759423178396,72.57550166021436,72.57382277529487,72.5709518552854,72.56693509239022,72.5618186788136,72.5556488067598,72.5484716684331,72.54033345603776,72.53128036177804,72.52135857785822,72.51061429648257,72.49909370985536,72.48684301018085,72.47390838966331,72.460336040507,72.44617215491621,72.4314629250952,72.41625454324823,72.40059320157958,72.3845250922935,72.36809640759428,72.35135333968617,72.33434208077344,72.31710882306038,72.29969975875125,72.28216108005029,72.2645389791618,72.24687964829003,72.22922927963927,72.21163406541378,72.1941401978178,72.17679386905564,72.15964127133155,72.14272859684979,72.12610203781465,72.10980778643037,72.09389203490124,72.07840097543152,72.06338080022547,72.04887770148738,72.03493787142152,72.02160750223213,72.0089327861235,71.99695991529988,71.98573508196556,71.97530447832479,71.96571429658185,71.95701072894101,71.94923996760653,71.94244820478269,71.93668163267374,71.93198644348396,71.92840882941762,71.92599498267899,71.92479109547233,71.9248433600019,71.92619796496803,71.92888413071546,71.93287481684104,71.9381313380491,71.94461500904404,71.9522871445302,71.96110905921195,71.97104206779365,71.98204748497966,71.99408662547435,72.0071208039821,72.02111133520725,72.03601953385417,72.05180671462722,72.06843419223077,72.08586328136919,72.10405529674684,72.12297155306807,72.14257336503725,72.16282204735876,72.18367891473694,72.20510528187617,72.2270624634808,72.24951177425523,72.27241452890377,72.29573204213081,72.31942562864073,72.34345660313787,72.3677862803266,72.39237597491129,72.41718700159629,72.44218067508598,72.46731831008472,72.49256122129687,72.51787072342678,72.54320813117883,72.56853475925739,72.59381192236681,72.61900093521146,72.64406311249572,72.66895976892391,72.69365221920043,72.71810177802963,72.74226976011589,72.76611748016356,72.789606252877,72.81269739296057,72.83535221511865,72.8575320340556,72.87919816447578,72.90031192108354,72.92083461858327,72.94072757167932,72.95995209507606,72.97846950347784,72.99624111158904,73.01322823411401,73.02939218575713,73.04469428122275,73.05909583521523,73.07255816243895,73.08504531422523,73.09657589148128,73.10721875318012,73.11704463481279,73.12612427187032,73.1345283998438,73.14232775422427,73.14959307050276,73.15639508417033,73.16280453071805,73.16889214563695,73.17472866441807,73.1803848225525,73.18593135553127,73.19143899884543,73.19697848798603,73.20262055844412,73.20843594571078,73.214495385277,73.2208696126339,73.22762936327248,73.23484537268384,73.24258837635898,73.25092910978897,73.25993830846488,73.26968670787774,73.2802450435186,73.29168405087853,73.30407446544858,73.31748702271977,73.33199245818318,73.34766150732986,73.36456490565085,73.38277338863722,73.40235769178,73.42338855057025,73.44593670049902,73.47007287705736,73.49586781573632,73.52339225202697,73.55271692142033,73.58391255940748,73.61704990147945,73.65219968312731,73.68943263984208,73.72881950711485,73.77043102043666,73.81433791529854,73.86061092719157,73.90932079160677,73.96053824403523,74.01433401996798,74.07077885489606,74.12994348431053,74.19189864370246,74.25671506856287,74.32446349438284,74.39521465665341,74.46903929086562,74.54600813251054,74.6261919170792
72.77944266675148,72.76848421855205,72.75697448765439,72.74493868044271,72.73240200330126,72.71938966261428,72.70592686476597,72.69203881614057,72.6777507231223,72.66308779209541,72.64807522944412,72.63273824155266,72.61710203480524,72.60119181558612,72.58503279027951,72.56865016526963,72.55206914694074,72.53531494167703,72.51841275586276,72.50138779588214,72.4842652681194,72.46707037895878,72.44982833478451,72.43256434198081,72.4153036069319,72.39807133602203,72.38089273563541,72.36379301215628,72.34679737196888,72.3299310214574,72.31321916700611,72.29668701499922,72.28035977182095,72.26426264385556,72.24842083748725,72.23285955910025,72.2176040150788,72.20267941180713,72.18811095566946,72.17392385305001,72.16014331033304,72.14679453390275,72.13390273014339,72.12149310543916,72.10959086617432,72.09822121873309,72.08740936949968,72.07718052485833,72.06755989119328,72.05857267488875,72.05024408232897,72.04259931989817,72.03566359398057,72.02946211096041,72.02402007722192,72.01936269914931,72.01551518312684,72.0125027355387,72.01035056105225,72.00907555002753,72.00866702567795,72.00910860534793,72.01038390638186,72.01247654612416,72.01537014191922,72.01904831111145,72.02349467104526,72.02869283906503,72.0346264325152,72.04127906874015,72.04863436508431,72.05667593889204,72.0653874075078,72.07475238827595,72.08475449854092,72.09537735564709,72.10660457693889,72.11841977976071,72.13080658145698,72.14374859937206,72.1572294508504,72.17123275323637,72.18574212387438,72.20074118010885,72.21621353928418,72.23214281874478,72.24851263583504,72.26530660789936,72.28250835228218,72.30010148632785,72.31806962738082,72.33639639278549,72.35506539988624,72.37406026602748,72.39336460855364,72.4129620448091,72.43283619213828,72.45297066788558,72.4733490893954,72.49395507401213,72.51477223908022,72.53578420194403,72.55697457994798,72.57832699043647,72.5998250507539,72.62145237824471,72.64319259025326,72.66502930412399,72.68694613720128,72.70892670682953,72.73095463035317,72.75301352511659,72.7750870084642,72.7971586977404,72.81921221028959,72.84123116345619,72.86319917458458,72.88509986101919,72.90691684010442,72.92863417958847,72.95024492518336,72.97175039425275,72.99315221300436,73.01445200764593,73.03565140438513,73.05675202942972,73.0777555089874,73.09866346926589,73.1194775364729,73.14019933681615,73.16083049650338,73.18137264174227,73.20182739874056,73.22219639370597,73.2424812528462,73.262683602369,73.28280506848203,73.30284727739307,73.32281185530981,73.34270042843995,73.36251462299124,73.38225606517138,73.40192638118808,73.42152719724906,73.44106013956205,73.46052683433479,73.47992890777493,73.49926798609025,73.51854569548843,73.53776366217721,73.55692351236429,73.5760268722574,73.59507536806426,73.61407062599257,73.63301427225007,73.65190793304444,73.67075323458344,73.68955180307476,73.70830526472615,73.72701524574528,73.74568337233991,73.76431127071773,73.78290056708646,73.80145288765384,73.81996985862756,73.83845310621534,73.85690425662492,73.875324936064,73.8937167707403,73.91208138686154,73.93042041063543,73.9487354682697,73.96702818597205,73.98530018995022,74.00355310641191,74.02178856156483,74.04000818161673,74.05821359277529,74.07640642124825,74.09458829324333
74.08759628217632,73.98177665694648,73.87919649067605,73.77980999008336,73.68357136188669,73.59043481280433,73.5003545495546,73.41328477885578,73.32917970742619,73.24799354198412,73.16968048924785,73.09419475593572,73.02149054876598,72.95152207445696,72.88424353972697,72.81960915129427,72.7575731158772,72.69808964019401,72.64111293096305,72.58659719490258,72.53449663873093,72.48476546916638,72.43735789292724,72.3922281167318,72.34933034729835,72.30861879134521,72.27004765559067,72.23357114675302,72.19914347155058,72.16671883670163,72.13625144892448,72.10769551493742,72.08100524145875,72.05613483520678,72.03303850289979,72.0116704512561,71.99198488699399,71.97393601683177,71.95747804748774,71.9425651856802,71.92915163812742,71.91719161154775,71.90663931265945,71.89744894818084,71.8895747248302,71.88297084932584,71.87759152838606,71.87339096872917,71.87032337707345,71.8683429601372,71.86740392463872,71.86746047729632,71.86846682482827,71.87037717395292,71.87314573138853,71.87672670385341,71.88107429806584,71.88614272074416,71.89188617993567,71.8982653196595,71.90526212322065,71.91286299074567,71.92105432236114,71.92982251819366,71.93915397836979,71.94903510301614,71.95945229225927,71.97039194622576,71.98184046504221,71.99378424883518,72.00620969773128,72.01910321185706,72.03245119133912,72.04624003630404,72.0604561468784,72.07508592318878,72.09011576536176,72.10553207352392,72.12132124780186,72.13746968832214,72.15396379521135,72.17078996859607,72.18793460860289,72.20538411535838,72.22312488898913,72.24114332962172,72.25942583738272,72.27795881239874,72.29672865479633,72.31572176470209,72.33492454224259,72.35432338754443,72.37390470073417,72.3936548819384,72.41356033128372,72.43360744889668,72.45378263490389,72.47407228943192,72.49446281260734,72.51494060455674,72.53549206540671,72.55610359528383,72.57676159431468,72.59745246262582,72.61816260034388,72.6388784075954,72.65958628450697,72.68027263120517,72.70092384781661,72.72152633446784,72.74206649128544,72.76253071839601,72.78290541592612,72.80317698400238,72.82333182275133,72.84335633229956,72.86323691277369,72.88295996430026,72.90251188700586,72.92187960377164,72.94106045762008,72.96006139194436,72.97888970859289,72.99755270941411,73.01605769625647,73.03441197096839,73.05262283539832,73.07069759139468,73.08864354080592,73.10646798548046,73.12417822726677,73.14178156801324,73.15928530956833,73.17669675378048,73.19402320249812,73.21127195756968,73.2284503208436,73.24556559416833,73.26262507939228,73.27963607836391,73.29660589293164,73.31354182494391,73.33045117624916,73.34734124869581,73.36421934413232,73.38109276440711,73.39796881136863,73.4148547868653,73.43175799274557,73.44868573085786,73.46564530305062,73.48264401117228,73.49968915707127,73.51678804259603,73.533947969595,73.55117623991663,73.56848015540932,73.58586701792154,73.6033441293017,73.62091879139825,73.63859830605963,73.65638997513426,73.6743011004706,73.69233898391705,73.71051092732209,73.72882423253412,73.7472862014016,73.76590413577294,73.7846853374966,73.803637108421,73.82276675039458,73.84208156526579,73.86158885488304,73.88129592109479,73.90121006574947,73.92133859069551,73.94168879778134,73.96226798885542,73.98308346576616,74.004142530362
73.54659434293237,73.45340134339976,73.36328788596929,73.27620837452547,73.19211721295284,73.11096880513588,73.03271755495913,72.95731786630712,72.88472414306435,72.81489078911532,72.74777220834456,72.6833228046366,72.62149698187594,72.5622491439471,72.5055336947346,72.45130503812295,72.39951757799668,72.35012571824029,72.3030838627383,72.25834641537523,72.21586778003561,72.17560236060392,72.13750456096471,72.10152878500249,72.06762943660176,72.03576091964706,72.00587763802288,71.97793399561377,71.95188439630421,71.92768324397873,71.90528494252186,71.8846438958181,71.86571450775197,71.848451182208,71.83280832307068,71.81874033422456,71.80620161955412,71.7951465829439,71.78552962827841,71.77730515944216,71.77042758031969,71.76485129479549,71.76053070675408,71.75742022008,71.75547423865773,71.75464716637181,71.75489340710675,71.75616736474707,71.75842344317729,71.76161604628192,71.76569957794547,71.77062844205246,71.7763570424874,71.78283978313485,71.79003106787926,71.79788530060519,71.80635688519715,71.81540022553965,71.82496972711998,71.83502755703492,71.84556161698801,71.85656513525123,71.86803134009658,71.87995345979608,71.89232472262171,71.9051383568455,71.91838759073941,71.93206565257549,71.9461657706257,71.96068117316207,71.97560508845659,71.99093074478127,72.0066513704081,72.02276019360907,72.03925044265623,72.05611534582152,72.073348131377,72.09094202759464,72.10889026274644,72.12718606510441,72.14582266294056,72.16479328452688,72.18409115813537,72.20370951203805,72.22364157450689,72.24388057381393,72.26441973823114,72.28525229603054,72.30637147548411,72.32777050486389,72.34944261244185,72.37138102649,72.39357897528035,72.4160296870849,72.43872639017563,72.46166231282459,72.48483068330373,72.50822472988507,72.53183768084062,72.55566276444239,72.57969320896235,72.60392224267254,72.62834309384493,72.65294899075154,72.67773316166438,72.70268883485542,72.72780923859669,72.75308760116017,72.77851715081789,72.80409111584183,72.829802724504,72.8556452050764,72.88161178583103,72.9076956950399,72.933890160975,72.96018841190835,72.98658367611192,73.01306918185774,73.03963815741781,73.06628347564936,73.09299092487628,73.11973976624172,73.14650901717923,73.17327769512237,73.20002481750468,73.22672940175974,73.25337046532108,73.27992702562227,73.30637810009685,73.33270270617838,73.35887986130042,73.38488858289651,73.41070788840021,73.43631679524506,73.46169432086465,73.4868194826925,73.51167129816217,73.53622878470723,73.56047095976122,73.5843768407577,73.6079254451302,73.63109579031232,73.65386689373757,73.67621777283952,73.69812744505174,73.71957492780776,73.74053923854113,73.76099939468543,73.78093441367419,73.80032331294098,73.81914510991935,73.83737882204284,73.85500346674502,73.87199806145942,73.88834162361964,73.90401317065918,73.91899172001163,73.93325628911055,73.94678589538945,73.95955955628192,73.9715562892215,73.98275511164175,73.99313504097621,74.00267509465846,74.01135429012203,74.01915164480049,74.02604617612738,74.03201690153625,74.03704283846068,74.04110300433419,74.04417641659036,74.04624209266274,74.04727904998487,74.0472663059903,74.04618287811262,74.04400778378535,74.04072004044204,74.03629866551626,74.03072267644157,74.0239710906515
73.45951040373208,73.40523715121078,73.35200686213179,73.29981848941674,73.24867098598725,73.19856330476499,73.14949439867156,73.10146322062864,73.05446872355785,73.00850986038083,72.9635855840192,72.91969484739461,72.8768366034287,72.8350098050431,72.79421340515947,72.75444635669943,72.71570761258462,72.67799612573668,72.64131084907726,72.60565073552796,72.57101473801045,72.53740180944637,72.50481090275733,72.47324097086499,72.44269096669099,72.41315984315696,72.38464655318454,72.35715004969536,72.33066928561107,72.30520321385329,72.28075078734368,72.25731095900387,72.2348826817555,72.2134649085202,72.1930565922196,72.17365668577537,72.15526414210912,72.13787791414249,72.12149695479712,72.10612021699467,72.09174665365674,72.07837521770499,72.06600486206106,72.05463453964657,72.04426320338318,72.03488980619252,72.02651330099623,72.01913264071592,72.01274677827328,72.0073546665899,72.00295525858745,71.99954750718754,71.99713036531183,71.99570278588196,71.99526372181954,71.99581212604625,71.99734695148368,71.99986715105351,72.00337167666997,72.0078546019455,72.01329382586012,72.01966389955619,72.02693937417607,72.03509480086208,72.04410473075659,72.0539437150019,72.06458630474039,72.0760070511144,72.08818050526625,72.10108121833832,72.11468374147292,72.1289626258124,72.14389242249914,72.15944768267543,72.17560295748365,72.19233279806612,72.2096117555652,72.22741438112322,72.24571522588255,72.2644888409855,72.28370977757444,72.3033525867917,72.32339181977962,72.34380202768055,72.36455776163685,72.38563357279084,72.40700401228486,72.42864363126127,72.45052698086239,72.47262861223061,72.49492307650821,72.5173849248376,72.53998870836108,72.562708978221,72.58552028555971,72.60839718151956,72.63131421724289,72.65424594387203,72.67716691254932,72.70005167441714,72.72287478061779,72.74561078229364,72.76823423058703,72.7907196766403,72.8130416715958,72.83517476659586,72.85709351278284,72.87877246129906,72.90018616328689,72.92130916988866,72.94211603224672,72.96258130150339,72.98267952880104,73.00238526528202,73.02167306208864,73.04051747036327,73.05889304124825,73.07677432588592,73.09413587541862,73.11095389652061,73.12723759582015,73.14302658373559,73.15836160589139,73.17328340791198,73.18783273542182,73.20205033404537,73.21597694940705,73.22965332713132,73.24312021284261,73.25641835216538,73.26958849072408,73.28267137414313,73.295707748047,73.30873835806013,73.32180394980696,73.33494526891194,73.34820306099951,73.36161807169412,73.37523104662023,73.38908273140225,73.40321387166468,73.4176652130319,73.4324775011284,73.44769148157862,73.46334790000698,73.47948750203795,73.49615103329599,73.51337923940551,73.53121286599097,73.54969265867682,73.5688593630875,73.58875372484745,73.60941648958114,73.63088840291299,73.65321021046745,73.67642265786897,73.700566490742,73.72568245471099,73.75181129540036,73.77899375843458,73.80727058943809,73.83668253403533,73.86727033785075,73.8990747465088,73.9321365056339,73.96649636085054,74.00219505778313,74.03927334205613,74.07777195929398,74.11773165512112,74.15919317516202,74.2021972650411,74.24678467038281,74.2929961368116,74.34087240995191,74.39045423542821,74.44178235886491,74.49489752588649,74.54984048211736,74.60665197318198
73.54263573065741,73.47457589624953,73.40851999798868,73.34444122815295,73.28231277902042,73.22210784286919,73.16379961197732,73.10736127862295,73.05276603508413,72.99998707363896,72.94899758656551,72.89977076614188,72.85227980464616,72.80649789435644,72.76239822755078,72.7199539965073,72.67913839350409,72.6399246108192,72.60228584073074,72.56619527551679,72.53162610745544,72.49855152882479,72.46694473190293,72.4367789089679,72.40802725229783,72.3806629541708,72.35465920686492,72.32998920265821,72.30662613382883,72.28454319265482,72.2637135714143,72.24411046238534,72.22570705784601,72.20847655007442,72.19239213134865,72.17742699394678,72.16355433014694,72.15074733222714,72.13897919246556,72.1282231031402,72.11845225652918,72.1096398449106,72.10175906056254,72.09478309576308,72.08868514279031,72.08343839392235,72.07901604143721,72.07539127761306,72.07253729472795,72.07042728505995,72.06903444088717,72.06833195448768,72.06829301813961,72.068890824121,72.07009856470994,72.07188943218453,72.07423661882287,72.07711331690304,72.0804927195977,72.08435235214803,72.08868410332131,72.0934828348583,72.09874340849989,72.10446068598684,72.11062952905992,72.11724479946001,72.12430135892787,72.13179406920433,72.13971779203017,72.14806738914622,72.1568377222933,72.16602365321218,72.17562004364372,72.18562175532865,72.19602365000786,72.2068205894221,72.2180074353122,72.22957904941897,72.24153029348322,72.25385602924574,72.26655111844737,72.27961042282887,72.29302880413108,72.3068011240948,72.32092224446082,72.33538702697,72.35019033336307,72.36532702538092,72.3807919647643,72.39658001325405,72.41268603259094,72.42910488451581,72.44583143076945,72.4628605330927,72.48018705322632,72.49780585291113,72.51571179388797,72.53389973789761,72.55236454668089,72.5711010819786,72.59010420553152,72.6093687790805,72.62888966436633,72.64866172312982,72.6686798171118,72.68893880805304,72.70943355769434,72.73015892777654,72.75110978004047,72.77228097622687,72.79366737807659,72.81526384733043,72.83706524572919,72.85906643501367,72.88126227692472,72.90364763320311,72.92621736558966,72.94896633582518,72.97188940565046,72.99498120491462,73.01823174113629,73.0416267631504,73.06515186078265,73.08879262385877,73.11253464220447,73.13636350564543,73.16026480400735,73.184224127116,73.20822706479699,73.2322592068761,73.256306143179,73.2803534635314,73.30438675775902,73.32839161568755,73.3523536271427,73.3762583819502,73.4000914699357,73.42383848092494,73.44748500474365,73.4710166312175,73.4944189501722,73.51767755143347,73.54077802482699,73.5637059601785,73.58644694731366,73.60898657605823,73.63131043623788,73.65340411767833,73.67525321020527,73.69684330364443,73.7181599878215,73.73918885256218,73.75991548769217,73.7803254830372,73.800404428423,73.8201379136752,73.83951152861952,73.85851086308175,73.87712150688749,73.89532904986253,73.9131190818325,73.93047719262317,73.94738897206021,73.96384000996933,73.97981589617625,73.99530222050664,74.01028457278626,74.02474854284078,74.03867972049589,74.05206369557736,74.06488605791081,74.07713239732202,74.08878830363666,74.09983936668043,74.11027117627906,74.12006932225823,74.12921939444367,74.13770698266104,74.1455176767361,74.15263706649453
72.76410324254088,72.69630903852722,72.63101992952528,72.56819587445122,72.5077968322212,72.44978276175137,72.39411362195789,72.3407493717569,72.28964997006457,72.24077537579706,72.1940855478705,72.14954044520107,72.10710002670491,72.06672425129818,72.02837307789704,71.99200646541765,71.95758437277614,71.92506675888869,71.89441358267143,71.86558480304053,71.83854037891216,71.81324026920245,71.78964443282757,71.76771282870367,71.7474054157469,71.72868215287342,71.71150299899938,71.69582791304094,71.68161685391426,71.6688297805355,71.65742665182078,71.6473674266863,71.63861206404819,71.6311205228226,71.6248527619257,71.61976874027363,71.61582841678255,71.61299175036864,71.61121869994801,71.61046922443684,71.6107032827513,71.61188083380752,71.61396183652165,71.61690624980987,71.62067403258833,71.62522514377316,71.63051954228054,71.63651718702663,71.64317803692755,71.65046205089949,71.65832918785858,71.666739406721,71.6756526664029,71.6850289258204,71.69482814388971,71.70501027952693,71.71553529164827,71.72636313916983,71.73745378259352,71.74877486138404,71.76031947558742,71.7720859951002,71.78407278981886,71.79627822963994,71.80870068445994,71.82133852417539,71.83419011868278,71.84725383787867,71.86052805165954,71.87401112992193,71.88770144256233,71.90159735947728,71.91569725056328,71.92999948571686,71.94450243483452,71.95920446781278,71.97410395454817,71.98919926493718,72.00448876887637,72.0199708362622,72.03564383699124,72.05150614095996,72.06755611806491,72.08379213820258,72.10021257126952,72.11681578716221,72.13360015577719,72.15056404701096,72.16770583076004,72.18502387692095,72.20251655539022,72.22018223606433,72.23801928883984,72.25602608361322,72.27420099028103,72.29254237873975,72.31104861888593,72.32971808061606,72.34854913382667,72.36754014841425,72.38668949427536,72.40599554130648,72.42545665940413,72.44507121846485,72.46483758838514,72.48475413906151,72.50481924039049,72.52503126226858,72.54538857459231,72.5658895472582,72.58653255016273,72.60731595320246,72.6282381262739,72.64929743927354,72.67049226209792,72.69182096464354,72.71328191680693,72.7348734884846,72.75659404957307,72.77844169044248,72.800408929624,72.82248315215608,72.84465155140467,72.86690132073565,72.88921965351493,72.91159374310843,72.93401078288204,72.9564579662017,72.97892248643329,73.00139153694275,73.02385231109596,73.04629200225887,73.06869780379733,73.09105690907731,73.11335651146469,73.13558380432538,73.15772598102528,73.17977023493033,73.20170375940643,73.22351374781947,73.24518739353537,73.26671188992005,73.28807443033942,73.30926220815937,73.33026241674584,73.3510622494647,73.3716488996819,73.39200956076333,73.41213142607491,73.43200168898252,73.45160754285212,73.47093618104958,73.48997479694081,73.50871058389176,73.52713073526829,73.54522244443633,73.5629729047618,73.58036930961062,73.59739885234866,73.61404872634185,73.6303061249561,73.64615824155734,73.66159226951144,73.67659540218435,73.69115483294196,73.70525775515017,73.7188913621749,73.73204284738208,73.74469940413758,73.75684822580735,73.76847650575726,73.77957143735325,73.79012021396123,73.80011002894709,73.80952807567675,73.81836154751612,73.82659763783111,73.83422353998763,73.8412264473516,73.84759355328892
73.17256629295201,73.13806774291415,73.10417455977976,73.07088753535201,73.03820746143408,73.00613512982916,72.97467133234042,72.94381686077104,72.9135725069242,72.88393906260308,72.85491731961086,72.82650806975073,72.79871210482585,72.77153021663942,72.7449631969946,72.71901183769458,72.69367693054254,72.66895926734166,72.64485963989512,72.62137884000609,72.59851765947776,72.5762768901133,72.55465732371592,72.53365975208875,72.513284967035,72.49353376035786,72.47440692386049,72.45590524934606,72.43802952861778,72.4207805534788,72.40415911573233,72.38816600718152,72.37280201962957,72.35806794487965,72.34396457473494,72.33049270099862,72.31765311547387,72.30544660996388,72.29387397627181,72.28293600620087,72.2726334915542,72.26296722413501,72.25393799574645,72.24554659819174,72.23779382327403,72.23068046279651,72.22420730856236,72.21837515237475,72.21318478603688,72.2086370013519,72.20473259012302,72.20147234415339,72.19885705524621,72.19688751520466,72.19556451583192,72.19488884893116,72.19486130630555,72.1954826797583,72.19675376056105,72.19867276606682,72.20122937947284,72.2044115175703,72.2082070971504,72.21260403500432,72.21759024792324,72.22315365269834,72.22928216612083,72.23596370498187,72.24318618607266,72.2509375261844,72.25920564210826,72.26797845063541,72.27724386855708,72.28698981266442,72.29720419974863,72.30787494660089,72.31898997001241,72.33053718677434,72.3425045136779,72.35487986751424,72.36765116507459,72.38080632315011,72.39433325853199,72.40821988801142,72.42245412837958,72.43702389642766,72.45191710894684,72.46712168272833,72.4826255345633,72.49841658124294,72.51448273955843,72.53081192630096,72.5473920582617,72.56421105223188,72.58125682500265,72.5985172933652,72.61598037411073,72.63363398403042,72.65146603991546,72.66946445855703,72.68761715674633,72.70591205127452,72.72433705893282,72.74288009651238,72.76152908080442,72.7802719286001,72.79909655669063,72.81799088186719,72.83694282092095,72.85594029064312,72.87497120782487,72.89402348925739,72.91308505173187,72.9321438120395,72.95118768697147,72.97020459331894,72.98918244787312,73.00810916742519,73.02697266876635,73.04576135541387,73.06447333286629,73.08311564533149,73.10169567076781,73.12022078713356,73.13869837238708,73.1571358044867,73.17554046139072,73.19391972105747,73.21228096144529,73.23063156051248,73.24897889621737,73.26733034651829,73.28569328937355,73.3040751027415,73.32248316458043,73.3409248528487,73.3594075455046,73.37793862050647,73.39652545581262,73.41517542938139,73.43389591917109,73.45269430314005,73.4715779592466,73.49055426544905,73.50963059970573,73.52881433997496,73.54811286421507,73.56753355038437,73.58708377644119,73.60677092034386,73.6266023600507,73.64658547352003,73.66672763871017,73.68703623357946,73.7075186360862,73.72818222418873,73.74903437584535,73.77008246901443,73.79133388165424,73.81279599172314,73.83447617717944,73.85638181598146,73.87852028608752,73.90089896545597,73.9235252320451,73.94640646381325,73.96955003871872,73.99296333471987,74.01665372977502,74.04062860184246,74.06489532888054,74.08946128884757,74.11433385970189,74.1395204194018,74.16502834590565,74.19086501717175,74.2170378111584,74.24355410582396,74.27042127912674,74.29764670902506
72.43433203630238,72.43753583690652,72.44001785372373,72.44180165888173,72.4429108245082,72.44336892273087,72.44319952567744,72.4424262054756,72.44107253425307,72.43916208413756,72.43671842725678,72.43376513573841,72.4303257817102,72.42642393729982,72.42208317463499,72.41732706584341,72.41217918305279,72.40666309839085,72.40080238398528,72.39462061196377,72.38814135445408,72.38138818358387,72.37438467148085,72.36715439027274,72.35972091208725,72.35210780905209,72.34433865329494,72.33643701694353,72.32842647212556,72.32033059096872,72.31217294560074,72.30397710814933,72.29576665074217,72.28756514550699,72.2793961645715,72.27128328006336,72.26325006411034,72.25532008884011,72.24751692638037,72.23986414885886,72.23238532840327,72.22510403714128,72.21804384720063,72.21122833070902,72.20468105979415,72.19842560658373,72.19248554320546,72.18688444178707,72.18164587445622,72.17679341334068,72.1723506305681,72.16834109826621,72.16478838856271,72.16171607358532,72.15914772546174,72.15710691631966,72.1556172182868,72.15470220349088,72.15438544275223,72.15468417583945,72.15559465111124,72.15710877210833,72.1592184423714,72.16191556544115,72.16519204485829,72.16903978416349,72.1734506868975,72.17841665660099,72.18392959681466,72.18998141107923,72.19656400293536,72.2036692759238,72.21128913358524,72.21941547946034,72.22804021708984,72.23715525001444,72.24675248177482,72.2568238159117,72.26736115596577,72.27835640547774,72.2898014679883,72.30168824703816,72.31400864616799,72.32675456891855,72.33991791883048,72.35349059944451,72.36746451430133,72.38183156694167,72.3965836609062,72.41171269973563,72.42721058697066,72.44306922615199,72.45928052082033,72.47583637451636,72.4927286907808,72.50994937315434,72.52749032517768,72.54534345039153,72.56350065233659,72.58195383455353,72.60069490058311,72.61971575396598,72.63900829824286,72.65856443695444,72.67837607364143,72.69843511184455,72.71873345510446,72.73926300696189,72.76001567095753,72.78098335063208,72.80215794952625,72.8235313711807,72.84509551913621,72.86684229693341,72.88876360811304,72.91085135621577,72.93309744478233,72.9554937773534,72.97803225746969,73.00070501280783,73.0235086387783,73.04644384704092,73.06951150294663,73.09271247184637,73.11604761909103,73.13951781003158,73.16312391001892,73.18686678440399,73.21074729853771,73.23476631777103,73.25892470745485,73.28322333294011,73.30766305957773,73.33224475271865,73.3569692777138,73.3818374999141,73.40685028467047,73.43200849733385,73.45731300325517,73.48276466778535,73.50836435627531,73.53411293407599,73.56001126653833,73.58606021901323,73.61226065685163,73.63861344540447,73.66511945002266,73.69177953605714,73.71859456885882,73.74556541377865,73.77269293616754,73.79997800137645,73.82742147475625,73.85502422165793,73.88278710743238,73.91071099743053,73.93879675700333,73.96704525150169,73.99545734627654,74.0240339066788,74.05277579805941,74.08168388576931,74.1107590351594,74.14000211158063,74.16941398038391,74.19899550692018,74.22874755654036,74.25867099459539,74.28876668643619,74.31903549741368,74.3494782928788,74.38009593818248,74.41088929867564,74.4418592397092,74.47300662663409,74.50433232480127,74.53583719956163,74.5675221162661,74.59938794026564,74.63143553691114
72.3260137870933,72.33501942104516,72.3425645376449,72.34869385185954,72.35345207865606,72.35688393300146,72.35903412986272,72.35994738420686,72.35966841100088,72.35824192521176,72.35571264180646,72.35212527575203,72.34752454201544,72.34195515556368,72.33546183136374,72.32808928438263,72.31988222958734,72.31088538194487,72.30114345642221,72.29070116798636,72.27960323160428,72.26789436224303,72.25561927486953,72.24282268445083,72.2295493059539,72.21584385434574,72.20175104459332,72.18731559166369,72.17258221052381,72.15759561614067,72.14240052348126,72.12704164751261,72.11156370320168,72.09601140551547,72.08042946942098,72.06486260988521,72.04935554187514,72.03395298035778,72.01869964030013,72.00364023666916,71.98881948443187,71.97428209855528,71.96007279400635,71.9462362857521,71.93281728875951,71.91986051799557,71.90741068842729,71.89551251502164,71.88421071274567,71.87354999656631,71.86357508145059,71.85433068236549,71.845861514278,71.83821229215513,71.8314277309639,71.82555254567123,71.8206314512442,71.81670916264972,71.81383039485485,71.81203986282657,71.81138181688067,71.81187262826228,71.81348545565686,71.8161897405405,71.81995492438921,71.82475044867908,71.83054575488617,71.83731028448653,71.84501347895622,71.85362477977128,71.8631136284078,71.87344946634181,71.88460173504936,71.89653987600653,71.90923333068937,71.92265154057395,71.93676394713631,71.95153999185248,71.96694911619858,71.98296076165065,71.99954436968471,72.01666938177684,72.0343052394031,72.05242138403955,72.07098725716224,72.08997230024724,72.10934595477056,72.12907766220835,72.14913686403656,72.16949300173133,72.19011551676869,72.21097385062467,72.23203744477539,72.25327574069684,72.2746581798651,72.29615420375623,72.31773325384631,72.33936477161137,72.36101819852749,72.38266297607069,72.40426854571706,72.42580434894265,72.44723982722351,72.46854442203568,72.48968757485528,72.5106387271583,72.53136732042083,72.5518427961189,72.57203459572861,72.591912160726,72.61144493258712,72.63060235278803,72.64935386280479,72.66766890411344,72.68551691819005,72.70286734651069,72.71968963055141,72.73595321178826,72.7516275316973,72.76668203175458,72.78109046310186,72.79487667674428,72.80809684617961,72.8208076836138,72.83306590125275,72.84492821130243,72.8564513259688,72.8676919574578,72.87870681797534,72.8895526197274,72.90028607491993,72.91096389575884,72.9216427944501,72.93237948319964,72.9432306742134,72.95425307969737,72.96550341185741,72.97703838289956,72.98891470502969,73.00118909045378,73.01391825137779,73.0271589000076,73.04096774854924,73.05540150920856,73.0705168941916,73.08637061570423,73.10301938595245,73.12051991714216,73.1389289214793,73.15830311116986,73.17869919841976,73.20017389543494,73.22278391442137,73.24658596758493,73.27163676713164,73.2979930252674,73.3257114541982,73.35484876612992,73.38546167326854,73.41760688782,73.45134112199023,73.48672108798519,73.52380349801084,73.56264506427311,73.60330249897791,73.64583251433126,73.69029182253902,73.7367371358072,73.78522516634172,73.83581262634851,73.88855622803351,73.9435126836027,74.00073870526202,74.06029100521738,74.12222629567478,74.18660128884008,74.25347269691929,74.32289723211835,74.39493160664318,74.46963253269976
72.29484342425887,72.29683343270044,72.29817046573895,72.29887927025455,72.29898459312747,72.29851118123791,72.29748378146608,72.29592714069217,72.29386600579639,72.29132512365894,72.28832924116001,72.28490310517982,72.28107146259858,72.27685906029646,72.27229064515369,72.26739096405048,72.262184763867,72.25669679148346,72.25095179378009,72.24497451763708,72.23878970993461,72.23242211755291,72.22589648737217,72.21923756627261,72.2124701011344,72.20561883883776,72.1987085262629,72.19176391029002,72.18480973779933,72.17787075567101,72.17097171078527,72.16413735002232,72.15739242026235,72.15076166838558,72.14426984127219,72.13794168580242,72.13180194885645,72.12587537731446,72.12018671805669,72.1147607179633,72.10962212391456,72.10479568279062,72.10030614147168,72.09617824683797,72.09243674576969,72.08910638514702,72.08621191185017,72.08377807275936,72.08182961475477,72.08039128471661,72.07948782952509,72.07914399606042,72.07938453120279,72.08023418183238,72.08171769482944,72.08385981707416,72.0866852954467,72.09021887682731,72.09448530636278,72.09950093510014,72.10525428237726,72.11172810690375,72.11890516738919,72.12676822254312,72.13530003107515,72.14448335169482,72.15430094311174,72.16473556403547,72.17576997317558,72.18738692924164,72.19956919094325,72.21229951698997,72.2255606660914,72.23933539695707,72.25360646829658,72.26835663881953,72.28356866723544,72.29922531225394,72.31530933258456,72.33180348693692,72.34869053402055,72.36595323254507,72.38357434122001,72.40153661875497,72.41982282385955,72.43841571524327,72.45729805161575,72.47645259168655,72.49586209416525,72.51550931776141,72.53537702118463,72.55544796314447,72.57570490235051,72.59613059751233,72.61670780733947,72.63741929054156,72.65824780582814,72.6791761119088,72.70018696749311,72.72126313129066,72.742387362011,72.76354241836371,72.78471105905838,72.80587604280457,72.82702012831189,72.84812607428987,72.8691766394481,72.89015458249618,72.91104266214364,72.9318236371001,72.95248026607511,72.97299530777826,72.99335152091912,73.01353166420725,73.03351849635224,73.05329477606368,73.07284326205111,73.09214671302415,73.11118788769232,73.12995041340629,73.1484352322624,73.16665923892158,73.18463992367607,73.20239477681808,73.2199412886398,73.23729694943343,73.25447924949121,73.27150567910532,73.28839372856798,73.30516088817141,73.3218246482078,73.33840249896936,73.3549119307483,73.37137043383684,73.38779549852718,73.40420461511154,73.4206152738821,73.43704496513111,73.45351117915074,73.47003140623322,73.48662313667076,73.50330386075555,73.52009106877982,73.53700225103576,73.55405489781559,73.57126649941152,73.58865454611576,73.60623652822052,73.624029936018,73.6420522598004,73.66032098985995,73.67885361648884,73.6976676299793,73.71678052062352,73.73620977871371,73.7559728945421,73.77608735840087,73.79657066058225,73.81744029137842,73.83871374108163,73.86040849998405,73.88254205837792,73.90513190655543,73.92819553480878,73.9517504334302,73.9758140927119,74.00040400294607,74.02553765442495,74.0512325374407,74.07750614228557,74.10437595925174,74.13185947863144,74.15997419071688,74.18873758580024,74.21816715417377,74.24828038612965,74.27909477196009,74.3106278019573,74.3428969664135,74.3759197556209
72.65992466738233,72.65502906650981,72.64916232228242,72.64236216189713,72.63466631255082,72.62611250144045,72.61673845576293,72.60658190271519,72.59568056949416,72.58407218329678,72.57179447131998,72.55888516076065,72.54538197881575,72.5313226526822,72.51674490955693,72.50168647663688,72.48618508111895,72.47027845020008,72.45400431107721,72.43740039094726,72.42050441700714,72.4033541164538,72.38598721648417,72.36844144429516,72.3507545270837,72.33296419204673,72.31510816638117,72.29722417728395,72.27934995195199,72.26152321758224,72.2437817013716,72.22616313051701,72.20870523221541,72.1914457336637,72.17442236205883,72.15767284459773,72.1412349084773,72.1251462808945,72.10944468904624,72.09416786012946,72.07935352134108,72.06503939987802,72.05126322293721,72.03806271771559,72.02547561141009,72.01353963121761,72.0022925043351,71.9917719579595,71.9820157192877,71.97306151551666,71.9649470738433,71.95771012146454,71.95138838557733,71.94601959337857,71.94164147206519,71.93829174883413,71.93600815088232,71.93482840540666,71.93479023696304,71.93591858035725,71.93819596434696,71.94159614045365,71.94609286019883,71.95165987510403,71.95827093669072,71.96589979648041,71.97452020599462,71.98410591675483,71.99463068028257,72.00606824809931,72.01839237172659,72.03157680268588,72.0455952924987,72.06042159268655,72.07602945477095,72.09239263027337,72.10948487071533,72.12727992761835,72.1457515525039,72.1648734968935,72.18461951230867,72.20496335027089,72.22587876230166,72.2473394999225,72.26931931465491,72.29179195802038,72.31473118154044,72.33811073673657,72.36190437513027,72.38608584824306,72.41062890759643,72.4355073047119,72.46069479111095,72.4861651183151,72.51189203784585,72.53784930122471,72.56401065997316,72.59034986561272,72.61684066966491,72.64345682365119,72.6701720790931,72.69696018751215,72.7237949004298,72.75064996936759,72.777499145847,72.80431618138955,72.83107482751673,72.85774883575006,72.88431195761103,72.91073794462115,72.93700054830192,72.96307352017485,72.98893061176142,73.01454557458317,73.03989216016157,73.06494412001814,73.08967520567438,73.11405916865179,73.13806976047188,73.16168149540651,73.18488409173962,73.20768127564104,73.23007729630214,73.25207640291434,73.27368284466901,73.29490087075753,73.31573473037129,73.33618867270168,73.35626694694008,73.37597380227788,73.39531348790648,73.41429025301723,73.43290834680155,73.4511720184508,73.4690855171564,73.48665309210972,73.50387899250212,73.52076746752502,73.5373227663698,73.55354913822784,73.56945083229051,73.58503209774923,73.60029718379536,73.6152503396203,73.62989581441543,73.64423785737215,73.65828071768182,73.67202864453583,73.6854858871256,73.69865669464247,73.71154531627785,73.72415600122314,73.73649299866969,73.74856055780891,73.7603629278322,73.77190435793091,73.78318909729646,73.7942213951202,73.80500550059355,73.81554566290788,73.82584613125458,73.83591115482504,73.84574498281064,73.85535186440276,73.86473604879279,73.87390178517214,73.88285332273216,73.89159491066425,73.9001307981598,73.9084652344102,73.91660246860683,73.92454674994106,73.9323023276043,73.93987345078793,73.94726436868334,73.9544793304819,73.96152258537502,73.96839838255406,73.97511097121043,73.9816646005355
71.10571331015761,71.16747396906598,71.22663397218143,71.28324841827326,71.33737240611076,71.38906103446323,71.43836940209997,71.48535260779028,71.53006575030346,71.57256392840881,71.61290224087563,71.65113578647322,71.68731966397087,71.72150897213788,71.75375880974357,71.7841242755572,71.81266046834811,71.83942248688558,71.86446542993892,71.8878443962774,71.90961448467034,71.92983079388705,71.9485484226968,71.96582246986893,71.98170803417268,71.99626021437741,72.00953410925239,72.02158481756692,72.0324674380903,72.04223706959182,72.0509488108408,72.05865776060652,72.0654190176583,72.07128768076541,72.07631884869717,72.08056762022288,72.08408909411183,72.08693836913332,72.08917054405666,72.09084071765113,72.09200398868605,72.0927154559307,72.0930302181544,72.09300337412641,72.09269002261608,72.09214526239268,72.0914241922255,72.09058191088387,72.08967351713706,72.08875410975439,72.08787878750515,72.08710264915862,72.08648079348414,72.08606831925098,72.08592032522844,72.08609191018584,72.08663817289245,72.08761421211759,72.089075123997,72.09106325143141,72.09357865234338,72.09661263247853,72.10015649758245,72.10420155340076,72.10873910567905,72.11376046016294,72.11925692259801,72.12521979872989,72.13164039430418,72.13851001506649,72.1458199667624,72.15356155513754,72.16172608593752,72.1703048649079,72.17928919779435,72.18867039034244,72.19843974829776,72.20858857740595,72.21910818341259,72.22998987206329,72.24122494910365,72.25280472027929,72.26472049133581,72.27696356801881,72.2895252560739,72.30239686124668,72.31556968928277,72.32903504592774,72.34278423692723,72.35680856802684,72.37109934497217,72.3856478735088,72.40044545938238,72.41548340833849,72.43075302612273,72.44624561848072,72.46195249115806,72.47786494990034,72.49397430045319,72.5102718485622,72.52674889997297,72.54339676043112,72.56020673568226,72.57717013147197,72.59427825354587,72.61152240764957,72.62889389952866,72.64638403492876,72.66398411959547,72.68168545927439,72.69947935971112,72.71735712665128,72.73531006584048,72.7533294830243,72.77140668394837,72.78953297435827,72.80769965999963,72.82589804661804,72.84411943995912,72.86235546057405,72.88060400407929,72.89886874748609,72.91715358366949,72.93546240550445,72.953799105866,72.9721675776291,72.99057171366874,73.00901540685994,73.02750255007771,73.046037036197,73.06462275809284,73.08326360864022,73.10196348071412,73.12072626718954,73.13955586094147,73.15845615484493,73.1774310417749,73.19648441460636,73.21562016621432,73.23484218947377,73.25415437725971,73.27356062244714,73.29306481791104,73.31267085652642,73.33238263116826,73.35220403471156,73.37213896003134,73.39219130000255,73.41236494750021,73.43266379539932,73.45309173657486,73.47365266390185,73.49435047025524,73.51518904851008,73.53617229154132,73.55730409222397,73.57858834343304,73.60002893804351,73.62162976893038,73.64339472896863,73.66532771103327,73.6874326079993,73.70971331274171,73.73217371813548,73.75481771705563,73.77764920237713,73.800672066975,73.82389020372422,73.84730750549978,73.87092786517668,73.89475517562992,73.9187933297345,73.9430462203654,73.96751774039762,73.99221178270616,74.01713224016602,74.04228300565218,74.06766797203964,74.09329103220341,74.11915607901845
72.4591319866816,72.47429056840592,72.48775452184017,72.49957425512973,72.50980017641999,72.51848269385634,72.52567221558418,72.53141914974888,72.53577390449585,72.5387868879705,72.5405085083182,72.54098917368434,72.5402792922143,72.5384292720535,72.53548952134732,72.53151044824115,72.52654246088038,72.5206359674104,72.51384137597661,72.5062090947244,72.49778953179916,72.48863309534629,72.47879019351116,72.46831123443917,72.45724662627573,72.4456467771662,72.43356209525602,72.42104298869053,72.40813986561515,72.39490313417527,72.38138320251626,72.36763047878354,72.3536953711225,72.33962828767851,72.325479636597,72.3112998260233,72.29713926410285,72.28304835898105,72.26907751880326,72.25527715171488,72.24169766586131,72.22838946938792,72.21540297044014,72.20278857716333,72.1905966977029,72.17887774020421,72.1676821128127,72.15706022367374,72.14706248093272,72.13773929273502,72.12914106722603,72.12131821255117,72.11432113685582,72.10820024828537,72.10300595498522,72.09878866510073,72.09559878677733,72.09348672816039,72.09250289395472,72.09268102751106,72.09399962933453,72.09642576572405,72.09992650297846,72.1044689073967,72.11002004527764,72.11654698292016,72.12401678662316,72.13239652268555,72.14165325740622,72.15175405708403,72.1626659880179,72.17435611650673,72.1867915088494,72.19993923134477,72.21376635029178,72.22823993198931,72.24332704273624,72.25899474883146,72.27521011657389,72.29194021226238,72.30915210219585,72.32681285267319,72.34488952999328,72.36334920045503,72.3821589303573,72.40128578599904,72.42069683367909,72.44035913969634,72.46023977034972,72.48030579193808,72.50052427076035,72.52086227311541,72.54128686530214,72.56176511361944,72.5822640843662,72.60275084384132,72.62319245834368,72.64355599417217,72.6638085176257,72.68391709500315,72.70384879260341,72.72357067672539,72.74304981366795,72.76225326973001,72.78114811121044,72.79970140440815,72.81788021562203,72.83565161115096,72.85298265729385,72.86984042034958,72.88619196661703,72.9020043623951,72.91724467398271,72.93187996767871,72.94587730978203,72.95920376659153,72.97182640440612,72.98371228952469,72.99482848824611,73.0051448363662,73.01468637445767,73.02352900481416,73.03175052878653,73.03942874772558,73.04664146298211,73.05346647590694,73.05998158785091,73.06626460016481,73.07239331419946,73.07844553130566,73.08449905283425,73.09063168013603,73.09692121456182,73.1034454574624,73.11028221018864,73.11750927409132,73.12520445052128,73.1334455408293,73.14231034636622,73.15187666848281,73.16222230852996,73.17342506785843,73.18556274781905,73.19871314976263,73.21295407503997,73.22836332500192,73.24501870099927,73.26299800438282,73.28237903650343,73.30323959871187,73.32565749235899,73.34971051879556,73.37547647937242,73.4030331754404,73.43245840835029,73.46382997945291,73.49722569009909,73.5327233416396,73.57040073542531,73.61033567280701,73.65260595513548,73.6972893837616,73.74446376003614,73.79420688530993,73.84659656093378,73.9017105882585,73.95962676863489,74.0204229034138,74.08417679394603,74.15096624158238,74.22086904767369,74.29396301357075,74.37032594062438,74.4500356301854,74.53316988360461,74.61980650223285,74.71002328742091,74.80389804051963,74.9015085628798,75.00293265585223
72.41714112780744,72.42536885727334,72.43241641281462,72.43832064994943,72.44311842419584,72.44684659107199,72.44954200609597,72.45124152478589,72.45198200265988,72.451800295236,72.45073325803243,72.44881774656722,72.4460906163585,72.44258872292438,72.43834892178299,72.43340806845241,72.42780301845075,72.42157062729613,72.41474775050668,72.40737124360047,72.39947796209562,72.39110476151026,72.38228849736248,72.37306602517039,72.36347420045212,72.35354987872576,72.34332991550941,72.33285116632119,72.32215048667923,72.31126473210162,72.30023075810647,72.28908542021189,72.27786557393598,72.26660807479686,72.25534977831265,72.24412754000143,72.23297821538135,72.22193865997049,72.21104572928697,72.20033627884887,72.18984716417434,72.17961524078149,72.16967736418839,72.1600703899132,72.15083117347397,72.14199657038887,72.13360343617596,72.1256886263534,72.11828899643925,72.11144140195164,72.10518269840868,72.09954974132849,72.09457938622914,72.09030848862879,72.08677390404553,72.08401248799746,72.08206109600269,72.08095658357934,72.08073580367564,72.08142316435162,72.08300181105245,72.08544634865588,72.0887313820396,72.09283151608135,72.09772135565886,72.10337550564985,72.10976857093205,72.11687515638319,72.12466986688098,72.13312730730316,72.14222208252745,72.15192879743158,72.16222205689327,72.17307646579026,72.18446662900026,72.19636715140099,72.2087526378702,72.2215976932856,72.23487692252493,72.24856493046589,72.26263632198624,72.27706570196368,72.29182767527593,72.30689684680074,72.32224782141581,72.3378552039989,72.35369359942771,72.36973761257998,72.38596184833342,72.40234091156576,72.41884940715474,72.43546193997808,72.45215311491349,72.46889753683872,72.48566981063149,72.50244454116951,72.51919633333051,72.53589979199224,72.55252952203239,72.56906012832872,72.58546621575891,72.60172238920075,72.61780325353192,72.63368341363015,72.64933747437318,72.66474004063873,72.67986571730452,72.69468910924829,72.70918482134775,72.72332745848064,72.73709162552468,72.7504519273576,72.76338296885712,72.77585935490094,72.78785569036684,72.79934658013252,72.81030662907568,72.8207104420741,72.83053262400546,72.83974997641627,72.84838308736481,72.85649288666008,72.86414181037722,72.8713922945914,72.87830677537775,72.88494768881142,72.89137747096757,72.89765855792132,72.90385338574785,72.9100243905223,72.9162340083198,72.92254467521553,72.92901882728461,72.93571890060221,72.94270733124347,72.95004655528354,72.95779900879754,72.96602712786067,72.97479334854805,72.98416010693481,72.99418983909615,73.00494498110717,73.01648796904303,73.0288812389789,73.04218722698991,73.05646836915122,73.07178710153795,73.08820586022529,73.10578708128836,73.12459320080231,73.14468665484229,73.16612987948346,73.18898531080097,73.21331538486994,73.23918253776556,73.26664920556294,73.29577782433725,73.32663083016365,73.35927065911724,73.39375974727324,73.43016053070673,73.4685354454929,73.50894692770689,73.55145741342383,73.59612933871888,73.6430251396672,73.69220725234393,73.74373811282422,73.79768015718322,73.85409582149609,73.91304754183794,73.97459775428395,74.03880889490927,74.10574339978902,74.17546370499838,74.24803224661248,74.32351146070647,74.40196378335551,74.48345165063475,74.56803749861933
72.9753081868815,72.94789955518218,72.92040879373613,72.89285808134275,72.86526959680151,72.83766551891182,72.81006802647309,72.78249929828479,72.7549815131463,72.7275368498571,72.70018748721662,72.67295560402422,72.6458633790794,72.61893299118157,72.59218661913013,72.56564644172457,72.53933463776426,72.51327338604864,72.48748486537716,72.46199125454925,72.43681473236433,72.4119774776218,72.38750166912115,72.36340948566175,72.33972310604307,72.31646470906455,72.29365647352557,72.27132057822558,72.249479201964,72.2281545235403,72.20736872175388,72.18714397540415,72.16750246329059,72.14846636421257,72.13005785696956,72.112299120361,72.09521233318628,72.07881967424484,72.06314332233612,72.04820545625955,72.03402825481453,72.02063389680055,72.00804456101699,71.99628242626329,71.98536967133887,71.9753284750432,71.96618101617565,71.9579494735357,71.95065602592274,71.94432285213622,71.93897213097557,71.93462604124022,71.93130676172959,71.92903647124311,71.92783734858023,71.92773157254035,71.92874132192293,71.93088877552736,71.93419610977966,71.93867400752725,71.94429504319103,71.9510239034808,71.95882527510634,71.96766384477743,71.97750429920387,71.98831132509545,72.00004960916195,72.01268383811319,72.02617869865892,72.04049887750895,72.05560906137308,72.07147393696107,72.08805819098274,72.10532651014785,72.12324358116618,72.14177409074756,72.16088272560177,72.18053417243857,72.2006931179678,72.22132424889918,72.24239225194256,72.2638618138077,72.2856976212044,72.30786436084242,72.33032671943158,72.35304938368168,72.37599704030248,72.39913437600379,72.42242607749537,72.44583683148704,72.4693313246886,72.49287424380978,72.51643027556042,72.53996410665027,72.56344042378919,72.58682391368689,72.6100792630532,72.63317115859792,72.6560642870308,72.67872333506165,72.70111298940026,72.7231979367564,72.74494286383992,72.76631245736053,72.78727140402808,72.80778439055231,72.82781610364304,72.84733123001007,72.86629445636316,72.8846704694121,72.90242395586671,72.91951960243674,72.93592209583201,72.95159612276228,72.96650636993738,72.98061752406707,72.99389427186114,73.00630130002938,73.0178032952816,73.02836762006177,73.03801497260613,73.04681519092344,73.05483994778604,73.06216091596633,73.06884976823665,73.07497817736936,73.08061781613688,73.08584035731153,73.0907174736657,73.09532083797177,73.0997221230021,73.10399300152903,73.10820514632499,73.11243023016229,73.11673992581333,73.12120590605048,73.1258998436461,73.13089341137257,73.13625828200225,73.1420661283075,73.14838862306073,73.15529743903423,73.16286424900045,73.17116072573174,73.18025854200044,73.19022937057895,73.2011448842396,73.2130767557548,73.22609665789693,73.24027626343829,73.25568724515134,73.27240127580836,73.29049002818178,73.31002517504396,73.33107838916726,73.35372134332405,73.37802571028669,73.40406316282755,73.43190537371902,73.46162401573346,73.49329076164324,73.52697728422072,73.56275525623829,73.6006963504683,73.64087223968309,73.68335459665511,73.72821509415664,73.77552540496012,73.82535720183787,73.87778215756231,73.93287194490577,73.99069823664064,74.05133270553924,74.114847024374,74.18131286591728,74.25080190294142,74.3233858082188,74.39913625452184,74.47812491462281,74.56042346129416
73.8280077300745,73.76372964190914,73.70063711511644,73.63872834093567,73.57800151060611,73.51845481536701,73.46008644645764,73.40289459511725,73.3468774525851,73.29203321010047,73.2383600589026,73.18585619023078,73.13451979532424,73.08434906542226,73.0353421917641,72.98749736558902,72.94081277813629,72.89528662064518,72.8509170843549,72.80770236050476,72.76564064033403,72.72473011508193,72.68496897598774,72.64635541429072,72.60888762123015,72.57256378804529,72.53738210597537,72.50334076625968,72.47043796013747,72.43867187884801,72.40804071363056,72.37854265572437,72.35017589636873,72.32293862680287,72.29682903826607,72.27184532199757,72.24798566923667,72.22524827122261,72.20363131919464,72.18313300439205,72.16375151805407,72.14548505142,72.12833179572905,72.11228994222054,72.09735768213369,72.08353320670777,72.07081470718207,72.05920037479581,72.04868840078827,72.03927697639871,72.0309642928664,72.0237485414306,72.01762791333057,72.01260059980557,72.00866479209485,72.00581868143769,72.00406045907334,72.00338831624109,72.00380044327763,72.00529065993102,72.00783829470478,72.0114196766936,72.01601113499216,72.02158899869512,72.02812959689722,72.0356092586931,72.04400431317748,72.05329108944504,72.06344591659045,72.07444512370843,72.08626503989363,72.09888199424077,72.1122723158445,72.12641233379955,72.14127837720059,72.1568467751423,72.17309385671936,72.18999595102649,72.20752938715835,72.22567049420964,72.24439560127503,72.26368103744923,72.28350313182692,72.30383821350277,72.3246626115715,72.34595265512776,72.36768467326628,72.38983499508171,72.41237994966876,72.4352958661221,72.45855907353643,72.48214590100645,72.50603267762682,72.53019573249223,72.55461139469739,72.57925599333697,72.60410585750567,72.62913731629817,72.65432669880914,72.6796503341333,72.70508455136532,72.73060567959988,72.75619004793168,72.7818139854554,72.80745382126574,72.83308588445738,72.858686504125,72.88423200936329,72.90969872926695,72.93506299293064,72.96030112944908,72.98538946791695,73.01030433742892,73.03502206707971,73.05951898596396,73.0837714231764,73.10775570781169,73.13144816896454,73.15482513572962,73.17786361806408,73.2005541976537,73.22289996020136,73.24490445828052,73.26657124446467,73.2879038713273,73.3089058914419,73.32958085738193,73.34993232172089,73.36996383703224,73.3896789558895,73.40908123086612,73.4281742145356,73.44696145947142,73.46544651824706,73.483632943436,73.50152428761174,73.51912410334775,73.5364359432175,73.55346335979449,73.57020990565219,73.5866791333641,73.60287459550369,73.61879984464444,73.63445843335985,73.64985391422339,73.66498983980854,73.67986976268878,73.69449723543761,73.7088758106285,73.72300904083492,73.73690047863039,73.75055367658835,73.76397218728232,73.77715956328576,73.79011935717216,73.80285512151501,73.81537040888777,73.82766877186394,73.839753763017,73.85162893492044,73.86329784014772,73.87476403127235,73.8860310608678,73.89710248150755,73.9079818457651,73.9186727062139,73.92917861542745,73.93950312597924,73.94964979044275,73.95962216139147,73.96942379139885,73.97905823303842,73.98852903888361,73.99783976150796,74.00699395348491,74.01599516738796,74.02484695579058,74.03355287126627,74.04211646638849,74.05054129373076
72.44571829171598,72.43843482616275,72.43028178305559,72.42129734340578,72.41151968822459,72.40098699852325,72.38973745531304,72.3778092396052,72.36524053241102,72.35206951474174,72.33833436760861,72.32407327202291,72.30932440899589,72.29412595953882,72.27851610466294,72.26253302537953,72.24621490269982,72.22959991763508,72.21272625119659,72.1956320843956,72.17835559824334,72.16093497375113,72.14340839193017,72.12581403379174,72.10819008034711,72.09057471260753,72.07300611158426,72.05552245828856,72.0381619337317,72.02096271892492,72.00396299487949,71.98720094260666,71.97071474311771,71.95454257742388,71.93872262653643,71.92329307146663,71.90829209322574,71.893757872825,71.8797285912757,71.86624242958908,71.8533375687764,71.84105218984891,71.8294244738179,71.81849260169459,71.80829475449026,71.79886911321618,71.79025385888359,71.78248717250376,71.77560723508795,71.76965222764741,71.76466033119341,71.7606697267372,71.75771859529004,71.7558451178632,71.75508747546795,71.7554838491155,71.75707241981716,71.75989136858416,71.76397887316415,71.76935730680448,71.7759966409152,71.78385600073418,71.79289451149924,71.80307129844827,71.81434548681911,71.82667620184962,71.84002256877766,71.85434371284106,71.86959875927772,71.88574683332546,71.90274706022214,71.92055856520564,71.93914047351379,71.95845191038445,71.97845200105549,71.99909987076475,72.0203546447501,72.04217544824938,72.06452140650045,72.08735164474118,72.1106252882094,72.13430146214299,72.1583392917798,72.18269790235766,72.20733641911447,72.23221396728805,72.25728967211627,72.28252265883698,72.30787205268805,72.33329697890733,72.35875656273265,72.3842099294019,72.40961620415294,72.43493451222359,72.46012397885174,72.4851437292752,72.50995288873187,72.53451058245959,72.55877593569622,72.58270807367961,72.60626612164762,72.62940920483811,72.65209644848892,72.67428697783792,72.69593991812296,72.71701439458191,72.7374695324526,72.75726445697289,72.77635829338065,72.79471016691373,72.81227920280999,72.82902452630728,72.84490526264345,72.85988053705637,72.87390947478389,72.88695120106385,72.89896484113413,72.90990952023256,72.91974436359703,72.92843163462031,72.93599614998564,72.9425203584904,72.94808886077965,72.95278625749846,72.95669714929188,72.959906136805,72.96249782068288,72.9645568015706,72.96616768011319,72.96741505695574,72.96838353274333,72.969157708121,72.96982218373384,72.9704615602269,72.97116043824525,72.97200341843396,72.9730751014381,72.97446008790274,72.97624297847294,72.97850837379376,72.98134087451028,72.98482508126756,72.98904559471067,72.99408701548468,73.00003394423464,73.00697098160565,73.01498272824274,73.02415378479101,73.03456875189549,73.04631223020128,73.05946882035343,73.07412312299702,73.09035973877711,73.10826326833875,73.12791831232704,73.14940947138702,73.17282134616376,73.19823853730233,73.22574564544782,73.25542727124527,73.28736801533974,73.32165247837632,73.35836526100007,73.39759096385606,73.43941418758935,73.483919532845,73.53119160026809,73.58131499050367,73.63437430419684,73.69045414199263,73.74963910453613,73.8120137924724,73.87766280644651,73.94667074710352,74.0191222150885,74.09510181104653,74.17469413562264,74.25798378946195,74.34505537320949,74.43599348751033
73.10167095226198,73.002982116783,72.90813668057895,72.81707017673192,72.729718138324,72.64601609843724,72.56589959015373,72.48930414655554,72.41616530072473,72.3464185857434,72.27999953469357,72.21684368065736,72.15688655671683,72.10006369595403,72.04631063145108,71.99556289629,71.94775602355291,71.90282554632186,71.86070699767892,71.82133591070617,71.78464781848568,71.7505782540995,71.71906275062973,71.69003684115846,71.66343605876772,71.6391959365396,71.61725200755619,71.59753980489954,71.57999486165171,71.56455271089483,71.5511488857109,71.53971891918205,71.53019834439031,71.52252269441779,71.51662750234654,71.51244830125866,71.50992062423616,71.50898000436119,71.50956197471577,71.51160206838198,71.51503581844192,71.51979875797763,71.5258264200712,71.5330543378047,71.5414180442602,71.55085307251979,71.5612949556655,71.57267922677944,71.5849414189437,71.59801706524028,71.61184169875132,71.62635085255887,71.641480059745,71.65716485339179,71.67334076658132,71.68994333239563,71.70690808391682,71.72417055422694,71.74166627871249,71.7593419519347,71.7771812681231,71.79517557972666,71.8133162391944,71.83159459897529,71.85000201151827,71.86852982927242,71.88716940468665,71.90591209020998,71.92474923829137,71.94367220137984,71.9626723319244,71.98174098237395,72.00086950517756,72.02004925278418,72.0392715776428,72.05852783220242,72.07780936891201,72.09710754022056,72.11641369857706,72.13571919643051,72.15501538622989,72.17429362042417,72.19354525146237,72.21276163179341,72.23193411386636,72.25105405013018,72.27011279303385,72.28910169502633,72.30801210855664,72.32683538607377,72.34556288002666,72.36418594286438,72.38269592703584,72.40108418499007,72.41934206917607,72.43746093204275,72.45543212603918,72.47324700361433,72.49089691721714,72.50837321929667,72.52566726230184,72.54277039868167,72.55967398088514,72.57636936136124,72.59284789255896,72.60910092692727,72.62511981691519,72.64089591497167,72.6564205735457,72.67168514508633,72.68668098204246,72.70139943686313,72.7158318619973,72.72996960989398,72.74380403300215,72.75732648377077,72.77052831464887,72.78340087808543,72.79593552652939,72.80812467453448,72.8199819077387,72.83154031729829,72.8428337226597,72.85389594326945,72.86476079857398,72.87546210801979,72.88603369105333,72.89650936712108,72.90692295566951,72.9173082761451,72.92769914799432,72.9381293906636,72.94863282359948,72.95924326624841,72.96999453805684,72.98092045847123,72.9920548469381,73.00343152290391,73.01508430581511,73.02704701511819,73.0393534702596,73.05203749068583,73.06513289584338,73.07867350517866,73.09269313813819,73.10722561416843,73.12230475271583,73.1379643732269,73.15423829514806,73.17116033792585,73.18876432100667,73.20708406383706,73.22615338586347,73.24600610653233,73.26667604529017,73.28819702158343,73.3106028548586,73.33392736456211,73.35820437014048,73.3834676910402,73.40975114670765,73.43708855658939,73.46551374013187,73.49506051678155,73.52576270598489,73.5576541271884,73.59076859983851,73.62513994338171,73.66080197726448,73.69778852093332,73.73613339383463,73.77587041541493,73.81703340512068,73.85965618239838,73.90377256669446,73.94941637745539,73.99662143412768,74.04542155615779,74.09585056299217,74.14794227407732
74.8899354087957,74.73151702290075,74.57853987898226,74.43091367887583,74.28854812441695,74.15135291744117,74.01923775978408,73.89211235328115,73.76988639976798,73.65246960108009,73.53977165905302,73.43170227552231,73.32817115232352,73.22908799129218,73.13436249426383,73.04390436307402,72.95762329955828,72.87542900555215,72.79723118289118,72.72293953341091,72.65246375894691,72.58571356133467,72.52259864240978,72.46302870400774,72.40691344796411,72.35416257611448,72.30468579029431,72.25839279233918,72.21519328408465,72.17499696736624,72.13771354401948,72.10325271587993,72.07152418478316,72.04243765256464,72.01590282105997,71.99182939210468,71.97012706753432,71.95070554918442,71.9334745388905,71.91834373848815,71.90522284981287,71.89402157470022,71.88464961498573,71.877016672505,71.87103244909349,71.86660664658677,71.86364896682039,71.86206911162992,71.86177678285085,71.86268168231877,71.86469351186918,71.86772197333764,71.8716767685597,71.87646759937087,71.88200416760674,71.88819617510282,71.89495332369466,71.90218531521782,71.90980185522818,71.91773066552028,71.92595920302676,71.93448728870476,71.94331474351128,71.95244138840337,71.9618670443381,71.97159153227253,71.9816146731637,71.99193628796871,72.00255619764457,72.01347422314834,72.0246901854371,72.03620390546786,72.04801520419775,72.06012390258377,72.07252982158298,72.08523278215245,72.09823260524922,72.11152911183035,72.12512212285293,72.13901145927397,72.15319694205056,72.16767839213972,72.18245563049854,72.19752847808405,72.21289675585331,72.2285602847634,72.24451888577136,72.26077237983424,72.27732058790909,72.29416333095298,72.31130042992297,72.32873170577611,72.34645697946945,72.36447607196004,72.38278880420495,72.40139499716125,72.42029447178595,72.43948704903616,72.45897254986889,72.47875079524121,72.4988216061102,72.51918480343286,72.53984020816631,72.56078764126758,72.58202692369372,72.6035578764018,72.62538032034885,72.64749407649194,72.66989896578812,72.69259480919447,72.71558142766801,72.73885864216584,72.76242627364496,72.78628414306249,72.81043207137543,72.83486987954086,72.85959738851582,72.88461441925742,72.90992079272263,72.93551568090372,72.96138531988345,72.98750402752579,73.01384567669645,73.04038414026105,73.06709329108536,73.09394700203497,73.1209191459756,73.14798359577296,73.17511422429268,73.20228490440046,73.229469508962,73.25664191084293,73.28377598290898,73.31084559802581,73.33782462905909,73.3646869488745,73.39140643033777,73.4179569463145,73.44431236967044,73.47044657327122,73.49633342998256,73.52194681267011,73.54726059419956,73.5722486474366,73.59688484524689,73.62114306049612,73.64499716604999,73.66842103477416,73.6913885395343,73.71387355319611,73.73584994862526,73.75729159868743,73.77817237624829,73.79846615417357,73.81814680532888,73.83718820257995,73.85556421879242,73.87324872683202,73.89021559956439,73.90643870985521,73.9218919305702,73.936549134575,73.95038419473529,73.96337098391679,73.97548337498513,73.98669524080604,73.99698045424516,74.00631288816818,74.0146664154408,74.02201490892865,74.02833224149748,74.03359228601293,74.03776891534066,74.04083600234641,74.0427674198958,74.04353704085453,74.0431187380883,74.04148638446277,74.03861385284362,74.03447501609655
74.99602842365017,74.84503957566868,74.69914909207309,74.55827674571019,74.42234230942684,74.29126555606983,74.16496625848599,74.04336418952214,73.92637912202512,73.81393082884172,73.7059390828188,73.60232365680314,73.50300432364158,73.40790085618094,73.31693302726806,73.23002060974973,73.14708337647276,73.06804110028403,72.9928135540303,72.92132051055843,72.85348174271523,72.78921702334749,72.72844612530209,72.67108882142581,72.61706488456547,72.5662940875679,72.51869620327993,72.47419100454839,72.43269826422006,72.39413775514178,72.3584292501604,72.3254925221227,72.29524734387552,72.2676134882657,72.24251072814,72.21985883634532,72.19957758572842,72.18158674913614,72.16580609941532,72.15215540941276,72.14055445197529,72.1309229999497,72.12318082618286,72.11724770352157,72.11304340481264,72.11048770290292,72.1095003706392,72.1100011808683,72.11190990643705,72.1151463201923,72.11963019498083,72.12528130364947,72.13201941904505,72.1397643140144,72.14843576140431,72.15795353406165,72.16823740483319,72.17920714656577,72.19078253210621,72.20288333430135,72.21542973218034,72.22836627571304,72.24167528982748,72.25534234891042,72.2693530273486,72.28369289952879,72.29834753983772,72.31330252266217,72.3285434223889,72.34405581340468,72.35982527009624,72.37583736685035,72.39207767805377,72.40853177809326,72.42518524135555,72.44202364222745,72.45903255509567,72.476197554347,72.49350421436817,72.51093810954596,72.52848481426712,72.54612990291842,72.56385894988658,72.5816575295584,72.59951121632064,72.61740558456002,72.6353262086633,72.65325866301728,72.67118852200868,72.68910136002428,72.70698275145084,72.72481827067507,72.7425934920838,72.76029399006374,72.77790533900166,72.79541311328431,72.81280288729847,72.83006023543088,72.84717073206829,72.86411995159749,72.88089346840519,72.89747685687819,72.91385569140324,72.93001554636707,72.94594199615648,72.9616206151582,72.977036977759,72.99217665834561,73.00702523130484,73.02156827102338,73.03579135188805,73.0496800482856,73.06321993460274,73.07639658522628,73.08919557454294,73.1016024769395,73.11360286680271,73.12518231851935,73.13632640647613,73.14702070505986,73.15725383835728,73.16704988321773,73.17645578924062,73.18551888723785,73.1942865080213,73.20280598240292,73.21112464119456,73.21928981520814,73.2273488352556,73.23534903214876,73.24333773669959,73.25136227971994,73.25946999202175,73.2677082044169,73.2761242477173,73.28476545273487,73.29367915028148,73.30291267116904,73.31251334620943,73.3225285062146,73.33300548199638,73.34399160436674,73.35553420413756,73.36768061212074,73.38047815912815,73.39397417597174,73.40821599346337,73.42325094241495,73.4391263536384,73.45588955794561,73.47358788614851,73.49226866905893,73.51197923748883,73.53276692225008,73.55467905415459,73.57776296401427,73.60206598264104,73.62763544084673,73.6545186694433,73.68276299924266,73.71241576105668,73.74352428569726,73.77613590397631,73.81029794670575,73.84605774469743,73.8834626287633,73.92255992971523,73.96339697836514,74.00602110552494,74.0504796420065,74.09681991862173,74.14508926618255,74.19533501550085,74.24760449738851,74.30194504265747,74.35840398211958,74.41702864658679,74.477866366871,74.54096447378406,74.60637029813792
73.15216295188583,73.13075134445684,73.10890678469758,73.08665863930736,73.06403627498551,73.0410690584314,73.01778635634436,72.9942175354237,72.9703919623688,72.94633900387898,72.92208802665357,72.89766839739191,72.87310948279335,72.84844064955723,72.82369126438289,72.79889069396967,72.77406830501688,72.7492534642239,72.72447553829004,72.69976389391465,72.67514789779706,72.65065691663663,72.62632031713268,72.60216746598455,72.5782277298916,72.55453047555314,72.53110506966851,72.50798087893708,72.48518727005816,72.46275360973111,72.44070926465524,72.41908360152992,72.39790598705446,72.37720578792822,72.35701237085054,72.33735510252075,72.31826334963819,72.29976647890219,72.2818938570121,72.26467485066726,72.24813882656701,72.23231515141067,72.21723319189762,72.20292231472716,72.18941188659863,72.17673127421139,72.16490984426477,72.1539769634581,72.14396199849075,72.13489431606202,72.12680328287126,72.11971826561783,72.11366863100105,72.10868374572026,72.1047929764748,72.10202568996401,72.10041125288723,72.09997903194379,72.100758391227,72.10276607480192,72.1059769834196,72.11035735707009,72.11587343574347,72.12249145942977,72.13017766811907,72.13889830180143,72.14861960046692,72.15930780410557,72.17092915270744,72.18344988626264,72.19683624476116,72.2110544681931,72.22607079654851,72.24185146981746,72.25836272798999,72.27557081105617,72.29344195900607,72.31194241182973,72.33103840951722,72.3506961920586,72.37088199944392,72.39156207166326,72.41270264870666,72.43426997056417,72.45623027722588,72.47854980868183,72.5011948049221,72.52413150593672,72.54732615171577,72.57074498224928,72.59435423752736,72.61812015754002,72.64200898227735,72.6659869517294,72.69002030588622,72.71407528473789,72.73811812827445,72.76211507648597,72.7860323693625,72.80983624689412,72.83349294907087,72.85696871588283,72.88022978732002,72.90324240337254,72.92597280403044,72.94838722928375,72.97045191912257,72.99213311353694,73.01339705251692,73.03420997605257,73.05453812413394,73.07434773675112,73.09360505389414,73.11227631555307,73.13032776171796,73.1477256323789,73.1644361675259,73.18042560714906,73.19566019123843,73.21010826794573,73.2237802077102,73.2367250972921,73.24899346902804,73.26063585525468,73.27170278830869,73.28224480052671,73.2923124242454,73.30195619180141,73.31122663553138,73.32017428777199,73.32884968085989,73.33730334713172,73.34558581892414,73.35374762857379,73.36183930841734,73.36991139079144,73.37801440803274,73.3861988924779,73.39451537646357,73.4030143923264,73.41174647240305,73.42076214903017,73.4301119545444,73.43984642128241,73.45001608158086,73.46067146777638,73.47186311220565,73.4836415472053,73.496057305112,73.5091609182624,73.52300291899313,73.53763383964088,73.55310421254228,73.569464570034,73.58676544445268,73.60505736813498,73.62439087341755,73.64481649263703,73.6663847581301,73.68914620223342,73.71315135728359,73.73845075561732,73.76509492957125,73.793134411482,73.82261973368627,73.85360142852068,73.88613002832189,73.92025606542657,73.95603007217136,73.99350258089291,74.03272412392789,74.07374523361294,74.11661644228471,74.16138828227986,74.20811128593505,74.25683598558692,74.30761291357213,74.36049260222734,74.41552558388919,74.47276239089435
72.63942269362447,72.62924213236931,72.61852891172856,72.60730727931418,72.59560148273815,72.58343576961242,72.57083438754898,72.55782158415981,72.54442160705688,72.53065870385213,72.51655712215755,72.50214110958511,72.48743491374678,72.47246278225455,72.45724896272036,72.4418177027562,72.42619324997403,72.41039985198584,72.39446175640359,72.37840321083924,72.36224846290476,72.34602176021214,72.32974735037335,72.31344948100035,72.2971523997051,72.2808803540996,72.2646575917958,72.24850836040568,72.2324569075412,72.21652748081434,72.20074432783707,72.18513169622136,72.16971383357918,72.15451498752252,72.1395594056633,72.12487133561355,72.1104750249852,72.09639472139025,72.08265467244065,72.0692791257484,72.05629232892541,72.04371852958371,72.03158197533524,72.019906913792,72.00871759256593,71.99803825926901,71.98789316151321,71.97830654691052,71.9693026630729,71.9609057576123,71.95314007814072,71.94602987227012,71.93959938761246,71.93387287177973,71.92887457238388,71.9246287370369,71.92115961335075,71.91849144893742,71.91664848963195,71.91564637644629,71.91547222000314,71.91610722568359,71.91753259886868,71.91972954493946,71.922679269277,71.92636297726236,71.93076187427657,71.93585716570072,71.94163005691584,71.94806175330301,71.95513346024327,71.96282638311769,71.9711217273073,71.98000069819318,71.98944450115638,71.99943434157797,72.00995142483899,72.0209769563205,72.03249214140355,72.04447818546922,72.05691629389854,72.06978767207258,72.0830735253724,72.09675505917903,72.11081347887357,72.12522998983704,72.13998579745052,72.15506210709505,72.1704401241517,72.18610105400153,72.20202610202557,72.21819647360489,72.23459337412056,72.25119800895364,72.26799158348516,72.2849553030962,72.3020703731678,72.31931799908102,72.33667938621693,72.35413573995656,72.37166826568101,72.38925816877129,72.40688665460848,72.42453492857364,72.44218419604782,72.45981566241207,72.47741053304746,72.49495001333503,72.51241530865586,72.52978762439099,72.54704816592147,72.56417813862838,72.58115874789276,72.59797119909565,72.61459669761815,72.6310164488413,72.64721165814613,72.66316353091372,72.67885327252513,72.69426292848314,72.70939129055695,72.72425257932422,72.73886159143808,72.75323312355162,72.76738197231799,72.78132293439026,72.79507080642158,72.80864038506503,72.82204646697376,72.83530384880086,72.84842732719945,72.86143169882264,72.87433176032356,72.8871423083553,72.89987813957097,72.91255405062371,72.92518483816663,72.93778529885283,72.95037022933542,72.96295442626753,72.97555268630227,72.98817980609275,73.00085058229207,73.01357981155337,73.02638229052975,73.03927281587431,73.0522661842402,73.06537719228051,73.07862063664834,73.09201131399682,73.10556402097907,73.1192935542482,73.13321471045732,73.14734228625954,73.16169107830798,73.17627588325576,73.19111149775597,73.20621271846174,73.2215943420262,73.23727116510243,73.25325798434355,73.2695695964027,73.28622079793297,73.3032263855875,73.32060115601935,73.33835990588169,73.35651743182761,73.37508853051023,73.39408799858265,73.41353063269798,73.43343122950937,73.4538045856699,73.4746654978327,73.49602876265088,73.51790917677754,73.54032153686582,73.5632806395688,73.58680128153962,73.61089825943138,73.63558636989721
71.62207618605183,71.69611606439092,71.76599376813144,71.83180547508151,71.89364736304923,71.95161560984273,72.00580639327012,72.0563158911395,72.10324028125902,72.14667574143675,72.18671844948085,72.2234645831994,72.25701032040052,72.28745183889235,72.31488531648299,72.33940693098054,72.36111286019313,72.38009928192888,72.39646237399589,72.4102983142023,72.42170328035618,72.4307734502657,72.43760500173893,72.44229411258401,72.44493696060906,72.44562972362216,72.44446857943146,72.44154970584506,72.43696928067108,72.43082348171764,72.42320848679284,72.4142204737048,72.40395562026164,72.39251010427148,72.37998010354242,72.36646179588259,72.35205135910009,72.33684497100305,72.32093880939956,72.30442905209777,72.28741187690576,72.26998346163168,72.25223998408363,72.23427762206971,72.21619255339806,72.19808095587678,72.18003900731398,72.16216288551779,72.1445487682963,72.12729283345766,72.11049125880996,72.09424022216133,72.07863590131987,72.0637744740937,72.04975211829094,72.0366650117197,72.0246093321881,72.01368125750426,72.00397696040676,71.99556806394166,71.98844479351666,71.98258052679435,71.9779486414373,71.97452251510803,71.97227552546917,71.97118105018325,71.97121246691283,71.9723431533205,71.9745464870688,71.97779584582032,71.98206460723763,71.98732614898329,71.99355384871984,72.00072108410988,72.00880123281597,72.01776767250067,72.02759378082655,72.03825293545616,72.0497185140521,72.06196389427691,72.07496245379316,72.08868757026343,72.10311262135028,72.11821098471627,72.13395603802397,72.15032115893595,72.16727972511477,72.184805114223,72.20287070392321,72.22144987187797,72.24051599574983,72.26004245320138,72.28000262189516,72.30036987949376,72.32111760365973,72.34221917205565,72.36364796234407,72.38537735218759,72.40738071924874,72.42963144119008,72.45210289567422,72.47476846036369,72.49760151292108,72.52057543100895,72.54366359228985,72.56683937442637,72.59007615508105,72.61334731191648,72.63662622259523,72.65988626477984,72.68310081613289,72.70624325431696,72.7292869569946,72.75220530182838,72.77497166648088,72.79755942861465,72.81994196589226,72.84209265597627,72.86398487652926,72.88559306323975,72.90691274157876,72.9279588676299,72.94874712297015,72.9692931891765,72.98961274782599,73.00972148049559,73.02963506876232,73.04936919420318,73.06893953839516,73.08836178291527,73.10765160934052,73.1268246992479,73.14589673421443,73.16488339581709,73.18380036563289,73.20266332523883,73.22148795621192,73.24028994012914,73.25908495856754,73.27788869310407,73.29671682531576,73.31558503677961,73.3345090090726,73.35350442377177,73.3725869624541,73.39177230669658,73.41107613807623,73.43051413817005,73.45010198855503,73.46985537080819,73.48978996650654,73.50992145722704,73.53026552454673,73.5508378500426,73.57165411529165,73.59273000187089,73.6140811913573,73.63572336532792,73.65767220535972,73.6799433930297,73.70255260991489,73.72551553759227,73.74884785763886,73.77256525163165,73.79668340114763,73.82121798776382,73.84618469305721,73.87159919860483,73.89747718598363,73.92383433677067,73.95068633254292,73.97804885487737,74.00593758535105,74.03436820554096,74.06335639702408,74.09291784137743,74.123068220178,74.15382321500282,74.18519850742885,74.21720977903313
74.00584797388241,73.92113786917928,73.83899019050573,73.7593714118238,73.68224800709554,73.60758645028297,73.53535321534811,73.46551477625302,73.39803760695973,73.33288818143028,73.2700329736267,73.20943845751101,73.1510711070453,73.09489739619151,73.04088379891176,72.98899678916807,72.93920284092248,72.89146842813697,72.84576002477364,72.80204410479449,72.76028714216157,72.72045561083694,72.68251598478257,72.64643473796055,72.61217834433292,72.57971327786167,72.54900601250885,72.52002302223654,72.49273078100676,72.46709576278148,72.44308444152283,72.42066329119278,72.39979878575339,72.38045739916667,72.3626056053947,72.3462098783995,72.3312366921431,72.31765252058754,72.30542383769485,72.29451711742705,72.2848988337462,72.27653546061434,72.26939347199347,72.26343934184568,72.25863954413298,72.25496055281737,72.25236884186093,72.25083088522568,72.25031315687367,72.25078213076695,72.2522042808675,72.25454608113738,72.25777400553865,72.26185452803331,72.26675412258344,72.27243926315104,72.27887642369815,72.2860320781868,72.2938727012406,72.3023679710543,72.31149818767183,72.32124584965554,72.33159345556776,72.34252350397084,72.35401849342712,72.36606092249893,72.37863328974863,72.39171809373856,72.40529783303104,72.41935500618847,72.43387211177314,72.4488316483474,72.46421611447359,72.48000800871408,72.49618982963118,72.51274407578724,72.52965324574463,72.54689983806564,72.56446635131267,72.58233528404803,72.60048913483406,72.61891040223311,72.63758158480753,72.65648518111966,72.67560368973183,72.6949196092064,72.71441543810569,72.73407367499208,72.75387681842786,72.77380736697539,72.79384781919704,72.81398067365514,72.83418842891201,72.85445358353003,72.87475863607149,72.89508608509878,72.91541842917424,72.93573816686019,72.95602779671897,72.97626981731294,72.99644672720446,73.0165410249558,73.03653520912938,73.05641177828751,73.07615323099255,73.09574206580682,73.11516078129266,73.1343918760124,73.15341784852843,73.17222119740309,73.19078442119867,73.20909001847754,73.22712048780205,73.24485832773455,73.26228603683735,73.27938611367283,73.29614105680331,73.31253336479115,73.32854553619866,73.34416131170492,73.35938919127896,73.37426048632331,73.38880735996575,73.40306197533418,73.41705649555642,73.43082308376027,73.44439390307362,73.45780111662422,73.47107688753998,73.48425337894871,73.49736275397824,73.5104371757564,73.52350880741103,73.53660981206995,73.54977235286104,73.56302859291209,73.57641069535093,73.58995082330541,73.60368113990337,73.61763380827266,73.63184099154107,73.64633485283646,73.66114755528666,73.6763112620195,73.69185813616282,73.70782034084444,73.72423003919222,73.74111939433398,73.75852056939756,73.77646572751077,73.79498703180148,73.8141166453975,73.83388673142666,73.85432945301683,73.87547697329579,73.89736145539142,73.92001506243155,73.94346995754397,73.96775830385657,73.99291226449715,74.01896400259353,74.04594568127361,74.07388946366514,74.10282751289601,74.13279199209406,74.16381506438707,74.19592889290293,74.22916564076944,74.26355747111442,74.29913654706577,74.33593503175128,74.37398508829877,74.4133188798361,74.4539685694911,74.49596632039159,74.5393442956654,74.58413465844039,74.63036957184438,74.67808119900523,74.72730170305071
73.05351037492376,73.00855495513257,72.96481149030247,72.92226799397928,72.88091247970873,72.84073296103664,72.80171745150876,72.76385396467087,72.72713051406878,72.69153511324826,72.65705577575507,72.62368051513498,72.59139734493378,72.5601942786973,72.53005932997125,72.50098051230141,72.47294583923362,72.4459433243136,72.41996098108716,72.39498682310007,72.3710088638981,72.34801511702703,72.32599359603266,72.30493231446077,72.2848192858571,72.26564252376745,72.24739004173763,72.23004985331339,72.21360997204049,72.19805841146474,72.18338318513189,72.16957230658777,72.15661378937811,72.14449564704869,72.13320589314533,72.12273254121378,72.11306360479979,72.10418709744921,72.09609103270778,72.08876342412124,72.08219228523545,72.07636562959614,72.07127147074907,72.06689782224008,72.06323269761491,72.06026411041931,72.05798007419914,72.05636860250009,72.055417708868,72.05511540684863,72.05544970998774,72.05640863183116,72.05798018592462,72.06015238581391,72.06291324504481,72.06625077716312,72.0701529957146,72.07460791424502,72.07960354630019,72.08512790542586,72.09116899597576,72.09771427077992,72.10475032780671,72.112263691488,72.12024088625564,72.1286684365415,72.13753286677745,72.14682070139536,72.15651846482707,72.16661268150445,72.17708987585938,72.18793657232372,72.19913929532932,72.21068456930807,72.2225589186918,72.23474886791242,72.24724094140176,72.26002166359167,72.27307755891407,72.28639515180076,72.29996096668366,72.3137615279946,72.32778336016544,72.34201298762808,72.35643693481434,72.37104172615612,72.38581388608527,72.40073993903367,72.41580640943316,72.43099982171562,72.44630670031292,72.46171356965688,72.47720695417944,72.49277337831238,72.50839936648764,72.52407144313703,72.53977613269244,72.55549995958573,72.57122944824879,72.58695112311342,72.60265150861154,72.618317129175,72.63393450923566,72.64949017322537,72.66497064557605,72.68036245071947,72.6956521130876,72.71082615711224,72.72587110722525,72.7407734878585,72.75551982344392,72.77009663841328,72.78449045719849,72.79868780423142,72.81267520394393,72.82643918076785,72.8399662591351,72.85324296347751,72.86625581822695,72.87899134781527,72.89143854846226,72.90361515092182,72.91555742435709,72.92730194690462,72.93888529670103,72.95034405188288,72.96171479058673,72.97303409094921,72.9843385311069,72.99566468919637,73.0070491433542,73.01852847171698,73.03013925242131,73.04191806360375,73.0539014834009,73.06612608994935,73.07862846138566,73.09144517584646,73.10461281146827,73.11816794638774,73.1321471587414,73.14658702666587,73.16152412829773,73.17699504177357,73.19303634522994,73.20968461680347,73.22697643463071,73.24494837684828,73.26363702159271,73.28307894700065,73.30331073120864,73.32436895235328,73.34629018857116,73.36911101799883,73.39286801877294,73.41759776903002,73.44333684690666,73.47012183053947,73.49798929806501,73.52697582761989,73.55711799734068,73.58845238536396,73.62101556982633,73.65484412886435,73.68997464061464,73.72644368321376,73.76428783479828,73.80354367350482,73.84424777746993,73.88643672483023,73.93014709372231,73.9754154622827,74.02227840864803,74.07077251095488,74.12093434733983,74.17280049593943,74.22640753489033,74.28179204232906,74.33899059639224,74.39803977521645
