0,1,2,3,4,5,6,7,8,9,10,11,12,13,14,15,16,17,18,19,20,21,22,23,24,25,26,27,28,29,30,31,32,33,34,35,36,37,38,39,40,41,42,43,44,45,46,47,48,49,50,51,52,53,54,55,56,57,58,59,60,61,62,63,64,65,66,67,68,69,70,71,72,73,74,75,76,77,78,79,80,81,82,83,84,85,86,87,88,89,90,91,92,93,94,95,96,97,98,99,100,101,102,103,104,105,106,107,108,109,110,111,112,113,114,115,116,117,118,119,120,121,122,123,124,125,126,127,128,129,130,131,132,133,134,135,136,137,138,139,140,141,142,143,144,145,146,147,148,149,150,151,152,153,154,155,156,157,158,159,160,161,162,163,164,165,166,167,168,169,170,171,172,173,174,175,176,177,178,179
68.84376748998399,68.77987428583613,68.72346990605989,68.67432803063524,68.63222233954212,68.59692651276052,68.56821423027039,68.54585917205169,68.52963501808439,68.51931544834846,68.51467414282385,68.51548478149054,68.52152104432848,68.53255661131764,68.548365162438,68.5687203776695,68.5933959369921,68.62216552038579,68.6548028078305,68.69108147930623,68.73077521479293,68.77365769427057,68.8195025977191,68.86808360511847,68.91917439644868,68.97254865168968,69.02798005082143,69.0852422738239,69.14410900067703,69.20435391136083,69.26575068585522,69.3280730041402,69.39109454619569,69.4545889920017,69.51833002153816,69.58209131478506,69.64564691988625,69.70884893573263,69.7717236027403,69.83432072381504,69.89669010186262,69.95888153978882,70.02094484049942,70.0829298069002,70.1448862418969,70.20686394839534,70.26891272930126,70.33108238752047,70.39342272595871,70.45598354752178,70.51881465511545,70.58196585164549,70.64548694001768,70.7094277231378,70.7738380039116,70.83876758524488,70.90426627004342,70.97038386121297,71.03717016165932,71.10467497428827,71.17294810200555,71.24203934771695,71.31199851432827,71.38287540474525,71.4547198218737,71.52758156861935,71.60151044788802,71.67655626258545,71.75276881561744,71.83019790988978,71.9088933483082,71.98890493377851,72.07028126344707,72.15302406056436,72.237074157532,72.32236831731373,72.40884330287328,72.4964358771744,72.58508280318082,72.67472084385629,72.76528676216452,72.85671732106928,72.9489492835343,73.0419194125233,73.13556447100004,73.22982122192825,73.32462642827166,73.419916852994,73.51562925905904,73.6117004094305,73.7080670670721,73.8046659949476,73.90143395602074,73.99830771325524,74.09522402961487,74.19211966806333,74.28893139156436,74.38559596308173,74.48205014557917,74.57823070202038,74.67407439536913,74.76951798858916,74.86449824464421,74.95895192649799,75.05281579711426,75.14602661945676,75.23852115648921,75.33023617117537,75.42110876851937,75.51108117146339,75.60009954274835,75.68811014646055,75.77505924668624,75.8608931075117,75.9455579930232,76.029000167307,76.11116589444939,76.1920014385366,76.27145306365492,76.34946703389062,76.42598961332996,76.50096706605923,76.57434565616467,76.64607164773257,76.71609130484919,76.7843508916008,76.85079667207366,76.91537491035405,76.97803187052823,77.03871381668247,77.09736701290304,77.15393772327621,77.20837221188826,77.26061674282543,77.31061758017402,77.35832098802028,77.40367323045048,77.4466205715509,77.48710927540778,77.52508560610741,77.56049582773606,77.59328620438,77.62340300012548,77.65079247905878,77.67540763475539,77.697251195922,77.71634818269828,77.73272372037222,77.7464029342318,77.75741094956497,77.76577289165971,77.771513885804,77.7746590572858,77.77523353139308,77.7732624334138,77.76877088863596,77.7617840223475,77.75232695983641,77.74042482639065,77.72610274729819,77.709385847847,77.69029925332507,77.66886808902034,77.64511748022079,77.61907255221439,77.59075843028913,77.56020023973295,77.52742310583383,77.49245215387975,77.45531250915869,77.41602929695858,77.37462764256743,77.3311326712732,77.28556950836385,77.23796327912736,77.18833910885168,77.1367221228248,77.0831374463347,77.02761020466934,76.97016552311668
69.0754220673832,68.98925832935163,68.91127947377927,68.84125781789986,68.77896567894715,68.7241753741549,68.67665922075686,68.63618953598677,68.60253863707842,68.57547884126554,68.55478246578187,68.54022182786119,68.53156924473724,68.52859703364378,68.53107751181456,68.53878299648333,68.55148580488385,68.56895825424986,68.59097266181514,68.61730134481343,68.64771662047848,68.68199080604403,68.71989621874387,68.76120517581172,68.80568999448134,68.85312299198651,68.90327648556095,68.95592279243843,69.0108342298527,69.06778311503751,69.12654176522663,69.1868824976538,69.24857762955277,69.3113994781573,69.37512036070115,69.43951259441806,69.5043488043275,69.56946686602144,69.63485023773708,69.7005020759976,69.76642553732624,69.83262377824622,69.89909995528073,69.965857224953,70.03289874378623,70.10022766830369,70.16784715502853,70.23576036048398,70.30397044119326,70.37248055367961,70.44129385446621,70.5104135000763,70.57984264703308,70.64958445185977,70.71964207107959,70.79001866121575,70.86071737879146,70.93174138032997,71.00309382235444,71.07477786138813,71.14679665395423,71.21915335657597,71.29185112577656,71.36489311807921,71.43828249000714,71.51202239808356,71.58611599883169,71.66056644877476,71.73537690443595,71.81055052233852,71.88609045900564,71.96199987096057,72.03828210524028,72.11494791510549,72.19201767476339,72.26951240140525,72.34745311222234,72.42586082440593,72.50475655514727,72.58416132163762,72.66409614106827,72.74458203063045,72.82564000751545,72.90729108891452,72.98955629201893,73.07245663401993,73.1560131321088,73.2402468034768,73.32517866531519,73.41082973481522,73.49722102916819,73.58437356556533,73.67230836119792,73.7610464332572,73.85060879893447,73.94101647542098,74.03229047990799,74.12445182958675,74.21752154164854,74.31152063328462,74.40647012168625,74.5023910240447,74.59930435755125,74.69723113939712,74.79619238677361,74.89620911687196,74.99730234688346,75.09949309399934,75.20279351109627,75.30708311463945,75.4121393173219,75.51773690537311,75.62365066502248,75.7296553824995,75.8355258440336,75.94103683585422,76.04596314419085,76.1500795552729,76.25316085532982,76.35498183059107,76.45531726728612,76.55394195164439,76.65063066989534,76.7451582082684,76.83729935299307,76.92682889029875,77.01352160641491,77.09715228757099,77.17749571999644,77.25432668992073,77.32741998357328,77.39655038718357,77.46149268698102,77.5220216691951,77.57791212005523,77.6289388257909,77.67487657263155,77.71550014680659,77.75058433454552,77.77990392207776,77.80323369563277,77.82034844144,77.83102294572889,77.8350319947289,77.83225854218591,77.82338496739693,77.80945195455719,77.79150187797933,77.77057711197601,77.74772003085988,77.72397300894359,77.70037842053979,77.67797863996114,77.65781604152029,77.6409329995299,77.62837188830261,77.62117508215108,77.62038495538796,77.62704388232592,77.6421942372776,77.66687839455564,77.7021387284727,77.74901761334144,77.80855742347451,77.88180053318457,77.96978931678427,78.07356614858625,78.19417340290319,78.3326534540477,78.49004867633248,78.66740144407015,78.86575413157338,79.0861491131548,79.3296287631271,79.59723545580292,79.89001156549489,80.20899946651569,80.55524153317795,80.92978013979435,81.33365766067752
69.02309877370547,68.92546757247658,68.83567551985345,68.75353347394079,68.67885229284335,68.61144283466587,68.55111595751305,68.49768251948962,68.45095337870035,68.41073939324994,68.37685142124315,68.34910032078469,68.32729694997929,68.31125216693167,68.30077682974658,68.29568179652878,68.29577792538294,68.30087607441385,68.31078710172619,68.32532186542474,68.34429122361419,68.3675060343993,68.39477715588478,68.4259154461754,68.46073176337583,68.49903696559088,68.54064191092519,68.58535745748355,68.63299446337072,68.68336378669136,68.73627628555025,68.79154281805208,68.84897424230164,68.90838141640361,68.96957519846276,69.03236644658378,69.0965662152033,69.16202718111191,69.22869488606932,69.29652743707419,69.36548294112518,69.43551950522095,69.50659523636018,69.57866824154152,69.65169662776363,69.72563850202518,69.8004519713248,69.87609514266119,69.95252612303297,70.02970301943883,70.10758393887744,70.18612698834743,70.26529027484746,70.34503190537623,70.42530998693238,70.50608262651456,70.58730793112144,70.66894400775169,70.75094896340396,70.8332809050769,70.9158979397692,70.99875817447949,71.08181971620645,71.16504067194874,71.24837914870501,71.33179325347393,71.41524109325417,71.49868077504438,71.58207040584321,71.66536809264933,71.74853194246141,71.8315200622781,71.9142912346582,71.99683050456021,72.07915703272886,72.16129225992424,72.24325762690648,72.3250745744357,72.406764543272,72.48834897417551,72.56984930790631,72.65128698522454,72.7326834468903,72.81406013366372,72.8954384863049,72.97683994557396,73.058285952231,73.13979794703616,73.22139737074951,73.30310566413121,73.38494426794135,73.46693462294004,73.54909816988742,73.63145634954356,73.71403060266861,73.79684237002266,73.87991309236584,73.96326421045826,74.04691716506004,74.13089339693127,74.21521434683207,74.29990145552257,74.38497616376287,74.4704599123131,74.55637414193335,74.64274029338374,74.7295798074244,74.81691412481541,74.90476107007747,74.99308435807416,75.08180604994799,75.17084713536305,75.26012860398349,75.34957144547342,75.43909664949695,75.52862520571823,75.61807810380137,75.70737633341047,75.79644088420969,75.88519274586314,75.97355290803492,76.06144236038918,76.14878209259003,76.23549309430157,76.32149635518797,76.40671286491333,76.49106361314176,76.5744695895374,76.65685178376435,76.73813118548676,76.81822878436873,76.8970655700744,76.97456253226788,77.0506406606133,77.12522094477477,77.19822437441641,77.26957193920236,77.33918462879673,77.40698343286365,77.47288934106724,77.53682334307163,77.59870642854092,77.65845958713925,77.71600380853073,77.77126685710074,77.82422656665875,77.87488321227838,77.92323717488824,77.96928883541693,78.0130385747931,78.05448677394533,78.09363381380226,78.13048007529248,78.16502593934464,78.19727178688733,78.22721799884918,78.2548649561588,78.2802130397448,78.3032626305358,78.32401410946042,78.34246785744726,78.35862425542497,78.37248368432213,78.38404652506738,78.39331315858931,78.40028396581656,78.40495932767774,78.40733962510146,78.40742523901633,78.40521655035099,78.40071394003402,78.39391778899407,78.38482847815975,78.37344638845966,78.35977190082241,78.34380539617665,78.32554725545096,78.30499785957397,78.2821575894743,78.25702682608056
69.79377558065137,69.67732164557273,69.56922004579691,69.46926996731663,69.3772705961246,69.29302111821356,69.21632071957622,69.14696858620532,69.08476390409355,69.02950585923367,68.98099363761837,68.9390264252404,68.90340340809247,68.87392377216732,68.85038670345764,68.83259138795619,68.82033701165567,68.8134227605488,68.81164782062832,68.81481137788695,68.8227126183174,68.8351507279124,68.85192489266468,68.87283429856696,68.89767813161195,68.92625557779239,68.95836582310099,68.99380805353049,69.03238145507359,69.07388521372305,69.11811851547154,69.16488054631182,69.21397049223661,69.26518753923864,69.3183308733106,69.37319968044525,69.42959336251656,69.48735708822568,69.54643813810993,69.60679760910726,69.66839659815562,69.73119620219299,69.79515751815728,69.86024164298648,69.92640967361854,69.9936227069914,70.06184184004304,70.1310281697114,70.20114279293443,70.27214680665011,70.34400130779636,70.41666739331117,70.49010616013247,70.56427870519823,70.63914612544642,70.71466951781495,70.79080997924183,70.86752860666498,70.94478649702235,71.02254474725193,71.10076445429164,71.17940671507945,71.25843262655333,71.3378032856512,71.41747978931106,71.49742323447083,71.57759471806848,71.65795533704197,71.73846618832924,71.81908836886826,71.89978297559699,71.98051110545337,72.0612344667149,72.1419385334825,72.22263965250254,72.30335623379214,72.38410668736852,72.46490942324883,72.54578285145024,72.62674538198993,72.70781542488504,72.78901139015275,72.87035168781026,72.95185472787469,73.03353892036324,73.11542267529308,73.19752440268135,73.27986251254525,73.36245541490196,73.44532151976861,73.52847923716237,73.61194697710046,73.69574314959999,73.77988616467816,73.86439443235214,73.94928636263909,74.03458036555617,74.12029485112058,74.20644822934945,74.29305891025999,74.38014530386933,74.46772582019466,74.55581886925314,74.64444286106196,74.73361620563827,74.82335731299924,74.91368459316203,75.00461645614384,75.09616624171659,75.18827142376068,75.28081107444301,75.37366276363558,75.46670406121036,75.55981253703939,75.65286576099463,75.74574130294808,75.83831673277176,75.93046962033765,76.02207753551775,76.11301804818406,76.20316872820858,76.2924071454633,76.38061086982022,76.46765747115134,76.55342451932866,76.63778958422417,76.72063023570986,76.80182404365775,76.88124857793983,76.95878140842808,77.0343001049945,77.10768223751111,77.17880537584989,77.24754708988286,77.31378494948197,77.37739652451926,77.43825938486671,77.49625110039632,77.5512492409801,77.60313137649001,77.65177507679809,77.69705791177633,77.7388574512967,77.77705126523121,77.81155568848122,77.84257355374318,77.87043610287326,77.89547518343122,77.91802264297684,77.93841032906987,77.9569700892701,77.97403377113729,77.98993322223119,78.0050002901116,78.01956682233825,78.03396466647092,78.0485256700694,78.06358168069342,78.07946454590277,78.0965061132572,78.1150382303165,78.13539274464043,78.15790150378875,78.18289635532122,78.21070914679761,78.2416717257777,78.27611593982127,78.31437363648804,78.35677666333781,78.40365686793035,78.4553460978254,78.51217620058276,78.57447902376217,78.64258641492341,78.71683022162625,78.79754229143045,78.88505447189577,78.979698610582,79.08180655504889,79.1917101528562
68.70333108654155,68.67590044501014,68.65240277402259,68.63274402139712,68.61683013495195,68.60456706250534,68.5958607518755,68.59061715088066,68.58874220733908,68.59014186906897,68.59472208388857,68.60238879961611,68.6130479640698,68.62660552506793,68.64296743042868,68.6620396279703,68.68372806551103,68.7079386908691,68.73457745186272,68.76355029631016,68.79476317202962,68.82812202683937,68.86353280855758,68.90090146500255,68.94013394399246,68.98113619334559,69.02381416088014,69.06807379441435,69.11382104176644,69.16096185075467,69.20940216919726,69.25904794491245,69.30980512571844,69.3615796594335,69.41427749387586,69.46780457686373,69.5220669795062,69.57699691057633,69.63258489542733,69.68882935002804,69.74572869034728,69.80328133235383,69.86148569201649,69.92034018530407,69.97984322818537,70.03999323662921,70.10078862660438,70.16222781407969,70.22430921502392,70.2870312454059,70.35039232119443,70.4143908583583,70.47902527286635,70.54429398068733,70.61019539779008,70.67672794014338,70.74389002371605,70.81168006447689,70.8800964783947,70.94913768143829,71.01880208957647,71.08908811877802,71.15999418501175,71.2315187042465,71.30366009245103,71.37641676559414,71.44978713964466,71.52376963057138,71.5983626543431,71.67356462692865,71.74937396429681,71.82578908241638,71.90280837406681,71.98042933054023,72.058648272065,72.13746144060534,72.21686507812544,72.29685542658945,72.37742872796159,72.45858122420603,72.54030915728697,72.62260876916855,72.70547630181503,72.78890799719053,72.87290009725933,72.95744884398553,73.04255047933333,73.12820124526698,73.2143973837506,73.3011351367484,73.38841074622457,73.47622045414329,73.56456050246877,73.6534271331652,73.74281658819672,73.83272510952756,73.92314893912189,74.0140843189439,74.1055274909578,74.19747469712775,74.28992217941794,74.38286617979256,74.47630294021582,74.57022870265189,74.66463970906494,74.75953220141918,74.85490242167882,74.950746611808,75.04705724311913,75.14377036680114,75.24077860172022,75.3379734495125,75.43524641181398,75.5324889902607,75.62959268648876,75.72644900213416,75.82294943883298,75.91898549822125,76.01444868193505,76.10923049161039,76.20322242888335,76.29631599538999,76.38840269276633,76.47937402264844,76.5691214866724,76.65753658647418,76.74451082368992,76.82993569995563,76.91370271690732,76.99570337618113,77.07582917941303,77.15397162823913,77.23002222429542,77.30387246921802,77.37541386464295,77.44453791220624,77.51113611354396,77.57509997029217,77.6363209840869,77.6946906565642,77.75010048936016,77.8024419841108,77.85160664245217,77.89748596602033,77.94000864734377,77.97937824289068,78.0159215039605,78.04996576296037,78.08183835229741,78.1118666043788,78.14037785161167,78.16769942640317,78.1941586611604,78.22008288829056,78.24579944020078,78.27163564929819,78.2979188479899,78.32497636868314,78.35313554378496,78.38272370570257,78.41406818684308,78.44749631961366,78.48333543642141,78.52191286967351,78.56355595177712,78.60859201513932,78.65734839216731,78.7101524152682,78.76733141684915,78.8292127293173,78.89612368507977,78.96839161654376,79.04634385611635,79.13030773620474,79.22061058921602,79.31757974755737,79.42154254363592,79.53282630985879,79.65175837863319,79.77866608236619
68.50313131868805,68.43375647269335,68.37260287100166,68.31940897189686,68.27391323366284,68.23585411458347,68.20497007294263,68.18099956702417,68.16368105511201,68.15275299549,68.14795384644202,68.14902206625196,68.15569611320367,68.16771444558105,68.18481552166799,68.20673779974832,68.23321973810596,68.26399979502476,68.2988164287886,68.33740809768138,68.37951325998695,68.4248703739892,68.473217897972,68.52429429021925,68.57783800901478,68.6335875126425,68.6912812593863,68.75065770753002,68.81145531535756,68.8734125411528,68.9362678431996,68.99975967978185,69.06362650918342,69.12760678968819,69.19143897958003,69.25486153714283,69.31761337475318,69.37952967244675,69.44066039612109,69.50108457360858,69.5608812327416,69.6201294013525,69.67890810727367,69.73729637833748,69.79537324237629,69.85321772722249,69.91090886070843,69.9685256706665,70.02614718492906,70.0838524313285,70.14172043769716,70.19983023186745,70.25826084167171,70.31709129494234,70.37640061951168,70.43626784321214,70.49677199387607,70.55799209933582,70.62000718742381,70.68289628597238,70.74673842281389,70.81161262578075,70.8775979227053,70.94477334141995,71.01321790975703,71.08301065554892,71.154230606628,71.22695679082666,71.30126823597725,71.37724396991213,71.45496302046371,71.53450441546433,71.61594539862651,71.69929385600358,71.78446757559632,71.87137832400107,71.95993786781415,72.05005797363185,72.14165040805051,72.23462693766643,72.32889932907594,72.42437934887535,72.52097876366096,72.61860934002911,72.71718284457612,72.81661104389828,72.91680570459192,73.01767859325335,73.1191414764789,73.22110612086487,73.3234842930076,73.42618775950336,73.52912828694852,73.63221764193936,73.73536759107222,73.83848990094337,73.94149633814918,74.04429866928594,74.14680866095,74.24893807973761,74.35059869224514,74.45170226506887,74.55216056480515,74.65188535805028,74.75078841140058,74.84878149145236,74.94577636480193,75.04168479804562,75.13641799308245,75.22987870226672,75.3219631734765,75.41256748727214,75.50158772421399,75.58891996486238,75.67446028977767,75.75810477952021,75.83974951465035,75.91929057572841,75.99662404331477,76.07164599796974,76.14425252025369,76.21433969072697,76.28180358994992,76.34654029848288,76.4084458968862,76.46741646572023,76.52334808554532,76.57613683692182,76.62567880041006,76.67187005657038,76.71460668596316,76.75378476914872,76.78930038668743,76.8210496191396,76.84892854706561,76.87283325102578,76.89265981158049,76.90830430929006,76.91966282471483,76.92663143841517,76.92910623095142,76.92698328288392,76.92015867477302,76.90852848717907,76.89205599279063,76.87120105611903,76.84664611560035,76.81907465954767,76.78917017627404,76.75761615409259,76.72509608131638,76.69229344625849,76.65989173723202,76.62857444255003,76.59902505052563,76.57192704947187,76.54796392770186,76.52781917352867,76.51217627526539,76.5017187212251,76.49712999972088,76.49909359906583,76.508293007573,76.52541171355551,76.55113320532641,76.5861409711988,76.63111849948577,76.68674927850039,76.75371679655574,76.83270454196492,76.924396003041,77.02947466809707,77.14862402544618,77.28252756340147,77.43186877027598,77.59733113438283,77.77959814403506,77.97935328754579,78.19728005322808,78.43406192939501
68.62023023931037,68.53769044405058,68.46372610146294,68.39807600075325,68.34047893112738,68.2906736817911,68.24839904195028,68.21339380081072,68.18539674757827,68.16414667145874,68.14938236165797,68.14084260738177,68.13826619783597,68.14139192222642,68.14995856975892,68.16370492963931,68.18236979107341,68.20569194326704,68.23341017542606,68.26526327675626,68.30099003646347,68.34032924375353,68.38301968783227,68.42880015790551,68.47740944317907,68.52858633285878,68.58206961615048,68.63759808225998,68.69491052039312,68.75374571975571,68.8138424695536,68.8749395589926,68.93677577727854,68.99908991361724,69.06162075721454,69.12410709727624,69.18628814806459,69.24799323579562,69.30925273835595,69.37012423724092,69.43066531394582,69.49093354996602,69.55098652679682,69.61088182593356,69.67067702887158,69.73042971710618,69.7901974721327,69.85003787544646,69.9100085085428,69.97016695291705,70.03057079006452,70.09127760148056,70.15234496866046,70.21383047309959,70.27579169629324,70.33828621973677,70.40137162492549,70.46510549335473,70.52954540651982,70.59474894591607,70.66077369303883,70.72767722938342,70.79551713644517,70.8643509957194,70.93423638870144,71.00523089688662,71.07739210177027,71.1507775848477,71.22544492761426,71.30145171156528,71.37885551819606,71.45771392900194,71.53808318167198,71.61996727342647,71.70330233926902,71.78801997885706,71.87405179184806,71.96132937789947,72.04978433666874,72.13934826781332,72.22995277099065,72.32152944585818,72.41400989207338,72.50732570929368,72.60140849717654,72.69618985537939,72.79160138355971,72.88757468137494,72.98404134848253,73.08093298453993,73.17818118920457,73.27571756213392,73.37347370298544,73.47138121141657,73.56937168708474,73.66737672964743,73.76532793876207,73.86315691408613,73.96079525527705,74.05817456199226,74.15522643388923,74.2518824706254,74.34807427185825,74.4437334372452,74.53879156644372,74.63318025911123,74.72683111490522,74.8196757334831,74.91164675684027,75.00269242343583,75.09277297791756,75.18184897377412,75.26988096449413,75.35682950356625,75.44265514447913,75.5273184407214,75.61077994578173,75.69300021314875,75.7739397963111,75.85355924875743,75.9318191239764,76.00867997545663,76.08410235668678,76.15804682115551,76.23047392235144,76.30134421376323,76.37061824887952,76.43825658118897,76.50421976418019,76.56846835134188,76.63096289616263,76.69166395213112,76.750532072736,76.80752781146587,76.86261172180944,76.9157443572553,76.96688627129214,77.01599801740856,77.06304014909325,77.10797321983483,77.15075778312195,77.19135439244326,77.2297236012874,77.26582596314303,77.29966487442358,77.33156036753384,77.36197439206695,77.39136956703688,77.42020851145747,77.44895384434268,77.47806818470639,77.50801415156249,77.53925436392491,77.57225144080755,77.6074680012243,77.6453666641891,77.6864100487158,77.73106077381836,77.77978145851064,77.83303472180657,77.89128318272006,77.954989460265,78.02461617345529,78.10062594130486,78.18348138282758,78.27364511703739,78.37157976294817,78.47774793957383,78.5926122659283,78.71663536102544,78.85027984387918,78.99400833350343,79.14828344891208,79.31356780911905,79.49032403313824,79.67901473998354,79.88010254866889,80.09405007820814,80.32131994761525,80.56237477590409
68.74882502221357,68.6445514009871,68.55082089403044,68.46731013874174,68.39369577251927,68.32965443276126,68.27486275686596,68.22899738223154,68.1917349462563,68.16275208633843,68.14172543987618,68.12833164426777,68.12224733691144,68.12314915520541,68.13071373654793,68.14461771833722,68.1645377379715,68.19015043284904,68.22113244036802,68.25716039792673,68.29791094292334,68.34306071275611,68.39228634482329,68.44526447652309,68.50167174525374,68.5611847884135,68.62348024340056,68.68823474761317,68.75512493844957,68.82382745330796,68.89401892958662,68.96537600468375,69.03757531599757,69.11029350092636,69.18320719686832,69.25599304122167,69.32832816712076,69.3999948037573,69.47100966350732,69.54142118585865,69.61127781029903,69.68062797631619,69.74952012339794,69.81800269103199,69.88612411870612,69.95393284590806,70.02147731212561,70.08880595684649,70.15596721955849,70.22300953974933,70.28998135690681,70.35693111051866,70.42390724007264,70.4909581850565,70.558132384958,70.62547827926493,70.69304430746503,70.76087890904601,70.82903052349569,70.89754759030181,70.96647854895214,71.03587183893437,71.10577589973634,71.17623917084576,71.24731009175044,71.31903710193806,71.3914686408964,71.46465314811327,71.53863906307639,71.61347482527351,71.6892088741924,71.76588964932081,71.8435647200569,71.92224783106609,72.00190878748943,72.08251445791574,72.16403171093371,72.24642741513215,72.32966843909976,72.41372165142532,72.49855392069757,72.58413211550528,72.67042310443715,72.75739375608201,72.84501093902854,72.9332415218655,73.0220523731817,73.1114103615658,73.20128235560664,73.29163522389292,73.3824358350134,73.47365105755684,73.56524776011197,73.65719281126756,73.74945307961237,73.84199543373511,73.93478674222457,74.0277938736695,74.12098369665863,74.2143230797807,74.3077788916245,74.40131800077877,74.49490727583226,74.58851358537369,74.68210379799184,74.77564478227548,74.86910340681332,74.96244654019414,75.05563940832495,75.14862265772707,75.24131801366208,75.33364671467099,75.42552999929485,75.51688910607466,75.60764527355146,75.69771974026627,75.78703374476017,75.87550852557415,75.96306532124923,76.0496253703265,76.1351099113469,76.21944018285156,76.30253742338145,76.38432287147764,76.4647177656811,76.54364334453292,76.62102084657413,76.6967715103457,76.77081657438875,76.84307727724423,76.91347485745321,76.98193055355672,77.04836560409582,77.11270124761147,77.17485872264477,77.23475926773672,77.29232412142834,77.3474745222607,77.4001317087748,77.45021691951167,77.49765139301236,77.54235636781787,77.58425308246929,77.6232627755076,77.65932626533449,77.69252907775918,77.72302159687935,77.75095451272789,77.77647851533776,77.7997442947419,77.82090254097328,77.84010394406481,77.85749919404945,77.87323898096018,77.8874739948299,77.90035492569156,77.91203246357811,77.92265729852248,77.93238012055765,77.94135161971657,77.94972248603214,77.95764340953731,77.96526508026507,77.97273818824833,77.98021342352003,77.98784147611313,77.99577303606058,78.00415879339532,78.01314943815028,78.02289566035843,78.03354815005268,78.045257597266,78.05817469203133,78.07245012438163,78.08823458434982,78.10567876196886,78.12493334727166,78.14614903029123,78.16947650106049,78.19506644961236
69.33447636895734,69.20891846146976,69.0940376848062,68.98952689918572,68.89507896482743,68.81038674195042,68.73514309077382,68.6690408715167,68.61177294439815,68.56303216963731,68.52251140745324,68.48990351806503,68.46490136169183,68.4471977985527,68.43648568886672,68.43245789285304,68.43480727073072,68.44322668271887,68.4574089890366,68.47704704990298,68.50183372553714,68.53146187615816,68.56562436198514,68.60401404323717,68.64632378013337,68.69224643289283,68.74147486173463,68.7937019268779,68.84862048854171,68.90592340694518,68.96530354230738,69.02645375484744,69.08906690478445,69.15283585233749,69.21745345772568,69.28261258116811,69.3480065207953,69.41342141196,69.4788505221193,69.5443151450615,69.6098365745749,69.67543610444783,69.74113502846858,69.80695464042546,69.8729162341068,69.93904110330088,70.00535054179603,70.07186584338056,70.13860830184278,70.205599210971,70.27285986455351,70.34041155637864,70.40827558023469,70.47647322990997,70.5450257991928,70.61395458187147,70.68328087173431,70.75302596256962,70.82321114816571,70.8938577223109,70.96498697879349,71.03662021140178,71.1087787139241,71.18148378014874,71.25475670386403,71.32861877885826,71.40309129891976,71.47819555783681,71.55395284939775,71.63038446739088,71.7075117056045,71.78535585782693,71.86393794236622,71.94326826823522,72.02334323269359,72.10415830325506,72.18570894743341,72.26799063274237,72.35099882669572,72.4347289968072,72.51917661059056,72.60433713555956,72.69020603922797,72.77677878910953,72.86405085271798,72.9520176975671,73.04067479117063,73.13001760104234,73.22004159469597,73.31074223964528,73.402115003404,73.49415535348594,73.58685875740481,73.68022068267439,73.77423659680841,73.86890196732062,73.96421226172482,74.06016294753474,74.15674949226411,74.25396736342671,74.35181202853629,74.45027895510661,74.54936361065143,74.64906146268447,74.74936797871953,74.85027862627034,74.95178887285066,75.05389418597423,75.15658163455095,75.25971261949175,75.36305180223323,75.46636135573672,75.56940345296356,75.6719402668751,75.77373397043267,75.87454673659764,75.97414073833133,76.07227814859507,76.16872114035024,76.26323188655816,76.35557256018018,76.44550533417762,76.53279238151187,76.61719587514423,76.69847798803606,76.77640089314869,76.85072676344349,76.92121777188177,76.9876360914249,77.04974389503421,77.10730335567105,77.16007664629674,77.20782593987266,77.25031340936012,77.28730122772049,77.31855156791508,77.34382660290527,77.36288850565236,77.37549944911774,77.38142160626272,77.38041715004866,77.37224825343688,77.35667708938875,77.33346583086559,77.30253169326868,77.26493775253165,77.2222606626704,77.17607950023887,77.12797334179106,77.07952126388096,77.03230234306254,76.98789565588979,76.94788027891668,76.9138352886972,76.88733976178533,76.86997277473503,76.86331340410031,76.86894072643514,76.8884338182935,76.92337175622939,76.97533361679676,77.04589847654961,77.1366454120419,77.24915349982764,77.3850018164608,77.54576943849536,77.73303544248529,77.94837890498458,78.19337890254722,78.4696145117272,78.77866480907846,79.12210887115502,79.50152577451082,79.9184945956999,80.3745944112762,80.87140429779372,81.41050333180642,81.99347058986827,82.62188514853331,83.29732608435548
69.59318816748986,69.46238129596479,69.34216900698647,69.23225999936548,69.13236297191239,69.04218662343774,68.96143965275215,68.88983075866616,68.82706863999036,68.7728619955353,68.72691952411157,68.68894992452974,68.65866189560037,68.63576413613404,68.61996534494133,68.61097422083282,68.60849946261905,68.6122497691106,68.62193383911806,68.63726037145199,68.65793806492297,68.68367561834157,68.71418173051833,68.74916510026388,68.78833442638876,68.83139840770353,68.8780657430188,68.9280451311451,68.98104527089302,69.03677486107313,69.09494260049598,69.15525718797221,69.21742732231233,69.28116170232693,69.34616902682659,69.41215799462188,69.4788376945039,69.5459998911373,69.61362080998012,69.68170163524468,69.75024355114327,69.81924774188823,69.88871539169183,69.9586476847664,70.02904580532424,70.09991093757766,70.17124426573899,70.24304697402049,70.31532024663451,70.38806526779337,70.4612832217093,70.53497529259468,70.60914266466182,70.68378652212297,70.7589080491905,70.83450843007668,70.91058884899385,70.98715049015428,71.0641945377703,71.14172217605423,71.21973458921838,71.29823296147501,71.37721847703648,71.45669232011505,71.53665567492308,71.61710972567286,71.69805565657666,71.77949465184685,71.86142789569573,71.94385657233556,72.02678186597868,72.11020496083742,72.19412693331284,72.27854466864585,72.36344960761193,72.44883282712377,72.53468540409406,72.62099841543554,72.70776293806085,72.7949700488827,72.88261082481384,72.9706763427669,73.05915767965459,73.14804591238965,73.23733211788473,73.32700737305257,73.41706275480584,73.50748934005722,73.59827820571945,73.6894204287052,73.7809070859272,73.8727292542981,73.96487801073062,74.05734443213746,74.15011959543133,74.24319457752489,74.33656045533087,74.43020830576197,74.52412920573084,74.61831423215025,74.71275446193286,74.80744097199135,74.90236483923843,74.99751714058684,75.09288895294921,75.18847135323827,75.28425541836671,75.38023222524723,75.47638685984799,75.57261476585535,75.66874238014981,75.76459436451711,75.85999538074299,75.95477009061324,76.04874315591363,76.14173923842986,76.2335829999478,76.32409910225309,76.41311220713158,76.500446976369,76.58592807175111,76.66938015506369,76.75062788809245,76.82949593262322,76.90580895044172,76.97939160333371,77.05006855308497,77.11766446148127,77.18200399030832,77.24291180135194,77.30021255639787,77.35373091723184,77.40329154563966,77.44871910340709,77.48983825231983,77.52647365416371,77.55844997072447,77.58559186378787,77.60772399513965,77.62467102656561,77.63625761985148,77.64230843678305,77.64264813914605,77.63710138872625,77.62558491291409,77.60869586145938,77.58733635142738,77.56240993840842,77.5348201779928,77.50547062577087,77.47526483733296,77.44510636826936,77.41589877417044,77.38854561062652,77.3639504332279,77.34301679756493,77.32664825922791,77.31574837380717,77.31122069689306,77.31396878407591,77.32489619094602,77.34490647309372,77.37490318610932,77.41578988558317,77.4684701271056,77.53384746626693,77.61282545865748,77.7063076598676,77.81519762548757,77.94039891110774,78.08281507231845,78.24334966471,78.42290624387272,78.62238836539697,78.84269958487303,79.08474345789125,79.34942354004195,79.63764338691544,79.9503065541021,80.28831659719219
68.61273960005262,68.56119217608905,68.5158272381053,68.47646365881118,68.44292031091652,68.41501606713113,68.39256980016484,68.37540038272745,68.36332668752881,68.35616758727872,68.35374195468701,68.35586866246351,68.362366583318,68.37305458996036,68.38775155510038,68.40627635144787,68.42844785171268,68.4540849286046,68.48300645483347,68.51503130310911,68.54997834614133,68.58766645663997,68.62791450731483,68.67054137087574,68.71536592003253,68.76220702749501,68.810883565973,68.86121440817632,68.9130184268148,68.96611449459824,69.0203214842365,69.07545826843936,69.13134371991667,69.18779671137824,69.24463611553388,69.30168080509343,69.35874996817174,69.4157296587495,69.4726551173856,69.52958177056063,69.58656504475522,69.64366036644998,69.70092316212553,69.7584088582625,69.8161728813415,69.87427065784314,69.93275761424805,69.99168917703683,70.05112077269011,70.11110782768853,70.17170576851267,70.23297002164317,70.29495601356064,70.3577191707457,70.42131491967896,70.48579868684106,70.5512258987126,70.61765198177422,70.6851323625065,70.75372246739006,70.82347772290557,70.8944535555336,70.9667053917548,71.04028865804976,71.1152587808991,71.19167118678345,71.26958130218343,71.34904455357965,71.43011636745273,71.51285217028328,71.59730738855194,71.68353744873932,71.77159601693117,71.86146832386338,71.95305070033174,72.04623353579946,72.14090721972973,72.23696214158572,72.33428869083063,72.43277725692764,72.53231822933994,72.63280199753072,72.73411895096316,72.83615947910046,72.9388139714058,73.04197281734237,73.14552640637334,73.24936512796192,73.35337937157131,73.45745952666466,73.56149598270518,73.66537912915605,73.76899935548046,73.8722470511416,73.97501260560264,74.07718640832681,74.17865884877726,74.27932031641718,74.37906120070977,74.47777189111821,74.57534277710569,74.6716642481354,74.76662669367052,74.86012050317424,74.95203606610976,75.04226377194024,75.1306940101289,75.21721717013891,75.30172908740698,75.3842070852701,75.46469121661221,75.54322314793905,75.61984454575634,75.6945970765698,75.7675224068852,75.83866220320826,75.9080581320447,75.97575185990027,76.04178505328069,76.1061993786917,76.16903650263905,76.23033809162844,76.29014581216563,76.34850133075635,76.40544631390632,76.4610224281213,76.51527133990699,76.56823471576915,76.6199542222135,76.67047152574577,76.71982829287171,76.76806619009704,76.81522688392751,76.86135204086884,76.90648332742676,76.95066241010701,76.99393095541532,77.03633062985743,77.07790309993908,77.11869003216599,77.15873309304389,77.19807394907853,77.23675426677563,77.27481571264094,77.31232769200696,77.34956461747288,77.38689278650163,77.42467892997529,77.46328977877592,77.5030920637856,77.54445251588643,77.58773786596048,77.63331484488981,77.68155018355652,77.7328106128427,77.7874628636304,77.84587366680172,77.90840975323871,77.9754378538235,78.04732469943812,78.12443702096468,78.20714154928524,78.29580501528189,78.3907941498367,78.49247568383176,78.60121634814914,78.71738287367093,78.84134199127918,78.97346043185601,79.11410492628347,79.26364220544366,79.42243900021865,79.5908620414905,79.76927806014132,79.95805378705316,80.15755595310813,80.36815128918829,80.5902065261757,80.8240883949525,81.0701636264007
69.12055066000755,69.07681329755192,69.03797187413785,69.00388136032389,68.97439672666862,68.9493729437306,68.92866498206838,68.91212781224054,68.89961640480566,68.89098573032229,68.88609075934899,68.88478646244434,68.8869278101669,68.89236977307523,68.9009673217279,68.91257542668347,68.92704905850053,68.94424318773763,68.96401278495331,68.98621282070617,69.01069826555478,69.03732409005768,69.06594526477345,69.09641676026064,69.12859354707784,69.1623305957836,69.1974828769365,69.23390536109508,69.27145301881794,69.30998082066363,69.3493437371907,69.38939673895771,69.42999479652327,69.47099288044592,69.51224596128422,69.55360900959676,69.59493729568682,69.63614963574692,69.67730662524106,69.71848804329791,69.75977366904613,69.8012432816144,69.84297666013138,69.88505358372574,69.92755383152615,69.97055718266128,70.0141434162598,70.05839231145036,70.10338364736164,70.14919720312231,70.19591275786104,70.24361009070648,70.29236898078733,70.34226920723223,70.39339054916985,70.44581278572888,70.49961569603795,70.55487905922577,70.61168265442097,70.67010626075223,70.73022965734825,70.79213262333765,70.85589493784913,70.92159638001134,70.98931672895296,71.05913576380263,71.13113326368907,71.20538900774089,71.2819827750868,71.36099434485546,71.44250349617552,71.52659000817565,71.61333117772716,71.70270780394594,71.79457533195047,71.88878082924064,71.98517136331633,72.0835940016774,72.18389581182372,72.28592386125517,72.3895252174716,72.49454694797292,72.60083612025898,72.70823980182963,72.81660506018478,72.92577896282428,73.03560857724801,73.14594097095585,73.25662321144765,73.36750236622329,73.47842550278264,73.58923968862558,73.69979199125198,73.80992947816172,73.91949921685465,74.02834827483063,74.13632371958958,74.24327261863134,74.34904203945578,74.45347904956279,74.55643071645221,74.65774410762396,74.75726629057786,74.85484433281381,74.95032530183168,75.04355626513134,75.13438429021267,75.2226564445755,75.30823038629008,75.39112223973783,75.47147011698046,75.54941526802644,75.62509894288422,75.69866239156225,75.77024686406901,75.83999361041295,75.90804388060252,75.97453892464617,76.03961999255239,76.1034283343296,76.16610519998629,76.22779183953091,76.2886295029719,76.34875944031774,76.40832290157688,76.46746113675778,76.52631539586889,76.58502692891867,76.6437369859156,76.7025868168681,76.76171767178467,76.82127080067373,76.88138745354377,76.94220888040321,77.00387633126056,77.06653105612423,77.13031430500271,77.19536732790445,77.2618313748379,77.32984769581152,77.39955754083377,77.47110215991312,77.544622803058,77.62026072027689,77.69808320384654,77.77761095218264,77.85811967871463,77.93888394128233,78.01917829772559,78.09827730588427,78.17545552359819,78.2499875087072,78.32114781905116,78.3882110124699,78.45045164680326,78.5071442798911,78.55756346957325,78.60098377368956,78.63667975007988,78.66392595658404,78.6819969510419,78.69016729129328,78.68771153517805,78.67390424053603,78.6480199652071,78.60933326703106,78.55711870384779,78.49065083349711,78.40920421381888,78.31205340265292,78.19847295783912,78.06773743721727,77.91912139862725,77.7518993999089,77.56534599890205,77.35873575344655,77.13134322138224,76.88244296054899,76.6113095287866,76.31721748393495
69.0732780003687,68.98055575066192,68.89696185482454,68.82221158498973,68.75602021329065,68.69810301186047,68.64817525283233,68.6059522083394,68.57114915051486,68.54348135149183,68.5226640834035,68.508412618383,68.50044222856354,68.49846818607823,68.50220576306025,68.51137023164276,68.5256768639589,68.54484093214187,68.5685777083248,68.59660246464085,68.62863047322318,68.66437700620497,68.70355733571935,68.74588673389951,68.79108047287859,68.83885382478975,68.88892206176615,68.94100045594098,68.99480427944735,69.05004880441844,69.10644930298741,69.16372104728742,69.22157930945166,69.27973936161322,69.33791647590533,69.39582592446112,69.45318345780353,69.50980624508867,69.56573773383823,69.62105198851972,69.67582307360072,69.73012505354872,69.78403199283126,69.83761795591592,69.8909570072702,69.94412321136166,69.9971906326578,70.05023333562619,70.10332538473433,70.15654084444978,70.2099537792401,70.26363825357276,70.31766833191537,70.37211807873541,70.42706155850044,70.48257283567801,70.53872597473563,70.59559504014084,70.6532540963612,70.7117772078642,70.77123843911743,70.83171185458838,70.89327151874463,70.95599149605367,71.01994585098306,71.08520864800033,71.15185395157305,71.2199558261687,71.28958833625484,71.36082554629903,71.43374152076876,71.5084103241316,71.58490449107671,71.66323708615965,71.7433439201289,71.82515564073097,71.90860289571242,71.99361633281977,72.08012659979956,72.16806434439832,72.25736021436256,72.34794485743885,72.4397489213737,72.53270305391365,72.62673790280525,72.721784115795,72.81777234062945,72.91463322505513,73.01229741681857,73.11069556366633,73.20975831334488,73.30941631360082,73.40960021218065,73.51024065683092,73.61126829529813,73.71261377532883,73.81420774466957,73.91598085106688,74.01786374226728,74.1197870660173,74.22168147006346,74.32347760215232,74.42510611003041,74.52649764144427,74.6275828441404,74.72829236586536,74.82855685436567,74.92830695738787,75.02747387312017,75.12599703598922,75.22382222069427,75.32089536502848,75.41716240678494,75.5125692837568,75.60706193373716,75.70058629451913,75.79308830389584,75.88451389966042,75.97480901960597,76.06391960152563,76.1517915832125,76.23837090245972,76.32360349706038,76.40743530480762,76.48981226349456,76.57068031091431,76.64998538486,76.72767342312474,76.80369036350166,76.87798214378387,76.95049470176447,77.02117397523662,77.08996590199342,77.15681641982799,77.22167146653345,77.2844769799029,77.3451788977295,77.40372315780634,77.46005569792653,77.51412245588322,77.56586936946951,77.61524237647853,77.6621874147034,77.70665042193721,77.74860008175315,77.78817318325503,77.82558186094299,77.86103860472005,77.8947559044892,77.92694625015345,77.95782213161579,77.9875960387792,78.0164804615467,78.04468788982129,78.07243081350596,78.0999217225037,78.1273731067175,78.15499745605038,78.18300726040533,78.21161500968533,78.2410331937934,78.27147430263253,78.3031508261057,78.33627525411593,78.37106007656621,78.40771778335954,78.4464608643989,78.48750180958731,78.53105310882776,78.57732725202324,78.62653672907675,78.6788940298913,78.73461164436985,78.79390206241544,78.85697777393105,78.92405126881968,78.99533503698432,79.07104156832797,79.15138335275363,79.23657288016429
69.51879345956641,69.34816985654696,69.1915527404483,69.04852946466816,68.91868738260425,68.80161384765431,68.69689621321608,68.60412183268727,68.52287805946563,68.45275224694888,68.39333174853473,68.34420391762096,68.30495610760526,68.27517567188539,68.25444996385905,68.242366336924,68.23851214447794,68.2424747399186,68.25384147664374,68.27219970805109,68.29713678753835,68.32824006850328,68.36509690434359,68.407294648457,68.45442065424128,68.50606227509412,68.56180686441328,68.62124177559647,68.68395436204143,68.7495319771459,68.8175619743076,68.88763170692424,68.95932852839358,69.03223979211334,69.10595285148126,69.18005505989505,69.2541343679441,69.32790533084622,69.40136497546659,69.47454854893563,69.5474912983837,69.62022847094121,69.69279531373856,69.76522707390612,69.83755899857428,69.90982633487344,69.982064329934,70.05430823088633,70.12659328486085,70.19895473898791,70.27142784039792,70.34404783622128,70.41684997358838,70.4898694996296,70.56314166147533,70.63670170625598,70.71058488110191,70.78482643314352,70.85946160951121,70.93452565733539,71.0100538237464,71.08608135587468,71.16264350085059,71.23977550580453,71.31751261786688,71.39589008416806,71.47494315183843,71.5547070680084,71.63521707980836,71.71650843436868,71.79861637881976,71.881576160292,71.9654222004486,72.05015683091587,72.13574069722718,72.2221316589641,72.30928757570827,72.3971663070413,72.48572571254478,72.57492365180032,72.66471798438953,72.75506656989401,72.84592726789539,72.93725793797525,73.02901643971519,73.12116063269684,73.21364837650181,73.30643753071168,73.39948595490807,73.4927515086726,73.58619205158686,73.67976544323245,73.77342954319101,73.86714221104411,73.96086130637337,74.0545446887604,74.14815021778682,74.2416357530342,74.33495915408417,74.42807828051835,74.52095099191831,74.61353514786569,74.70578860794208,74.79766923172909,74.88913487880832,74.98014340876139,75.0706526811699,75.16062055561547,75.25000703515471,75.33880419558187,75.42702880234808,75.51469825600816,75.60182995711696,75.68844130622932,75.77454970390008,75.86017255068408,75.94532724713618,76.03003119381117,76.11430179126394,76.1981564400493,76.28161254072211,76.3646874938372,76.4473986999494,76.52976355961357,76.61179947338454,76.69352384181715,76.77495406546625,76.85610754488665,76.93700168063323,77.0176538732608,77.09808152332421,77.17830203137832,77.25833279797793,77.33819122367791,77.41789470903309,77.49746065459831,77.57690646092843,77.65624952857826,77.73550725810264,77.81469705005644,77.89383630499447,77.97294242347158,78.05203280604262,78.13112485326242,78.21021757242553,78.28917403313719,78.36779637732789,78.44588645953348,78.52324613428978,78.59967725613261,78.67498167959779,78.74896125922118,78.82141784953856,78.89215330508578,78.96096948039866,79.02766823001303,79.09205140846471,79.15392087028954,79.21307847002333,79.26932606220191,79.32246550136111,79.37229864203674,79.41862733876464,79.46125344608063,79.49997881852055,79.53460531062021,79.56493477691544,79.59076907194206,79.6119100502359,79.62815956633281,79.63931947476857,79.64519163007904,79.64557788680003,79.64028009946738,79.62910012261689,79.6118398107844,79.58830101850575,79.55828560031674,79.52159541075322,79.47803230435099
68.2930836145018,68.27652032507757,68.26354973384902,68.25408374665864,68.24803426934892,68.2453132077624,68.24583246774158,68.24950395512897,68.25623957576707,68.2659512354984,68.27855084016548,68.29395029561078,68.31206150767687,68.3327963822062,68.35606682504132,68.38178474202472,68.40986203899891,68.44021062180641,68.47274239628973,68.50736926829136,68.54400314365384,68.58255592821965,68.6229395278313,68.66506584833132,68.70884679556224,68.7541942753665,68.80102019358668,68.84923645606526,68.89875496864472,68.94948763716762,69.00134636747646,69.05424306541371,69.10808963682193,69.1627979875436,69.21828002342124,69.27444914933191,69.33125698175108,69.38869554593563,69.44675880604431,69.5054407262359,69.56473527066916,69.6246364035028,69.68513808889564,69.74623429100643,69.8079189739939,69.87018610201685,69.933029639234,69.99644354980411,70.060421797886,70.12495834763835,70.19004716321997,70.25568220878962,70.32185744850604,70.38856684652798,70.45580436701424,70.52356397412353,70.59183963201464,70.66062530484633,70.72991495677736,70.79970255196649,70.86998205457245,70.94074742875405,71.01199263867001,71.08371164847911,71.15589842234009,71.22854692441173,71.30165111885277,71.37520496982201,71.44920244147816,71.52363749798,71.59850872211979,71.67383570885157,71.74964402536709,71.82595923927273,71.9028069181749,71.98021262967995,72.05820194139429,72.13680042092427,72.21603363587631,72.29592715385677,72.37650654247203,72.45779736932847,72.5398252020325,72.62261560819049,72.7061941554088,72.79058641129383,72.87581794345198,72.9619143194896,73.0489011070131,73.13680387362884,73.22564818694319,73.31545961456258,73.40626372409336,73.49808608314191,73.59095225931465,73.6848878202179,73.7799183334581,73.8760693666416,73.97336648737479,74.07183526326405,74.17150126191578,74.27239005093635,74.37452719793212,74.47793827050951,74.58264614934163,74.68858833358604,74.79560133138419,74.90351581442906,75.01216245441371,75.12137192303113,75.2309748919744,75.34080203293651,75.4506840176105,75.56045151768937,75.66993520486616,75.7789657508339,75.88737382728563,75.99499010591434,76.1016452584131,76.20716995647489,76.31139487179276,76.41415067605975,76.51526804096885,76.61457763821309,76.71191013948554,76.80709621647917,76.89996654088704,76.99035178440215,77.07808261871756,77.16298971552628,77.2449037465213,77.32365538339572,77.39907529784249,77.47099416155469,77.53924264622532,77.60365142354739,77.66405116521398,77.72027254291807,77.77214622835268,77.81954745087535,77.86258218430906,77.90143087012625,77.93627398651377,77.96729201165844,77.99466542374715,78.01857470096668,78.03920032150391,78.05672276354568,78.07132250527881,78.08318002489015,78.09247580056653,78.09939031049481,78.10410403286183,78.10679744585441,78.1076510276594,78.10684525646364,78.10456061045396,78.10097756781722,78.09627660674026,78.09063820540992,78.08424284201301,78.07727099473642,78.06990314176694,78.06231976129145,78.05470133149676,78.04722833056972,78.04008123669718,78.03344052806598,78.02748668286294,78.02240017927492,78.01836149548876,78.01555110969129,78.01414950006937,78.01420422504019,78.01456533149154,78.0149264379429,78.01528754439427,78.01564865084562,78.01600975729698,78.01637086374835
69.02453693653622,68.92275416214244,68.83041251338798,68.747226534404,68.6729107693217,68.60717976227224,68.54974805738681,68.50033019879659,68.45864073063275,68.42439419702649,68.39730514210898,68.37708811001139,68.3634576448649,68.3561282908007,68.35481459194997,68.35923109244389,68.36909233641364,68.3841128679904,68.40400723130533,68.42848997048964,68.45727562967448,68.49007875299107,68.52661388457055,68.56659556854413,68.60973834904296,68.65575677019824,68.70436537614115,68.75527871100287,68.80821131891456,68.86287774400743,68.91899253041264,68.97627022226138,69.0344253636848,69.09317249881413,69.15222617178051,69.21130092671514,69.27011177064234,69.32847184393484,69.38641323542646,69.44399765911292,69.50128682898985,69.55834245905291,69.61522626329777,69.67199995572008,69.7287252503155,69.7854638610797,69.84227750200833,69.89922788709704,69.9563767303415,70.01378574573738,70.07151664728032,70.12963114896597,70.18819096479002,70.2472578087481,70.3068933948359,70.36715943704904,70.42811764938321,70.48982974583404,70.55235744039723,70.6157624470684,70.68010647984325,70.74545125271739,70.8118584796865,70.87938987474627,70.9481071518923,71.01807202512029,71.0893462084259,71.16199141580476,71.23606936125256,71.31164175876494,71.38877032233755,71.46751676596608,71.54794104602425,71.63003479133359,71.7137008708086,71.79883622138979,71.88533778001765,71.97310248363273,72.06202726917549,72.15200907358647,72.24294483380616,72.33473148677508,72.42726596943373,72.52044521872263,72.61416617158228,72.70832576495319,72.80282093577587,72.89754862099082,72.99240575753855,73.08728928235958,73.18209613239439,73.27672324458354,73.37106755586748,73.46502600318676,73.55849552348187,73.65137305369332,73.74355553076161,73.83493989162727,73.92542307323079,74.01490201251268,74.10327364641346,74.19043491187362,74.27628274583368,74.36071408523415,74.44362586701554,74.52491502811836,74.6044785054831,74.68221323605027,74.75802782702966,74.83200550743794,74.90436393050446,74.97532420731615,75.04510744895994,75.11393476652277,75.1820272710916,75.24960607375331,75.31689228559488,75.3841070177032,75.45147138116525,75.51920648706792,75.58753344649816,75.6566733705429,75.7268473702891,75.79827655682364,75.8711820412335,75.94578493460558,76.02230634802683,76.10096739258418,76.18198917936456,76.26559281945492,76.35199942394216,76.44143010391323,76.53410597045507,76.63024813465461,76.73007770759877,76.83381580037448,76.94168352406871,77.05390198976835,77.17069230856035,77.29227559153163,77.41887294976915,77.55070549435983,77.68799433639059,77.83096058694838,77.9796785458257,78.13313748559219,78.28984036640475,78.44828785449373,78.60698061608954,78.7644193174226,78.91910462472325,79.06953720422194,79.214217722149,79.35164684473489,79.48032523820994,79.59875356880458,79.7054325027492,79.79886270627418,79.87754484560993,79.93997958698681,79.98466759663525,80.01010954078562,80.01480608566831,79.99725789751373,79.95596564255226,79.8894299870143,79.79615159713023,79.67463113913045,79.52336927924536,79.34086668370534,79.1256240187408,78.8761419505821,78.59092114545967,78.26846226960389,77.90726598924513,77.50583297061381,77.0626638799403,76.57625938345504,76.04512014738836,75.46774683797068
68.66717540776757,68.54931119106232,68.44239645714119,68.34609883295282,68.26008594544585,68.18402542156893,68.11758488827068,68.06043197249977,68.01223430120483,67.97265950133449,67.9413751998374,67.9180490236622,67.90234859975756,67.89394155507208,67.89249551655442,67.89767811115323,67.90915696581713,67.92659970749479,67.94967396313483,67.97804735968589,68.01138752409663,68.04936208331567,68.09163866429168,68.13788489397328,68.18776839930912,68.24095680724784,68.29711774473807,68.35591883872848,68.4170277161677,68.48011200400434,68.54483932918708,68.61087731866456,68.67789359938541,68.74555579829827,68.81353154235178,68.88148845849459,68.94909469925112,69.01612983921146,69.08262205031026,69.14863314133223,69.21422492106201,69.2794591982843,69.3443977817838,69.40910248034515,69.47363510275306,69.53805745779219,69.60243135424724,69.66681860090289,69.7312810065438,69.79588037995465,69.86067852992015,69.92573726522495,69.99111839465375,70.05688372699122,70.12309507102204,70.18981423553089,70.25710302930246,70.32502326112142,70.39363673977243,70.46300527404021,70.53319067270942,70.60425474456476,70.67625929839087,70.74926614297246,70.8233370870942,70.89853393954078,70.97491850909688,71.05255260454716,71.13149803467633,71.21181660826903,71.29357013410997,71.37682042098383,71.46162753888642,71.54798396239615,71.63579435725339,71.72495752078612,71.81537225032227,71.90693734318981,71.99955159671667,72.0931138082308,72.18752277506015,72.28267729453266,72.3784761639763,72.474818180719,72.57160214208872,72.6687268454134,72.76609108802099,72.86359366723944,72.9611333803967,73.05860902482073,73.15591939783944,73.25296329678082,73.34963951897281,73.44584686174333,73.54148412242037,73.63645009833185,73.73064358680573,73.82396338516995,73.91630829075247,74.00757710088122,74.09766861288416,74.18648162408925,74.27391493182442,74.35986733341764,74.44423762619684,74.52692460748996,74.60782707462496,74.6868438249298,74.76388424287946,74.83901612803785,74.91242922821814,74.98431642816588,75.05487061262666,75.12428466634603,75.1927514740696,75.2604639205429,75.32761489051155,75.39439726872112,75.46100393991716,75.52762778884527,75.594461700251,75.66169855887996,75.7295312494777,75.79815265678981,75.86775566556186,75.93853316053942,76.01067802646809,76.0843831480934,76.15984141016096,76.23724569741634,76.31678889460511,76.39866388647286,76.48306355776515,76.57018079322756,76.66020847760568,76.75333949564506,76.8497667320913,76.94968307168995,77.05328139918662,77.16075459932685,77.27229555685624,77.38809715652035,77.50835228306477,77.63325382123506,77.76287197790107,77.8963702937572,78.0325059390345,78.17003416712211,78.30771023140929,78.44428938528523,78.57852688213913,78.70917797536022,78.83499791833766,78.95474196446071,79.06716536711855,79.17102337970037,79.26507125559542,79.34806424819284,79.41875761088191,79.47590659705179,79.5182664600917,79.54459245339083,79.55363983033841,79.54416384432365,79.51491974873572,79.46466279696386,79.39214824239727,79.29613133842514,79.1753673384367,79.02861149582114,78.85461906396766,78.65214529626547,78.41994544610381,78.15677476687185,77.8613885119588,77.53254193475385,77.16899028864624,76.76948882702519,76.33279280327986,75.85765747079947
69.54992533824466,69.37154503707085,69.20796338511774,69.05872155701094,68.92336072737609,68.80142207083881,68.69244676202474,68.59597597555951,68.51155088606875,68.43871266817807,68.37700249651313,68.32596154569953,68.28513099036292,68.25405200512891,68.23226576462316,68.21931344347126,68.21473621629889,68.21807525773163,68.22887174239513,68.24666684491503,68.27100173991694,68.30141760202649,68.33745560586932,68.37865692607107,68.42456273725735,68.47471421405379,68.52865253108602,68.58591886297968,68.6460543843604,68.70860026985379,68.77309769408551,68.83908783168116,68.90611185726638,68.9737109454668,69.04142627090806,69.10879900821577,69.17537106134893,69.24083895293755,69.30524418028808,69.36867491804162,69.43121934083926,69.4929656233221,69.55400194013126,69.61441646590781,69.67429737529285,69.73373284292748,69.79281104345282,69.85162015150992,69.91024834173993,69.96878378878391,70.02731466728298,70.08592915187822,70.14471541721075,70.20376163792166,70.26315598865202,70.32298664404296,70.38334177873557,70.44430956737095,70.50597818459018,70.56843580503438,70.63177060334463,70.69607075416205,70.76142443212771,70.82791981188274,70.8956450680682,70.96468837532521,71.03513790829487,71.10708184161828,71.18060834993653,71.2558056078907,71.3327617901219,71.41156507127127,71.49230157349537,71.57497762861664,71.65949591799124,71.74575219584018,71.8336422163845,71.92306173384522,72.01390650244335,72.10607227639994,72.19945480993599,72.29394985727254,72.38945317263061,72.48586051023122,72.5830676242954,72.68097026904417,72.77946419869855,72.8784451674796,72.9778089296083,73.07745123930567,73.17726785079279,73.27715451829062,73.37700699602023,73.47672103820263,73.57619239905884,73.67531683280987,73.77399009367679,73.87210793588056,73.96956611364229,74.06626038118291,74.16208649272352,74.25694020248508,74.35071726468868,74.4433134335553,74.53462446330599,74.62454610816175,74.71297412234362,74.79980426007262,74.8849395928467,74.96839268030759,75.05026036628682,75.13064166269803,75.20963558145482,75.28734113447084,75.36385733365967,75.43928319093496,75.5137177182103,75.58725992739932,75.66000883041565,75.7320634391729,75.80352276558469,75.87448582156463,75.94505161902634,76.01531916988345,76.08538748604957,76.15535557943832,76.22532246196332,76.29538714553819,76.36564864207654,76.43620596349199,76.50715812169815,76.57860412860867,76.65064299613712,76.72337373619717,76.79689536070242,76.87130688156645,76.94670731070295,77.02319566002546,77.10087094144767,77.17983216688316,77.26017834824555,77.34200849744845,77.4254216264055,77.51051674703031,77.59734628288734,77.68561834052302,77.77488670257725,77.86470442374687,77.95462455872884,78.04420016222002,78.13298428891731,78.22052999351764,78.30639033071789,78.39011835521495,78.47126712170575,78.54938968488717,78.62403909945613,78.69476842010948,78.76113070154418,78.82267899845709,78.87896636554512,78.9295458575052,78.97397052903419,79.011793434829,79.04256762958656,79.06584616800373,79.08118210477743,79.08812849460455,79.086238392182,79.07506485220668,79.05416092937548,79.02307967838533,78.98137415393309,78.92859741071567,78.86430250343,78.78804248677295,78.69937041544142,78.59783934413232,78.48300232754258,78.35441242036904
69.78294364516545,69.6684715558106,69.5631087143241,69.4666144183031,69.37874796534479,69.29926865304631,69.22793577900484,69.16450864081753,69.10874653608155,69.06040876239408,69.01925461735226,68.98504339855327,68.95753440359427,68.93648693007242,68.92166027558488,68.91281373772884,68.90970661410145,68.91209820229986,68.91974779992124,68.93241470456277,68.94985821382159,68.97183762529488,68.99811223657981,69.02844134527354,69.06258424897322,69.10030024527603,69.14134863177912,69.18548870607967,69.23247976577484,69.2820811084618,69.33405203173768,69.38815183319969,69.44413981044497,69.50177526107069,69.560817482674,69.62102577285208,69.6821597149821,69.74403947780218,69.80662040399255,69.86987612615377,69.93378027688634,69.9983064887908,70.0634283944677,70.12911962651756,70.1953538175409,70.26210460013829,70.32934560691021,70.39705047045723,70.46519282337985,70.53374629827863,70.60268452775409,70.67198114440677,70.7416097808372,70.81154406964589,70.88175764343342,70.95222413480026,71.022917176347,71.09381040067412,71.16487744038218,71.23609192807172,71.30742749634325,71.37885777779731,71.45035640503444,71.52189701065517,71.59345322726001,71.66499868744953,71.73650702382423,71.80795186898465,71.87930685553133,71.9505456160648,72.02164178318557,72.0925689894942,72.16330183304211,72.23385244378417,72.30428170694529,72.37465376614722,72.4450327650116,72.5154828471602,72.58606815621467,72.65685283579673,72.72790102952808,72.79927688103041,72.87104453392544,72.94326813183487,73.01601181838038,73.08933973718369,73.1633160318665,73.2380048460505,73.3134703233574,73.3897766074089,73.4669878418267,73.5451681702325,73.62438173624801,73.70469268349491,73.78616515559492,73.86886329616974,73.95285124884106,74.0381931572306,74.12495316496003,74.21319541565109,74.30298405292544,74.39438322040482,74.4874570617109,74.5822697204654,74.67888534029002,74.77736806480647,74.87778203763642,74.98019140240159,75.08465014709455,75.19106030140523,75.2992069172213,75.40887203735515,75.51983770461915,75.63188596182566,75.74479885178707,75.85835841731574,75.97234670122405,76.08654574632436,76.20073759542908,76.31470429135054,76.42822787690113,76.54109039489325,76.65307388813923,76.76396039945146,76.87353197164234,76.9815706475242,77.08785846990942,77.1921774816104,77.29430972543949,77.3940372442091,77.49114208073155,77.58540627781925,77.67661187828455,77.76454092493985,77.8489754605975,77.92969752806991,78.0064891701694,78.07913242970838,78.14740934949921,78.21110197235427,78.26999234108592,78.32386249850657,78.37249448742854,78.41567035066424,78.45318174005135,78.48489132413025,78.51069360133762,78.53048322025124,78.54415482944884,78.55160307750816,78.55272261300692,78.54740808452286,78.53555414063375,78.51705542991729,78.49180660095125,78.45970230231336,78.42063718258133,78.37450589033293,78.3212030741459,78.26062338259796,78.19266146426685,78.11721196773033,78.03416954156611,77.94342883435195,77.84488449466559,77.73843117108474,77.62396351218717,77.5013761665506,77.37056378275278,77.23142100937143,77.08384249498431,76.92772288816914,76.7629568375037,76.58943899156566,76.40706399893281,76.21572650818287,76.01532116789359,75.8057426266427,75.58688553300793,75.35864453556704
68.62663519686953,68.51035273562938,68.4062822285811,68.31402521624803,68.23318323915352,68.16335783782094,68.10415055277362,68.05516292453494,68.01599649362824,67.98625280057688,67.96553338590421,67.95343979013359,67.94957355378835,67.95353621739187,67.96492932146751,67.9833544065386,68.0084130131285,68.03970668176058,68.07683695295817,68.11940536724465,68.16701346514337,68.21926278717766,68.27575487387088,68.3360912657464,68.39987350332758,68.46670312713775,68.53618167770027,68.60791069553851,68.6814917211758,68.75652629513552,68.832615957941,68.90936225011562,68.9863667121827,69.06323088466563,69.13955630808773,69.21494452297237,69.28899772925898,69.36145792309233,69.43237900441504,69.50185707579777,69.56998823981118,69.63686859902593,69.70259425601266,69.76726131334202,69.83096587358469,69.89380403931129,69.95587191309252,70.017265597499,70.0780811951014,70.13841480847037,70.19836254017656,70.25802049279065,70.31748476888328,70.37685147102508,70.43621670178675,70.49567656373891,70.55532715945223,70.61526459149738,70.67558496244499,70.73638437486572,70.79775893133024,70.85980473440918,70.92261788667322,70.98629449069301,71.0509306490392,71.11662246428244,71.1834660389934,71.25155747574273,71.32099287710108,71.39186834563911,71.46427998392747,71.53832389453682,71.61409440154488,71.69161669011656,71.77082613152368,71.85165209462431,71.9340239482766,72.0178710613387,72.10312280266868,72.1897085411247,72.27755764556488,72.36659948484734,72.4567634278302,72.5479788433716,72.64017510032966,72.73328156756247,72.82722761392822,72.92194260828498,73.01735591949088,73.11339691640407,73.20999496788266,73.30707944278478,73.40457970996853,73.50242513829207,73.6005450966135,73.69886895379096,73.79732607868256,73.89584584014642,73.9943576070407,74.09279074822348,74.19107463255293,74.28913862888712,74.3869121060842,74.48432443300231,74.58130497849955,74.67778311143407,74.77368820066395,74.86894961504738,74.96349993045006,75.05731970907416,75.15042645309859,75.24283861492675,75.33457464696205,75.4256530016079,75.51609213126765,75.60591048834478,75.69512652524266,75.78375869436466,75.87182544811422,75.95934523889473,76.04633651910959,76.13281774116221,76.21880735745597,76.30432382039432,76.3893855823806,76.47401109581826,76.55821881311068,76.64202718666128,76.72545466887344,76.80851971215057,76.89124076889607,76.97363629151336,77.0557247324058,77.13752454397685,77.21905417862988,77.30033208876829,77.38137672679548,77.46220654511487,77.54283999612984,77.6232955322438,77.70359160586017,77.78374666938234,77.8637791752137,77.94370757575766,78.02351127973662,78.10288113866814,78.18137867187646,78.25856478862829,78.33400039819037,78.40724640982943,78.47786373281218,78.54541327640537,78.60945594987571,78.66955266248992,78.72526432351476,78.77615184221693,78.82177612786317,78.8616980897202,78.89547863705475,78.92267867913354,78.94285912522331,78.95558088459076,78.96040486650266,78.9568919802257,78.94460313502664,78.92309924017216,78.89194120492904,78.85068993856397,78.7989063503437,78.73615134953495,78.66198584540443,78.57597074721889,78.47766696424506,78.36663540574963,78.24243698099937,78.104632599261,77.95278316980121,77.78644960188677,77.6051928047844,77.40857368776079
68.2428112654616,68.1532483463823,68.07375409926532,68.00400772943527,67.94368844221678,67.89247544293447,67.85004793691296,67.81608512947687,67.79026622595083,67.77227043165945,67.76177695192736,67.75846499207918,67.76201375743955,67.77210245333306,67.78841028508435,67.81061645801805,67.83840017745877,67.87144064873112,67.90941707715976,67.95200866806928,67.99889462678432,68.04975415862948,68.10426646892942,68.16211076300873,68.22296624619203,68.28651212380396,68.35242760116914,68.42039188361218,68.49008417645773,68.56118368503037,68.63336961465475,68.7063211706555,68.77971755835722,68.85323798308454,68.9265616501621,68.99936776491448,69.07133605799756,69.14225763028186,69.21217206429631,69.28115256376675,69.34927233241899,69.41660457397889,69.48322249217222,69.54919929072483,69.61460817336256,69.67952234381121,69.74401500579664,69.80815936304464,69.87202861928104,69.93569597823169,69.99923464362239,70.06271781917899,70.12621870862726,70.18981051569311,70.25356644410229,70.31755969758065,70.38186347985403,70.44655099464825,70.51169544568913,70.57737003670248,70.64364797141414,70.71060245354995,70.77830668683572,70.84683387499726,70.91625722176042,70.98664993085102,71.05808520599487,71.13063625091782,71.20437626934567,71.27937846500426,71.35571604161942,71.43346220291694,71.51268865802366,71.59340901352903,71.6755613987714,71.7590788988175,71.84389459873394,71.92994158358741,72.01715293844455,72.10546174837204,72.19480109843653,72.28510407370467,72.37630375924317,72.46833324011865,72.56112560139778,72.65461392814721,72.74873130543364,72.84341081832369,72.93858555188405,73.03418859118136,73.1301530212823,73.22641192725354,73.32289839416171,73.41954550707348,73.51628635105556,73.61305401117454,73.70978157249712,73.80640212008996,73.90284873901973,73.99905451435305,74.09495253115665,74.19047587449714,74.28555762944117,74.38013088105546,74.47412871440665,74.56748421456138,74.66013046658631,74.75200055554814,74.84303132421883,74.93321584177644,75.02259046059766,75.11119264645333,75.19905986511435,75.28622958235161,75.37273926393593,75.4586263756382,75.54392838322934,75.62868275248016,75.71292694916156,75.7966984390444,75.88003468789958,75.96297316149796,76.0455513256104,76.12780664600777,76.20977658846095,76.29149861874083,76.37301020261827,76.45434880586413,76.5355518942493,76.61665693354462,76.697701389521,76.77872272794929,76.85975841460038,76.94084591524512,77.02202269565441,77.1033262215991,77.1847939588501,77.2664633731782,77.34837193035435,77.43055709614941,77.51305633633422,77.59590711667968,77.67914690295666,77.76281316093602,77.8469198698923,77.931307429213,78.01573843926656,78.09997513344479,78.18377974513965,78.26691450774297,78.34914165464662,78.43022341924257,78.5099220349226,78.58799973507865,78.6642187531026,78.73834132238633,78.81012967632174,78.87934604830068,78.94575267171504,79.00911177995675,79.06918560641762,79.12573638448961,79.17852634756454,79.22731772903433,79.27187276229085,79.31195368072599,79.34732271773163,79.37774210669966,79.40297408102194,79.42278087409039,79.43692471929688,79.44516785003327,79.44727249969148,79.4430009016634,79.43211528934086,79.41437789611578,79.38955095538006,79.35739670052556,79.31767736494416,79.27015518202774
68.70829027912211,68.60058693823062,68.50398708301508,68.41813511537798,68.34267543722187,68.27725245044924,68.22151055696257,68.17509415866442,68.13764765745728,68.10881545524366,68.08824195392606,68.075571555407,68.07044866158898,68.07251767437454,68.08142299566613,68.09680902736632,68.1183201713776,68.14560082960247,68.17829540394344,68.21604829630304,68.25850390858376,68.30530664268811,68.3561009005186,68.41053108397774,68.46824159496805,68.52887683539204,68.59208120715219,68.65749911215104,68.7247749522911,68.79355312947486,68.86347804560485,68.93419410258358,69.00534570231353,69.07657724669725,69.14753313763723,69.21785777703596,69.28719617130191,69.3553214821011,69.42229280240535,69.48820791356617,69.55316459693503,69.61726063386344,69.68059380570286,69.74326189380479,69.80536267952073,69.86699394420215,69.92825346920054,69.9892390358674,70.05004842555421,70.11077941961246,70.17152979939362,70.23239734624921,70.29347984153071,70.3548750665896,70.41668080277735,70.47899483144548,70.54191493394545,70.60553889162877,70.66996448584692,70.73528949795138,70.80161170929365,70.8690289012252,70.93763885509756,71.00753935226217,71.07882817407054,71.15160310187416,71.22596191702449,71.30200240087306,71.37982233477133,71.4595195000708,71.54119167812294,71.62493665027927,71.71084987647107,71.79893657142063,71.88908471813166,71.98117446481479,72.0750859596807,72.17069935094005,72.2678947868035,72.36655241548166,72.46655238518522,72.56777484412484,72.67009994051115,72.77340782255483,72.8775786384665,72.98249253645685,73.08802966473651,73.19407017151615,73.30049420500642,73.40718191341796,73.51401344496144,73.62086894784751,73.72762857028683,73.83417246049004,73.9403807666678,74.04613363703076,74.1513112197896,74.25579366315496,74.35946111533748,74.46219372454782,74.56387163899663,74.66437500689459,74.76358397645234,74.86137869588052,74.95763931338979,75.05224597719082,75.14507883549426,75.23601803651074,75.32495185478959,75.41189015898424,75.4969364211303,75.5801965210674,75.66177633863522,75.74178175367338,75.82031864602155,75.89749289551933,75.97341038200642,76.04817698532243,76.12189858530702,76.19468106179984,76.26663029464052,76.33785216366873,76.4084525487241,76.47853732964629,76.54821238627493,76.61758359844966,76.68675684601016,76.75583800879603,76.82493296664697,76.89414759940259,76.96358778690252,77.03335940898647,77.10356834549403,77.17432047626485,77.24572168113862,77.31787783995493,77.39089483255346,77.46487853877385,77.53993483845575,77.61616961143879,77.69368873756262,77.77259809666693,77.85300356859129,77.93501103317541,78.01868828747173,78.10382167293369,78.1900713817822,78.27709701119458,78.36455815834822,78.45211442042044,78.53942539458859,78.62615067803004,78.71194986792212,78.7964825614422,78.87940835576761,78.9603868480757,79.03907763554383,79.11514031534934,79.1882344846696,79.25801974068193,79.32415568056369,79.38630190149225,79.44411800064492,79.49726357519909,79.54539822233208,79.58818153922125,79.62527312304395,79.65633257097754,79.68101948019934,79.69899344788674,79.70991407121706,79.71344094736763,79.70923367351585,79.69695184683904,79.67625506451456,79.64680292371976,79.60825502163196,79.56027095542855,79.50251032228687,79.43463271938425
68.87222213533953,68.76835806791138,68.67477516761133,68.59115798785409,68.51719108205441,68.452559003627,68.3969463059866,68.35003754254794,68.31151726672576,68.28107003193477,68.25838039158974,68.24313289910536,68.23501210789638,68.23370257137753,68.23888884296355,68.25025547606914,68.26748702410907,68.29026804049805,68.31828307865081,68.35121669198207,68.3887534339066,68.4305778578391,68.47637451719432,68.52582796538697,68.57862275583177,68.6344434419435,68.69297457713685,68.75390071482657,68.8169064084274,68.88167621135403,68.94789467702122,69.01524635884371,69.08341581023623,69.15208758461348,69.22094623539023,69.28967631598118,69.3579628725489,69.4255954137937,69.49259651813469,69.5590202998514,69.62492087322333,69.69035235253006,69.75536885205109,69.82002448606599,69.88437336885427,69.94846961469547,70.01236733786914,70.07612065265481,70.13978367333199,70.20341051418026,70.26705528947913,70.33077211350813,70.39461510054683,70.45863836487473,70.52289602077137,70.5874421825163,70.65233096438907,70.71761648066916,70.78335284563617,70.84959417356961,70.916394578749,70.9838081754539,71.05188907796384,71.12069140055836,71.19026925751697,71.26067676311924,71.33196803164468,71.40419717737284,71.47741831458326,71.55168555755546,71.627053020569,71.70357481790337,71.78130404520567,71.86025419878453,71.94038733400744,72.02166206835722,72.10403701931668,72.18747080436864,72.27192204099592,72.3573493466813,72.44371133890763,72.53096663515772,72.61907385291437,72.70799160966038,72.7976785228786,72.8880932100518,72.97919428866284,73.0709403761945,73.1632900901296,73.25620204795095,73.34963486714138,73.44354716518369,73.53789755956068,73.63264466775519,73.72774710725001,73.82316349552798,73.91885245007188,74.01477258836455,74.1108825278888,74.20714088612743,74.30350628056327,74.39993732867912,74.49639264795778,74.59283085588208,74.68921056993487,74.7854904075989,74.881628986357,74.977584923692,75.07331519398592,75.16875218596445,75.26380936226639,75.35839969868583,75.45243617101688,75.54583175505365,75.63849942659027,75.73035216142081,75.8213029353394,75.91126472414014,76.00015050361714,76.08787324956451,76.17434593777634,76.25948154404675,76.34319304416984,76.42539341393973,76.50599562915052,76.5849126655963,76.66205749907122,76.73734310536935,76.8106824602848,76.88198853961168,76.95117431914412,77.0181527746762,77.08283688200201,77.14513961691571,77.20497395521137,77.26225287268309,77.31688934512502,77.36879634833122,77.41788685809583,77.46407385021293,77.50727030047663,77.54738918468107,77.58434347862033,77.6180461580885,77.64848379152211,77.67618684298017,77.7019295521496,77.72648730860236,77.7506355019104,77.77514952164567,77.80080475738015,77.82837659868575,77.85864043513446,77.89237165629821,77.93034565174896,77.97333781105867,78.02212352379928,78.07747817954277,78.14017716786105,78.21099587832613,78.29070970050991,78.38009402398437,78.47992423832146,78.59097573309313,78.71402389787134,78.84984412222803,78.99921179573518,79.1629023079647,79.34169104848858,79.53635340687877,79.74766477270722,79.97640053554588,80.22333608496668,80.4892468105416,80.7749081018426,81.08109534844162,81.40858393991061,81.75814926582153,82.13056671574634,82.52661167925699
69.90000714226416,69.69052843310249,69.49789418121068,69.32158348886259,69.16107545833209,69.01584919189307,68.88538379181944,68.76915836038506,68.6666519998638,68.57734381252956,68.50071290065623,68.43623836651767,68.38339931238778,68.34167484054043,68.31054405324952,68.28948605278893,68.27797994143253,68.2755048214542,68.28153979512786,68.29556396472734,68.31705643252656,68.34549630079937,68.38036267181971,68.42113464786141,68.46729133119834,68.51831182410444,68.57367522885357,68.63286064771961,68.6953471829764,68.7606139368979,68.82814001175797,68.89740450983044,68.96788653338925,69.03906518470825,69.11041956606135,69.18142877972244,69.25157274939735,69.3205055423754,69.38826976328053,69.4549605883845,69.52067319395908,69.58550275627601,69.6495444516071,69.71289345622407,69.7756449463987,69.83789409840277,69.89973608850804,69.96126609298625,70.02257928810918,70.0837708501486,70.14493595537625,70.20616978006393,70.2675675004834,70.32922429290637,70.39123533360468,70.45369579885006,70.51670086491426,70.58034570806906,70.64472550458625,70.70993543073753,70.77607066279472,70.84322637702958,70.91149774971383,70.98097995711929,71.0517681755177,71.1239575811808,71.1976433503804,71.27292065938823,71.34988468447608,71.42863060191569,71.50925358797885,71.5918488189373,71.67650905523526,71.7632331420212,71.8518979251526,71.94237209706897,72.03452435020982,72.12822337701469,72.22333786992309,72.31973652137454,72.41728802380855,72.51586106966468,72.61532435138241,72.71554656140128,72.8163963921608,72.91774253610049,73.01945368565987,73.12139853327848,73.22344577139582,73.3254640924514,73.42732218888476,73.52888875313542,73.6300324776429,73.7306220548467,73.83052617718637,73.92961353710142,74.02775282703136,74.1248127394157,74.22066196669401,74.31516920130575,74.40820313569047,74.49963246228769,74.58932587353694,74.67715206187772,74.76297971974957,74.84667753959197,74.9281142138445,75.00715843494662,75.08368776855382,75.1577125499227,75.22934532061183,75.29870125128076,75.36589551258905,75.43104327519625,75.49425970976192,75.55565998694563,75.61535927740694,75.67347275180538,75.73011558080053,75.78540293505196,75.8394499852192,75.89237190196184,75.9442838559394,75.99530101781147,76.0455385582376,76.09511164787735,76.14413545739026,76.19272515743592,76.24099591867386,76.28906291176365,76.33704130736486,76.38504627613702,76.43319298873972,76.48159661583249,76.5303723280749,76.57963529612653,76.6295006906469,76.6800836822956,76.73149944173217,76.78386313961617,76.83728994660716,76.89189503336472,76.94779357054837,77.0051007288177,77.06393279773,77.12441433619637,77.1866736094767,77.2508389003137,77.31703849145,77.38540066562832,77.45605370559134,77.52912589408176,77.60474551384222,77.68304084761543,77.76414017814406,77.8481717881708,77.93526396043833,78.02554497768934,78.1191431226665,78.21618667811249,78.31680392677002,78.42112315138174,78.52927263469034,78.64138065943852,78.75757550836894,78.8779854642243,79.00273880974727,79.13196382768054,79.2657888007668,79.40434201174871,79.54775174336898,79.69614627837026,79.84965389949527,80.00840288948665,80.17252153108711,80.34213810703933,80.517380900086,80.69837819296978,80.88525826843339,81.07814940921946
69.07913729393215,68.89325748128664,68.72495516927398,68.57364576921614,68.43874469243508,68.31966735025273,68.21582915399105,68.12664551497203,68.05153184451757,67.98990355394967,67.94117605459026,67.90476475776131,67.88008507478477,67.86655241698259,67.86358219567674,67.87058982218915,67.8869907078418,67.91220026395663,67.94563390185562,67.98670703286068,68.0348350682938,68.08943341947693,68.14991749773202,68.21570271438102,68.28620448074591,68.36083820814862,68.43901930791111,68.52016319135534,68.60368526980325,68.68900095457683,68.77552565699798,68.86267478838872,68.94986376007097,69.03650798336668,69.12202286959781,69.20582383008633,69.28732726177532,69.3661585132883,69.44240913204517,69.51623374521847,69.58778697998072,69.65722346350441,69.72469782296207,69.79036468552619,69.8543786783693,69.91689442866391,69.97806656358253,70.03804971029766,70.09699849598184,70.15506754780755,70.21241149294731,70.26918495857365,70.32554257185906,70.38163895997607,70.43762875009718,70.49366656939492,70.54990704504176,70.60650480421026,70.6636144740729,70.7213906818022,70.77998805457068,70.83956121955084,70.90026480391522,70.96225343483628,71.02568173948659,71.09070434503862,71.15747587866488,71.22615096753792,71.29688423883024,71.3698303197143,71.44514383736269,71.52297941894787,71.60348846481621,71.68669693244674,71.77246782459703,71.86065325348629,71.9511053313338,72.04367617035878,72.13821788278044,72.23458258081804,72.3326223766908,72.43218938261798,72.5331357108188,72.6353134735125,72.7385747829183,72.84277175125546,72.9477564907432,73.05338111360078,73.1594977320474,73.26595845830232,73.37261540458478,73.47932068311398,73.58592640610921,73.69228468578966,73.79824763437459,73.90366736408323,74.00839598713482,74.11228561574858,74.21518836214376,74.3169563385396,74.41744165715532,74.51649643021015,74.61397276992336,74.70972278851418,74.80359859820182,74.89545231120552,74.98513603974455,75.07250189603809,75.15741003100995,75.239840878422,75.31986746600309,75.39756520332047,75.47300949994134,75.54627576543297,75.61743940936258,75.68657584129738,75.75376047080464,75.81906870745156,75.88257596080543,75.94435764043341,76.00448915590276,76.06304591678075,76.12010333263456,76.17573681303145,76.23002176753864,76.28303360572339,76.33484773715291,76.38553957139446,76.43518451801522,76.48385798658248,76.53163538666344,76.57859212782533,76.62480361963541,76.67034527166089,76.71529249346902,76.75972069462702,76.80370528470213,76.84732167326159,76.89064526987262,76.93375148410244,76.97671572551833,77.01961340368747,77.06251992817714,77.10551070855453,77.14865593343438,77.19198720532916,77.2355188323461,77.27926504101504,77.32324005786585,77.3674581094284,77.41193342223251,77.45668022280806,77.5017127376849,77.54704519339288,77.59269181646185,77.63866683342168,77.68498447080222,77.73165895513331,77.77870451294483,77.82613537076661,77.87396575512852,77.92220989256042,77.97088200959213,78.01999633275354,78.0695670885745,78.11960850358486,78.17013480431447,78.22116021729319,78.27269896905086,78.32476528611737,78.37737339502253,78.43053752229623,78.48427189446832,78.53859073806863,78.59350827962704,78.6490387456734,78.70519636273755,78.76199535734936,78.8194499560387,78.87757438533536
67.80840435280481,67.8326947809363,67.85743905225603,67.88266865701647,67.90841508547004,67.93470982786921,67.96158437446643,67.98907021551412,68.01719884126474,68.04600174197076,68.07551040788458,68.10575632925867,68.13677099634548,68.16858589939746,68.20123252866703,68.23474237440666,68.2691469268688,68.30447767630586,68.34076611297034,68.37804372711464,68.41634200899124,68.45569244885255,68.49612653695104,68.53767576353916,68.58037161886934,68.62424559319403,68.66932917676569,68.71565385983675,68.76325113265966,68.81215248548686,68.86238940857082,68.91399339216396,68.96699592651873,69.02142850188758,69.07732260852298,69.13470973667734,69.19362125284273,69.25406228630709,69.31597942769073,69.37931134694863,69.44399671403566,69.50997419890682,69.57718247151698,69.64556020182111,69.71504605977412,69.78557871533097,69.85709683844658,69.92953909907587,70.00284416717379,70.07695071269526,70.15179740559523,70.22732291582862,70.30346591335037,70.3801650681154,70.45735905007865,70.53498652919505,70.61298617541954,70.69129665870705,70.76985664901251,70.84860481629086,70.92747983049702,71.00642036158594,71.08536507951253,71.16425265423175,71.2430217556985,71.32161105386774,71.3999592186944,71.4780049201334,71.55568682813968,71.63294361266819,71.70971394367382,71.78593649111154,71.86155129318806,71.93655157889852,72.01099967395352,72.08496252191354,72.15850706633894,72.23170025079017,72.30460901882763,72.37730031401179,72.44984107990301,72.52229826006176,72.59473879804844,72.66722963742346,72.73983772174726,72.81262999458028,72.8856733994829,72.95903488001555,73.03278137973868,73.10697984221268,73.18169721099798,73.25700042965501,73.33295644174419,73.40963219082593,73.48709462046067,73.56541067420882,73.64464729563079,73.72487142828703,73.80615001573794,73.88855000154395,73.97213832926546,74.05698194246293,74.14314778469677,74.23070279952736,74.31971393051518,74.41024812122062,74.50237231520411,74.59615345602606,74.6916492755832,74.78877967198929,74.88735843863903,74.98719663954532,75.08810533872104,75.18989560017904,75.29237848793223,75.39536506599347,75.49866639837568,75.60209354909168,75.70545758215438,75.80856956157666,75.91124055137139,76.01328161555145,76.11450381812972,76.21471822311908,76.31373589453241,76.41136789638259,76.5074252926825,76.601719147445,76.694060524683,76.78426048840934,76.87213010263694,76.95748043137866,77.04012253864738,77.11986748845597,77.19652634481731,77.2699101717443,77.33983003324981,77.4060969933467,77.46852211604785,77.52691646536617,77.58109110531451,77.63085709990577,77.6760255131528,77.71640740906851,77.75186986979475,77.78269398645807,77.80934641023728,77.8322946675945,77.85200628499183,77.86894878889134,77.88358970575517,77.89639656204541,77.90783688422414,77.91837819875349,77.92848803209553,77.93863391071238,77.94928336106615,77.96090390961892,77.9739630828328,77.98892840716988,78.00626740909227,78.02644761506208,78.04993655154139,78.07720174499232,78.10871072187696,78.14493100865742,78.18633013179578,78.23337561775415,78.28653499299465,78.34627578397935,78.41306551717037,78.48737171902981,78.56966191601975,78.66040363460233,78.76006440123962,78.86911174239373,78.98801318452675,79.11723625410079,79.25724847757795,79.40851738142032
68.50905073800176,68.45127994354029,68.40063111946274,68.35689205241023,68.31985052902398,68.28929433594517,68.26501125981493,68.24678908727445,68.2344156049649,68.22767859952747,68.22636585760331,68.23026516583361,68.23916431085955,68.25285107932227,68.27111325786295,68.2937386331228,68.32051499174297,68.3512301203646,68.38567180562892,68.42362783417705,68.4648859926502,68.50923406768952,68.5564598459362,68.6063511140314,68.65869565861628,68.71328126633206,68.76989572381986,68.82832681772086,68.88836233467629,68.94979006132726,69.01239778431494,69.07597329028056,69.14030436586523,69.20517879771019,69.27038437245652,69.33570887674547,69.40094045471061,69.46594303887886,69.53074965569253,69.59541621110886,69.6599986110851,69.7245527615785,69.78913456854629,69.85379993794574,69.9186047757341,69.98360498786862,70.04885648030653,70.1144151590051,70.18033692992161,70.24667769901323,70.31349337223729,70.380839855551,70.44877305491165,70.51734887627642,70.58662322560262,70.65665200884747,70.72749113196825,70.79919650092218,70.87182402166651,70.9454296001585,71.02006914235541,71.09579855421448,71.17267374169298,71.25075061074811,71.33008506733718,71.4107330174174,71.49275036694603,71.57619302188034,71.66111688817755,71.74757787179492,71.83563187868971,71.92533481481918,72.01674097278409,72.10984192595326,72.20454777319465,72.30076316829827,72.39839276505411,72.49734121725213,72.59751317868232,72.69881330313468,72.80114624439916,72.90441665626578,73.0085291925245,73.11338850696531,73.21889925337818,73.3249660855531,73.43149365728009,73.53838662234905,73.64554963455005,73.75288734767302,73.86030441550797,73.96770549184488,74.0749952304737,74.18207828518446,74.28885930976709,74.39524295801162,74.50113388370805,74.60643674064629,74.71105618261639,74.81489686340826,74.91786343681197,75.01986055661745,75.12079287661469,75.22056505059369,75.31908173234443,75.41624757565684,75.51196723432098,75.60614536212681,75.69869319366846,75.78962043186966,75.87901258076901,75.9669570942731,76.05354142628848,76.13885303072173,76.22297936147943,76.30600787246813,76.38802601759444,76.46912125076487,76.549381025886,76.62889279686446,76.70774401760674,76.78602214201946,76.86381462400918,76.94120891748243,77.01829247634582,77.09515275450592,77.17187720586928,77.24855328434249,77.32526844383209,77.40211013824468,77.4791658214868,77.55652294746501,77.63426897008593,77.7124913432561,77.79127752088208,77.87071495687043,77.95089110512775,78.0318934195606,78.11380935407554,78.19672636257916,78.28073189897798,78.36591341717862,78.45235837108761,78.54015421461155,78.62934472650632,78.71965089886727,78.81064904985321,78.90191481519862,78.99302383063805,79.08355173190598,79.17307415473694,79.26116673486548,79.34740510802611,79.43136490995336,79.51262177638172,79.59075134304574,79.66532924567996,79.73593112001883,79.80213260179694,79.86350932674877,79.91963693060889,79.97009104911176,80.01444731799192,80.05228137298393,80.08316884982229,80.10668538424149,80.1224066119761,80.1299081687606,80.12876569032953,80.11855481241743,80.09885117075878,80.06923040108815,80.02926813914003,79.97854002064894,79.91662168134938,79.84308875697594,79.75751688326308,79.65948169594536,79.54855883075727,79.42432392343333
68.39102044921034,68.35853167301573,68.33105417711933,68.30845072470977,68.29058407897575,68.27731700310595,68.268512260289,68.26403261371361,68.26374082656842,68.26749966204213,68.2751718833234,68.28662025360087,68.30170753606326,68.3202964938992,68.34224989029738,68.36743048844647,68.39570105153514,68.42692434275206,68.4609631252859,68.49768016232532,68.536938217059,68.57860005267561,68.62252843236382,68.6685861193123,68.71663587670972,68.76654046774475,68.81816265560606,68.87136520348231,68.9260108745622,68.98196243203438,69.03908263908751,69.09723425891028,69.15628005469135,69.21608278961939,69.27650522688309,69.33741012967108,69.39866047338812,69.46016422324165,69.52192972263103,69.58397889678288,69.64633367092384,69.70901597028052,69.77204772007951,69.83545084554747,69.899247271911,69.9634589243967,70.0281077282312,70.09321560864115,70.15880449085311,70.22489630009375,70.29151296158965,70.35867640056743,70.42640854225374,70.49473131187517,70.56366663465833,70.63323643582987,70.7034626406164,70.77436717424452,70.84597196194085,70.918298928932,70.99137000044462,71.0652071017053,71.13983215794067,71.21526709437734,71.29153383624194,71.36865430876107,71.44665043716137,71.52554414666943,71.60535736251188,71.68611200991535,71.76783001410645,71.8505333003118,71.93424270656435,72.0189368062438,72.10453926945034,72.19097009700558,72.27814928973113,72.36599684844862,72.45443277397963,72.5433770671458,72.63274972876873,72.72247075967003,72.81246016067132,72.9026379325942,72.9929240762603,73.0832385924912,73.17350148210853,73.26363274593392,73.35355238478897,73.44318039949528,73.53243679087446,73.62124155974813,73.70951470693791,73.79717623326539,73.88414613955221,73.97034442661996,74.05569109529026,74.14010614638472,74.22350958072496,74.30582139913258,74.3869616024292,74.46685019143641,74.54540716697586,74.62255252986913,74.69820628093785,74.77228842100362,74.84471895088807,74.91541787141277,74.98431399270841,75.05146793827029,75.11704180178292,75.18120028709642,75.2441080980609,75.30592993852655,75.36683051234343,75.42697452336171,75.48652667543152,75.54565167240297,75.6045142181262,75.66327901645136,75.72211077122853,75.78117418630788,75.84063396553954,75.90065481277361,75.96140143186025,76.02303852664957,76.08573080099173,76.14964295873682,76.21493970373498,76.28178573983637,76.35034577089107,76.42078450074926,76.49326663326103,76.56795687227654,76.6450199216459,76.72462048521923,76.8069232668467,76.8920929703784,76.98029429966448,77.07169195855506,77.16645065090027,77.26473508055027,77.36670995135513,77.47253996716503,77.58233771508647,77.69583060691774,77.8125734177439,77.93212010832593,78.05402463942477,78.17784097180137,78.3031230662167,78.42942488343174,78.55630038420738,78.68330352930464,78.80998827948444,78.93590859550775,79.06061843813553,79.18367176812873,79.30462254624831,79.42302473325523,79.53843228991045,79.6503991769749,79.75847935520954,79.86222678537537,79.96119542823331,80.05493924454431,80.14301219506936,80.22496824056938,80.30036134180536,80.36874545953823,80.42967455452896,80.4827025875385,80.5273835193278,80.56327131065784,80.58991992228955,80.60688331498392,80.61371544950187,80.60997028660437,80.59520178705239,80.56896391160686
69.1178101384869,68.99915001948213,68.89121979228591,68.79369685893545,68.70625862146792,68.62858248192055,68.56034584233046,68.50122610473488,68.45090067117098,68.40904694367595,68.37534232428695,68.34946421504122,68.3310900179759,68.3198971351282,68.31556296853529,68.31776492023437,68.32618039226261,68.34048678665721,68.36036150545533,68.38548195069421,68.41552552441098,68.45016962864284,68.489091665427,68.53196903680063,68.5784791448009,68.62829939146502,68.68110717883016,68.73657990893349,68.79439498381225,68.85422980550359,68.91576177604469,68.97866829747272,69.04262677182493,69.10731460113846,69.17240918745048,69.23758793279819,69.30252874192837,69.36701609401709,69.43107224986804,69.49475164369764,69.5581087097222,69.6211978821581,69.68407359522169,69.74679028312934,69.80940238009742,69.87196432034224,69.9345305380802,69.99715546752765,70.05989354290094,70.12279919841646,70.18592686829052,70.2493309867395,70.31306598797977,70.37718630622766,70.44174637569955,70.50680063061182,70.57240350518077,70.63860943362283,70.70547285015431,70.77304818899157,70.84138988435097,70.91055237044887,70.98059008150167,71.05155745172567,71.12350891533725,71.19649890655276,71.27058185958859,71.34581220866107,71.42224438798658,71.49993283178145,71.57893197426205,71.65929624964474,71.74107901092432,71.8242915786077,71.90889067151323,71.99482935933653,72.0820607117733,72.17053779851915,72.2602136892697,72.35104145372063,72.44297416156752,72.53596488250608,72.62996668623191,72.72493264244065,72.82081582082796,72.91756929108945,73.01514612292078,73.1134993860176,73.21258215007552,73.31234748479017,73.41274845985726,73.51373814497234,73.61526960983113,73.71729592412922,73.81977015756223,73.92264537982587,74.02587466061573,74.12941106962745,74.2332076765567,74.33721755109909,74.44139376295026,74.54568938180586,74.65005747736154,74.75445111931292,74.85882337735568,74.96312732118538,75.06731602049773,75.17134254498835,75.2751560671767,75.37864744627929,75.48166265181663,75.58404649859035,75.68564380140205,75.78629937505337,75.88585803434592,75.98416459408129,76.08106386906115,76.17640067408708,76.27001982396072,76.36176613348368,76.45148441745758,76.53901949068403,76.62421616796466,76.70691926410109,76.78697359389493,76.8642239721478,76.93851521366133,77.00969213323712,77.07759954567682,77.14208226578201,77.20298510835433,77.2601528881954,77.31343042010684,77.36266251889025,77.40769399934727,77.44836967627951,77.4845343644886,77.51603287877613,77.54271003394373,77.56441064479306,77.58097952612567,77.59226149274323,77.59810135944734,77.59834394103963,77.59292402369621,77.58244133828302,77.56779364584402,77.54988011322594,77.5295999072755,77.5078521948394,77.48553614276437,77.46355091789712,77.44279568708438,77.42416961717285,77.40857187500924,77.3969016274403,77.39005804131271,77.3889402834732,77.39444752076848,77.40747892004528,77.4289336481503,77.45971087193028,77.5007097582319,77.55282947390191,77.61696918578701,77.69402806073391,77.78490526558934,77.89049996720001,78.01171133241264,78.14943852807394,78.30458072103063,78.47803707812942,78.67070676621702,78.88348895214017,79.11728280274558,79.37298748487994,79.65150216539,79.95372601112246,80.28055818892403,80.63289786564144
68.92593545961849,68.8618744877384,68.80306129275216,68.74939523111124,68.70077565926712,68.65710193367131,68.61827341077529,68.58418944703054,68.55474939888859,68.5298526228009,68.50939847521896,68.49328631259428,68.48141549137834,68.47368536802264,68.46999529897867,68.47024464069791,68.47433274963187,68.48215898223204,68.49362269494988,68.50862324423693,68.52705998654464,68.54883227832454,68.57383947602808,68.60198093610678,68.63315601501215,68.66726406919564,68.70420445510875,68.74387652920298,68.78617964792983,68.83101316774078,68.87827644508734,68.92786883642097,68.97968969819318,69.03363838685549,69.08961425885933,69.14751667065623,69.20724502574959,69.26870870264334,69.33183933538528,69.39657156934409,69.46284004988848,69.53057942238715,69.5997243322088,69.6702094247221,69.74196934529577,69.81493873929851,69.88905225209905,69.96424452906601,70.04045021556816,70.11760395697415,70.19564039865271,70.27449418597253,70.3540999643023,70.43439237901076,70.51530607546654,70.59677569903839,70.67873589509499,70.76112130900502,70.84386658613722,70.92690637186026,71.01017531154285,71.09360805055367,71.17713923426145,71.26070350803487,71.34423551724261,71.4276699072534,71.51094132343594,71.5939844111589,71.676733815791,71.75912418270092,71.84109015725737,71.92256638482907,72.00348878840144,72.08384295831168,72.16367900454354,72.24305134903734,72.32201441373344,72.40062262057215,72.47893039149383,72.5569921484388,72.6348623133474,72.71259530815995,72.79024555481682,72.86786747525834,72.9455154914248,73.02324402525657,73.101107498694,73.17916033367742,73.25745695214714,73.3360517760435,73.41499922730685,73.49435372787754,73.57416969969586,73.65450156470219,73.73540374483683,73.81693066204015,73.89913673825247,73.98207639541411,74.06580405546542,74.15037414034676,74.23584107199842,74.32225927236075,74.40968316337411,74.49816716697882,74.5877657051152,74.67853319972359,74.77052407274435,74.8637927461178,74.95838581356749,75.05423273549926,75.15117280285894,75.2490429871208,75.34768025975904,75.44692159224793,75.54660395606167,75.64656432267452,75.74663966356071,75.84666695019445,75.94648315404999,76.04592524660156,76.14483019932338,76.24303498368971,76.34037657117476,76.43669193325277,76.53181804139798,76.62559186708462,76.71785038178693,76.8084305569791,76.89716936413542,76.98390377473011,77.06847076023737,77.15070729213147,77.23045034188662,77.30753688097708,77.38180388087704,77.45308831306076,77.52122714900248,77.58605736017643,77.64741591805682,77.70513979411791,77.75906595983392,77.80903138667908,77.85487304612764,77.89642790965381,77.93359091211262,77.96668537397012,77.99622661939122,78.02273087821864,78.04671438029509,78.06869335546331,78.08918403356599,78.10870264444586,78.12776541794564,78.14688858390805,78.16658837217581,78.18738101259164,78.20978273499826,78.2343097692384,78.26147834515476,78.29180469259006,78.32580504138703,78.36399562138838,78.40689266243685,78.45501239437513,78.50887104704596,78.56898485029205,78.63587003395612,78.71004282788091,78.7920194619091,78.88231616588344,78.98144916964664,79.08993470304141,79.20828899591048,79.33702827809655,79.47666877944239,79.62772672979067,79.79071835898414,79.96615989686548,80.15456757327745,80.35645761806275
69.63271278235479,69.40888743172198,69.20383169667292,69.01694397169425,68.84762265127259,68.69526612989456,68.5592728020468,68.43904106221594,68.33396930488858,68.24345592455137,68.16689931569093,68.10369787279387,68.05324999034683,68.01495406283644,67.98820848474931,67.97241165057207,67.96696195479134,67.97125779189378,67.98469755636597,68.00667964269455,68.03660244536616,68.07386435886741,68.11786377768495,68.16799909630535,68.2236687092153,68.28427101090139,68.34920439585025,68.41786725854851,68.48965799348278,68.56397499513972,68.64021665800591,68.71778137656803,68.79606754531265,68.87447355872644,68.95239781129601,69.02923869750796,69.10439560328555,69.17747809911478,69.24856470500126,69.31779739289414,69.3853181347425,69.45126890249549,69.51579166810222,69.57902840351181,69.64112108067337,69.70221167153602,69.7624421480489,69.82195448216109,69.88089064582172,69.93939261097992,69.99760234958478,70.05566183358545,70.11371303493104,70.17189792557066,70.23035847745342,70.28923666252845,70.34867445274489,70.40881382005179,70.46979673639834,70.53176517373362,70.59486110400675,70.65922649916686,70.72500333116307,70.79233357194445,70.86135919346017,70.93222216765935,71.00506446649109,71.0800280619045,71.15725492584872,71.23688703027284,71.31906634712598,71.40393484835727,71.491631130075,71.58216255257446,71.67536599618826,71.77106694778607,71.86909089423756,71.96926332241247,72.07140971918051,72.17535557141133,72.28092636597466,72.38794758974018,72.49624472957763,72.60564327235664,72.71596870494696,72.82704651421824,72.93870218704024,73.05076121028262,73.16304907081509,73.27539125550734,73.38761325122906,73.49954054484996,73.61099862323977,73.72181297326813,73.83180908180475,73.94081243571935,74.04864852188163,74.15514282716126,74.26012083842795,74.36340804255141,74.46482992640134,74.56421197684742,74.66137968075938,74.75615852500687,74.8483739964596,74.9378515819873,75.02441676845964,75.10789504274635,75.18812314815412,75.26510625764024,75.33897920164051,75.40988014583132,75.47794725588906,75.5433186974901,75.60613263631083,75.66652723802764,75.72464066831691,75.78061109285505,75.83457667731844,75.88667558738345,75.93704598872648,75.98582604702392,76.03315392795216,76.07916779718755,76.12400582040655,76.16780616328549,76.21070699150079,76.25284647072883,76.29436276664597,76.33539404492862,76.37607847125318,76.41655421129602,76.45695943073352,76.4974322952421,76.53811097049811,76.57913362217798,76.62063841595804,76.66276351751475,76.70564709252443,76.74942730666348,76.79424232560834,76.84023031503534,76.88752944062088,76.93627786804137,76.9865903168735,77.03840822536364,77.09159536655295,77.14601514713729,77.20153097381257,77.25800625327463,77.31530439221933,77.37328879734258,77.4318228753402,77.49077003290813,77.54999367674222,77.60935721353829,77.66872404999228,77.72795759280001,77.78692124865739,77.8454784242603,77.90349252630457,77.96082696148608,78.01734513650072,78.07291045804436,78.12738633281288,78.18063616750214,78.23252336880799,78.28291134342632,78.33166349805305,78.37864323938396,78.423713974115,78.46673910894202,78.50758205056087,78.54610620566743,78.58217498095757,78.61565178312719,78.64640001887216,78.6742830948883,78.69916441787154,78.72090739451772
68.21320334253453,68.23356135744972,68.2535161824148,68.27314030056081,68.29250619501877,68.31168634891972,68.3307532453947,68.34977936757473,68.36883719859085,68.38799922157409,68.40733791965549,68.42692577596608,68.44683527363689,68.46713889579895,68.48790912558329,68.50921844612095,68.53113934054296,68.55374429198037,68.57710578356418,68.60129629842545,68.6263883196952,68.65245433050447,68.67956681398428,68.70779825326566,68.73722113147967,68.76790793175732,68.79993113722965,68.8333632310277,68.86827669628249,68.90474401612505,68.94283767368643,68.98263015209766,69.02419393448974,69.06760150399374,69.1129253437407,69.16023793686162,69.20961157326659,69.26107758002296,69.31457589068576,69.37003407266883,69.427379693386,69.4865403202511,69.54744352067794,69.6100168620804,69.6741879118723,69.73988423746744,69.80703340627969,69.87556298572285,69.9454005432108,70.01647364615731,70.08870986197627,70.16203675808147,70.23638190188677,70.311672860806,70.38783720225298,70.46480249364156,70.54249630238554,70.62084619589879,70.69977974159514,70.7792245068884,70.85910805919241,70.939357965921,71.01990179448802,71.10066711230729,71.18158148679265,71.26257248535791,71.34356767541692,71.42449462438356,71.50528089967156,71.58585406869483,71.6661416988672,71.74607135760243,71.82557193749838,71.90462384767764,71.98327441905093,72.06157545502461,72.13957875900513,72.21733613439889,72.29489938461228,72.37232031305169,72.44965072312351,72.5269424182342,72.60424720179014,72.68161687719774,72.75910324786338,72.83675811719348,72.91463328859444,72.99278056547269,73.0712517512346,73.15009864928658,73.22937306303504,73.30912679588639,73.38941165124703,73.47027943252337,73.5517819431218,73.63397098644873,73.7168983659106,73.80061588491373,73.8851753468646,73.97062855516961,74.0570273132351,74.14442342446756,74.23286869227331,74.32241492005883,74.41311391123048,74.50501746919468,74.59817739735783,74.69264549912634,74.7884651147742,74.88555295103856,74.98372823190923,75.08280767378116,75.18260799304934,75.28294590610878,75.38363812935444,75.48450137918127,75.5853523719843,75.68600782415848,75.78628445209884,75.8859989722003,75.98496810085788,76.08300855446655,76.17993704942128,76.27557030211707,76.36972502894889,76.46221794631174,76.55286577060059,76.64148521821042,76.7278930055362,76.81190584897294,76.89334046491561,76.97201356975918,77.04774187989864,77.12034211172897,77.18963098164517,77.25542520604219,77.31754150131505,77.37579658385869,77.43000717006811,77.47998997633832,77.52556171906423,77.5665391146409,77.60273887946326,77.63397772992633,77.66010846828621,77.68125059386657,77.69764314040611,77.70952570548513,77.71713788668393,77.72071928158277,77.72050948776197,77.71674810280177,77.70967472428251,77.69952894978445,77.68655037688791,77.67097860317313,77.65305322622044,77.63301384361009,77.61110005292241,77.58755145173765,77.56260763763615,77.53650820819814,77.50949276100394,77.48180089363385,77.45367220366813,77.42534628868708,77.39706274627102,77.36906117400017,77.34158116945486,77.31486233021539,77.28914425386202,77.26466653797507,77.2416687801348,77.22039057792153,77.20107152891552,77.18395123069706,77.16926928084644,77.15726527694397,77.1481788165699,77.14224949730456
69.39817851737027,69.30698724081488,69.22406950921439,69.14918475717396,69.08209241929873,69.0225519301939,68.97032272446462,68.92516423671604,68.88683590155334,68.85509715358167,68.82970742740619,68.81042615763208,68.7970127788645,68.78922672570859,68.78682743276953,68.78957433465247,68.7972268659626,68.80954446130505,68.82628655528501,68.84721258250762,68.87208197757808,68.9006541751015,68.93268860968307,68.96794471592794,69.00618192844131,69.04715968182829,69.09063741069409,69.13637454964383,69.18413053328273,69.23366479621588,69.2847367730485,69.33710589838572,69.39053160683271,69.44477333299464,69.49959051147668,69.55474257688398,69.60998935262943,69.66517308936375,69.72031994379192,69.77548095631337,69.8307071673275,69.88604961723372,69.94155934643145,69.9972873953201,70.05328480429908,70.10960261376782,70.16629186412574,70.22340359577221,70.28098884910669,70.33909866452859,70.3977840824373,70.45709614323225,70.51708588731286,70.57780435507853,70.63930258692868,70.70163162326273,70.76484250448009,70.82898627098017,70.89411396316238,70.96027662142613,71.02752528617087,71.095910997796,71.1654847967009,71.23629772328502,71.30840081794776,71.38184512108855,71.45668167310676,71.53296151440186,71.61073568537324,71.69005522642031,71.7709711779425,71.8535345803392,71.937795129308,72.02375024526233,72.11132944117257,72.20045769164035,72.29105997126736,72.38306125465523,72.47638651640561,72.57096073112017,72.66670887340057,72.76355591784845,72.86142683906547,72.96024661165329,73.05994021021355,73.16043260934791,73.26164878365803,73.36351370774557,73.46595235621217,73.56888970365951,73.67225072468919,73.77596039390293,73.87994368590235,73.9841255752891,74.08843103666486,74.19278504463126,74.29711257378996,74.40133859874263,74.50538809409092,74.60918603443646,74.71265739438091,74.81572714852597,74.91832027147323,75.0203617378244,75.1217765221811,75.22248959914499,75.32242594331775,75.42151052930099,75.51966943125056,75.61684517591047,75.71299295525968,75.80806828707101,75.90202668911725,75.99482367917122,76.08641477500571,76.17675549439355,76.26580135510753,76.35350787492044,76.4398305716051,76.52472496293433,76.6081465666809,76.69005090061766,76.77039348251738,76.84912983015288,76.92621546129695,77.00160589372241,77.07525664520206,77.14712323350871,77.21716117641516,77.28532599169422,77.35157319711868,77.41585831046137,77.47813684949507,77.53836433199261,77.59649627572678,77.65248819847038,77.70629561799622,77.75787405207711,77.80717901848585,77.85416603499526,77.89879061937812,77.94100828940726,77.98077456285547,78.01804495749555,78.0527927266579,78.08512220052809,78.11519645832624,78.14317885639046,78.16923275105894,78.19352149866985,78.21620845556131,78.23745697807153,78.25743042253863,78.27629214530079,78.29420550269616,78.31133385106288,78.32784054673918,78.34388894606316,78.35964240537298,78.37526428100684,78.39091792930286,78.40676670659923,78.42297396923409,78.43970307354562,78.45711737587196,78.47538023255127,78.49465499992172,78.51510503432148,78.5368936920887,78.56018432956152,78.58514030307815,78.6119249689767,78.64070168359534,78.67163380327226,78.7048846843456,78.74061768315352,78.77899615603418,78.82018345932573,78.86434294936636,78.91163798249421
68.00703434400808,67.92571312082262,67.85460248764275,67.7933637753281,67.74165831473825,67.6991474367328,67.66549247217137,67.64035475191355,67.62339560681895,67.61427636774717,67.61265836555782,67.6182029311105,67.63057139526482,67.64942508888039,67.67442534281679,67.70523348793365,67.74151085509055,67.78291877514712,67.82911857896295,67.87977159739764,67.9345391613108,67.99308260156202,68.05506324901093,68.12014243451712,68.1879814889402,68.25824174313975,68.3305845279754,68.40467117430676,68.48016301299342,68.55672137489496,68.63400759087104,68.71168299178122,68.78940890848511,68.86684667184232,68.94365761271247,69.01950306195515,69.09404489773459,69.16706102679774,69.23858823098404,69.30869831962961,69.37746310207056,69.44495438764304,69.51124398568311,69.57640370552693,69.64050535651059,69.7036207479702,69.76582168924192,69.82717998966183,69.88776745856603,69.94765590529067,70.00691713917186,70.0656229695457,70.12384520574832,70.18165565711583,70.23912613298434,70.29632844268997,70.35333439556884,70.41021580095706,70.46704446819075,70.52389220660602,70.580830825539,70.63793213432578,70.6952679423025,70.75291005880526,70.81093029317017,70.86940045473337,70.92839235283095,70.98797779679906,71.04822859597378,71.10921655969123,71.17101349728756,71.23369121809884,71.2973209392622,71.36195085617834,71.42759925819804,71.49428243600049,71.56201668026483,71.63081828167022,71.70070353089582,71.77168871862078,71.84379013552427,71.91702407228544,71.99140681958346,72.06695466809747,72.14368390850665,72.22161083149012,72.30075172772709,72.38112288789668,72.46274060267805,72.54562116275038,72.62978085879281,72.71523598148451,72.80200282150462,72.89009766953232,72.97953681624675,73.07033655232708,73.16251316845246,73.25608295530206,73.35106220355503,73.44746720389053,73.5453142469877,73.64461962352573,73.74539962418376,73.84767053964096,73.95144866057646,74.05675027766944,74.16359168159907,74.27198916304447,74.38195209535914,74.4933863482084,74.60611811391352,74.71997153521777,74.83477075486441,74.95033991559671,75.06650316015798,75.18308463129144,75.29990847174042,75.41679882424815,75.53357983155792,75.650075636413,75.76611038155667,75.88150820973222,75.99609326368288,76.10968968615195,76.22212161988271,76.33321320761841,76.44278859210235,76.55067191607779,76.656687322288,76.76065895347625,76.86241095238583,76.96176746176,77.05855262434206,77.15259058287523,77.24370548010283,77.33172145876813,77.41646266161437,77.49775323138486,77.57541731082286,77.64927904267164,77.71916256967448,77.78489203457464,77.84629158011542,77.90318534904006,77.95545243434758,78.00337804577056,78.04742941576373,78.08807463537948,78.12578179567024,78.16101898768842,78.19425430248644,78.22595583111676,78.25659166463176,78.28662989408387,78.31653861052551,78.34678590500913,78.37783986858712,78.4101685923119,78.4442401672359,78.48052268441157,78.51948423489128,78.5615929097275,78.60731679997261,78.65712399667906,78.71148259089927,78.77086067368563,78.8357263360906,78.90654766916659,78.98379276396601,79.0679297115413,79.15942660294486,79.25875152922913,79.36637258144651,79.48275785064945,79.60837542789037,79.74369340422166,79.88917987069577,80.04530291836511,80.2125306382821,80.39133112149916
69.5501504525859,69.36729568984713,69.19895219433882,69.04469058072213,68.90408146365824,68.77669545780833,68.66210317783356,68.5598752383951,68.46958225415412,68.39079483977179,68.32308360990928,68.26601917922775,68.21917216238839,68.18211317405236,68.15441282888082,68.13564174153497,68.12537052667595,68.12316979896494,68.12861017306311,68.14126226363165,68.16069668533169,68.18648405282443,68.21819498077102,68.25540008383265,68.29766997667048,68.34457527394568,68.39568659031941,68.45057454045288,68.5088097390072,68.5699628006436,68.6336043400232,68.6993049718072,68.76663531065677,68.83516597123305,68.90446756819725,68.97411071621052,69.0436666580523,69.11283979757859,69.18163163859434,69.25008388447479,69.31823823859519,69.38613640433077,69.45382008505676,69.52133098414839,69.58871080498095,69.65600125092962,69.72324402536968,69.79048083167633,69.85775337322485,69.92510335339045,69.99257247554837,70.06020244307386,70.12803495934217,70.1961117277285,70.26447445160812,70.33316483435627,70.40222457934817,70.47169538995907,70.5416189695642,70.6120370215388,70.68299124925811,70.75452335609738,70.82667504543184,70.89948802063672,70.97300398508729,71.04726464215874,71.12231169522634,71.19818684766533,71.27493180285093,71.3525882641584,71.43119793496295,71.51080251863985,71.59144271811537,71.6731203438623,71.7557866836808,71.83938964885574,71.92387715067201,72.00919710041453,72.09529740936814,72.18212598881777,72.2696307500483,72.35775960434461,72.44646046299158,72.53568123727413,72.6253698384771,72.71547417788541,72.80594216678396,72.89672171645765,72.9877607381913,73.07900714326986,73.17040884297819,73.2619137486012,73.35346977142375,73.44502482273074,73.53652681380707,73.62792365593762,73.71916326040729,73.81019353850094,73.90096240150349,73.99141776069982,74.0815075273748,74.17117961281333,74.26038192830032,74.34906238512063,74.43716889455915,74.52464936790079,74.61145171643044,74.69752385143293,74.78281497258656,74.8672935577513,74.95094292516961,75.03374677483022,75.11568880672176,75.19675272083292,75.27692221715235,75.35618099566874,75.43451275637076,75.51190119924708,75.58833002428635,75.66378293147727,75.7382436208085,75.81169579226871,75.88412314584656,75.95550938153075,76.02583819930992,76.09509329917275,76.16325838110791,76.23031714510407,76.29625329114991,76.3610505192341,76.4246925293453,76.48716302147218,76.54844569560343,76.6085242517277,76.66738238983368,76.72500380991002,76.78137221194541,76.83647129592849,76.89028476184797,76.9427963096925,76.99398963945075,77.04384845111139,77.0923564446631,77.13949732009455,77.18527007351402,77.22978674891392,77.2732100586829,77.3157029542115,77.35742838689023,77.39854930810962,77.43922866926017,77.47962942173245,77.51991451691694,77.5602469062042,77.60078954098472,77.64170537264906,77.68315735258771,77.72530843219121,77.7683215628501,77.81235969595488,77.85758578289608,77.90416277506422,77.95225362384984,78.00202128064346,78.05362869683559,78.10723882381677,78.1630146129775,78.22111901570834,78.2817149833998,78.34496546744239,78.41103341922664,78.48008179014309,78.55227353158224,78.62777159493464,78.70673893159079,78.78933849294124,78.87573323037648,78.96608609528707,79.06056003906352,79.15931801309634
69.1151041380583,68.99471851497378,68.88420610945944,68.78329958300452,68.69173159709828,68.60923481322997,68.53554189288884,68.47038549756415,68.41349828874515,68.36461292792109,68.32346207658121,68.28977839621477,68.26329454831104,68.24374319435925,68.23085699584865,68.22436861426851,68.22401071110808,68.2295159478566,68.24061698600332,68.2570464870375,68.27853711244839,68.30482152372525,68.33563238235732,68.37070234983386,68.40976408764412,68.45255025727734,68.49879352022279,68.54822653796973,68.60058197200738,68.655592483825,68.71299073491186,68.7725093867572,68.83388110085028,68.89683853868034,68.96111436173665,69.02644123150844,69.0925521437848,69.15925096591383,69.22649968905235,69.29428169954481,69.3625803837357,69.43137912796946,69.50066131859055,69.57041034194343,69.64060958437256,69.71124243222239,69.78229227183739,69.85374248956201,69.92557647174073,69.99777760471797,70.07032927483823,70.14321486844594,70.21641777188557,70.28992137150159,70.36370905363844,70.43776420464059,70.51207021085249,70.58661045861861,70.6613683342834,70.73632722419131,70.81147051468682,70.88678159211437,70.96224384281844,71.03784065314348,71.11355540943394,71.18937149803428,71.26527230528897,71.34124121754246,71.41726162113923,71.4933169024237,71.56939044774035,71.64546564343364,71.72152631417615,71.79757332464544,71.87362967508832,71.949719845109,72.02586831431162,72.10209956230037,72.1784380686794,72.25490831305288,72.33153477502499,72.40834193419991,72.48535427018179,72.5625962625748,72.64009239098314,72.71786713501093,72.79594497426237,72.87435038834164,72.95310785685288,73.03224185940029,73.111776875588,73.19173738502022,73.27214786730109,73.35303280203479,73.4344166688255,73.51632394727739,73.5987791169946,73.68180665758133,73.76543104864176,73.84967676978002,73.93456830060029,74.02013012070677,74.1063867097036,74.19336254719495,74.28108211278501,74.36956988607794,74.4588503466779,74.54894797418906,74.63988073896162,74.73156921361954,74.82385899382422,74.91659374656926,75.00961713884823,75.10277283765471,75.19590450998228,75.28885582282454,75.38147044317506,75.4735920380274,75.56506427437517,75.65573081921195,75.7454353395313,75.8340215023268,75.92133297459205,76.00721342332062,76.0915065155061,76.17405591814205,76.25470529822206,76.33329832273972,76.4096786586886,76.4836899730623,76.55517593285437,76.62398020505842,76.689946456668,76.75291835467672,76.81273956607814,76.86925375786585,76.92230459703343,76.97173575057445,77.01739088548251,77.0591136687512,77.09674776737405,77.13013684834469,77.15912457865667,77.1835546253036,77.20332014908077,77.21868010091205,77.23005737993958,77.23787565864612,77.24255860951445,77.24452990502735,77.2442132176676,77.242032219918,77.23841058426132,77.23377198318032,77.2285400891578,77.22313857467654,77.21799111221932,77.21352137426891,77.2101530333081,77.20830976181966,77.20841523228638,77.21089311719105,77.21616708901642,77.22466082024529,77.23679798336045,77.25300225084466,77.27369729518071,77.29930678885137,77.33025440433944,77.36696381412769,77.40985869069888,77.45936270653583,77.51589953412129,77.57989284593805,77.6517663144689,77.7319436121966,77.82084841160395,77.9189043851737,78.02653520538867,78.14416454473161
69.5178792591508,69.40208891145217,69.29545643977741,69.19774343034392,69.10871146936918,69.02812214307059,68.9557370376656,68.89131773937163,68.83462583440613,68.78542290898652,68.74347054933023,68.7085303416547,68.68036387217735,68.65873272711565,68.64339849268698,68.6341227551088,68.63066710059856,68.63279311537366,68.64026238565155,68.65283649764966,68.67027703758542,68.69234559167626,68.71880374613963,68.74941308719293,68.78393520105362,68.82213167393914,68.86376409206689,68.90859404165433,68.95638310891887,69.00689288007797,69.05988494134904,69.11512087894953,69.17236227909686,69.23137072800847,69.29190781190178,69.35373511699423,69.41661451871956,69.48036920636649,69.54495916853229,69.61036290365728,69.67655891018173,69.74352568654595,69.81124173119024,69.8796855425549,69.94883561908023,70.0186704592065,70.08916856137405,70.16030842402316,70.2320685455941,70.3044274245272,70.37736355926276,70.45085544824107,70.52488158990242,70.59942048268712,70.67445062503545,70.74995051538772,70.82589865218424,70.90227353386527,70.97905365887115,71.05621752564214,71.13374363261858,71.21161047824073,71.2897965609489,71.3682803791834,71.44704043138451,71.52605521599253,71.60530323144778,71.68476297619053,71.76441294866108,71.84423164729975,71.92419757054681,72.00428921684258,72.0844852437096,72.16477049299304,72.24513784019189,72.32558069770775,72.4060924779422,72.48666659329685,72.5672964561733,72.64797547897311,72.72869707409791,72.80945465394929,72.89024163092883,72.97105141743812,73.05187742587879,73.1327130686524,73.21355175816055,73.29438690680485,73.37521192698688,73.45602023110824,73.53680523157053,73.61756034077533,73.69827897112425,73.77895453501888,73.85958044486082,73.94015011305166,74.02065695199298,74.10109437408639,74.18145579173348,74.26173461733586,74.3419242632951,74.42201814201282,74.50200966589058,74.58189224733002,74.6616592987327,74.74130423250021,74.82082046103419,74.90020139673618,74.97944186512474,75.05855783613467,75.13758155671431,75.21654569251331,75.29548290918132,75.374425872368,75.45340724772299,75.53245970089594,75.61161589753652,75.69090850329438,75.77037018381915,75.8500336047605,75.92993143176807,76.0100963304915,76.09056096658048,76.17135800568464,76.25252011345363,76.33407995553709,76.4160701975847,76.49852350524608,76.58147254417092,76.66494998000883,76.74898847840949,76.83362070502254,76.91887932549763,77.00479700548442,77.09140641063254,77.17874020659167,77.26683105901147,77.35571163354155,77.44541459583158,77.53597261153122,77.62741834629011,77.71978446575793,77.81310363558428,77.90740852141886,78.00266967776251,78.09839861890715,78.19390111596437,78.28848196955899,78.38144598031593,78.47209794886004,78.55974267581618,78.64368496180926,78.7232296074641,78.79768141340561,78.86634518025865,78.92852570864807,78.98352779919877,79.03065625253561,79.06921586928345,79.09851145006719,79.11784779551166,79.12652970624177,79.12386198288236,79.10914942605832,79.08169683639453,79.04080901451583,78.9857907610471,78.91594687661323,78.83058216183908,78.72900141734951,78.6105094437694,78.47441104172363,78.32001101183705,78.14661415473455,77.95352527104099,77.74004916138125,77.50549062638018,77.24915446666269,76.97034548285362,76.66836847557782
68.80969060028416,68.77477751802503,68.7454349333443,68.72148402319444,68.70274596452785,68.68904193429701,68.68019310945438,68.67602066695237,68.67634578374347,68.6809896367801,68.68977340301471,68.70251825939975,68.71904538288769,68.73917595043093,68.76273113898198,68.78953212549322,68.81940008691716,68.85215620020618,68.8876216423128,68.92561759018942,68.9659652207885,69.0084857110625,69.05300023796387,69.09932997844503,69.14729610945845,69.19671980795655,69.24742225089183,69.29922461521669,69.35194807788359,69.405413815845,69.45944300605332,69.51385682546105,69.56847645102062,69.62312305968446,69.67761782840505,69.73178193413479,69.78543691236642,69.83848030912601,69.89097925997872,69.94302384706585,69.99470415252866,70.04611025850842,70.09733224714645,70.14846020058401,70.1995842009624,70.25079433042288,70.30218067110674,70.35383330515526,70.40584231470974,70.45829778191144,70.51128978890165,70.56490841782166,70.61924375081273,70.67438587001617,70.73042485757325,70.78745079562525,70.84555376631344,70.90482385177914,70.96535113416361,71.02722569560811,71.09053761825396,71.15537698424242,71.22183387571478,71.28999837481233,71.35996056367632,71.43181052444807,71.50563833926886,71.58153409027993,71.65958785962262,71.73988972943816,71.82252978186786,71.907598099053,71.99518209707095,72.08526554876407,72.17769759074669,72.27231836166736,72.36896800017469,72.4674866449172,72.56771443454349,72.66949150770212,72.77265800304168,72.87705405921074,72.98251981485784,73.08889540863159,73.19602097918055,73.30373666515327,73.41188260519833,73.52029893796434,73.62882580209983,73.73730333625336,73.84557167907353,73.95347096920891,74.06084134530808,74.16752294601959,74.27335590999202,74.37818037587392,74.48183648231391,74.58416436796053,74.68500417146235,74.78419603146794,74.88158008662587,74.97699647558476,75.07028533699311,75.16128680949952,75.24984103175255,75.3357881424008,75.41896828009284,75.49922158347722,75.57639960738227,75.65052472651091,75.72175081304381,75.79023512173343,75.85613490733225,75.91960742459268,75.98080992826719,76.03989967310825,76.09703391386832,76.1523699052998,76.20606490215518,76.2582761591869,76.30916093114745,76.35887647278923,76.40758003886474,76.45542888412638,76.50258026332664,76.54919143121795,76.59541964255281,76.64142215208362,76.68735621456285,76.73337908474296,76.7796480173764,76.82632026721562,76.87355308901307,76.9215037375212,76.97032946749248,77.02018753367936,77.07123519083426,77.12362969370967,77.17752829705803,77.23308825563181,77.29046682418343,77.34982125746536,77.41130881023004,77.47508673722994,77.54127391857283,77.60970562175801,77.68008999827425,77.75213460000656,77.82554697883985,77.90003468665908,77.97530527534924,78.05106629679527,78.1270253028821,78.20288984549471,78.27836747651806,78.35316574783711,78.42699221133681,78.49955441890212,78.57055992241798,78.6397162737694,78.70673102484126,78.77131172751858,78.83316593368629,78.89200119522933,78.94752506403269,78.99944509198131,79.04746883096017,79.0913038328542,79.13065764954835,79.16523783292762,79.19475193487693,79.21890750728126,79.23741210202552,79.24997327099472,79.25629856607381,79.25609553914772,79.24907174210144,79.2349347268199,79.21339204518806,79.18415124909087
68.42420016123597,68.36483735997189,68.31260765015146,68.26729948966263,68.22870133639339,68.1966016482316,68.17078888306527,68.15105149878232,68.13717795327071,68.12895670441839,68.12617621011327,68.12862492824334,68.13609131669654,68.14836383336078,68.16523093612403,68.18648108287422,68.21190273149932,68.24128433988727,68.27441436592602,68.31108126750348,68.35107350250765,68.39417952882643,68.44018780434779,68.48888678695965,68.54006493455,68.59351070500675,68.64901255621785,68.70635894607128,68.76533833245492,68.82573917325678,68.88734992636475,68.94995904966683,69.01335500105094,69.077326238405,69.141661219617,69.20614840257487,69.27057656702576,69.33480272687001,69.39883613541573,69.46270664496072,69.52644410780266,69.5900783762394,69.65363930256862,69.71715673908813,69.78066053809565,69.84418055188897,69.90774663276582,69.97138863302396,70.03513640496121,70.09901980087523,70.16306867306386,70.22731287382481,70.29178225545587,70.35650667025476,70.42151597051927,70.48684000854715,70.55250863663616,70.61855170708404,70.68499907218859,70.75188058424752,70.8192260955586,70.88706545841964,70.95542852512833,71.02434514798244,71.09384517927975,71.16395847131801,71.234714876395,71.30614424680843,71.3782764348561,71.45114129283576,71.52476867304514,71.59918842778202,71.67443010852452,71.75051157238661,71.82743548508975,71.90520349708893,71.98381725883934,72.06327842079594,72.14358863341388,72.2247495471482,72.30676281245402,72.38963007978637,72.47335299960032,72.55793322235097,72.64337239849341,72.72967217848266,72.81683421277386,72.90486015182204,72.99375164608229,73.08351034600967,73.17413790205929,73.26563596468618,73.35800618434546,73.4512502114922,73.54536969658143,73.64036629006826,73.73624164240776,73.83299740405502,73.9306352254651,74.02915675709306,74.12856364939398,74.22885755282294,74.33004011783504,74.43211299488533,74.5350778344289,74.6389362869208,74.74369000281612,74.84934063256995,74.95588318164536,75.0632132267366,75.17114980407464,75.27950998100405,75.38811082486939,75.49676940301512,75.60530278278577,75.71352803152593,75.82126221658007,75.9283224052927,76.0345256650084,76.13968906307164,76.24362966682699,76.34616454361898,76.4471107607921,76.54628538569088,76.64350548565986,76.73858812804357,76.8313503801865,76.92160930943322,77.00918198312826,77.0938854686161,77.17553683324127,77.25395314434832,77.32895146928178,77.40034887538613,77.46796243000594,77.53160920048575,77.59110625417003,77.64627065840335,77.6969194805302,77.74286978789513,77.78393864784269,77.81994312771732,77.85070029486366,77.87602721662611,77.89579070773951,77.91022524724428,77.91973010241091,77.92470531781294,77.92555093802386,77.92266700761712,77.91645357116624,77.9073106732447,77.895638358426,77.88183667128365,77.86630565639109,77.84944535832187,77.83165582164943,77.8133370909473,77.79488921078894,77.77671222574787,77.75920618039757,77.74277111931153,77.72780708706324,77.7147141282262,77.70389228737389,77.69574160907979,77.69066213791743,77.68905391846027,77.6913169952818,77.69785141295554,77.70905721605496,77.72533444915354,77.7470831568248,77.77470338364222,77.80859517417926,77.84915857300948,77.8967936247063,77.95190037384324,78.01487886499382,78.08612914273147
68.33709225812451,68.33150685159268,68.32881394364018,68.32893612152093,68.33179597248875,68.33731608379753,68.34541904270115,68.35602743645349,68.36906385230843,68.3844508775198,68.40211109934152,68.42196710502743,68.44394148183143,68.46795681700739,68.49393569780916,68.52180071149063,68.55147444530567,68.58287948650818,68.61593842235197,68.650573840091,68.68670832697907,68.72426447027007,68.7631648572179,68.80333207507641,68.8446887110995,68.88715735254101,68.93066058665482,68.9751210006948,69.02046118191485,69.06660371756882,69.1134711949106,69.16098620119405,69.20907132367304,69.25764914960146,69.30664226623318,69.35597326082205,69.40556488662091,69.45537508865519,69.50544032944308,69.55580769543418,69.60652427307807,69.65763714882434,69.70919340912252,69.76124014042222,69.813824429173,69.86699336182443,69.92079402482612,69.97527350462762,70.03047888767853,70.08645726042838,70.14325570932678,70.20092132082331,70.25950118136753,70.319042377409,70.37959199539736,70.44119712178211,70.50390484301288,70.56776224553921,70.63281641581071,70.69911444027693,70.76670340538743,70.83563039759184,70.9059425033397,70.9776868090806,71.05091040126409,71.12566036633977,71.20198379075721,71.27992776096599,71.35953936341568,71.44086568455586,71.5239538108361,71.60885082870598,71.69560209199224,71.78418559880856,71.87449184981503,71.9664054980696,72.0598111966303,72.1545935985551,72.25063735690196,72.34782712472891,72.44604755509388,72.54518330105492,72.64511901566996,72.74573935199703,72.84692896309407,72.94857250201909,73.05055462183007,73.15275997558501,73.25507321634187,73.35737899715865,73.45956197109334,73.5615067912039,73.66309811054833,73.76422058218463,73.86475885917076,73.96459759456474,74.06362144142452,74.16171505280809,74.25876308177345,74.35465018137856,74.44926100468143,74.54248020474006,74.63419243461239,74.72428234735642,74.81263459603016,74.89913383369156,74.98366471339864,75.06611188820935,75.14636892529353,75.22446277334615,75.30052305842433,75.37468204780356,75.4470720087593,75.51782520856702,75.58707391450218,75.65495039384027,75.72158691385675,75.78711574182707,75.8516691450267,75.91537939073115,75.97837874621584,76.04079947875626,76.10277385562787,76.16443414410614,76.22591261146655,76.28734152498456,76.34885315193563,76.41057975959525,76.47265361523887,76.53520698614196,76.59837213957998,76.66228134282842,76.72706686316273,76.79286096785839,76.85979592419088,76.92800399943563,76.99761746086814,77.06876857576387,77.14158961139827,77.21621283504686,77.29277051398503,77.37139491548834,77.45221830683218,77.53537295529205,77.62094861270968,77.70872081529933,77.79832426690105,77.88939300705115,77.98156107528604,78.07446251114206,78.16773135415555,78.26100164386293,78.3539074198005,78.44608272150467,78.5371615885118,78.6267780603582,78.7145661765803,78.80015997671444,78.88319350029697,78.96330078686425,79.04011587595267,79.11327280709855,79.1824056198383,79.24714835370827,79.3071350482448,79.36199974298427,79.41137647746305,79.45489929121747,79.49220222378393,79.52291931469878,79.54668460349839,79.5631321297191,79.57189593289729,79.57261005256933,79.56490852827156,79.54842539954036,79.52279470591209,79.48765048692312,79.44262678210978,79.38735763100848
68.01434768101782,68.02187670044405,68.0317638574671,68.04396112108465,68.05842046029444,68.07509384409417,68.09393324148155,68.11489062145431,68.13791795301015,68.16296720514678,68.18999034686193,68.21893934715331,68.24976617501862,68.28242279945557,68.3168611894619,68.3530333140353,68.3908911421735,68.4303866428742,68.47147178513511,68.51409853795397,68.55821887032846,68.60378475125631,68.65074814973524,68.69906103476295,68.74867537533714,68.79954314045557,68.85161629911592,68.9048468203159,68.95918667305324,69.01458782632564,69.07100224913081,69.12838191046649,69.18667877933038,69.24584482472018,69.30583201563361,69.3665923210684,69.42807775420036,69.49024969396872,69.55309041556768,69.61658502159172,69.68071861463532,69.74547629729298,69.81084317215917,69.87680434182833,69.943344908895,70.01044997595362,70.07810464559869,70.14629402042468,70.21500320302606,70.28421729599732,70.35392140193294,70.42410062342739,70.49474006307517,70.56582482347073,70.63734000720858,70.70927071688318,70.78160205508901,70.85431912442056,70.9274070274723,71.0008508668387,71.07463574511426,71.14874676489346,71.22316902877076,71.29788763934064,71.3728876991976,71.44815431093612,71.52367257715065,71.59942760043569,71.67540448338572,71.75158832859522,71.82796423865865,71.90451731617051,71.9812331574659,72.0581165530463,72.13519722731438,72.21250657104727,72.29007597502219,72.36793683001632,72.44612052680682,72.5246584561709,72.60358200888574,72.68292257572851,72.7627115474764,72.84298031490661,72.9237602687963,73.00508279992268,73.0869792990629,73.1694811569942,73.2526197644937,73.33642651233862,73.42093279130614,73.50616999217344,73.59216950571772,73.67896272271614,73.7665810339459,73.85505583018417,73.94441850220817,74.03470044079504,74.12593303672197,74.21814768076618,74.31137576370482,74.4056486763151,74.50099780937418,74.59745455365926,74.69505029994751,74.79381643901613,74.8937843616423,74.99498545860321,75.09744219086888,75.20104340303553,75.30557508155027,75.41082056699143,75.51656319993732,75.62258632096625,75.72867327065654,75.83460738958651,75.94017201833448,76.04515049747876,76.14932616759765,76.2524823692695,76.35440244307259,76.45486972958527,76.55366756938582,76.6505793030526,76.74538827116389,76.83787781429801,76.9278312730333,77.01503198794805,77.09926329962059,77.18030854862924,77.2579510755523,77.33197422096809,77.40216132545494,77.46829572959116,77.53016077395506,77.58753979912495,77.64021614567916,77.68797315419602,77.7305941652538,77.76786251943086,77.7995615573055,77.82547461945603,77.84538504646078,77.85907617889805,77.8663875551056,77.86757404998697,77.8630766935238,77.85333739378771,77.83879805885039,77.81990059678343,77.79708691565851,77.77079892354725,77.74147852852128,77.70956763865227,77.67550816201185,77.63974200667165,77.60271108070333,77.56485729217852,77.52662254916885,77.48844875974596,77.45077783198151,77.41405167394713,77.37871219371446,77.34520129935515,77.31396089894083,77.28543290054316,77.26005921223374,77.23828174208425,77.22054239816632,77.20728308855158,77.19894572131167,77.19597220451824,77.19880444624293,77.2078843545574,77.22365383753325,77.24655480324215,77.27702915975573,77.31551881514562,77.36246567748348,77.41831165484095
68.36089674990323,68.33981474680623,68.32294895267653,68.31018545153366,68.30141032739711,68.29650966428635,68.2953695462209,68.29787605722022,68.30391528130383,68.31337330249123,68.32613620480187,68.34209007225529,68.36112098887095,68.38311503866838,68.40795830566704,68.43553687388642,68.46573682734602,68.49844425006536,68.5335452260639,68.57092583936112,68.61047217397658,68.6520703139297,68.69560634324002,68.74096634592699,68.78803640601014,68.83670260750894,68.88685103444291,68.93836777083152,68.99113890069427,69.04505050805064,69.09998867692015,69.15583949132225,69.21248903527648,69.26982339280231,69.32772864791924,69.38609088464676,69.44479637029359,69.5037702294842,69.56302428264671,69.62258208071961,69.68246717464142,69.74270311535065,69.8033134537858,69.86432174088539,69.92575152758792,69.98762636483191,70.04996980355587,70.11280539469828,70.1761566891977,70.2400472379926,70.30450059202151,70.36954030222292,70.43518991953538,70.50147299489734,70.56841307924735,70.63603372352391,70.70435847866555,70.77341089561075,70.84321452529802,70.91379291866589,70.98516962665286,71.05736820019744,71.13041219023815,71.20432514771348,71.27913062356194,71.35485216872206,71.43151333413233,71.50913767073128,71.5877487294574,71.6673700612492,71.74802521704522,71.82973774778392,71.91253063845178,71.9964048726486,72.08133285339476,72.16728507362241,72.25423202626372,72.34214420425083,72.43099210051592,72.52074620799114,72.61137701960861,72.70285502830053,72.79515072699907,72.88823460863632,72.98207716614449,73.07664889245574,73.17192028050218,73.26786182321601,73.36444401352936,73.46163734437441,73.55941230868329,73.65773939938818,73.75658910942123,73.8559319317146,73.95573835920042,74.05597888481087,74.15662400147811,74.25764420213429,74.35900997971156,74.46069182714207,74.562660237358,74.66488570329149,74.76733871787471,74.86998977403981,74.97280936471893,75.07576798284424,75.17883612134791,75.28198427316208,75.38518100662866,75.48836609251697,75.59145713316789,75.69437116067343,75.79702520712546,75.89933630461596,76.00122148523688,76.10259778108015,76.20338222423774,76.30349184680155,76.40284368086357,76.50135475851572,76.59894211184995,76.6955227729582,76.79101377393242,76.88533214686457,76.97839492384657,77.07011913697036,77.1604218183279,77.24922000001115,77.33643071411203,77.42197099272249,77.50575786793448,77.58770837183994,77.6677395365308,77.74576839409904,77.82171197663658,77.89548731623537,77.96701144498736,78.03620139498447,78.10297419831869,78.16724688708193,78.22893649336613,78.28796004926326,78.34423458686526,78.39767713826406,78.44822651919817,78.49598254016907,78.54111717000744,78.5838027179135,78.62421149308742,78.66251580472938,78.69888796203959,78.73350027421824,78.76652505046552,78.79813459998161,78.82850123196671,78.85779725562101,78.8861949801447,78.91386671473795,78.94098476860098,78.96772145093398,78.99424907093712,79.02073993781059,79.04736636075461,79.07430064896933,79.10171511165497,79.12978205801171,79.15867379723976,79.18856263853927,79.21962089111045,79.25202086415351,79.28593486686862,79.32153520845597,79.35899419811574,79.39848414504816,79.44017735845338,79.48424614753161,79.53086282148303,79.58019968950784,79.63242906080623,79.68772324457838
68.65412741878289,68.58315593462547,68.51906630072133,68.46167465109562,68.41079711977346,68.36624984077997,68.3278489481403,68.29541057587957,68.2687508580229,68.24768592859543,68.2320319216223,68.22160497112863,68.21622121113953,68.21569677568016,68.21984779877565,68.2284904144511,68.24144075673166,68.25851495964247,68.27952915720864,68.30429948345532,68.33264207240762,68.36437305809068,68.39930857452963,68.4372647557496,68.47805773577572,68.52150364863311,68.56741862834691,68.61561880894226,68.66592032444426,68.71813930887807,68.7720918962688,68.8275942206416,68.88446241602158,68.94251261643387,69.00156095590363,69.06142356845595,69.12191683515933,69.1829095102715,69.24438719955266,69.30635131953714,69.36880328675923,69.43174451775327,69.49517642905357,69.55910043719443,69.6235179587102,69.68843041013517,69.75383920800367,69.81974576885,69.88615150920849,69.95305784561346,70.02046619459922,70.08837797270009,70.15679459645037,70.22571748238441,70.29514804703649,70.36508770694095,70.4355378786321,70.50649997864427,70.57797542351175,70.64996562976887,70.72247201394995,70.79549599258931,70.86903898222124,70.9431023993801,71.01768766060016,71.09279618241578,71.16842938136125,71.2445886739709,71.32127547677902,71.39849120631996,71.47623727912801,71.55451511173752,71.63332620400288,71.71267529484784,71.79257133086165,71.873023539839,71.95404114957454,72.03563338786289,72.11780948249874,72.20057866127675,72.28395015199156,72.36793318243785,72.45253698041027,72.53777077370347,72.62364379011211,72.71016525743087,72.79734440345437,72.88519045597728,72.97371264279427,73.0629201917,73.15282233048909,73.24342828695625,73.3347472888961,73.42678856410332,73.51956134037253,73.61307484549845,73.70733830727568,73.8023609534989,73.89815201196278,73.99472071046195,74.09207627679108,74.19022793874485,74.28918492411789,74.38895646070485,74.48955177630042,74.59098009869923,74.69325065569596,74.79637267508525,74.90035077466308,75.00512059298599,75.11056466825535,75.21656417274703,75.32300027873687,75.42975415850074,75.5367069843145,75.64373992845402,75.75073416319513,75.85757086081371,75.9641311935856,76.07029633378669,76.17594745369279,76.28096572557978,76.38523232172354,76.48862841439988,76.5910351758847,76.69233377845383,76.79240539438315,76.89113119594849,76.98839235542574,77.08407004509074,77.17804543721935,77.27019970408743,77.36041401797083,77.44856955114541,77.53454747588704,77.61822896447156,77.69949518917484,77.77822732227271,77.85430653604108,77.92761400275576,77.99803089469265,78.06543838412756,78.12971764333638,78.19074984459495,78.24842764633725,78.30272859688442,78.3536682924564,78.40126250874427,78.44552702143916,78.48647760623216,78.52413003881438,78.55850009487695,78.58960355011097,78.61745618020754,78.6420737608578,78.66347206775283,78.68166687658376,78.6966739630417,78.70850910281776,78.71718807160303,78.72272664508866,78.72514059896572,78.72444570892533,78.72065775065863,78.7137924998567,78.70386573221067,78.69089322341163,78.67489074915072,78.65587408511901,78.63385900700766,78.60886129050773,78.58089671131039,78.54998104510669,78.51613006758777,78.47935955444474,78.43968528136871,78.3971230240508,78.35168855818209,78.30339765945372,78.2522661035568
68.16723822529661,68.13937383806137,68.11567194287801,68.09604021895683,68.08038634550812,68.06861800174221,68.06064286686942,68.05636862010007,68.0557029406445,68.05855350771299,68.06482800051586,68.07443409826348,68.08727948016613,68.10327182543412,68.12231881327779,68.14432812290744,68.16920743353342,68.19686442436603,68.22720677461555,68.26014216349239,68.29557827020676,68.33342277396906,68.3735833539896,68.41596768947866,68.46048345964658,68.5070383437037,68.55554002086029,68.6058961703267,68.65801447131327,68.71180260303026,68.76716824468804,68.82401907549689,68.88226277466717,68.94180702140918,69.00255949493325,69.06442787444965,69.12731993535414,69.19116384434301,69.25593326379754,69.32160801196329,69.38816790708583,69.45559276741076,69.52386241118364,69.59295665665007,69.66285532205566,69.73353822564593,69.80498518566654,69.87717602036298,69.95009054798089,70.02370858676585,70.09800995496346,70.17297447081924,70.2485819525788,70.32481221848778,70.40164508679166,70.47906037573611,70.55703790356665,70.63555748852892,70.71459894886846,70.79414210283085,70.8741667686617,70.95465276460655,71.03557990891105,71.1169280198207,71.19867691558116,71.28080641443793,71.36329633463669,71.44612649442294,71.52927671204233,71.61272680574038,71.69645659376269,71.78044589435487,71.8646748912933,71.94913797836602,72.03384800866868,72.11881906896352,72.20406524601276,72.28960062657868,72.37543929742353,72.46159534530952,72.54808285699895,72.63491591925401,72.72210861883698,72.80967504251015,72.89762927703569,72.98598540917587,73.07475752569295,73.16395971334919,73.25360605890683,73.3437106491281,73.43428757077524,73.52535091061054,73.61691475539621,73.7089931918945,73.8016003068677,73.89475018707799,73.98845691928767,74.08273459025898,74.17759728675415,74.27305909553544,74.36913410336507,74.46583639700532,74.56318006321845,74.66117918876668,74.75984786041224,74.85920016491741,74.95925018904444,75.06001201955556,75.16149349161859,75.26360889802527,75.36620052246104,75.46910879628709,75.57217415086458,75.67523701755465,75.77813782771847,75.88071701271718,75.98281500391198,76.08427223266403,76.18492913033447,76.28462612828449,76.38320365787521,76.48050215046783,76.57636203742351,76.6706237501034,76.76312771986866,76.85371437808044,76.94222415609997,77.02849748528831,77.11237479700671,77.19369652261628,77.27230309347817,77.34803494095362,77.42073249640373,77.49023619118967,77.55638645667261,77.61902372421372,77.67798842517414,77.73312099091504,77.78426185279761,77.83125144218297,77.8739301904323,77.91213852890678,77.94571688896755,77.9745057019758,77.99840479481642,78.01775296441707,78.0330857553779,78.04493964035404,78.05385109200068,78.06035658297301,78.06499258592615,78.06829557351531,78.07080201839565,78.07304839322231,78.0755711706505,78.07890682333539,78.0835918239321,78.09016264509583,78.09915575948179,78.11110763974506,78.12655475854089,78.1460335885244,78.1700806023508,78.19923227267523,78.23402507215286,78.27499547343885,78.3226799491884,78.37761497205668,78.44033701469883,78.51138254977002,78.59128804992542,78.68058998782024,78.77982483610961,78.8895290674487,79.0102391544927,79.14249156989675,79.28682278631607,79.44376927640576,79.61386751282103,79.79765396821708
67.61285916206812,67.63004618508886,67.65005531898983,67.67280197165611,67.69820155097281,67.72616946482505,67.75662112109788,67.78947192767642,67.82463729244577,67.86203262329101,67.90157332809727,67.9431748147496,67.98675249113313,68.03222176513293,68.07949804463412,68.12849673752179,68.17913325168101,68.23132299499692,68.28498137535458,68.3400238006391,68.39636567873558,68.4539224175291,68.51260942490477,68.57234210874768,68.63303587694293,68.6946061373756,68.75696829793083,68.82003776649366,68.88372995094922,68.9479602591826,69.01264409907888,69.07769687852318,69.14303400540058,69.20857088759618,69.27422293299509,69.33990554948238,69.40553429123057,69.4710557253417,69.53648561285976,69.60184907722254,69.66717124186785,69.73247723023348,69.79779216575723,69.8631411718769,69.92854937203029,69.9940418896552,70.05964384818942,70.12538037107076,70.19127658173703,70.257357603626,70.3236485601755,70.39017457482329,70.45696077100722,70.52403227216506,70.5914142017346,70.65913168315366,70.72720983986001,70.7956737952915,70.86454867288587,70.93385959608098,71.00363168831457,71.07389007302449,71.14465987364851,71.21596621362443,71.28783421639005,71.36028900538318,71.43335570404163,71.50705943580316,71.58142532410561,71.65647849238674,71.73224406408438,71.80874716263632,71.88601231880149,71.96404102294784,72.04280483516048,72.12227331523334,72.20241602296038,72.28320251813552,72.3646023605527,72.44658511000587,72.52912032628895,72.61217756919588,72.69572639852062,72.77973637405708,72.86417705559921,72.94901800294095,73.03422877587623,73.119778934199,73.2056380377032,73.29177564618273,73.37816131943158,73.46476461724366,73.55155509941291,73.63850232573326,73.72557585599866,73.81274525000305,73.89998006754035,73.98724986840453,74.0745242123895,74.1617726592892,74.24896476889758,74.33607010100856,74.4230582154161,74.50989867191413,74.59656103029657,74.6830148503574,74.7692296918905,74.85517511468986,74.9408199693223,75.02612249421628,75.11103275855503,75.19550062138043,75.27947594173436,75.36290857865873,75.44574839119541,75.52794523838627,75.60944897927322,75.69020947289813,75.7701765783029,75.8493001545294,75.92753006061953,76.00481615561516,76.08110829855819,76.15635634849049,76.23051016445397,76.30351960549048,76.37533453064195,76.44590479895022,76.5151802694572,76.58311080120478,76.64964625323482,76.71473648458925,76.77833135430991,76.8403807214387,76.90083444501754,76.95964238408826,77.01675439769276,77.07212034487297,77.12569008467072,77.17741347612791,77.22724037828645,77.27512065018819,77.32100415087505,77.3648407393889,77.40661602063346,77.44657978377285,77.4851002261385,77.52254610359101,77.55928617199093,77.59568918719886,77.63212390507535,77.66895908148096,77.70656347227629,77.74530583332188,77.78555492047833,77.82767948960618,77.87204829656604,77.91903009721845,77.968993647424,78.02230770304324,78.07934101993676,78.14046235396513,78.2060404609889,78.27644409686867,78.35204201746498,78.43320297863842,78.52029573624957,78.61368904615898,78.71375166422723,78.82085234631491,78.93535984828254,79.05764292599075,79.18807033530005,79.32701083207108,79.47483317216437,79.63190611144049,79.79859840576002,79.97527881098353,80.16231608297157,80.36007897758476
68.84259997235665,68.75312350449684,68.67184598504647,68.59853758455148,68.53296847355777,68.4749088226113,68.42412880225794,68.38039858304366,68.34348833551435,68.31316823021596,68.2892084376944,68.27137912849558,68.25945047316543,68.25319264224989,68.25237580629485,68.25677013584627,68.26614580145004,68.2802729736521,68.29892182299837,68.32186252003476,68.34886523530722,68.37970013936163,68.41413740274396,68.4519471960001,68.49289968967598,68.53676505431754,68.58331346047068,68.63231507868132,68.6835400794954,68.73675863345883,68.79174091111754,68.84825708301744,68.90607731970448,68.96497179172457,69.0247106696236,69.08506412394753,69.14580265479108,69.20676662659375,69.26795228037568,69.32937694827999,69.39105796244974,69.45301265502806,69.51525835815804,69.57781240398276,69.64069212464534,69.70391485228888,69.76749791905644,69.83145865709115,69.8958143985361,69.9605824755344,70.02578022022912,70.09142496476339,70.15753404128029,70.2241247819229,70.29121451883434,70.3588205841577,70.42696031003608,70.49565102861257,70.56491007203029,70.6347547724323,70.70520246196173,70.77627047276167,70.8479761369752,70.92033678674545,70.99336975421548,71.06709237152842,71.14152197082734,71.21667588425535,71.29257144395555,71.36922598207104,71.4466568307449,71.52488132212025,71.6039163394331,71.6837613146572,71.76439300995932,71.84578667244487,71.92791754921929,72.01076088738797,72.09429193405634,72.17848593632984,72.26331814131383,72.34876379611379,72.4347981478351,72.52139644358317,72.60853393046345,72.69618585558135,72.78432746604227,72.87293400895165,72.96198073141488,73.0514428805374,73.1412957034246,73.23151444718195,73.32207435891482,73.41295068572865,73.50411867472884,73.59555357302082,73.68723062771001,73.77912508590182,73.87121219470167,73.96346720121498,74.05586535254717,74.14838189580365,74.24099207808985,74.33367114651116,74.42639434817303,74.51913693018086,74.61187413964008,74.70458122365608,74.79723121200165,74.88976395658308,74.9820937689194,75.07413430354217,75.16579921498294,75.25700215777329,75.34765678644477,75.43767675552894,75.5269757195574,75.61546733306166,75.70306525057332,75.78968312662393,75.87523461574504,75.95963337246825,76.04279305132509,76.12462730684713,76.20504979356593,76.28397416601308,76.36131407872011,76.4369831862186,76.5108951430401,76.58296360371618,76.65310222277841,76.72122465475836,76.78724455418757,76.8510755755976,76.91263137352004,76.97182560248645,77.02857191702837,77.08278397167737,77.13437542096503,77.1832599194229,77.22935112158254,77.27256268197551,77.31280825513339,77.35000149558775,77.38404953042453,77.4148112448273,77.44212390181607,77.46582466241956,77.4857506876665,77.50173913858555,77.51362717620545,77.5212519615549,77.52445065566259,77.52306041955725,77.5169184142676,77.5058618008223,77.4897277402501,77.46835339357969,77.44157592183977,77.40923248605907,77.37116024726627,77.32719636649011,77.27717800475926,77.22094232310246,77.1583264825484,77.08916764412578,77.01330296886333,76.93056961778973,76.84080475193372,76.74384553232397,76.63952911998922,76.52769267595815,76.4081733612595,76.28080833692194,76.14543476397421,76.00188980344498,75.850010616363,75.68963436375695,75.52059820665554,75.34273930608748
68.7216501777073,68.61352120976368,68.51617805874349,68.42926679914129,68.35243350545161,68.28532425216899,68.22758511378795,68.17886216480305,68.13880147970883,68.1070491329998,68.08325119917053,68.06705375271554,68.05810286812937,68.05604461990656,68.06052508254164,68.07119033052916,68.08768643836366,68.10965948053966,68.13675553155171,68.16862066589435,68.20490095806211,68.24524248254953,68.28929131385114,68.33669352646149,68.38709519487512,68.44014239358656,68.49548119709034,68.55275767988103,68.61161791645313,68.67170798130118,68.73267394891975,68.79416189380335,68.85581789044653,68.91728801334382,68.97821833698977,69.0382549358789,69.097044520619,69.15436865782497,69.2103097956748,69.26499109359392,69.31853571100773,69.37106680734165,69.42270754202112,69.47358107447153,69.5238105641183,69.57351917038687,69.62283005270265,69.67186637049106,69.72075128317752,69.76960795018744,69.81855953094623,69.86772918487934,69.91724007141215,69.96721534997012,70.01777817997863,70.06905172086313,70.12115913204902,70.17422357296172,70.22836820302665,70.28371618166923,70.34039066831488,70.39851482238902,70.45821180331707,70.51960477052444,70.58281688343655,70.64797130147882,70.71519118407669,70.78459969065554,70.8563199806408,70.93047521345792,71.00718854853228,71.08658314528932,71.1687794061837,71.25379055643201,71.34149059422774,71.43174421298808,71.52441610613025,71.61937096707145,71.71647348922886,71.8155883660197,71.91658029086115,72.01931395717044,72.12365405836474,72.22946528786126,72.33661233907719,72.44495990542976,72.55437268033613,72.66471535721354,72.77585262947915,72.88764919055019,72.99996973384384,73.11267895277732,73.22564154076781,73.33872219123252,73.45178559758864,73.56469645325338,73.67731945164394,73.78951928617751,73.90116065027131,74.01210823734252,74.12222674080833,74.23138085408597,74.33943527059262,74.44625468374548,74.55170378696177,74.65564727365866,74.75794983725336,74.85847617116308,74.95709536229293,75.05374223714513,75.14840222869383,75.24106207168747,75.3317085008744,75.42032825100304,75.50690805682177,75.591434653079,75.67389477452312,75.75427515590249,75.83256253196555,75.90874363746067,75.98280520713625,76.05473397574069,76.12451667802236,76.19214004872968,76.25759082261102,76.3208557344148,76.3819215188894,76.4407749107832,76.49740264484463,76.55179145582204,76.60392807846385,76.65379924751845,76.70139169773422,76.74669216385958,76.7896873806429,76.83036408283259,76.86870900517704,76.90470888242461,76.93835044932375,76.96962044062282,76.99850559107023,77.02499263541435,77.04906830840359,77.07071934478634,77.08996690944468,77.1070866274675,77.12246817376152,77.13650176120431,77.14957760267343,77.16208591104645,77.17441689920093,77.18696078001446,77.20010776636457,77.21424807112884,77.22977190718484,77.24706948741013,77.26653102468228,77.28854673187887,77.31350682187743,77.34180150755556,77.3738210017908,77.40995551746074,77.45059526744294,77.49613046461494,77.54695132185434,77.60344805203869,77.66601086804555,77.73502998275248,77.81089560903708,77.8939979597769,77.98472724784948,78.08347368613241,78.19062748750325,78.30657886483958,78.43171803101895,78.56643519891892,78.71112058141706,78.86616439139095,79.03195684171816,79.20888814527622
67.9383893647272,67.9639585513356,67.99009494285187,68.01680528295043,68.04409631530568,68.07197478359204,68.10044743148393,68.12952100265574,68.15920224078188,68.18949788953678,68.22041469259484,68.25195939363049,68.28413873631811,68.31695946433214,68.35042832134698,68.38455205103705,68.41933739707675,68.45479110314048,68.49091991290268,68.52773057003775,68.56522981822009,68.60342440112412,68.64232106242426,68.68192654579491,68.72224759491048,68.7632909534454,68.80506336507406,68.84757157347089,68.89082232231029,68.93482235526666,68.97957841601443,69.02509724822802,69.07138559558182,69.11845020175024,69.16629781040771,69.21493516522862,69.26436900297205,69.31460459433914,69.36564393906237,69.41748859429067,69.47014011717302,69.52360006485836,69.57786999449561,69.63295146323377,69.68884602822175,69.74555524660852,69.80308067554303,69.86142387217421,69.92058639365104,69.98056979712246,70.04137563973741,70.10300547864485,70.16546087099371,70.22874337393297,70.29285454461159,70.35779594017846,70.42356911778259,70.4901756345729,70.55761704769836,70.6258949143079,70.69501079155049,70.76496623657505,70.83576280653057,70.90740205856596,70.97988554983021,71.05321483747224,71.12739147864102,71.20241703048548,71.27829305015459,71.35502109479728,71.43260272156252,71.51103948759925,71.5903326916354,71.67047358628137,71.75144037388567,71.83321038462574,71.91576094867911,71.99906939622323,72.08311305743565,72.16786926249381,72.25331534157523,72.33942862485739,72.4261864425178,72.51356612473393,72.60154500168326,72.69010040354333,72.77920966049159,72.86885010270554,72.95899906036269,73.04963386364051,73.14073184271649,73.23227032776815,73.32422664897295,73.4165781365084,73.509302120552,73.60237593128122,73.69577689887355,73.7894823535065,73.88346962535756,73.97771604460422,74.07219894142396,74.16689564599429,74.26178348849268,74.35683979909665,74.45204190798366,74.54736714533122,74.64279284131682,74.73829632611795,74.83385253218488,74.9294005148641,75.02485171123662,75.12011684794577,75.21510665163478,75.30973184894702,75.40390316652575,75.49753133101427,75.59052706905592,75.68280110729395,75.7742641723717,75.86482699093244,75.95440028961949,76.04289479507615,76.1302212339457,76.21629033287147,76.30101281849673,76.3842994174648,76.46606085641899,76.54620786200257,76.62465116085886,76.70130147963117,76.77606954496277,76.84886608349699,76.91960182187711,76.98818748674644,77.05453380474829,77.11855150252593,77.18015130672269,77.23924394398186,77.29574014094673,77.34955062426063,77.40058612056683,77.44875735650864,77.49397505872936,77.5361499538723,77.57523005963044,77.611438997861,77.6451239170233,77.67663254824932,77.70631262267104,77.73451187142045,77.76157802562952,77.78785881643024,77.8137019749546,77.83945523233457,77.86546631970214,77.89208296818927,77.91965290892797,77.9485238730502,77.97904359168797,78.01155979597323,78.04642021703798,78.0839725860142,78.12456463403386,78.16854409222897,78.21625869173148,78.26805616367339,78.32428423918667,78.38529064940332,78.4514231254553,78.5230293984746,78.60045719959322,78.68405425994312,78.7741683106563,78.87114708286471,78.97533830770035,79.08708971629522,79.20674903978129,79.33466400929052,79.47118235595492,79.61665181090646
69.22636757611939,69.1074743662614,68.999036018767,68.90074468535687,68.81229251775163,68.73337166767196,68.6636742868385,68.60289252697191,68.55071853979285,68.50684447702197,68.47096249037993,68.44276473158736,68.42194335236495,68.40819050443332,68.40119833951316,68.4006590093251,68.40626466558979,68.4177074600279,68.43467954436008,68.456873070307,68.48398018958927,68.51569305392759,68.5517038150426,68.59170462465494,68.63538763448528,68.68244499625428,68.73256886168258,68.78545138249083,68.8407847103997,68.89826099712984,68.95757239440191,69.01841105393655,69.08046912745442,69.14343876667617,69.20701212332247,69.27088134911398,69.33473905816466,69.39837589197565,69.4618012040957,69.5250539412471,69.5881730501521,69.65119747753293,69.7141661701119,69.77711807461122,69.84009213775319,69.90312730626003,69.96626252685402,70.0295367462574,70.09298891119246,70.15665796838142,70.22058286454656,70.28480254641012,70.34935596069437,70.41428205412157,70.47961977341397,70.54540806529384,70.61168587648342,70.67849215370498,70.74586584368076,70.81384589313303,70.88247124878407,70.9517808573561,71.0218136655714,71.09260862015222,71.16420466782081,71.23664075529945,71.30995582931037,71.38418883657585,71.45937872381813,71.53556443775949,71.61278492512216,71.69107913262842,71.77048517048276,71.85100862926234,71.93261285539806,72.01525837207349,72.0989057024722,72.1835153697777,72.26904789717356,72.35546380784334,72.44272362497055,72.53078787173878,72.61961707133156,72.70917174693243,72.79941242172497,72.89029961889268,72.98179386161915,73.07385567308792,73.16644557648253,73.25952409498653,73.35305175178348,73.44698907005692,73.54129657299039,73.63593478376747,73.73086422557166,73.82604542158656,73.92143889499567,74.01700516898259,74.11270476673083,74.20849821142396,74.3043460262455,74.40020873437904,74.49604685900809,74.59182092331623,74.68749145048699,74.78301896370392,74.87836398615059,74.97348704101051,75.06834840547485,75.16290467595933,75.25710961541144,75.35091691389209,75.44428026146218,75.53715334818257,75.62948986411416,75.72124349931782,75.81236794385445,75.90281688778492,75.99254402117012,76.08150303407093,76.16964761654826,76.25693145866296,76.34330825047594,76.42873168204807,76.51315544344024,76.59653322471333,76.67881871592823,76.75996560714582,76.83992758842697,76.91865834983261,76.99611158142358,77.07224097326079,77.1470002154051,77.22034299791741,77.29222301085862,77.36259394428959,77.43140948827121,77.49862333286437,77.56418916812996,77.62806068412884,77.69019157092193,77.75053551857009,77.8090462171342,77.86567735667516,77.92039738230893,77.97328378823045,78.0244629447546,78.07406145274403,78.12220591306136,78.16902292656923,78.21463909413023,78.25918101660704,78.30277529486227,78.34554852975856,78.38762732215852,78.42913827292479,78.47020798292,78.51096305300679,78.55153008404777,78.59203567690558,78.63260643244287,78.67336895152224,78.71444983500632,78.75597568375777,78.79807309863918,78.84086868051321,78.88448903024249,78.92906074868964,78.97471043671729,79.02156469518806,79.0697501249646,79.11939332690955,79.17062090188548,79.22355945075509,79.27833557438099,79.33507587362578,79.39390694935213,79.45495540242264,79.51834783369996,79.58421084404671
68.35222133051582,68.30964988483029,68.27210053808253,68.23944016404644,68.21153563649605,68.18825382920525,68.16946161594802,68.15502587049832,68.1448134666301,68.13869127811728,68.13652617873385,68.13818504225375,68.14353474245092,68.15244215309932,68.1647741479729,68.18039760084562,68.19917938549145,68.22098637568428,68.24568544519812,68.2731434678069,68.30322731728458,68.3358038674051,68.37073999194243,68.40790256467051,68.44715845936327,68.48837454979471,68.53141770973875,68.57615481296935,68.62245273326045,68.67017834438602,68.71919852012002,68.76938013423637,68.82059006050903,68.87269517271199,68.92556234461915,68.97905845000449,69.03305057667723,69.0874511879233,69.1422739857102,69.19754637026259,69.25329574180502,69.3095495005622,69.36633504675869,69.42367978061914,69.48161110236818,69.54015641223039,69.59934311043047,69.65919859719297,69.71975027274256,69.78102553730382,69.84305179110142,69.90585643435996,69.96946686730406,70.03391049015836,70.09921470314747,70.16540690649602,70.23251450042865,70.30056488516995,70.36958546094455,70.43960362797709,70.51064678649216,70.58274233671445,70.65591767886853,70.73020021317903,70.80561733987058,70.88219645916782,70.95996497129535,71.03895027647779,71.11917977493978,71.20068086690593,71.2834809526009,71.36760743224924,71.45308665689949,71.53990419087602,71.62799261510618,71.71728096954773,71.80769829415839,71.8991736288959,71.99163601371798,72.08501448858242,72.17923809344687,72.27423586826914,72.36993685300693,72.46627008761799,72.56316461206002,72.66054946629082,72.75835369026807,72.85650632394952,72.95493640729289,73.05357298025596,73.15234508279646,73.25118175487206,73.35001203644059,73.4487649674597,73.54736958788719,73.64575493768073,73.74385005679814,73.84158398519709,73.93888576283531,74.03568442967058,74.13190902566062,74.22748859076314,74.32235216493594,74.41642878813668,74.50964750032311,74.60193734145302,74.69322735148408,74.78344657037407,74.87252746964658,74.96045386721816,75.0472491075604,75.13293755190513,75.2175435614841,75.30109149752921,75.38360572127225,75.46511059394497,75.5456304767793,75.62518973100698,75.70381271785983,75.78152379856972,75.85834733436842,75.93430768648777,76.00942921615955,76.08373628461563,76.1572532530878,76.23000448280787,76.30201433500768,76.373307170919,76.44390735177372,76.51383923880361,76.58312719324049,76.65179557631619,76.71986874926252,76.78737107331126,76.85432690969431,76.92076061964342,76.98669656439044,77.05215910516718,77.11717260320545,77.18176141973707,77.24594991599385,77.30976245320763,77.3732233926102,77.4363570954334,77.49919507748758,77.56182173139045,77.62434514930116,77.68687353516914,77.7495150929439,77.81237802657485,77.87557054001151,77.9392008372033,78.00337712209968,78.06820759865015,78.13380047080413,78.20026394251111,78.26770621772054,78.3362355003819,78.40595999444461,78.47698790385819,78.54942743257205,78.62338678453567,78.69897416369851,78.77629777401005,78.85546581941973,78.93658650387702,79.0197680313314,79.1051186057323,79.19274643102922,79.28275971117158,79.37526665010886,79.47037545179053,79.56819432016603,79.66883145918486,79.77239507279644,79.87899336495026,79.98873453959577,80.10172680068244,80.21807835215971,80.33789739797707
69.70966587269903,69.5561209374079,69.41502795083765,69.28602361079047,69.16874461506853,69.06282766147402,68.96790944780913,68.88362667187604,68.80961603147693,68.745514224414,68.6909579484894,68.64558390150533,68.60902878126397,68.58092928556752,68.56092211221814,68.54864395901802,68.54373152376935,68.54582150427431,68.55455059833507,68.56955550375383,68.59047291833278,68.61693953987408,68.64859206617992,68.6850671950525,68.72600162429397,68.77103205170654,68.81979517509238,68.87192769225368,68.92706630099262,68.9848476991114,69.04490858441217,69.10688565469714,69.17041560776848,69.23513514142837,69.300680953479,69.36668974172255,69.43279873486283,69.49875771274596,69.56456757168186,69.63026318568383,69.69587942876514,69.76145117493904,69.82701329821884,69.8926006726178,69.95824817214918,70.0239906708263,70.08986304266239,70.15590016167074,70.22213690186463,70.28860813725734,70.35534874186213,70.42239358969229,70.48977755476109,70.55753551108182,70.62570233266773,70.69431289353213,70.76340206768825,70.8330047291494,70.90315575192884,70.97389001003985,71.04524237749571,71.11724772830969,71.18994093649506,71.26335687606512,71.33753042103312,71.41249644541234,71.48828982321606,71.56494542845758,71.64249813515015,71.72098281730702,71.8004343489415,71.88088760406686,71.96237674570911,72.04490829726414,72.12845287727072,72.21297870468561,72.29845399846552,72.38484697756722,72.47212586094743,72.56025886756291,72.64921421637037,72.73896012632657,72.82946481638825,72.92069650551215,73.01262341265502,73.10521375677357,73.19843575682457,73.29225763176474,73.38664760055083,73.48157388213959,73.57700469548773,73.67290825955203,73.7692527932892,73.866006515656,73.96313764560915,74.0606144021054,74.1584050041015,74.25647767055416,74.35480062042016,74.45334207265623,74.55207024621907,74.65095336006549,74.74995963315216,74.84905728443587,74.94821453287334,75.0473995974213,75.14658069703653,75.24572605067571,75.34480338312166,75.44377302485006,75.54258961418448,75.64120764302652,75.7395816032778,75.83766598683994,75.93541528561457,76.03278399150328,76.12972659640772,76.22619759222947,76.32215147087018,76.41754272423147,76.51232584421493,76.6064553227222,76.69988565165488,76.79257132291461,76.88446682840299,76.97552666002164,77.0657053096722,77.15495726925624,77.24323703067543,77.33049908583136,77.41669792662564,77.50178804495991,77.58572393273577,77.66846008185486,77.74995098421877,77.83015113172914,77.90901501628757,77.9864971297957,78.0625519641551,78.13713401126746,78.21019776303434,78.28169771135738,78.3515883481382,78.4198241652784,78.48636825569483,78.55124727918225,78.61451638639836,78.67623086239168,78.7364459922107,78.79521706090398,78.85259935352002,78.90864815510734,78.9634187507145,79.01696642538997,79.06934646418232,79.12061415214004,79.17082477431167,79.22003361574572,79.26829596149074,79.31566709659522,79.3622023061077,79.4079568750767,79.45298608855076,79.49734523157836,79.54108958920807,79.5842744464884,79.62695508846785,79.66918680019496,79.71102486671825,79.75252457308625,79.79374120434748,79.83473004555046,79.87554638174372,79.91624549797577,79.95688267929515,79.99751321075036,80.03819237738995,80.07897546426241,80.1199177564163,80.16107453890012
68.64622625411596,68.60761636920633,68.57267350006758,68.54133199403253,68.51352619843402,68.48919046060486,68.46825912787789,68.45066654758591,68.43634706706176,68.42523503363827,68.41726479464826,68.41237069742455,68.41048708929996,68.41154831760734,68.4154887296795,68.42224267284925,68.43174449444943,68.44392854181287,68.45872916227238,68.47608070316079,68.49591751181093,68.51817393555562,68.5427843217277,68.56968301765997,68.59880437068527,68.63008272813641,68.66345243734625,68.69884784564758,68.73620330037323,68.77545314885604,68.81653173842882,68.85937341642442,68.90391253017562,68.95008342701527,68.99782045427622,69.04705795929125,69.09773034708554,69.14978425345802,69.20319360267942,69.25793601132949,69.31398909598799,69.3713304732347,69.42993775964938,69.48978857181179,69.5508605263017,69.61313123969887,69.67657832858309,69.74117940953408,69.80691209913167,69.87375401395556,69.94168277058556,70.01067598560142,70.08071127558291,70.1517662571098,70.22381854676185,70.29684576111882,70.37082551676049,70.44573543026662,70.52155311821697,70.59825619719132,70.67582228376942,70.75422899453105,70.83345394605595,70.91347475492393,70.99426903771472,71.0758144110081,71.15808849138384,71.24106889542169,71.32473323970143,71.40905914080282,71.49402421530563,71.57960607978963,71.66578242963782,71.75253402370869,71.83984560042387,71.92770216416582,72.01608871931705,72.10499027026005,72.1943918213773,72.28427837705128,72.3746349416645,72.46544651959944,72.55669811523858,72.64837473296441,72.74046137715945,72.83294305220615,72.925804762487,73.01903151238453,73.11260830628119,73.20652014855948,73.30075204360189,73.3952889957909,73.49011600950904,73.58521808913875,73.68058023906254,73.77618746366288,73.87202476732229,73.96807715442324,74.06432962934824,74.16076719647974,74.25737486020026,74.35413762489227,74.45104049493828,74.54806847472078,74.64520656862223,74.74243978102514,74.83975311631201,74.9371315788653,75.03455491270427,75.13192415122774,75.22907973624305,75.32586055093144,75.42210547847407,75.51765340205215,75.61234320484691,75.70601377003955,75.79850398081126,75.88965272034325,75.97929887181672,76.06728131841291,76.15343894331298,76.23761062969815,76.31963526074964,76.39935171964864,76.47659888957634,76.55121565371398,76.62304089524274,76.69191349734383,76.75767234319846,76.82015631598784,76.87920429889317,76.93465517509566,76.98634782777648,77.03412114011688,77.07781399529804,77.11726527650117,77.15231386690749,77.18279864969819,77.20855850805447,77.22943232515755,77.24525898418861,77.2558773683289,77.26112636075958,77.26084484466186,77.2549460050554,77.2438921639844,77.22839176833284,77.20915442595097,77.18688974468901,77.16230733239716,77.13611679692566,77.10902774612474,77.0817497878446,77.05499252993548,77.02946558024757,77.00587854663114,76.98494103693638,76.96736265901352,76.95385302071277,76.94512172988438,76.94187839437855,76.9448326220455,76.95469402073547,76.97217219829867,76.99797676258532,77.03281732144565,77.07740348272988,77.13244485428822,77.1986510439709,77.27673165962815,77.36739630911019,77.47135460026723,77.5893161409495,77.72199053900724,77.87008740229064,78.03431633864993,78.21538695593534,78.41400886199709,78.63089166468541,78.86674497185051
68.46174182872466,68.4486411929194,68.43786546154669,68.4293838488075,68.4231655689028,68.41917983603356,68.41739586440076,68.41778286820536,68.42031006164834,68.42494665893066,68.43166187425331,68.44042492181725,68.45120501582345,68.46397137047288,68.47869319996651,68.49533971850533,68.51388014029031,68.5342836795224,68.55651955040257,68.58055696713183,68.6063651439111,68.6339132949414,68.66317063442366,68.69410637655889,68.72668973554804,68.76088992559207,68.79667616089198,68.83401765564872,68.87288362406328,68.9132432803366,68.9550658386697,68.99832051326351,69.04297651831901,69.08900306803719,69.136369376619,69.18504465826543,69.23499814875923,69.28620365922549,69.3386452089822,69.39230819858275,69.44717802858055,69.50324009952901,69.56047981198152,69.6188825664915,69.67843376361233,69.73911880389743,69.8009230879002,69.86383201617404,69.92783098927237,69.99290540774857,70.05904067215606,70.12622218304821,70.19443534097847,70.26366554650023,70.33389820016687,70.40511870253182,70.47731245414846,70.55046485557021,70.62456130735048,70.69958721004265,70.77552796420014,70.85236897037633,70.93009562912466,71.0086933409985,71.08814750655128,71.16844352633639,71.24956680090723,71.33150273081722,71.41423671661974,71.49775415886819,71.582040458116,71.66708101491656,71.75286098286666,71.83935591512478,71.92652889354044,72.01434216648461,72.10275798232826,72.19173858944234,72.28124623619782,72.37124317096567,72.46169164211686,72.55255389802234,72.64379218705308,72.73536875758005,72.8272458579742,72.91938573660651,73.01175064184794,73.10430282206946,73.19700452564201,73.28981800093659,73.38270549632414,73.47562926017562,73.56855154086202,73.66143458675428,73.75424064622338,73.84693196764026,73.93947079937593,74.0318193898013,74.12393998728739,74.2157948402051,74.30734619692547,74.3985563058194,74.48938741525788,74.57980177361188,74.66976162925236,74.75922923055028,74.8481668258766,74.9365366636023,75.02430037945311,75.11141044216704,75.1978122637168,75.28345107455056,75.36827210511649,75.45222058586279,75.53524174723766,75.61728081968926,75.69828303366579,75.77819361961541,75.85695780798633,75.93452082922674,76.0108279137848,76.0858242921087,76.15945519464664,76.23166585184678,76.30240149415734,76.37160735202646,76.43922865590237,76.50521063623322,76.5694985234672,76.63203754805251,76.69277294043732,76.75164993106984,76.80861375039821,76.86360962887065,76.91658279693533,76.96747848504043,77.01624192363415,77.06281834316466,77.10715297408017,77.14919104682882,77.18887779185883,77.22615843961837,77.26097822055564,77.2932823651188,77.32309125595707,77.3509806974552,77.37777543566382,77.40430139088669,77.43138448342755,77.45985063359016,77.49052576167828,77.52423578799569,77.56180663284611,77.60406421653332,77.65183445936107,77.7059432816331,77.7672166036532,77.83648034572509,77.91456042815257,78.00228277123935,78.10047329528922,78.20995792060592,78.33156256749321,78.46611315625485,78.6144356071946,78.7773558406162,78.95569977682342,79.15029333612001,79.36196243880975,79.59153300519637,79.83983095558362,80.10768221027529,80.3959126895751,80.70534831378683,81.03681500321423,81.39113867816107,81.76914525893108,82.17166066582801,82.59951081915567,83.05352163921778
69.02893425364203,68.90718071231547,68.79639484577527,68.69624518749615,68.60640027095288,68.52652862962016,68.45629879697276,68.39537930648541,68.34343869163284,68.3001454858898,68.265168222731,68.23817543563123,68.21883565806519,68.20681742350762,68.20178926543326,68.20341971731686,68.21137731263316,68.22533058485688,68.24494806746276,68.26989829392555,68.29984979771997,68.33447111232078,68.37343077120272,68.41639730784051,68.46303925570889,68.51302514828261,68.56602351903639,68.62170290144499,68.67973182898312,68.73977883512555,68.801512453347,68.86460121712221,68.92871365992593,68.99351831523288,69.05868371651779,69.12387839725544,69.18877142285265,69.25314462832824,69.31703145259925,69.38049937823916,69.44361588782148,69.50644846391965,69.5690645891072,69.63153174595759,69.6939174170443,69.75628908494082,69.81871423222064,69.88126034145724,69.9439948952241,70.0069853760947,70.07029926664254,70.13400404944109,70.19816720706385,70.26285622208428,70.32813857707589,70.39408175461213,70.46075323726653,70.52822050761253,70.59655104822365,70.66581234167334,70.73607187053511,70.80739711738244,70.87985556478878,70.95351469532767,71.02844199157256,71.10470493609695,71.18237101147432,71.26150770027813,71.34218248508189,71.42446284845909,71.50841627298318,71.59411024122768,71.6816105441207,71.77091720987767,71.8619448386241,71.95460232118249,72.04879854837534,72.14444241102515,72.24144279995441,72.33970860598563,72.43914871994129,72.53967203264389,72.64118743491595,72.74360381757994,72.84683007145837,72.95077508737373,73.05534775614854,73.16045696860526,73.26601161556641,73.37192058785449,73.47809277629197,73.58443707170139,73.69086236490521,73.79727754672597,73.9035915079861,74.00971313950816,74.11555133211462,74.22101497662798,74.32601296387074,74.4304541846654,74.53424752983445,74.63730189020038,74.7395261565857,74.8408292198129,74.9411199707045,75.04030730008296,75.13830009877081,75.23500725759052,75.33034053157016,75.4242545327392,75.51673686453175,75.60777597903541,75.69736032833774,75.78547836452636,75.87211853968884,75.95726930591276,76.04091911528573,76.12305641989532,76.20366967182913,76.28274732317475,76.36027782601975,76.43624963245173,76.51065119455829,76.583470964427,76.65469739414546,76.72431893580124,76.79232404148195,76.85870116327517,76.92343875326848,76.9865252635495,77.04794914620577,77.1076988533249,77.16576283699449,77.22212954930211,77.27678744233536,77.32972496818184,77.38093057892911,77.43039272666476,77.47809986347642,77.52404044145162,77.56820291267798,77.6105757292431,77.65114734323453,77.68990620673989,77.72686784348481,77.76224785351981,77.79635151169644,77.82948451586063,77.86195256385822,77.89406135353516,77.92611658273732,77.9584239493106,77.9912891511009,78.0250178859541,78.05991585171613,78.09628874623284,78.13444226735017,78.17468211291398,78.2173139807702,78.2626435687647,78.31097657474339,78.36261869655216,78.41787563203691,78.47705307904354,78.54045673541793,78.608392299006,78.68116546765363,78.75908193920671,78.84244741151115,78.93156758241284,79.02674814975768,79.12829481139157,79.23651326516038,79.35170920891004,79.47418834048644,79.60425635773545,79.742218958503,79.88838184063496,80.04305070197725,80.20653124037575
69.56178339751712,69.46855504607183,69.38228248902544,69.30280325874641,69.22995488760317,69.16357490796419,69.10350085219791,69.04957025267278,69.00162064175727,68.9594895518198,68.92301451522884,68.89203306435284,68.86638273156026,68.84590104921953,68.83042554969911,68.81979376536746,68.81384322859302,68.81241147174424,68.81533602718957,68.82245442729749,68.8336042044364,68.8486228909748,68.8673480192811,68.88961712172377,68.91526773067127,68.94413737849204,68.97606359755453,69.0108839202272,69.0484358788785,69.08855700587685,69.13108483359075,69.17585689438862,69.22271072063891,69.27148384471009,69.3220137989706,69.3741381157889,69.4276945196581,69.48256146550523,69.53870828323474,69.59611659873111,69.65476803787882,69.71464422656237,69.77572679066625,69.83799735607491,69.90143754867286,69.96602899434458,70.03175331897457,70.0985921484473,70.16652710864724,70.2355398254589,70.30561192476677,70.37672503245531,70.44886077440903,70.52200077651239,70.59612666464989,70.67122006470602,70.74726260256526,70.8242359041121,70.90212159523101,70.98090130180648,71.06055664972301,71.14106926486508,71.22242077311716,71.30459280036376,71.38756697248934,71.4713249153784,71.55584825491542,71.64111861698488,71.7271176274713,71.81382691225912,71.90122809723283,71.98930280827695,72.07803217438436,72.16737800788836,72.25727702809816,72.34766427731388,72.43847479783572,72.52964363196381,72.6211058219983,72.71279641023938,72.80465043898717,72.89660295054185,72.98858898720357,73.08054359127249,73.17240180504875,73.26409867083254,73.35556923092399,73.44674852762327,73.53757160323055,73.62797350004594,73.71788926036965,73.8072539265018,73.89600254074257,73.98407014539211,74.07139178275058,74.15790249511812,74.24353732479491,74.32823131408111,74.41191950527684,74.4945369406823,74.5760186625976,74.65629971332295,74.73531513515849,74.81299997040435,74.88928926136072,74.96411805032773,75.03742137960556,75.10913429149436,75.17920044960252,75.24769251785403,75.31478246487137,75.38064481373868,75.44545408754011,75.5093848093598,75.5726115022819,75.63530868939056,75.69765089376992,75.75981263850413,75.82196844667733,75.88429284137368,75.94696034567731,76.01014548267239,76.07402277544303,76.13876674707342,76.20455192064767,76.27155281924996,76.33994396596441,76.40989988387517,76.4815950960664,76.55520412562224,76.63090149562682,76.70886172916433,76.78925934931885,76.8722688791746,76.95806484181567,77.04682176032624,77.13871415779045,77.23391655729242,77.33260348191634,77.43494945474633,77.54112899886653,77.6513166373611,77.7656868933142,77.88441428980995,78.00757901130525,78.13456402083987,78.26443978475078,78.3962752953339,78.52913954488513,78.6621015257004,78.79423023007563,78.92459465030673,79.0522637786896,79.1763066075202,79.29579212909444,79.40978933570818,79.5173672196574,79.617594773238,79.70954098874587,79.79227485847697,79.86486537472717,79.92638152979244,79.97589231596865,80.01246672555173,80.03517375083761,80.0430823841222,80.03526161770142,80.01078044387118,79.9687078549274,79.908112843166,79.82806440088288,79.72763152037398,79.60588319393521,79.46188841386248,79.29471617245171,79.10343546199883,78.88711527479973,78.64482460315035,78.3756324393466,78.07860777568439
69.0865421164966,68.978088610304,68.8797501534222,68.79121927132427,68.71218848948335,68.64235033337253,68.5813973284649,68.52902200023355,68.48491687415161,68.44877447569216,68.42028733032829,68.39914796353312,68.38504890077974,68.37768266754124,68.37674178929073,68.3819187915013,68.39290619964606,68.40939653919811,68.43108233563055,68.45765611441645,68.48881040102896,68.52423772094113,68.56363059962608,68.60668156255691,68.65308313520673,68.70252784304863,68.7547082115557,68.80931676620104,68.86604603245776,68.92458853579896,68.98463680169772,69.04588335562717,69.10802072306038,69.17074142947045,69.23373800033052,69.29670296111364,69.35932933149525,69.42141490204341,69.48299122102527,69.54412146565676,69.60486881315373,69.66529644073208,69.72546752560771,69.7854452449965,69.84529277611433,69.90507329617712,69.96484998240074,70.02468601200106,70.08464456219401,70.14478881019545,70.20518193322128,70.26588710848738,70.32696751320965,70.38848632460399,70.45050671988626,70.51309187627237,70.57630497097821,70.64020918121967,70.70486768421263,70.77034365717299,70.83670027731662,70.90400072185942,70.97230816801729,71.04168579300611,71.11219677404176,71.18390428834014,71.25687151311715,71.33116162558866,71.40683780297059,71.48396322247879,71.56260106132916,71.6428144967376,71.72466488770002,71.80814290990982,71.8931474189505,71.97957113391303,72.06730677388849,72.15624705796778,72.24628470524196,72.33731243480197,72.42922296573886,72.5219090171436,72.61526330810717,72.70917855772062,72.80354748507487,72.89826280926097,72.9932172493699,73.08830352449267,73.18341435372024,73.27844245614364,73.37328055085383,73.46782135694185,73.56195759349866,73.65558197961529,73.7485872343827,73.84086607689188,73.93231122623386,74.02281540149964,74.11227132178017,74.20057170616649,74.28760927374955,74.3732767436204,74.45746683486999,74.54007226658935,74.62098575786945,74.7001000278013,74.77730779547589,74.8525017799842,74.92558456691022,74.99660637380661,75.06573106560795,75.13312543065415,75.19895625728505,75.26339033384055,75.32659444866054,75.38873539008492,75.44997994645357,75.51049490610636,75.57044705738319,75.63000318862397,75.68933008816855,75.7485945443568,75.80796334552868,75.867603280024,75.92768113618268,75.98836370234461,76.04981776684967,76.11221011803775,76.17570754424874,76.24047683382251,76.30668477509894,76.37449815641796,76.44408376611942,76.5156083925432,76.58923882402922,76.66514184891734,76.74348425554747,76.82443283225946,76.90815436739324,76.99481564928864,77.08458346628561,77.177624606724,77.27410585894368,77.37419401128459,77.47796521265498,77.58482572991387,77.69388158680317,77.80423739082357,77.91499774947583,78.02526727026066,78.13415056067879,78.24075222823099,78.34417688041793,78.44352912474041,78.53791356869911,78.6264348197948,78.70819748552817,78.7823061734,78.847865490911,78.90398004556191,78.94975444485344,78.98429329628634,79.00670120736135,79.01608278557917,79.01154263844059,78.99218537344628,78.957115598097,78.90543791989349,78.83625694633648,78.74867728492669,78.64180354316485,78.51474032855172,78.36659224858802,78.19646391077445,78.00345992261178,77.78668489160074,77.54524342524205,77.27824013103645,76.98477961648466,76.66396648908743
68.97389343382369,68.87827841316147,68.79184302586076,68.7143178129898,68.64543331561686,68.58492007481017,68.53250863163797,68.4879295271685,68.45091330247003,68.42119049861076,68.39849165665896,68.38254731768286,68.37308802275074,68.3698443129308,68.37254672929129,68.38092581290047,68.39471210482657,68.41363614613785,68.43742847790253,68.46581964118887,68.49854017706511,68.53532062659949,68.57589153086025,68.61998343091562,68.66732686783389,68.71765238268326,68.77069051653199,68.82617181044832,68.88382680550048,68.94338604275674,69.00458006328532,69.06713940815447,69.13079461843245,69.19527623518748,69.26031479948782,69.32564085240169,69.39098534056362,69.45616519065314,69.52118916218626,69.58609197091897,69.65090833260729,69.71567296300721,69.78042057787475,69.84518589296593,69.91000362403672,69.97490848684315,70.0399351971412,70.10511847068693,70.1704930232363,70.23609357054534,70.30195482837004,70.36811151246641,70.43459833859046,70.5014500224982,70.56870127994566,70.63638682668878,70.70454137848363,70.77319965108617,70.84239636025245,70.91216622173843,70.98254395130016,71.05356426469363,71.12526187767483,71.1976715059998,71.27082786542451,71.34476567170499,71.41951964059723,71.49512448785725,71.57161492924106,71.64902568050466,71.72739145740405,71.80674697569525,71.88712604170807,71.96852710783061,72.05090270043003,72.13420227656023,72.21837529327512,72.3033712076286,72.38913947667457,72.47562955746696,72.56279090705964,72.65057298250652,72.73892524086152,72.82779713917854,72.91713813451149,73.00689768391425,73.09702524444076,73.18747027314488,73.27818222708056,73.36911056330167,73.46020473886215,73.55141421081586,73.64268843621674,73.73397687211869,73.8252289755756,73.91639420364136,74.00742201336992,74.09826186181515,74.18886320603097,74.27917550307127,74.36914820998996,74.45873078384095,74.54787268167816,74.63652336055546,74.72463227752677,74.812148889646,74.89902265396704,74.98520302754382,75.07064262082996,75.15534122848295,75.2393349676537,75.32266088983387,75.40535604651502,75.4874574891888,75.56900226934683,75.6500274384807,75.73057004808207,75.8106671496425,75.89035579465364,75.96967303460711,76.0486559209945,76.12734150530746,76.20576683903758,76.28396897367648,76.36198496071579,76.4398518516471,76.51760669796205,76.59528655115226,76.67292846270932,76.75056948412488,76.82824666689051,76.90599706249787,76.98385772243856,77.06186569820419,77.14005804128638,77.21847180317674,77.29714403536691,77.37611178934846,77.45541211661306,77.5350820686523,77.61515869695778,77.69567905302115,77.776680188334,77.85819915438798,77.94023684449375,78.02252692040655,78.10468326990728,78.1863192158054,78.26704808091026,78.34648318803126,78.42423785997782,78.49992541955935,78.57315918958518,78.6435524928648,78.71071865220755,78.77427099042282,78.83382283032005,78.88898749470859,78.93937830639787,78.98460858819729,79.02429166291624,79.0580408533641,79.08546948235029,79.10619087268421,79.11981834717524,79.12596522863278,79.12424483986625,79.114270503685,79.0956555428985,79.06801328031608,79.03095703874718,78.98410014100116,78.92705590988747,78.85943766821545,78.78085873879454,78.69093244443413,78.58927210794359,78.47549105213234,78.34920259980979,78.21002007378532
68.46872266525226,68.43208028502264,68.4007217800234,68.37450213115356,68.35327631931213,68.33689932539811,68.32522613031053,68.31811171494836,68.31541106021065,68.31697914699639,68.3226709562046,68.33234146873427,68.34584566548443,68.36303852735408,68.38377503524224,68.4079101700479,68.43529891267008,68.46579624400779,68.49925714496004,68.53553659642584,68.5744895793042,68.61597107449411,68.65983606289461,68.7059395254047,68.75413644292338,68.80428179634967,68.85623056658257,68.90983773452109,68.96495828106426,69.02144718711105,69.07915943356049,69.13795000131161,69.19767387126339,69.25818602431485,69.31934144136501,69.38099510331286,69.44300218613317,69.50525922186162,69.56775501336782,69.63049084836994,69.69346801458622,69.75668779973483,69.82015149153398,69.88386037770184,69.94781574595662,70.01201888401651,70.07647107959973,70.14117362042442,70.20612779420884,70.27133488867113,70.33679619152952,70.40251299050219,70.46848657330733,70.53471822766315,70.60120924128783,70.66796090189958,70.73497449721657,70.80225131495703,70.86979264283913,70.93759976858107,71.00567397990103,71.07401656451725,71.14262881014787,71.21151200451112,71.2806674353252,71.35009639030827,71.41980015717854,71.48978002365423,71.5600372774535,71.63057320629456,71.70138909789561,71.77248623997484,71.84386647988033,71.91555342057258,71.98759892632204,72.06005675015004,72.13298064507799,72.20642436412723,72.28044166031913,72.35508628667505,72.43041199621636,72.50647254196443,72.5833216769406,72.66101315416626,72.73960072666276,72.81913814745148,72.89967916955376,72.981277545991,73.06398702978453,73.14786137395573,73.23295433152597,73.31931965551661,73.407011098949,73.49608241484454,73.58658735622454,73.6785796761104,73.7721131275235,73.86724146348516,73.96401843701679,74.06249780113973,74.16273330887535,74.26477871324501,74.36868776727007,74.47451422397191,74.58231183637189,74.69213435749135,74.8040355403517,74.91806913797427,75.03427645897973,75.15251260688167,75.27248934413359,75.39391474595914,75.51649688758197,75.63994384422573,75.76396369111409,75.88826450347065,76.01255435651912,76.13654132548311,76.25993348558629,76.3824389120523,76.50376568010478,76.6236218649674,76.74171554186381,76.85775478601767,76.9714476726526,77.08250227699226,77.19062667426032,77.2955289396804,77.39691714847618,77.49449937587129,77.58798369708938,77.67707818735411,77.76149092188913,77.84092997591809,77.91510342466464,77.98371934335242,78.0464858072051,78.1031108914463,78.1533026712997,78.19676922198894,78.23321861873767,78.26235893676953,78.28389825130819,78.29754463757729,78.30309923036513,78.30105093280511,78.29219690783854,78.27733577246242,78.25726614367376,78.23278663846959,78.20469587384693,78.17379246680277,78.14087503433413,78.10674219343802,78.07219256111146,78.03802475435147,78.00503739015504,77.9740290855192,77.94579845744097,77.92114412291735,77.90086469894536,77.885758802522,77.87662505064431,77.87426206030926,77.8794684485139,77.89304283225525,77.91578382853028,77.94849005433603,77.99196012666953,78.04699266252776,78.11438627890774,78.1949395928065,78.28945122122104,78.39871978114837,78.52354388958553,78.66472216352949,78.8230532199773,78.99933567592593,79.19436814837245,79.40894925431384
68.8406620619401,68.74408603552536,68.65615842012885,68.57664270107344,68.50530236368202,68.4419008932775,68.38620177518277,68.33796849472071,68.29696453721425,68.26295338798626,68.23569853235963,68.21496345565727,68.20051164320206,68.1921065803169,68.1895117523247,68.19249064454834,68.20080674231073,68.21422353093473,68.23250449574329,68.25541312205924,68.28271289520552,68.314167300505,68.34953982328062,68.38859394885523,68.43109316255172,68.47680094969301,68.525480795602,68.57689618560156,68.6308106050146,68.68698753916402,68.7451904733727,68.80518289296354,68.86672828325945,68.92959012958329,68.993531917258,69.05831713160643,69.12370956971888,69.18953912336794,69.25578315029199,69.32243896134106,69.38950386736519,69.45697517921442,69.52485020773878,69.59312626378829,69.661800658213,69.73087070186293,69.80033370558812,69.87018698023861,69.94042783666443,70.01105358571559,70.08206153824214,70.15344900509415,70.2252132971216,70.29735172517454,70.36986160010301,70.44274023275705,70.51598493398667,70.58959301464193,70.66356178557285,70.73788855762946,70.81257064166181,70.8876053485199,70.9629899890538,71.03872187411352,71.11479831454909,71.19121662121057,71.267974104948,71.34506807661135,71.42249584705073,71.5002547271161,71.57834202765756,71.6567550595251,71.73549135708824,71.81455714403549,71.89396993178812,71.97374798614561,72.0539095729074,72.13447295787296,72.21545640684174,72.2968781856132,72.3787565599868,72.461109795762,72.54395615873825,72.62731391471502,72.71120132949176,72.79563666886793,72.880638198643,72.96622418461642,73.05241289258764,73.13922258835612,73.22667153772133,73.3147780064827,73.40356026043973,73.49303656539186,73.58322518713854,73.67414439147922,73.7658124442134,73.85824761114048,73.95146815805998,74.0454923507713,74.14033845507393,74.23602473676733,74.33256946165096,74.42999089552426,74.52830730418671,74.62753695343774,74.72769810907684,74.82880903690345,74.93088315646932,75.03386137310105,75.13762877053117,75.24206899656693,75.34706569901564,75.45250252568454,75.55826312438091,75.66423114291203,75.77029022908516,75.87632403070756,75.98221619558655,76.08785037152933,76.19311020634319,76.29787934783542,76.40204144381329,76.50548014208408,76.60807909045502,76.70972193673342,76.81029232872652,76.90967391424161,77.00775034108597,77.10440525706684,77.19952230999152,77.29298514766728,77.38467741790134,77.47448276850105,77.56228484727359,77.6479673020263,77.73141378056644,77.81250793070129,77.89113340023806,77.96717383698407,78.0405128887466,78.11103420333288,78.17862142855023,78.24315821220586,78.30453204444123,78.36265881264856,78.4174671319519,78.46888567751176,78.51684312448876,78.56126814804338,78.6020894233362,78.6392356255277,78.6726354297785,78.7022175112491,78.72791054510006,78.7496432064919,78.76734417058518,78.78094211254043,78.79036570751822,78.79554363067905,78.79640455718348,78.79287716219207,78.78489012086536,78.77237210836384,78.75525179984811,78.7334578704787,78.70691899541615,78.675563849821,78.63932110885378,78.59811944767503,78.55188754144532,78.50055406532519,78.44404769447516,78.38229710405577,78.31523096922757,78.24277796515113,78.16486676698693,78.08142604989558,77.99238448903759,77.89767075957349
67.98493850569784,68.00931704947551,68.03418972604362,68.05956163384934,68.08543787133986,68.11182353696232,68.13872372916391,68.1661435463918,68.19408808709314,68.22256244971513,68.25157173270492,68.28112103450968,68.3112154535766,68.34186008835282,68.37306003728553,68.4048203988219,68.43714627140909,68.47004275349427,68.50351494352464,68.53756793994732,68.57220684120952,68.60743674575839,68.64326275204112,68.67968995850485,68.71672346359678,68.75436836576407,68.79262976345387,68.83151275511338,68.87102243918976,68.91116391413017,68.9519422783818,68.99336263039179,69.03543006860734,69.0781496914756,69.12152659744375,69.16556588495897,69.21027267539907,69.25565695144388,69.3017395419799,69.34854274345649,69.39608885232305,69.44440016502894,69.49349897802352,69.54340758775618,69.5941482906763,69.64574338323322,69.69821516187635,69.75158592305503,69.80587796321865,69.86111357881659,69.9173150662982,69.97450472211287,70.03270484270996,70.09193772453887,70.15222566404894,70.21359095768955,70.27605590191008,70.33964279315991,70.4043739278884,70.47027160254491,70.53735811357885,70.60565575743955,70.67518683057641,70.74597362943881,70.81803845047608,70.89140359013764,70.96609134487284,71.04212401113105,71.11952388536166,71.19831326401402,71.27851444353752,71.36014972038153,71.44324027861921,71.52776405869969,71.61364282607474,71.7007945919266,71.78913736743745,71.87858916378951,71.96906799216501,72.06049186374612,72.15277878971506,72.24584678125404,72.33961384954526,72.43399800577093,72.52891726111325,72.62428962675443,72.72003311387668,72.81606573366221,72.91230549729325,73.00867041595195,73.10507850082055,73.20144776308125,73.29769621391627,73.39374186450779,73.48950272603803,73.5848968096892,73.6798421266435,73.77425668808317,73.86805850519036,73.96116558914731,74.05349595113623,74.1449676023393,74.23549855393875,74.3250068171168,74.41341040305562,74.50062732293743,74.58657558794445,74.67117320925887,74.75434002524551,74.83602321433487,74.91619100139417,74.99481215267804,75.07185543444113,75.14728961293811,75.2210834544236,75.29320572515226,75.36362519137874,75.43231061935768,75.49923077534372,75.56435442559153,75.62765033635574,75.689087273891,75.74863400445196,75.80625929429327,75.86193190966958,75.91562061683551,75.96729418204575,76.01692137155491,76.06447095161766,76.10991168848864,76.1532123484225,76.19434169767389,76.23326850249744,76.26996152914782,76.30438954387967,76.33652131294761,76.36632560260634,76.39377117911046,76.41882680871466,76.44146125767354,76.46164329224177,76.479341678674,76.4945251832249,76.50716257214907,76.51726081408566,76.52510921717143,76.53112363494171,76.5357205178441,76.53931631632615,76.54232748083545,76.54517046181961,76.54826170972616,76.55201767500272,76.55685480809683,76.56318955945612,76.57143837952813,76.58201771876045,76.59534402760067,76.61183375649637,76.63190335589512,76.6559692762445,76.6844479679921,76.71775588158549,76.75630946747226,76.80052517609998,76.85081945791623,76.9076087633686,76.97130954290466,77.042338246972,77.1211113260182,77.20804523049081,77.30355641083746,77.40806131750568,77.52197640094309,77.64571811159725,77.77970289991575,77.92434721634615,78.08006751133605,78.24728023533304,78.42640183878467
68.01242351566718,68.00359811885775,67.99813087741148,67.99593296007704,67.99691553560308,68.00098977273828,68.00806684023128,68.01805790683075,68.03087414128535,68.04642671234375,68.0646267887546,68.08538553926657,68.1086141326283,68.13422373758848,68.16212552289576,68.1922306572988,68.22445030954626,68.25869564838679,68.29487784256908,68.33290806084176,68.37269747195351,68.414157244653,68.45719854768886,68.50173254980977,68.5476704197644,68.5949233263014,68.64340243816943,68.69301892411715,68.74368395289324,68.79530869324633,68.8478043139251,68.90108198367818,68.9550528712543,69.00962814540206,69.06471897487015,69.12023652840722,69.17609212877686,69.23222974990483,69.28866621477222,69.34542820331475,69.40254239546813,69.46003547116806,69.51793411035024,69.5762649929504,69.63505479890424,69.69433020814746,69.75411790061578,69.81444455624491,69.87533685497056,69.93682147672843,69.99892510145425,70.0616744090837,70.1250960795525,70.18921679279637,70.25406322875102,70.31966206735214,70.38603998853546,70.45322367223667,70.52123979839149,70.59011504693564,70.65987609780481,70.73054963093472,70.80216232626107,70.87474086371958,70.94831192324595,71.02290218477592,71.09853832824514,71.17524703358937,71.25305498074431,71.33198884964564,71.4120753202291,71.4933410724304,71.5758120590131,71.65948596392437,71.74432374891889,71.83028392154544,71.91732498935285,72.00540545988987,72.0944838407053,72.1845186393479,72.27546836336649,72.36729152030982,72.45994661772669,72.5533921631659,72.6475866641762,72.7424886283064,72.83805656310528,72.93424897612164,73.03102437490423,73.12834126700187,73.22615815996332,73.32443356133736,73.4231259786728,73.52219391951841,73.62159589142298,73.72129040193529,73.82123595860412,73.92139106897827,74.0217142406065,74.12216398103763,74.2226987978204,74.32327719850363,74.4238576906361,74.52439878176658,74.62485897944387,74.72519679121673,74.82537072463398,74.92533928724438,75.02505893832426,75.12445548892514,75.22343115703427,75.32188755374347,75.41972629014447,75.51684897732905,75.61315722638898,75.708552648416,75.80293685450192,75.89621145573848,75.98827806321744,76.07903828803057,76.16839374126965,76.25624603402645,76.3424967773927,76.42704758246019,76.50980006032069,76.59065582206595,76.66951647878777,76.74628364157788,76.82085892152804,76.89314392973004,76.96304027727565,77.03044957525663,77.09527343476474,77.15741346689174,77.2167712827294,77.2732484933695,77.32674670990379,77.37716754342404,77.42441260502201,77.46838350578949,77.50898185681822,77.54610926919997,77.57966735402653,77.60955772238962,77.63569264538539,77.6580631782044,77.6766956873016,77.69161670569453,77.70285276640065,77.71043040243751,77.7143761468226,77.71471653257346,77.71147809270757,77.70468736024245,77.69437086819559,77.68055514958455,77.66326673742681,77.64253216473988,77.61837796454127,77.5908306698485,77.55991681367908,77.52566292905051,77.48809554898031,77.447241206486,77.40312643458506,77.35577776629503,77.30522173463342,77.25148487261772,77.19459371326546,77.13457478959414,77.07145463462128,77.00525978136437,76.93601676284095,76.86375211206851,76.78849236206456,76.71026404584663,76.62909369643221,76.54500784683883,76.45803303008398,76.36819577918519
68.2150033336391,68.21724935500947,68.22078010313258,68.2256023150566,68.23172272782976,68.23914807850024,68.24788510411622,68.25794054172593,68.26932112837754,68.28203360111928,68.29608469699932,68.31148115306586,68.32822970636711,68.34633709395125,68.3658100528665,68.38665532016104,68.40887963288309,68.43248972808081,68.45749234280242,68.48389421409613,68.5117020790101,68.54092267459258,68.57156273789172,68.60362900595574,68.63712821583283,68.6720671045712,68.70845240921903,68.74629086682454,68.7855892144359,68.82635418910132,68.868592527869,68.91231096778714,68.95751624590393,69.00421509926758,69.05241426492627,69.10212047992822,69.15334042723906,69.20606932432618,69.26027680761597,69.31592905225227,69.37299223337901,69.43143252614004,69.49121610567926,69.55230914714053,69.61467782566774,69.67828831640477,69.7431067944955,69.80909943508382,69.87623241331359,69.94447190432871,70.01378408327304,70.08413512529047,70.1554912055249,70.22781849912018,70.30108318122019,70.37525142696883,70.45028941150997,70.5261633099875,70.60283929754529,70.68028354932721,70.75846224047717,70.83734154613903,70.91688764145667,70.99706670157397,71.07784490163482,71.1591884167831,71.24106342216267,71.32343609291743,71.40627260419126,71.48953913112803,71.57320184887162,71.65722693256593,71.74158096583622,71.82624641202257,71.91122636277618,71.99652528837296,72.08214765908893,72.16809794520002,72.25438061698217,72.34100014471134,72.42796099866351,72.5152676491146,72.60292456634059,72.69093622061742,72.77930708222105,72.86804162142744,72.95714430851253,73.0466196137523,73.13647200742268,73.22670595979965,73.31732594115913,73.40833642177711,73.49974187192953,73.59154676189235,73.68375556194152,73.776372742353,73.86940277340274,73.96285012536669,74.05671926852081,74.15101467314105,74.24574080950337,74.34090214788372,74.43650315855808,74.53254831180239,74.62904207789258,74.72598892710464,74.8233933297145,74.92125975599814,75.01958557013093,75.11826180796872,75.21709765361645,75.31590018566777,75.4144764827163,75.51263362335568,75.61017868617958,75.70691874978162,75.80266089275547,75.89721219369474,75.99037973119309,76.08197058384417,76.17179183024162,76.25965054897908,76.34535381865018,76.4287087178486,76.50952232516795,76.58760171920187,76.66275397854403,76.73478618178807,76.80350540752761,76.86871873435632,76.93023324086782,76.98785600565579,77.04139410731382,77.09065462443559,77.13544463561473,77.17557121944489,77.21084145451972,77.24106241943285,77.26604119277793,77.28558485314862,77.29950047913853,77.30759514934131,77.30967594235062,77.3055499367601,77.29513560994897,77.2791747459462,77.25877813725795,77.23505831699646,77.20912781827396,77.18209917420265,77.15508491789477,77.12919758246254,77.10554970101818,77.0852538066739,77.06942243254196,77.05916811173452,77.05560337736387,77.05984076254217,77.07299280038168,77.09617202399461,77.1304909664932,77.17706216098964,77.23699814059616,77.311411438425,77.40141458758838,77.5081201211985,77.63264057236759,77.77608847420788,77.9395763598316,78.12421676235095,78.33112221487818,78.56140525052548,78.81617840240507,79.09655420362921,79.40364518731009,79.73856388655996,80.10242283449101,80.49633456421546,80.92141160884556,81.37876650149353
69.12911932185845,69.0105348713242,68.90228963346819,68.80408255206905,68.71561257090532,68.63657863375563,68.56667968439855,68.50561466661266,68.45308252417655,68.40878220086881,68.37241264046804,68.3436727867528,68.32226158350171,68.30787797449334,68.30022090350627,68.2989893143191,68.30388215071042,68.3145983564588,68.33083687534285,68.35229665114115,68.37867662763229,68.40967574859484,68.4449929578074,68.48432719904856,68.5273774160969,68.57384255273102,68.6234215527295,68.67581335987093,68.73071691793389,68.78783117069699,68.84685506193878,68.90748753543788,68.96942753497288,69.03237400432234,69.09602588726486,69.16008212757903,69.22424211464056,69.28829970441649,69.35225952031578,69.41615470396366,69.48001839698533,69.543883741006,69.60778387765089,69.67175194854521,69.73582109531418,69.80002445958301,69.86439518297693,69.92896640712112,69.99377127364083,70.05884292416125,70.1242145003076,70.1899191437051,70.25598999597896,70.32246019875438,70.38936289365661,70.45673122231082,70.52459832634226,70.59299734737613,70.66196142703764,70.731523706952,70.80171732874445,70.87257543404016,70.94413116446438,71.01641766164232,71.08946806719918,71.16331552276019,71.23799316995056,71.31353415039548,71.38997160572019,71.4673386775499,71.54566850750982,71.62499423722517,71.70534843663546,71.78674145139898,71.86915475704659,71.95256789966992,72.03696042536063,72.1223118802104,72.20860181031087,72.29580976175367,72.38391528063048,72.47289791303295,72.56273720505273,72.65341270278145,72.7449039523108,72.83719049973243,72.93025189113797,73.02406767261908,73.11861739026743,73.21388059017465,73.30983681843242,73.40646562113236,73.50374654436615,73.60165913422543,73.70018293680187,73.7992974981871,73.8989823644728,73.99921708175059,74.09998119611214,74.20125425364911,74.30301580045315,74.4052453826159,74.50792254622903,74.6110268373842,74.71453780217303,74.81843498668721,74.92269793701836,75.02730619925815,75.13223524396824,75.23739955970622,75.34266669096203,75.4479029746613,75.55297474772952,75.6577483470923,75.76209010967519,75.86586637240374,75.96894347220355,76.07118774600015,76.17246553071912,76.27264316328602,76.37158698062642,76.46916331966587,76.56523851732995,76.6596789105442,76.75235083623419,76.8431206313255,76.93185463274371,77.01841917741432,77.10268060226296,77.18450524421515,77.26375944019647,77.3403095271325,77.41402184194878,77.48476272157087,77.55239850292436,77.6167955229348,77.67782011852772,77.73533862662875,77.7892173841634,77.83932272805724,77.88552099523586,77.92767852262484,77.96566164714967,77.99933670573598,78.02859764970485,78.05354251801931,78.07436082232768,78.09124250575313,78.10437751141883,78.11395578244803,78.12016726196389,78.12320189308961,78.1232496189484,78.12050038266345,78.11514412735794,78.10737079615505,78.09737033217804,78.08533267855007,78.0714477783943,78.055905574834,78.0388960109923,78.02060902999243,78.00123457495756,77.9809625890109,77.95998301527568,77.93848579687504,77.9166608769322,77.89469819857034,77.87278770491268,77.85111933908242,77.82988304420273,77.80926876339682,77.78946643978789,77.7706660164991,77.75305743665372,77.73683064337486,77.72217557978577,77.70928218900964,77.69834041416964,77.689540198389
68.53783463564024,68.46954649284278,68.40851230633533,68.35452107787191,68.30736180920655,68.26682350209329,68.23269515828615,68.20476577953914,68.18282436760632,68.16665992424169,68.15606145119929,68.15081795023315,68.1507184230973,68.15555187154575,68.16510729733254,68.17917370221171,68.19754008793727,68.21999545626323,68.24632880894367,68.27632914773258,68.30978547438399,68.34648679065194,68.38622209829043,68.42878039905354,68.47395069469525,68.52152198696959,68.57128327763063,68.62302356843234,68.6765318611288,68.731597157474,68.78800845922198,68.84555476812677,68.90402508594241,68.96320841442291,69.0228937553223,69.08287011039461,69.14292683420696,69.20292807770132,69.2629048724107,69.32291082990581,69.38299956175736,69.44322467953607,69.50363979481266,69.56429851915782,69.62525446414226,69.6865612413367,69.74827246231185,69.81044173863843,69.87312268188712,69.93636890362868,70.00023401543378,70.06477162887312,70.13003535551746,70.19607880693749,70.26295559470391,70.33071933038744,70.39942362555878,70.46912209178865,70.53986834064777,70.61171598370683,70.68471863253656,70.75892989870765,70.83440339379082,70.9111927293568,70.98935151697627,71.06893336821997,71.14999189465858,71.23258070786284,71.31675341940344,71.4025636408511,71.49006498377653,71.57931105975044,71.67035362173051,71.76317216909317,71.85765234125711,71.9536735048221,72.05111502638793,72.14985627255437,72.24977660992117,72.3507554050881,72.45267202465493,72.55540583522144,72.65883620338738,72.76284249575252,72.86730407891666,72.97210031947952,73.07711058404091,73.18221423920058,73.28729065155831,73.39221918771383,73.49687921426695,73.60115009781742,73.70491120496503,73.80804190230951,73.91042155645066,74.01192953398824,74.11244520152201,74.21184792565174,74.31001707297722,74.40683201009819,74.50217210361443,74.5959167201257,74.68794522623178,74.77813698853244,74.86637137362743,74.95252774811655,75.03648547859954,75.11812393167618,75.1973328972827,75.27415812935291,75.34876544321475,75.42132374259216,75.49200193120912,75.56096891278953,75.62839359105737,75.69444486973657,75.75929165255107,75.82310284322482,75.88604734548177,75.94829406304586,76.01001189964106,76.07136975899127,76.13253654482045,76.19368116085256,76.25497251081154,76.31657949842133,76.37867102740589,76.44141600148913,76.50498332439504,76.56954189984754,76.63526063157056,76.70230842328807,76.77085417872402,76.84106680160234,76.91311519564697,76.98716826458187,77.06339491213099,77.14196404201824,77.22304455796761,77.306805363703,77.3934153629484,77.48304345942775,77.57585855686494,77.67202955898398,77.77163359783704,77.87406955546466,77.97843232024476,78.08381534662281,78.18931208904434,78.29401600195482,78.39702053979977,78.49741915702468,78.59430530807505,78.6867724473964,78.77391402943421,78.85482350863398,78.92859433944125,78.99431997630145,79.05109387366015,79.0980094859628,79.13416026765495,79.15863967318205,79.17054115698963,79.1689581735232,79.15298417722822,79.12171262255023,79.07423696393472,79.00965065582719,78.92704715267313,78.82551990891805,78.70416237900746,78.56206801738685,78.39833027850172,78.21204261679758,78.00229848671991,77.76819134271423,77.50881463922603,77.22326183070085,76.91062637158413,76.5700017163214
70.35910645575791,70.04459651699841,69.75538660997364,69.49065783943567,69.24959131013662,69.03136812682862,68.83516939426376,68.66017621719413,68.5055697003719,68.37053094854913,68.25424106647795,68.15588115891046,68.07463233059877,68.00967568629501,67.96019233075127,67.92536336871966,67.90436990495229,67.89639304420128,67.90061389121873,67.91621355075675,67.94237312756745,67.97827372640295,68.02309645201535,68.07602240915676,68.1362327025793,68.20290843703506,68.27523071727617,68.35238064805475,68.43353933412287,68.51788788023266,68.60460739113624,68.69287897158571,68.78188372633318,68.87080276013076,68.95881717773057,69.04510808388471,69.12885789750032,69.20952763835305,69.28719992155249,69.36204146813077,69.43421899912002,69.50389923555241,69.57124889846006,69.63643470887513,69.69962338782975,69.76098165635605,69.82067623548619,69.87887384625233,69.93574120968657,69.99144504682107,70.04615207868801,70.10002902631948,70.15324261074764,70.20595955300462,70.25834657412261,70.31057039513368,70.36279773707003,70.41519532096379,70.46792986784709,70.52116809875207,70.57507673471088,70.62982249675565,70.68557210591858,70.74249228323173,70.80074974972727,70.86051122643737,70.92194343439414,70.98521309462976,71.05048692817633,71.11793165606599,71.18771399933091,71.26000067900326,71.33495542619742,71.41262573897718,71.49290812456242,71.57568899920072,71.66085477913965,71.74829188062681,71.8378867199098,71.92952571323626,72.02309527685371,72.11848182700977,72.21557177995207,72.31425155192817,72.41440755918568,72.51592621797217,72.61869394453528,72.72259715512256,72.82752226598161,72.93335569336007,73.03998385350546,73.14729316266546,73.25517003708761,73.36350089301952,73.47217214670876,73.58107021440297,73.69008151234969,73.7990924567966,73.9079894639912,74.01665895018114,74.12498733161398,74.23286102453737,74.34016644519885,74.44679000984605,74.55261813472653,74.65753723608792,74.76143373017779,74.86419403324375,74.96570971531624,75.06594946228769,75.16494132399369,75.2627148773167,75.3592996991391,75.45472536634334,75.5490214558118,75.64221754442691,75.7343432090711,75.82542802662674,75.91550157397627,76.00459342800211,76.09273316558667,76.17995036361235,76.26627459896157,76.35173544851675,76.43636248916029,76.52018529777463,76.60323345124216,76.68553652644529,76.76712410026646,76.84802574958807,76.92827105129253,77.00788958226222,77.08691091937963,77.16536463952711,77.2432803195871,77.32068753644201,77.39761586697428,77.47409488806626,77.5501541766004,77.62582330945914,77.70113186352485,77.77610941567995,77.85078554280689,77.92518982178804,77.9993347478718,78.07310657235514,78.14633496362227,78.21884932315687,78.2904790524427,78.36105355296344,78.43040222620279,78.49835447364448,78.56473969677218,78.62938729706961,78.6921266760205,78.75278723510853,78.8111983758174,78.86718949963081,78.9205900080325,78.97122930250616,79.01893678453548,79.06354185560419,79.10487391719597,79.14276237079456,79.17703661788362,79.20752605994689,79.23406009846808,79.25646813493084,79.27457957081894,79.28822380761609,79.29723024680594,79.30142828987222,79.30064733829865,79.29471679356892,79.28346605716676,79.26672453057581,79.24432161527987,79.21608671276259,79.18184922450767,79.14143855199883
68.61738881176667,68.600233361522,68.585852544573,68.57419874143133,68.56522433260861,68.55888169861649,68.55512321996662,68.55390127717062,68.55516825074015,68.55887652118683,68.56497846902232,68.57342647475825,68.58417291890628,68.59717018197803,68.61237064448514,68.62972668693925,68.649190689852,68.67071503373506,68.69425209910003,68.71975426645858,68.74717391632234,68.77646342920295,68.80757518561204,68.84046156606128,68.87507495106227,68.9113677211267,68.94929225676617,68.98880093849233,69.02984614681684,69.07238026225133,69.11635566530742,69.1617247364968,69.20843985633105,69.25645340532185,69.30571776398082,69.35618531281962,69.40780847459276,69.46054862754386,69.51438713079554,69.56930804701435,69.62529543886676,69.68233336901933,69.74040590013854,69.79949709489092,69.85959101594301,69.92067172596128,69.98272328761229,70.04572976356252,70.10967521647851,70.17454370902676,70.2403193038738,70.30698606368614,70.37452805113028,70.44292932887276,70.51217395958008,70.58224600591876,70.65312953055532,70.72480859615627,70.79726726538811,70.8704896009174,70.94445966541062,71.01916152153429,71.09457923195492,71.17069685933906,71.24749846635319,71.32496811566384,71.40308986993752,71.48184779184075,71.56122594404005,71.6412083892019,71.72177918999289,71.80292240907946,71.88462206838987,71.96686060615106,72.04961840330597,72.13287570330583,72.21661274960185,72.30080978564524,72.38544705488722,72.470504800779,72.55596326677177,72.64180269631677,72.72800333286521,72.8145454198683,72.90140920077722,72.98857491904323,73.07602281811752,73.16373314145132,73.25168613249582,73.33986203470224,73.42824109152178,73.51680354640567,73.60552964280512,73.69439962417135,73.78339373395555,73.87249221560894,73.96167531258276,74.05092326832819,74.14021632629644,74.22953472993875,74.31885872270631,74.40816854805034,74.49744444942205,74.58666667027265,74.67581545405336,74.7648710442154,74.85381368420997,74.94262361748827,75.03128104974492,75.11976562172362,75.20805653926779,75.2961329970337,75.3839741896776,75.47155931185577,75.55886755822449,75.64587812343999,75.73257020215857,75.81892298903648,75.90491567872999,75.99052746589538,76.07573754518889,76.16052511126681,76.2448693587854,76.32874948240091,76.41214467676963,76.4950341365478,76.57739705639173,76.65921263095764,76.74046005490183,76.82111852288055,76.90116722955007,76.98058536956665,77.05935213758657,77.13744672826608,77.21484833626148,77.29153615622899,77.36748938282491,77.4426872107055,77.51710883452702,77.59073344894574,77.66354024861792,77.73550842819985,77.80661718234776,77.87684570571795,77.94617106650931,78.01455461707178,78.08195066586535,78.14831348812403,78.21359735908189,78.27775655397298,78.34074534803133,78.40251801649102,78.46302883458607,78.52223207755056,78.58008202061852,78.636532939024,78.69153910800105,78.74505480278373,78.79703429860608,78.84743187070215,78.896201794306,78.94329834465167,78.9886757969732,79.03228842650466,79.0740905084801,79.11403631813356,79.15208013069908,79.18817622141073,79.22227886550255,79.25434233820859,79.2843209147629,79.31216887039953,79.33784048035253,79.36129001985596,79.38247176414384,79.40133998845025,79.41784896800922,79.43195297805482,79.44360629382109,79.45276319054207
68.396428348107,68.4121181124442,68.42885907538066,68.44663880524297,68.46544487035779,68.48526483905168,68.50608627965129,68.52789676048323,68.55068384987413,68.57443511615058,68.59913812763921,68.62478045266664,68.65134965955947,68.67883331664433,68.70721899224783,68.7364942546966,68.76664667231722,68.79766381343634,68.82953324638056,68.86224253947651,68.89577926105078,68.93013097943002,68.96528526294081,69.0012296799098,69.03795179866357,69.07543918752877,69.11367941483199,69.15266004889988,69.19236865805901,69.23279281063603,69.27392007495753,69.31573801935015,69.35823421214049,69.40139622165518,69.44521161622082,69.48966796416404,69.53475287458703,69.58046260101584,69.62681268382785,69.67382127303782,69.7215065186605,69.76988657071067,69.81897957920309,69.86880369415249,69.91937706557367,69.97071784348138,70.02284417789038,70.07577421881544,70.1295261162713,70.18411802027273,70.2395680808345,70.29589444797138,70.35311527169812,70.41124870202947,70.4703128889802,70.53032598256509,70.59130613279888,70.65327148969634,70.71624020327222,70.7802304235413,70.84526030051833,70.91134798421808,70.97851162465531,71.04676937184479,71.11613937580125,71.18663978653947,71.25828875407423,71.33110442842028,71.40510495959236,71.48030849760525,71.55673319247371,71.63439719421253,71.71331822327416,71.7934973008787,71.87491375535254,71.95754546524951,72.04137030912345,72.12636616552817,72.21251091301751,72.2997824301453,72.38815859546534,72.47761728753149,72.56813638489756,72.65969376611739,72.75226730974478,72.84583489433356,72.9403743984376,73.03586370061068,73.13228067940663,73.22960321337929,73.32780918108249,73.42687646107005,73.52678293189581,73.62750647211358,73.72902496027719,73.83131627494046,73.93435829465724,74.03812889798134,74.14260596346658,74.2477673696668,74.35359099513582,74.46005471842747,74.56713641809557,74.67481397269395,74.78306526077645,74.89186816089688,75.00120055160906,75.11104031146684,75.22135970733733,75.3320470386275,75.44292596642717,75.5538184891042,75.66454660502643,75.77493231256173,75.88479761007794,75.99396449594289,76.10225496852446,76.20949102619049,76.31549466730883,76.42008789024732,76.52309269337383,76.6243310750562,76.72362503366227,76.82079656755992,76.91566767511698,77.00806035470129,77.09779660468072,77.18469842342311,77.26858780929632,77.34928676066819,77.42661727590658,77.50040135337935,77.57046099145431,77.63661818849934,77.6986949428823,77.75651325297102,77.80989511713335,77.85866253373716,77.9026375011503,77.94164201774058,77.9754980818759,78.00402769192408,78.02705284625299,78.04439554323046,78.05592888207556,78.06190362923569,78.06273982272785,78.05885829901986,78.0506798945795,78.03862544587459,78.02311578937291,78.0045717615423,77.98341419885051,77.9600639377654,77.93494181475472,77.90846866628631,77.88106532882796,77.85315263884746,77.82515143281263,77.79748254719125,77.77056681845116,77.74482508306012,77.72067817748596,77.69854693819647,77.67885220165947,77.66201480434273,77.64845558271408,77.6385953732413,77.63285501239221,77.63165533663462,77.63541718243631,77.64456138626508,77.65950878458877,77.68068021387514,77.708496510592,77.74337851120717,77.78574705218844,77.83602297000361,77.8946271011205,77.96198028200689
68.54228252323928,68.44296111548694,68.35365007720866,68.27404860089216,68.20385587902531,68.14277110409584,68.09049346859156,68.04672216500025,68.01115638580966,67.98349532350763,67.96343817058194,67.95068411952032,67.9449323628106,67.94588209294058,67.95323250239802,67.96668278367069,67.98593212924642,68.01067973161297,68.04062478325811,68.07546647666963,68.11490400433537,68.15863655874303,68.20636333238046,68.25778351773543,68.31259630729569,68.37050089354908,68.43119646898337,68.4943822260863,68.55975735734573,68.62702105524939,68.69587251228505,68.76601092094056,68.83713547370367,68.90894536306219,68.98113978150384,69.05341792151647,69.12547944550623,69.19712363857491,69.26837205721603,69.33927633269917,69.40988809629386,69.48025897926968,69.55044061289618,69.62048462844291,69.69044265717946,69.76036633037535,69.83030727930017,69.90031713522347,69.97044752941483,70.04075009314377,70.11127645767985,70.18207825429266,70.25320711425175,70.32471466882669,70.39665254928698,70.46907238690227,70.54202581294206,70.61556445867592,70.6897399553734,70.76460393430409,70.84020802673751,70.91660386394327,70.99384307719086,71.0719772977499,71.15105815688995,71.23113728588052,71.31226631599122,71.39449687849157,71.47788060465115,71.56246912573951,71.64831407302623,71.73546707778084,71.82397812128403,71.91383304149778,72.00493435194454,72.09717899743416,72.19046392277647,72.28468607278134,72.3797423922586,72.47552982601817,72.57194531886981,72.66888581562344,72.76624826108889,72.863929600076,72.96182677739466,73.05983673785471,73.157856426266,73.25578278743836,73.3535127661817,73.4509433073058,73.54797135562058,73.64449385593585,73.74040775306148,73.83560999180733,73.92999751698324,74.02346727339906,74.11591620586469,74.20724125918991,74.29733937818463,74.38610750765869,74.47344259242192,74.55924157728421,74.64340140705539,74.72581902654534,74.80639138056387,74.88501541392085,74.96158807142615,75.03600629788963,75.10817705530886,75.17815719249043,75.24611894140344,75.31223750207246,75.3766880745222,75.43964585877731,75.50128605486239,75.56178386280212,75.62131448262116,75.68005311434413,75.73817495799571,75.79585521360056,75.85326908118327,75.91059176076857,75.96799845238104,76.02566435604535,76.08376467178616,76.14247459962814,76.2019693395959,76.26242409171414,76.32401405600746,76.3869144325005,76.45130042121798,76.51734722218447,76.5852300354247,76.65512406096323,76.72720449882479,76.80164654903399,76.8786254116155,76.95831628659394,77.04089437399398,77.12653487384026,77.21541298615745,77.30770391097019,77.40358284830313,77.50322499818091,77.60673432584102,77.7136883269221,77.82342853183036,77.93529535792834,78.04862922257874,78.16277054314415,78.27705973698718,78.39083722147046,78.50344341395663,78.61421873180828,78.72250359238805,78.82763841305857,78.92896361118247,79.02581960412232,79.11754680924076,79.20348564390045,79.282976525464,79.35535987129401,79.4199760987531,79.47616562520389,79.52326886800904,79.56062624453114,79.5875781721328,79.60346506817663,79.60762735002533,79.59940543504146,79.57813974058763,79.5431706840265,79.49383868272068,79.42948415403276,79.34944751532541,79.25306918396123,79.13968957730285,79.00864911271287,78.8592882075539,78.6909472791886
69.06162792596221,68.99032251184721,68.92667582898973,68.87044860499499,68.82140156746821,68.77929544401462,68.74389096223945,68.71494884974791,68.69222983414524,68.67549464303664,68.66450400402736,68.65901864472262,68.65879929272765,68.66360667564764,68.67320152108785,68.68734455665349,68.70579650994979,68.72831810858196,68.75467008015524,68.78461315227486,68.81790805254602,68.85431550857396,68.8935962479639,68.93551099832106,68.97982048725068,69.02628544235797,69.07466659124817,69.12472466152649,69.17622038079814,69.22891447666838,69.2825676767424,69.33694070862546,69.39179429992275,69.44688917823952,69.50198607118097,69.55684570635233,69.6112292438761,69.66498953753026,69.71818402174885,69.77089781206948,69.82321602402973,69.8752237731672,69.9270061750195,69.97864834512421,70.03023539901893,70.08185245224125,70.13358462032879,70.18551701881911,70.23773476324982,70.29032296915854,70.34336675208282,70.39695122756028,70.45116151112853,70.50608271832515,70.56179996468772,70.61839836575388,70.67596303706118,70.73457909414724,70.79433165254964,70.85530582780599,70.9175867354539,70.98125949103091,71.04640921007469,71.11312100812277,71.1814800007128,71.25157130338233,71.32348003166898,71.39729130111034,71.47309022724401,71.55096192560758,71.63099151173866,71.71326410117483,71.79786241013439,71.88477588129778,71.97387279172075,72.06501332075642,72.1580576477579,72.25286595207827,72.34929841307066,72.44721521008812,72.54647652248379,72.64694252961074,72.74847341082211,72.85092934547099,72.95417051291047,73.05805709249366,73.16244926357363,73.26720720550354,73.37219109763647,73.47726111932552,73.58227744992375,73.68710026878433,73.79158975526032,73.89560608870484,73.99900944847097,74.10166001391183,74.2034179643805,74.30414347923015,74.40369673781377,74.50193791948455,74.59872720359557,74.6939247694999,74.7873907965507,74.878985464101,74.96856895150397,75.05600143811269,75.14114310328024,75.22385412635971,75.30400428779551,75.38160702880474,75.4567863809519,75.52966922056926,75.60038242398913,75.66905286754378,75.73580742756549,75.80077298038655,75.86407640233922,75.9258445697558,75.98620435896852,76.04528264630976,76.1032063081117,76.16010222070669,76.21609726042696,76.27131830360482,76.32589222657255,76.37994590566244,76.43360621720673,76.48700003753773,76.54025424298773,76.59349570988898,76.6468513145738,76.70044793337443,76.75441244262318,76.80887171865233,76.86395263779413,76.91978207638088,76.97648691074487,77.03419401721835,77.09303027213365,77.15312255182302,77.21459773261874,77.2775826908531,77.34220430285835,77.40858944496681,77.47683841224863,77.54685504763354,77.61845514362058,77.69145407737643,77.76566722606789,77.84090996686167,77.9169976769246,77.99374573342335,78.07096951352473,78.14848439439545,78.2261057532023,78.30364896711201,78.38092941329138,78.45776246890709,78.53396351112595,78.6093479171147,78.68373106404009,78.75692832906886,78.82875508936776,78.89902672210359,78.96755860444306,79.03416611355293,79.09866462659996,79.16086952075092,79.22059617317252,79.27765996103157,79.33187626149477,79.38306045172892,79.43102790890073,79.47559401017698,79.51657413272444,79.55378365370983,79.58703795029989,79.61615239966143,79.64094237896116,79.66122326536585
68.56157741236933,68.54094437564882,68.52315077038259,68.50814928630658,68.49589261315681,68.48633344066924,68.47942445857986,68.47511835662465,68.4733678245396,68.47412555206067,68.47734422892387,68.48297654486515,68.49097518962051,68.50129285292594,68.5138822245174,68.52869599413089,68.54568685150237,68.56480748636784,68.58601058846328,68.60924884752467,68.63447495328798,68.6616415954892,68.69070146386431,68.7216072481493,68.75431163808014,68.7887673233928,68.8249269938233,68.8627433391076,68.90216904898166,68.9431568131815,68.98565932144308,69.02962926350237,69.07501932909538,69.12178220795806,69.16987058982643,69.21923716443644,69.26983465260192,69.32162236363676,69.37457430666885,69.42866647980718,69.48387488116077,69.54017550883863,69.59754436094977,69.6559574356032,69.71539073090796,69.77582024497302,69.83722197590741,69.89957192182015,69.96284608082026,70.02702045101674,70.0920710305186,70.15797381743485,70.22470480987452,70.29224000594661,70.36055540376013,70.42962700142411,70.49943079704754,70.56994278873945,70.64113897460885,70.71299535276474,70.78548792131615,70.85859267837208,70.93228562204155,71.00654275043357,71.08134006165714,71.1566535538213,71.23245922503504,71.3087330734074,71.38545109704737,71.46258929406395,71.54012366256617,71.61803020066304,71.69628558215997,71.77489274855907,71.85388876402966,71.93331297321632,72.01320472076362,72.09360335131615,72.17454820951848,72.25607864001519,72.33823398745088,72.4210535964701,72.50457681171746,72.5888429778375,72.67389143947484,72.75976154127406,72.84649262787971,72.9341240439364,73.02269513408868,73.11224524298115,73.20281371525839,73.29443989556496,73.38716312854548,73.48102275884449,73.57605813110659,73.67230858997637,73.76981348009838,73.86861214611723,73.96874393267747,74.07024818442372,74.17316424600051,74.27753146205247,74.38338917722415,74.49077673616013,74.599733483505,74.71029876390334,74.82251192199973,74.93641230243875,75.05202781343347,75.16921524029598,75.28769963759032,75.40720267130823,75.52744600744144,75.64815131198172,75.76904025092077,75.88983449025037,76.01025569596226,76.13002553404814,76.2488656704998,76.36649777130896,76.48264350246735,76.59702452996676,76.70936251979887,76.81937913795547,76.92679605042828,77.03133492320903,77.13271742228949,77.23066521366138,77.32489996331645,77.41514333724645,77.50111700144309,77.58254262189816,77.65914186460337,77.73063639555046,77.79674788073119,77.8571979861373,77.9117083777605,77.96000072159258,78.00179668362524,78.03681792985024,78.06478612625934,78.08542293884425,78.09845003359673,78.10358907650851,78.10065673671517,78.090171815962,78.07296781390822,78.04987971463717,78.02174250223217,77.98939116077655,77.95366067435363,77.91538602704676,77.87540220293927,77.83454418611447,77.7936469606557,77.75354551064632,77.7150748201696,77.67906987330892,77.64636565414759,77.61779714676892,77.59419933525629,77.576407203693,77.56525573616237,77.56157991674775,77.56621472953245,77.57999515859983,77.60375618803319,77.63833280191588,77.68455998433122,77.74327271936255,77.81530599109318,77.90149478360647,78.00267408098571,78.11967886731428,78.25334412667547,78.40450484315262,78.57399600082907,78.76265258378812,78.97130957611316,79.20080196188746
68.85125412198323,68.79591265426888,68.74564415704816,68.70033566823936,68.65987422576077,68.62414686753071,68.59304063146746,68.5664425554893,68.54423967751454,68.52631903546148,68.51256766724839,68.5028726107936,68.49712090401538,68.49519958483202,68.49699569116183,68.5023962609231,68.51128833203413,68.5235589424132,68.53909512997862,68.55778393264869,68.57951238834167,68.60416753497589,68.63163641046962,68.66180605274118,68.69456349970885,68.72979578929093,68.7673899594057,68.80723304797147,68.84921209290653,68.89321413212917,68.93912620355769,68.98683534511039,69.03622859470556,69.08719299026149,69.13961556969647,69.19338337092881,69.24838356618844,69.30453180177173,69.36180725337813,69.42019769265161,69.4796908912362,69.5402746207759,69.60193665291472,69.66466475929666,69.72844671156572,69.79327028136592,69.85912324034128,69.92599336013576,69.99386841239341,70.06273616875822,70.13258440087421,70.20340088038536,70.27517337893569,70.34788966816922,70.42153751972992,70.49610470526184,70.57157899640897,70.6479481648153,70.72519998212486,70.80332221998164,70.88230265002964,70.96212904391291,71.04278917327541,71.12427080976116,71.20656172501415,71.28964969067843,71.37352247839797,71.4581678598168,71.5435736065789,71.6297274903283,71.716617282709,71.80423075536498,71.89255537454359,71.9815667341949,72.07122500573513,72.16148932986655,72.25231884729145,72.3436726987121,72.4355100248308,72.52778996634981,72.62047166397143,72.71351425839795,72.80687689033162,72.90051870047476,72.99439882952963,73.08847641819851,73.18271060718371,73.27706053718748,73.37148534891212,73.46594418305992,73.56039618033313,73.65480048143407,73.749116227065,73.84330255792821,73.93731861472598,74.0311235381606,74.12467646893435,74.21793654774952,74.31086291530836,74.4034147123132,74.49555107946627,74.5872311574699,74.67841408702635,74.76905900883791,74.85912506360685,74.94857139203546,75.03735713482604,75.12544143268084,75.21278266274602,75.29932777710516,75.38501493280614,75.46978206065796,75.55356709146962,75.63630795605013,75.71794258520848,75.79840890975368,75.87764486049474,75.95558836824065,76.03217736380043,76.10734977798306,76.18104354159756,76.25319658545293,76.32374684035817,76.39263223712227,76.45979070655426,76.52516017946311,76.58867858665785,76.65028385894747,76.70991392714099,76.76750672204739,76.82300017447568,76.87633221523485,76.92744077513395,76.97626378498192,77.0227391755878,77.06680487776059,77.10839882230928,77.14745894004288,77.18392316177041,77.21772941830083,77.2488156404432,77.27711975900647,77.30257970479967,77.32513340863179,77.34477569536958,77.36192187252527,77.37717570917738,77.39114186337402,77.40442499316336,77.41762975659354,77.43136081171272,77.44622281656905,77.46282042921067,77.48175830768574,77.5036411100424,77.52907349432878,77.55866011859308,77.5930056408834,77.63271471924793,77.67839201173479,77.73064217639214,77.79006987126812,77.8572797544109,77.9328764838686,78.01746471768939,78.11164911392142,78.21603433061283,78.33122502581178,78.4578258575664,78.59644148392486,78.7476765629353,78.91213575264588,79.09042371110472,79.28314509635999,79.49090456645985,79.71430677945243,79.9539563933859,80.21045806630838,80.48441645626804,80.77643622131302
68.6918443406105,68.5873177420454,68.49398848495633,68.41149121921539,68.33946059469467,68.27753126126625,68.22533786880224,68.18251506717473,68.14869750625581,68.12351983591759,68.10661670603214,68.09762276647157,68.09617266710798,68.10190105781344,68.11444258846005,68.13343190891992,68.15850366906513,68.18929251876777,68.22543310789996,68.26656008633375,68.31230810394129,68.36231181059462,68.41620585616587,68.4736248905271,68.53420356355045,68.59757652510798,68.66337842507178,68.73124391331397,68.80080763970662,68.87170425412184,68.94356840643172,69.01603474650834,69.08873792422382,69.16131258945022,69.23339339205967,69.30461498192423,69.3746126444523,69.44315639874374,69.51031687255917,69.57620536798117,69.64093318709232,69.70461163197518,69.76735200471236,69.82926560738642,69.89046374207994,69.95105771087552,70.0111588158557,70.07087835910308,70.13032764270024,70.18961796872975,70.2488606392742,70.30816695641617,70.36764822223823,70.42741573882296,70.48758080825293,70.54825473261074,70.60954881397896,70.67157435444015,70.73444265607692,70.79826502097184,70.86315275120747,70.92921714886641,70.99656951603123,71.0653211547845,71.13558336720881,71.20746745538673,71.28108472140086,71.35654646733377,71.43396399526802,71.51344860728621,71.5951116054709,71.67906429190468,71.76541504991381,71.85415879617203,71.94514305015822,72.03820548054868,72.13318375601968,72.22991554524748,72.32823851690833,72.42799033967853,72.52900868223429,72.63113121325196,72.73419560140775,72.83803951537791,72.94250062383878,73.04741659546659,73.15262509893759,73.25796380292806,73.36327037611429,73.4683824871725,73.57313780477904,73.67737399761009,73.78092873434198,73.88363968365096,73.98534451421327,74.08588089470521,74.18508649380306,74.28279898018303,74.37885602252143,74.47309528949455,74.5653544497786,74.65547117204991,74.74328312498469,74.82862797725926,74.91134339754984,74.99126705453273,75.0682366168842,75.14208975328049,75.21267734719848,75.28004801468668,75.34440258671884,75.40594580976517,75.46488243029589,75.52141719478121,75.57575484969138,75.62810014149656,75.67865781666703,75.72763262167294,75.77522930298457,75.82165260707208,75.86710728040572,75.91179806945573,75.95592972069227,75.99970698058556,76.04333459560587,76.08701731222337,76.13095987690829,76.17536703613087,76.22044353636127,76.26639412406976,76.31342354572652,76.3617365478018,76.4115378767658,76.46303227908874,76.5164245012408,76.57191928969226,76.62972139091329,76.69003555137411,76.75306651754497,76.81901903589605,76.88809785289757,76.96050771501979,77.03645336873288,77.11613956050707,77.19970464729425,77.28679632601259,77.37684237830086,77.46926954846154,77.56350458079723,77.65897421961043,77.75510520920363,77.85132429387943,77.94705821794031,78.0417337256888,78.13477756142746,78.2256164694588,78.31367719408539,78.39838647960968,78.4791710703343,78.55545771056168,78.62667314459443,78.69224411673505,78.75159737128607,78.80415965255,78.8493577048294,78.8866182724268,78.91536809964472,78.93503393078569,78.94504251015223,78.9448205820469,78.93379489077222,78.91139218063068,78.87703919592488,78.8301626809573,78.77018938003047,78.69654603744695,78.60865939750926,78.50595620451992,78.38786320278149,78.25380713659644
68.48761390022133,68.42550719011331,68.36991827266408,68.32068213746868,68.27763377412217,68.2406081722196,68.209440321356,68.18396521112643,68.16401783112595,68.14943317094958,68.14004622019239,68.13569196844941,68.1362054053157,68.1414215203863,68.15117530325628,68.16530174352064,68.18363583077448,68.20601255461283,68.2322669046307,68.2622338704232,68.29574844158535,68.33264560771218,68.37276035839875,68.41592768324011,68.46198257183133,68.51076001376741,68.56209499864343,68.61582251605445,68.67177755559548,68.72979510686159,68.78971015944781,68.85135770294922,68.91457272696084,68.97919022107773,69.04504517489492,69.1119725780075,69.17980758869133,69.24842112556726,69.31776389330854,69.38779739216426,69.45848312238354,69.52978258421543,69.60165727790907,69.67406870371353,69.7469783618779,69.82034775265127,69.89413837628275,69.96831173302141,70.04282932311635,70.11765264681668,70.19274320437147,70.26806249602981,70.34357202204082,70.41923328265356,70.49500777811714,70.57085700868066,70.6467424745932,70.72262567610385,70.79846811346171,70.87423128691586,70.9498766967154,71.02536584310944,71.10066022634705,71.17572134667734,71.25051070434937,71.32498979961225,71.39912013271511,71.47286320390698,71.546180513437,71.61903356155422,71.69138384850778,71.76319287454673,71.83442361828745,71.90509652987326,71.9753067169939,72.04515427682848,72.11473930655622,72.18416190335626,72.25352216440778,72.32292018688999,72.392456067982,72.46222990486302,72.53234179471222,72.60289183470876,72.67398012203184,72.74570675386057,72.8181718273742,72.89147543975186,72.96571768817272,73.04099866981598,73.11741848186077,73.19507722148629,73.2740749858717,73.3545118721962,73.43648797763892,73.52010339937907,73.60545823459579,73.69265258046828,73.7817865341757,73.87296019289721,73.966273653812,74.06182701409924,74.1597203709381,74.26005382150775,74.36292746298736,74.4684413925561,74.57669570739317,74.6877905046777,74.80180923433632,74.91858625407214,75.03776416990131,75.15898065532076,75.28187338382737,75.40608002891808,75.53123826408977,75.65698576283934,75.7829601986637,75.90879924505974,76.0341405755244,76.15862186355456,76.28188078264712,76.40355500629899,76.52328220800706,76.64070006126826,76.75544623957948,76.86715841643763,76.97547426533961,77.08003145978232,77.18046767326267,77.27642057927756,77.36752785132389,77.45342716289856,77.5337561874985,77.60815259862058,77.67625406976173,77.73769827441885,77.79212288608882,77.83916557826858,77.878464024455,77.909655898145,77.9323788728355,77.94627062202338,77.95096881920554,77.94611113787892,77.93147524723916,77.90787347219329,77.8765818734005,77.8388786989528,77.79604219694221,77.74935061546071,77.70008220260034,77.64951520645307,77.59892787511093,77.5495984566659,77.50280519921002,77.45982635083527,77.42194015963366,77.3904248736972,77.36655874111788,77.35162000998773,77.34688692839875,77.35363774444292,77.37315070621226,77.40670406179879,77.4555760592945,77.52104494679139,77.60438897238149,77.70688638415677,77.82981543020927,77.97445435863096,78.1420814175139,78.33397485495003,78.55141291903138,78.79567385784998,79.0680359194978,79.36977735206686,79.70217640364918,80.06651132233674,80.46406035622155,80.89610175339564
68.69147561551742,68.65104440790691,68.61488583051904,68.58290245292847,68.55499684470985,68.53107157543786,68.51102921468716,68.4947723320324,68.48220349704826,68.47322527930939,68.46774024839047,68.46565097386616,68.4668600253111,68.4712699723,68.47878338440748,68.48930283120822,68.50273088227688,68.51897010718812,68.53792307551663,68.55949235683705,68.58358052072406,68.61009013675229,68.63892377449645,68.66998400353117,68.70317339343111,68.73839451377097,68.7755499341254,68.81454222406903,68.85527395317655,68.89764769102263,68.94156600718193,68.98693147122911,69.03364665273884,69.08161412128578,69.13073644644459,69.18091619778991,69.23205608371791,69.28408824277267,69.33701047604549,69.39082946920064,69.44555190790243,69.50118447781509,69.55773386460291,69.61520675393018,69.67360983146118,69.73294978286017,69.79323329379142,69.85446704991924,69.91665773690787,69.97981204042159,70.04393664612466,70.10903823968144,70.17512350675612,70.242199133013,70.31027180411637,70.3793482057305,70.44943502351965,70.52053894314811,70.59266665028015,70.66582483058006,70.74002016971211,70.81525935334058,70.89154906712973,70.96889599674384,71.0473068278472,71.12678824610407,71.20734693717874,71.28898958673547,71.37172288043855,71.45555350395226,71.54048814294087,71.62653348306866,71.71369558650416,71.80195627702018,71.89126589185598,71.98157266395286,72.07282482625207,72.16497061169487,72.25795825322255,72.35173598377638,72.4462520362976,72.5414546437275,72.63729203900738,72.73371245507846,72.83066412488203,72.92809528135935,73.02595415745172,73.12418898610038,73.2227480002466,73.32157943283167,73.42063151679683,73.51985248508339,73.6191905706326,73.7185940063857,73.81801102528401,73.91738986026876,74.01667874428124,74.1158259102627,74.21477959115445,74.31348801989772,74.4118994294338,74.50996205270395,74.60762412264943,74.70483387221155,74.80153953433152,74.89768934195065,74.99323152801021,75.08811432545149,75.18228953159003,75.27576227734299,75.36857874993935,75.46078619271914,75.55243184902234,75.64356296218891,75.73422677555884,75.82447053247212,75.91434147626872,76.0038868502886,76.09315389787177,76.18218986235821,76.27104198708788,76.3597575154008,76.4483836906369,76.53696775613618,76.62555695523865,76.71419853128425,76.80293972761298,76.8918277875648,76.98090995447971,77.0702334716977,77.15984558255876,77.24979353040281,77.34012455856988,77.43088591039997,77.522124829233,77.61388855840899,77.70622434126791,77.79917942114973,77.89280104139443,77.98713644534205,78.0822328763325,78.17813757770578,78.27489779280187,78.37256076496077,78.47113166561853,78.57030472854633,78.66963482433364,78.76867616619644,78.86698296735072,78.96410944101238,79.05960980039744,79.15303825872188,79.24394902920163,79.33189632505268,79.41643435949099,79.49711734573255,79.5734994969933,79.64513502648923,79.7115781474363,79.77238307305048,79.82710401654772,79.87529519114402,79.91651081005533,79.95030508649761,79.97623223368687,79.99384646483902,80.00270199317008,80.00235303189599,79.99235379423273,79.97225849339627,79.94162134260255,79.89999655506757,79.84693834400731,79.78200092263772,79.70473850417476,79.6147053018344,79.51145552883263,79.39454339838538,79.26352312370865,79.11794891801843
70.18893623679699,69.97316232240959,69.77330690022178,69.58891334313476,69.41952502404972,69.26468531586784,69.12393759149032,68.99682522381832,68.88289158575307,68.78168005019573,68.6927339900475,68.61559677820956,68.54981178758311,68.49492239106934,68.45047196156942,68.41600387198456,68.39106149521594,68.37518820416474,68.36792737173216,68.3688223708194,68.37741657432763,68.39325335515804,68.41587608621181,68.44482814039016,68.47965289059425,68.5198937097253,68.56509397068446,68.61479704637293,68.66854630969192,68.72588513354259,68.78635689082616,68.84950495444379,68.91487269729669,68.98200349228604,69.05044071231302,69.11972773027883,69.18940853584988,69.25915787291888,69.32894221532692,69.39876750988905,69.46863970342032,69.5385647427358,69.60854857465053,69.67859714597955,69.74871640353795,69.81891229414079,69.88919076460309,69.9595577617399,70.03001923236631,70.10058112329737,70.17124938134812,70.24202995333361,70.31292878606892,70.38395182636908,70.45510502104918,70.52639431692423,70.5978256608093,70.66940499951947,70.74113827986979,70.81303144867528,70.88509045275102,70.95732123891207,71.02972975397347,71.1023219447503,71.17510375805759,71.2480811407104,71.32126003952379,71.39464640131281,71.46824617289252,71.542065301078,71.61610973268425,71.69038541452638,71.76489856284027,71.83966586759834,71.91471762452701,71.99008503864822,72.06579931498388,72.14189165855588,72.21839327438614,72.29533536749659,72.37274914290913,72.45066580564566,72.52911656072811,72.60813261317838,72.68774516801838,72.76798543027003,72.84888460495523,72.93047389709591,73.01278451171396,73.09584765383129,73.17969452846984,73.2643563406515,73.34986429539818,73.4362495977318,73.52354345267426,73.6117770652475,73.7009816404734,73.79118838337388,73.88242849897085,73.97473319228624,74.06813366834194,74.16266113215985,74.25834678876193,74.35522184317004,74.45331750040611,74.55266496549207,74.65329544344982,74.75524013930124,74.85852218822906,74.96304397671054,75.06861493863036,75.17504211680983,75.28213255407017,75.38969329323265,75.49753137711849,75.60545384854898,75.71326775034535,75.82078012532884,75.92779801632071,76.03412846614222,76.13957851761461,76.24395521355916,76.34706559679708,76.44871671014965,76.54871559643811,76.64686929848371,76.74298485910771,76.83686932113133,76.92832972737588,77.01717312066256,77.10320654381263,77.18623703964737,77.266071650988,77.34251742065578,77.41538139147195,77.4844706062578,77.54959210783454,77.61055293902345,77.66716014264574,77.71922076152272,77.7665418384756,77.80893041632564,77.8461935378941,77.87813824600221,77.90464888524036,77.92618110858616,77.94344663112747,77.9571583757922,77.96802926550835,77.97677222320384,77.98410017180663,77.9907260342447,77.99736273344598,78.00472319233845,78.01352033385004,78.02446708090872,78.03827635644245,78.05566108337918,78.07733418464686,78.10400858317345,78.13639720188692,78.1752129637152,78.22116879158625,78.27497760842806,78.33735233716854,78.40900590073568,78.49065122205741,78.5830012240617,78.68676882967651,78.80266696182979,78.93140854344949,79.07370649746358,79.23027374679998,79.4018232143867,79.58906782315167,79.79272049602284,80.01349415592816,80.25210172579558,80.50925612855309,80.78567028712864
69.10830843367964,68.92717804887683,68.76251507790951,68.61378029508643,68.4804344747163,68.36193839110784,68.25775281856978,68.16733853141083,68.09015630393972,68.02566691046518,67.9733311252959,67.93260972274065,67.90296347710812,67.88385316270703,67.87473955384613,67.87508342483412,67.88434554997971,67.90198670359166,67.92746765997867,67.96024919344946,67.99979207831277,68.04555708887729,68.09700499945177,68.15359658434492,68.21479261786548,68.28005387432215,68.34884112802366,68.42061515327875,68.49483672439611,68.57096661568447,68.64846560145257,68.72679445600913,68.80541395366286,68.88378486872251,68.96136797549676,69.03762404829436,69.11201477236939,69.18419495339576,69.25425027421036,69.32232471815425,69.3885622685684,69.45310690879383,69.51610262217154,69.57769339204255,69.63802320174787,69.69723603462846,69.7554758740254,69.81288670327964,69.86961250573223,69.92579726472415,69.98158496359643,70.03711958569005,70.09254511434605,70.14800553290542,70.20364482470914,70.25960697309829,70.3160359614138,70.37307577299673,70.43087039118807,70.48956379932882,70.54929998076001,70.61022291882263,70.67247659685769,70.73620499820619,70.80155210620916,70.8686619042076,70.9376783755425,71.0087455035549,71.08200727158578,71.15760766297616,71.23569066106704,71.31640024919945,71.39987710194933,71.48613326565228,71.57501369401002,71.6663521736423,71.75998249116887,71.85573843320948,71.95345378638389,72.05296233731187,72.15409787261314,72.25669417890748,72.36058504281463,72.46560425095436,72.57158558994642,72.67836284641055,72.78576980696653,72.89364025823409,73.00180798683299,73.110106779383,73.21837042250385,73.32643270281532,73.43412740693715,73.54128832148909,73.6477492330909,73.75334392836234,73.85790619392317,73.96126981639313,74.06326858239197,74.16373627853945,74.26250669145533,74.35941360775936,74.4542908140713,74.54697209701091,74.63729124319792,74.72508203925211,74.81017827179322,74.89241372744101,74.97163405574578,75.04786241084832,75.12125859027469,75.19198590649329,75.26020767197255,75.3260871991809,75.38978780058676,75.45147278865855,75.51130547586472,75.56944917467365,75.62606719755381,75.6813228569736,75.73537946540144,75.78840033530577,75.840548779155,75.89198810941757,75.94288163856189,75.99339267905638,76.0436845433695,76.09392054396963,76.14426399332523,76.1948782039047,76.24592648817647,76.29757215860897,76.34997852767063,76.40330890782985,76.45772661155509,76.51339495131475,76.57047723957726,76.62913678881104,76.68953691148452,76.75184092006613,76.81621212702427,76.8828138448274,76.95180938594392,77.02336206284227,77.09760196036714,77.1744135904567,77.25357139854555,77.33484931088664,77.41802125373299,77.50286115333753,77.58914293595328,77.67664052783317,77.7651278552302,77.85437884439735,77.94416742158758,78.03426751305386,78.12445304504918,78.21449794382652,78.30417613563883,78.3932615467391,78.48152810338031,78.56874973181543,78.65470035829742,78.73915390907928,78.82188431041398,78.90266548855446,78.98127136975376,79.05747588026479,79.13105294634056,79.20177649423404,79.26942045019821,79.33375874048603,79.39456529135049,79.45161402904455,79.50467887982118,79.5535337699334,79.59795262563412,79.63770937317636,79.67257793881309,79.70233224879726
68.315220180887,68.25159421059243,68.19518421567062,68.14577684152206,68.10315873354725,68.06711653714665,68.03743689772077,68.01390646067007,67.99631187139505,67.98443977529621,67.97807681777402,67.97700964422899,67.98102490006156,67.98990923067225,68.00344928146154,68.02143169782993,68.04364312517788,68.0698702089059,68.09989959441445,68.13351792710404,68.17051185237516,68.21066801562826,68.25377306226386,68.29961363768244,68.34797638728448,68.39864795647047,68.4514149906409,68.50606413519625,68.56238203553701,68.62015533706368,68.67917068517671,68.73921472527663,68.80007410276387,68.86153546303898,68.92338545150241,68.98541071355464,69.04739823344877,69.10920683218455,69.17085560803164,69.2323853458247,69.29383683039836,69.35525084658734,69.41666817922629,69.47812961314987,69.53967593319277,69.60134792418962,69.66318637097514,69.72523205838397,69.78752577125078,69.85010829441025,69.91302041269704,69.97630291094583,70.03999657399127,70.10414218666804,70.16878053381082,70.23395240025427,70.29969857083304,70.36605983038184,70.4330769637353,70.50079075572812,70.56924199119494,70.63847145497046,70.70851993188933,70.77942820678622,70.8512370644958,70.92398728985275,70.99771966769173,71.07247498284741,71.14829402015445,71.22521756444753,71.30328640056133,71.3825413133305,71.46302230938679,71.5447391427223,71.62766226808041,71.7117595137695,71.79699870809792,71.88334767937407,71.97077425590632,72.05924626600307,72.1487315379727,72.23919790012359,72.3306131807641,72.42294520820263,72.51616181074758,72.6102308167073,72.70512005439018,72.80079735210462,72.89723053815898,72.99438744086164,73.092235888521,73.19074370944544,73.28987873194335,73.38960878432307,73.48990169489302,73.59072529196158,73.69204740383711,73.793835858828,73.89605848524263,73.99868311138944,74.10167756557671,74.2050096761129,74.30864727130634,74.41255817946545,74.51671022889859,74.62107124791414,74.72560906482052,74.83029150792605,74.93508267374922,75.03989082017367,75.14458122039146,75.24901804187911,75.35306545211314,75.45658761857005,75.55944870872638,75.66151289005862,75.76264433004332,75.86270719615695,75.96156565587606,76.05908387667715,76.15512602603674,76.24955627143136,76.34223878033751,76.43303772023171,76.52181725859047,76.6084415628903,76.69277480060775,76.77468113921931,76.85402474620149,76.93066978903083,77.00448043518382,77.075320852137,77.14305520736686,77.20754766834992,77.26866240256271,77.32626357748175,77.38021536058355,77.43038191934461,77.47662742124146,77.51881603375062,77.5568119243486,77.5904792605119,77.61968220971707,77.6442849394406,77.6641871300715,77.67955092461762,77.69065610260938,77.69778299846651,77.70121194660871,77.70122328145567,77.69809733742713,77.69211444894275,77.68355495042228,77.67269917628538,77.65982746095179,77.64522013884121,77.62915754437333,77.61192001196787,77.59378787604453,77.57504147102301,77.55596113132304,77.5368271913643,77.5179199855665,77.49951984834932,77.48190711413253,77.46536211733577,77.45016519237879,77.43659667368127,77.42493689566292,77.41546619274345,77.40846489934256,77.40421334987997,77.40299187877537,77.40508082044848,77.41076050931898,77.4203112798066,77.43401346633102,77.45214740331197,77.47499342516915,77.50283186632225
68.9975112405019,68.93755544166909,68.88292210100171,68.83348379539532,68.7891131017455,68.74968259694784,68.7150648578979,68.68513246149128,68.65975798462355,68.6388140041903,68.62217309708707,68.60970784020948,68.6012908104531,68.59679458471349,68.59609173988625,68.59905485286696,68.60555650055117,68.6154692598345,68.62866570761251,68.64501842078077,68.66439997623486,68.68668295087038,68.71173992158289,68.73944346526798,68.76966615882122,68.8022805791382,68.83715930311449,68.87417490764567,68.91319996962731,68.95410706595503,68.99676877352435,69.0410576692309,69.08684632997021,69.1340073326379,69.18241325412954,69.2319366713407,69.28245032758204,69.33386224615835,69.38615916470101,69.43933847140569,69.49339755446806,69.54833380208377,69.6041446024485,69.66082734375789,69.71837941420762,69.77679820199333,69.8360810953107,69.8962254823554,69.95722875132307,70.01908829040939,70.08180148781,70.14536573172057,70.2097784103368,70.27503691185429,70.34113862446873,70.4080809363758,70.47586123577113,70.5444769108504,70.61392534980926,70.6842039408434,70.75531007214845,70.82724113192008,70.89999450835397,70.97356758964575,71.0479577639911,71.1231624195857,71.19917894462519,71.27600472730522,71.35363715582147,71.43207361836961,71.51131150314528,71.59134819834416,71.67218106762854,71.7538065209264,71.83621972923106,71.91941578073578,72.00338976363378,72.08813676611832,72.17365187638266,72.25993018262002,72.34696677302367,72.43475673578683,72.52329515910277,72.61257713116471,72.70259774016593,72.79335207429963,72.88483522175909,72.97704227073754,73.06996830942823,73.16360842602441,73.25795770871932,73.3530112457062,73.4487641251783,73.54521143532887,73.64234826435116,73.74016970043839,73.83867083178383,73.93784674658072,74.0376925330223,74.13820327930182,74.23937407361251,74.34120000414765,74.44367615910045,74.54679762666417,74.65055949503207,74.75495685239736,74.85998478695332,74.96563838689318,75.07190667400424,75.17868789866655,75.28581043525102,75.39310086067503,75.50038575185587,75.60749168571091,75.71424523915746,75.82047298911286,75.92600151249445,76.03065738621957,76.13426718720555,76.23665749236972,76.33765487862941,76.43708592290199,76.53477720210473,76.63055529315503,76.72424677297019,76.81567821846755,76.90467620656446,76.99106731417822,77.0746781182262,77.15533519562572,77.23286512329412,77.30709447814873,77.37784983710688,77.44495777708592,77.50824487500317,77.56753770777597,77.62266285232167,77.67344688555757,77.71971638440104,77.76129792576938,77.79801808657997,77.8297034437501,77.85618057419714,77.8772760548384,77.89287784038291,77.90332750578122,77.90916993991885,77.91095099070931,77.90921650606606,77.90451233390262,77.89738432213245,77.88837831866908,77.87804017142598,77.86691572831664,77.85555083725457,77.84449134615325,77.83428310292618,77.82547195548685,77.81860375174874,77.81422433962537,77.81287956703021,77.81511528187676,77.82147733207852,77.83251156554897,77.8487638302016,77.87077997394994,77.89910584470742,77.93428729038759,77.97687015890392,78.0274002981699,78.08642355609902,78.15448578060479,78.23213281960068,78.3199105210002,78.41836473271684,78.52804130266409,78.64948607875543,78.78324490890438,78.92986364102441,79.08988812302903
69.2404995938882,69.13373796271212,69.03679548150784,68.94937855953967,68.87119360607196,68.80194703036898,68.74134524169509,68.68909464931454,68.64490166249169,68.60847269049083,68.57951414257627,68.55773242801232,68.5428339560633,68.5345251359935,68.53251237706729,68.5365020885489,68.54620067970271,68.561314559793,68.58155013808408,68.60661382384023,68.63621202632584,68.67005115480515,68.70783761854253,68.74927782680223,68.79407818884857,68.84194511394591,68.89258501135853,68.94570429035076,69.00100936018686,69.05820663013121,69.11700250944806,69.17710340740176,69.23821573325661,69.3000458962769,69.36230030572698,69.42468537087116,69.4869079621851,69.54877272696133,69.6103024654844,69.6715494955685,69.7325661350278,69.7934047016765,69.85411751332872,69.9147568877987,69.97537514290057,70.03602459644854,70.09675756625676,70.1576263701394,70.21868332591065,70.27998075138468,70.34157096437566,70.40350628269779,70.46583902416522,70.52862150659213,70.5919060477927,70.65574496558112,70.72019057777153,70.78529520217812,70.85111115661509,70.9176907588966,70.9850863268368,71.05335017824991,71.12253463095006,71.19269200275146,71.26387461146827,71.33613477491467,71.40952481090484,71.48409703725294,71.55990377177314,71.63699733227965,71.71543003658662,71.79525420250822,71.87652084800895,71.95923045939593,72.04331788056622,72.12871356842409,72.21534797987381,72.30315157181967,72.39205480116591,72.4819881248168,72.57288199967665,72.66466688264968,72.75727323064022,72.85063150055252,72.94467214929087,73.03932563375947,73.13452241086269,73.23019293750475,73.32626767058993,73.42267706702249,73.51935158370675,73.61622167754693,73.71321780544731,73.81027042431221,73.90730999104584,74.0042669625525,74.10107179573647,74.19765494750204,74.29394687475344,74.38987803439495,74.48537888333088,74.58037987846545,74.674811476703,74.76860413494772,74.86168831010396,74.95399445907596,75.04545303876797,75.13599450608432,75.22555362123943,75.31412953471927,75.40177096476826,75.48852790468563,75.57445034777068,75.65958828732265,75.74399171664082,75.82771062902451,75.91079501777294,75.99329487618537,76.07526019756112,76.15674097519947,76.23778720239962,76.3184488724609,76.3987759786826,76.47881851436391,76.55862647280419,76.63824984730265,76.71773863115861,76.79714281767131,76.87651240014002,76.95589737186403,77.0353477261426,77.11491345627503,77.19464455556054,77.27459101729848,77.35480283478803,77.43533000132852,77.51622251021921,77.59753035475937,77.67930352824827,77.76159202398519,77.84444583526938,77.92791495540017,78.01204937767677,78.09689909539846,78.18247215345265,78.2684665717449,78.35444141606645,78.4399550967645,78.52456602418634,78.6078326086792,78.68931326059034,78.768566390267,78.8451504080564,78.91862372430582,78.9885447493625,79.0544718935737,79.11596356728667,79.17257818084862,79.22387414460682,79.26940986890854,79.30874376410101,79.34143424053146,79.36703970854715,79.38511857849535,79.3952292607233,79.39693016557824,79.3897797034074,79.37333628455805,79.34715831937741,79.3108042182128,79.26383239141138,79.20580124932046,79.13626920228727,79.05479466065903,78.96093603478302,78.85425173500649,78.73430017167665,78.60063975514079,78.45282889574615,78.29042600383998
68.7176754455881,68.57180620192051,68.44029613666419,68.32267804627854,68.21848472722303,68.12724897595704,68.04850358894002,67.98178136263138,67.92661509349055,67.88253757797695,67.84908161255001,67.82577999366913,67.81216551779376,67.8077709813833,67.8121291808972,67.82477291279486,67.84523497353571,67.87304815957917,67.90774526738468,67.94885909341164,67.99592243411948,68.04846808596763,68.10602884541551,68.16813750892254,68.23432687294815,68.30412973395174,68.37707888839276,68.45270713273062,68.53054726342475,68.61013207693458,68.6909943697195,68.77266693823897,68.85468257895239,68.9365740883192,69.01787426279881,69.09811589885064,69.17683255100653,69.25371848514708,69.32882653539811,69.40225805251902,69.4741143872692,69.54449689040807,69.61350691269503,69.68124580488949,69.74781491775083,69.81331560203849,69.87784920851185,69.94151708793032,70.0044205910533,70.06666106864022,70.12833987145044,70.18955835024339,70.25041785577847,70.31101973881509,70.37146535011264,70.43185604043055,70.49229316052819,70.552878061165,70.61371209310036,70.67489660709367,70.73653295390434,70.7987224842918,70.86156654901541,70.92516649883461,70.98962368450879,71.05503945679735,71.12151516645969,71.18915216425523,71.25805180094338,71.32831542728351,71.40004439403505,71.47334005195741,71.5483020927219,71.62496571095097,71.70328231731929,71.7831977230793,71.8646577394834,71.94760817778406,72.03199484923367,72.11776356508469,72.2048601365895,72.29323037500058,72.38282009157032,72.47357509755118,72.56544120419557,72.65836422275589,72.75228996448462,72.84716424063414,72.94293286245693,73.03954164120537,73.1369363881319,73.23506291448896,73.33386703152897,73.43329455050436,73.53329128266756,73.63380303927097,73.73477563156708,73.83615487080824,73.93788656824694,74.03991653513557,74.14219058272657,74.24465452227237,74.34725416502539,74.44993532223808,74.55264380516283,74.6553254250521,74.75792599315831,74.86039132073388,74.96266778640114,75.06471025831732,75.16648013990037,75.26793900267788,75.36904841817741,75.46976995792654,75.57006519345285,75.6698956962839,75.76922303794728,75.86800878997056,75.9662145238813,76.0638018112071,76.1607322234755,76.2569673322141,76.35246870895045,76.44719792521217,76.54111655252677,76.63418616242187,76.72636832642503,76.81762461606381,76.90791660286581,76.99720585835858,77.0854539540697,77.17262246152677,77.25867295225733,77.34356699778895,77.42726616964924,77.50973203936574,77.59092617846605,77.6708101584777,77.74934555092833,77.82649392734545,77.90221685925668,77.97647591818956,78.04923267567169,78.12044870323062,78.19008643877314,78.25811472328974,78.32450526765201,78.38922979626872,78.45226003354861,78.51356770390048,78.57312453173303,78.63090224145509,78.68687255747537,78.74100720420265,78.7932779060457,78.84365638741326,78.89211437271412,78.93862358635701,78.98315575275072,79.02568259630398,79.06617584142558,79.10460721252427,79.1409484340088,79.17517123028796,79.2072473257705,79.23714844486516,79.26484631198072,79.29031265152592,79.31351918790956,79.33443764554038,79.35303974882714,79.3692972221786,79.38318179000353,79.39466517671067,79.40371910670882,79.41031530440671,79.41442549421309,79.41602140053676,79.41507474778646,79.41155726037096
68.58073697023329,68.4881452273992,68.40568383526985,68.33302434231783,68.26983829701575,68.21579724783618,68.17057274325174,68.133836331735,68.10525956175857,68.08451398179503,68.07127114031701,68.06520258579704,68.06597986670778,68.07327453152179,68.08675812871166,68.10610220675002,68.13097831410943,68.1610579992625,68.19601281068181,68.23551429683997,68.27923400620956,68.32684348726319,68.37801428847345,68.43241795831293,68.4897260452542,68.54961009776991,68.61174166433261,68.67579229341491,68.74143353348941,68.8083369330287,68.87617404050536,68.944616404392,69.01333557316121,69.08200309528559,69.15029051923774,69.21786939349023,69.28441183493949,69.34971046633171,69.41382677487988,69.4768586269214,69.5389038887937,69.6000604268342,69.66042610738033,69.72009879676952,69.77917636133917,69.83775666742675,69.89593758136961,69.95381696950524,70.01149269817104,70.06906263370443,70.12662464244285,70.1842765907237,70.24211634488442,70.30024177126244,70.35875073619515,70.41774110602002,70.47731074707444,70.53755752569585,70.59857930822167,70.66047396098932,70.72333935033623,70.78727334259982,70.8523738041175,70.91873860122674,70.9864656002649,71.05565266756948,71.12639766947781,71.1987984723274,71.27295294245562,71.34895894619991,71.4269143498977,71.50691701988642,71.58906260912237,71.67336072537107,71.75970920065183,71.84799839682269,71.93811867574172,72.02996039926695,72.12341392925642,72.2183696275682,72.31471785606031,72.4123489765908,72.51115335101774,72.61102134119915,72.7118433089931,72.81350961625759,72.91591062485072,73.01893669663052,73.12247819345502,73.22642547718229,73.33066890967036,73.43509885277727,73.53960566836109,73.64407971827985,73.7484113643916,73.85249096855439,73.95620889262626,74.05945549846525,74.16212114792943,74.26409620287683,74.36527102516548,74.46553597665347,74.56478141919881,74.66289771465955,74.75977522489374,74.85530431175944,74.94937533711469,75.04187866281752,75.1327091898361,75.22182973767478,75.30925540966163,75.39500265404622,75.47908791907811,75.5615276530069,75.64233830408212,75.72153632055335,75.7991381506702,75.87516024268217,75.94961904483888,76.0225310053899,76.09391257258477,76.1637801946731,76.23215031990439,76.2990393965283,76.36446387279433,76.42844019695208,76.49098481725112,76.55211418194101,76.61184473927132,76.67019293749165,76.7271752248515,76.78280804960052,76.83710785998822,76.89009110426422,76.94177423067804,76.99217368747927,77.04130592291749,77.08918738524225,77.13583452270315,77.18126378354972,77.22549161603156,77.26853446839824,77.31040878889931,77.35113102578435,77.39073103332929,77.42933774472353,77.4671245006188,77.50426485113594,77.54093234639585,77.57730053651937,77.6135429716274,77.64983320184079,77.68634477728041,77.72325124806713,77.76072616432182,77.79894307616534,77.8380755337186,77.87829708710241,77.91978128643767,77.96270168184526,78.00723182344602,78.05354526136085,78.1018155457106,78.15221622661613,78.20492085419833,78.26010297857808,78.31793614987619,78.3785939182136,78.44224983371113,78.50907744648968,78.57925030667009,78.65294196437327,78.73032596972004,78.81157587283131,78.89686522382793,78.98636757283077,79.0802564699607,79.17870546533858,79.2818881090853,79.38997795132173
68.2303827475265,68.24479666181116,68.25893550506504,68.27285906391822,68.28662712500073,68.3002994749427,68.31393590037416,68.3275961879252,68.34134012422592,68.35522749590635,68.36931808959662,68.38367169192676,68.39834808952685,68.41340706902699,68.42890841705722,68.44491192024765,68.46147736522835,68.47866453862937,68.49653322708079,68.51514321721271,68.5345542956552,68.55482624903831,68.57601886399215,68.59819192714679,68.62140522513226,68.64571854457867,68.6711916721161,68.69788439437463,68.7258564979843,68.75516776957522,68.78587799577747,68.8180469632211,68.85173445853616,68.88700026835278,68.92390417930102,68.96250597801097,69.00286532834508,69.04501586744433,69.08893316339606,69.13458492716424,69.18193886971275,69.23096270200548,69.28162413500638,69.33389087967936,69.3877306469883,69.4431111478971,69.50000009336972,69.55836519437003,69.61817416186196,69.6793947068094,69.74199454017625,69.80594137292647,69.87120291602392,69.93774688043251,70.0055409771162,70.07455291703883,70.14475041116438,70.21610117045671,70.28857290587973,70.36213332839739,70.43675014897354,70.51239107857214,70.58902382815708,70.66661610869227,70.74513563114161,70.82455010646902,70.90482724563842,70.98593475961371,71.0678403593588,71.15051175583756,71.23391666001396,71.3180227828519,71.40279791921083,71.48821312539097,71.57424369441931,71.66086520247045,71.74805322571895,71.83578334033942,71.92403112250643,72.0127721483946,72.10198199417846,72.19163623603264,72.28171045013171,72.37218021265028,72.46302109976291,72.55420868764419,72.64571855246872,72.73752627041108,72.82960741764586,72.92193757034764,73.014492304691,73.10724719685055,73.20017782300086,73.29325975931653,73.38646858197212,73.47977986714224,73.57316919100147,73.6666121297244,73.76008425948561,73.8535611564597,73.94701839682124,74.04043155674482,74.13377621240504,74.22702793997647,74.32016231563371,74.41315491555135,74.50598131590395,74.59861709286612,74.69103395859922,74.78314580817766,74.8748220289679,74.96593086344356,75.05634055407825,75.14591934334561,75.23453547371929,75.32205718767287,75.40835272768001,75.49329033621433,75.57673825574946,75.65856472875902,75.73863799771662,75.81682630509593,75.89299789337055,75.9670210050141,76.03876388250023,76.10809476830255,76.17488190489469,76.23899353475028,76.30029790034294,76.35866324414631,76.41395780863401,76.46604983627967,76.5148075695569,76.56009925093934,76.60179312290063,76.63975742791438,76.67386040845422,76.70397030699377,76.72995536600668,76.75168382796654,76.76902393534702,76.78184393062172,76.79001205626427,76.79339655474831,76.79190425178983,76.7857271273805,76.77518496850236,76.76059816500062,76.74228710672045,76.7205721835071,76.69577378520573,76.66821230166155,76.63820812271977,76.60608163822559,76.57215323802419,76.53674331196079,76.50017224988058,76.46276044162876,76.42482827705054,76.38669614599111,76.34868443829566,76.31111354380943,76.27430385237757,76.23857575384531,76.20424963805785,76.17164589486038,76.1410849140981,76.11288708561621,76.08737279925991,76.06486244487442,76.04567641230491,76.0301350913966,76.01855887199468,76.01126814394435,76.00858329709082,76.01082472127929,76.01831280635494,76.03136794216299,76.05031051854863,76.07546092535706
70.06584505732009,69.91251625172092,69.77162157387968,69.64278909404669,69.52564688247224,69.41982300940661,69.32494554510014,69.24064255980306,69.16654212376571,69.10227230723837,69.04746118047132,69.00173681371487,68.96472727721932,68.93606064123496,68.91536497601207,68.90226835180096,68.89639883885191,68.89738450741523,68.90485342774119,68.91843367008012,68.93775330468227,68.96244040179798,68.99212303167751,69.02642926457118,69.06498717072925,69.10742482040204,69.15337028383983,69.20245163129294,69.25429693301164,69.30853425924623,69.364791680247,69.42269726626425,69.48187908754828,69.54196521434936,69.6025837169178,69.66336266550391,69.7239307006708,69.78403736930558,69.8437019762727,69.90298032645902,69.96192822475133,70.02060147603648,70.07905588520124,70.13734725713248,70.19553139671699,70.25366410884159,70.31180119839311,70.36999847025835,70.42831172932416,70.48679678047733,70.54550942860469,70.60450547859305,70.66384073532925,70.72357100370009,70.78375208859238,70.84443979489295,70.90568992748861,70.9675582912662,71.03010069111254,71.0933729319144,71.15743081855865,71.22233015593208,71.28812674892154,71.35487640241382,71.42263492129575,71.49145811045415,71.56140177477582,71.6325217191476,71.70487374845628,71.77851366758871,71.8534972814317,71.92988039487207,72.0077177514938,72.08702283673311,72.16775554023297,72.24987216973935,72.3333290329981,72.41808243775517,72.5040886917565,72.59130410274796,72.67968497847548,72.76918762668498,72.8597683551224,72.95138347153363,73.04398928366459,73.1375420992612,73.23199822606938,73.32731397183503,73.42344564430408,73.52034955122247,73.61798200033607,73.71629929939081,73.81525775613264,73.91481367830744,74.01492337366113,74.11554314993964,74.21662931488888,74.31813817625476,74.42002604178322,74.52224921922016,74.62476401631147,74.72752674080311,74.83049370044098,74.933621202971,75.03686555613908,75.14018306769113,75.24353004537308,75.34686279693085,75.45013635770057,75.55328672399841,75.65623523586514,75.75890285633128,75.86121054842732,75.96307927518377,76.06442999963113,76.1651836847999,76.26526129372061,76.36458378942372,76.46307213493976,76.56064729329924,76.65723022753262,76.75274190067046,76.84710327574322,76.94023531578144,77.03205898381559,77.12249524287617,77.21146505599373,77.29888938619872,77.38468919652168,77.46878544999308,77.55109910964345,77.63155113850328,77.71006249960308,77.78655415597336,77.86094707064461,77.93316220664732,78.00312052701203,78.0707429947692,78.13595057294938,78.19866422458304,78.2588049127007,78.31629360033284,78.37105125050998,78.42299882626263,78.47207465448093,78.51834539183047,78.56193521276188,78.60296856303614,78.6415698884143,78.67786363465729,78.71197424752611,78.74402617278176,78.77414385618525,78.80245174349751,78.82907428047959,78.85413591289245,78.87776108649706,78.90007424705445,78.92119984032558,78.94126231207144,78.96038610805303,78.97869567403134,78.99631545576733,79.01336989902204,79.02998344955641,79.04628055313145,79.06238565550817,79.07842320244751,79.09451763971049,79.11079341305808,79.1273749682513,79.14438675105112,79.16195320721852,79.18019878251448,79.19924792270002,79.21922507353612,79.24025468078375,79.26246119020394,79.28596904755761,79.31090269860582
69.11065913249541,69.0417116852026,68.97833252165537,68.92039245443452,68.8677622961208,68.820312859295,68.77791495653791,68.7404394004303,68.70775700355297,68.67973857848668,68.65625493781221,68.63717689411035,68.62237525996188,68.6117208479476,68.60508447064826,68.60233694064465,68.60334907051755,68.60799167284776,68.61613556021604,68.62765154520318,68.64241044038995,68.66028305835714,68.68114021168553,68.7048527129559,68.73129137474903,68.76032700964572,68.79183043022672,68.82567244907283,68.86172387876482,68.89985553188347,68.93993822100957,68.98184275872391,69.02543995760725,69.07060063024039,69.1171955892041,69.16509564707916,69.21417177511542,69.26432858240564,69.31554572851286,69.36781302782059,69.42112029471235,69.47545734357169,69.53081398878213,69.58718004472718,69.64454532579036,69.70289964635522,69.76223282080528,69.82253466352405,69.88379498889508,69.94600361130186,70.00915034512795,70.07322500475686,70.13821740457213,70.20411735895728,70.27091468229581,70.33859918897127,70.40716069336719,70.47658900986708,70.54687395285448,70.61800533671291,70.6899729758259,70.76276668457696,70.83637627734963,70.91079156852744,70.9860023724939,71.06199850363254,71.1387697763269,71.21630600496049,71.29459700391683,71.37363258757946,71.45340257033192,71.5338967665577,71.6151049041176,71.69701334730004,71.77960409099407,71.86285883807442,71.94675929141582,72.03128715389296,72.1164241283806,72.20215191775345,72.28845222488624,72.37530675265367,72.4626972039305,72.55060528159143,72.63901268851119,72.72790112756451,72.8172523016261,72.90704791357068,72.997269666273,73.08789926260778,73.1789184054497,73.27030879767354,73.36205214215398,73.45413014176577,73.54652449938362,73.63921691788227,73.73218910013642,73.82542274902082,73.91889956741016,74.01260125817922,74.10650952420266,74.20060606835526,74.29487259351168,74.3892908025467,74.48384239833501,74.57850908375136,74.67327256167047,74.76811453496703,74.86301187232024,74.9578691085203,75.05253509558634,75.14685725318333,75.24068300097622,75.33385975862998,75.42623494580951,75.51765598217983,75.60797028740583,75.69702528115246,75.78466838308472,75.87074701286753,75.95510859016579,76.03760053464455,76.11807026596867,76.19636520380314,76.27233276781288,76.34582037766287,76.41667545301809,76.48474541354341,76.54987767890381,76.61191966876427,76.67071880278968,76.72612250064506,76.77797818199531,76.8261332665054,76.87043517384024,76.91073132366483,76.9468691356441,76.978696029443,77.00605942472646,77.02880674115946,77.04678539840694,77.05984281613382,77.06782641400508,77.07058361168566,77.06803120838359,77.0605987614922,77.04894564814128,77.03373232951591,77.0156192668012,76.99526692118229,76.97333575384425,76.95048622597221,76.92737879875128,76.90467393336655,76.88303209100314,76.86311373284616,76.8455793200807,76.83108931389191,76.82030417546483,76.81388436598465,76.8124903466364,76.81678257860523,76.82742152307625,76.84506764123458,76.87038139426528,76.90402324335349,76.94665364968432,76.99893307444287,77.06152197881423,77.13508082398357,77.22027007113593,77.31775018145643,77.42818161613022,77.55222483634236,77.69054030327797,77.84378847812218,78.01262982206009,78.19772479627679,78.3997338619574,78.61931748028701
68.68584951290194,68.67778063966469,68.67217412730281,68.66898364529067,68.6681628631026,68.66966545021296,68.67344507609612,68.67945541022644,68.68765012207825,68.69798288112594,68.71040735684385,68.72487721870633,68.74134613618774,68.75976777876244,68.7800958159048,68.80228391708914,68.82628575178987,68.85205498948129,68.87954529963778,68.9087103517337,68.93950381524341,68.97187935964126,69.00579065440161,69.0411913689988,69.07803517290719,69.11627573560116,69.15586672655505,69.19676181524324,69.23891467114002,69.28227896371982,69.32680836245694,69.3724565368258,69.41917715630069,69.46692389035601,69.51565040846609,69.5653103801053,69.61585753960381,69.66725937072242,69.71951403401776,69.77262384081796,69.82659110245113,69.8814181302454,69.9371072355289,69.99366072962975,70.05108092387609,70.10937012959603,70.16853065811772,70.22856482076928,70.2894749288788,70.35126329377447,70.41393222678435,70.47748403923661,70.54192104245938,70.60724554778078,70.67345986652892,70.74056631003192,70.80856718961796,70.8774648166151,70.94726150235151,71.01795955815531,71.08956129535461,71.16206902527757,71.23548505925227,71.30981170860689,71.3850512846695,71.46120609876827,71.53827846223132,71.61627068638676,71.69518508256273,71.77502396208736,71.85578963628875,71.93748441649507,72.02011011335536,72.10364907362053,72.18805835974936,72.27329334440878,72.35930940026576,72.44606189998724,72.53350621624018,72.62159772169154,72.71029178900825,72.7995437908573,72.88930909990562,72.97954308882015,73.07020113026788,73.16123859691572,73.25261086143067,73.34427329647966,73.43618127472963,73.52829016884756,73.6205553515004,73.7129321953551,73.80537607307859,73.89784235733785,73.99028642079982,74.08266363613147,74.17492937599975,74.2670390130716,74.35894792001399,74.45061146949386,74.54198503417815,74.63302398673385,74.7236836998279,74.81391954612724,74.90368689829883,74.99294112900964,75.08163761092659,75.16973171671667,75.25718067642875,75.34396951204884,75.43010463985115,75.51559302644533,75.60044163844098,75.68465744244772,75.76824740507514,75.85121849293292,75.93357767263062,76.01533191077787,76.09648817398433,76.17705342885955,76.2570346420132,76.33643878005488,76.41527280959419,76.49354369724075,76.57125840960421,76.64842391329417,76.72504717492025,76.80113516109203,76.87669483841918,76.9517331735113,77.026257132978,77.10027368342891,77.17378979147362,77.24681242372178,77.31934854678299,77.39140512726688,77.46298913178305,77.53410752694113,77.60476727935072,77.67497535562147,77.74473872236295,77.81406434618484,77.88295919369669,77.95143023150818,78.0194442712589,78.0866713542636,78.15264850849893,78.21691213452017,78.27899863288258,78.33844440414143,78.39478584885198,78.44755936756954,78.49630136084933,78.54054822924665,78.57983637331675,78.61370219361491,78.6416820906964,78.6633124651165,78.67812971743045,78.68567024819355,78.68547045796105,78.67706674728821,78.65999551673032,78.63379316684264,78.59799609818045,78.552140711299,78.49576340675358,78.42840058509945,78.34958864689187,78.25886399268613,78.15576302303747,78.03982213850118,77.91057773963254,77.7675662269868,77.61032400111922,77.43838746258508,77.25129301193967,77.04857704973824,76.82977597653606,76.59442619288838
69.06394195650384,68.97599052438531,68.89694502686527,68.82653210857075,68.76447841412882,68.71051058816649,68.66435527531083,68.62573912018885,68.59438876742763,68.5700308616542,68.5523920474956,68.54119896957886,68.53617827253105,68.53705660097918,68.54356059955033,68.55541691287152,68.5723521855698,68.5940930622722,68.62036618760577,68.65089820619755,68.6854157626746,68.72364550166395,68.76531406779264,68.81014810568772,68.85787425997621,68.9082191752852,68.96090949624168,69.01567186747273,69.07223293360538,69.13031933926666,69.18965772908363,69.24997474768334,69.31099703969281,69.3724512497391,69.43406402244925,69.4955620024503,69.55667228930633,69.61721842923566,69.67723915368042,69.73680231005379,69.79597574576898,69.85482730823921,69.91342484487764,69.9718362030975,70.03012923031199,70.0883717739343,70.14663168137763,70.2049768000552,70.2634749773802,70.32219406076581,70.38120189762526,70.44056633537174,70.50035522141846,70.5606364031786,70.62147772806539,70.682947043492,70.74511219687166,70.80804103561758,70.87180140714291,70.93646115886088,71.00208813818469,71.06875019252755,71.13651516930264,71.20545091592318,71.27562527980237,71.3471061083534,71.41996124898948,71.4942585491238,71.57006585616958,71.64745101754,71.72648188064827,71.8072262929076,71.88975040161452,71.97405426203048,72.06005207352565,72.14765229757649,72.23676339565944,72.32729382925098,72.41915205982755,72.51224654886562,72.60648575784163,72.70177814823202,72.79803218151329,72.89515631916187,72.99305902265421,73.09164875346677,73.19083397307601,73.29052314295839,73.39062472459035,73.49104717944836,73.59169896900887,73.69248855474834,73.79332439814321,73.89411496066997,73.99476870380504,74.09519408902487,74.19529957780595,74.29499363162472,74.39418471195764,74.49278128028115,74.5906917980717,74.68782472680579,74.78408852795984,74.87939166301031,74.97364259343365,75.06674978070633,75.1586216863048,75.2491667717055,75.33829744767422,75.4259852180463,75.51224707661913,75.59710118734985,75.68056571419561,75.76265882111359,75.84339867206091,75.92280343099478,76.00089126187233,76.07768032865069,76.15318879528706,76.2274348257386,76.30043658396242,76.37221223391573,76.44277993955566,76.51215786483938,76.58036417372404,76.64741703016679,76.7133345981248,76.77813504155522,76.84183652441523,76.90445721066195,76.96601526425256,77.02652884914423,77.08601612929408,77.1444952686593,77.20198443119705,77.25850178086445,77.3140654816187,77.36869369741694,77.42240459221632,77.47521632997402,77.52714707464717,77.57821499019295,77.6284382405685,77.677834989731,77.72644474013431,77.77446469905973,77.82216275755897,77.86980714009773,77.91766607114174,77.96600777515668,78.0151004766083,78.06521239996229,78.11661176968438,78.16956681024027,78.2243457460957,78.28121680171634,78.34044820156794,78.4023081701162,78.46706493182684,78.53498671116556,78.6063417325981,78.68139822059014,78.76042439960742,78.84368849411564,78.93145872858052,79.02400332746778,79.12159051524313,79.22448851637226,79.33296555532092,79.4472898565548,79.56772964453963,79.69455314374112,79.82802857862495,79.96842417365689,80.11600815330262,80.27104874202786,80.43381416429833,80.60457264457973,80.78359240733778,80.9711416770382
69.37540361740568,69.18952442833869,69.02070206631018,68.86837393299496,68.73197743006786,68.61094995920367,68.50472892207723,68.41275172036337,68.33445575573688,68.2692784298726,68.21665714444534,68.17602930112992,68.14683230160115,68.12850354753384,68.12048044060285,68.12220038248294,68.13310077484897,68.15261901937575,68.18019251773809,68.21525867161081,68.25725488266875,68.30561855258668,68.35978708303946,68.4191978757019,68.48328833224879,68.551495854355,68.6232578436953,68.69801170194452,68.7751948307775,68.85424463186904,68.93459850689395,69.01569385752707,69.09696808544321,69.17785859231716,69.25780277982379,69.33623804963788,69.4126027620072,69.4865384946391,69.55814023023352,69.62756430015742,69.69496703577776,69.76050476846154,69.82433382957572,69.88661055048725,69.94749126256313,70.00713229717032,70.0656899856758,70.12332065944652,70.18018064984946,70.23642628825161,70.29221390601991,70.34769983452136,70.40304040512292,70.45839194919157,70.51391079809426,70.56975328319798,70.6260757358697,70.68303448747639,70.74078586938501,70.79948621296255,70.85929184957597,70.92035911059224,70.98284432737833,71.04690383130124,71.1126939537279,71.1803710260253,71.25009137956042,71.32201134570022,71.39628725581169,71.47307544126176,71.55253223341744,71.63481396364568,71.720073465793,71.80832760759756,71.89941663201373,71.99316897786426,72.08941308397193,72.18797738915953,72.28869033224981,72.39138035206554,72.49587588742949,72.60200537716445,72.70959726009318,72.81847997503843,72.92848196082299,73.03943165626964,73.15115750020114,73.26348793144024,73.37625138880975,73.48927631113241,73.602391137231,73.7154243059283,73.82820425604706,73.94055942641008,74.05231825584009,74.1633091831599,74.27336064719226,74.38230108675994,74.48995894068572,74.59616264779237,74.70074064690264,74.80352137683933,74.90433327642519,75.00300478448301,75.09936433983555,75.19324038130556,75.28446134771585,75.37285567788915,75.45826166515258,75.54066505541623,75.62016510388065,75.69686398559952,75.77086387562649,75.84226694901521,75.91117538081939,75.97769134609264,76.04191701988867,76.1039545772611,76.16390619326364,76.22187404294993,76.27796030137364,76.33226714358844,76.38489674464797,76.43595127960593,76.48553292351596,76.53374385143174,76.58068623840693,76.62646225949517,76.67117408975017,76.71492390422556,76.75781387797501,76.7999461860522,76.84142300351078,76.88234650540443,76.9228188667868,76.96294226271155,77.00281886823237,77.0425508584029,77.08224040827682,77.12198969290777,77.16190088734946,77.20207616665552,77.24261770587961,77.28362768007541,77.32521592893073,77.36754893857005,77.41081858421845,77.4552168608609,77.50093576348239,77.54816728706791,77.59710342660244,77.64793617707099,77.70085753345849,77.75605949074998,77.8137340439304,77.87407318798475,77.93726891789802,78.0035132286552,78.07299811524125,78.14591557264117,78.22245759583996,78.30281617982256,78.38718331957399,78.47575101007922,78.56871124632325,78.66625602329104,78.76857733596759,78.87586717933787,78.98831754838689,79.10612043809961,79.22946784346102,79.3585517594561,79.49356418106984,79.63469710328724,79.78214252109325,79.93609242947288,80.09673882341112,80.2642736978929,80.43888904790327,80.62077686842719
68.48883054754249,68.46669037605851,68.44805457640925,68.43283753161714,68.42095362470458,68.41231723869402,68.40684275660783,68.40444456146847,68.40503703629832,68.40853456411985,68.41485152795543,68.4239023108275,68.43560129575847,68.44986286577077,68.4666014038868,68.48573129312899,68.50716691651975,68.53082265708152,68.55661289783669,68.58445202180768,68.61425441201692,68.64593445148684,68.67940652323982,68.71458501029832,68.75138429568473,68.78971876242147,68.82950279353096,68.87065077203565,68.9130770809579,68.95669610332017,69.00142222214485,69.0471698204544,69.0938532812712,69.14138698761766,69.18968532251625,69.23866266898933,69.28823355807928,69.33834390105207,69.38900962259717,69.44025612067917,69.49210879326259,69.544593038312,69.59773425379194,69.65155783766697,69.70608918790163,69.76135370246048,69.81737677930808,69.87418381640896,69.93180021172768,69.9902513632288,70.04956266887686,70.10975952663641,70.17086733447202,70.23291149034823,70.29591739222958,70.35991043808065,70.42491602586597,70.49095955355008,70.55806641909756,70.62626202047294,70.69557175564078,70.76602102256564,70.83763521921205,70.91043974354457,70.98445999352776,71.05972136712617,71.13624926230435,71.21406907702683,71.2932062092582,71.37368605696298,71.45553401810574,71.53877549065102,71.62343468145392,71.70948949298959,71.79685767670583,71.88545296405601,71.97518908649359,72.06597977547192,72.15773876244442,72.2503797788645,72.34381655618553,72.43796282586094,72.5327323193441,72.62803876808844,72.72379590354734,72.81991745717421,72.91631716042245,73.01290874474546,73.10960594159664,73.20632248242939,73.3029720986971,73.39946852185318,73.49572548335104,73.59165671464405,73.68717594718564,73.7821969124292,73.87663334182812,73.97039896683582,74.06340751890568,74.15557272949111,74.24680833004551,74.33702805202229,74.42614562687483,74.51407478605654,74.60072926102082,74.68602278322108,74.7698690841107,74.85218189514309,74.93287948774368,75.0119480647711,75.08942612283585,75.16535350372533,75.23977004922685,75.31271560112785,75.38423000121566,75.45435309127765,75.5231247131012,75.5905847084737,75.65677291918252,75.72172918701503,75.78549335375857,75.84810526120057,75.90960475112837,75.97003166532934,76.02942584559085,76.0878271337003,76.14527537144505,76.20181040061246,76.25747206298993,76.3123002003648,76.36633465452448,76.41961526725632,76.47218188034768,76.52407433558594,76.57533247475851,76.6259961396527,76.67610517205597,76.72569941375559,76.77481870653901,76.82350289219357,76.87179181250666,76.91972530926564,76.96734322425787,77.01468539927075,77.06179226352208,77.10870858770753,77.15548108838607,77.20215649129523,77.2487815221726,77.29540290675573,77.34206737078213,77.3888216399894,77.43571244011508,77.48278649689672,77.5300905360719,77.57767128337812,77.62557546455301,77.67384980533404,77.7225410314588,77.77169586866486,77.82136104268977,77.87158327927108,77.92240930414633,77.97388584305307,78.02605962172888,78.0789773659113,78.13268580133789,78.18723165374621,78.24266164887379,78.29902251245818,78.35636097023698,78.4147237479477,78.47415757132794,78.53470916611519,78.59642525804705,78.65935257286105,78.72353783629478,78.78902777408575,78.85586911197154,78.9241085756897
68.65548095254869,68.5498044459215,68.45687504983479,68.37624589819018,68.30747012488928,68.25010086383367,68.20369124892497,68.16779441406482,68.14196349315479,68.12575162009651,68.11871192879157,68.12039755314161,68.13036162704822,68.148157284413,68.17333765913757,68.20545588512354,68.24406509627252,68.28871842648611,68.33896900966595,68.3943699797136,68.4544744705307,68.51883561601886,68.58700655007968,68.65854040661476,68.73299031952574,68.8099094227142,68.88885085008175,68.96936773553001,69.0510132129606,69.1333404162751,69.21590247937513,69.29825253616232,69.37994372053826,69.46052916640456,69.53956200766282,69.61659537821468,69.69118323384366,69.7630537693058,69.83232392951736,69.89916325983913,69.9637413056319,70.02622761225646,70.0867917250736,70.1456031894441,70.20283155072876,70.25864635428836,70.31321714548369,70.36671346967556,70.41930487222471,70.47116089849199,70.52245109383814,70.57334500362397,70.62401217321026,70.6746221479578,70.72534447322741,70.77634869437983,70.82780435677587,70.87988100577633,70.93274818674199,70.98657544503362,71.04153232601203,71.09778837503802,71.15551313747235,71.21487615867582,71.27604698400923,71.33919515883335,71.40449022850899,71.47210173839692,71.54219923385794,71.61495226025282,71.69053036294238,71.76910308728739,71.8508363553451,71.93575523324745,72.02370181029745,72.11450594714857,72.20799750445437,72.30400634286833,72.40236232304396,72.5028953056348,72.60543515129432,72.70981172067606,72.81585487443353,72.92339447322024,73.0322603776897,73.14228244849541,73.25329054629091,73.36511453172969,73.47758426546527,73.59052960815117,73.70378042044088,73.81716656298792,73.93051789644582,74.04366428146807,74.1564355787082,74.26866164881969,74.3801723524561,74.4907975502709,74.60036710291763,74.70871087104977,74.81565871532086,74.92104049638442,75.02468607489394,75.12642531150293,75.2260880668649,75.32350420163338,75.41850357646189,75.51091605200392,75.60058154430622,75.6874904278923,75.77174890051893,75.8534661393187,75.93275132142419,76.00971362396795,76.08446222408259,76.15710629890064,76.22775502555473,76.29651758117737,76.3635031429012,76.42882088785875,76.4925799931826,76.55488963600534,76.61585899345954,76.67559724267777,76.73421356079261,76.79181712493663,76.8485171122424,76.90442269984251,76.95964306486952,77.01428738445601,77.06846483573455,77.12228459583773,77.1758558418981,77.22928775104826,77.28268950042076,77.33617026714819,77.38983922836314,77.44380556119815,77.49817844278581,77.5530670502587,77.6085805607494,77.66482815139047,77.72191899931448,77.77996228165402,77.83904707807105,77.8991139353587,77.96003682743871,78.02168941420983,78.08394535557082,78.1466783114204,78.20976194165733,78.27306990618037,78.33647586488826,78.39985347767974,78.46307640445356,78.52601830510848,78.58855283954324,78.65055366765658,78.71189444934727,78.77244884451403,78.83209051305563,78.89069311487081,78.94813030985833,79.00427575791691,79.05900311894533,79.11218605284232,79.16369821950661,79.21341327883698,79.26120489073217,79.30694671509093,79.350512411812,79.39177564079412,79.43061006193606,79.46688933513656,79.50048712029435,79.5312770773082,79.55913286607685,79.58392814649905,79.60553657847355,79.62383182189907
68.976504620679,68.85505781911263,68.74489542990014,68.64566431835564,68.55701134979323,68.47858338952702,68.41002730287109,68.35098995513954,68.3011182116465,68.26005893770605,68.2274589986323,68.20296525973933,68.18622458634127,68.17688384375221,68.17458989728624,68.17898961225747,68.18972985398,68.20645748776792,68.22881937893534,68.25646239279638,68.28903339466511,68.32617924985566,68.36754682368209,68.41278298145855,68.4615345884991,68.51344851011785,68.56817161162893,68.6253507583464,68.6846328155844,68.74566464865698,68.80809312287829,68.87156510356242,68.93572745602344,69.0002270455755,69.06471073753265,69.12882539720903,69.19221847170647,69.25466074712897,69.31619819518436,69.37691402199626,69.43689143368822,69.49621363638386,69.55496383620675,69.61322523928048,69.67108105172865,69.72861447967483,69.78590872924262,69.84304700655561,69.90011251773738,69.95718846891153,70.01435806620162,70.07170451573128,70.12931102362407,70.18726079600359,70.24563703899341,70.30452295871713,70.36400176129835,70.42415665286065,70.48507083952761,70.54682752742282,70.60950992266987,70.67320123139235,70.73798465971385,70.80394341375795,70.87116069964826,70.93971972350833,71.00970369146178,71.08119580963219,71.15427928414314,71.22903732111824,71.30555312668105,71.38390990695517,71.46418908124265,71.5464026061578,71.6304722038267,71.71631356585274,71.8038423838393,71.89297434938972,71.98362515410739,72.07571048959566,72.16914604745791,72.26384751929751,72.35973059671784,72.45671097132224,72.55470433471409,72.65362637849677,72.75339279427362,72.85391927364805,72.9551215082234,73.05691518960305,73.15921600939035,73.26193965918868,73.36500183060141,73.46831821523192,73.57180450468357,73.6753763905597,73.77894956446373,73.88243971799899,73.98576254276887,74.08883373037672,74.19156897242593,74.29388396051984,74.39569438626184,74.4969159412553,74.59746431710357,74.69725520541004,74.79620429777808,74.89422728581101,74.99124245275014,75.08720686041792,75.18210742246556,75.27593182043695,75.36866773587599,75.46030285032656,75.55082484533253,75.64022140243776,75.72848020318622,75.81558892912172,75.90153526178818,75.9863068827295,76.06989147348952,76.15227671561219,76.23345029064134,76.3133998801209,76.39211316559474,76.46957782860673,76.54578155070077,76.62071201342076,76.69435689831056,76.76670388691409,76.8377406607752,76.9074549014378,76.97583429044579,77.04286650934301,77.1085392396734,77.1728401629808,77.23575696080916,77.29727731470228,77.35738890620412,77.41607941685854,77.47333652820942,77.52914792180067,77.58350127917615,77.63638428187974,77.68778092914458,77.7376480056255,77.78593009832291,77.83257173670106,77.87751745022422,77.92071176835667,77.96209922056266,78.00162433630649,78.03923164505238,78.07486567626465,78.10847095940754,78.13999202394533,78.16937339934228,78.19655961506265,78.22149520057076,78.2441246853308,78.26439259880709,78.2822434704639,78.29762182976549,78.31047220617612,78.32073912916005,78.32836712818158,78.33330073270496,78.33548447219445,78.33486287611436,78.3313804739289,78.32498179510237,78.31561136909906,78.30321372538319,78.28773339341907,78.26911490267094,78.2473027826031,78.22224156267978,78.19387577236529,78.16214994112386,78.12700859841979
69.48849710945775,69.3693656954513,69.2609388802594,69.16288703567135,69.07488053347643,68.99658974546392,68.92768504342311,68.86783679914329,68.81671538441374,68.77399117102375,68.73933453076262,68.71241583541959,68.69290545678399,68.6804737666451,68.67479113679218,68.67552793901456,68.68235454510148,68.69494132684223,68.7129586560261,68.73607690444243,68.76396644388042,68.7962976461294,68.83274088297867,68.87296652621748,68.91664494763515,68.96344651902093,69.01304161216413,69.06510059885403,69.11929385087993,69.17529174003107,69.23276463809678,69.29138291686633,69.35081694812902,69.41073710367411,69.47081375529089,69.53071727476868,69.59011856910305,69.64880200903556,69.70680511791045,69.76419967227827,69.8210574486896,69.87745022369504,69.93344977384513,69.98912787569043,70.04455630578153,70.09980684066898,70.15495125690335,70.2100613310352,70.26520883961516,70.3204655591937,70.37590326632147,70.43159373754901,70.48760874942687,70.54402007850564,70.60089950133587,70.65831879446816,70.71634973445306,70.77506409784112,70.83453366118295,70.89483020102907,70.95602549393008,71.01819131643654,71.08139944509902,71.14572165646808,71.21122972709432,71.27799543352825,71.3460905523205,71.41558686002159,71.48655613318212,71.55907014835265,71.63320068208373,71.70901951092594,71.78659664666989,71.8659334960624,71.94694234547183,72.02952952520171,72.11360136555552,72.19906419683679,72.28582434934899,72.37378815339561,72.46286193928017,72.55295203730617,72.64396477777709,72.73580649099645,72.82838350726774,72.92160215689445,73.01536877018009,73.10958967742818,73.20417120894217,73.29901969502559,73.39404146598193,73.4891428521147,73.58423018372739,73.6792097911235,73.77398800460654,73.86847115447998,73.96256557104735,74.05617758461213,74.14921352547783,74.24157972394795,74.33318251032597,74.4239282149154,74.51372316801974,74.6024736999425,74.69008614098716,74.77646682145723,74.86152207165621,74.9451582218876,75.02728748257948,75.10791004824645,75.1870938437271,75.26490853611918,75.3414237925204,75.41670928002853,75.49083466574129,75.5638696167564,75.63588380017164,75.70694688308473,75.7771285325934,75.84649841579537,75.9151261997884,75.98308155167025,76.05043413853863,76.11725362749127,76.18360968562591,76.24957198004032,76.31521017783218,76.38059394609928,76.44579295193932,76.51087686245008,76.57591534472925,76.6409780658746,76.70613469298385,76.77145489315475,76.83700833348504,76.90286468107244,76.9690936030147,77.03576476640956,77.10294783835474,77.17071248594799,77.23912837628704,77.30826517646966,77.37819255359352,77.44898017475643,77.52065292291564,77.5929046982405,77.66528105343511,77.7373268414514,77.80858691524128,77.87860612775667,77.94692933194948,78.01310138077164,78.07666712717506,78.13717142411164,78.19415912453334,78.24717508139204,78.29576414763969,78.33947117622819,78.37784102010944,78.41041853223538,78.43674856555793,78.45637597302901,78.46884560760051,78.4737023222244,78.47049096985253,78.45875640343687,78.4380434759293,78.4078970402818,78.3678619494462,78.31748305637448,78.25630521401854,78.18387327533031,78.0997320932617,78.0034265207646,77.89450141079097,77.7725016162927,77.63697199022172,77.48745738552995,77.3235026551693,77.14465265209168
69.853294122642,69.65844762792561,69.47941847219376,69.31572478176443,69.16688468295565,69.03241630208544,68.91183776547179,68.8046671994327,68.71042273028618,68.62862248435026,68.55878458794294,68.5004271673822,68.45306834898608,68.41622625907257,68.38941902395968,68.37216476996541,68.36398162340778,68.3643877106048,68.37290115787447,68.3890400915348,68.41232263790378,68.44226692329944,68.47839107403979,68.52021321644281,68.56725147682653,68.61902398150895,68.67504885680808,68.73484422904193,68.79792822452849,68.8638189695858,68.93203459053183,69.0020932136846,69.07351296536214,69.14581197188242,69.21850835956349,69.29112025472331,69.36316651618236,69.43432129327596,69.5046052089883,69.57408576645904,69.64283046882777,69.71090681923417,69.77838232081783,69.84532447671842,69.91180079007556,69.97787876402889,70.04362590171803,70.10910970628264,70.17439768086233,70.23955732859673,70.3046561526255,70.36976165608824,70.43494134212463,70.50026271387426,70.56579327447679,70.63160052707183,70.69775197479902,70.76431512079802,70.83135746820844,70.89894652016993,70.9671497798221,71.03603475030461,71.10566893475708,71.17611983631913,71.24745495813042,71.31974180333057,71.39304787505922,71.46744067645602,71.54298771066057,71.61975648081251,71.6978144900515,71.77722924151715,71.85806672355005,71.94033403667817,72.02396178407793,72.10887545647901,72.19500054461112,72.28226253920394,72.37058693098716,72.45989921069047,72.55012486904354,72.64118939677607,72.73301828461777,72.8255370232983,72.91867110354734,73.01234601609461,73.10648725166978,73.20102030100254,73.29587065482258,73.39096380385959,73.48622523884325,73.58158045050325,73.67695492956929,73.77227416677104,73.8674636528382,73.96244887850045,74.0571553344875,74.15150851152902,74.24543390035468,74.3388569916942,74.43170327627726,74.52389824483355,74.61536738809274,74.70603619678454,74.79583016163862,74.88467477338467,74.97249552275241,75.05921790047148,75.14476886525766,75.22909734124782,75.3121691616035,75.39395059444509,75.47440790789295,75.55350737006746,75.63121524908902,75.70749781307798,75.78232133015473,75.85565206843965,75.92745629605312,75.99770028111551,76.0663502917472,76.13337259606858,76.19873346220001,76.26239915826189,76.32433595237457,76.38451011265845,76.4428879072339,76.49943560422129,76.55411947174102,76.60690577791345,76.65776079085897,76.70665077869795,76.75354200955077,76.7984007515378,76.84119327277944,76.88188584139604,76.920444725508,76.95683619323569,76.99102651269949,77.02298195201978,77.05266877931693,77.08005326271132,77.10510167032334,77.12778027027335,77.1480878213541,77.16626320873362,77.18265294293218,77.19760404213673,77.21146352453427,77.22457840831176,77.23729571165617,77.24996245275453,77.26292564979377,77.2765323209609,77.29112948444288,77.30706415842671,77.32468336109936,77.34433411064781,77.36636342525904,77.39111832312004,77.41894582241777,77.45019294133922,77.4852066980714,77.52433411080123,77.56792219771575,77.6163179770019,77.66986846684668,77.72892068543706,77.79382165096004,77.86491838160258,77.94255789555166,78.02708721099427,78.11885334611738,78.21820331910797,78.32548414815304,78.44104285143956,78.5652264471545,78.69838195348485,78.8408563886176,78.9929967707397
67.87391027842204,67.92777367107732,67.97879854234858,68.02713337854416,68.07292666597252,68.11632689094196,68.15748253976096,68.19654209873786,68.23365405418107,68.26896689239896,68.30262909969994,68.33478916239241,68.36559556678472,68.39519679918533,68.42374134590256,68.45137769324481,68.47825432752052,68.50451973503806,68.53032240210578,68.55581081503212,68.58113346012547,68.60643882369419,68.63187539204668,68.65759165149134,68.68373608833656,68.71045718889073,68.73790343946223,68.76622332635947,68.79556533589081,68.82607795436468,68.85790966808946,68.89120896337351,68.92612432652527,68.96280424385307,69.00139720166538,69.04205168627053,69.08491588586935,69.13007478985708,69.17747238274671,69.22703357016658,69.27868325774494,69.33234635111012,69.3879477558904,69.44541237771404,69.50466512220939,69.56563089500472,69.62823460172831,69.69240114800849,69.75805543947351,69.82512238175173,69.8935268804714,69.96319384126082,70.03404816974827,70.10601477156209,70.17901855233055,70.25298441768194,70.32783727324457,70.40350202464671,70.4799035775167,70.55696683748278,70.63461671017328,70.71277810121649,70.7913759162407,70.8703350608742,70.94958044074531,71.02903696148229,71.10862952871346,71.18828304806712,71.26792242517158,71.34747256565507,71.42685837514594,71.50600475927246,71.5848378893447,71.66333314005055,71.74152980300605,71.8194714415032,71.89720161883392,71.97476389829018,72.05220184316391,72.12955901674712,72.20687898233172,72.28420530320967,72.36158154267294,72.43905126401347,72.51665803052323,72.59444540549416,72.67245695221823,72.75073623398737,72.82932681409356,72.90827225582875,72.9876161224849,73.06740197735395,73.14767338372786,73.2284739048986,73.30984710415811,73.39183654479834,73.47448579011126,73.55783840338883,73.64193794792298,73.72682798700568,73.81255208392886,73.89915380198453,73.9866767044646,74.07516435466103,74.16466031586579,74.25520815137084,74.34685142446811,74.43963369844957,74.53359288286102,74.62868229045385,74.72479011119962,74.82180285988586,74.91960705130008,75.01808920022978,75.1171358214625,75.2166334297857,75.31646853998696,75.41652766685374,75.51669732517358,75.616864029734,75.7169142953225,75.81673463672658,75.91621156873379,76.01523160613161,76.11368126370756,76.21144705624917,76.30841549854394,76.40447310537938,76.49950639154301,76.59340187182235,76.6860460610049,76.77732547387818,76.8671266252297,76.95533602984699,77.04184020251753,77.12652565802887,77.20927891116851,77.28998647672394,77.36853486948272,77.44481060423232,77.51870019576026,77.59009015885408,77.65886700830129,77.72491725888936,77.78813741395874,77.84849779849834,77.90600182457857,77.96065306034092,78.01245507392687,78.06141143347794,78.10752570713564,78.15080146304145,78.1912422693369,78.22885169416347,78.26363330566267,78.29559067197602,78.32472736124498,78.35104694161109,78.37455298121584,78.39524904820074,78.41313871070727,78.42822553687697,78.4405130948513,78.45000495277179,78.45670467877994,78.46061584101724,78.4617420076252,78.46008674674533,78.45565362651912,78.44844621508807,78.43846808059371,78.4257227911775,78.41021391498097,78.39194502014563,78.37091967481295,78.34714144712446,78.32061390522166,78.29134061724604,78.25932515133911,78.22457107564237
68.84464061424787,68.7131028974478,68.59453743713242,68.48852690003598,68.3946539528928,68.31250126243715,68.24165149540333,68.18168731852563,68.13219139853834,68.09274640217573,68.06293499617213,68.04233984726179,68.030543622179,68.02712898765806,68.03167861043327,68.04377515723891,68.06300129480927,68.08893968987861,68.12117300918125,68.15928391945148,68.20285508742359,68.25146917983186,68.30470886341057,68.36215680489401,68.42339567101648,68.48800812851228,68.55557684411566,68.62568448456095,68.69791371658242,68.77184720691436,68.84706762229105,68.92315762944679,68.99969989511588,69.07627708603259,69.1524718689312,69.22786691054603,69.302045553165,69.37473435645086,69.44597941694501,69.51587006662275,69.5844956374594,69.65194546143027,69.71830887051064,69.78367519667584,69.84813377190119,69.91177392816195,69.97468499743346,70.03695631169103,70.09867720290995,70.15993700306554,70.2208250441331,70.28143065808793,70.34184317690534,70.40215193256066,70.46244625702916,70.52281548228616,70.58334894030698,70.64413596306692,70.70526588254128,70.76682803070537,70.82891173953448,70.89160634100395,70.95500116708907,71.01918554976514,71.08424882100749,71.15028031279138,71.21736935709217,71.28560528588514,71.3550774311456,71.42587512484886,71.49808769897021,71.57180448548498,71.6471134054454,71.72404753026953,71.80256867976067,71.88263391185674,71.96420028449566,72.04722485561538,72.13166468315382,72.21747682504889,72.30461833923852,72.39304628366065,72.48271771625323,72.57358969495415,72.66561927770135,72.75876352243277,72.85297948708633,72.94822422959996,73.04445480791159,73.14162827995914,73.23970170368054,73.33863213701373,73.43837663789662,73.53889226426716,73.64013607406328,73.74206512522288,73.84463647568391,73.9478071833843,74.05153430626194,74.15577490225482,74.26048602930084,74.36562474533791,74.47114810830399,74.57701317613699,74.68317700677484,74.78959665815546,74.89622918821681,75.00303165489679,75.10995770261925,75.21690989952337,75.32375149512319,75.43034472752123,75.53655183481992,75.64223505512177,75.74725662652929,75.85147878714493,75.95476377507119,76.05697382841053,76.15797118526547,76.25761808373846,76.355776761932,76.45230945794859,76.54707840989069,76.63994585586079,76.73077403396137,76.8194251822949,76.90576153896392,76.98964534207084,77.07093882971822,77.14950424000847,77.22520381104411,77.29789978092762,77.36745438776148,77.4337298696482,77.49658846469023,77.55589241099007,77.6115039466502,77.6632853097731,77.71109873846126,77.75480647081716,77.79427074494328,77.8293537989421,77.85991787091612,77.88582519896784,77.90694985509518,77.92325337118007,77.93473647888322,77.94140009476993,77.94324513540556,77.94027251735542,77.93248315718485,77.91987797145916,77.9024578767437,77.88022378960378,77.85317662660475,77.82131730431192,77.78464673929062,77.7431658481062,77.69687554732397,77.64577675350927,77.5898703832274,77.52915735304373,77.46363857952358,77.39331497923223,77.31818746873508,77.23825696459741,77.15352438338456,77.06399064166189,76.96965665599467,76.87052334294827,76.76659161908802,76.65786240097923,76.54433660518724,76.42601514827737,76.30289894681496,76.17498891736533,76.04228597649382,75.90479104076574,75.76250502674642,75.61542885100123
69.23811199403866,69.12355937809409,69.01891748711941,68.92390229548526,68.83822977756233,68.76161590772125,68.69377666033267,68.63442800976725,68.58328593039563,68.54006639658849,68.50448538271645,68.47625886315018,68.45510281226034,68.44073320441755,68.4328660139925,68.43121721535583,68.43550278287817,68.44543869093022,68.46074091388257,68.48112542610593,68.50630820197094,68.53600521584822,68.56993244210845,68.60780585512228,68.64934142926036,68.69425513889334,68.74226295839188,68.79308086212662,68.84642482446822,68.90201081978732,68.95955482245459,69.01877280684069,69.07938074731625,69.14109461825193,69.20363039401839,69.26670404898627,69.33003198496172,69.39342122007373,69.45688094943579,69.52044772403244,69.5841580948482,69.64804861286764,69.71215582907527,69.77651629445565,69.8411665599933,69.90614317667277,69.97148269547861,70.03722166739533,70.10339664340749,70.17004417449964,70.23720081165628,70.30490310586198,70.37318760810128,70.4420908693587,70.51164944061877,70.58189987286606,70.6528787170851,70.72462252426041,70.79716784537656,70.87055123141806,70.94480923336945,71.0199784022153,71.09609528894012,71.17319644452844,71.25131841996483,71.33049776623382,71.41077103431992,71.49217477520772,71.5747455398817,71.65851987932643,71.74353434452647,71.82982548646632,71.91742863283433,72.00633155567901,72.09646025059065,72.18773658453489,72.28008242447737,72.3734196373837,72.46767009021954,72.5627556499505,72.65859818354222,72.75511955796033,72.85224164017045,72.94988629713822,73.04797539582927,73.14643080320921,73.24517438624372,73.34412801189839,73.44321354713887,73.54235285893077,73.64146781423973,73.7404802800314,73.8393121232714,73.93788521092534,74.03612140995888,74.13394258733764,74.23127061002724,74.32802734499333,74.42413465920153,74.51951441961747,74.61408849320676,74.70777874693509,74.80050704776804,74.89219526267125,74.98276525861036,75.072138902551,75.1602380614588,75.24698460229938,75.33230655188406,75.41622410656673,75.49882841499773,75.58021245096684,75.66046918826383,75.73969160067851,75.81797266200063,75.89540534602,75.97208262652639,76.04809747730957,76.12354287215935,76.1985117848655,76.27309718921781,76.34739205900605,76.42148936802,76.49548209004946,76.56946319888421,76.64352566831401,76.71776247212868,76.79226658411798,76.86713097807169,76.9424486277796,77.0183125070315,77.09481558961716,77.17205084932635,77.25011125994888,77.32908979527454,77.40907942909307,77.4901731351943,77.57246388736799,77.65604465940392,77.74100842509186,77.82744815822163,77.91545683258299,78.00512742196572,78.09655290015962,78.18977625278971,78.28447102170095,78.38014516294258,78.47630585149876,78.57246026235366,78.66811557049144,78.76277895089623,78.85595757855225,78.9471586284436,79.0358892755545,79.12165669486906,79.20396806137147,79.2823305500459,79.35625133587648,79.4252375938474,79.48879649894282,79.54643522614687,79.59766095044375,79.6419808468176,79.6789020902526,79.7079318557329,79.72857731824264,79.74034565276602,79.74274403428718,79.7352796377903,79.71745963825951,79.688791210679,79.64878153003293,79.59693777130545,79.53276710948072,79.4557767195429,79.36547377647616,79.26136545526468,79.14295893089259,79.00976137834407,78.86127997260326
68.85115314805645,68.68986513703217,68.54421171087142,68.41367682685399,68.2977444422597,68.19589851436834,68.10762300045974,68.0324018578137,67.96971904371001,67.91905851542852,67.879904230249,67.85174014545127,67.83405021831516,67.82631840612045,67.82802866614696,67.8386649556745,67.85771123198288,67.88465145235189,67.91896957406135,67.96014955439108,68.00767535062087,68.06103092003055,68.11970021989991,68.18316720750877,68.25091584013693,68.32243007506419,68.39719386957037,68.4746911809353,68.55440596643875,68.63582218336055,68.71842378898049,68.8016947405784,68.88511899543408,68.96818051082734,69.050363244038,69.13115115234584,69.2100290580095,69.28666515879831,69.36113678746536,69.43357663540841,69.50411739402531,69.57289175471385,69.64003240887183,69.70567204789708,69.7699433631874,69.83297904614057,69.89491178815443,69.95587428062677,70.0159992149554,70.07541928253815,70.13426717477279,70.19267558305715,70.25077719878904,70.30870471336627,70.36659081818662,70.42456820464793,70.48276956414797,70.5413275880846,70.60037496785557,70.66004439485874,70.72046856049188,70.78178015615282,70.84411187323934,70.90759640314928,70.97236643728043,71.03855466703061,71.1062937837976,71.17571647897924,71.24695544397332,71.32014337017765,71.39541294899001,71.47289687180827,71.5527252185288,71.63492654693249,71.71939753398107,71.80602604281923,71.89469993659166,71.98530707844307,72.07773533151807,72.1718725589614,72.2676066239177,72.36482538953167,72.463416718948,72.56326847531133,72.66426852176639,72.76630472145781,72.86926493753032,72.97303703312856,73.07750887139723,73.182568315481,73.28810322852456,73.39400147367259,73.50015091406975,73.60643941286074,73.71275483319023,73.8189850382029,73.92501789104344,74.03074125485652,74.13604299278683,74.24081096797903,74.3449330435778,74.44829708272785,74.55079094857383,74.65230250426043,74.75271961293234,74.85193013773423,74.94982194181078,75.04628288830666,75.14120499766693,75.23454249586804,75.32629749482768,75.41647333825631,75.50507336986428,75.59210093336203,75.67755937245998,75.76145203086851,75.84378225229807,75.92455338045902,76.00376875906181,76.08143173181683,76.15754564243451,76.23211383462524,76.30513965209944,76.37662643856751,76.44657753773987,76.51499629332693,76.5818860490391,76.64725014858678,76.71109193568039,76.77341475403033,76.83422194734702,76.89351685934086,76.95130283372227,77.00758321420166,77.06236134448943,77.11564056829602,77.16742422933179,77.21771567130719,77.26651823793262,77.31383527291847,77.35967011997518,77.40402612281314,77.44690662514276,77.48831497067447,77.52829389206028,77.56717723084887,77.60542930445804,77.6435150457578,77.68189938761813,77.72104726290905,77.76142360450055,77.80349334526267,77.84772141806536,77.89457275577867,77.94451229127259,77.99800495741711,78.05551568708225,78.117509413138,78.18445106845436,78.25680558590138,78.335037898349,78.41961293866727,78.51099563972616,78.6096509343957,78.71604375554588,78.83063903604672,78.95390170876821,79.08629670658036,79.22828896235315,79.38034340895662,79.54292497926076,79.71649860613556,79.90152922245103,80.0984817610772,80.30782115488404,80.53001233674156,80.76552023951979,81.0148097960887,81.27834593931831,81.55659360207864
68.30980546332393,68.25227967571077,68.20145049374648,68.15712570230616,68.11911308626493,68.0872204304979,68.06125551988016,68.04102613928684,68.02634007359305,68.0170051076739,68.01282902640448,68.0136196146599,68.01918465731531,68.02933193924576,68.04386924532642,68.06260436043236,68.0853450694387,68.11189915722056,68.14207440865303,68.17567860861124,68.21251954197028,68.25240499360528,68.29514274839134,68.34054059120356,68.38840630691706,68.43854768040696,68.49077249654833,68.54488854021633,68.60070359628605,68.65802544963259,68.71666188513106,68.77642068765658,68.83710964208427,68.89853653328922,68.96050914614653,69.02283526553134,69.08532297856298,69.14784444814084,69.21041479869231,69.27306849827652,69.33584001495257,69.39876381677958,69.46187437181665,69.52520614812292,69.58879361375747,69.65267123677944,69.71687348524794,69.78143482722207,69.84638973076096,69.9117726639237,69.97761809476943,70.04396049135724,70.11083432174625,70.1782740539956,70.24631415616436,70.31498909631166,70.38433334249663,70.45438136277836,70.52516762521597,70.59672659786858,70.6690927487953,70.74230054605523,70.81638445770751,70.89137895181123,70.96731849642552,71.04423755960948,71.12217060942223,71.20115211392287,71.28121654117054,71.36239835922433,71.44473203614335,71.52825203998674,71.61299172538794,71.69894116255844,71.78603419371453,71.87420090326097,71.96337137560255,72.053475695144,72.1444439462901,72.2362062134456,72.32869258101525,72.42183313340384,72.5155579550161,72.60979713025682,72.70448074353075,72.79953887924263,72.89490162179726,72.99049905559937,73.08626126505371,73.18211833456508,73.2780003485382,73.37383739137788,73.46955954748884,73.56509690127584,73.66037953714365,73.75533753949705,73.8499009927408,73.9439999812796,74.0375645895183,74.13052490186156,74.22281100271424,74.31435297648106,74.40508090756676,74.49492488037613,74.58381497931391,74.67168128878488,74.75845389319379,74.84406287694539,74.92844298904917,75.01159877482233,75.09358850891793,75.17447184809414,75.25430844910913,75.33315796872107,75.41108006368809,75.48813439076842,75.5643806067202,75.63987836830161,75.7146873322708,75.78886715538594,75.86247749440524,75.93557800608683,76.00822834718888,76.08048817446956,76.15241714468706,76.22407491459954,76.29552114096516,76.36681548054212,76.43801759008853,76.50918712636262,76.58038374612251,76.65166710612642,76.72309686313248,76.79473267389888,76.86663419518376,76.93886108374532,77.01147299634174,77.08452958973116,77.15809052067173,77.23221544592168,77.30696402223914,77.38239590638231,77.4585707551093,77.53554822517835,77.61335141687378,77.6917332552912,77.77032557220672,77.84875962820162,77.92666668385716,78.00367799975463,78.0794248364753,78.15353845460042,78.22565011471126,78.29539107738908,78.36239260321518,78.42628595277084,78.48670238663728,78.54327316539577,78.59562954962765,78.64340279991409,78.68622417683643,78.72372494097591,78.75553635291384,78.7812896732314,78.80061616250994,78.81314708133071,78.81851369027497,78.816347249924,78.80627902085904,78.78794026366138,78.76096223891228,78.72497620719305,78.67961342908491,78.62450516516914,78.559282676027,78.48357722223979,78.39702006438874,78.29924246305517,78.18987567882031,78.06855097226544
68.71674875698633,68.58949979283439,68.4749538528393,68.37269531620342,68.28230856212909,68.20337796981863,68.13548791847438,68.0782227872987,68.03116695549389,67.99390480226232,67.96602070680632,67.94709904832821,67.93672420603035,67.93448055911506,67.93995248678469,67.95272436824156,67.97238058268805,67.99850550932644,68.0306835273591,68.06849901598837,68.11153635441657,68.15937992184607,68.21161409747916,68.26782326051821,68.32759179016556,68.39050406562352,68.45614446609446,68.5240973707807,68.59394715888457,68.66527820960842,68.7376749021546,68.81072161572541,68.88400272952322,68.95710262275036,69.02960567460916,69.10109626430196,69.17115946559261,69.23952759928453,69.30626151377419,69.37146650939451,69.43524788647842,69.49771094535889,69.55896098636882,69.61910330984114,69.67824321610881,69.73648600550474,69.7939369783619,69.85070143501319,69.90688467579156,69.96259200102993,70.01792871106126,70.07300010621847,70.12791148683449,70.18276815324226,70.23767540577472,70.2927385447648,70.34806287054543,70.40375368344955,70.45991628381009,70.51665597195999,70.57407804823218,70.6322878129596,70.69139056647519,70.75149160911187,70.81269624120257,70.87510976308025,70.93883747507782,71.00398467752824,71.07065667076441,71.13895875511929,71.2089962309258,71.2808743985169,71.35469669058025,71.43049393509463,71.50820264395387,71.5877530257491,71.66907528907147,71.7520996425121,71.83675629466217,71.92297545411276,72.01068732945504,72.09982212928016,72.19031006217922,72.28208133674337,72.37506616156378,72.46919474523153,72.56439729633782,72.66060402347374,72.75774513523044,72.85575084019906,72.95455134697075,73.05407686413663,73.15425760028783,73.25502376401552,73.35630556391081,73.45803320856484,73.56013690656876,73.6625468665137,73.76519329699079,73.86800640659116,73.97091640390597,74.07385349752637,74.17674789604345,74.2795298080484,74.38212944213231,74.48447700688634,74.58650271090163,74.6881367627693,74.78930935865733,74.88995050884601,74.98999008051896,75.0893579371789,75.18798394232847,75.2857979594704,75.38272985210735,75.478709483742,75.57366671787705,75.66753141801517,75.76023344765906,75.85170267031141,75.9418689494749,76.03066214865221,76.11801213134602,76.20384876105904,76.28810190129393,76.37070141555338,76.4515771673401,76.53065902015675,76.60787683750601,76.6831604828906,76.75643981981317,76.82764471177641,76.89670502228303,76.9635506148357,77.0281113529371,77.09031710008992,77.15009771979686,77.20738307556057,77.26210303088378,77.31418744926914,77.36356619421936,77.41016912923712,77.45392611782509,77.49476702348596,77.53264416547603,77.56767582510548,77.60005466836827,77.62997371212955,77.65762597325443,77.68320446860803,77.70690221505548,77.72891222946191,77.74942752869245,77.76864112961219,77.7867460490863,77.80393530397987,77.82040191115804,77.83633888748594,77.85193924982867,77.86739601505138,77.88290220001919,77.8986508215972,77.91483489665056,77.9316474420444,77.94928147464383,77.96793001131397,77.98778606891995,78.0090426643269,78.03189281439994,78.05652953600418,78.08314584600477,78.11193476126682,78.14308929865547,78.17680247503581,78.213267307273,78.25267681223215,78.29522400677838,78.34110190777683,78.39050353209261,78.44362189659084
69.5287557147451,69.36475474619519,69.21460990125641,69.0779039706189,68.95421974497279,68.84314001500815,68.7442475714151,68.65712520488378,68.58135570610429,68.51652186576673,68.46220647456123,68.41799232317788,68.38346220230682,68.35819890263814,68.34178521486197,68.33380392966842,68.3338378377476,68.34146972978961,68.35628239648457,68.3778586285226,68.40578121659382,68.43963295138833,68.47899662359625,68.52345502390767,68.57259094301273,68.62598717160154,68.68322650036419,68.74389171999081,68.80756562117153,68.87383099459643,68.94227063095562,69.01246732093927,69.08400385523743,69.15646302454022,69.22942761953777,69.30248043092021,69.37520486487637,69.44731481332568,69.51881529908664,69.58975073689638,69.66016554149198,69.73010412761064,69.79961090998947,69.8687303033656,69.93750672247614,70.00598458205826,70.07420829684906,70.1422222815857,70.21007095100532,70.27779871984504,70.34545000284197,70.4130692147333,70.4807007702561,70.54838908414754,70.61617857114473,70.68411364598484,70.75223872340496,70.82059821814227,70.88923654493385,70.95819811851686,71.02752735362844,71.09726866500571,71.16746646738585,71.23816517550591,71.30940920410308,71.38124296791449,71.45371088167724,71.5268573601285,71.6007268180054,71.67536367004504,71.75081233098459,71.82711721556117,71.90432219957026,71.98245020745094,72.06149694708927,72.1414563074432,72.2223221774708,72.30408844613001,72.38674900237885,72.47029773517531,72.55472853347737,72.64003528624306,72.72621188243036,72.81325221099726,72.90115016090175,72.98989962110184,73.07949448055555,73.16992862822082,73.2611959530557,73.35329034401818,73.4462056900662,73.53993588015783,73.63447480325101,73.72981634830379,73.82595440427411,73.92288286012001,74.02059560479947,74.11908652727047,74.21834951649103,74.31837846141914,74.41916725101282,74.52070977423003,74.62299992002878,74.72603157736705,74.82979863520285,74.93429498249421,75.03951450819906,75.14545110127546,75.25209010935123,75.35928907644802,75.4668071631182,75.5744009991497,75.68182721433044,75.78884243844837,75.89520330129142,76.00066643264748,76.10498846230448,76.20792602005037,76.30923573567307,76.40867423896049,76.5059981597006,76.60096412768127,76.69332877269045,76.78284872451607,76.86928061294603,76.9523810677683,77.03190671877078,77.1076141957414,77.17926012846809,77.24660114673878,77.30939388034136,77.3673949590638,77.42036101269403,77.46804867101991,77.51021456382944,77.54661532091052,77.57700757205106,77.60114794703901,77.61879307566227,77.62969958770879,77.63362411296649,77.6303232812233,77.61955372226711,77.60107206588592,77.57475102468683,77.5413212358632,77.50189786094711,77.45759787526472,77.40953825414218,77.35883597290567,77.3066080068813,77.25397133139526,77.20204292177371,77.15193975334276,77.10477880142861,77.0616770413574,77.02375144845527,76.99211899804843,76.96789666546294,76.95220142602506,76.94615025506084,76.95086012789653,76.96744801985824,76.99703090627213,77.04072576246435,77.09964956376106,77.17491928548841,77.26765190297255,77.37896439153965,77.50997372651588,77.66179688322737,77.83555083700026,78.03235256316074,78.25331903703494,78.49956723394902,78.77221412922916,79.07237669820148,79.40117191619214,79.7597167585273,80.14912820053314
68.78614753541191,68.72423672430324,68.66814449945541,68.61772099370855,68.57281633990286,68.53328067087847,68.49896411947559,68.46971681853434,68.44538890089491,68.42583049939746,68.41089174688217,68.40042277618917,68.39427372015867,68.3922947116308,68.39433588344573,68.40024736844364,68.40987929946469,68.42308180934904,68.43970503093686,68.4595990970683,68.48261414058355,68.50860029432278,68.5374076911261,68.56888646383375,68.60288674528583,68.63925866832255,68.67785236578406,68.71851797051052,68.7611056153421,68.80546543311897,68.85144755668128,68.89890211886922,68.94767925252293,68.99762909048259,69.04860176558836,69.1004474106804,69.1530163774037,69.20620540402477,69.26001472348923,69.31445857225117,69.36955118676455,69.42530680348348,69.48173965886193,69.53886398935393,69.59669403141353,69.65524402149477,69.71452819605167,69.77456079153828,69.8353560444086,69.89692819111667,69.95929146811653,70.0224601118622,70.08644835880774,70.15127044540715,70.21694060811448,70.28347308338375,70.350882107669,70.41918191742425,70.48838674910355,70.55851083916089,70.62956842405036,70.70157374022595,70.7745410241417,70.84848451225166,70.92341844100984,70.99935704687029,71.07631456628701,71.15430523571406,71.23334329160546,71.31344297041525,71.39461850859745,71.4768841426061,71.56025324367178,71.64470554746383,71.73017709586777,71.81660101064004,71.9039104135371,71.99203842631535,72.08091817073125,72.17048276854122,72.26066534150169,72.35139901136911,72.4426168998999,72.5342521288505,72.62623781997735,72.71850709503686,72.81099307578549,72.90362888397966,72.99634764137582,73.08908246973039,73.18176649079979,73.27433282634047,73.36671459810887,73.45884492786142,73.55065693735455,73.64208374834469,73.73305848258828,73.82351426184174,73.91338420786153,74.00260144240407,74.09109908722579,74.17881026408313,74.26566809473252,74.35160570093039,74.43655620443319,74.52045272699733,74.60322839037927,74.68481631633543,74.7651521248928,74.84420881760818,74.92198817241403,74.99849270747117,75.07372494094035,75.14768739098238,75.22038257575802,75.29181301342808,75.36198122215333,75.43088972009456,75.49854102541254,75.56493765626807,75.63008213082195,75.69397696723493,75.75662468366781,75.81802779828139,75.87818882923644,75.93711029469374,75.99479471281407,76.05124460175824,76.10646247968702,76.1604508647612,76.21321227514154,76.26474922898888,76.31506424446394,76.36415983972755,76.41203853294047,76.4587028422635,76.50415528585742,76.54839838188302,76.59143464850106,76.63326660387237,76.6738967661577,76.71332765351784,76.75156178411358,76.78860167610569,76.82446718323888,76.85930628005761,76.89332436522803,76.92672710828475,76.95972017876244,76.99250924619572,77.02529998011924,77.05829805006766,77.09170912557559,77.12573887617769,77.1605929714086,77.19647708080295,77.2335968738954,77.27215802022056,77.3123661893131,77.35442705070763,77.39854627393883,77.44492952854131,77.49378248404972,77.54531080999871,77.59972017592291,77.65721625135697,77.71800470583553,77.7822912088932,77.85028143006467,77.92218103888455,77.99819570488748,78.07853109760812,78.1633928865811,78.25298674134105,78.34751833142262,78.44719332636046,78.55221739568921,78.66279620894349,78.77913543565796,78.90144074536727
69.11300876282104,69.01810070143955,68.93344453459903,68.85870532415555,68.79354813196515,68.73763801988393,68.69064004976794,68.65221928347322,68.62204078285586,68.59976960977193,68.58507082607747,68.57760949362857,68.57705067428127,68.58305942989165,68.59530082231578,68.6134399134097,68.63714176502951,68.66607143903124,68.69989399727098,68.73827450160476,68.7808780138887,68.82736959597881,68.87741430973118,68.93067721700187,68.98682337964694,69.04551785952246,69.1064257184845,69.16921201838912,69.23354182109239,69.29908018845035,69.36549218231909,69.43244286455466,69.49959729701312,69.56662054155056,69.63317766002304,69.6989337142866,69.76355434809125,69.82682856669977,69.88882061120312,69.94963196390361,70.00936410710358,70.06811852310534,70.12599669421127,70.18310010272366,70.23953023094485,70.29538856117719,70.35077657572302,70.40579575688464,70.46054758696442,70.51513354826467,70.56965512308773,70.62421379373592,70.6789110425116,70.73384835171709,70.78912720365472,70.84484908062683,70.90111546493574,70.9580278388838,71.01568768477333,71.07419648490666,71.13365572158615,71.19416687711411,71.25583143379289,71.3187508739248,71.38302667981219,71.44876033375739,71.51605331806275,71.58500711503056,71.65572320696319,71.72830307616296,71.80284820493222,71.87946007557328,71.95823783519741,72.03918985036289,72.12220656047883,72.20717052368443,72.29396429811891,72.3824704419215,72.47257151323141,72.56415007018786,72.65708867093007,72.75126987359725,72.84657623632863,72.9428903172634,73.04009467454082,73.13807186630008,73.2367044506804,73.33587498582101,73.43546602986112,73.53536014093994,73.6354398771967,73.73558779677063,73.83568645780092,73.9356184184268,74.03526623678749,74.13451247102223,74.2332396792702,74.33133041967064,74.42866725036274,74.52513272948575,74.62060941517888,74.71497986558134,74.80812663883235,74.89993229307115,74.99027938643692,75.0790504770689,75.16612812310632,75.25139488268837,75.33473994354131,75.4161516916564,75.49569487604573,75.57343621004354,75.649442406984,75.72378018020129,75.79651624302964,75.86771730880324,75.93745009085627,76.00578130252292,76.07277765713742,76.13850586803393,76.20303264854667,76.26642471200982,76.32874877175757,76.39007154112414,76.45045973344372,76.50998006205049,76.56869924027866,76.62668398146242,76.68400099893596,76.74071700603349,76.79689871608919,76.85261284243728,76.90792609841192,76.96290519734734,77.01761685257772,77.07212777743725,77.12650468526013,77.18081428938056,77.23512330313275,77.28949843985086,77.34400641286912,77.39871393552171,77.45368772114283,77.50899448306667,77.56467688307654,77.62059982696249,77.67654854975227,77.73230791066813,77.78766276893232,77.84239798376711,77.89629841439476,77.94914892003752,78.00073435991764,78.0508395932574,78.09924947927902,78.1457488772048,78.19012264625697,78.2321556456578,78.27163273462955,78.30833877239446,78.34205861817482,78.37257713119284,78.39967917067082,78.423149595831,78.44277326589564,78.45833504008701,78.46961977762734,78.4764123377389,78.47849757964397,78.47566036256478,78.4676855457236,78.45435798834268,78.43546254964428,78.41078408885066,78.38010746518408,78.3432175378668,78.29989916612107,78.24993720916915,78.19311652623328,78.12922197653576
68.96468555802777,68.8816687848082,68.80771904475667,68.7425469590992,68.68586314906189,68.63737823587081,68.59680284075203,68.56384758493162,68.53822308963565,68.5196399760902,68.50780886552134,68.50244037915513,68.50324513821766,68.50993376393501,68.52221687753322,68.53980510023838,68.56240905327657,68.58973935787385,68.6215066352563,68.65742150664998,68.69719459328097,68.74053651637536,68.78715789715919,68.83676935685855,68.88908151669952,68.94380499790816,69.00065042171055,69.05932840933275,69.11954958200083,69.18102456094088,69.24346396737897,69.30657842254116,69.37007854765355,69.43367496394217,69.49707829263312,69.55999915495245,69.62214866317957,69.68334203289272,69.74362674787957,69.80308171933875,69.86178585846892,69.91981807646869,69.97725728453673,70.03418239387165,70.09067231567211,70.14680596113675,70.2026622414642,70.2583200678531,70.31385835150212,70.36935600360987,70.42489193537499,70.48054505799612,70.53639428267194,70.59251852060103,70.64899668298207,70.70590768101368,70.76333042589452,70.82134382882322,70.88002680099842,70.93945825361875,70.99971709788286,71.06088224498941,71.123032606137,71.18624709252431,71.25060461534994,71.31618408581258,71.38306441511082,71.45132451444334,71.52104329500875,71.5922996680057,71.66517254463284,71.73974083608881,71.81608197259717,71.8942158114759,71.97408742080226,72.05563687036263,72.13880422994342,72.22352956933106,72.30975295831193,72.39741446667244,72.48645416419902,72.57681212067803,72.66842840589592,72.76124308963907,72.8551962416939,72.9502279318468,73.04627822988418,73.14328720559246,73.24119492875803,73.33994146916731,73.43946689660669,73.53971128086258,73.6406146917214,73.74211719896952,73.8441588723934,73.94667978177938,74.04961999691392,74.15291958758341,74.25651862357427,74.36035717467286,74.46437531066562,74.56851310133894,74.67271061647925,74.77690792587293,74.88104509930642,74.98506220656608,75.08889931743835,75.1924965017096,75.29579438631026,75.3987419346956,75.50129452779417,75.60340771161434,75.70503703216437,75.80613803545259,75.90666626748732,76.00657727427685,76.1058266018295,76.20436979615356,76.30216240325734,76.39915996914918,76.49531803983736,76.59059216133019,76.68493787963598,76.77831074076306,76.8706662907197,76.96196007551423,77.05214764115496,77.14118453365019,77.22902629900824,77.31562848323739,77.40094663234598,77.48493629234231,77.56755300923467,77.6487523290314,77.72848979774079,77.80672096137113,77.88340136593077,77.95848655742797,78.03193208187108,78.1036934852684,78.17372631362821,78.24198611295884,78.3084284292686,78.3730088085658,78.43566180261212,78.49616680256523,78.55423365614087,78.60957188301968,78.66189100288227,78.71090053540931,78.75631000028136,78.7978289171791,78.83516680578315,78.86803318577412,78.89613757683264,78.91918949863935,78.9368984708749,78.94897401321987,78.95512564535491,78.95506288696065,78.94849525771771,78.93513227730674,78.91468346540833,78.88685834170315,78.85136642587179,78.80791723759492,78.75622029655312,78.69598512242706,78.62692123489734,78.54873815364459,78.46114539834946,78.36385248869256,78.25656894435453,78.13900428501597,78.01086803035754,77.87186970005986,77.72171881380353,77.56012489126924,77.38679745213756,77.20144601608914
67.74419551435656,67.73816258238782,67.73556382210168,67.73631328373465,67.74032501752319,67.7475130737038,67.75779150251294,67.7710743541871,67.78727567896277,67.80630952707641,67.82808994876451,67.85253099426355,67.87954671381,67.90905115764036,67.94095837599109,67.97518241909869,68.01163733719962,68.05023718053037,68.09089599932743,68.13352784382725,68.17804676426636,68.22436681088118,68.27240203390824,68.32206648358398,68.3732742101449,68.42593926382749,68.47997569486822,68.53529755350357,68.59181888997001,68.64945375450404,68.70811619734212,68.76772026872075,68.8281800188764,68.88940949804554,68.95132275646466,69.01383384437025,69.07685693393775,69.14033204840565,69.20425688814834,69.26863695763467,69.33347776133355,69.39878480371385,69.46456358924445,69.53081962239423,69.59755840763208,69.66478544942686,69.73250625224746,69.80072632056277,69.86945115884166,69.93868627155301,70.0084371631657,70.0787093381486,70.14950830097061,70.22083955610061,70.29270860800746,70.36512096116006,70.43808212002727,70.51159758907801,70.5856728727811,70.66031347560548,70.73552490201998,70.81131265649351,70.88768224349494,70.96463916749316,71.04218893295703,71.12033704435545,71.19908900615731,71.27845032283145,71.35842649884677,71.43902303867216,71.5202454467765,71.60209922762866,71.6845898390761,71.76772092655833,71.85149378113286,71.93590953650983,72.02096932639942,72.10667428451185,72.19302554455727,72.28002424024587,72.36767150528779,72.45596847339327,72.54491627827245,72.63451605363552,72.72476893319266,72.81567605065405,72.90723853972986,72.99945753413027,73.09233416756545,73.1858695737456,73.28006488638088,73.37492123918148,73.47043976585756,73.56662160011933,73.66346787567694,73.76097972624059,73.85915828552044,73.95800468722668,74.05752006506947,74.15770555275901,74.25856228400548,74.36009139251904,74.46229401200988,74.56517127618818,74.6687243187641,74.77295427344785,74.8778622739496,74.9834494539795,75.08971207390259,75.19657347440068,75.30390086243901,75.41156000102876,75.51941665318107,75.62733658190709,75.73518555021795,75.84282932112482,75.95013365763886,76.0569643227712,76.16318707953299,76.26866769093539,76.37327191998953,76.4768655297066,76.57931428309772,76.68048394317402,76.78024027294668,76.87844903542685,76.97497599362568,77.0696869105543,77.16244754922386,77.25312367264553,77.34158104383044,77.42768542578976,77.51130258153462,77.59229827407619,77.6705382664256,77.745888321594,77.81821420259254,77.88738167243238,77.95325649412467,78.01570443068056,78.07459124511118,78.12978270042771,78.18114455964127,78.22854258576302,78.27186423434644,78.31115728239045,78.34654136344044,78.37813644998771,78.40606251452361,78.43043952953947,78.45138746752662,78.46902630097637,78.48347600238007,78.49485654422905,78.50328789901464,78.50889003922815,78.51178293736093,78.5120865659043,78.5099208973496,78.50540590418815,78.4986615589113,78.48980783401034,78.47896470197664,78.4662521353015,78.45179010647628,78.43569858799228,78.41809755234085,78.39910697201331,78.37884681950099,78.35743706729522,78.33499768788735,78.31164865376869,78.28750993743056,78.2627015113643,78.23734334806124,78.21155542001273,78.18545769971008,78.15917015964462,78.13281277230767,78.10650551019059
69.81856901997432,69.54523110854397,69.29483398713054,69.06663589257687,68.85989506172584,68.67386973142027,68.50781813850304,68.36099851981699,68.23266911220497,68.12208815250986,68.02851387757447,67.95120452424169,67.88941832935434,67.8424135297553,67.80944836228743,67.78978106379355,67.78266987111654,67.78737302109924,67.80314875058451,67.8292552964152,67.86495089543416,67.90949378448425,67.96214220040832,68.02215438004922,68.08878856024981,68.16130297785293,68.23895586970146,68.32100547263822,68.40671002350606,68.49532775914788,68.5861169164065,68.67833573212478,68.77124244314555,68.86409528631171,68.95615249846608,69.04667231645152,69.13491416061555,69.22038835429638,69.30316501854253,69.38339001870165,69.46120922012129,69.5367684881491,69.61021368813266,69.68169068541958,69.75134534535749,69.81932353329397,69.88577111457664,69.9508339545531,70.01465791857098,70.07738887197783,70.13917268012132,70.20015520834902,70.26048232200856,70.32029988644751,70.37975376701351,70.43898982905417,70.49815393791707,70.55739195894984,70.61684975750006,70.67667319891535,70.73700814854334,70.7980004717316,70.85979603382776,70.92254070017944,70.9863803361342,71.05146080703967,71.11792797824347,71.18592771509321,71.25560588293646,71.32710834712086,71.400580972994,71.47616962590351,71.55401755519847,71.63416631328623,71.7165253446498,71.80099526477724,71.88747668915661,71.97587023327598,72.06607651262341,72.15799614268695,72.25152973895466,72.34657791691463,72.44304129205489,72.54082047986351,72.63981609582855,72.73992875543809,72.84105907418017,72.94310766754285,73.0459751510142,73.1495621400823,73.25376925023518,73.3584970969609,73.46364629574757,73.5691174620832,73.67481121145586,73.78062815935363,73.88646892126454,73.99223411267667,74.09782434907811,74.20314024595689,74.30808241880106,74.4125514830987,74.51644805433787,74.61967274800665,74.72212617959306,74.8237089645852,74.9243217184711,75.02386505673884,75.12224405871726,75.21943059601915,75.31544795708984,75.41032075299418,75.50407359479692,75.59673109356291,75.68831786035692,75.77885850624378,75.8683776422883,75.95689987955524,76.04444982910945,76.13105210201576,76.21673130933891,76.30151206214376,76.38541897149508,76.4684766484577,76.55070970409642,76.63214274947603,76.71280039566136,76.7927072537172,76.87188793470835,76.95036704969965,77.02816920975587,77.10531902594184,77.18184110932235,77.25776007096222,77.33310052192624,77.40788707327921,77.48214433608598,77.5558969214113,77.62916944032003,77.70198650387692,77.77437272314683,77.84635270919452,77.91795107308482,77.98919242588255,78.06010265458961,78.1307170761807,78.20107523417227,78.2712166920172,78.34118101316845,78.41100776107895,78.48073649920163,78.55040679098941,78.62005819989524,78.68973028937202,78.7594626228727,78.82929476385021,78.8992662757575,78.96941672204746,79.03978566617303,79.11041267158716,79.18133730174277,79.2525991200928,79.32423769009014,79.39629257518777,79.46880333883861,79.54180954449558,79.6153507556116,79.68946653563961,79.76419644803255,79.83958005624335,79.91565692372492,79.99246661393022,80.07004869031215,80.14844271632366,80.22768825541768,80.30782487104712,80.38889212666494,80.47092958572405,80.55397681167739,80.63807336797788
69.44436717202433,69.29674726191749,69.16089986085761,69.0364843418079,68.92316007773164,68.82058644159206,68.7284228063524,68.64632854497592,68.57396303042586,68.51098563566545,68.45705573365795,68.41183269736662,68.37497589975467,68.34614471378538,68.32499851242196,68.31119666862769,68.3043985553658,68.30426354559951,68.3104510122921,68.32262032840683,68.3404308669069,68.36354200075557,68.39161310291611,68.42430354635174,68.4612727040257,68.50217994890124,68.54668465394164,68.5944461921101,68.64512393636988,68.69837725968424,68.7538655350164,68.81124813532962,68.87018443358716,68.93033380275223,68.99135561578811,69.05290924565801,69.11465457314209,69.17635913619853,69.23803067016873,69.29970941067424,69.36143559333662,69.42324945377746,69.48519122761829,69.54730115048069,69.60961945798621,69.67218638575642,69.73504216941289,69.79822704457716,69.8617812468708,69.9257450119154,69.99015857533247,70.0550621727436,70.12049603977037,70.1865004120343,70.253115525157,70.32038161475997,70.38833891646483,70.45702766589312,70.5264880986664,70.59676045040624,70.66788495673418,70.73990185327182,70.81285137564068,70.88677375946236,70.96170924035839,71.03769805395034,71.11478043585977,71.19299662170828,71.27238684711737,71.35299134770864,71.43485035910365,71.51800411692396,71.6024918306551,71.68831281874512,71.77541457977335,71.8637411491101,71.95323656212567,72.04384485419034,72.13551006067443,72.22817621694824,72.32178735838207,72.41628752034622,72.51162073821098,72.60773104734665,72.70456248312354,72.80205908091195,72.90016487608217,72.99882390400451,73.09798020004928,73.19757779958675,73.29756073798725,73.39787305062107,73.4984587728585,73.59926194006985,73.70022658762542,73.80129675089552,73.90241646525043,74.00352976606045,74.1045806886959,74.20551326852707,74.30627154092424,74.40679954125775,74.50704130489788,74.60694086721493,74.7064422635792,74.80548952936098,74.9040266999306,75.00199781065832,75.09934610592381,75.19600299454262,75.29189077428968,75.38693150857232,75.48104726079782,75.57416009437355,75.66619207270679,75.75706525920486,75.84670171727511,75.93502351032483,76.02195270176132,76.10741135499195,76.19132153342399,76.2736053004648,76.35418471952165,76.4329818540019,76.50991876731284,76.58491752286182,76.65790018405612,76.72878881430307,76.79750547701,76.86397223558423,76.92811115343305,76.98984429396381,77.04909372058381,77.10578149670037,77.15982968572082,77.21116035105247,77.25969555610263,77.30535736427862,77.34806783898777,77.3877490436374,77.42432304163479,77.45771189638731,77.48783767130224,77.51462242978693,77.53803614582,77.55840288244626,77.57620540647804,77.59192723333032,77.60605187841814,77.61906285715645,77.63144368496027,77.6436778772446,77.65624894942444,77.66964041691476,77.68433579513058,77.70081859948688,77.71957234539869,77.74108054828098,77.76582672354874,77.79429438661698,77.82696705290071,77.8643282378149,77.90686145677458,77.95505022519471,78.00937805849031,78.07032847207637,78.13838498136789,78.21403110177987,78.29775034872729,78.39002623762516,78.4913422838885,78.60218200293227,78.72302891017146,78.8543665210211,78.99667835089619,79.15044791521171,79.31615872938265,79.49429430882401,79.6853381689508,79.88977382517801
67.50333936846688,67.52851660534418,67.5550787268948,67.58299946991028,67.61225257118213,67.64281176750183,67.67465079566091,67.70774339245088,67.74206329466324,67.7775842390895,67.81427996252118,67.85212420174979,67.89109069356682,67.9311531747638,67.97228538213223,68.01446105246362,68.05765392254948,68.10183772918131,68.14698620915061,68.19307309924893,68.24007213626774,68.28795705699858,68.33670159823295,68.38627949676234,68.43666448937827,68.48783031287226,68.5397507040358,68.59239939966042,68.64575013653761,68.69977665145889,68.75445268121578,68.80975196259976,68.86564823240236,68.92211522741509,68.97912668442946,69.03665634023696,69.09467798964896,69.15317772768489,69.21216909275287,69.27166933653146,69.33169571069911,69.39226546693438,69.45339585691575,69.51510413232174,69.57740754483083,69.64032334612159,69.7038687878725,69.76806112176203,69.83291759946874,69.89845547267112,69.96469199304768,70.03164441227693,70.09932998203739,70.16776595400755,70.23696957986593,70.30695811129104,70.3777487999614,70.44935889755548,70.52180565575183,70.59510632622893,70.66927816066531,70.74433841073949,70.82030432812995,70.89719316451519,70.97502217157376,71.05380860098415,71.13356970442487,71.21432273357442,71.29608494011134,71.3788735757141,71.46270589206122,71.54759914083122,71.63356989338078,71.72060827355548,71.80867004894858,71.89770869106714,71.98767767141823,72.07853046150893,72.1702205328463,72.26270135693741,72.35592640528935,72.4498491494092,72.54442306080401,72.63960161098083,72.73533827144678,72.83158651370888,72.92829980927426,73.02543162964997,73.12293544634306,73.22076473086062,73.3188729547097,73.4172135893974,73.5157401064308,73.61440597731693,73.7131646735629,73.81196966667576,73.91077442816258,74.00953242953045,74.10819714228643,74.2067220379376,74.30506058799101,74.40316626395375,74.5009925373329,74.59849287963551,74.69562076236868,74.79232965703945,74.8885730351549,74.98430436822213,75.07947705176265,75.17404334432969,75.26795462923593,75.36116226727984,75.45361761925984,75.54527204597446,75.6360769082221,75.72598356680123,75.81494338251036,75.90290771614792,75.98982792851237,76.07565538040217,76.16034143261578,76.24383744595167,76.3260947812083,76.40706479918416,76.48669886067765,76.56494832648727,76.64176455741149,76.71709891424877,76.79090275779754,76.86312744885629,76.93372434822348,77.00264481669757,77.06984021507702,77.13526190416027,77.19886124474584,77.26058959763213,77.32039832361764,77.37823878350082,77.43406233808014,77.48782034815403,77.53946417452099,77.58894517797947,77.63621471932794,77.68122415936483,77.7239430752881,77.76447567487313,77.80298650771851,77.83964040805411,77.8746022101098,77.90803674811546,77.94010885630095,77.97098336889616,78.00082512013091,78.0297989442351,78.0580696754386,78.08580214797128,78.113161196063,78.14031165394361,78.16741835584301,78.19464613599106,78.22215982861763,78.25012426795257,78.27870428822575,78.30806472366706,78.33837040850636,78.36978617697352,78.40247686329839,78.43660730171086,78.47234232644078,78.50984677171803,78.54928547177248,78.59082326083399,78.63462497313243,78.68085544289767,78.72967950435958,78.78126199174804,78.83576773929289,78.89336158122401,78.95420835177129,79.01847288516456
69.28227306613555,69.11239180814741,68.95704565540511,68.81578303088334,68.68815235755679,68.57370205840016,68.47198055638815,68.38253627449545,68.30491763569678,68.23867306296683,68.18335097928029,68.13849980761186,68.10366797093626,68.07840389222817,68.06225599446228,68.0547727006133,68.05550243365593,68.06399361656487,68.07979467231482,68.10245402388048,68.13152009423654,68.16654130635769,68.20706608321865,68.2526428477941,68.30282002305877,68.35714603198733,68.41516929755448,68.47643824273493,68.54050129050337,68.60690686383451,68.67520338570303,68.74493927908365,68.81566296695107,68.88692287227995,68.95826741804504,69.02924502722101,69.09940483808546,69.16844763313149,69.2364125331254,69.30338443821934,69.36944824856539,69.43468886431572,69.49919118562241,69.5630401126376,69.6263205455134,69.68911738440195,69.75151552945536,69.81359988082576,69.87545533866528,69.937166803126,69.9988191743601,70.06049735251965,70.1222862377568,70.18427073022366,70.24653573007235,70.30916613745502,70.37224685252376,70.43586277543069,70.50009880632796,70.56503984536766,70.63077079270194,70.69737654848291,70.76494201286269,70.83355208599339,70.90329166802715,70.9742456591161,71.04649895941233,71.12013646906797,71.19524308823517,71.27190371706602,71.35020325571267,71.43022660432722,71.5120568104006,71.59570489921964,71.68108833668077,71.7681183359488,71.85670611018855,71.94676287256485,72.03819983624254,72.13092821438644,72.22485922016139,72.31990406673222,72.41597396726377,72.51298013492084,72.6108337828683,72.70944612427095,72.80872837229361,72.90859174010117,73.0089474408584,73.10970668773015,73.21078069388128,73.31208067247655,73.41351783668088,73.51500339965904,73.61644857457586,73.7177645745962,73.81886261288489,73.91965390260671,74.02004965692657,74.11996108900922,74.21929941201955,74.3179758391224,74.41590158348254,74.51298785826484,74.6091458766341,74.7042868517552,74.79832199679294,74.89116252491215,74.98272385097914,75.07298425976398,75.1619704334131,75.24971029902153,75.3362317836843,75.42156281449644,75.50573131855299,75.58876522294892,75.67069245477933,75.75154094113921,75.83133860912358,75.91011338582749,75.98789319834594,76.06470597377401,76.14057963920669,76.21554212173899,76.289621348466,76.36284524648266,76.43524174288407,76.50683876476523,76.57766423922118,76.64774609334694,76.71711225423752,76.78579064898798,76.85380920469333,76.9211958484486,76.9879785073488,77.05418510848901,77.11984357896421,77.18498184586943,77.24962783629971,77.31380947735008,77.37755469611557,77.44089141969118,77.50384757517199,77.56645108965299,77.62872387027099,77.69064333290916,77.75216695233905,77.81325210927037,77.87385618441286,77.93393655847623,77.99345061217022,78.0523557262045,78.11060928128882,78.16816865813288,78.22499123744646,78.28103439993919,78.33625552632083,78.39061199730111,78.44406119358973,78.4965604958964,78.54806728493088,78.59853894140284,78.64793284602203,78.69620637949814,78.74331692254094,78.78922185586009,78.83387856016532,78.87724441616638,78.91927680457297,78.95993310609481,78.99917070144161,79.03694697132312,79.073219296449,79.10794505752901,79.14108163527288,79.1725864103903,79.20241676359097,79.23053007558465,79.25688372708106,79.2814350987899
68.360772379218,68.26897593553196,68.18782428739357,68.11696159660927,68.05603202498551,68.00467973432868,67.9625488864452,67.92928364314153,67.90452816622407,67.88792661749926,67.87912315877351,67.87776195185326,67.88348715854492,67.89594294065492,67.9147734599897,67.93962287835566,67.97013535755926,68.00595505940689,68.04672614570498,68.09209277825998,68.1416991188783,68.19518932936636,68.25220757153058,68.3123980071774,68.37540479811325,68.44087210614454,68.50844409307769,68.57776492071915,68.64847875087531,68.72022974535264,68.79266206595753,68.86541987449641,68.93814733277571,69.01048860260187,69.0820878457813,69.15258922412042,69.2216375397876,69.2890133516812,69.35480010989444,69.41912224768424,69.48210419830758,69.54387039502143,69.60454527108274,69.66425325974849,69.7231187942756,69.78126630792109,69.83882023394187,69.89590500559494,69.95264505613724,70.00916481882574,70.0655887269174,70.12204121366918,70.17864671233804,70.23552965618094,70.29281447845486,70.35062561241675,70.40908749132356,70.46832454843228,70.52846121699984,70.58962193028322,70.65193112153938,70.71551322402529,70.78049267099789,70.84699389571416,70.91514133143107,70.98505941140556,71.05687256889459,71.13070523715515,71.20668184944418,71.28492683901864,71.3655646391355,71.44871968305172,71.53451344559824,71.62295239279402,71.71389359014341,71.80718411846298,71.90267105856924,72.00020149127872,72.09962249740795,72.20078115777342,72.30352455319169,72.40769976447929,72.5131538724527,72.6197339579285,72.72728710172319,72.83566038465331,72.94470088753538,73.05425569118592,73.16417187642146,73.27429652405853,73.38447671491365,73.49455952980334,73.60439204954415,73.71382135495257,73.82269452684515,73.93085864603842,74.0381607933489,74.1444480495931,74.24956749558757,74.35336621214881,74.45569128009336,74.55638978023777,74.65530879339853,74.75229540039219,74.84719668203525,74.93985971914427,75.03013159253574,75.1178593830262,75.20289890391481,75.28523663231479,75.36495963060221,75.44215754855537,75.51692003595258,75.58933674257216,75.65949731819242,75.72749141259166,75.79340867554822,75.85733875684039,75.9193713062465,75.97959597354485,76.03810240851374,76.09498026093152,76.15031918057647,76.20420881722691,76.25673882066116,76.30799884065753,76.35807852699433,76.40706752944988,76.45505549780248,76.50213208183044,76.54838693131208,76.59390969602575,76.63879002574969,76.68311757026225,76.72698197934176,76.7704729027665,76.81367999031481,76.85669289176498,76.89960125689534,76.94249473548419,76.98546297730985,77.02859563215063,77.07198234978483,77.11571277999079,77.1598959540864,77.20478414508054,77.25069382733204,77.2979417780362,77.3468447743884,77.39771959358396,77.45088301281822,77.50665180928655,77.56534276018428,77.62727264270673,77.69275823404926,77.76211631140723,77.83566365197595,77.91371703295079,77.99659323152707,78.08460902490016,78.17808119026539,78.27732650481809,78.38266174575361,78.49440369026732,78.61286911555453,78.73837479881058,78.87123751723084,79.01177404801064,79.16030116834531,79.3171356554302,79.48259428646068,79.65699383863205,79.84065108913967,80.03388281517888,80.23700579394506,80.45033680263352,80.67419261843958,80.90889001855862,81.15474578018598,81.41207668051698
68.09955665173267,68.03219554154865,67.97308776268879,67.92197871664256,67.87861380489933,67.84273842894854,67.8140979902796,67.79243789038196,67.77750353074502,67.7690403128582,67.76679363821091,67.7705089082926,67.77993152459267,67.79480688860053,67.81488040180564,67.83989746569738,67.86960348176518,67.90374385149848,67.94206397638668,67.98430925791921,68.03022509758549,68.07955689687492,68.13205005727696,68.187449980281,68.24550206737648,68.3059517200528,68.3685443397994,68.4330253281057,68.4991400864611,68.56663401635504,68.63525251927693,68.7047409967162,68.77484485016227,68.84530948110454,68.91588029103245,68.98630268143542,69.05632246187938,69.12577195414747,69.19467650020574,69.26308755891598,69.33105658914,69.39863504973961,69.46587439957658,69.53282609751274,69.59954160240987,69.66607237312978,69.73246986853428,69.79878554748514,69.8650708688442,69.93137729147323,69.99775627423405,70.06425927598845,70.13093775559823,70.1978431719252,70.26502698383115,70.33254065017788,70.4004356298272,70.4687633816409,70.53757536448079,70.60692303720867,70.67685785868635,70.7474312877756,70.81869478333824,70.89069980423608,70.9634978093309,71.03714025748452,71.11167860755873,71.18716431841534,71.26364884891613,71.34118365792291,71.4198202042975,71.49960994690167,71.58060320324233,71.66280592065479,71.74616640805199,71.83062912227413,71.91613852016141,72.00263905855405,72.09007519429221,72.17839138421611,72.26753208516593,72.35744175398187,72.44806484750416,72.53934582257294,72.63122913602845,72.72365924471086,72.81658060546039,72.90993767511722,73.00367491052155,73.09773676851358,73.1920677059335,73.2866121796215,73.3813146464178,73.47611956316258,73.57097138669604,73.66581457385837,73.76059358148979,73.85525286643046,73.9497368855206,74.0439900956004,74.13795695351006,74.23158191608977,74.32480944017973,74.41758398262016,74.5098500002512,74.6015519499131,74.69263428844604,74.78304147269021,74.87271899360762,74.96162781568643,75.0497408149659,75.13703117389181,75.22347207490986,75.3090367004658,75.39369823300535,75.47742985497426,75.56020474881825,75.64199609698306,75.72277708191443,75.80252088605809,75.88120069185976,75.95878968176521,76.03526103822013,76.11058794367028,76.18474358056139,76.25770113133919,76.32943377844941,76.3999147043378,76.46911709145009,76.537014122232,76.60357897912927,76.66878484458765,76.73260490105284,76.79501233097061,76.85598031678667,76.91548204094676,76.97349068589662,77.02997943408198,77.08492146794858,77.13828996994214,77.1900581225084,77.2401991080931,77.28868610914196,77.33549230810074,77.38063803196073,77.42449203537026,77.46757923928492,77.51042530129376,77.55355587898585,77.59749662995027,77.64277321177607,77.68991128205235,77.73943649836816,77.79187451831258,77.84775099947468,77.90759159944353,77.9719219758082,78.04126778615776,78.11615468808128,78.19710833916783,78.28465439700649,78.37931851918631,78.48162636329639,78.59210358692577,78.71127584766354,78.83966880309877,78.97780811082053,79.12621942841787,79.28542841347989,79.45596072359565,79.63834201635422,79.83309794934468,80.04075418015607,80.2618363663775,80.49687016559801,80.7463812354067,81.01089523339262,81.29093781714484,81.58703464425243,81.89971137230448
68.86696886618714,68.77136420481621,68.68518943776172,68.60815886586145,68.53998678995318,68.48038751087468,68.42907532946373,68.38576454655811,68.35016946299561,68.32200437961401,68.30098359725109,68.28682141674463,68.27923213893239,68.27793006465218,68.28262949474177,68.29304473003893,68.30889007138146,68.32987981960711,68.35572827555369,68.38614974005898,68.42085851396074,68.45956889809676,68.50199519330482,68.54785170042271,68.5968527202882,68.64871255373907,68.70314550161311,68.75986586474808,68.81858794398178,68.87902604015198,68.94089445409647,69.00390748665302,69.06777943865941,69.13222461095344,69.19695730437287,69.26169181975548,69.32614290548342,69.39012018934358,69.45364498760605,69.51676725938012,69.57953696377506,69.64200405990012,69.70421850686459,69.76623026377776,69.82808928974887,69.88984554388723,69.95154898530208,70.01324957310271,70.07499726639838,70.13684202429839,70.19883380591199,70.26102257034844,70.32345827671705,70.38619088412707,70.44927035168779,70.51274663850845,70.57666970369834,70.64108950636675,70.70605600562294,70.77161916057618,70.83782893033575,70.90473527401092,70.97238815071096,71.04083751954514,71.11013333962273,71.18032557005303,71.25146416994528,71.32359909840878,71.39678031455279,71.47105777748658,71.54648144631942,71.6231012801606,71.70096636342382,71.78009177673331,71.86044842858801,71.94200427538937,72.02472727353886,72.10858537943793,72.19354654948802,72.27957874009061,72.36664990764716,72.45472800855912,72.54378099922793,72.63377683605508,72.72468347544199,72.81646887379014,72.909100987501,73.00254777297602,73.09677718661662,73.19175718482431,73.28745572400051,73.3838407605467,73.48088025086433,73.57854215135485,73.67679441841973,73.77560500846042,73.87494187787837,73.97477298307506,74.07506628045192,74.17578972641043,74.27691127735203,74.37839888967818,74.48022051979036,74.58234412409,74.68473765897858,74.78736908085752,74.89020634612832,74.9932174111924,75.09636696481759,75.19957080229014,75.30270708059741,75.40565298853906,75.50828571491466,75.61048244852388,75.71212037816632,75.81307669264159,75.91322858074935,76.01245323128917,76.11062783306072,76.20762957486359,76.30333564549741,76.39762323376182,76.49036952845641,76.58145171838083,76.6707469923347,76.75813253911763,76.84348554752923,76.92668320636915,77.00760270443699,77.08612123053238,77.16211597345495,77.23546412200432,77.30604286498009,77.3737293911819,77.43840088940938,77.49993454846214,77.5582075571398,77.61309710424199,77.66448037856831,77.71223456891842,77.75623686409192,77.79636445288843,77.83249452410756,77.86450426654896,77.89232485979308,77.91628650903492,77.93689826393104,77.95467001774392,77.97011166373603,77.98373309516987,77.99604420530791,78.00755488741264,78.01877503474653,78.03021454057208,78.04238329815175,78.05579120074805,78.07094814162343,78.08836401404041,78.10854871126146,78.13201212654904,78.15926415316567,78.1908146843738,78.22717361343594,78.26885083361455,78.31635623817212,78.37019972037113,78.43089117347408,78.49894049074344,78.57485756544168,78.6591522908313,78.75233456017479,78.85491426673461,78.96740130377324,79.09030556455319,79.22413694233694,79.36940533038695,79.52662062196572,79.69629271033573,79.87893148875945,80.07504685049938
69.65367512325356,69.4987202703116,69.35627045859556,69.22595665588916,69.1074098299761,69.00026094864012,68.90414097966489,68.81868089083416,68.7435116499316,68.67826422474096,68.62256958304593,68.57605869263023,68.53836252127756,68.50911203677165,68.4879382068962,68.47447199943493,68.46834438217152,68.46918632288973,68.47662878937322,68.49030274940576,68.509839170771,68.53486902125269,68.56502326863453,68.59993288070024,68.63922882523352,68.68254207001809,68.72950358283765,68.77974433147592,68.83289528371661,68.88858740734342,68.94645167014009,69.00611903989031,69.06722048437778,69.12938697138624,69.19224946869939,69.25543894410093,69.31858690338915,69.38143891145032,69.44399501406039,69.50628968992758,69.56835741776008,69.63023267626609,69.69194994415382,69.75354370013143,69.81504842290715,69.87649859118918,69.9379286836857,69.99937317910491,70.06086655615502,70.12244329354421,70.18413786998069,70.24598476417265,70.30801845482829,70.37027342065582,70.43278414036341,70.49558509265928,70.55871075625164,70.62219560984865,70.68607413215854,70.75038080188948,70.8151500977497,70.88041649844736,70.94621448269068,71.01257852918786,71.07954311664709,71.14714272377657,71.2154118292845,71.28438491187907,71.35409645026849,71.42458092316093,71.49587280926463,71.56800658728775,71.64101645313399,71.71492560868133,71.78974297417952,71.86547651541306,71.94213419816649,72.01972398822426,72.0982538513709,72.17773175339092,72.2581656600688,72.33956353718906,72.42193335053622,72.50528306589474,72.58962064904917,72.67495406578396,72.76129128188367,72.84864026313276,72.93700897531576,73.02640538421717,73.11683745562146,73.20831315531318,73.3008404490768,73.39442730269685,73.48908168195781,73.58481155264418,73.6816248805405,73.77952963143123,73.87853377110089,73.978645265334,74.07987207991502,74.1822221806285,74.28570353325892,74.3903241035908,74.49609185740862,74.60301476049689,74.71110077864012,74.82035787762281,74.93078587939013,75.04226274992101,75.15457265023022,75.26749732834317,75.38081853228518,75.49431801008164,75.6077775097579,75.72097877933933,75.83370356685131,75.94573362031919,76.05685068776833,76.1668365172241,76.27547285671187,76.38254145425702,76.48782405788488,76.59110241562084,76.69215827549026,76.79077338551849,76.88672949373093,76.9798083481529,77.06979169680979,77.15646128772697,77.23959886892979,77.31898618844363,77.39440499429385,77.4656370345058,77.53246405710486,77.59466781011639,77.65203004156577,77.70433249947834,77.75135693187949,77.79288508679456,77.82869871224892,77.85857955626796,77.88230936687701,77.89966989210146,77.91052709511324,77.91536934165188,77.91496396012994,77.91007959482162,77.90148489000116,77.88994848994275,77.87623903892062,77.86112518120898,77.84537556108205,77.82975882281403,77.81504361067915,77.80199856895163,77.79139234190566,77.78399357381548,77.78057090895528,77.7818929915993,77.78872846602175,77.80184597649684,77.82201416729878,77.85000168270177,77.88657716698006,77.93250926440786,77.98856661925936,78.05551787580877,78.13413167833035,78.22517667109828,78.32942149838678,78.44763480447007,78.58058523362236,78.72904143011787,78.89377203823081,79.0755457022354,79.27513106640585,79.49329677501638,79.73081147234119,79.98844380265452
69.18885707517322,69.04061683511983,68.90601632452845,68.78461975466425,68.67599133679242,68.57969528217816,68.49529580208664,68.42235710778309,68.36044341053262,68.3091189216005,68.26794785225187,68.23649441375194,68.21432281736588,68.20099727435891,68.19608199599617,68.19914119354289,68.20973907826425,68.22743986142541,68.25180775429159,68.28240696812797,68.31880171419974,68.36055620377206,68.40723464811018,68.45840125847923,68.51362024614441,68.57245582237093,68.63447219842396,68.69923358556869,68.76630419507032,68.83524823819403,68.905629926205,68.97701347036843,69.04896308194951,69.12104297221342,69.19281735242535,69.26385043385048,69.33370715316582,69.40210623435128,69.46910952117113,69.53482528374528,69.59936179219356,69.66282731663588,69.7253301271921,69.78697849398208,69.84788068712574,69.90814497674292,69.9678796329535,70.02719292587737,70.0861931256344,70.14498850234446,70.20368732612744,70.26239786710319,70.32122839539161,70.38028718111258,70.43968249438595,70.49952260533162,70.55991578406946,70.62097030071934,70.68279442540111,70.7454964282347,70.80918457933996,70.87396714883677,70.939952406845,71.00724862348453,71.07596406887522,71.14620701313697,71.21808572638966,71.29170847875312,71.3671835403473,71.444619181292,71.52412367170714,71.60580528171259,71.689769865019,71.77602933742858,71.86447358607789,71.9549843427224,72.04744333911754,72.14173230701877,72.23773297818155,72.33532708436131,72.43439635731352,72.5348225287936,72.63648733055703,72.73927249435926,72.84305975195572,72.94773083510186,73.05316747555315,73.15925140506502,73.26586435539295,73.37288805829238,73.48020424551873,73.58769464882747,73.69524099997406,73.80272503071396,73.91002847280257,74.0170330579954,74.12362051804786,74.22967258471542,74.33507098975352,74.4396974649176,74.54343374196313,74.64616155264557,74.74776262872035,74.84811870194292,74.94711150406874,75.04462276685322,75.14053422205188,75.23472760142013,75.32709040254556,75.41759639694823,75.50628576999225,75.59320041543648,75.6783822270398,75.76187309856101,75.84371492375897,75.9239495963925,76.00261901022049,76.07976505900172,76.15542963649509,76.2296546364594,76.30248195265352,76.37395347883631,76.44411110876655,76.51299673620315,76.58065225490492,76.64711955863069,76.71244054113933,76.77665709618967,76.83981111754056,76.90194449895083,76.96309913417934,77.02331691698492,77.08263974112643,77.14110950036269,77.19876808845254,77.25565739915484,77.31181932622846,77.36729576343217,77.42212860452486,77.47635974326539,77.53003107341254,77.58318448872524,77.63586188296225,77.68810514988246,77.73995310478608,77.79142181124021,77.84251713541784,77.89324489539095,77.94361090923164,77.9936209950119,78.04328097080378,78.09259665467937,78.14157386471064,78.19021841896964,78.23853613552845,78.28653283245907,78.33421432783356,78.38158643972397,78.4286549862023,78.47542578534063,78.52190465521099,78.56809741388543,78.61400987943594,78.65964786993459,78.70501720345345,78.75012369806453,78.79497317183984,78.83957144285148,78.88392432917144,78.9280376488718,78.97191722002458,79.01556886070179,79.05899838897554,79.10221162291779,79.14521438060063,79.18801248009609,79.23061173947622,79.27301797681304,79.3152370101786,79.35727465764492
68.21737549931596,68.14480465994819,68.08083300344339,68.02518978502096,67.97760425990032,67.93780568330087,67.90552331044202,67.88048639654319,67.8624241968238,67.85106596650324,67.84614096080094,67.8473784349363,67.85450764412874,67.86725784359766,67.88535828856249,67.90853823424261,67.93652693585746,67.96905364862643,68.00584762776894,68.04663812850443,68.09115440605225,68.13912571563186,68.19028131246266,68.24435045176405,68.30106238875545,68.36014637865627,68.42133167668592,68.48434753806382,68.54892321800936,68.61478797174196,68.68167105448104,68.74930172144602,68.81740922785629,68.88572282893126,68.95397177989037,69.02188533595299,69.08919320428723,69.15572090517776,69.22150773062704,69.28662189735196,69.35113162206945,69.41510512149637,69.47861061234963,69.54171631134614,69.60449043520279,69.66700120063646,69.72931682436409,69.79150552310256,69.85363551356875,69.91577501247957,69.97799223655193,70.04035540250273,70.10293272704884,70.16579242690719,70.22900271879466,70.29263181942815,70.35674794552457,70.42141931380081,70.48671414097377,70.55270064376035,70.61944703887744,70.68702154304195,70.75549237297078,70.82492774538082,70.89539587698897,70.96696498451213,71.0397032846672,71.11367899417107,71.18896032974065,71.26561550809284,71.34371274594452,71.42332026001262,71.50450473273003,71.58727320124027,71.67155522134618,71.75727517064227,71.84435742672298,71.93272636718278,72.02230636961616,72.11302181161756,72.20479707078145,72.2975565247023,72.3912245509746,72.48572552719278,72.58098383095133,72.67692383984472,72.7734699314674,72.87054648341383,72.96807787327852,73.06598847865591,73.16420267714045,73.26264484632664,73.36123936380892,73.45991060718177,73.55858295403966,73.65718078197705,73.75562846858841,73.85385039146823,73.95177092821093,74.04931445641101,74.14640535366293,74.24296799756115,74.33892676570017,74.4342060356744,74.52873018507836,74.62242359150648,74.71521063255324,74.80701568581313,74.89776532265412,74.98741893979644,75.0759612029814,75.16337742795734,75.24965293047255,75.33477302627534,75.41872303111403,75.50148826073689,75.58305403089228,75.66340565732848,75.7425284557938,75.82040774203655,75.89702883180505,75.97237704084758,76.04643768491246,76.11919607974801,76.19063754110253,76.26074738472434,76.32951092636173,76.39691348176301,76.46294036667649,76.52757689685049,76.59080838803331,76.65262015597325,76.71299751641862,76.77192578511776,76.82939027781893,76.88537631027047,76.93986919822069,76.99285425741786,77.04431680361033,77.0942421525464,77.14261561997435,77.18942252164253,77.2346481732992,77.27827789069272,77.32034085569957,77.36119044829996,77.40132535502383,77.44124494780925,77.48144859859438,77.52243567931737,77.56470556191636,77.60875761832948,77.65509122049485,77.70420574035063,77.75660054983494,77.81277502088594,77.87322852544175,77.9384604354405,78.00897012282034,78.08525695951941,78.16782031747584,78.25715956862777,78.35377408491333,78.45816323827066,78.57082640063791,78.69226294395321,78.82297224015468,78.96345366118047,79.11420657896872,79.27573036545758,79.44852439258516,79.6330880322896,79.82992065650906,80.03952163718166,80.26239034624555,80.49902615563886,80.74992843729972,81.01559656316626,81.29652990517663,81.59322783526898
67.78752467450695,67.76866203398083,67.75484225182717,67.74590452509464,67.74168805083194,67.74203202608773,67.7467756479107,67.75575811334951,67.76881861945286,67.78579636326943,67.80653054184789,67.83086035223693,67.85862499148521,67.88966365664143,67.92381554475425,67.96091985287237,68.00081577804444,68.04334251731918,68.08833926774523,68.13564522637128,68.18509959024603,68.23654155641813,68.28981032193627,68.34474508384913,68.4011850392054,68.45896938505376,68.51793731844288,68.57792803642141,68.63878073603809,68.70033461434156,68.76242886838048,68.82490269520358,68.8875952918595,68.95034585539693,69.01299358286457,69.07537767131106,69.13733761621751,69.19877618073187,69.25973728652303,69.32028395493302,69.38047920730375,69.44038606497716,69.50006754929521,69.55958668159985,69.61900648323305,69.67838997553676,69.73780017985291,69.79730011752346,69.85695280989037,69.9168212782956,69.97696854408107,70.03745762858878,70.09835155316063,70.15971333913862,70.22160600786466,70.28409258068072,70.34723607892877,70.41109952395072,70.47574593708856,70.54123833968424,70.6076397530797,70.67501319861688,70.74342169763776,70.81292827148425,70.88359594149836,70.955487729022,71.02866665539713,71.10319574196569,71.17913801006966,71.256556481051,71.33551417625162,71.4160741170135,71.49829766955395,71.58218185711954,71.66764011916214,71.75458030908794,71.8429102803031,71.93253788621382,72.02337098022622,72.11531741574652,72.20828504618083,72.3021817249354,72.39691530541634,72.49239364102985,72.58852458518211,72.68521599127928,72.78237571272754,72.87991160293302,72.97773151530197,73.0757433032405,73.17385482015479,73.27197391945103,73.3700084545354,73.46786627881403,73.56545524569313,73.66268320857887,73.75945802087739,73.85568753599492,73.95127960733757,74.04614208831154,74.140182832323,74.23330969277814,74.3254305230831,74.4164531766441,74.50628550686724,74.59483536715874,74.68201061092478,74.76771909157151,74.85187397614874,74.93446793955923,75.01555486200846,75.09519019811472,75.1734294024964,75.25032792977183,75.3259412345594,75.40032477147744,75.4735339951443,75.54562436017832,75.61665132119788,75.68667033282134,75.75573684966704,75.82390632635332,75.89123421749855,75.9577759777211,76.02358706163929,76.08872292387147,76.15323901903605,76.21719080175131,76.28063372663567,76.34362324830744,76.40621482138496,76.46846390048665,76.5304259402308,76.5921563952358,76.65371072011999,76.71514436950173,76.77651279799937,76.83787146023127,76.89927581081577,76.96078130437121,77.02244339551598,77.08431753886842,77.14645918904688,77.20892380066971,77.27173518924775,77.33468333751279,77.39745342365293,77.45973013149523,77.52119814486676,77.58154214759458,77.6404468235057,77.69759685642725,77.75267693018625,77.80537172860977,77.85536593552487,77.90234423475857,77.945991310138,77.98599184549016,78.02203052464213,78.05379203142098,78.08096104965375,78.10322226316748,78.1202603557893,78.13176001134619,78.13740591366525,78.13688274657352,78.12987519389807,78.11606793946595,78.09514566710422,78.06679306063998,78.03069480390022,77.98653558071203,77.93400007490249,77.87277297029863,77.8025389507275,77.72298270001619,77.63378890199172,77.53464224048119,77.42522739931164,77.30522906231013
68.15316391492671,68.11501002050586,68.08276168800805,68.05624039464739,68.0352676176381,68.01966483419434,68.0092535215303,68.00385515686013,68.00329121739804,68.0073831803582,68.01595252295478,68.02882072240197,68.04580925591394,68.06673960070488,68.09143323398894,68.11971163298033,68.1513962748932,68.18630863694175,68.22427019634016,68.26510243030258,68.30862681604323,68.35466483077626,68.40303795171586,68.45356765607617,68.50607542107144,68.5603827239158,68.61631104182344,68.67368185200853,68.73231663168524,68.79203685806779,68.85266400837031,68.91401955980702,68.97592498959206,69.03820177493962,69.10067139306389,69.16315532117903,69.225475343569,69.28751834330467,69.34931644744847,69.41092143552692,69.47238508706644,69.5337591815935,69.5950954986346,69.65644581771616,69.71786191836469,69.77939558010664,69.84109858246842,69.90302270497656,69.96521972715755,70.02774142853775,70.09063958864368,70.15396598700184,70.21777240313864,70.28211061658058,70.34703240685408,70.41258955348567,70.47883383600177,70.54581703392884,70.61359092679336,70.68220729412178,70.7517179154406,70.82217457027625,70.89362903815518,70.9661330986039,71.03973853114883,71.11449711531648,71.19046063063328,71.2676808566257,71.34620957282024,71.42609855874329,71.50739959392138,71.59016445788097,71.67444353589781,71.76023301175235,71.84745865956552,71.93604154786217,72.02590274516717,72.1169633200054,72.2091443409017,72.30236687638092,72.39655199496792,72.49162076518758,72.58749425556474,72.68409353462425,72.78133967089101,72.87915373288985,72.97745678914566,73.07616990818326,73.17521415852752,73.27451060870334,73.37398032723553,73.47354438264895,73.5731238434685,73.67263977821901,73.77201325542535,73.87116534361238,73.97001711130494,74.06848962702793,74.1665039593062,74.26398117666457,74.36084234762794,74.45700854072115,74.55240082446906,74.64694026739656,74.74054793802847,74.83314490488968,74.92465223650501,75.01499100139938,75.10408289602393,75.19185901246826,75.27825767560299,75.36321739635096,75.44667668563508,75.5285740543782,75.60884801350315,75.68743707393284,75.76427974659015,75.83931454239786,75.91247997227893,75.98371454715618,76.05295677795246,76.1201451755907,76.1852182509937,76.24811451508435,76.3087724787855,76.36713065302007,76.42312754871085,76.47670167678075,76.52779154815263,76.57633567374936,76.62227256449381,76.66554073130882,76.70607868511726,76.74382493684203,76.77871799740598,76.81069637773194,76.8396985887428,76.86566314136144,76.88852854651071,76.9082333151135,76.92471595809263,76.93791498637103,76.9477689108715,76.95421624251694,76.95728605454326,76.95767673228153,76.95638664872479,76.95441559190232,76.95276334984328,76.95242971057698,76.95441446213255,76.95971739253929,76.96933828982642,76.98427694202314,77.0055331371587,77.03410666326229,77.07099730836319,77.11720486049057,77.17372910767372,77.24156983794185,77.32172683932416,77.41519989984988,77.52298880754824,77.6460933504485,77.78551331657985,77.94224849397156,78.11729867065281,78.31166363465283,78.52634317400089,78.76233707672617,79.02064513085793,79.30226712442538,79.60820284545775,79.93945208198429,80.2970146220342,80.68189025363671,81.09507876482107,81.53757994361646,82.01039357805215,82.51451945615736
68.08902062888784,68.10305253076184,68.11825297909229,68.13461393715524,68.15212736822669,68.17078523558267,68.19057950249923,68.21150213225239,68.23354508811818,68.25670033337262,68.28095983129175,68.30631554515159,68.33275943822818,68.36028347379754,68.38887961513569,68.41853982551868,68.44925606822252,68.48102030652326,68.51382450369691,68.54766062301951,68.58252062776708,68.61839648121567,68.65528014664127,68.69316358731994,68.73203876652771,68.77189764754058,68.81273219363462,68.85453436808582,68.89729613417023,68.94100945516388,68.98566629434279,69.031258614983,69.07777838036053,69.1252175537514,69.17356809843166,69.22282197767733,69.2729711744994,69.32401185572407,69.37594952282161,69.42879094030093,69.48254287267088,69.53721208444031,69.59280534011812,69.64932940421315,69.70679104123427,69.76519701569035,69.82455409209024,69.88486903494284,69.94614860875699,70.00839957804155,70.0716287073054,70.13584276105739,70.2010485038064,70.2672527000613,70.33446211433095,70.40268351112421,70.47192365494993,70.54218931031701,70.6134872417343,70.68582421371066,70.75920699075495,70.83364233737606,70.90913701808283,70.98569779738415,71.06333143978885,71.14204470980583,71.22184437194394,71.30273719071205,71.38472993061902,71.46782935617372,71.55204223188501,71.63737532226176,71.72383493612713,71.81140966752251,71.90006509836115,71.9897652726171,72.08047423426439,72.17215602727701,72.264774695629,72.3582942832944,72.4526788342472,72.54789239246145,72.64389900191118,72.74066270657039,72.83814755041311,72.93631757741338,73.0351368315452,73.1345693567826,73.23457919709963,73.33513039647029,73.43618699886859,73.53771304826857,73.63967258864427,73.74202966396969,73.84474831821886,73.9477925953658,74.05112653938454,74.15471419424911,74.25851960393352,74.36250681241181,74.46663986365797,74.57088280164606,74.6751996703501,74.7795545137441,74.88391137580209,74.98823430049808,75.09248733180611,75.19663451370019,75.300635825262,75.40439042273937,75.50775064084219,75.6105676098678,75.71269246011357,75.81397632187684,75.91427032545495,76.01342560114526,76.11129327924513,76.20772449005189,76.30257036386291,76.39568203097552,76.48691062168707,76.57610726629493,76.66312309509642,76.74780923838892,76.83001682646976,76.9095969896363,76.98640085818589,77.06027956241586,77.13108423262358,77.1986659991064,77.26287599216165,77.32356534208671,77.38058517917891,77.4337866337356,77.48302083605412,77.52813891643183,77.5689920051661,77.60543123255424,77.63730772889363,77.66447262448162,77.68677704961553,77.70407213459274,77.71620900971058,77.72303880526643,77.72447292985541,77.72086828636756,77.7127814495544,77.70076993601586,77.68539126235187,77.66720294516237,77.6467625010473,77.62462744660658,77.60135529844014,77.57750357314794,77.55362978732987,77.5302914575859,77.50804610051595,77.48745123271996,77.46906437079787,77.4534430313496,77.44114473097507,77.43272698627423,77.42874731384701,77.42976323029336,77.43633225221319,77.44901189620646,77.46835967887307,77.49493311681297,77.5292897266261,77.57198702491239,77.62358252827175,77.68463375330415,77.75569821660952,77.83733343478775,77.93009692443883,78.03454620216266,78.15123878455917,78.28073218822831,78.42358392977002,78.58035152578421
68.48881084655463,68.51261592174369,68.53663047706806,68.56088852733316,68.58542408734438,68.61027117190713,68.63546379582681,68.66103597390881,68.68702172095857,68.71345505178145,68.74036998118288,68.76780052396828,68.795780694943,68.82434450891249,68.85352598068214,68.88335912505734,68.9138779568435,68.94511649084605,68.97710874187035,69.00988872472183,69.04349045420591,69.07794794512795,69.11329521229337,69.14956627050759,69.18679513457599,69.22501581930399,69.26426233949701,69.3045687099604,69.3459689454996,69.38849706092003,69.43218707102704,69.4770729906261,69.52318883452256,69.57056861752184,69.61924635442935,69.66925606005049,69.72063165072171,69.7733861673638,69.82748607508788,69.8828915369929,69.93956271617769,69.99745977574119,70.05654287878224,70.11677218839978,70.17810786769266,70.24051007975979,70.30393898770005,70.36835475461233,70.43371754359552,70.49998751774851,70.56712484017017,70.63508967395941,70.70384218221511,70.77334252803618,70.84355087452148,70.91442738476991,70.98593222188036,71.05802554895172,71.13066752908287,71.20381832537271,71.27743810092011,71.35148701882399,71.42592524218321,71.50071293409667,71.57581025766326,71.65117737598186,71.72677445215137,71.8025616492707,71.87849913043868,71.95454705875424,72.03066559731627,72.10681490922363,72.18295592572406,72.25907943985055,72.33521503615145,72.41139489167733,72.48765118347882,72.56401608860645,72.64052178411089,72.71720044704266,72.79408425445239,72.87120538339066,72.94859601090808,73.02628831405521,73.10431446988265,73.18270665544102,73.2614970477809,73.34071782395286,73.42040116100752,73.50057923599546,73.58128422596725,73.66254830797352,73.74440365906484,73.82688245629183,73.91001687670503,73.99383909735508,74.07838129529254,74.16367564756804,74.24975433123213,74.33664952333542,74.4243934009285,74.51301814106196,74.6025559207864,74.6930389171524,74.78449930721058,74.8769692680115,74.97048097660577,75.06506661004396,75.16075059411544,75.25744137277438,75.35495810692868,75.45311766081619,75.55173689867478,75.6506326847423,75.74962188325664,75.84852135845564,75.94714797457719,76.04531859585911,76.14285008653933,76.23955931085567,76.335263133046,76.4297784173482,76.52292202800011,76.61451082923962,76.70436168530456,76.79229146043285,76.8781170188623,76.9616552248308,77.04272294257622,77.1211370363364,77.19671437034926,77.2692718088526,77.33862621608431,77.40459445628225,77.46699339368429,77.5256398925283,77.58035081705215,77.63094303149369,77.67723340009077,77.71903878708129,77.7561760567031,77.78846207319405,77.81571370079203,77.83774780373489,77.85444383296404,77.86614379427688,77.87339701192629,77.87675378808241,77.87676442491538,77.87397922459535,77.86894848929244,77.86222252117682,77.8543516224186,77.84588609518795,77.83737624165498,77.82937236398986,77.82242476436272,77.81708374494369,77.81389960790291,77.81342265541055,77.81620318963671,77.82279151275155,77.8337379269252,77.84959273432781,77.87090623712952,77.89822873750047,77.93211053761082,77.97310193963067,78.0217532457302,78.07861475807951,78.14423677884876,78.21916961020811,78.30396355432768,78.39916891337761,78.50533598952804,78.62301508494912,78.75275650181096,78.89511054228375,79.0506275085376,79.21985770274266
69.61093572633202,69.45767355700694,69.31750831573702,69.19002994350014,69.07482838127426,68.97149357003728,68.87961545076715,68.79878396444178,68.72858905203907,68.66862065453694,68.61846871291334,68.5777231681462,68.5459739612134,68.52281103309292,68.50782432476262,68.50060377720047,68.50073933138438,68.50782092829225,68.52143850890204,68.54118201419163,68.56664138513898,68.597406562722,68.6330674879186,68.67321410170672,68.71743634506427,68.76532415896918,68.81646748439935,68.87045626233275,68.92688043374729,68.98532993962085,69.04539472093138,69.10666471865682,69.16872987377506,69.23118012726405,69.2936054201017,69.35559569326593,69.41674156756555,69.47677778795837,69.53576065941387,69.59378999607854,69.65096561209891,69.70738732162148,69.76315493879281,69.81836827775938,69.87312715266772,69.92753137766434,69.98168076689576,70.03567513450851,70.0896142946491,70.14359806146403,70.19772624909984,70.25209867170304,70.30681514342014,70.36197547839767,70.41767949078215,70.47402699472008,70.53111780435798,70.58905173384237,70.64792859731979,70.70784820893672,70.7689103828397,70.83121493317525,70.89486167408988,70.9599504197301,71.02658098424244,71.09485318177342,71.16486682646952,71.2367217324773,71.31051771394327,71.38635458501395,71.46433215983585,71.54455025255545,71.62710621076967,71.7120014949573,71.79911300483933,71.88830931553163,71.97945900215008,72.07243063981058,72.16709280362896,72.26331406872116,72.36096301020301,72.45990820319041,72.56001822279926,72.6611616441454,72.76320704234472,72.86602299251312,72.96947806976647,73.07344084922063,73.17777990599153,73.28236381519498,73.3870611519469,73.49174049136316,73.59627040855965,73.70051947865225,73.80435627675682,73.90764937798924,74.01026735746542,74.1120787903012,74.21295225161249,74.31275631651516,74.41135956012508,74.50863055755813,74.6044378839302,74.69865011435716,74.79113582395492,74.8817635878393,74.97040198112624,75.05691957893157,75.14119384675915,75.22323527665827,75.30315676477643,75.38107384145015,75.45710203701587,75.53135688181011,75.6039539061694,75.67500864043018,75.74463661492898,75.81295336000228,75.8800744059866,75.9461152832184,76.01119152203421,76.07541865277051,76.13891220576379,76.20178771135055,76.2641606998673,76.32614670165053,76.38786124703672,76.44941986636238,76.510938089964,76.57253144817808,76.63431547134111,76.6964056897896,76.75891763386004,76.82196683388891,76.88566882021271,76.95013912316796,77.01549327309114,77.08184680031873,77.14931523518727,77.21801410803322,77.28805894919306,77.35956528900333,77.4326486578005,77.50742458592107,77.58397643644746,77.66214983634994,77.7416838585696,77.82231707343423,77.9037880512716,77.9858353624095,78.06819757717572,78.150613265898,78.23282099890413,78.3145593465219,78.39556687907908,78.47558216690344,78.55434378032278,78.63159028966483,78.70706026525741,78.78049227742828,78.85162489650521,78.92019669281599,78.98594623668839,79.04861209845019,79.10793284842917,79.1636470569531,79.21549329434974,79.2632101309469,79.30653613707234,79.34520988305384,79.37896993921917,79.40755487589611,79.43070326341244,79.44815367209594,79.45964467227437,79.46491483427553,79.46370272842718,79.4557469250571,79.44078599449307,79.41855850706285
68.77890333405075,68.76112312413886,68.74558242370148,68.73226223515535,68.72114356091723,68.71220740340391,68.70543476503214,68.70080664821872,68.69830405538038,68.69790798893392,68.6995994512961,68.70335944488367,68.70916897211343,68.71700903540213,68.72686063716654,68.73870477982345,68.7525224657896,68.76829469748178,68.78600247731674,68.80562680771128,68.82714869108213,68.85054912984607,68.8758091264199,68.90290968322034,68.9318318026642,68.96255648716824,68.99506473914921,69.02933756102391,69.06535595520909,69.1031009241215,69.14255347017796,69.18369459579519,69.22650530338998,69.27096659537911,69.31705947417933,69.36476494220742,69.41406397204337,69.4649312108705,69.51732719307678,69.57121054349646,69.62653988696377,69.68327384831296,69.7413710523783,69.800790123994,69.86148968799434,69.92342836921353,69.98656479248584,70.05085758264552,70.1162653645268,70.18274676296393,70.25026040279116,70.31876490884274,70.38821890595291,70.45858101895591,70.529809872686,70.60186409197743,70.67470230166442,70.74828312658124,70.82256519156213,70.89750712144134,70.9730675410531,71.04920507523167,71.1258783488113,71.20304598662622,71.28066661351069,71.35869885429895,71.43710133382525,71.51583267692382,71.59485150842895,71.67411645317482,71.75358613599573,71.83321918172591,71.91297485649878,71.9928373569535,72.07282326533797,72.1529513282848,72.23324029242663,72.31370890439608,72.39437591082577,72.47526005834835,72.55638009359643,72.63775476320264,72.7194028137996,72.80134299201994,72.8835940444963,72.96617471786129,73.04910375874755,73.13239991378771,73.21608192961438,73.3001685528602,73.38467853015779,73.46963060813978,73.5550435334388,73.64093605268748,73.72732691251845,73.81423485956431,73.90167864045772,73.98967700183128,74.07824869031765,74.16741245254943,74.25718703515925,74.34759118477974,74.43864364804354,74.53036317158326,74.62276850203155,74.715878386021,74.80971157018426,74.90428680115396,74.99961616146467,75.0956120189987,75.1921099811015,75.28894368057101,75.38594675020516,75.48295282280189,75.5797955311591,75.67630850807473,75.7723253863467,75.86767979877291,75.96220537815132,76.05573575727985,76.1481045689564,76.23914544597892,76.32869202114532,76.41657792725351,76.50263679710145,76.58670226348704,76.6686079592082,76.74818751706287,76.82527456984899,76.89970275036444,76.97130569140717,77.0399170257751,77.10537038626615,77.16749940567826,77.22613771680933,77.2811189524573,77.3322767454201,77.37944472849564,77.42245653448187,77.46114579617667,77.495346146378,77.52489121788376,77.5496146434919,77.56935005600033,77.58399901091757,77.593965055035,77.59987672912287,77.60236363524373,77.60205537546017,77.59958155183475,77.59557176643004,77.59065562130861,77.58546271853304,77.58062266016589,77.57676504826973,77.57451948490716,77.57451557214071,77.57738291203297,77.58375110664652,77.59424975804392,77.60950846828773,77.63015683944053,77.65682447356491,77.69014097272343,77.73073593897864,77.77923897439312,77.83627968102947,77.90248766095023,77.97849251621798,78.06492384889529,78.16241126104474,78.27158435472889,78.3930727320103,78.52750599495155,78.67551374561525,78.83772558606391,79.01477111836014,79.2072799445665,79.41588166674555,79.64120588695987
68.1520849018178,68.13257630696933,68.11727960249723,68.10608117127808,68.09886739618835,68.09552466010456,68.09593934590325,68.09999783646091,68.10758651465406,68.11859176335926,68.13289996545296,68.15039750381172,68.17097076131205,68.19450612083045,68.22088996524346,68.25000867742759,68.28174864025937,68.31599623661526,68.35263784937183,68.3915598614056,68.43264865559308,68.47579061481076,68.52087212193516,68.56777955984285,68.61639931141028,68.666617759514,68.7183212870305,68.77139627683636,68.82572911180804,68.88120617482207,68.93771384875495,68.99513851648325,69.05336656088343,69.11228436483205,69.1717783112056,69.23173478288061,69.29204034253956,69.35261967173363,69.41348250024453,69.47465006543692,69.53614360467549,69.59798435532494,69.66019355474998,69.72279244031529,69.78580224938554,69.84924421932544,69.9131395874997,69.97750959127296,70.04237546800994,70.10775845507533,70.17367978983378,70.24016070965007,70.3072224518888,70.37488625391472,70.4431733530925,70.51210498678682,70.58170239236239,70.65198680718387,70.72297946861596,70.79470161402338,70.86717448077081,70.9404193062229,71.0144573277444,71.08930978269996,71.1649979084543,71.24154294237206,71.31896612181797,71.3972886841567,71.47653186675299,71.55671690697147,71.63786504217686,71.71999750973384,71.80313491272139,71.88727319636104,71.97237627444545,72.05840592005296,72.14532390626186,72.23309200615051,72.32167199279723,72.41102563928035,72.50111471867817,72.59190100406903,72.6833462685313,72.77541228514323,72.86806082698322,72.96125366712954,73.05495257866056,73.14911933465456,73.24371570818994,73.33870347234495,73.43404440019796,73.52970026482728,73.62563283931127,73.7218038967282,73.81817521015645,73.91470855267431,74.01136569736013,74.10810841729224,74.20489848554897,74.3016976752086,74.3984677593495,74.49517051104999,74.59176770338843,74.68822110944308,74.7844925022923,74.88054365501443,74.9763363406878,75.07183233239067,75.1669925306048,75.2617647791802,75.35608687094609,75.44989634018452,75.54313072117756,75.63572754820726,75.72762435555566,75.81875867750483,75.90906804833682,75.99849000233365,76.08696207377744,76.17442179695018,76.26080670613396,76.3460543356108,76.43010221966279,76.51288789257197,76.59434888862037,76.67442274209009,76.75304698726316,76.8301591584216,76.90569678984752,76.97959741582292,77.0517985706299,77.1222377885505,77.19085260386674,77.25758055086072,77.3223591638145,77.38512597701006,77.44581852472953,77.5043743412549,77.56073096086828,77.6148259178517,77.66659674648719,77.71598098105684,77.7629161558427,77.80733980512682,77.8491905120068,77.88841461098284,77.92496191075674,77.95878223641796,77.98982541305605,78.01804126576053,78.04337961962088,78.06579029972664,78.08522313116728,78.10162793903237,78.11495454841139,78.12515278439383,78.13217247206924,78.13596343652713,78.136475502857,78.13365849614834,78.12746224149069,78.11783656397355,78.10473128868645,78.0880962407189,78.06788124516038,78.04403612710044,78.01651071162854,77.98525482383425,77.95021828880706,77.91135093163649,77.86860257741202,77.8219230512232,77.7712621781595,77.71656978331049,77.65779569176561,77.59488972861445,77.52780171894645,77.45648148785119,77.38087886041811,77.30094366173677
68.68884032893293,68.582350109052,68.48729953969088,68.40330950560252,68.33000089153988,68.26699458225596,68.21391146250373,68.17037241703615,68.13599833060618,68.11041008796683,68.09322857387103,68.08407467307177,68.08256927032203,68.08833325037476,68.10098749798294,68.12015289789956,68.14545033487757,68.17650069366995,68.21292485902967,68.25434371570971,68.30037814846303,68.3506490420426,68.40477728120142,68.46238375069241,68.52308933526858,68.5865149196829,68.65228138868832,68.72000962703784,68.7893205194844,68.859834950781,68.93117380568061,69.00295796893619,69.07480832530071,69.14634575952714,69.21719115636844,69.28696540057761,69.35529004591712,69.42192847615591,69.48696051654002,69.5505088089212,69.61269599515119,69.67364471708174,69.73347761656463,69.79231733545157,69.85028651559436,69.90750779884472,69.96410382705442,70.0201972420752,70.07591068575883,70.13136679995704,70.18668822652158,70.24199760730423,70.29741758415673,70.35307079893083,70.40907989347828,70.46556750965084,70.52265628930026,70.5804688742783,70.63912790643668,70.6987560276272,70.75947587970158,70.82141010451159,70.88468134390897,70.94941223974547,71.01572543387286,71.08374356814288,71.15358928440729,71.22538522451782,71.29925403032627,71.37531834368434,71.45370080644382,71.53452406045645,71.61790760879389,71.70384893445234,71.79218701203408,71.8827502227586,71.97536694784546,72.06986556851416,72.16607446598422,72.26382202147516,72.36293661620651,72.4632466313978,72.5645804482685,72.66676644803819,72.76963301192636,72.87300852115253,72.97672135693624,73.08059990049698,73.18447253305429,73.28816763582769,73.3915135900367,73.49433877690083,73.59647157763962,73.69774037347258,73.79797354561921,73.89699947529907,73.99464654373165,74.09074313213648,74.18511762173308,74.27759839374097,74.36801382937968,74.45619230986871,74.5419622164276,74.62515193027586,74.70558983263301,74.78310430471858,74.85752372775208,74.92867648295304,74.99640570480365,75.06077528030936,75.1220190322051,75.1803751545629,75.23608184145479,75.28937728695279,75.34049968512895,75.38968723005527,75.4371781158038,75.48321053644656,75.5280226860556,75.57185275870293,75.61493894846058,75.65751944940058,75.69983245559496,75.74211616111576,75.78460876003498,75.8275484464247,75.8711734143569,75.91572185790363,75.96143197113692,76.00854194812881,76.0572899829513,76.10791426967644,76.16065300237626,76.21574437512278,76.27342658198805,76.33393781704406,76.39751627436289,76.46440014801651,76.534827632077,76.60903692061638,76.68726620770666,76.76975368741988,76.85673755382807,76.94845600100325,77.04506561560706,77.14611985453352,77.2509018501297,77.35869345962683,77.46877654025621,77.58043294924909,77.69294454383672,77.80559318125039,77.91766071872132,78.02842901348083,78.13717992276014,78.24319530379053,78.34575701380328,78.44414691002962,78.53764684970082,78.62553869004816,78.70710428830289,78.78162550169628,78.84838418745959,78.9066622028241,78.95574140502103,78.99490365128169,79.02343079883732,79.04060470491919,79.04570722675857,79.03802022158669,79.01682554663486,78.98140505913432,78.93104061631632,78.86501407541215,78.78260729365306,78.6831021282703,78.56578043649516,78.4299240755589,78.27481490269277,78.09973477512803
69.0281834288454,68.96017152782919,68.89896188917403,68.84435816263105,68.79616399795133,68.75418304488599,68.71821895318612,68.68807537260285,68.6635559528873,68.64446434379052,68.63060419506367,68.62177915645783,68.61779287772413,68.61844900861365,68.62355119887752,68.63290309826684,68.64630835653271,68.66357062342625,68.68449354869855,68.70888078210074,68.7365359733839,68.76726277229915,68.80086482859761,68.83714579203037,68.87590931234854,68.91695903930322,68.96009862264555,69.0051317121266,69.05186195749748,69.10009300850933,69.14962851491322,69.20027212646028,69.25182749290161,69.30409826398831,69.3568880894715,69.41000061910228,69.46323982921663,69.51647893214331,69.56974561485539,69.62308846575772,69.67655607325511,69.73019702575245,69.78405991165454,69.83819331936624,69.89264583729239,69.94746605383784,70.00270255740743,70.058403936406,70.11461877923838,70.17139567430945,70.22878321002402,70.28682997478694,70.34558455700305,70.40509554507722,70.46541152741425,70.52658109241902,70.58865282849634,70.65167532405108,70.71569716748807,70.78076694721214,70.84693325162816,70.91424466914098,70.9827497881554,71.0524971970763,71.1235354843085,71.19591323825686,71.26967904732622,71.34488149992141,71.42156918444728,71.49979068930865,71.57959460291043,71.6610295136574,71.74414250700549,71.82892224127072,71.91528147584778,72.00312789767882,72.09236919370586,72.182913050871,72.27466715611631,72.36753919638387,72.46143685861576,72.55626782975405,72.65193979674082,72.74836044651813,72.84543746602809,72.94307854221277,73.04119136201423,73.13968361237453,73.23846298023578,73.33743715254006,73.43651381622944,73.53560065824597,73.63460536553173,73.73343562502883,73.83199912367935,73.93020354842533,74.02795658620884,74.125165923972,74.22173924865687,74.31758424720555,74.41260860656003,74.50672001366247,74.59982615545495,74.69183471887949,74.7826533908782,74.87218985839316,74.96035180836644,75.04704692774011,75.13218750033057,75.21575459281415,75.29778222104902,75.37830576293014,75.45736059635253,75.53498209921118,75.61120564940104,75.68606662481714,75.75960040335444,75.83184236290792,75.9028278813726,75.97259233664344,76.04117110661544,76.1085995691836,76.17491310224285,76.24014708368823,76.30433689141474,76.3675179033173,76.42972549729099,76.49099505123071,76.5513619430315,76.61086155058833,76.66952925179616,76.72740042455005,76.7845104467449,76.84089469627578,76.89658855103762,76.95162738892542,77.00604658783418,77.05988152565887,77.1131675802945,77.16594012963601,77.21823455157845,77.27008622401677,77.32153052484598,77.37260283196103,77.4233351738017,77.47373482424,77.52379796207747,77.57352071378038,77.62289920581502,77.6719295646477,77.7206079167447,77.76893038857231,77.81689310659682,77.86449219728449,77.91172378710162,77.95858400251451,78.00506896998947,78.05117481599272,78.09689766699061,78.14223364944941,78.18717888983541,78.23172951461488,78.2758816502541,78.3196314232194,78.36297495997705,78.40590838699335,78.44842783073453,78.49052941766693,78.53220927425683,78.57346352697051,78.61428830227426,78.65467972663437,78.69463392651714,78.73414702838882,78.77321515871576,78.81183444396417,78.8500010106004,78.88771098509072,78.9249604939014,78.96174566349875
68.00724115015882,68.03092869979986,68.05486007986792,68.07906612520588,68.10357767065662,68.12842555106297,68.15364060126785,68.1792536561141,68.20529555044459,68.2317971191022,68.2587891969298,68.28630261877025,68.31436821946643,68.34301683386121,68.37227929679744,68.40218644311801,68.43276910766579,68.46405812528364,68.49608433081443,68.52887855910103,68.56247164498633,68.59689442331316,68.63217772892443,68.66835239666298,68.70544926137171,68.74349915789345,68.7825329210711,68.82258138574753,68.86367538676558,68.90584575896814,68.94912333719809,68.9935389562983,69.0391234511116,69.08590765648091,69.13392240724906,69.18319853825895,69.23376683384753,69.28564737109778,69.33883633779496,69.39332668934574,69.44911138115683,69.50618336863494,69.56453560718671,69.62416105221888,69.68505265913814,69.74720338335115,69.81060618026463,69.87525400528526,69.94113981381973,70.00825656127473,70.07659720305698,70.14615469457313,70.21692199122988,70.28889204843396,70.36205782159202,70.43641226611078,70.51194833739692,70.58865899085713,70.66653718189811,70.74557586592653,70.8257679983491,70.90710653457252,70.98958443000346,71.07319464004864,71.15793012011473,71.24378382560843,71.33074871193645,71.41881773450544,71.50798384872209,71.59824000999313,71.68957917372526,71.78199429532515,71.87547779985195,71.97000149510501,72.06551040633386,72.16194776886508,72.25925681802536,72.35738078914136,72.4562629175397,72.55584643854701,72.65607458748994,72.75689059969514,72.85823771048925,72.96005915519893,73.06229816915078,73.16489798767148,73.26780184608768,73.37095297972598,73.47429462391307,73.57777001397557,73.6813223852401,73.78489497303335,73.88843101268193,73.9918737395125,74.09516638885168,74.19825219602615,74.30107439636251,74.40357622518744,74.50570091782754,74.60739170960952,74.70859183585995,74.8092445319055,74.90929303307286,75.00868057468861,75.10735039207941,75.2052457205719,75.30230979549273,75.39848585216856,75.49371796775162,75.58796281559972,75.68118676565467,75.77335643728802,75.86443844987139,75.95439942277633,76.04320597537446,76.13082472703738,76.21722229713666,76.30236530504388,76.38622037013067,76.46875411176859,76.5499331493292,76.62972410218416,76.70809358970499,76.7850082312633,76.86043464623074,76.93433945397882,77.00668927387918,77.07745072530335,77.14659042762298,77.21407500020965,77.27987106243495,77.34394523367044,77.40626413328772,77.4667943806584,77.52550259515405,77.58235539614628,77.63731940300667,77.69036123510679,77.74144751181825,77.79054485251262,77.83761987656152,77.88263920333654,77.92556945220923,77.96637724255123,78.00506444562458,78.0418934661945,78.07724348091341,78.1114942172446,78.14502540265127,78.17821676459667,78.211448030544,78.24509892795655,78.27954918429751,78.31517852703013,78.35236668361765,78.39149338152333,78.43293834821034,78.47708131114197,78.52430199778146,78.574980135592,78.62949545203688,78.68822767457928,78.75155653068245,78.81986174780965,78.8935230534241,78.97292017498904,79.05843283996771,79.15044077582334,79.24932371001915,79.35546137001842,79.46923348328431,79.59101977728014,79.72119997946905,79.86015381731437,80.00826101827928,80.16590130982706,80.33345441942089,80.51130007452406,80.69981800259976,80.89938793111122
69.86997565520412,69.70015701476537,69.54424683652115,69.40182509760344,69.27247177514423,69.15576684627553,69.05129028812931,68.95862207783759,68.87734219253238,68.80703060934565,68.7472673054094,68.69763225785564,68.65770544381635,68.62706684042355,68.60529642480921,68.59197417410535,68.58668006544396,68.58899407595702,68.59849618277654,68.61476636303453,68.63738459386296,68.66593085239386,68.69998511575919,68.73912736109096,68.7829375655212,68.83099570618184,68.88288176020494,68.93817570472245,68.9964575168664,69.05730717376878,69.12030465256157,69.18502993037679,69.25106298434642,69.31798379160244,69.3853723292769,69.45280857450174,69.51987313575333,69.58628046650365,69.65204364608782,69.7172161598774,69.78185149324389,69.84600313155889,69.90972456019391,69.9730692645205,70.0360907299102,70.09884244173456,70.16137788536513,70.22375054617345,70.28601390953104,70.34822146080947,70.41042668538029,70.47268306861501,70.53504409588521,70.59756325256241,70.66029402401817,70.72328989562402,70.78660435275151,70.85029088077219,70.91440296505759,70.97899409097927,71.04411774390876,71.1098274092176,71.17617657227736,71.24321871845956,71.31100733313575,71.37959590167746,71.44903790945627,71.51938684184368,71.59069618421127,71.66301942193057,71.73641004037312,71.81092152491046,71.88660644886426,71.96348192961658,72.04151902602993,72.12068571879843,72.20094998861622,72.2822798161774,72.36464318217608,72.44800806730642,72.53234245226248,72.61761431773844,72.70379164442839,72.79084241302645,72.87873460422674,72.96743619872339,73.0569151772105,73.14713952038223,73.23807720893265,73.3296962235559,73.4219645449461,73.5148501537974,73.60832103080386,73.70234515665966,73.79689051205888,73.89192507769565,73.9874168342641,74.08333376245832,74.17964384297248,74.27631505650065,74.37331538373698,74.47061280537558,74.56817530211057,74.66597085463609,74.76396744364622,74.8621330498351,74.96043565389687,75.0588432365256,75.15732284519025,75.25582756354545,75.354299725874,75.45268138994753,75.55091461353764,75.64894145441598,75.74670397035413,75.84414421912373,75.94120425849641,76.03782614624377,76.13395194013746,76.22952369794906,76.32448347745023,76.41877333641256,76.51233533260768,76.60511152380721,76.69704396778278,76.78807472230599,76.87814584514848,76.96719939408185,77.05517742687773,77.14202200130775,77.22767517514352,77.31207900615667,77.3951755521188,77.47690687080154,77.55721501997651,77.63604205741532,77.71333004088963,77.789021028171,77.86305707703112,77.93538024524155,78.00593259057392,78.07465617079987,78.14149304369101,78.20638526701897,78.26925628950765,78.32989202738786,78.38801675441984,78.44335445359752,78.49562910791482,78.54456470036563,78.58988521394384,78.63131463164342,78.66857693645821,78.70139611138215,78.72949613940914,78.7526010035331,78.77043468674792,78.78272117204753,78.78918444242582,78.78954848087669,78.78353727039408,78.77087479397187,78.75128503460398,78.72449197528431,78.69021959900678,78.6481918887653,78.59813282755375,78.53976639836607,78.47281658419615,78.3970073680379,78.31206273288524,78.21770666173207,78.11366313757229,77.99965614339982,77.87540966220857,77.74064767699242,77.59509417074531,77.43847312646115,77.27050852713383,77.09092435575725
68.79321976486824,68.70867167854327,68.63107437781693,68.56025791593348,68.49605234613716,68.43828772167222,68.38679409578292,68.34140152171351,68.30194005270823,68.26823974201136,68.24013064286713,68.21744280851979,68.2000062922136,68.18765114719281,68.18020742670168,68.17750518398444,68.17937447228536,68.18564534484868,68.19614785491866,68.21071205573955,68.2291680005556,68.25134574261106,68.27707533515019,68.30618683141724,68.33851028465645,68.37387574811208,68.41211327502837,68.4530529186496,68.49652473222,68.54235876898382,68.59038508218532,68.64043372506873,68.69233475087836,68.74591821285838,68.80101416425312,68.85745265830678,68.91506394040314,68.97371898950267,69.03337966655539,69.09402012944015,69.15561453603577,69.21813704422111,69.28156181187498,69.34586299687622,69.41101475710371,69.47699125043623,69.54376663475264,69.61131506793177,69.67961070785248,69.74862771239358,69.81834023943392,69.88872244685234,69.95974849252767,70.03139253433875,70.10362873016442,70.17643123788349,70.24977421537486,70.3236318205173,70.3979782111897,70.47278754527085,70.54803398063962,70.62369167517483,70.69973478675533,70.77613747325994,70.85287389256752,70.92991820255688,71.00724456110689,71.08482712609636,71.16264005540414,71.24065750690906,71.31885363848995,71.39720260802568,71.47567887404861,71.55426858299859,71.63297306432055,71.7117946621652,71.7907357206833,71.86979858402555,71.94898559634268,72.02829910178544,72.10774144450453,72.1873149686507,72.26702201837466,72.34686493782715,72.4268460711589,72.50696776252063,72.58723235606308,72.66764219593696,72.748199626293,72.82890699128194,72.9097666350545,72.99078090176141,73.0719521355534,73.15328268058119,73.23477488099553,73.31643108094711,73.39825362458669,73.48024485606499,73.56240711953274,73.64474275914064,73.72725411903946,73.80994354337989,73.89281337631269,73.97586596198857,74.05910364455829,74.14252876817253,74.22614367698202,74.30995071513752,74.39395074709047,74.47812249660687,74.56242764350922,74.64682742919062,74.73128309504413,74.81575588246287,74.90020703283987,74.98459778756828,75.06888938804116,75.15304307565157,75.23702009179263,75.32078167785741,75.404289075239,75.48750352533051,75.57038626952499,75.65289854921554,75.73500160579523,75.81665668065718,75.89782501519444,75.97846785080012,76.05854642886729,76.13802199078906,76.21685577795847,76.29500903176867,76.3724429936127,76.44911890488365,76.52499800697461,76.60004154127867,76.67421074918892,76.74746687209844,76.81977115140032,76.89108482848764,76.96136914475348,77.03058534159094,77.0986946603931,77.16565834255303,77.23143304150823,77.29594150283656,77.3590912745129,77.42078983282538,77.48094465406203,77.53946321451093,77.59625299046017,77.65122145819782,77.70427609401197,77.75532437419069,77.80427377502205,77.85103177279413,77.89550584379504,77.93760346431279,77.9772321106355,78.01429925905126,78.04871238584812,78.08037896731416,78.10920647973747,78.13510239940612,78.15797420260819,78.17772936563176,78.19427536476489,78.20751967629568,78.21736977651219,78.22373314170252,78.22651724815472,78.22562957215689,78.22097758999708,78.2124687779634,78.2000106123439,78.18351056942666,78.16287612549979,78.13801475685133,78.10883393976937,78.07524115054198
69.99853447120631,69.80385138678031,69.62346029076716,69.45695412465707,69.30392582994031,69.16396834810706,69.03667462064757,68.9216375890521,68.81845019481085,68.72670537941403,68.64599608435194,68.57591525111474,68.51605582119268,68.46601073607602,68.42537293725496,68.39373536621974,68.37069096446061,68.35583267346777,68.34875343473146,68.34904618974193,68.35630387998938,68.37011944696405,68.39008583215622,68.41579597705604,68.44684282315379,68.48281931193966,68.52331838490394,68.56793298353682,68.61625604932854,68.66788052376936,68.72239934834946,68.77940546455909,68.83849181388848,68.89925133782788,68.9612769778675,69.0241616754976,69.08749894245776,69.15100318336286,69.21465853079917,69.2784856133153,69.34250505945991,69.40673749778156,69.47120355682893,69.53592386515061,69.60091905129522,69.66620974381138,69.73181657124769,69.7977601621528,69.86406114507534,69.93074014856387,69.99781780116709,70.06531473143355,70.13325156791188,70.20164893915074,70.27052747369873,70.33990780010444,70.40981054691653,70.48025634268359,70.55126581595425,70.62285959527713,70.69505830920087,70.76788258627406,70.84135305504532,70.9154903440633,70.99031508187656,71.06584789703376,71.14210941808355,71.21912027357448,71.29690109205524,71.37547250207439,71.45485513218054,71.53506961092239,71.61613612586328,71.6980577212662,71.7808151716406,71.86438776317073,71.94875478204094,72.03389551443547,72.11978924653869,72.20641526453483,72.29375285460819,72.38178130294312,72.47047989572388,72.55982791913476,72.64980465936011,72.74038940258416,72.83156143499124,72.92330004276562,73.01558451209166,73.1083941291536,73.20170818013575,73.29550595122242,73.3897667285979,73.48446979844648,73.57959444695248,73.67511996030018,73.77102562467387,73.86729072625786,73.96389455123645,74.06081638579393,74.15803551611458,74.25553122838272,74.35328280878267,74.45126954349868,74.54947071871507,74.64786562061613,74.74643353538617,74.84515374920947,74.94400304591169,75.04292076661845,75.14181742899079,75.24060280925019,75.33918668361807,75.43747882831586,75.53538901956503,75.632827033587,75.72970264660326,75.82592563483519,75.92140577450425,76.01605284183192,76.1097766130396,76.20248686434877,76.29409337198085,76.38450591215728,76.47363426109952,76.561388195029,76.64767749016717,76.73241192273548,76.81550126895536,76.89685530504825,76.9763838072356,77.05399655173888,77.12960331477949,77.2031138725789,77.27443800135853,77.34348547733985,77.4101660767443,77.47438957579331,77.53606575070832,77.5951043777108,77.65141523302215,77.70490809286386,77.75549273345734,77.80307893102406,77.84762469463723,77.88944450429052,77.92901261129914,77.96680402061664,78.00329373719654,78.03895676599241,78.07426811195776,78.10970278004618,78.14573577521115,78.18284210240625,78.22149676658503,78.262174772701,78.30535112570773,78.35150083055875,78.40109889220759,78.4546203156078,78.51254010571293,78.57533326747652,78.6434748058521,78.71743972579321,78.79770303225342,78.88473973018625,78.97902482454523,79.08103332028392,79.19124022235584,79.31012053571457,79.43814926531363,79.57580141610654,79.72355199304687,79.88187600108814,80.05124844518393,80.23214433028775,80.42503866135314,80.63040644333365,80.84872268118282,81.08046237985421
69.53260870784048,69.35707886460656,69.1959512601351,69.04879553853746,68.91518134392501,68.7946783204091,68.68685611210114,68.59128436311244,68.50753271755443,68.43517081953846,68.37376831317587,68.32289484257805,68.28212005185637,68.25101358512222,68.22914508648694,68.21608420006189,68.21140056995847,68.21466384028804,68.22544365516197,68.2433096586916,68.26783149498834,68.29857880816354,68.3351212423286,68.37702844159483,68.42387005007362,68.47521571187636,68.5306350711144,68.58969777189915,68.65197345834193,68.7170317745541,68.78444236464708,68.8537748727322,68.92459894292085,68.9964842193244,69.06900034605418,69.14171696722161,69.21420434396695,69.2861635475591,69.35758750394075,69.42850862890471,69.49895933824381,69.56897204775088,69.63857917321876,69.70781313044027,69.77670633520823,69.84529120331548,69.91360015055484,69.98166559271917,70.04951994560125,70.11719562499394,70.18472504669006,70.25214062648243,70.31947478016389,70.38675992352728,70.4540284723654,70.52131284247108,70.58864544963717,70.65605870965649,70.72358503832186,70.79125685142613,70.8591065647621,70.92716659412261,70.99546935530051,71.0640472640886,71.13293273627971,71.20215818766667,71.27175603404233,71.34175869119949,71.412198574931,71.48310810102967,71.55451968528834,71.62646574349984,71.69897859740139,71.77208691231826,71.84581460376728,71.92018526982761,71.99522250857844,72.07094991809888,72.14739109646808,72.22456964176524,72.30250915206946,72.38123322545991,72.46076546001576,72.54112945381615,72.62234880494023,72.70444711146716,72.78744797147608,72.87137498304617,72.95625174425655,73.04210185318638,73.12894890791482,73.21681650652103,73.30572824708415,73.39570772768334,73.48677854639774,73.57896430130653,73.67228859048885,73.76677501202383,73.86244716399065,73.95932864446846,74.05744305153638,74.15681398327362,74.25746503775929,74.35941981307255,74.46270190729257,74.56733491849849,74.67334244476946,74.78074808418464,74.88956570919827,74.99966366809944,75.11079828438673,75.22272299989208,75.33519125644742,75.44795649588465,75.56077216003578,75.67339169073267,75.7855685298073,75.89705611909159,76.00760790041747,76.11697731561688,76.22491780652174,76.33118281496402,76.43552578277564,76.53770015178853,76.63745936383464,76.73455686074585,76.82874608435418,76.9197804764915,77.00741347898976,77.09139853368092,77.17148908239687,77.24743856696959,77.31900042923098,77.38592811101302,77.44797505414759,77.50489470046665,77.55644049180216,77.60236586998602,77.64242427685016,77.67636915422656,77.70395394394711,77.72493208784377,77.73905702774846,77.74608220549311,77.74584853479043,77.73884340122176,77.72584394097345,77.70762865697999,77.68497605217584,77.65866462949552,77.62947289187348,77.59817934224421,77.56556248354218,77.53240081870189,77.49947285065784,77.46755708234446,77.43743201669628,77.40987615664774,77.38566800513337,77.3655860650876,77.35040883944495,77.3409148311399,77.33788254310691,77.34209047828048,77.35431713959508,77.37534102998521,77.40594065238534,77.44689450972994,77.49898110495351,77.56297894099052,77.63966652077548,77.72982234724283,77.83422492332707,77.9536527519627,78.08888433608416,78.24069817862599,78.40987278252263,78.59718665070855,78.80341828611827,79.02934619168627
68.9563005357797,68.82340305799947,68.70335167004923,68.5957354432107,68.50014344876567,68.41616475799584,68.34338844218301,68.28140357260888,68.2297992205552,68.18816445730373,68.1560883541362,68.13315998233439,68.11896841318001,68.11310271795482,68.11515196794056,68.12470523441898,68.14135158867184,68.16468010198085,68.19427984562778,68.22973989089438,68.27064930906239,68.31659717141353,68.36717254922961,68.4219645137923,68.4805621363834,68.54255448828462,68.60753064077774,68.67507966514448,68.74479063266658,68.81625261462581,68.88905468230392,68.96278590698262,69.03703535994369,69.11139211246885,69.18544523583986,69.25878380133847,69.33099755371158,69.4018190123217,69.47129924555563,69.53953242357099,69.60661271652536,69.67263429457633,69.73769132788145,69.80187798659834,69.8652884408846,69.92801686089777,69.99015741679547,70.05180427873525,70.11305161687473,70.17399360137146,70.23472440238307,70.2953381900671,70.35592913458116,70.41659140608283,70.47741917472969,70.53850661067933,70.59994788408933,70.66183716511729,70.72426862392076,70.78733643065736,70.85113475548467,70.91575776856025,70.98129964004171,71.04785454008663,71.11551663885258,71.18438010649717,71.25453911317796,71.32608782905255,71.39912042427852,71.47373106901345,71.55001393341493,71.62806318764054,71.70797095690445,71.7897498692448,71.87330928305637,71.95855165504983,72.04537944193586,72.13369510042516,72.22340108722837,72.3143998590562,72.4065938726193,72.49988558462837,72.59417745179407,72.68937193082708,72.78537147843811,72.88207855133778,72.97939560623682,73.07722509984588,73.17546948887565,73.27403123003678,73.37281278004,73.47171659559594,73.57064513341528,73.66950085020873,73.76818620268695,73.86660364756061,73.96465564154038,74.06224464133696,74.15927310366102,74.25564348522325,74.35125824273429,74.44601983290487,74.5398307124456,74.63259333806724,74.7242101664804,74.81458365439578,74.90361625852407,74.99121043557592,75.07727436312051,75.16180181972061,75.2448524797533,75.32648771266496,75.40676888790183,75.48575737491025,75.56351454313653,75.64010176202699,75.71558040102792,75.79001182958564,75.86345741714646,75.93597853315669,76.00763654706263,76.0784928283106,76.14860874634691,76.21804567061785,76.28686497056977,76.35512801564893,76.42289617530169,76.49023081897433,76.55719331611316,76.6238450361645,76.69024734857463,76.7564616227899,76.8225492282566,76.88857153442105,76.95458991072955,77.02066572662841,77.08686035156394,77.15323515498245,77.21985150633027,77.28677077505368,77.354054330599,77.42176354241253,77.4899597799406,77.5587044126295,77.62803239819617,77.69778349516992,77.76770997322647,77.83756368935829,77.9070965005578,77.97606026381744,78.04420683612965,78.1112880744869,78.17705583588157,78.24126197730617,78.30365835575311,78.36399682821484,78.42202925168381,78.47750748315245,78.5301833796132,78.5798087980585,78.62613559548082,78.66891562887257,78.70790075522619,78.74284283153415,78.77349371478887,78.79960526198282,78.82092933010841,78.8372177761581,78.84822245712432,78.85369522999953,78.85338795177616,78.84705247944666,78.83444067000346,78.81530438043902,78.78939546774576,78.75646578891613,78.7162672009426,78.66855156081756,78.61307072553349,78.54957655208283
68.40399425775341,68.38010786168734,68.36073801630737,68.34576108666899,68.33505343782767,68.32849143483885,68.32595144275803,68.32730982664066,68.33244295154219,68.34122718251811,68.35353888462389,68.36925442291498,68.38825016244685,68.41040246827497,68.43558770545481,68.46368223904183,68.4945624340915,68.52810465565928,68.56418526880064,68.60268063857106,68.643467130026,68.68642110822091,68.73141893821126,68.77833698505255,68.8270516138002,68.8774391895097,68.92937607723651,68.98273864203611,69.03740324896395,69.09324626307551,69.15014404942626,69.20797297307165,69.26660939906715,69.32592969246822,69.38581021833036,69.446127341709,69.50675761429487,69.5676171544526,69.62871035902211,69.69005356949954,69.75166312738108,69.81355537416293,69.87574665134122,69.93825330041216,70.00109166287189,70.06427808021661,70.12782889394249,70.19176044554571,70.25608907652244,70.32083112836885,70.38600294258111,70.45162086065542,70.51770122408793,70.58426037437482,70.65131465301226,70.71888040149643,70.78697396132351,70.85561167398967,70.92480988099109,70.99458492382394,71.06495314398438,71.13593088296861,71.20753448227279,71.27978028339311,71.35268462782571,71.4262638570668,71.50053431261254,71.5755123359591,71.65121426860267,71.72765645203941,71.80485522776551,71.88282693727713,71.96158770700181,72.04114530257408,72.12149662866256,72.20263786407924,72.28456518763618,72.36727477814533,72.45076281441874,72.5350254752684,72.62005893950631,72.70585938594448,72.79242299339492,72.87974594066965,72.96782440658066,73.05665456993997,73.14623260955958,73.23655470425149,73.32761703282772,73.41941577410027,73.51194710688115,73.60520720998237,73.69919226221593,73.79389844239384,73.88932192932812,73.98545890183075,74.08230553871375,74.17985801878915,74.27811252086892,74.37706522376509,74.47671230628966,74.57704994725464,74.67807432547202,74.77978161975385,74.88216800891209,74.98522967175877,75.0889627871059,75.19336353376548,75.2984246146676,75.40408672324996,75.51025051594004,75.61681561927439,75.7236816597895,75.83074826402193,75.93791505850822,76.04508166978489,76.1521477243885,76.25901284885553,76.36557666972259,76.47173881352614,76.57739890680276,76.68245657608897,76.7868114479213,76.8903631488363,76.99301130537049,77.09465554406039,77.19519549144258,77.29453077405354,77.39256101842984,77.489185851108,77.58430489862457,77.67781778751606,77.76962414431902,77.85962359556997,77.94771576780548,78.03380028756203,78.1177767813762,78.1995448757845,78.27900419732346,78.35605437252964,78.43059502793955,78.50252579008973,78.57174628551672,78.63815614075706,78.70168575409498,78.76249294626273,78.82083746940687,78.87697955648248,78.9311794404447,78.98369735424863,79.03479353084937,79.08472820320205,79.13376160426175,79.18215396698362,79.23016552432273,79.2780565092342,79.32608715467317,79.37451769359471,79.42360835895396,79.47361938370601,79.52481100080597,79.57744344320896,79.6317769438701,79.68807173574446,79.74658805178719,79.80758612495339,79.87132618819815,79.9380684744766,80.00807321674384,80.081600647955,80.15891100106516,80.24026450902944,80.32592140480295,80.41614192134082,80.51118629159814,80.61131474853002,80.71678752509158,80.8278648542379,80.94480696892413,81.06787410210536
68.92509913168827,68.83783360843837,68.75901713078616,68.68840218778708,68.62574126849663,68.57078686197029,68.52329145726353,68.48300754343182,68.44968760953068,68.42308414461556,68.40294963774193,68.38903657796529,68.38109745434112,68.37888475592487,68.38215097177206,68.39064859093814,68.40413010247862,68.42234799544893,68.44505475890459,68.47200288190108,68.50294485349386,68.5376331627384,68.57582029869022,68.61725875040476,68.66170100693752,68.70889955734397,68.7586068906796,68.81057549599988,68.8645578623603,68.92030647881633,68.97757383442344,69.03611241823714,69.09567471931287,69.15601322670614,69.21688042947243,69.27802881666719,69.33921125031398,69.40025966166321,69.46118239585365,69.52201166797934,69.58277969313431,69.64351868641263,69.70426086290833,69.76503843771545,69.82588362592804,69.88682864264014,69.94790570294579,70.00914702193903,70.07058481471391,70.13225129636449,70.1941786819848,70.25639918666887,70.31894502551076,70.38184841360452,70.44514156604417,70.50885669792378,70.57302602433737,70.637681760379,70.70285612114272,70.76858132172255,70.83488957721254,70.90181310270675,70.96938411329921,71.03763482408398,71.10659745015509,71.17630420660657,71.2467873085325,71.31807897102689,71.3902114091838,71.46321683809727,71.53712747286134,71.61197552857007,71.68779273372711,71.76459190063514,71.84236126878271,71.92108743541583,72.00075699778051,72.08135655312279,72.16287269868866,72.24529203172413,72.32860114947523,72.41278664918798,72.49783512810836,72.58373318348242,72.67046741255616,72.75802441257561,72.84639078078676,72.93555311443563,73.02549801076825,73.11621206703062,73.20768188046875,73.29989404832867,73.39283516785639,73.48649183629792,73.58085065089927,73.67589820890646,73.77162110756551,73.86800594412242,73.96503931582322,74.06270781991392,74.16099805364053,74.25989661424906,74.35939009898554,74.45946510509597,74.56010822982637,74.66130607042275,74.76304522413115,74.86531228819753,74.96808896173438,75.07128365326287,75.17474835206185,75.27833359611142,75.38188992339163,75.4852678718825,75.58831797956412,75.69089078441651,75.79283682441977,75.89400663755391,75.99425076179901,76.09341973513513,76.19136409554228,76.28793438100057,76.38298112949002,76.4763548789907,76.56790616748265,76.65748553294593,76.74494351336061,76.83013064670672,76.91289747096432,76.99309452411347,77.07057234413422,77.14518146900664,77.21677243671076,77.28519578522665,77.35030205253435,77.41194177661393,77.46996549544544,77.52422374700893,77.57456706928446,77.62084600025206,77.66291107789182,77.70061284018378,77.73380182510799,77.7623285706445,77.7861011344711,77.80545268078151,77.82090690776822,77.83298841236893,77.84222179152137,77.84913164216327,77.85424256123234,77.85807914566632,77.86116599240295,77.86402769837993,77.867188860535,77.87117407580588,77.8765079411303,77.883715053446,77.89332000969067,77.90584740680207,77.9218218417179,77.9417679113759,77.96621021271382,77.99567334266933,78.03068189818022,78.07176047618417,78.1194336736189,78.17422608742218,78.23666231453171,78.30726695188521,78.38656459642043,78.47507984507507,78.57333729478685,78.68186154249354,78.80117718513283,78.93180881964246,79.07428104296014,79.2291184520236,79.39684564377059,79.5779872151388
69.22799713626586,69.06920804096252,68.92443487735365,68.79323685624412,68.67517318843889,68.56980308474283,68.47668575596087,68.39538041289792,68.32544626635892,68.26644252714875,68.21792840607236,68.17946311393463,68.15060586154046,68.13091585969481,68.11995231920255,68.11727445086863,68.12244146549794,68.1350125738954,68.1545469868659,68.1806039152144,68.21274256974577,68.25052216126495,68.29350190057686,68.34124099848637,68.39329866579844,68.44923411331796,68.50860655184985,68.57097519219901,68.63589924517038,68.70293792156883,68.77165043219932,68.84159598786674,68.912333799376,68.98342307753202,69.05442303313973,69.12489287700402,69.19439253024302,69.26263250038087,69.32965927310207,69.39556479413818,69.4604410092208,69.52437986408154,69.587473304452,69.64981327606375,69.71149172464837,69.77260059593749,69.83323183566267,69.8934773895555,69.95342920334758,70.0131792227705,70.07281939355587,70.13244166143525,70.19213797214024,70.25200027140247,70.31212050495347,70.37259061852484,70.43350255784821,70.49494826865515,70.55701969667726,70.61980878764612,70.6834074872933,70.74790774135045,70.8134014955491,70.87998069562087,70.94773728729734,71.01676321631012,71.0871504283908,71.15899086927095,71.23237648468219,71.30739922035607,71.38415102202421,71.46272383541819,71.5432074642491,71.6256084411799,71.70982512683696,71.79574865252727,71.88327014955789,71.97228074923581,72.06267158286809,72.15433378176175,72.24715847722385,72.34103680056137,72.43585988308138,72.53151885609088,72.6279048508969,72.72490899880651,72.82242243112671,72.92033627916453,73.01854167422698,73.11692974762116,73.21539163065401,73.31381845463264,73.41210135086402,73.51013145065522,73.60779988531326,73.70499778614513,73.80161628445791,73.89754651155863,73.99267959875431,74.08690667735195,74.18011887865859,74.2722073339813,74.36306317462709,74.45257753190299,74.54064153711599,74.62714632157318,74.71198301658157,74.79504275344817,74.87622564261679,74.95556614902219,75.03320216395227,75.10927423917991,75.18392292647798,75.25728877761941,75.32951234437704,75.40073417852375,75.47109483183249,75.54073485607606,75.60979480302737,75.67841522445934,75.7467366721448,75.81489969785667,75.88304485336784,75.95131269045118,76.01984376087952,76.08877861642583,76.15825780886297,76.22842188996378,76.29941141150121,76.37136692524808,76.44442898297731,76.51873813646176,76.59443493747435,76.67165993778795,76.7505536891754,76.83125674340965,76.91390965226356,76.99865296750997,77.08562724092184,77.17497302427199,77.26683086933332,77.36134132787873,77.4586449516811,77.55888229251332,77.66209590946829,77.76760413448872,77.87440069876502,77.98147780235189,78.08782764530412,78.19244242767641,78.29431434952352,78.39243561090024,78.48579841186123,78.57339495246131,78.65421743275519,78.72725805279765,78.79150901264339,78.8459625123472,78.8896107519638,78.92144593154794,78.94046025115438,78.94564591083784,78.9359951106531,78.91050005065486,78.8681529308979,78.80794595143698,78.72887131232682,78.62992121362217,78.51008785537778,78.36836343764841,78.20374016048876,78.01521022395363,77.80176582809776,77.56239917297586,77.29610245864271,77.00186788515302,76.67868765256156,76.32555396092312,75.94145901029236,75.52539500072407
68.66237393902196,68.56530746352027,68.47878790924797,68.40247493448335,68.33602819750469,68.27910735659033,68.23137207001857,68.19248199606768,68.162096793016,68.13987611914182,68.12547963272341,68.1185669920391,68.11879785536719,68.12583188098598,68.13932872717378,68.15894805220888,68.18434951436957,68.21519277193418,68.25113748318098,68.29184330638832,68.33696989983444,68.38617692179768,68.43912403055633,68.4954708843887,68.55487714157306,68.61700246038774,68.68150649911107,68.74804891602129,68.81628936939674,68.8858875175157,68.95650301865649,69.02779553109741,69.09942471311678,69.17105022299285,69.24233171900394,69.31292885942837,69.38250187749452,69.45083289585224,69.51797598854907,69.58402202643909,69.64906188037631,69.71318642121477,69.77648651980854,69.83905304701167,69.90097687367816,69.96234887066211,70.02325990881752,70.08380085899847,70.14406259205896,70.20413597885306,70.26411189023483,70.32408119705826,70.38413477017747,70.44436348044644,70.50485819871925,70.56570979584993,70.6270091426925,70.68884711010105,70.75131456892959,70.81450239003217,70.87850144426287,70.94340260247567,71.00929673552466,71.07627471426387,71.14442740954735,71.21384569222914,71.28462043316327,71.35684250320381,71.43060277320478,71.50599211402023,71.58310139650422,71.66202149151077,71.74284135918751,71.82557568096944,71.91014264761668,71.99645400125513,72.0844214840107,72.17395683800933,72.26497180537689,72.35737812823928,72.45108754872243,72.54601180895222,72.6420626510546,72.73915181715543,72.83719104938066,72.93609208985617,73.03576668070787,73.13612656406167,73.23708348204347,73.3385491767792,73.44043539039473,73.54265386501599,73.64511634276889,73.74773456577933,73.85042027617321,73.95308521607645,74.05564112761493,74.1579997529146,74.26007283410135,74.36177211330107,74.46300933263967,74.56369623424307,74.66374456023718,74.76306605274789,74.86157245390112,74.95917550582274,75.05578695063873,75.15131853047494,75.24568300830225,75.33880842195693,75.43063456789683,75.52110154505243,75.6101494523542,75.69771838873254,75.78374845311797,75.8681797444409,75.9509523616318,76.03200640362115,76.11128196933939,76.18871915771696,76.26425806768432,76.33783879817197,76.40940144811032,76.47888611642983,76.54623290206099,76.61138190393423,76.67427322098001,76.73484695212878,76.793043196311,76.84880205245716,76.90206361949767,76.95276799636301,77.00085528198362,77.04626557528996,77.08893897521253,77.12881558068173,77.16583549062804,77.19993880398191,77.23106561967381,77.25915603663418,77.28415015379349,77.3059880700822,77.32460988443074,77.33995569576959,77.35200252837238,77.36100030787709,77.36732127512096,77.3713382478997,77.37342404400906,77.37395148124475,77.37329337740249,77.37182255027803,77.36991181766706,77.36793399736534,77.36626190716858,77.36526836487249,77.36532618827283,77.36680819516529,77.3700872033456,77.37553603060952,77.38352749475274,77.39443441357099,77.40862960486001,77.42648588641552,77.44837607603324,77.47467299150888,77.50574945063819,77.54197827121689,77.5837322710407,77.63138426790535,77.68530707960656,77.74587352394005,77.81345641870155,77.8884285816868,77.9711628306915,78.06203198351139,78.1614088579422,78.26966627177964,78.38717704281946,78.51431398885734
69.24616100617143,69.09568470013187,68.95758978376207,68.83150909964864,68.71707549037814,68.61392179853715,68.52168086671227,68.43998553749009,68.36846865345717,68.30676305720013,68.25450159130553,68.21131709835996,68.17684242095001,68.15071040166225,68.1325538830833,68.1220057077997,68.11869871839808,68.12226575746499,68.13233966758702,68.14855329135077,68.17053947134282,68.19793105014975,68.23036087035814,68.26746177455458,68.30886660532566,68.35420820525798,68.40311941693808,68.45523308295259,68.51018204588807,68.56759914833111,68.6271172328683,68.68836914208622,68.75098771857147,68.8146058049106,68.87885624369022,68.94337187749693,69.00778610409559,69.07185001905272,69.13557731727514,69.19901722508152,69.26221896879049,69.32523177472072,69.38810486919085,69.45088747851953,69.5136288290254,69.57637814702711,69.63918465884332,69.70209759079268,69.76516616919382,69.8284396203654,69.89196717062606,69.95579804629448,70.01998147368927,70.0845666791291,70.1496028889326,70.21513932941845,70.28122522690528,70.34790980771173,70.41524229815647,70.48327192455812,70.55204791323536,70.62161949050682,70.69203588269114,70.763346316107,70.83560001707303,70.90884621190789,70.9831341269302,71.05851298845865,71.13503202281184,71.21274045630845,71.29168751526713,71.37192242600652,71.45349301948673,71.5363928821041,71.62054513464811,71.70586818857309,71.7922804553334,71.87970034638336,71.96804627317734,72.05723664716966,72.14718987981469,72.23782438256676,72.32905856688022,72.42081084420938,72.51299962600865,72.60554332373232,72.69836034883474,72.7913691127703,72.88448802699328,72.97763550295808,73.07072995211901,73.1636897859304,73.25643341584664,73.34887925332204,73.44094570981098,73.53255119676776,73.62361412564674,73.71405290790226,73.80378595498868,73.89273167836033,73.98080848947157,74.06793479977672,74.15402902073016,74.23900956378621,74.3227948403992,74.4053032620235,74.48645324011345,74.56616318612338,74.64435949681307,74.72108805277163,74.79648671347657,74.87069570442189,74.94385525110154,75.01610557900945,75.08758691363958,75.15843948048591,75.22880350504236,75.29881921280294,75.36862682926154,75.4383665799122,75.50817869024881,75.57820338576535,75.64858089195577,75.71945143431405,75.79095523833409,75.86323252950992,75.93642353333546,76.01066847530468,76.0861075809115,76.16288107564993,76.24112918501389,76.32099213449733,76.40261014959425,76.48612345579856,76.57167227860428,76.65939684350529,76.74943737599558,76.84193410156912,76.93702724571988,77.03485703394178,77.13556369172876,77.23928744457486,77.34616851797394,77.45634713742002,77.56988115479508,77.68621962950512,77.80453875836658,77.92401345110811,78.04381861745843,78.16312916714624,78.28112000990022,78.39696605544911,78.50984221352157,78.61892339384632,78.72338450615207,78.82240046016749,78.91514616562132,79.0007965322422,79.0785264697589,79.14751088790005,79.20692469639441,79.25594280497064,79.29374012335744,79.31949156128356,79.33237202847762,79.33155643466837,79.31621968958451,79.28553670295476,79.23868238450775,79.17483164397224,79.0931593910769,78.99284053555043,78.87304998712155,78.73296265551893,78.57175345047132,78.38859728170736,78.1826690589558,77.9531436919453,77.69919609040456,77.42000116406233
68.63360260859142,68.53936458739896,68.45413943200056,68.37766438274055,68.30967667996332,68.2499135640132,68.19811227523458,68.15401005397182,68.11734414056926,68.08785177537129,68.06527019872227,68.04933665096657,68.03978837244853,68.03636260351252,68.0387965845029,68.04682755576407,68.06019275764035,68.07862943047613,68.10187481461575,68.1296661504036,68.16174067818402,68.19783563830138,68.23768827110005,68.2810358169244,68.32761551611878,68.37716460902756,68.4294203359951,68.48411993736576,68.5410006534839,68.59979972469391,68.66025439134013,68.72210189376692,68.78507947231866,68.8489243673397,68.91337381917442,68.97816506816716,69.04303576274667,69.10781006522886,69.17250516183823,69.23716435619923,69.30183095193627,69.36654825267378,69.43135956203618,69.49630818364788,69.56143742113333,69.62679057811694,69.69241095822314,69.75834186507633,69.82462660230095,69.89130847352145,69.95843078236221,70.02603683244767,70.09416992740226,70.1628733708504,70.23219046641653,70.30216451772503,70.37283882840038,70.44425670206695,70.5164614423492,70.58949635287154,70.66340473725838,70.73822989913417,70.81401514212332,70.89080376985027,70.96863908593942,71.0475643940152,71.12762299770203,71.20885820062435,71.29131330640658,71.37503161867312,71.46005644104842,71.5464310771569,71.63419760465011,71.72335044148448,71.81382209398683,71.90554093082547,71.99843532066879,72.09243363218513,72.18746423404284,72.28345549491029,72.38033578345582,72.4780334683478,72.5764769182546,72.67559450184456,72.77531458778603,72.87556554474736,72.9762757413969,73.07737354640307,73.17878732843417,73.28044545615856,73.38227629824462,73.4842082233607,73.58616960017514,73.6880887973563,73.78989418357253,73.8915141274922,73.9928769977837,74.09391116311531,74.19454499215544,74.29470685357245,74.39432511603465,74.49332814821045,74.59164431876818,74.6892019963762,74.78592954970287,74.88175534741654,74.97660775818557,75.07041515067831,75.16310783479463,75.25464516700956,75.3450088639091,75.4341812172591,75.52214451882531,75.60888106037348,75.69437313366939,75.77860303047885,75.86155304256758,75.94320546170141,76.02354257964606,76.10254668816737,76.18020007903104,76.25648504400289,76.33138387484868,76.4048788633342,76.47695230122523,76.54758648028749,76.61676369228681,76.68446622898892,76.75067638215964,76.81537644356473,76.87854870496994,76.94017545814108,77.0002389948439,77.05872160684419,77.1156055859077,77.17087322380021,77.22450681228753,77.27648864313537,77.32680100810956,77.37542619897587,77.42234650750004,77.46754422544788,77.51100164458512,77.55270105667759,77.59263039529426,77.6308192904562,77.66731606065775,77.70216911254639,77.73542685276954,77.7671376879747,77.79735002480933,77.82611226992097,77.85347282995704,77.87948011156502,77.90418252139239,77.92762846608665,77.94986635229523,77.97094458666564,77.99091157584536,78.00981572648183,78.02770544522258,78.04462913871504,78.0606352136067,78.07577207654504,78.09008813417753,78.10363179315166,78.11645146011489,78.12859554171467,78.14011244459854,78.15105057541393,78.16145834080834,78.17138414742922,78.18087640192408,78.18998351094035,78.19875388112553,78.20723591912713,78.21547803159257,78.22352862516934,78.23143610650493,78.23924888224681
68.09145582239388,68.08156318119168,68.07548018932873,68.07309690824556,68.07430339938276,68.07898972418084,68.08704594408037,68.09836212052193,68.11282831494604,68.13033458879326,68.15077100350416,68.17402762051928,68.19999450127918,68.2285617072244,68.2596192997955,68.29305734043304,68.32876589057757,68.36663501166964,68.4065547651498,68.44841521245863,68.49210641503664,68.53751843432441,68.5845413317625,68.63306516879145,68.6829800068518,68.73417590738414,68.78654293182899,68.83997114162693,68.89435059821848,68.94957136304423,69.00552349754471,69.06209706316048,69.1191821213321,69.17666873350011,69.23444696110506,69.29240686558754,69.35043870425771,69.40847425879294,69.46653795721791,69.52466676321538,69.58289764046803,69.64126755265862,69.69981346346984,69.75857233658442,69.81758113568507,69.87687682445453,69.9364963665755,69.9964767257307,70.05685486560286,70.11766774987468,70.1789523422289,70.24074560634823,70.3030845059154,70.3660060046131,70.42954706612407,70.49374465413104,70.5586357323167,70.6242572643638,70.69064621395503,70.75783954477315,70.82587422050084,70.89478720482082,70.96461546141583,71.03539595396857,71.10716564616177,71.17996150167815,71.25382048420042,71.32877955741131,71.40487568499353,71.4821458306298,71.56062695800286,71.6403560307954,71.72136868229096,71.80364882650372,71.88711319228776,71.97167401839981,72.05724354359664,72.14373400663499,72.23105764627158,72.31912670126317,72.40785341036651,72.49715001233832,72.58692874593538,72.6771018499144,72.76758156303212,72.85828012404531,72.9491097717107,73.03998274478504,73.13081128202505,73.22150762218749,73.3119840040291,73.40215266630663,73.49192584777683,73.58121578719641,73.66993472332214,73.75799489491077,73.845308540719,73.93178789950363,74.01734521002138,74.10189271102897,74.18534264128316,74.26760723954071,74.34859874455834,74.4282293950928,74.50641142990084,74.58305708773919,74.65807860736462,74.73138822753383,74.80290411397813,74.87263311752933,74.9406503589852,75.00703271528417,75.07185706336462,75.13520028016495,75.19713924262359,75.2577508276789,75.31711191226933,75.37529937333322,75.43239008780901,75.4884609326351,75.54358878474989,75.59785052109177,75.65132301859914,75.70408315421042,75.756207804864,75.80777384749827,75.85885815905165,75.90953761646253,75.9598890966693,76.00998947661039,76.05991563322418,76.10974444344907,76.15955278422348,76.20941753248579,76.25941556517441,76.30962375922773,76.36011899158419,76.41097813918213,76.46227807896,76.51409568785618,76.56650784280907,76.61959142075709,76.67342329863861,76.72808035339206,76.78362950426701,76.84006407696921,76.89734441236025,76.9554306957128,77.01428311229955,77.07386184739316,77.13412708626633,77.19503901419175,77.25655781644207,77.31864367829,77.38125678500822,77.4443573218694,77.50790547414624,77.57186142711139,77.63618536603757,77.70083747619745,77.7657779428637,77.83096695130902,77.89636468680607,77.96193133462755,78.02762708004614,78.09341210833452,78.15924660476537,78.22509075461139,78.29090474314522,78.35664875563958,78.42228297736715,78.4877675936006,78.5530627896126,78.61812875067585,78.68292566206304,78.74741370904685,78.81155307689994,78.87530395089502,78.93862651630474,79.00148095840181
69.09441943166385,68.99685295081949,68.90746177893645,68.82603981960236,68.7523809764048,68.68627915293133,68.62752825276961,68.57592217950717,68.53125483673165,68.49332012803063,68.46191195699168,68.43682422720244,68.41785084225046,68.40478570572336,68.39742272120871,68.39555579229415,68.39897882256722,68.40748571561554,68.4208703750267,68.4389267043883,68.46144860728792,68.48822998731318,68.51906474805163,68.55374679309091,68.59207002601859,68.63382835042228,68.67881566988954,68.726825888008,68.77765290836524,68.83109063454884,68.88693297014642,68.94497381874557,69.00500708393386,69.0668266692989,69.1302264784283,69.19500041490961,69.26094260425617,69.32789422023109,69.39580140745673,69.46462451380069,69.53432388713057,69.60485987531396,69.67619282621847,69.74828308771168,69.82109100766121,69.89457693393464,69.96870121439959,70.04342419692362,70.11870622937438,70.19450765961942,70.27078883552635,70.34751010496278,70.42463181579627,70.5021143158945,70.57991795312499,70.65800307535535,70.7363300304532,70.81485916628613,70.89355083072174,70.97236537162762,71.05126313687138,71.13020447432059,71.20914973184288,71.28805925730585,71.36689339857706,71.44561250352415,71.52417692001468,71.60254699591628,71.68068307909651,71.758545517423,71.83609465876334,71.91329085098515,71.99009553973444,72.06651284679451,72.14260233176047,72.21842725922961,72.29405089379928,72.36953650006679,72.44494734262948,72.52034668608466,72.5957977950297,72.67136393406192,72.74710836777861,72.82309436077712,72.89938517765479,72.97604408300894,73.05313434143692,73.13071921753603,73.20886197590359,73.28762588113698,73.36707419783347,73.44727019059043,73.52827712400516,73.610158262675,73.6929768711973,73.77679621416935,73.86167955618852,73.94769016185212,74.03489129575748,74.12334622250192,74.21311820668278,74.30427051289739,74.39686640574307,74.49096914981716,74.58664200971695,74.68394825003985,74.7829511353831,74.88371393034409,74.98628956984713,75.09057642630232,75.1963538895901,75.30339828894715,75.4114859536101,75.52039321281559,75.62989639580032,75.73977183180084,75.8497958500539,75.95974477979608,76.06939495026405,76.17852269069446,76.28690433032394,76.39431619838915,76.5005346241267,76.6053359367733,76.70849646556555,76.80979253974012,76.90900048853364,77.00589664118276,77.10025732692414,77.19185887499442,77.28047761463021,77.36588987506822,77.44787198554506,77.52620027529737,77.60065107356182,77.67100070957504,77.73702551257368,77.79850181179437,77.85520593647378,77.90691421584857,77.95340297915534,77.9944485556308,78.02982727451153,78.0593154650342,78.08276264322599,78.10055922123767,78.11333804246367,78.12173309384194,78.12637836231046,78.12790783480723,78.12695549827025,78.12415533963745,78.12014134584687,78.11554750383648,78.11100780054427,78.10715622290822,78.10462675786628,78.10405339235648,78.10607011331679,78.11131090768517,78.12040976239966,78.13400066439819,78.15271760061877,78.17719455799939,78.20806552347803,78.24596448399264,78.29152542648127,78.34538233788184,78.40816920513238,78.48052001517088,78.56306875493529,78.6564494113636,78.7612959713938,78.87824242196389,79.00792275001182,79.15097094247561,79.30802098629324,79.47970686840269,79.66666257574191,79.86952209524894
68.76134304964901,68.67415815798901,68.5960949228581,68.52687656600409,68.46622630917486,68.41386737411824,68.36952298258205,68.33291635631414,68.30377071706235,68.28180928657453,68.26675528659851,68.25833193888212,68.25626246517322,68.26027008721962,68.2700780267692,68.28540950556977,68.30598774536918,68.33153596791527,68.36177739495588,68.39643524823884,68.43523274951201,68.47789312052319,68.52413958302027,68.57369535875105,68.6262836694634,68.68162773690514,68.73945078282412,68.79947602896817,68.86142669708514,68.92502600892286,68.98999718622915,69.0560634507519,69.12294802423892,69.19037412843804,69.25806498509712,69.32574381596399,69.39313426731323,69.46004998508977,69.52650541638965,69.59254217802084,69.65820188679118,69.7235261595086,69.78855661298098,69.85333486401623,69.91790252942224,69.9823012260069,70.04657257057812,70.11075817994379,70.1748996709118,70.23903866029006,70.30321676488647,70.36747560150891,70.43185678696528,70.49640193806351,70.56115267161144,70.626150604417,70.69143735328811,70.75705453503261,70.82304376645845,70.88944666437348,70.95630484558563,71.02365992690281,71.09155352513287,71.16002725708373,71.22912273956331,71.29888158937946,71.36934542334012,71.44055585825316,71.51255451092649,71.585382998168,71.65908293678561,71.73369594358718,71.80926321827792,71.88580974569558,71.96333944699151,72.04185483559547,72.12135842493721,72.20185272844655,72.28334025955321,72.36582353168696,72.44930505827753,72.53378735275473,72.61927292854828,72.705764299088,72.79326397780359,72.88177447812484,72.9712983134815,73.06183799730331,73.15339604302011,73.24597496406157,73.33957727385753,73.43420548583768,73.52986211343182,73.6265496700697,73.72427066918111,73.82302762419576,73.92282304854345,74.02365945565394,74.12553935895697,74.22846527188233,74.33243970785975,74.43746518031901,74.54354420268987,74.65067928840209,74.75887295088545,74.86812770356967,74.97844605988455,75.08983053325981,75.20227779027952,75.31569701139158,75.42993003004304,75.54481694728226,75.66019786415755,75.7759128817173,75.89180210100979,76.0077056230834,76.12346354898645,76.23891597976727,76.35390301647423,76.46826476015563,76.58184131185983,76.69447277263517,76.80599924352998,76.9162608255926,77.02509761987137,77.13234972741462,77.23785724927072,77.34146028648796,77.44299894011472,77.54231331119931,77.63924350079007,77.73362960993538,77.82531173968353,77.91412999108286,77.99992446518173,78.08253526302848,78.16180248567143,78.23756623415893,78.30966660953932,78.37794371286093,78.44223764517211,78.50238850752119,78.55823640095649,78.60962142652639,78.65642006893628,78.6987777108573,78.73696025582466,78.77123417586823,78.80186594301787,78.82912202930346,78.85326890675485,78.87457304740191,78.8933009232745,78.9097190064025,78.92409376881578,78.93669168254418,78.94777921961759,78.95762285206587,78.96648905191888,78.97464429120647,78.98235504195857,78.98988777620497,78.99750896597557,79.00548508330023,79.01408260020884,79.02356798873123,79.03420772089729,79.04626826873687,79.06001610427984,79.07571769955608,79.09363952659542,79.11404805742778,79.13720976408298,79.16339111859092,79.19285859298144,79.22587865928442,79.2627177895297,79.30364245574718,79.34891912996672,79.39881428421818
69.9623073723238,69.7540039915608,69.5631893739779,69.38930522432062,69.23179324733438,69.09009514776464,68.96365263035688,68.85190739985653,68.75430116100908,68.67027561855998,68.59927247725469,68.54073344183865,68.49410021705735,68.45881450765624,68.43431801838076,68.4200524539764,68.4154595191886,68.41998091876283,68.43305835744454,68.45413353997918,68.48264817111225,68.51804395558916,68.55976259815542,68.60724580355644,68.65993527653771,68.71727272184468,68.77869984422281,68.84365834841756,68.9115899391744,68.98193632123878,69.05413919935616,69.127640278272,69.20188126273175,69.27630385748088,69.35034976726487,69.42346069682914,69.49507926819683,69.56484256625525,69.63282154822546,69.69914587709883,69.76394521586674,69.82734922752059,69.88948757505175,69.9504899214516,70.01048592971154,70.06960526282293,70.12797758377715,70.18573255556561,70.24299984117965,70.2999091036107,70.35659000585011,70.41317221088926,70.46978538171955,70.52655918133235,70.58362327271904,70.64110731887101,70.69914098277964,70.75785392743632,70.8173758158324,70.87783631095931,70.9393650758084,71.00209177337105,71.06614606663865,71.13165761860259,71.19875609225424,71.26757115058498,71.33823245658621,71.41086967324931,71.48561246356563,71.56259049052659,71.64193341712354,71.7237709063479,71.80822965865256,71.89532120580941,71.98490747139988,72.0768403804383,72.170971857939,72.26715382891626,72.36523821838443,72.4650769513578,72.56652195285068,72.66942514787739,72.77363846145225,72.87901381858957,72.98540314430366,73.09265836360883,73.20063140151942,73.3091741830497,73.41813863321403,73.52737667702668,73.63674023950199,73.74608124565427,73.85525162049781,73.96410328904696,74.07248817631601,74.18025820731928,74.2872653070711,74.39336140058575,74.49839841287756,74.60222826896086,74.70470289384993,74.80567421255911,74.9049941501027,75.00251463149502,75.09808758175038,75.1915649258831,75.28279858890748,75.37164049583785,75.45795112442768,75.54171892674998,75.62303086976229,75.7019764545671,75.77864518226691,75.85312655396424,75.92551007076156,75.99588523376136,76.06434154406615,76.13096850277843,76.19585561100067,76.2590923698354,76.32076828038508,76.38097284375223,76.43979556103935,76.49732593334892,76.55365346178343,76.60886764744538,76.66305799143728,76.71631399486162,76.76872515882089,76.82038098441758,76.87137097275419,76.92178462493324,76.97171144205717,77.02124092522853,77.0704625755498,77.11946589412345,77.16834038205201,77.21717554043795,77.26606087038377,77.31508587299199,77.36434004936507,77.41391290060552,77.46389392781585,77.51437263209854,77.5654306707627,77.61709173058192,77.6693535157642,77.72221360795827,77.77566958881283,77.82971903997664,77.88435954309838,77.93958867982681,77.99540403181064,78.05180318069857,78.10878370813937,78.16634319578172,78.22447922527437,78.28318937826603,78.34247123640543,78.40232238134129,78.46274039472233,78.52372285819729,78.58526735341486,78.6473714620238,78.71003276567282,78.77324884601063,78.83701728468596,78.90133566334754,78.96620156364409,79.03161256722433,79.09756625573698,79.16406021083078,79.23109201415443,79.29865924735668,79.36675949208622,79.4353903299918,79.50454934272214,79.57423411192596,79.64444221925197,79.71517124634892
68.32354516535953,68.27216622257163,68.22711525314486,68.18821056112726,68.15527045056683,68.12811322551161,68.10655719000962,68.09042064810889,68.07952190385741,68.07367926130324,68.0727110244944,68.07643549747888,68.08467098430475,68.09723578901998,68.11394821567262,68.1346265683107,68.15908915098223,68.18715426773524,68.21864022261772,68.25336531967774,68.2911478629633,68.33180615652242,68.37515850440313,68.42102321065346,68.4692185793214,68.51956291445501,68.57187452010228,68.62597170031125,68.68167275912995,68.7387960006064,68.7971597287886,68.8565822477246,68.91688186146239,68.97787687405003,69.03938558953553,69.1012263119669,69.16321762758596,69.22523794771877,69.2872991613557,69.34943121788994,69.41166406671468,69.47402765722306,69.53655193880829,69.59926686086351,69.66220237278193,69.72538842395673,69.78885496378106,69.85263194164811,69.91674930695106,69.98123700908309,70.04612499743736,70.11144322140706,70.17722163038535,70.24349017376542,70.31027880094047,70.37761746130363,70.44553610424809,70.51406467916706,70.58323313545368,70.65307142250113,70.72360948970261,70.79487728645127,70.86690476214031,70.93972186616288,71.01335854791218,71.08784475678138,71.16321044216365,71.23948555345217,71.31670004004012,71.39488385132067,71.47406693668701,71.5542792455323,71.63555006746819,71.71788304309915,71.80124849406214,71.88561451523142,71.97094920148129,72.057220647686,72.14439694871984,72.23244619945707,72.321336494772,72.41103592953885,72.50151259863195,72.59273459692555,72.68467001929392,72.77728696061135,72.87055351575209,72.96443777959045,73.0589078470007,73.15393181285708,73.24947777203388,73.3455138194054,73.4420080498459,73.53892855822966,73.63624343943093,73.733920788324,73.83192869978316,73.93023526868268,74.02880858989683,74.12761675829988,74.2266278687661,74.32581001616978,74.4251312953852,74.52455980128663,74.62406362874832,74.72361087264457,74.82316962784967,74.92270798923786,75.02219164185492,75.12155021257163,75.22068557060436,75.31949887114617,75.41789126939014,75.51576392052932,75.61301797975682,75.70955460226567,75.80527494324899,75.90008015789981,75.99387140141123,76.08654982897632,76.17801659578812,76.26817285703976,76.35691976792428,76.44415848363475,76.52979015936424,76.61371595030585,76.69583701165263,76.77605449859765,76.854269566334,76.93038337005473,77.00429706495294,77.07591180622168,77.14512874905404,77.21184904864309,77.27597386018188,77.33740433886352,77.39604163988105,77.45178691842756,77.50454132969612,77.5542060288798,77.60068217117168,77.64387091176485,77.68367340585233,77.71999080862724,77.75273394203751,77.78188507139126,77.80745848312212,77.82946861470677,77.84792990362189,77.86285678734414,77.8742637033502,77.88216508911675,77.88657538212045,77.88750901983799,77.88498043974603,77.87900407932126,77.86959437604034,77.85676576737994,77.84053269081674,77.82090958382743,77.79791088388865,77.7715510284771,77.74184445506945,77.70880560114237,77.67244890417254,77.63278880163662,77.5898397310113,77.54361612977323,77.49413243539911,77.4414030853656,77.38544251714939,77.32626516822712,77.2638854760755,77.1983178781712,77.12957681199086,77.05767671501117,76.98263202470882,76.90445717856049,76.82316661404282,76.73877476863251
68.57042087524938,68.46295989278578,68.3659530562641,68.2790788906159,68.20201592077278,68.13444267166629,68.07603766822804,68.0264794353896,67.98544649808254,67.95261738123845,67.92767060978892,67.91028470866551,67.90013820279981,67.89690961712338,67.90027747656784,67.90992030606475,67.92551663054567,67.9467449749422,67.97328386418594,68.00481182320843,68.04100737694128,68.08154905031604,68.12611536826432,68.17438485571769,68.22603603760773,68.28074743886602,68.33819758442412,68.39806499921364,68.46002820816615,68.52376573621324,68.58895610828647,68.65527784931741,68.72240948423767,68.79002953797882,68.85781653547245,68.92544900165012,68.99260597850682,69.05907612547801,69.12489267298672,69.1901219435134,69.25483025953862,69.31908394354285,69.3829493180066,69.44649270541036,69.50978042823466,69.57287880896,69.63585417006688,69.6987728340358,69.76170112334727,69.82470536048179,69.88785186791988,69.95120696814205,70.01483698362877,70.07880823686057,70.14318705031796,70.20803974648143,70.2734326478315,70.33943207684867,70.40610435601344,70.47351580780631,70.5417327547078,70.61082151919841,70.68084842375863,70.751879790869,70.82398194301,70.89722120266212,70.97166389230593,71.04737633442186,71.12442485149043,71.20287576599218,71.28279540040758,71.36425007721716,71.4473045654742,71.53196324474872,71.61815204653611,71.70579165951479,71.79480277236327,71.88510607375999,71.97662225238346,72.06927199691214,72.16297599602449,72.25765493839899,72.35322951271412,72.44962040764835,72.54674831188015,72.644533914088,72.74289790295036,72.84176096714572,72.94104379535253,73.04066707624929,73.14055149851445,73.2406177508265,73.3407865218639,73.44097850030514,73.54111437482867,73.64111483411297,73.74090056683653,73.8403922616778,73.93951060731528,74.03817629242742,74.13631000569269,74.23383243578958,74.33066427139656,74.4267262011921,74.52193891385467,74.61622309806275,74.7094994424948,74.8016886358293,74.89271409147368,74.98253999285367,75.0711619082359,75.15857621321402,75.24477928338175,75.32976749433277,75.41353722166077,75.49608484095945,75.5774067278225,75.6574992578436,75.73635880661645,75.81398174973474,75.89036446279215,75.96550332138239,76.03939470109913,76.11203497753607,76.18342052628692,76.25354772294534,76.32241294310504,76.3900125623597,76.45634295630303,76.5214005005287,76.58518157063041,76.64768254220185,76.70889979083671,76.76882969212869,76.82746862167146,76.88481295505873,76.94085906788419,76.99560333574152,77.04904213422441,77.10117183892658,77.15198882544168,77.20148946936342,77.2496701462855,77.29652723180159,77.34205247184157,77.38620339622598,77.42892219901394,77.47015100192604,77.50983192668289,77.5479070950051,77.58431862861326,77.61900864922801,77.6519192785699,77.6829926383596,77.71217085031766,77.73939603616472,77.76461031762138,77.78775581640822,77.80877465424588,77.82760895285494,77.84420083395602,77.85849241926972,77.87042583051665,77.8799431894174,77.8869866176926,77.89149823706283,77.89342016924871,77.89269453597085,77.88926345894984,77.88306905990629,77.87405346056082,77.86215878263401,77.84732714784647,77.82950067791883,77.80862149457168,77.78463171952562,77.75747347450125,77.7270888812192,77.69342006140005,77.65640913676442
69.56072265724157,69.39694028732707,69.24687606397566,69.11011385302464,68.98623752031129,68.87483093167288,68.77547795294672,68.68776244997005,68.61126828858018,68.54557933461439,68.49027945390995,68.44495251230416,68.40918237563429,68.38255290973763,68.36464798045145,68.35505145361304,68.35334719505971,68.3591190706287,68.3719509461573,68.3914266874828,68.4171301604425,68.44864523087367,68.48555576461358,68.52744562749952,68.57389868536876,68.62449880405862,68.67882984940634,68.73647568724923,68.79702018342456,68.86004720376961,68.92514061412167,68.99188428031803,69.05986206819595,69.12865784359275,69.19785547234565,69.267038820292,69.3357923884756,69.40383534172756,69.47118729757426,69.5379085267609,69.60405930003267,69.66969988813477,69.73489056181235,69.79969159181061,69.86416324887475,69.92836580374995,69.99235952718138,70.05620468991424,70.1199615626937,70.183690416265,70.24745152137325,70.3113051487637,70.37531156918149,70.43953105337184,70.5040238720799,70.5688502960509,70.63407059603,70.6997450427624,70.76593390699327,70.8326974594678,70.90009597093118,70.96818971212859,71.03703895380522,71.10670396670628,71.17724502157692,71.24872238916234,71.32119634020773,71.3947271454583,71.46937507565919,71.54520040155559,71.62226339389272,71.70062432341574,71.7803422012636,71.86142707138133,71.94382536759727,72.02747927256858,72.11233096895242,72.19832263940594,72.28539646658632,72.37349463315067,72.46255932175617,72.55253271506,72.64335699571927,72.73497434639117,72.82732694973285,72.92035698840147,73.01400664505415,73.10821810234809,73.20293354294043,73.29809514948832,73.39364510464891,73.48952559107937,73.58567879143686,73.68204688837855,73.77857206456154,73.87519650264304,73.97186238528018,74.06851189513011,74.16508721485002,74.26153052709705,74.35778401452833,74.45378985980105,74.54949024557234,74.64482735449937,74.7397433692393,74.83418047244929,74.92808084678649,75.02138667490803,75.11404092838907,75.2059983833552,75.29722290309823,75.3876785846636,75.4773295250966,75.5661398214426,75.65407357074697,75.74109487005504,75.82716781641219,75.91225650686371,75.99632503845504,76.07933750823146,76.16125801323835,76.2420506505211,76.32167951712499,76.40010871009542,76.47730232647774,76.55322446331728,76.62783921765941,76.7011106865495,76.77300296703285,76.84348015615487,76.91250635096088,76.98004564849623,77.0460621458063,77.11051993993641,77.17338312793194,77.2346158068382,77.29418207370063,77.35204602556448,77.40817175947515,77.46252337247802,77.51506496161838,77.56576062394164,77.61457445649312,77.66147055631818,77.7064010990744,77.7492301539128,77.78978230038739,77.82788193178048,77.86335344137441,77.89602122245151,77.9257096682941,77.9522431721845,77.97544612740502,77.99514292723802,78.01115796496578,78.02331563387067,78.03144032723498,78.03535643834104,78.0348883604712,78.02986048690775,78.02009721093305,78.00542292582938,77.9856620248791,77.96063890136452,77.93017794856797,77.89410355977176,77.85224012825825,77.80441204730974,77.75044371020854,77.690159510237,77.62338384067742,77.54994109481214,77.4696556659235,77.38235194729378,77.28785433220537,77.18598721394052,77.0765749857816,76.95944204101093,76.83441277291084,76.70131157476362
69.5386049729317,69.40876861515159,69.28935277758131,69.18005383960272,69.08056818059765,68.99059217994792,68.9098222170354,68.83795467124187,68.77468592194923,68.71971234853928,68.67273033039385,68.63343624689477,68.60152647742393,68.57669740136313,68.5586453980942,68.54706684699897,68.54165812745931,68.54211561885705,68.548135700574,68.55941475199201,68.57564915249293,68.59653528145856,68.62176951827078,68.65104824231142,68.68406783296228,68.72052466960523,68.7601151316221,68.80253559839473,68.84748244930495,68.89465206373458,68.94374082106549,68.99444510067948,69.04646128195844,69.09948574428415,69.15321486703849,69.20734502960323,69.26157309922706,69.31569937090856,69.36975490061724,69.42380196779425,69.47790285188071,69.53211983231785,69.5865151885468,69.64115120000875,69.69609014614485,69.75139430639626,69.80712596020419,69.86334738700975,69.92012086625414,69.97750867737852,70.03557309982406,70.09437641303194,70.1539808964433,70.2144488294993,70.27584249164116,70.33822416230998,70.401656120947,70.46620064699331,70.53192001989012,70.59887651907863,70.66713242399993,70.73675001409526,70.80779156880573,70.88031936757253,70.95439568983682,71.03008281503978,71.10744302262256,71.18653859202635,71.26743180269233,71.35018493406162,71.4348602655754,71.52152007667485,71.61022480272572,71.70096319066099,71.79363086160396,71.88811721292333,71.98431164198786,72.0821035461662,72.18138232282703,72.28203736933912,72.38395808307112,72.48703386139175,72.5911541016697,72.69620820127369,72.80208555757241,72.90867556793455,73.01586762972883,73.12355114032394,73.2316154970886,73.33995009739147,73.44844433860129,73.55698761808677,73.66546933321658,73.77377888135942,73.88180565988401,73.98943906615906,74.09656849755325,74.20308335143528,74.30887302517385,74.41382691613771,74.51783442169548,74.62078493921592,74.72256786606772,74.82307259961959,74.9221885372402,75.01980507629827,75.11581161416251,75.21009754820159,75.30255719800135,75.3931585340998,75.4819262236837,75.56888639237468,75.65406516579421,75.73748866956387,75.81918302930515,75.89917437063963,75.9774888191888,76.05415250057425,76.12919154041748,76.20263206434004,76.27450019796345,76.34482206690924,76.41362379679899,76.48093151325418,76.5467713418964,76.61116940834714,76.67415183822794,76.73574475716038,76.79597429076594,76.8548665646662,76.91244770448267,76.9687438358369,77.02378108435042,77.07758557564475,77.13018343534145,77.18160078906203,77.23186376242805,77.28099848106103,77.32903107058254,77.37598765661409,77.42189436477719,77.46677732069341,77.51066264998425,77.55357647827131,77.59552895355546,77.63641213923515,77.6760651728406,77.71432694225157,77.75103633534795,77.78603224000955,77.8191535441162,77.85023913554775,77.87912790218402,77.90565873190485,77.92967051259006,77.9510021321195,77.96949247837298,77.98498043923036,77.99730490257144,78.00630475627611,78.01181888822413,78.01368618629539,78.01174553836967,78.00583583232685,77.99579595604675,77.98146479740922,77.96268124429406,77.93928418458111,77.9111125061502,77.8780050968812,77.8398008446539,77.79633863734813,77.74745736284376,77.6929959090206,77.63279316375849,77.56668801493726,77.49451935043675,77.41612605813677,77.33134702591718,77.24002114165779
69.11977472760033,68.92739148283917,68.7521166806176,68.5934071579293,68.45071975176779,68.3235112991267,68.21123863699961,68.11335860238009,68.02932803226176,67.9586037636382,67.90064263350297,67.85490147884971,67.820837136672,67.7979064439634,67.78556623771752,67.78327335492796,67.79048463258829,67.80665690769212,67.83124701723304,67.8637117982046,67.90350808760044,67.95009272241413,68.00292253963929,68.06145437626944,68.12514506929824,68.19345145571924,68.26583037252604,68.34173865671224,68.42063314527144,68.50197067519719,68.58520808348311,68.66980220712281,68.75520988310984,68.8408879484378,68.9262932401003,69.01088259509089,69.09411370575704,69.1756255994563,69.25546188590381,69.33372091745933,69.41050104648261,69.48590062533339,69.5600180063714,69.6329515419564,69.7047995844481,69.77566048620629,69.84563259959069,69.91481427696101,69.98330387067702,70.05119973309849,70.1186002165851,70.18560367349664,70.25230845619285,70.31881291703343,70.38521540837817,70.45161428258677,70.51810789201903,70.58479458903463,70.65177272599334,70.7191406552549,70.78699672917907,70.85543930012554,70.92456672045412,70.9944773425245,71.06526951869643,71.13704160132968,71.20989194278397,71.28391889541902,71.35922081159461,71.43589604367048,71.51404294400635,71.59375986496198,71.67514313261125,71.75821030116603,71.8428765974032,71.92905040938498,72.01664012517355,72.10555413283112,72.19570082041983,72.2869885760019,72.37932578763954,72.4726208433949,72.5667821313302,72.66171803950763,72.75733695598939,72.85354726883762,72.95025736611456,73.04737563588239,73.1448104662033,73.24247024513946,73.34026336075308,73.43809820110636,73.53588315426148,73.63352660828062,73.730936951226,73.82802257115978,73.92469185614416,74.02085319424134,74.11641497351351,74.21128558202287,74.30537340783155,74.39858683900184,74.49083426359584,74.58202406967578,74.67206464530386,74.76086437854227,74.8483316574532,74.9343748700988,75.01890859614758,75.10194006004355,75.18354780436232,75.26381220622952,75.3428136427708,75.42063249111183,75.49734912837823,75.57304393169568,75.64779727818978,75.72168954498619,75.7948011092106,75.86721234798856,75.9390036384458,76.01025535770793,76.0810478829006,76.15146159114946,76.22157685958015,76.29147406531828,76.36123358548957,76.4309357972196,76.50066107763405,76.57048980385855,76.64050235301875,76.71077910224031,76.78140042864882,76.85244670936999,76.92399832152944,76.9961356422528,77.06893904866573,77.14248891789387,77.21686562706287,77.29214955329837,77.36842107372601,77.44576056547146,77.52424840566036,77.60396497141832,77.6849469643848,77.76690829705916,77.84941820689266,77.9320452489072,78.01435797812454,78.09592494956658,78.17631471825513,78.25509583921203,78.33183686745912,78.4061063580182,78.47747286591121,78.54550494615987,78.60977115378611,78.66984004381169,78.7252801712585,78.77566009114838,78.82054835850315,78.85951352834462,78.89212415569466,78.91794879557511,78.93655600300781,78.9475143330146,78.95039234061727,78.94475858083771,78.93018160869775,78.9062299792192,78.87247224742393,78.82847696833377,78.77381269697054,78.7080479883561,78.63075139751226,78.54149147946089,78.43983678922379,78.32535588182284,78.19761731227987,78.05618963561668
69.0197812477429,68.88812076592808,68.76885088933057,68.66157717969605,68.56590519877037,68.48144050829923,68.40778867002845,68.34455524570379,68.291345797071,68.24776588587585,68.21342107386414,68.1879169227816,68.17085899437402,68.16185285038716,68.16050405256678,68.16641816265869,68.1792007424086,68.1984573535623,68.22379355786558,68.2548149170642,68.29112699290391,68.33233534713048,68.37804554148971,68.42786313772733,68.48139369758914,68.53824278282087,68.59801595516834,68.66031877637727,68.72475680819345,68.79093561236265,68.85846075063063,68.92693778474316,68.99597227644603,69.06516978748499,69.1341358796058,69.20247611455423,69.2697967138813,69.3358437778472,69.40067549458689,69.46439227977024,69.52709454906706,69.58888271814718,69.64985720268042,69.71011841833663,69.76976678078563,69.82890270569726,69.88762660874136,69.94603890558773,70.0042400119062,70.06233034336665,70.12041031563886,70.17858034439269,70.23694084529797,70.29559223402453,70.35463492624217,70.41416933762073,70.47429588383008,70.53511498054004,70.5967270434204,70.65923248814104,70.72273173037175,70.78732518578238,70.85311327004277,70.92019639882275,70.98867498779214,71.05864945262078,71.13022020897847,71.20348767253509,71.27855225896043,71.35551438392436,71.43447446309668,71.51553291214724,71.59878787134859,71.68424902490527,71.77181114946066,71.86136134219245,71.9527867002783,72.0459743208959,72.14081130122293,72.23718473843707,72.33498172971599,72.43408937223737,72.53439476317891,72.63578499971828,72.73814717903315,72.8413683983012,72.94533575470012,73.04993634540759,73.15505726760128,73.26058561845886,73.36640849515803,73.47241299487646,73.57848621479184,73.68451525208184,73.79038720392413,73.8959891674964,74.00120823997634,74.10593151854161,74.21004610036991,74.3134390826389,74.41599756252626,74.51760863720966,74.61815940386683,74.7175369596754,74.81562840181307,74.9123208274575,75.0075013337864,75.10105701797742,75.19287927132547,75.28292373784224,75.37119552340808,75.45770100623432,75.54244656453233,75.62543857651347,75.70668342038911,75.78618747437058,75.86395711666925,75.9399987254965,76.01431867906365,76.08692335558209,76.15781913326315,76.2270123903182,76.2945095049586,76.36031685539571,76.42444081984087,76.48688777650547,76.54766410360084,76.60677617933834,76.66423038192934,76.7200330895852,76.77419068051725,76.82670953293689,76.87759602505544,76.92685653508427,76.97449744123475,77.02052512171822,77.06494595474605,77.10776631852958,77.1489925912802,77.18863115120924,77.22668837652806,77.26317064544804,77.29808433618051,77.33143582693684,77.36325674238873,77.39376529432887,77.42326332344987,77.45205306492024,77.48043675390852,77.50871662558325,77.53719491511295,77.56617385766616,77.5959556884114,77.62684264251722,77.65913695515214,77.69314086148468,77.72915659668341,77.76748639591682,77.80843249435348,77.85229712716189,77.8993825295106,77.94999093656814,78.00442458350304,78.06298570548384,78.12597653767905,78.19369931525722,78.2664562733869,78.34454964723656,78.4282816719748,78.51795458277012,78.61387061479105,78.71633200320615,78.82564098318392,78.9420997898929,79.06601065850163,79.19767582417863,79.33739752209245,79.4854779874116,79.64221945530463,79.80792416094008
69.58106095540212,69.40192816227001,69.23783073362905,69.08829918942915,68.95286404962023,68.83105583415225,68.72240506297513,68.6264422560388,68.54269793329318,68.47070261468824,68.40998682017384,68.36008106969996,68.32051588321653,68.29082178067348,68.27052928202073,68.25916890720822,68.25627117618588,68.26136660890363,68.2739857253114,68.29365904535916,68.31991708899679,68.35229037617424,68.39030942684147,68.43350476094835,68.48140689844487,68.53354635928092,68.58945366340645,68.6486593307714,68.71069388132568,68.77508783501924,68.84137171180198,68.90907603162388,68.97773131443485,69.0468680801848,69.11601684882366,69.1847081403014,69.25247323027979,69.31900360533588,69.38434820375853,69.44860432939596,69.5118692860964,69.57424037770801,69.63581490807901,69.69669018105762,69.75696350049202,69.81673217023042,69.87609349412105,69.93514477601208,69.99398331975173,70.05270642918819,70.11141140816969,70.17019556054441,70.22915619016057,70.28839060086635,70.34799609650999,70.40806998093966,70.46870955800358,70.53001213154995,70.59207500542698,70.65499548348286,70.71887086956582,70.78379846752404,70.84987558120572,70.91719951445909,70.98586757113233,71.05597705507365,71.12762527013126,71.20090952015337,71.27592710898817,71.35277534048386,71.43155151848866,71.51235294685077,71.59527460595405,71.6803211515063,71.7673799042664,71.85633034330105,71.94705194767698,72.0394241964609,72.13332656871953,72.22863854351957,72.32523959992776,72.4230092170108,72.52182687383542,72.62157204946834,72.72212422297628,72.82336287342594,72.92516747988405,73.02741752141733,73.12999247709249,73.23277182597624,73.33563504713531,73.43846161963641,73.54113102254628,73.64352273493162,73.74551623585914,73.84699100439555,73.9478265196076,74.04790226056198,74.14709770632543,74.24529233596465,74.34236562854636,74.43819706313728,74.53266611880413,74.62565227461363,74.71703500963248,74.80669380292741,74.89450813356515,74.98035748061241,75.06412777297435,75.14580144825011,75.22543523662254,75.30308777933776,75.37881771764182,75.45268369278084,75.52474434600092,75.59505831854813,75.66368425166858,75.73068078660837,75.79610656461358,75.86002022693033,75.9224804148047,75.98354576948277,76.04327493221065,76.10172654423444,76.15895924680022,76.2150316811541,76.27000248854216,76.3239303102105,76.37687378740523,76.42889156137242,76.48004227335818,76.5303845646086,76.57997707636977,76.6288784498878,76.67714732640877,76.72484234717878,76.77202215344391,76.81874538645029,76.86507068744399,76.9110566976711,76.95676205837772,77.00224541080996,77.0475653962139,77.09278065583563,77.13794592773986,77.18308710304129,77.22821714356627,77.27334895015393,77.31849542364338,77.36366946487378,77.40888397468424,77.4541518539139,77.49948600340187,77.54489932398731,77.59040471650933,77.63601508180705,77.68174332071962,77.72760233408617,77.77360502274583,77.81976428753771,77.86609302930096,77.91260414887469,77.95931054709806,78.00622512481019,78.05336078285019,78.1007304220572,78.14834694327035,78.19622324732879,78.24437223507162,78.292806807338,78.34153986496702,78.39058430879784,78.43995303966959,78.48965895842139,78.53971496589237,78.59013396292166,78.6409288503484,78.69211252901171,78.74369789975071,78.79569786340456
67.85982919533228,67.8379140999634,67.820076507413,67.80621741921829,67.7962378369165,67.79003876204482,67.78752119614043,67.78858614074056,67.79313459738242,67.80106756760321,67.81228605294012,67.82669105493036,67.84418357511117,67.8646646150197,67.88803517619317,67.91419626016881,67.9430488684838,67.97449400267536,68.00843266428069,68.04476585483698,68.08339457588147,68.12421982895131,68.16714261558377,68.212063937316,68.25888479568522,68.30750619222866,68.35782912848347,68.4097546059869,68.46318362627616,68.51801719088843,68.57415630136092,68.63150195923083,68.68995516603539,68.74941692331177,68.80978823259721,68.87097009542887,68.93286363945057,68.99539672689988,69.0585568684242,69.1223396454917,69.18674063957056,69.25175543212887,69.31737960463488,69.38360873855669,69.4504384153625,69.51786421652045,69.58588172349872,69.65448651776546,69.72367418078883,69.79344029403703,69.86378043897818,69.93469019708044,70.00616514981203,70.07820087864104,70.15079296503569,70.2239369904641,70.29762853639446,70.37186318429494,70.44663651563366,70.52194411187884,70.5977815544986,70.6741444249611,70.75102830473455,70.82842877528708,70.90634141808684,70.98476181460202,71.06368554630077,71.14310819465126,71.22302534112166,71.3034325671801,71.38432545429475,71.46569958393383,71.54755059997669,71.62987657253996,71.71267872350813,71.79595848540379,71.87971729074937,71.96395657206739,72.04867776188033,72.1338822927107,72.219571597081,72.30574710751372,72.39241025653138,72.47956247665644,72.56720520041142,72.6553398603188,72.7439678889011,72.83309071868081,72.92270978218042,73.01282651192241,73.1034423404293,73.19455870022358,73.28617702382775,73.37829874376433,73.47092529255576,73.5640581027246,73.6576986067933,73.75184823728438,73.84650842672033,73.94168060762365,74.03736621251682,74.13356667392236,74.23028342436277,74.32751789636055,74.42527152243815,74.52354573511812,74.62234196692293,74.7216616503751,74.82150307485284,74.92181749898319,75.0225199770278,75.12352463194628,75.22474558669833,75.32609696424356,75.42749288754158,75.52884747955204,75.63007486323457,75.73108916154885,75.83180449745447,75.93213499391106,76.03199477387832,76.13129796031583,76.22995867618323,76.32789104444021,76.42500918804635,76.52122722996128,76.61645929314469,76.71061950055616,76.80362197515538,76.89538083990197,76.98581021775556,77.07482423167579,77.16233700462226,77.24826265955468,77.33251531943264,77.41500910721578,77.49565814586376,77.57437655833616,77.6510784675927,77.72567799659294,77.79808926829656,77.86822640566322,77.93600353165249,78.00133476922406,78.06412094219786,78.12416458543939,78.181224180414,78.23505800078792,78.28542432022732,78.33208141239848,78.3747875509676,78.41330100960093,78.44738006196465,78.47678298172505,78.50126804254833,78.52059351810072,78.53451768204846,78.54279880805777,78.54519516979485,78.54146504092597,78.53136669511733,78.51465840603515,78.4910984473457,78.46044509271519,78.42245661580984,78.37689129029584,78.3235073898395,78.26206318810699,78.19231695876456,78.11402697547845,78.02695151191483,77.93084884174002,77.82547723862015,77.7105949762215,77.58596032821032,77.45133156825278,77.30646697001515,77.15112480716365,76.98506335336452,76.80804088228393
68.24397319799382,68.27192320111715,68.29949585470638,68.3267418148815,68.35371173776245,68.3804562794692,68.40702609612171,68.43347184383992,68.45984417874381,68.48619375695333,68.51257123458844,68.53902726776909,68.56561251261523,68.59237762524685,68.61937326178389,68.64665007834631,68.67425873105408,68.70224987602714,68.73067416938545,68.75958226724897,68.78902482573768,68.81905250097152,68.84971594907044,68.88106582615443,68.91315278834341,68.94602749175736,68.97974059251624,69.01434274673998,69.04988461054857,69.08641684006199,69.12399009140015,69.16265502068302,69.20246228403057,69.24346253756278,69.28570643739955,69.32924463966091,69.37412771953854,69.42038909544246,69.46802390673659,69.51702211337903,69.56737367532789,69.61906855254126,69.67209670497729,69.72644809259405,69.78211267534967,69.83908041320223,69.89734126610985,69.95688519403065,70.01770215692271,70.07978211474416,70.1431150274531,70.20769085500764,70.27349955736588,70.34053109448593,70.40877542632589,70.47822251284389,70.548862313998,70.62068478974636,70.69367990004707,70.76783760485823,70.84314786413795,70.91960063784433,70.99718588593548,71.07589356836952,71.15571364510454,71.23663607609866,71.31865082130997,71.4017478406966,71.48591709421665,71.57114854182821,71.65743214348939,71.74475785915831,71.83311498506852,71.92246701516095,72.01274392528585,72.10387345122305,72.19578332875243,72.28840129365378,72.38165508170697,72.4754724286918,72.56978107038815,72.66450874257582,72.75958318103467,72.85493212154452,72.95048329988524,73.0461644518366,73.14190331317852,73.23762761969077,73.33326510715322,73.4287435113457,73.52399056804805,73.6189340130401,73.71350158210169,73.80762101101266,73.90122003555284,73.99422639150205,74.08656781464018,74.178172040747,74.2689668056024,74.35887984498619,74.44783889467821,74.5357716904583,74.62260596810631,74.70826946340206,74.79268991212538,74.87579505005613,74.95751261297411,75.03777033665921,75.1165014615612,75.1937215943029,75.2695097471502,75.3439465633823,75.41711268627843,75.48908875911778,75.55995542517957,75.62979332774299,75.69868311008727,75.76670541549161,75.83394088723523,75.90047016859732,75.9663739028571,76.0317327332938,76.0966273031866,76.16113825581472,76.22534623445736,76.28933188239374,76.35317584290308,76.41695875926456,76.48076127475743,76.54466403266086,76.60874767625407,76.6730928488163,76.7377801936267,76.80289035396454,76.86850397310899,76.93470169433928,77.0015641609346,77.06917201617418,77.13760590333723,77.20694646570294,77.27727434655053,77.34867018915921,77.42121463680819,77.49498833277669,77.57004161549628,77.64620085163429,77.72319202305034,77.80074063809077,77.87857220510197,77.95641223243031,78.03398622842215,78.11101970142387,78.18723815978183,78.26236711184241,78.33613206595197,78.40825853045688,78.47847201370352,78.54649802403827,78.61206206980746,78.6748896593575,78.73470630103475,78.79123750318557,78.84420877415633,78.89334562229341,78.93837355594317,78.97901808345199,79.01500471316623,79.04605895343227,79.07190631259647,79.09227229900522,79.10688242100485,79.11546218694177,79.11773710516233,79.1134326840129,79.10227443183987,79.08398785698958,79.05829846780843,79.02493177264276,78.98361327983896,78.9340684977434
69.65309374953179,69.52497391947048,69.40722239900228,69.29954351231547,69.20164158359836,69.11322093703924,69.03398589682641,68.96364078714814,68.90188993219274,68.84843765614853,68.80298828320377,68.7652461375468,68.73491554336584,68.71170082484926,68.69530630618532,68.68543631156231,68.68179516516855,68.68408719119233,68.69201671382191,68.70528805724564,68.72360554565178,68.74667350322864,68.77419625416448,68.80587812264764,68.8414234328664,68.88053650900906,68.92292167526391,68.96828325581924,69.01632557486334,69.06675295658454,69.11926972517108,69.1735802048113,69.22938871969349,69.28639959400593,69.3443171519369,69.40284571767475,69.46169003833901,69.52064452248098,69.57970362514814,69.63888886899002,69.69822177665611,69.75772387079593,69.817416674059,69.87732170909484,69.93746049855295,69.99785456508283,70.05852543133403,70.11949461995606,70.18078365359841,70.24241405491058,70.30440734654212,70.36678505114253,70.42956869136133,70.49277978984802,70.5564398692521,70.62057045222312,70.68519306141059,70.75032921946398,70.81600044903284,70.88222827276668,70.949034213315,71.01643979332735,71.0844665354532,71.15313596234208,71.22246959664349,71.29248896100697,71.363215578082,71.43467097051814,71.50687666096486,71.5798541720717,71.65362502648816,71.72821074686375,71.80363244923467,71.87989544254414,71.95698450176255,72.03488302954028,72.11357442852776,72.19304210137543,72.27326945073364,72.35423987925282,72.43593678958337,72.51834358437574,72.60144366628029,72.68522043794744,72.76965730202764,72.85473766117124,72.94044491802867,73.02676247525034,73.11367373548666,73.20116210138806,73.2892109756049,73.37780376078763,73.46692385958667,73.55655467465238,73.64667960863517,73.73728206418551,73.82834544395376,73.91985315059031,74.01178858674564,74.10413515507008,74.1968762582141,74.28999529882807,74.38347567956242,74.47730080306755,74.57145407199386,74.66591888899177,74.76067865671169,74.85571677780402,74.95101351273067,75.04650210550332,75.14207960677717,75.23764213618864,75.33308581337408,75.42830675796986,75.52320108961243,75.61766492793814,75.71159439258338,75.80488560318452,75.89743467937797,75.98913774080012,76.07989090708733,76.16959029787603,76.25813203280256,76.34541223150336,76.43132701361478,76.5157724987732,76.59864480661506,76.67984005677667,76.75925436889446,76.83678386260485,76.91232465754416,76.98577287334882,77.05702462965519,77.12597604609971,77.19252324231871,77.2565623379486,77.31798945262577,77.3767007059866,77.43259221766746,77.48556010730479,77.53550049453492,77.58230949899428,77.62588324031924,77.66611783814619,77.70292740345681,77.73635901451917,77.76651934593269,77.7935153534115,77.81745399266978,77.83844221942167,77.85658698938136,77.87199525826298,77.88477398178071,77.8950301156487,77.9028706155811,77.9084024372921,77.91173253649586,77.91296786890652,77.91221539023823,77.90958205620518,77.90517482252153,77.89910064490141,77.891466479059,77.88237928070845,77.87194600556396,77.86027360933963,77.84746904774968,77.83363927650822,77.81889125132943,77.8033319279275,77.78706826201653,77.77020720931074,77.75285572552426,77.73512076637124,77.71710928756588,77.6989282448223,77.68068459385466,77.66248529037716,77.64443729010395,77.62664754874916
67.593151346516,67.58648051749601,67.58414365159715,67.58601246325014,67.59195866688574,67.60185397693472,67.6155701078278,67.63297877399576,67.65395168986933,67.67836056987927,67.70607712845634,67.73697308003128,67.77092013903484,67.80779001989778,67.84745443705086,67.8897851049248,67.93465373795038,67.98193205055834,68.03149175717944,68.08320457224443,68.13694221018405,68.19257638542905,68.2499788124102,68.30902120555825,68.36957527930393,68.43151274807802,68.49470532631125,68.55902472843437,68.62434266887814,68.69053086207333,68.75746102245066,68.82500486444088,68.89303410247479,68.96142045098308,69.03003562439653,69.0987513371459,69.16743951317282,69.2360164927277,69.3044977147121,69.37291202672456,69.44128827636364,69.50965531122786,69.57804197891578,69.64647712702595,69.71498960315691,69.78360825490721,69.8523619298754,69.92127947566001,69.99038973985961,70.0597215700727,70.12930381389788,70.19916531893367,70.2693349327786,70.33984150303124,70.41071387729014,70.48198090315381,70.55367142822084,70.62581430008973,70.69843836635906,70.77157247462736,70.84524547249322,70.91948620755511,70.99432352741164,71.06978627966129,71.14590331190266,71.22270347173429,71.3002156067547,71.37846856456247,71.45749119275612,71.53731233893419,71.61796085069525,71.69946557563782,71.78185431396611,71.86511414842818,71.94917926835657,72.03398032812774,72.11944798211823,72.20551288470455,72.29210569026316,72.37915705317062,72.46659762780337,72.55435806853794,72.64236902975085,72.73056116581861,72.81886513111769,72.90721158002458,72.99553116691584,73.08375454616794,73.1718123721574,73.25963529926071,73.34715398185435,73.43429907431488,73.52100123101874,73.6071911063425,73.69279935466261,73.77775663035558,73.86199358779794,73.94544088136618,74.0280291654368,74.10968909438628,74.19035132259117,74.26994650442796,74.34840529427314,74.42565834650321,74.50163631549472,74.5762698556241,74.64948962126789,74.7212262668026,74.7914195689844,74.86014580239853,74.92758631792941,74.99392516938875,75.0593464105882,75.12403409533951,75.18817227745438,75.25194501074446,75.31553634902153,75.37913034609724,75.4429110557833,75.50706253189139,75.57176882823325,75.63721399862058,75.70358209686506,75.77105717677838,75.83982329217227,75.91006449685844,75.98196484464856,76.05570838935435,76.13147918478751,76.20946128475973,76.28983874308273,76.37279561356817,76.45851595002782,76.54718380627332,76.63898323611642,76.73409829336876,76.83271303184213,76.93501150534814,77.04117776769854,77.15139587270502,77.26584987417928,77.38472382593307,77.50820178177798,77.63646779552585,77.7695906952942,77.90678771930564,78.04689442067112,78.18874455210013,78.33117186630218,78.4730101159868,78.61309305386345,78.75025443264167,78.88332800503093,79.01114752374079,79.1325467414807,79.24635941096017,79.35141928488875,79.44656011597587,79.5306156569311,79.60241966046391,79.6608058792838,79.70460806610029,79.73265997362287,79.74379535456109,79.73684796162439,79.71065154752227,79.66403986496431,79.59584666665995,79.50490570531872,79.3900507336501,79.2501155043636,79.08393377016876,78.89033928377506,78.66816579789196,78.41624706522904,78.13341683849575,77.81850887040162,77.47035691365616,77.08779472096882,76.66965604504918
68.60374141390584,68.58272860527882,68.56480827043305,68.54992186004897,68.53801082480709,68.52901661538787,68.5228806824718,68.51954447673933,68.51894944887096,68.52103704954716,68.52574872944841,68.53302593925518,68.54281012964795,68.5550427513072,68.56966525491339,68.58661909114701,68.60584571068856,68.62728656421848,68.65088310241725,68.67657677596537,68.7043090355433,68.73402133183151,68.7656551155105,68.79915183726074,68.83445294776268,68.87149989769682,68.91023413774364,68.95059711858362,68.99253029089721,69.0359751053649,69.08087301266717,69.1271654634845,69.17479390849738,69.22369979838625,69.27382458383161,69.32510971551393,69.3774966960442,69.43093803730352,69.48541081430854,69.54089542562913,69.59737226983523,69.65482174549672,69.71322425118348,69.77256018546542,69.83280994691246,69.89395393409445,69.95597254558133,70.01884617994297,70.08255523574928,70.14708011157015,70.21240120597548,70.27849891753516,70.3453536448191,70.41294578639719,70.48125574083932,70.5502639067154,70.61995068259532,70.69029646704897,70.76128165864625,70.83288665595708,70.90509185755133,70.9778776619989,71.05122446786969,71.1251126737336,71.19952267816052,71.27443487972035,71.34982967698299,71.42568746851835,71.5019886528963,71.57871362868674,71.65584279445959,71.73335654878473,71.81123540247143,71.88946422963456,71.96803357247725,72.04693435201058,72.12615748924557,72.20569390519326,72.28553452086469,72.36567025727088,72.4460920354229,72.52679077633178,72.60775740100854,72.68898283046425,72.77045798570992,72.85217378775661,72.93412115761535,73.01629101629719,73.09867428481314,73.18126188417428,73.26404473539161,73.34701375947618,73.43015987743905,73.51347401029125,73.5969470790438,73.68057000470776,73.76433370829416,73.84822911081405,73.93224713327844,74.0163786966984,74.10061472208496,74.18494613044916,74.26936384280202,74.35385878015461,74.43842186351796,74.52304401390309,74.60771615232106,74.6924291997829,74.7771736112469,74.86193286814117,74.94668508365656,75.03140823289415,75.11608029095508,75.20067923294043,75.28518303395134,75.3695696690889,75.45381711345424,75.53790334214844,75.62180633027263,75.70550405292794,75.78897448521543,75.87219560223627,75.95514537909153,76.03780179088234,76.1201428127098,76.20214641967502,76.28379058687912,76.3650532894232,76.44591250240839,76.52634620093578,76.60633236010648,76.68584895502163,76.7648739607823,76.84338535248962,76.92136110524471,76.99877919414867,77.07561759430261,77.15185428080764,77.22746722876488,77.30243441327544,77.37673380944042,77.45034339236094,77.5232411371381,77.59540501887301,77.66680170482525,77.73731429023789,77.80678841312887,77.87506953483113,77.94200311667755,78.00743462000109,78.07120950613466,78.13317323641117,78.19317127216354,78.2510490747247,78.30665210542756,78.35982582560504,78.41041569659006,78.45826717971556,78.50322573631443,78.5451368277196,78.58384591526399,78.61919846028053,78.65103992410214,78.67921576806171,78.70357145349219,78.72395244172648,78.74020419409753,78.75217217193823,78.7597018365815,78.76263864936027,78.76082807160748,78.754115564656,78.7423465898388,78.72536660848877,78.70302108193883,78.67515547152192,78.64161523857094,78.60224584441882,78.55689275039846,78.50540141784282
69.02546732168896,68.87820666565383,68.74302944174104,68.61959631491794,68.50756795015187,68.40660501241013,68.31636816666008,68.23651807786905,68.16671541100436,68.10662083103335,68.05589500292336,68.01419859164172,67.98119226215574,67.9565366794328,67.93989250844018,67.93092041414526,67.92928106151534,67.93463511551775,67.94664324111984,67.96496610328896,67.9892643669924,68.01919869719752,68.05442975887165,68.09461821698211,68.13942473649625,68.18850998238139,68.24153461960486,68.29815931313401,68.35804472793616,68.42085152897864,68.4862403812288,68.55387194965395,68.62340689922144,68.69450589489858,68.76682960165274,68.84003868445122,68.91379425650864,68.98785245946044,69.06218145589997,69.13677809624573,69.2116392309162,69.2867617103299,69.36214238490528,69.43777810506089,69.51366572121518,69.58980208378667,69.66618404319385,69.74280844985522,69.81967215418928,69.89677200661451,69.97410485754942,70.05166755741249,70.12945695662223,70.20746990559714,70.2857032547557,70.3641538545164,70.44281855529776,70.52169420751827,70.60077766159641,70.6800657679507,70.7595553769996,70.83924333916165,70.91912650485531,70.9992017244991,71.07946584851149,71.159915727311,71.24054821131611,71.32136015094532,71.40234839661714,71.48350979875005,71.56484120776254,71.64633947407313,71.72800181341343,71.80983964306344,71.89188282861674,71.97416246859878,72.056709661535,72.13955550595085,72.22273110037176,72.30626754332317,72.39019593333055,72.4745473689193,72.5593529486149,72.64464377094276,72.73045093442835,72.81680553759708,72.90373867897442,72.99128145708582,73.07946497045668,73.16832031761248,73.25787859707864,73.34817090738063,73.43922834704387,73.5310820145938,73.62376300855587,73.71730242745551,73.81173136981818,73.9070809341693,74.00338221903432,74.10066632293871,74.19896434440787,74.29830738196726,74.39872653414233,74.50025289945853,74.60291757644126,74.706751663616,74.81178625950818,74.91805246264326,75.02557484154539,75.13428025657205,75.24402035214034,75.35464483785228,75.46600342330977,75.57794581811484,75.69032173186945,75.80298087417555,75.91577295463512,76.02854768285012,76.14115476842252,76.25344392095431,76.36526485004744,76.47646726530388,76.58690087632561,76.69641539271458,76.8048605240728,76.91208598000217,77.01794147010473,77.12227670398241,77.22494139123718,77.32578524147104,77.4246579642859,77.5214092692838,77.61588886606665,77.70794646423646,77.79743177339518,77.88419450314477,77.96808436308723,78.0489510628245,78.12664431195856,78.20101382009136,78.27190929682492,78.33918045176117,78.40267699450207,78.46224863464963,78.51778461266849,78.56946632680558,78.6176061212906,78.66251695802289,78.70451179890186,78.7439036058269,78.78100534069739,78.81612996541274,78.84959044187232,78.88169973197552,78.91277079762173,78.94311660071034,78.97305010314076,79.00288426681234,79.0329320536245,79.06350642547665,79.0949203442681,79.12748677189833,79.16151867026667,79.19732900127252,79.23523072681529,79.27553680879436,79.31856020910911,79.36461388965893,79.41401081234321,79.46706393906135,79.52408623171274,79.58539065219675,79.65129016241278,79.72209772426024,79.79812629963848,79.87968885044691,79.96709833858492,80.0606677259519,80.16070997444724,80.26753804597033
68.24917622758458,68.24187224914088,68.23698412445725,68.23446947938946,68.23428593979334,68.23639113152463,68.24074268043917,68.24729821239272,68.25601535324108,68.26685172884007,68.27976496504544,68.29471268771302,68.31165252269857,68.33054209585791,68.3513390330468,68.37400096012107,68.3984855029365,68.42475028734886,68.45275293921397,68.4824510843876,68.51380234872558,68.54676435808366,68.58129473831767,68.61735111528336,68.65489111483654,68.69387236283303,68.7342524851286,68.77598910757902,68.81903985604012,68.86336235636767,68.90891423441748,68.95565311604534,69.00353662710702,69.05252239345833,69.10256804095506,69.153631195453,69.2056695100495,69.25864641304918,69.31253821800689,69.36732298193633,69.42297876185116,69.47948361476504,69.53681559769164,69.59495276764466,69.65387318163775,69.71355489668457,69.77397596979883,69.83511445799415,69.89694841828424,69.95945590768277,70.02261498320338,70.08640370185978,70.15080012066562,70.21578229663457,70.28132828678031,70.34741614811651,70.41402393765684,70.48112971241497,70.54871152940457,70.61674744563932,70.68521551813288,70.75409380389893,70.82336035995112,70.89299324330317,70.9629705109687,71.0332702199614,71.10387042729495,71.17474918998302,71.24588456503926,71.31725460947737,71.388837380311,71.46061093455383,71.53255429959187,71.60468422603557,71.67706646829822,71.74977005579973,71.82286401796001,71.89641738419897,71.97049918393652,72.04517844659257,72.12052420158702,72.1966054783398,72.27349130627081,72.35125071479996,72.42995273334716,72.50966639133233,72.59046071817536,72.67240474329617,72.75556749611468,72.84001800605078,72.92582530252442,73.01305841495545,73.10178637276384,73.19207820536946,73.28400294219223,73.37762961265207,73.47302724616888,73.57026487216258,73.66941152005307,73.77053621926028,73.87370799920409,73.97899588930443,74.0864689189812,74.19619611765432,74.3082465147437,74.42268913966925,74.53959302185086,74.65902719070847,74.78104578229507,74.90548008376581,75.03198983275315,75.16023035404007,75.28985697240948,75.42052501264438,75.5518897995277,75.68360665784242,75.81533091237151,75.94671788789788,76.07742290920454,76.20710130107443,76.3354083882905,76.46199949563574,76.58652994789307,76.70865506984548,76.82803018627592,76.94431062196735,77.05715170170272,77.16620875026499,77.27113709243713,77.3715920530021,77.46722895674286,77.55770312844236,77.64266989288356,77.72178457484942,77.79470249912292,77.86107899048699,77.9205693737246,77.9728289736187,78.01751311495228,78.05427712250827,78.08277632106963,78.10266603541935,78.11360159034035,78.11523831061561,78.10737379789222,78.09085716876622,78.06700883194607,78.03715141921624,78.00260756236119,77.96469989316542,77.92475104341338,77.88408364488953,77.84402032937834,77.8058837286643,77.77099647453186,77.7406811987655,77.71626053314968,77.69905710946887,77.69039355950756,77.69159251505019,77.70397660788123,77.72886846978518,77.7675907325465,77.82146602794963,77.89181698777905,77.97996624381926,78.08723642785469,78.21495017166983,78.36443010704915,78.53699886577711,78.73397907963819,78.95669338041684,79.20646439989754,79.48461476986476,79.79246712210299,80.13134408839666,80.50256830053027,80.90746239028826,81.34734898945514,81.82355072981535
67.70103762287577,67.6641566818648,67.63393882605149,67.6101633208147,67.5926094315333,67.58105642358613,67.57528356235207,67.57507011320995,67.58019534153864,67.59043851271699,67.60557889212387,67.62539574513812,67.6496683371386,67.67817593350419,67.71069779961373,67.74701320084607,67.78690140258007,67.83014167019459,67.8765132690685,67.92579546458063,67.97776752210986,68.03220870703502,68.08889828473501,68.14761552058864,68.20813967997479,68.27025002827233,68.33372583086009,68.39834635311693,68.46389086042173,68.53013861815333,68.59686889169059,68.66386094641236,68.7308940476975,68.79774746092488,68.86420045147334,68.93003228472175,68.99502263263352,69.05903736310187,69.12213465852359,69.18439872270832,69.24591375946564,69.30676397260514,69.36703356593642,69.42680674326907,69.48616770841268,69.54520066517685,69.60398981737117,69.66261936880525,69.72117352328867,69.77973648463102,69.8383924566419,69.89722564313091,69.95632024790764,70.01576047478169,70.07563052756265,70.1360146100601,70.19699692608366,70.25866167944291,70.32109307394744,70.38437531340686,70.44859260163075,70.51382914242872,70.58016913961033,70.64769679698522,70.71649631836296,70.78665190755314,70.85824776836537,70.93136810460923,71.00609712009432,71.08251901863024,71.16071800402658,71.24077828009293,71.3227821516951,71.40673810225907,71.49255871854946,71.58015017839557,71.66941865962674,71.7602703400723,71.85261139756155,71.9463480099238,72.04138635498839,72.13763261058463,72.23499295454185,72.33337356468938,72.43268061885652,72.5328202948726,72.63369877056692,72.73522222376883,72.83729683230763,72.93982877401265,73.04272422671322,73.14588936823864,73.24923037641824,73.35265342908134,73.45606470405725,73.5593703791753,73.66247663226483,73.76528964115514,73.86771558367553,73.96966063765535,74.07103098092391,74.17173279131053,74.27167224664454,74.37075552475525,74.46888880347198,74.56597826062406,74.6619300740408,74.75665042155153,74.85004928428545,74.9420935520074,75.03279392286257,75.1221622218998,75.21021027416796,75.29694990471593,75.38239293859253,75.46655120084665,75.54943651652715,75.63106071068287,75.7114356083627,75.79057303461549,75.86848481449009,75.94518277303537,76.02067873530018,76.09498452633339,76.16811197118386,76.24007289490045,76.31087912253203,76.38054247912746,76.44907478973556,76.51648787940525,76.58279357318536,76.64800369612475,76.71213007327228,76.77518452967682,76.83717889038724,76.89812498045237,76.9580346249211,77.01691964884228,77.07479187726476,77.13166313523742,77.18754524780911,77.24245004002869,77.29638933694503,77.34937496360698,77.40140183571253,77.45233989828849,77.50200308413686,77.55020506185109,77.59675950002463,77.6414800672509,77.68418043212334,77.72467426323539,77.76277522918046,77.798296998552,77.83105323994347,77.86085762194826,77.88752381315983,77.91086548217162,77.93069629757704,77.94682992796956,77.95908004194258,77.96726030808955,77.97118439500392,77.97066597127909,77.96551870550852,77.95555626628563,77.94059232220387,77.92044054185666,77.89491459383746,77.86382814673968,77.82699486915675,77.78422842968212,77.73534249690923,77.6801507394315,77.61846682584236,77.55010442473527,77.47487720470365,77.39259883434093,77.30308298224054,77.20614331699593
69.43239017304532,69.2949089468935,69.1679377519358,69.05118159111004,68.94434546735411,68.84713438360585,68.75925334280315,68.68040734788384,68.6103014017858,68.5486405074469,68.495129667805,68.44947388579796,68.41137816436363,68.38054750643987,68.35668691496457,68.33950139287558,68.32869594311076,68.32397556860796,68.32504527230506,68.33161005713993,68.34337492605042,68.36004488197437,68.38132492784969,68.4069200666142,68.4365353012058,68.46987563456233,68.50664606962164,68.54655160932163,68.58929725660012,68.63458801439499,68.68212888564413,68.73162487328537,68.78278098025656,68.83530220949561,68.88889356394034,68.94326004652864,68.99810709627143,69.05323259966893,69.10864070578006,69.1643634723398,69.22043295708308,69.27688121774484,69.33374031206003,69.3910422977636,69.4488192325905,69.50710317427564,69.56592618055402,69.62532030916054,69.68531761783018,69.74595016429787,69.80725000629855,69.86924920156717,69.93197980783869,69.99547388284805,70.05976348433018,70.12488067002003,70.19085749765256,70.25772602496271,70.32551830968542,70.39426640955564,70.46400238230831,70.5347582856784,70.60656617740081,70.67945811521052,70.75346615684249,70.82862236003162,70.9049587825129,70.98250748202126,71.06130051629161,71.14136994305896,71.22274782005822,71.30546620502433,71.38955611857487,71.47500826338909,71.56176096771837,71.64974905954291,71.73890736684294,71.82917071759866,71.92047393979024,72.01275186139793,72.10593931040191,72.19997111478241,72.29478210251963,72.39030710159375,72.48648093998503,72.58323844567359,72.68051444663972,72.7782437708636,72.8763612463254,72.97480170100538,73.07349996288373,73.17239085994065,73.27140922015631,73.370489871511,73.46956764198485,73.56857735955812,73.66745385221098,73.76613194792365,73.86454647467632,73.96263226044921,74.06032413322255,74.15755692097652,74.2542654516913,74.35038455334715,74.44584905392425,74.54059378140282,74.63455356376302,74.72766322898512,74.8198600914183,74.91111866885895,75.00144211839087,75.09083433379969,75.17929920887111,75.26684063739079,75.35346251314444,75.43916872991771,75.52396318149631,75.60784976166586,75.69083236421208,75.77291488292063,75.8541012115772,75.93439524396747,76.01380087387709,76.09232199509178,76.16996250139717,76.24672628657895,76.32261724442283,76.39763926871443,76.47179625323948,76.54509209178364,76.61753067813258,76.68911590607196,76.75985166938752,76.82974186186486,76.8987903772897,76.96700110944768,77.03437795212453,77.1009247991059,77.16664554417748,77.23154408112494,77.29562430373393,77.35889010579017,77.42134538107929,77.48299402338701,77.54383561087123,77.60383782650344,77.66295405773822,77.7211376245984,77.77834184710686,77.83452004528645,77.88962553916004,77.94361164875049,77.99643169408067,78.04803899517343,78.09838687205165,78.14742864473816,78.19511763325586,78.24140715762759,78.28625053787623,78.32960109402465,78.37141214609566,78.41163701411217,78.45022901809706,78.48714147807313,78.52232771406328,78.55574104609038,78.58733479417727,78.61706227834681,78.64487681862191,78.67073173502537,78.6945803475801,78.71637597630892,78.73607194123473,78.75362156238039,78.76897815976874,78.78209505342265,78.79292556336502,78.80142300961863,78.80754071220643,78.81123199115122
67.9851172726293,67.9152478654259,67.85554166570283,67.80565133799259,67.76522954682765,67.73392895674048,67.71140223226357,67.69730203792938,67.69128103827039,67.6929918978191,67.70208728110795,67.71821985266945,67.74104227703606,67.77020721874027,67.80536734231454,67.84617531229135,67.89228379320319,67.94334544958252,67.99901294596184,68.05893894687361,68.1227761168503,68.19017712042441,68.2607946221284,68.33428128649474,68.41028977805594,68.48847276134444,68.56848290089273,68.6499728612333,68.7325953068986,68.81600290242113,68.89984831233338,68.98378420116778,69.06746323345685,69.15053807373305,69.23266138652886,69.31348583637674,69.39266468213296,69.46997717929118,69.54548369848426,69.6192826470658,69.6914724323894,69.76215146180866,69.83141814267718,69.89937088234855,69.96610808817637,70.03172816751426,70.0963295277158,70.16001057613458,70.22286972012421,70.2850053670383,70.34651592423043,70.40749979905421,70.46805539886323,70.5282811310111,70.58827540285141,70.64813662173776,70.70796319502375,70.76785353006298,70.82790603420905,70.88821911481554,70.94889117923607,71.01002063482424,71.07170588893365,71.13404534891788,71.19713742213055,71.26108051592524,71.32597303765556,71.3919133946751,71.45899999433747,71.52733124399626,71.59700555100508,71.66812132271751,71.74077531860692,71.815000236802,71.8907455574789,71.96795519921793,72.04657308059943,72.12654312020369,72.20780923661106,72.29031534840182,72.3740053741563,72.45882323245482,72.54471284187771,72.63161812100526,72.71948298841781,72.80825136269567,72.89786716241915,72.98827430616858,73.07941671252426,73.17123830006652,73.26368298737566,73.35669469303201,73.4502173356159,73.54419483370762,73.63857110588751,73.73329007073586,73.82829564683301,73.92353175275927,74.01894230709497,74.1144712284204,74.21006243531589,74.30565984636176,74.40120738013833,74.49664895522591,74.59192849020482,74.68698990365536,74.78177711415788,74.87623404029266,74.97030468652322,75.06393434237984,75.1570692866397,75.24965582352694,75.34164025726561,75.43296889207983,75.52358803219369,75.61344398183125,75.70248304521665,75.79065152657394,75.87789573012722,75.96416196010061,76.04939652071816,76.13354571620398,76.21655585078217,76.29837322867681,76.37894415411199,76.4582149313118,76.53613186450033,76.61264125790169,76.68768941573995,76.7612226422392,76.83318724162355,76.90352951811708,76.97219577594389,77.03913231932805,77.10428545249367,77.16760147966482,77.22902670506562,77.28850743292014,77.34598996745248,77.40142061288672,77.45474567344696,77.50591145335731,77.55486425684182,77.60155038812462,77.64595702955609,77.68837347838887,77.72922444066899,77.76893526116321,77.80793128463829,77.84663785586096,77.88548031959802,77.9248840206162,77.96527430368226,78.00707651356296,78.05071599502506,78.09661809283529,78.14520815176044,78.19691151656724,78.25215353202248,78.31135954289287,78.3749548939452,78.44336492994623,78.51701499566268,78.59633043586133,78.68173659530895,78.77365881877228,78.87252245101807,78.97875283681309,79.09277532092409,79.21501524811782,79.34589796316105,79.48584881082053,79.63529313586301,79.79465628305525,79.96436359716401,80.14484042295605,80.33651210519811,80.53980398865696,80.75514141809936,80.98294973829205
68.37759052081606,68.30672717116214,68.2439195935632,68.18893045176252,68.14152240950331,68.10145813052881,68.06850027858226,68.04241151740689,68.02295451074593,68.00989192234265,68.00298641594026,68.00200065528199,68.0066973041111,68.0168390261708,68.03218848520436,68.05250834495499,68.07756126916593,68.10710992158043,68.14091696594171,68.17874506599303,68.22035688547761,68.26551508813868,68.3139823377195,68.36552129796328,68.41989463261328,68.47686500541272,68.53619508010483,68.59764752043289,68.66098499014008,68.72597015296968,68.7923656726649,68.859934212969,68.92843843762519,68.99764101037674,69.06730459496686,69.13719185513878,69.20706581772725,69.27676648496472,69.3463056013624,69.41571814928747,69.48503911110707,69.55430346918837,69.6235462058985,69.69280230360464,69.76210674467393,69.83149451147354,69.9010005863706,69.97065995173229,70.04050758992574,70.11057848331814,70.1809076142766,70.2515299651683,70.32248051836041,70.39379425622006,70.4655061611144,70.5376512154106,70.61026440147583,70.68338070167721,70.7570350983819,70.83126257395709,70.90609811076989,70.98157669118748,71.05773329757703,71.13460291230565,71.21222051774053,71.29062109624881,71.36983963019765,71.4499111019542,71.53087049388562,71.61275278835906,71.69559296774167,71.77942601440063,71.86428595844018,71.95016981074474,72.03702649292278,72.1248017126955,72.21344117778413,72.30289059590989,72.39309567479395,72.48400212215756,72.57555564572192,72.66770195320825,72.76038675233777,72.85355575083167,72.94715465641117,73.0411291767975,73.13542501971185,73.22998789287543,73.32476350400948,73.41969756083519,73.51473577107379,73.60982384244646,73.70490748267446,73.79993239947896,73.89484430058118,73.98958889370236,74.08411188656369,74.1783589868864,74.27227590239168,74.36580834080075,74.45890200983483,74.55150261721512,74.64355587066285,74.73500747789923,74.82580314664546,74.91588858462275,75.00520949955232,75.0937115991554,75.18134060451102,75.26804243657139,75.35376317015137,75.43844888402374,75.52204565696124,75.60449956773665,75.68575669512273,75.76576311789225,75.84446491481798,75.92180816467265,75.99773894622906,76.07220333825997,76.14514741953813,76.21651726883633,76.28625896492728,76.35431858658382,76.42064221257864,76.48517592168456,76.54786579267432,76.60865790432068,76.66749833539642,76.72433316467429,76.77910847092706,76.8317703329275,76.88226482944836,76.93053803926243,76.97653604114244,77.02020491386118,77.0614907361914,77.10033958690587,77.13669754477736,77.17051068857863,77.20172509708243,77.23028684906154,77.25614202328873,77.27923669853676,77.29955265056417,77.31733547816499,77.3329490263987,77.3467576980901,77.35912589606406,77.37041802314542,77.380998482159,77.39123167592967,77.40148200728225,77.4121138790416,77.42349169403255,77.43597985507994,77.44994276500861,77.46574482664343,77.4837504428092,77.50432401633078,77.52782995003304,77.55463264674077,77.58509650927884,77.61958594047209,77.65846534314537,77.7020991201235,77.75085167423136,77.80508740829374,77.86517072513551,77.93146602758152,78.0043377184566,78.0841502005856,78.17126787679334,78.26605514990467,78.36887642274446,78.48009609813752,78.60007857890871,78.72918826788285,78.86778956788481,79.01624688173942
68.2026354290402,68.14884262402016,68.10261299698475,68.06369437723635,68.03183459407737,68.00678147681018,67.98828285473718,67.97608655716073,67.96994041338326,67.96959225270709,67.97478990443466,67.98528119786835,68.00081396231052,68.02113602706356,68.04599522142988,68.07513937471184,68.10831631621184,68.14527387523226,68.18575988107547,68.22952216304388,68.27630855043988,68.32586687256583,68.37794495872411,68.43229063821715,68.4886517403473,68.54677609441694,68.60641152972848,68.66730587558429,68.72920696128675,68.79186261613826,68.8550206694412,68.91842895049795,68.98183528861091,69.04498751308245,69.10763345321496,69.16952093831082,69.23039825787254,69.29011126382447,69.34872348273991,69.40632789399872,69.46301747698074,69.51888521106588,69.57402407563396,69.62852705006492,69.68248711373855,69.73599724603477,69.78915042633344,69.84203963401444,69.8947578484576,69.94739804904282,70.00005321514996,70.0528163261589,70.10578036144952,70.15903830040165,70.21268312239516,70.26680780680996,70.3215053330259,70.37686868042286,70.43299082838067,70.48996475627922,70.54788344349842,70.60683986941808,70.6669270134181,70.72823785487833,70.79086537317866,70.85490254769897,70.92044235781907,70.98757778291889,71.0564018023783,71.12700739557712,71.19948754189525,71.27393522071256,71.3504413416074,71.42901635062441,71.50956616883192,71.59198973171817,71.67618597477141,71.76205383347988,71.84949224333184,71.93840013981549,72.02867645841906,72.12022013463084,72.21293010393904,72.30670530183193,72.40144466379772,72.49704712532466,72.593411621901,72.69043708901495,72.7880224621548,72.88606667680875,72.98446866846507,73.08312737261195,73.18194172473773,73.28081066033053,73.37963311487869,73.47830802387037,73.57673432279387,73.67481094713742,73.77243683238922,73.86951091403756,73.96593212757068,74.06159940847678,74.15641169224415,74.25026791436099,74.34306701031554,74.43470791559608,74.52508956569082,74.614110896088,74.70167623637857,74.7877706279125,74.87244124411166,74.95573685665056,75.03770623720371,75.11839815744565,75.19786138905093,75.27614470369403,75.35329687304949,75.42936666879183,75.50440286259555,75.57845422613525,75.65156953108536,75.72379754912043,75.79518705191501,75.86578681114361,75.93564559848076,76.00481218560094,76.07333534417873,76.14126384588863,76.20864646240517,76.27553196540282,76.3419691265562,76.40800671753973,76.473693510028,76.53907827569552,76.60420978621681,76.66913681326639,76.73390812851878,76.7985725036485,76.86317871033006,76.92777552023801,76.99241170504689,77.05713603643119,77.12199728606541,77.18704422562413,77.25231807490974,77.31780424066986,77.38346311407585,77.44925496830098,77.51514007651855,77.58107871190185,77.64703114762423,77.71295765685895,77.77881851277934,77.84457398855866,77.91018435737027,77.97560989238741,78.04081086678343,78.10574755373162,78.17038022640529,78.23466915797769,78.29857462162218,78.36205689051204,78.42507623782058,78.48759293672109,78.54956726038688,78.61095948199127,78.67172987470752,78.73183871170897,78.79124626616891,78.84991281126062,78.90779862015745,78.96486396603265,79.02106912205954,79.07637436141147,79.13073995726165,79.18412618278347,79.23649331115016,79.28780161553507,79.33801136911151,79.38708284505273
68.34482262652126,68.29668375819779,68.2567866212167,68.22484009017779,68.20055303968086,68.18363434432565,68.17379287871198,68.17073751743962,68.17417713510835,68.18382060631797,68.19937680566824,68.22055460775897,68.24706288718993,68.27861051856091,68.31490637647168,68.35565933552205,68.40057827031177,68.44937205544065,68.50174956550846,68.557419675115,68.61609125886004,68.67747319134337,68.74127434716476,68.807203600924,68.8749698272209,68.94428190065521,69.01484869582674,69.08637908733526,69.15858194978054,69.2311661577624,69.3038405858806,69.37631410873493,69.44829560092515,69.51949393705108,69.58961799171249,69.65837663950916,69.72547931278685,69.79075368603868,69.85429124760537,69.91621918157027,69.97666467201668,70.03575490302795,70.09361705868739,70.15037832307833,70.20616588028409,70.26110691438802,70.31532860947343,70.36895814962365,70.42212271892201,70.47494950145185,70.52756568129647,70.5800984425392,70.63267496926339,70.68542244555235,70.7384680554894,70.7919389831579,70.84596241264114,70.90066552802249,70.95617551338522,71.0126195528127,71.07012483038824,71.12881853019518,71.18882783631683,71.25027993283653,71.3133020038376,71.37802123340337,71.44456480561718,71.51305990456233,71.58363371432216,71.65641341898001,71.7315262026192,71.80909924932304,71.8892567172022,71.97200512968001,72.05719819856019,72.14467942298872,72.23429230211158,72.32588033507479,72.41928702102429,72.5143558591061,72.61093034846617,72.70885398825054,72.80797027760515,72.908122715676,73.0091548016091,73.11091003455039,73.2132319136459,73.31596393804159,73.41894960688344,73.52203241931747,73.62505587448963,73.72786347154594,73.83029870963236,73.93220508789489,74.03342610547949,74.13380526153217,74.23318605519893,74.33141198562572,74.42832655195856,74.52377325334342,74.61759558892628,74.70963705785313,74.79974115926996,74.88775139232276,74.97351125615751,75.0568642499202,75.13765387275681,75.21572362381333,75.29093069956933,75.36333724919949,75.43316319486905,75.50063251721244,75.56596919686409,75.62939721445846,75.69114055062998,75.75142318601307,75.8104691012422,75.86850227695179,75.92574669377628,75.98242633235012,76.03876517330772,76.09498719728356,76.15131638491204,76.20797671682762,76.26519217366473,76.32318673605782,76.38218438464132,76.44240910004966,76.50408486291731,76.56743565387868,76.6326854535682,76.70005824262034,76.76977800166954,76.8420687113502,76.91715435229678,76.99525890514373,77.07660635052548,77.16142066907646,77.24992584143112,77.3423458482239,77.43890467008922,77.53982628766154,77.64533468157529,77.75565383246492,77.87091484278687,77.99056238721344,78.1137334814524,78.23956368998991,78.36718857731219,78.49574370790546,78.62436464625591,78.75218695684977,78.8783462041732,79.00197795271244,79.12221776695367,79.23820121138311,79.34906385048698,79.45394124875148,79.55196897066278,79.64228258070713,79.7240176433707,79.79630972313971,79.85829438450038,79.90910719193889,79.94788370994145,79.97375950299427,79.98587013558355,79.98335117219551,79.96533817731634,79.93096671543225,79.87937235102945,79.80969064859413,79.7210571726125,79.61260748757077,79.48347715795515,79.33280174825184,79.15971682294703,78.96335794652697,78.74286068347782,78.49736059828578
69.25020327052613,69.11202651759014,68.98721670427034,68.87534139596875,68.77596815808747,68.68866455602856,68.61299815519406,68.54853652098608,68.49484721880664,68.45149781405783,68.41805587214172,68.39408895846037,68.37916463841584,68.37285047741021,68.37471404084552,68.38432289412387,68.4012446026473,68.42504673181787,68.45529684703767,68.49156251370876,68.53341129723319,68.58041076301303,68.63212847645036,68.68813200294724,68.74798890790574,68.81126675672789,68.8775331148158,68.94635554757153,69.01730162039713,69.08993889869467,69.16383494786622,69.23855733331384,69.31367362043959,69.38875137464555,69.46335816133379,69.53706154590635,69.60942981755628,69.68018470915756,69.74939030670265,69.81715701880472,69.88359525407688,69.9488154211323,70.01292792858409,70.07604318504539,70.13827159912938,70.19972357944916,70.2605095346179,70.32073987324871,70.38052500395474,70.43997533534915,70.49920127604506,70.55831323465561,70.61742161979394,70.67663684007321,70.73606930410655,70.79582942050709,70.85602759788797,70.91677424486235,70.97817977004335,71.04035458204413,71.10340908947781,71.16745370095754,71.23259882509645,71.2989548705077,71.36663224580441,71.43574135959973,71.5063926205068,71.57869643713876,71.65276321810876,71.72870337202993,71.8066273075154,71.88664543317833,71.96886555638889,72.05329436119729,72.13980716888437,72.22827052153599,72.31855096123803,72.41051503007634,72.50402927013678,72.5989602235052,72.69517443226749,72.79253843850952,72.89091878431714,72.99018201177617,73.09019466297255,73.19082327999206,73.29193440492061,73.3933945798441,73.49507034684832,73.59682824801918,73.69853482544251,73.80005662120418,73.90126017739009,74.00201203608604,74.10217873937795,74.20162682935167,74.30022284809301,74.39783333768791,74.4943248402222,74.58956389778173,74.68341705245236,74.77575084631998,74.86643182147044,74.95532651998958,75.0423014839633,75.12722325547746,75.20995837661788,75.29037338947047,75.36834320256945,75.44386791130636,75.51704398016334,75.58797035257025,75.65674597195691,75.72346978175314,75.78824072538877,75.85115774629362,75.91231978789754,75.97182579363037,76.02977470692191,76.086265471202,76.14139702990046,76.19526832644716,76.24797830427188,76.29962590680445,76.35031007747473,76.40012975971256,76.44918389694773,76.49757143261009,76.54539131012946,76.59274247293568,76.63972386445856,76.68643442812795,76.7329731073737,76.77943884562559,76.82593058631348,76.87254727286718,76.91938784871654,76.96655125729136,77.01413644202152,77.06224234633679,77.11096791366704,77.16041208744211,77.21067381109178,77.26185202804594,77.31400847642057,77.36692992380956,77.42027989520493,77.4737213342655,77.52691718465032,77.5795303900182,77.6312238940282,77.68166064033916,77.73050357261,77.77741563449975,77.82205976966723,77.86409892177146,77.90319603447132,77.93901405142576,77.9712159162937,77.99946457273408,78.02342296440581,78.04275403496787,78.05712072807914,78.06618598739858,78.06961275658513,78.06706397929769,78.05820259919521,78.04269155993664,78.02019380518088,77.99037227858686,77.95288992381352,77.9074096845198,77.85359450436464,77.79110732700697,77.71961109610568,77.63876875531973,77.54824324830808,77.44769751872961,77.33679451024331,77.21519716650805
69.6756134467223,69.48007716056561,69.3011707253004,69.13837111289192,68.99115529530555,68.85900024450657,68.74138293246031,68.6377803311321,68.54766941248724,68.47052714849104,68.40583051110886,68.35305647230595,68.31168200404767,68.28118407829933,68.26103966702627,68.25072574219377,68.24971927576715,68.25749723971174,68.27353660599286,68.29731434657582,68.32830743342593,68.36599283850853,68.40984753378892,68.45934849123242,68.51397268280435,68.57319708047002,68.63649865619476,68.70335438194388,68.77324122968268,68.8456361713765,68.92001617899066,68.99585822449046,69.07263927984123,69.14983631700828,69.22692630795692,69.3033862246525,69.37869386328863,69.45250175646778,69.52485229679867,69.59584062750402,69.66556189180658,69.73411123292907,69.80158379409416,69.86807471852462,69.93367914944317,69.99849223007253,70.06260910363538,70.1261249133545,70.18913480245259,70.25173391415235,70.3140173916765,70.3760803782478,70.43801801708896,70.49992545142267,70.56189782447167,70.6240302794587,70.68641795960643,70.74915600813763,70.81233956827502,70.87606378324129,70.9404237962592,71.00551475055143,71.07143178934074,71.13827005584982,71.20612469330139,71.27509084491821,71.34526365392297,71.41673826353836,71.48960981698717,71.56397345749208,71.63992432827585,71.71755757256115,71.79696637447209,71.87816775817423,71.96107981335304,72.0456140177363,72.13168184905167,72.21919478502691,72.30806430338971,72.39820188186776,72.48951899818881,72.58192713008059,72.67533775527075,72.76966235148707,72.86481239645722,72.96069936790893,73.05723474356991,73.15433000116788,73.25189661843056,73.34984607308566,73.44808984286088,73.54653940548393,73.64510623868257,73.74370182018446,73.84223762771732,73.94062513900893,74.03877583178691,74.13660118377904,74.234012672713,74.33092177631652,74.42723997231731,74.52287873844308,74.61774955242156,74.71176389198045,74.80483323484746,74.89686905875034,74.98778284141675,75.07748606057443,75.16589589118398,75.25301475569098,75.33891070022365,75.42365345897925,75.50731276615504,75.58995835594824,75.67165996255615,75.752487320176,75.83251016300504,75.91179822524053,75.99042124107972,76.06844894471983,76.14595107035821,76.22299735219202,76.29965752441855,76.37600132123502,76.45209847683874,76.52801872542695,76.60383180119688,76.67960743834577,76.7554153710709,76.83132533356952,76.90740706003889,76.98373028467627,77.0603647416789,77.13738016524401,77.21484628956888,77.29283284885075,77.37140957728691,77.45064620907458,77.53061247841102,77.61137811949347,77.6930128665192,77.77558645368545,77.85916861518949,77.94382908522859,78.02958651375779,78.11608200625516,78.2027874516465,78.28917394066643,78.37471256404952,78.45887441253036,78.54113057684357,78.62095214772368,78.6978102159053,78.77117587212307,78.84052020711148,78.90531431160518,78.96502927633871,79.01913619204673,79.06710614946375,79.10841023932441,79.14251955236325,79.1689051793149,79.18703821091391,79.1963897378949,79.19643085099243,79.18663264094108,79.16646619847548,79.13540261433018,79.09291297923978,79.03846838393885,78.97153991916197,78.89159867564378,78.79811574411882,78.69056221532166,78.56840917998694,78.4311277288492,78.27818895264305,78.10906394210308,77.92322378796386,77.72013958095998
69.48990624235513,69.33093814457312,69.18531589926509,69.05264034410227,68.93251231675593,68.82453265489733,68.72830219619772,68.64342177832835,68.56949223896049,68.50611441576538,68.45288914641431,68.4094172685785,68.37529961992922,68.35013703813773,68.33353036087529,68.32508042581314,68.32438807062255,68.33105413297477,68.34467945054108,68.3648648609927,68.39121120200092,68.42331931123697,68.46079002637211,68.50322418507761,68.55022262502473,68.60138618388471,68.65631569932881,68.71461200902831,68.77587595065444,68.83970836187845,68.90571008037162,68.97348194380521,69.04262478985045,69.11273945617862,69.18342678046096,69.25428760036874,69.32492333589123,69.39505885843653,69.46469447583317,69.53386776426248,69.60261629990582,69.67097765894454,69.73898941755999,69.80668915193354,69.87411443824655,69.94130285268034,70.00829197141627,70.07511937063573,70.14182262652005,70.20843931525057,70.27500701300866,70.34156329597569,70.408145740333,70.47479192226191,70.54153941794382,70.60842580356008,70.67548865529201,70.742765549321,70.8102940618284,70.87811176899555,70.94625624700379,71.01476507203452,71.08367582026904,71.15302606788873,71.22285339107496,71.29319536600906,71.3640895688724,71.43557357584632,71.5076849631122,71.58046130685133,71.65394018324513,71.72815916847492,71.80315531742545,71.87894541957448,71.95551993891945,72.03286758008164,72.11097704768233,72.18983704634277,72.26943628068423,72.34976345532802,72.43080727489536,72.51255644400754,72.59499966728586,72.67812564935156,72.7619230948259,72.84638070833017,72.93148719448564,73.0172312579136,73.10360160323528,73.19058693507196,73.27817595804494,73.36635737677547,73.45511989588482,73.54445221999427,73.63434305372508,73.72478110169854,73.81575506853588,73.90725365885842,73.99926557728742,74.0917795284441,74.18478421694982,74.27826834742578,74.37222062449325,74.46662975277357,74.56148443688792,74.65677338145764,74.752485291104,74.8486088704482,74.9451290472904,75.041974236995,75.13902935154161,75.2361781838517,75.33330452684675,75.43029217344818,75.52702491657749,75.62338654915612,75.71926086410558,75.81453165434729,75.90908271280273,76.00279783239337,76.09556080604068,76.18725542666611,76.27776548719113,76.3669747805372,76.4547670996258,76.54102623737839,76.62563598671643,76.70848014056139,76.78944249183472,76.8684068334579,76.94525695835239,77.01987665943967,77.09214972964119,77.16195996187841,77.22919114907279,77.29372708414581,77.35545156001896,77.41424836961366,77.47000130585138,77.52259416165361,77.5719107299418,77.61783480363742,77.66025017566193,77.6990406389368,77.73412507029963,77.76568163865562,77.79400472838225,77.81938927204307,77.84213020220172,77.8625224514218,77.88086095226689,77.89744063730063,77.91255643908661,77.92650329018845,77.93957612316974,77.9520698705941,77.96427946502511,77.97649983902642,77.9890259251616,78.00215265599425,78.01617496408801,78.03138778200648,78.04808604231324,78.06656467757193,78.08711862034612,78.11004280319943,78.1356321586955,78.16418161939788,78.19598611787022,78.23134058667611,78.27053995837915,78.31387916554294,78.36165314073111,78.41415681650726,78.47168512543499,78.53453300007789,78.6029953729996,78.67736717676371,78.75794334393382,78.84501880707353
69.227802457989,69.12345929864576,69.02746448221434,68.93960041370748,68.85964949813791,68.78739414051836,68.72261674586156,68.66509971918022,68.61462546548711,68.57097638979494,68.53393489711644,68.50328339246435,68.4788042808514,68.46027996729033,68.44749285679386,68.44022535437472,68.43825986504564,68.44137879381937,68.44936454570862,68.46199952572614,68.47906613888465,68.50034679019689,68.52562388467558,68.55467982733346,68.58729702318325,68.6232578772377,68.66234479450955,68.7043401800115,68.7490264387563,68.79618597575669,68.84560119602537,68.89705450457511,68.95032830641863,69.00520500656863,69.06146701003789,69.11889672183912,69.17727684098593,69.23645239467992,69.29640747254206,69.35714498025004,69.41866782348161,69.48097890791448,69.54408113922635,69.60797742309495,69.67267066519798,69.73816377121317,69.80445964681823,69.87156119769085,69.9394713295088,70.00819294794977,70.07772895869145,70.1480822674116,70.21925577978789,70.29125240149806,70.36407503821982,70.4377265956309,70.51220997940901,70.58752809523183,70.66368384877713,70.74068014572259,70.81851989174595,70.8972059925249,70.97674135373717,71.05712888106046,71.13837148017251,71.22047205675102,71.30343351647372,71.3872587650183,71.4719507080625,71.55751225128401,71.64394630036057,71.73125576096989,71.81944303581153,71.9084909743099,71.99835702549332,72.08899694083888,72.18036647182372,72.27242136992491,72.36511738661959,72.45841027338484,72.55225578169778,72.6466096630355,72.74142766887513,72.83666555069377,72.93227905996851,73.02822394817646,73.12445596679474,73.22093086730044,73.31760440117068,73.41443231988256,73.51137037491318,73.60837431773967,73.70539989983911,73.8024028726886,73.89933898776528,73.99616399654623,74.09283365050857,74.18930370112938,74.2855298998858,74.38146799825492,74.47707374771383,74.57230289973967,74.66711120580952,74.7614544174005,74.85528828598972,74.94856856305427,75.04125100007126,75.1332913485178,75.22464665332353,75.31529331330046,75.40522262591755,75.494426271889,75.58289593192896,75.67062328675159,75.7576000170711,75.84381780360161,75.92926832705734,76.01394326815243,76.09783430760106,76.18093312611741,76.26323140441563,76.34472082320993,76.42539306321443,76.50523980514335,76.58425272971081,76.66242351763103,76.73974384961815,76.81620540638635,76.89179986864981,76.96651891712268,77.04035423251915,77.1132974955534,77.18534038693957,77.25647458739185,77.32669177762442,77.39598363835142,77.46434185028706,77.53175809414547,77.59822405064088,77.66373140048739,77.72827182439923,77.79183700309054,77.85441861727548,77.91600834766827,77.97659583858439,78.0361556840808,78.0946557326439,78.15206380094143,78.2083477056411,78.26347526341061,78.3174142909177,78.37013260483005,78.4215980218154,78.47177835854144,78.5206414316759,78.5681550578865,78.61428705384094,78.65900523620694,78.7022774216522,78.74407142684444,78.78435506845139,78.82309616314076,78.86026252758025,78.89582197843757,78.92974233238044,78.96199140607658,78.9925370161937,79.02134697939951,79.04838911236172,79.07363123174807,79.09704115422622,79.11858669646394,79.13823567512891,79.15595590688886,79.1717152084115,79.18548139636452,79.19722228741567,79.20690569823266,79.21449944548317,79.21997134583494
68.88954559119426,68.75206576267891,68.62810791933758,68.51723058618404,68.41899228823213,68.33295155049568,68.2586668979885,68.19569685572444,68.14359994871727,68.10193470198085,68.07025964052899,68.0481332893755,68.03511417353421,68.03076081801895,68.03463174784352,68.04628548802177,68.06528056356748,68.09117549949451,68.12352882081666,68.16189905254775,68.20584471970162,68.25492434729208,68.30869646033292,68.36671958383802,68.42855224282116,68.49375296229616,68.56188026727685,68.63249268277707,68.7051487338106,68.77940694539129,68.85482584253295,68.93096395024942,69.00737979355449,69.08363189746201,69.15927878698578,69.23387898713965,69.30699177028735,69.37833484698415,69.4479794243162,69.5160445397671,69.5826492308204,69.64791253495969,69.71195348966856,69.77489113243058,69.83684450072934,69.89793263204842,69.95827456387141,70.01798933368187,70.07719597896339,70.13601353719955,70.19456104587393,70.25295754247011,70.31132206447168,70.36977364936222,70.4284313346253,70.48741415774451,70.54684115620341,70.60683136748563,70.66750382907469,70.72897757845422,70.79137165310776,70.85480509051892,70.91939692817128,70.9852662035484,71.05253195413388,71.12131321741128,71.19172903086421,71.26389843197623,71.33794045823093,71.41397414711189,71.49211853610268,71.57249266268688,71.6552127597022,71.74028602937678,71.82757803932068,71.91694489146406,72.00824268773701,72.10132753006967,72.19605552039218,72.29228276063466,72.38986535272724,72.48865939860005,72.5885210001832,72.68930625940686,72.79087127820112,72.89307215849612,72.995765002222,73.09880591130889,73.20205098768689,73.30535633328614,73.40857805003678,73.51157223986894,73.61419500471276,73.71630244649832,73.81775066715579,73.9183957686153,74.01809385280696,74.1167010216609,74.21407337710725,74.31006702107615,74.40453805549771,74.49734258230208,74.58833670341939,74.67737652077973,74.76431813631328,74.84901765195012,74.93133116962042,75.01111479125429,75.0882361901717,75.16273618197032,75.23478886751603,75.30457177623468,75.37226243755211,75.43803838089414,75.50207713568663,75.56455623135541,75.62565319732633,75.68554556302522,75.74441085787792,75.80242661131028,75.85977035274811,75.9166196116173,75.97315191734366,76.02954479935302,76.08597578707122,76.14262240992413,76.19966219733757,76.25727267873737,76.31563138354939,76.37491584119945,76.43530358111342,76.4969721327171,76.56009902543636,76.62486178869702,76.69143795192494,76.76000504454593,76.83074059598587,76.90382213567057,76.97942719302588,77.05773329747764,77.13891797845167,77.22315876537385,77.31063318766998,77.40151877476593,77.49592823804949,77.593495243096,77.69363874572987,77.79577668899357,77.89932701592961,78.00370766958054,78.10833659298882,78.21263172919699,78.31601102124755,78.41789241218301,78.51769384504588,78.61483326287868,78.7087286087239,78.79879782562406,78.88445885662168,78.96512964475926,79.0402281330793,79.10917226462432,79.17137998243683,79.22626922955935,79.27325794903437,79.31176408390442,79.34120557721198,79.3610003719996,79.37056641130975,79.36932163818497,79.35668399566775,79.33207142680062,79.29490187462608,79.24459328218663,79.18056359252478,79.10223074868306,79.00901269370395,78.90032737063,78.77559272250369,78.63422669236752
68.15278798400507,68.1462339851991,68.14349183410073,68.14444567378004,68.14897964730707,68.15697789775186,68.16832456818446,68.18290380167497,68.20059974129339,68.22129653010981,68.2448783111943,68.27122922761686,68.30023342244758,68.33177503875652,68.36573821961372,68.40200710808924,68.44046584725314,68.48099858017545,68.52348944992625,68.5678225995756,68.61388217219354,68.66155231085017,68.71071715861544,68.7612608585595,68.81306755375238,68.86602138726411,68.92000650216477,68.9749070415244,69.03060714841308,69.08699096590084,69.14394263705773,69.20134630495383,69.25908611265919,69.31704620324385,69.37511071977787,69.4331638053313,69.49108982481445,69.5488201732656,69.60639117615031,69.66385335670859,69.72125723818041,69.7786533438059,69.83609219682498,69.89362432047773,69.95130023800417,70.00917047264429,70.06728554763814,70.12569598622574,70.1844523116471,70.24360504714224,70.30320471595121,70.36330184131398,70.42394694647064,70.48519055466116,70.5470831891256,70.60967537310395,70.67301762983624,70.7371604825625,70.80215445452276,70.86805006895702,70.93489784910531,71.00274831820767,71.07165199950413,71.14165941623466,71.21282109163931,71.28518754895813,71.35880931143109,71.43373690229828,71.51002084479967,71.58771166217528,71.66685987766516,71.7475160145093,71.82972926491863,71.91349707734628,71.99874968327399,72.08541282196009,72.173412232663,72.26267365464108,72.35312282715273,72.44468548945628,72.53728738081011,72.63085424047264,72.72531180770224,72.82058582175725,72.91660202189607,73.01328614737707,73.11056393745864,73.2083611313991,73.3066034684569,73.4052166878904,73.50412652895793,73.60325873091793,73.70253903302873,73.8018931745487,73.90124689473626,74.00052593284977,74.09965602814756,74.19856291988808,74.29717234732968,74.39541004973069,74.49320176634956,74.59047323644461,74.68715019927421,74.7831583940968,74.87842356017072,74.97287143675433,75.06642776310602,75.15901827848418,75.25057153501598,75.34105817368055,75.4304812355386,75.51884459509338,75.60615212684826,75.69240770530647,75.77761520497134,75.86177850034619,75.9449014659343,76.02698797623896,76.10804190576346,76.18806712901116,76.26706752048528,76.34504695468917,76.42200930612611,76.49795844929943,76.5728982587124,76.6468326088683,76.71976537427048,76.7917004294222,76.86264164882678,76.93259290698751,77.0015580784077,77.06954103759062,77.13654565903963,77.20257581725795,77.26763538674896,77.33172824201588,77.39485825756208,77.45702930789082,77.51824526750542,77.57851001090916,77.63782741260533,77.69620134709729,77.75363568888827,77.81013431248158,77.8656840917854,77.92014625568424,77.97332571859124,78.02502712928518,78.07505513654485,78.12321438914904,78.16930953587655,78.2131452255062,78.25452610681674,78.293256828587,78.32914203959578,78.36198638862186,78.39159452444403,78.41777109584109,78.44032075159186,78.45904814047512,78.47375791126964,78.48425471275425,78.49034319370773,78.4918280029089,78.48851378913653,78.48020520116944,78.46670688778639,78.4478234977662,78.42335967988768,78.39312008292958,78.35690935567075,78.31453214688995,78.26579310536599,78.21049687987767,78.14844811920375,78.07945147212308,78.00331158741443,77.91983311385661,77.82882070022839,77.73007899530859
68.1017859358788,68.14892899071948,68.19382937965798,68.23660990136939,68.2773933545288,68.31630253781131,68.35346024989202,68.38898928944604,68.42301245514845,68.45565254567435,68.48703235969886,68.51727469589704,68.54650235294402,68.57483812951487,68.6024048242847,68.62932523592863,68.65572216312172,68.6817184045391,68.70743675885583,68.73300002474706,68.75853100088784,68.78415248595329,68.80998727861851,68.83615817755859,68.86278798144862,68.88999948896371,68.91791549877895,68.94665880956946,68.97635222001031,69.0071185287766,69.03908053454344,69.07236103598594,69.10708283177917,69.14336872059823,69.18134150111823,69.22112397201427,69.26283870345571,69.30655982240147,69.35225337260958,69.39987077347266,69.44936344438334,69.50068280473424,69.55378027391798,69.60860727132719,69.66511521635447,69.72325552839247,69.78297962683378,69.84423893107105,69.90698486049688,69.9711688345039,70.03674227248472,70.10365659383199,70.17186321793831,70.24131356419632,70.31195905199858,70.3837511007378,70.45664112980656,70.53058055859746,70.60552080650315,70.68141329291625,70.75820943722935,70.8358606588351,70.91431837712615,70.99353401149504,71.07345898133447,71.15404470603703,71.23524260499535,71.31700409760204,71.39928060324972,71.482023541331,71.56518433123854,71.64871439236494,71.73256577883517,71.81671521999532,71.90117149917639,71.98594554193103,72.07104827381208,72.1564906203722,72.24228350716417,72.32843785974073,72.41496460365461,72.50187466445853,72.58917896770522,72.67688843894747,72.76501400373799,72.85356658762952,72.94255711617477,73.03199651492652,73.12189570943751,73.21226562526043,73.30311718794805,73.39446132305314,73.48630895612835,73.57867101272653,73.67155841840032,73.76498209870253,73.85895297918584,73.95348198540303,74.04858004290683,74.14425807724997,74.24052701398519,74.33739777866522,74.43488129684279,74.5329884940707,74.63173029590162,74.73111762788831,74.83116141558351,74.93187258453996,75.03325690400594,75.13524298963715,75.23770006410088,75.3404958222706,75.44349795901967,75.54657416922153,75.6495921477496,75.75241958947727,75.85492418927801,75.95697364202515,76.05843564259216,76.15917788585246,76.25906806667943,76.3579738799465,76.4557630205271,76.55230318329463,76.64746206312249,76.74110735488411,76.83310675345292,76.9233279537023,77.01163865050567,77.09790653873647,77.1819993132681,77.26378466897397,77.34313030072751,77.4199039034021,77.49397317187119,77.56520580100819,77.63346948568649,77.69863192077953,77.76056080116071,77.81912382170343,77.87418867728114,77.92562306276723,77.97329467303511,78.01707120295823,78.05684661043951,78.09270895358459,78.12483328678455,78.1533950747902,78.1785697823524,78.20053287422199,78.21945981514985,78.2355260698868,78.24890710318373,78.25977837979146,78.26831536446086,78.27469352194275,78.27908831698805,78.28167521434754,78.2826296787721,78.2821271750126,78.28034316781985,78.27745312194476,78.27363250213814,78.26905677315084,78.26390139973374,78.25834184663766,78.2525535786135,78.24671206041207,78.24099275678422,78.23557113248081,78.2306226522527,78.22632278085077,78.22284698302583,78.22037072352875,78.21906946711034,78.21911867852153,78.2206938225131,78.22397036383596,78.22912376724092,78.23632949747888
68.87100956183316,68.7249844185655,68.5943935513131,68.47870232951892,68.37737612262588,68.28988030007687,68.21568023131483,68.1542412857827,68.10502883292338,68.06750824217981,68.0411448829949,68.02540412481159,68.01975133707276,68.02365188922137,68.03657115070034,68.05797449095257,68.08732727942102,68.12409488554857,68.16774267877818,68.21773602855275,68.2735403043152,68.33462087550848,68.40044311157547,68.47047238195913,68.54417405610236,68.6210135034481,68.70045609343926,68.78196719551876,68.86501217912952,68.94905641371449,69.03356526871654,69.11800411357865,69.20183831774372,69.28453325065466,69.36555428175441,69.44436678048588,69.52043708476981,69.59343684981985,69.66349582084774,69.73080572564416,69.79555829199981,69.85794524770542,69.91815832055167,69.97638923832926,70.03282972882891,70.08767151984132,70.14110633915719,70.19332591456724,70.24452197386215,70.29488624483263,70.34461045526939,70.39388633296313,70.44290560570457,70.4918600012844,70.54094124749331,70.59034107212203,70.64025120296124,70.69086336780167,70.74236929443401,70.79496071064897,70.84882934423723,70.90416692298953,70.96116517469655,71.020015827149,71.08091060813759,71.14404124545301,71.20959946688599,71.27777700022722,71.34876557326739,71.4227569137972,71.49994274960738,71.58051480848863,71.66466044451727,71.75239698362334,71.84352087916099,71.93781382319835,72.03505750780359,72.13503362504478,72.23752386699012,72.3423099257077,72.44917349326568,72.55789626173217,72.66825992317534,72.7800461696633,72.8930366932642,73.00701318604615,73.12175734007732,73.23705084742585,73.35267540015984,73.46841269034744,73.58404441005678,73.69935225135602,73.81411790631326,73.92812306699666,74.04114942547436,74.15297867381447,74.26339250408516,74.37217260835453,74.47910067869074,74.58395840716192,74.68652748583618,74.7865896067817,74.88392646206658,74.97831974375897,75.06955114392701,75.15740235463883,75.24165506796258,75.32209097596636,75.39850914270136,75.47096856855745,75.53972835343274,75.60505274447958,75.66720598885031,75.7264523336973,75.78305602617289,75.83728131342943,75.88939244261927,75.93965366089476,75.98832921540826,76.0356833533121,76.08198032175865,76.12748436790025,76.17245973888924,76.217170681878,76.26188144401885,76.30685627246416,76.35235941436626,76.39865511687752,76.44600762715028,76.4946811923369,76.54494005958969,76.59704847606106,76.65127068890332,76.70787094526885,76.76711349230997,76.82926257717905,76.89458244702843,76.96333734901044,77.03579153027748,77.11220923798187,77.19285471927596,77.27799222131209,77.36788599124263,77.46280027621992,77.56295369194348,77.66822760915655,77.77835224441486,77.89305710128268,78.01207168332424,78.13512549410382,78.26194803718565,78.39226881613403,78.52581733451319,78.66232309588739,78.8015156038209,78.94312436187796,79.08687887362285,79.23250864261982,79.37974317243312,79.52831196662702,79.67794452876576,79.82837036241362,79.97931897113483,80.13051985849368,80.28170252805442,80.4325964833813,80.58293122803858,80.73243626559051,80.88084109960135,81.02787523363538,81.17326817125685,81.31674941603,81.4580484715191,81.59689484128842,81.7330180289022,81.86614753792469,81.99601287192017,82.1223435344529,82.24486902908711,82.36331885938709
69.72478028674324,69.57401671761254,69.43522464524747,69.30805796508957,69.19217057258041,69.0872163631615,68.99284923227441,68.9087230753607,68.83449178786188,68.76980926521954,68.7143294028752,68.66770609627041,68.62959324084673,68.5996447320457,68.57751446530888,68.5628563360778,68.55532423979402,68.55457207189909,68.56025372783454,68.57202310304193,68.58953409296281,68.61244059303873,68.64039649871123,68.67305570542186,68.71007210861217,68.75109960372372,68.79579208619802,68.84380345147666,68.89478759500118,68.9483984122131,69.00428979855398,69.0621156494654,69.12152986038888,69.18218632676596,69.2437389440382,69.30584160764714,69.36814870266282,69.4304184153941,69.49264052642324,69.55483615255555,69.61702641059634,69.67923241735089,69.74147528962455,69.80377614422257,69.86615609795031,69.92863626761304,69.9912377700161,70.05398172196476,70.11688924026434,70.17998144172016,70.24327944313751,70.3068043613217,70.37057731307804,70.43461941521184,70.49895178452839,70.56359553783301,70.62857179193101,70.69390166362768,70.75960626972835,70.8257067270383,70.89222415236284,70.9591796625073,71.02659437427695,71.09448940447714,71.16288586991314,71.23180488739027,71.30126757371384,71.37129504568915,71.44190842012151,71.51312881381622,71.5849773435786,71.65747512621394,71.73064303142164,71.80449232265846,71.8790217845323,71.95422936766852,72.03011302269255,72.10667070022973,72.18390035090549,72.26179992534522,72.34036737417428,72.4196006480181,72.49949769750204,72.5800564732515,72.66127492589189,72.74315100604858,72.82568266434694,72.90886785141242,72.99270451787035,73.0771906143462,73.16232409146525,73.248102899853,73.33452499013475,73.42158831293594,73.50929081888196,73.59763045859822,73.68660518271005,73.77621294184291,73.86645168662213,73.95731936767314,74.04881393562133,74.14093334109204,74.23367553471074,74.32703846710278,74.42102008889354,74.51561835070844,74.61083120317282,74.70665659691214,74.80308873837585,74.90006581004839,74.99748286705487,75.09523385513494,75.19321272002828,75.29131340747456,75.3894298632135,75.4874560329847,75.5852858625279,75.68281329758271,75.77993228388887,75.87653676718601,75.97252069321378,76.06777800771194,76.16220265642006,76.25568858507789,76.34812973942506,76.43942006520128,76.52945350814618,76.61812401399946,76.70532552850081,76.79095199738985,76.8748973664063,76.9570555812898,77.03732058778006,77.11558633161671,77.19174675853948,77.26569581428798,77.33732744460194,77.40653559522097,77.47321421188481,77.53725724033309,77.59855862630549,77.6570123155417,77.71251225378138,77.7649523867642,77.814278315008,77.86081740012536,77.90506811018157,77.94752972034779,77.98870150579516,78.02908274169484,78.06917270321797,78.10947066553574,78.15047590381927,78.19268769323976,78.23660530896832,78.28272802617617,78.3315551200344,78.38358586571421,78.43931953838675,78.49925541322317,78.56389276539461,78.63373087007228,78.70926900242729,78.79100643763083,78.87944245085403,78.97507631726806,79.07840731204406,79.18993471035323,79.31015778736666,79.43957581825559,79.57868807819112,79.72799384234442,79.88799238588665,80.05918298398898,80.24206491182254,80.43713744455853,80.64489985736806,80.86585142542229,81.10049142389242,81.34931912794958
68.85813644131136,68.74442225496827,68.64255000674879,68.55213206779085,68.47278080923239,68.40410860221135,68.34572781786567,68.29725082733327,68.25829000175213,68.22845771226014,68.20736632999527,68.19462822609546,68.18985577169863,68.19266133794274,68.20265729596571,68.2194560169055,68.24266987190002,68.27191123208723,68.30679246860507,68.34692595259146,68.39192405518438,68.44139914752171,68.49496360074144,68.55222978598147,68.61281007437978,68.67631683707427,68.7423624452029,68.8105592699036,68.88051968231433,68.951856053573,69.02418075481756,69.09710615718595,69.17024463181612,69.24320854984599,69.3156102824135,69.3870622006566,69.4571773316363,69.52570775810479,69.5927158144271,69.65830581404485,69.72258207039968,69.7856488969332,69.84761060708703,69.90857151430282,69.96863593202217,70.02790817368671,70.08649255273806,70.14449338261787,70.20201497676771,70.25916164862925,70.31603771164409,70.37274747925387,70.42939526490021,70.48608538202473,70.54292214406904,70.6000098644748,70.6574528566836,70.71535543413707,70.77382191027685,70.83295659854456,70.89286381238179,70.9536478652302,71.01541307053141,71.07826374172704,71.1423041922587,71.20763873556804,71.27437168509665,71.34260735428619,71.41245005657827,71.48400410541448,71.5573738142365,71.6326634964859,71.70997523108349,71.7893242299511,71.87061286170658,71.95373595345983,72.03858833232078,72.12506482539932,72.21306025980537,72.30246946264883,72.39318726103959,72.48510848208757,72.5781279529027,72.67214050059485,72.76704095227394,72.86272413504987,72.95908487603258,73.05601800233192,73.15341834105784,73.25118071932026,73.34919996422903,73.4473709028941,73.54558836242536,73.64374716993272,73.7417421525261,73.8394681373154,73.9368199514105,74.03369242192134,74.1299803759578,74.22557864062982,74.32038204304727,74.41428541032009,74.50718356955817,74.59897134787143,74.68954357236974,74.77879507016304,74.86662066836125,74.95291519407422,75.03757919259833,75.12059877024159,75.20202589834823,75.28191424253994,75.36031746843845,75.43728924166543,75.51288322784258,75.58715309259163,75.66015250153426,75.73193512029214,75.80255461448701,75.87206464974055,75.94051889167447,76.00797100591048,76.07447465807023,76.14008351377548,76.20485123864789,76.26883149830915,76.33207795838102,76.39464428448512,76.45658414224322,76.51795119727697,76.57879911520808,76.63918156165828,76.69915220224921,76.75876470260262,76.8180727283402,76.87712994508364,76.93599001845463,76.99470661407489,77.0533333975661,77.11192403454997,77.1705321906482,77.22921153148249,77.28801572267453,77.34699842984604,77.40622048633202,77.46579569934886,77.52586161916334,77.58655590803777,77.64801622823445,77.71038024201569,77.77378561164376,77.83836999938102,77.90427106748974,77.97162647823222,78.04057389387079,78.11125097666773,78.18379538888534,78.25834479278595,78.33503685063185,78.41400922468534,78.49539957720873,78.57934557046433,78.66598486671442,78.75545512822133,78.84789401724736,78.9434391960548,79.04222832690597,79.14439907206317,79.25008909378867,79.35943605434484,79.47257761599396,79.58965144099828,79.71079519162016,79.83614653012191,79.9658431187658,80.10002261981417,80.2388226955293,80.38238100817348,80.53083522000902,80.68432299329827
69.24522658036292,69.12664288681133,69.01734573515483,68.91708993350059,68.82563028995571,68.74272161262734,68.6681187096226,68.60157638904862,68.54284945901253,68.49169272762146,68.44786100298252,68.41110909320288,68.38119180638964,68.35786395064993,68.34088033409088,68.32999576481963,68.3249650509433,68.32554300056904,68.33148442180394,68.34254412275516,68.35847691152982,68.37903759623505,68.40398098497799,68.43306188586574,68.46603510700545,68.50265545650426,68.54267774246927,68.58585677300763,68.63194735622648,68.6807043002329,68.73188241313409,68.78523650303711,68.84052137804915,68.89749184627729,68.95590271582869,69.01550879481047,69.07606520638774,69.1373938660204,69.19946571159957,69.26227184472798,69.32580336700835,69.39005138004343,69.45500698543599,69.52066128478872,69.5870053797044,69.65403037178572,69.72172736263548,69.79008745385637,69.85910174705116,69.92876134382257,69.99905734577335,70.06998085450623,70.14152297162394,70.21367479872926,70.28642743742488,70.35977198931356,70.43369955599803,70.50820123908106,70.58326814016534,70.65889136085366,70.73506200274872,70.81177116745327,70.88900995657005,70.96676947170181,71.04504081445127,71.12381508642117,71.20308338921427,71.2828368244333,71.36306649368099,71.44376349856007,71.5249189406733,71.60652392162342,71.68856946885253,71.77104372680883,71.85393109482935,71.93721572195906,72.02088175724299,72.10491334972606,72.18929464845328,72.27400980246962,72.35904296082005,72.44437827254954,72.5299998867031,72.61589195232567,72.70203861846225,72.78842403415781,72.87503234845734,72.96184771040579,73.04885426904816,73.13603617342942,73.22337757259454,73.3108626155885,73.39847545145629,73.48620022924288,73.57402109799325,73.66192220675237,73.74988770456521,73.83790174047678,73.92594846353202,74.01401202277593,74.10207656725346,74.19012624600963,74.27814520808938,74.36611760253771,74.45402757839958,74.54185928471998,74.62959687054389,74.71722448491627,74.80472257510687,74.89201619885957,74.97898777495156,75.06551862533777,75.1514900719731,75.23678343681244,75.32128004181072,75.40486120892285,75.48740826010372,75.56880251730824,75.64892530249134,75.7276579376079,75.80488174461283,75.88047804546106,75.95432816210749,76.02631341650702,76.09631513061456,76.164214626385,76.2298932257733,76.2932322507343,76.35411302322296,76.41241686519417,76.46802509860285,76.52081904540388,76.57068002755219,76.61748936700268,76.66112838571026,76.70147840562983,76.73842074871631,76.7718367369246,76.80160769220961,76.82761493652626,76.84973979182944,76.86786358007406,76.88186762321504,76.89163324320728,76.89709547416038,76.89858631657722,76.89661569247312,76.89169436311579,76.88433308977297,76.87504263371237,76.86433375620172,76.85271721850874,76.84070378190117,76.82880420764671,76.81752925701312,76.80738969126809,76.79889627167935,76.79255975951463,76.78889091604167,76.78840050252816,76.79159928024185,76.79899801045046,76.81110745442172,76.82843837342332,76.85150152872303,76.88080768158856,76.91686759328762,76.96019202508795,77.01129173825726,77.07067749406328,77.13886005377374,77.21635017865636,77.30365862997887,77.40129616900899,77.50977355701443,77.62960155526294,77.76129092502222,77.90535242756002,78.06229682414404,78.23263487604201
69.44243913163834,69.27375753531477,69.11879996075669,68.97715821522878,68.84842410599578,68.73218944032236,68.62804602547322,68.53558566871311,68.45440017730671,68.38408135851871,68.32422101961384,68.27441096785681,68.2342430105123,68.20330895484503,68.1812006081197,68.16750977760101,68.1618282705537,68.16374789424242,68.17286045593193,68.1887577628869,68.21103162237205,68.23927384165206,68.27307622799168,68.31203058865559,68.3557287309085,68.4037624620151,68.45572358924012,68.51120391984826,68.5697952611042,68.63108942027267,68.69467820461838,68.76015342140603,68.82710687790032,68.89513038136595,68.96381573906763,69.03275475827007,69.10153986458674,69.16989457356848,69.23783487973024,69.30541635190765,69.37269455893639,69.43972506965208,69.5065634528904,69.57326527748698,69.63988611227748,69.70648152609756,69.77310708778286,69.83981836616904,69.90667093009175,69.97372034838664,70.04102218988935,70.10863202343555,70.17660541786088,70.244997942001,70.31386516469156,70.3832626547682,70.4532459810666,70.52387071242238,70.59519241767121,70.66726666564874,70.74014902519062,70.8138950651325,70.88856035431003,70.96420046155886,71.04087095571465,71.11862740561305,71.19752538008971,71.27762044798028,71.35896817812042,71.44162413934578,71.52564390049199,71.61108303039472,71.69799552372754,71.78637417961265,71.8761323019866,71.96717788198886,72.05941891075895,72.15276337943632,72.24711927916047,72.3423946010709,72.43849733630707,72.53533547600846,72.63281701131457,72.7308499333649,72.82934223329889,72.92820190225606,73.0273369313759,73.12665531179786,73.22606503466146,73.32547409110617,73.42479047227147,73.52392216929684,73.62277717332178,73.72126347548577,73.81928906692829,73.91676193878884,74.01359008220687,74.1096814883219,74.2049441482734,74.29928605320086,74.39261519424375,74.48483956254157,74.5758671492338,74.66560594545992,74.75396394235942,74.84084913107179,74.9261695027365,75.00983304849305,75.09175322623743,75.17192529274102,75.25040747371138,75.32725961463582,75.40254156100161,75.47631315829608,75.54863425200648,75.61956468762014,75.68916431062434,75.75749296650636,75.82461050075351,75.89057675885306,75.95545158629233,76.01929482855861,76.08216633113918,76.14412593952133,76.20523349919236,76.26554885563957,76.32513185435025,76.38404234081169,76.44234016051116,76.500085158936,76.55733718157347,76.61415607391088,76.67060168143549,76.72673384963463,76.78261242399559,76.83829725000564,76.89384817315208,76.94932503892221,77.00478769280333,77.06029598028272,77.11590974684768,77.1716888379855,77.22769309918347,77.28398237592889,77.34062124736292,77.39770927728749,77.45536170973301,77.5136938626932,77.57282105416182,77.63285860213261,77.69392182459933,77.75612603955571,77.8195865649955,77.88441871891244,77.95073781930029,78.01865918415277,78.08829813146365,78.15976997922665,78.23319004543555,78.30867364808407,78.38633610516594,78.46629273467495,78.5486588546048,78.63354978294927,78.72108083770209,78.81136733685699,78.90452459840775,79.00066794034808,79.09991268067175,79.2023741373725,79.30816762844407,79.4174084718802,79.53021198567463,79.64669348782112,79.76696829631344,79.89115172914528,80.01935910431042,80.1517057398026,80.28830695361556,80.42927806374304
68.44444255309628,68.40393528739754,68.36966676458607,68.34144754128465,68.31908817411613,68.3023992197033,68.29119123466899,68.28527477563598,68.28446039922713,68.28855866206521,68.29738012077306,68.31073533197348,68.32843485228928,68.3502892383433,68.3761090467583,68.40570483415715,68.43888715716264,68.47546657239756,68.51525363648477,68.55805890604705,68.60369293770722,68.65196628808809,68.70268951381247,68.75567317150319,68.81072781778305,68.86766400927486,68.92629230260145,68.98642325438561,69.04786742125017,69.11043535981793,69.17393762671172,69.23818477855434,69.3029873719686,69.36815596357732,69.43350111000332,69.4988333678694,69.56396359028174,69.62876548482271,69.69325299571238,69.7574590421071,69.82141654316317,69.8851584180369,69.9487175858846,70.01212696586258,70.07541947712717,70.13862803883465,70.20178557014138,70.26492499020364,70.32807921817773,70.39128117322001,70.45456377448674,70.51795994113428,70.58150259231891,70.64522464719697,70.70915902492473,70.77333864465854,70.8377964255547,70.90256528676952,70.96767814745931,71.03316792678038,71.09906754388908,71.16540991794167,71.23222796809449,71.29955461350384,71.36742277332604,71.43586536671742,71.50491531283427,71.57460553083291,71.64496893986966,71.71603845910083,71.78784700768271,71.86042750477164,71.93381249410307,72.0080199249278,72.08304878774472,72.1588968060074,72.2355617031695,72.31304120268459,72.39133302800629,72.47043490258817,72.55034454988386,72.63105969334698,72.71257805643111,72.79489736258985,72.87801533527683,72.96192969794562,73.04663817404985,73.13213848704312,73.21842836037904,73.30550551751118,73.39336768189317,73.48201257697859,73.5714379262211,73.66164145307424,73.75262088099167,73.84437393342695,73.9368983338337,74.0301918056655,74.124252072376,74.21907685741878,74.31466388424745,74.41101087631559,74.50811555707683,74.60597564998479,74.70458887849303,74.80395296605518,74.90406563612483,75.00492461215559,75.10652379926323,75.20879996891578,75.31164591098614,75.41495328398783,75.51861374643441,75.62251895683941,75.72656057371633,75.83063025557873,75.93461966094013,76.03842044831408,76.14192427621408,76.2450228031537,76.34760768764646,76.4495705882059,76.55080316334552,76.65119707157889,76.75064397141954,76.84903552138094,76.94626337997671,77.04221920572034,77.13679465712538,77.22988139270534,77.32137107097377,77.41115535044422,77.49912588963015,77.58517434704517,77.66919238120279,77.75107165061654,77.83070381379996,77.90798052926654,77.98279345552986,78.05503425110344,78.12459457450082,78.19136608423553,78.25524043882108,78.31610929677105,78.37387580782841,78.42852804910423,78.4800921624073,78.52859446909677,78.5740612905319,78.61651894807191,78.65599376307598,78.69251205690334,78.72610015091321,78.7567843664648,78.78459102491733,78.80954644762998,78.83167695596204,78.85100887127267,78.8675685149211,78.88138220826652,78.89247627266819,78.90087702948527,78.90661080007705,78.90970390580266,78.91018266802139,78.90807340809239,78.90340244737494,78.89619610722819,78.8864807090114,78.87428257408378,78.85962802380452,78.84254337953287,78.823054962628,78.80118909444916,78.77697209635558,78.75043028970642,78.72158999586092,78.69047753617834,78.65711923201782,78.62154140473864
70.02067485599933,69.75916995848971,69.51801832874116,69.29659797986712,69.094286924981,68.91046317719625,68.74450474962624,68.59578965538442,68.46369590758421,68.34760151933904,68.2468845037623,68.16092287396744,68.08909464306787,68.030777824177,67.98535043040827,67.95219047487508,67.93067597069088,67.92018493096907,67.92009536882306,67.9297852973663,67.94863272971219,67.97601567897415,68.01131215826561,68.05390018069998,68.1031577593907,68.15846290745117,68.21919363799482,68.28472796413507,68.35444389898534,68.42771945565904,68.50393264726962,68.58246148693047,68.66268398775503,68.7439781628567,68.82572202534894,68.90729358834511,68.98807177810208,69.06762910727687,69.14597000535343,69.22315734299312,69.29925399085732,69.3743228196074,69.44842669990472,69.52162850241066,69.5939910977866,69.66557735669387,69.7364501497939,69.806672347748,69.8763068212176,69.94541644086402,70.01406407734865,70.08231260133286,70.15022488347803,70.21786379444552,70.28529220489669,70.35257298549294,70.4197690068956,70.48694313976608,70.55415825476574,70.62147722255592,70.68896291379804,70.75667819915341,70.82468594928346,70.89304903484954,70.961830326513,71.03109269493523,71.1008990107776,71.17131214470146,71.24239496736821,71.31421034943921,71.38682116157581,71.46029027443942,71.53468000258468,71.61003104191845,71.68635600495939,71.7636656273661,71.84197064479713,71.92128179291105,72.00160980736644,72.08296542382188,72.16535937793591,72.24880240536714,72.33330524177413,72.41887862281544,72.50553328414965,72.59327996143533,72.68212939033104,72.77209230649538,72.86317944558691,72.95540154326419,73.04876933518581,73.14329355701032,73.23898494439631,73.33585423300235,73.433912158487,73.53316945650884,73.63363686272645,73.73532511279838,73.83824494238323,73.94240708713954,74.04782228272592,74.1545012648009,74.26245476902308,74.37169353105102,74.48222828654332,74.5940697711585,74.70722872055518,74.82171587039188,74.93753245833743,75.05453760399082,75.1724810241796,75.29110962151215,75.41017029859677,75.52940995804181,75.64857550245563,75.76741383444656,75.88567185662295,76.00309647159312,76.11943458196545,76.23443309034826,76.34783889934988,76.45939891157869,76.56886002964299,76.67596915615114,76.7804731937115,76.88211904493238,76.98065361242216,77.07582379878914,77.16737650664169,77.25505863858815,77.33861709723686,77.41779878519615,77.49235060507439,77.5620194594799,77.62655225102104,77.68569588230612,77.73919725594352,77.78680327454155,77.8282608407086,77.86331685705295,77.89171822618299,77.91321185070703,77.92754463323344,77.93446347637055,77.93380308870164,77.9260471198435,77.9119700767049,77.89234783816298,77.86795628309486,77.83957129037766,77.80796873888853,77.77392450750459,77.73821447510296,77.70161452056078,77.66490052275518,77.62884836056327,77.5942339128622,77.56183305852909,77.53242167644107,77.50677564547527,77.48567084450882,77.46988315241883,77.46018844808246,77.45736261037683,77.46218151817905,77.47542105036628,77.49785708581561,77.5302655034042,77.57342218200917,77.62810300050764,77.69508383777675,77.77514057269363,77.8690490841354,77.97758525097919,78.10152495210214,78.24164406638137,78.398718472694,78.57352404991717,78.76683667692802,78.97943223260366
69.64446532237251,69.52704069722965,69.4181328419782,69.31753853371283,69.2250545495282,69.14047766651889,69.06360466177956,68.99423231240485,68.93215739548938,68.87717668812782,68.82908696741477,68.78768501044486,68.75276759431277,68.72413149611309,68.70157349294047,68.68489036188956,68.67387888005499,68.66833582453137,68.66805797241337,68.6728421007956,68.6824849867727,68.69678340743933,68.7155341398901,68.73853396121964,68.7655796485226,68.79646797889362,68.83099572942733,68.86895967721834,68.91015659936131,68.95438327295089,69.00143647508169,69.05111298284835,69.10320957334552,69.15752302366782,69.21385011090989,69.27198761216636,69.3317325206735,69.39292765169287,69.45551805547647,69.51946261534053,69.58472021460126,69.65124973657494,69.71901006457774,69.78796008192592,69.85805867193571,69.92926471792333,70.00153710320501,70.07483471109703,70.14911642491555,70.22434112797683,70.30046770359709,70.3774550350926,70.45526200577953,70.53384749897415,70.61317039799269,70.69318958615139,70.77386394676645,70.8551523631541,70.9370137186306,71.01940689651215,71.102290780115,71.18562425275539,71.26936619774952,71.35347549841364,71.43791103806399,71.52263170001677,71.60759636758823,71.6927639240946,71.7780932528521,71.863543237177,71.94907276038546,72.03464070579378,72.1202064080475,72.20574674721976,72.29126139551485,72.37675154837353,72.4622184012365,72.54766314954452,72.63308698873831,72.71849111425863,72.80387672154617,72.8892450060417,72.97459716318596,73.05993438841969,73.14525787718361,73.23056882491844,73.31586842706494,73.40115787906387,73.48643837635595,73.57171111438188,73.65697728858242,73.74223809439835,73.82749472727033,73.91274838263914,73.99800025594553,74.0832515426302,74.16850343813391,74.25375713789737,74.33901383736136,74.42427473196659,74.5095410171538,74.59481388836372,74.6800945410371,74.76538417061468,74.85068397253715,74.93599514224533,75.02131887517987,75.10665636678158,75.1920080411403,75.27736278065177,75.36270058289276,75.44800121689156,75.53324445167652,75.61841005627599,75.70347779971826,75.78842745103171,75.87323877924462,75.95789155338537,76.04236554248226,76.12664051556362,76.21069624165779,76.2945124897931,76.37806902899791,76.4613456283005,76.54432205672924,76.62697808331245,76.70929347707843,76.79124800705557,76.87282144227217,76.95399355175655,77.03474410453708,77.11505286964206,77.1948996160998,77.27426411293868,77.35312612918702,77.43146543387311,77.50926179602536,77.58649498467202,77.66314476884145,77.73919091756201,77.81461319986201,77.88939138476977,77.96350524131364,78.03693453852193,78.10963710438565,78.1814086089168,78.2519720424412,78.32105005245597,78.38836528645822,78.4536403919451,78.51659801641367,78.57696080736113,78.63445141228453,78.68879247868102,78.73970665404772,78.78691658588178,78.83014492168027,78.86911430894031,78.90354739515908,78.93316682783365,78.95769525446113,78.97685532253868,78.9903696795634,78.9979609730324,78.99935185044282,78.9942649592918,78.9824229470764,78.96354846129378,78.93736414944107,78.90359265901535,78.86195663751377,78.81217873243347,78.75398159127153,78.68708786152507,78.61122019069126,78.52610122626714,78.43145361574992,78.32700000663667,78.21246304642449,78.08756538261056
68.73949365363934,68.71422088341416,68.69199227290724,68.67274971560448,68.65643510499174,68.64299033455487,68.63235729777975,68.62447788815224,68.61929399915822,68.61674752428354,68.61678035701408,68.61933439083569,68.62435151923425,68.63177363569564,68.6415426337057,68.6536004067503,68.66788884831531,68.68434985188661,68.70292531095005,68.72355711899151,68.74618716949685,68.77075735595193,68.79720957184263,68.8254857106548,68.85552766587432,68.88727733098705,68.92067659947887,68.95566736483562,68.9921915205432,69.03019096008745,69.06960757695427,69.11038326462946,69.15245991659896,69.1957794263486,69.24028368736424,69.28591459313179,69.33261410002018,69.38033749562226,69.42906981125171,69.47880010274272,69.52951742592938,69.58121083664588,69.63386939072632,69.68748214400483,69.74203815231559,69.79752647149269,69.85393615737027,69.9112562657825,69.9694758525635,70.02858397354741,70.08856968456836,70.14942204146047,70.2111301000579,70.27368291619479,70.33706954570526,70.40127904442345,70.46630046818349,70.53212287281954,70.59873531416572,70.66612684805617,70.73428653032502,70.80320341680641,70.87286656333447,70.94326502574336,71.01438785986721,71.08622412154014,71.15876286659628,71.23199315086978,71.3059040301948,71.38048456040545,71.45572379733585,71.53161079682019,71.60813488269699,71.68529579747803,71.76310681789985,71.84158212521413,71.9207359006725,72.00058232552655,72.08113558102795,72.16240984842833,72.2444193089793,72.32717814393254,72.41070053453964,72.49500066205223,72.58009270772197,72.66599085280046,72.75270927853938,72.84026216619031,72.92866369700491,73.01792805223482,73.10806941313166,73.19910196094708,73.29103987693267,73.3838973423401,73.477688538421,73.57242764642697,73.6681288476097,73.7648063232208,73.86247425451185,73.96114682273455,74.06083820914051,74.16156259498135,74.26333416150871,74.36616708997425,74.47007556162956,74.5750737577263,74.68117585951609,74.78839604825058,74.89674188959623,75.0061219604643,75.11636863602615,75.22731233127979,75.33878346122324,75.45061244085448,75.56262968517152,75.6746656091724,75.78655062785509,75.89811515621759,76.00918960925796,76.11960440197416,76.22918994936418,76.3377766664261,76.44519496815786,76.5512752695575,76.65584798562301,76.7587435313524,76.8597923217437,76.95882477179487,77.05567129650396,77.15016231086895,77.24212822988784,77.33139946855869,77.41780644187943,77.50117956484814,77.58134925246279,77.65814591972136,77.73139998162193,77.80094185316241,77.86660194934089,77.92821068515536,77.98559847560378,78.03859573568423,78.08703288039464,78.13074032473307,78.16957262904455,78.20356280287982,78.23282383725163,78.25746910044393,78.27761196074053,78.29336578642531,78.30484394578218,78.31215980709499,78.3154267386476,78.31475810872388,78.31026728560772,78.30206763758298,78.29027253293353,78.27499533994327,78.25634942689604,78.2344481620757,78.20940491376615,78.18133305025125,78.15034593981488,78.11655695074091,78.0800794513132,78.04102680981563,77.99951239453205,77.95564957374637,77.90955171574245,77.86133218880414,77.81110436121534,77.7589816012599,77.7050772772217,77.64950475738462,77.5923774100325,77.53380860344924,77.47391170591871,77.4128000857248,77.35058711115133,77.28738615048218
69.4860973781959,69.29600985655517,69.12334525527329,68.96752364253521,68.82796508652594,68.70408965543045,68.59531741743378,68.50106844072087,68.42076279347675,68.3538205438864,68.29966176013481,68.25770651040699,68.2273748628879,68.20808688576257,68.19926264721597,68.2003222154331,68.21068565859895,68.22977304489852,68.2570044425168,68.29179991963878,68.33357954444945,68.38176338513381,68.43577150987684,68.49502398686356,68.55894088427894,68.62694227030798,68.69844821313568,68.77287878094701,68.84965404192698,68.9281940642606,69.00791891613282,69.08824866572868,69.16860338123314,69.2484031308312,69.32706798270786,69.40401800504812,69.47867425726139,69.55066793833944,69.62009909643633,69.68713121807062,69.75192778976088,69.81465229802568,69.87546822938357,69.93453907035311,69.99202830745286,70.0480994272014,70.10291591611725,70.156641260719,70.20943894752521,70.26147246305443,70.31290529382522,70.36390092635614,70.41462284716579,70.46523454277266,70.51589949969537,70.56678120445245,70.61804314356247,70.66984880354401,70.72236167091559,70.77574523219577,70.83016297390317,70.8857783825563,70.94275494467371,71.001256146774,71.06144547537569,71.12348641699738,71.18754245815761,71.25377708537495,71.32235378516795,71.39343604405518,71.46718734855519,71.54377118518654,71.62334791654271,71.70595646262954,71.79147798523609,71.87978310290428,71.97074243417605,72.06422659759328,72.16010621169791,72.25825189503186,72.35853426613706,72.46082394355538,72.56499154582879,72.67090769149918,72.77844299910848,72.88746808719858,72.99785357431143,73.10947007898896,73.22218821977306,73.33587861520563,73.45041188382862,73.56565864418393,73.68148951481349,73.79777511425922,73.91438606106304,74.03119297376684,74.14806647091255,74.26487717104212,74.38149569269743,74.49779265442041,74.61363867475296,74.72890437223704,74.84346036541453,74.95717727282737,75.06992571301745,75.18157630452671,75.29199966589708,75.40106641567044,75.50865063495063,75.61467821502676,75.71911493077114,75.82192758300046,75.92308297253128,76.02254790018024,76.12028916676395,76.21627357309904,76.31046792000214,76.40283900828983,76.49335363877874,76.58197861228551,76.66868072962676,76.75342679161906,76.83618359907908,76.9169179528234,76.99559665366867,77.07218650243148,77.14665429992847,77.21896684697626,77.28909094439145,77.35699339299065,77.4226409935905,77.48600054700762,77.54703885405861,77.6057227155601,77.6620189323287,77.71589430518104,77.76731563493372,77.81624972240338,77.86266336840661,77.90652337376007,77.94779653928033,77.98644966578404,78.0224495540878,78.05576300500823,78.08633107952018,78.11390460508026,78.13814914591924,78.15872986408279,78.17531192161661,78.1875604805664,78.19514070297785,78.19771775089669,78.19495678636859,78.18652297143925,78.17208146815437,78.15129743855967,78.12383604470084,78.08936244862356,78.04754181237354,77.99803929799648,77.94052006753809,77.87464928304404,77.80009210656006,77.71651370013184,77.62357922580507,77.52095384562544,77.40830272163869,77.28529101589048,77.15158389042651,77.00684650729248,76.85074402853412,76.6829416161971,76.50310443232713,76.3108976389699,76.10598639817111,75.88803587197647,75.65671122243167,75.41167761158242,75.15260020147439,74.8791441541533
68.67970148075537,68.60003108080278,68.52862897355094,68.46524650367797,68.40963501586204,68.36154585478127,68.3207303651138,68.2869398915378,68.25992577873139,68.23943937137271,68.22523201413992,68.21705505171114,68.21465982876454,68.21779768997823,68.22621998003038,68.23967804359913,68.25792322536259,68.28070686999895,68.30778032218632,68.33889492660285,68.37380202792667,68.41225297083597,68.45399910000883,68.49879176012342,68.5463822958579,68.59652205189037,68.64896237289902,68.70345460356197,68.75975008855735,68.81760017256332,68.87675620025801,68.93696951631958,68.99799146542617,69.05957339225588,69.12146664148693,69.1834225577974,69.24519289182629,69.3066154579136,69.36772008988301,69.4285626030529,69.4891988127416,69.54968453426748,69.61007558294891,69.6704277741042,69.73079692305173,69.79123884510983,69.85180935559688,69.91256426983122,69.9735594031312,70.03485057081518,70.09649358820151,70.15854427060854,70.22105843335463,70.28409189175811,70.34770046113736,70.41193995681071,70.47686619409653,70.54253498831316,70.60900215477899,70.6763235088123,70.7445548657315,70.81375204085494,70.88397084950093,70.95526710698788,71.0276966286341,71.10131522975796,71.17617872567779,71.252342931712,71.32986366317887,71.40879673539679,71.4891979636841,71.57112316335919,71.65462651057906,71.73969845910536,71.82624668505404,71.91417333237179,72.00338054500527,72.09377046690112,72.18524524200596,72.27770701426648,72.37105792762928,72.46520012604101,72.56003575344836,72.65546695379795,72.75139587103642,72.84772464911042,72.9443554319666,73.04119036355162,73.13813158781211,73.23508124869473,73.33194149014612,73.4286144561129,73.52500229054176,73.62100713737932,73.71653114057226,73.81147644406717,73.90574519181074,73.9992395277496,74.0918615958304,74.1835135399998,74.27409750420442,74.36351563239093,74.45167006850598,74.53846295649619,74.62379644030823,74.70757266388871,74.78969377118433,74.87006190614171,74.94858592468314,75.02527511377353,75.1002160723934,75.1734973882567,75.24520764907747,75.31543544256967,75.38426935644732,75.45179797842441,75.51810989621494,75.58329369753288,75.64743797009227,75.71063130160705,75.77296227979126,75.8345194923589,75.89539152702393,75.95566697150038,76.0154344135022,76.07478244074342,76.13379964093805,76.19257460180005,76.25119591104341,76.30975215638217,76.36833192553031,76.4270238062018,76.48591638611065,76.54509825297087,76.60465799449643,76.66468419840136,76.72526545239963,76.78649034420523,76.84844746153216,76.91122539209444,76.97491272360604,77.03959804378097,77.1053699403332,77.17231700097678,77.2404859838892,77.30961450083042,77.37930160322092,77.44914568889469,77.51874515568566,77.58769840142786,77.65560382395525,77.72205982110184,77.78666479070158,77.84901713058842,77.90871523859643,77.96535751255952,78.01854235031168,78.0678681496869,78.11293330851917,78.15333622464247,78.18867529589075,78.21854892009803,78.24255549509827,78.26029341872545,78.27136108881358,78.27535690319657,78.27187925970848,78.26052655618322,78.24089719045485,78.21258956035727,78.17520206372454,78.12833309839057,78.07158106218937,78.00454435295494,77.9268213685212,77.8380105067222,77.7377101653919,77.62551874236426,77.50103463547326,77.36385624255293
69.0361121002867,68.93209470081152,68.83702175510514,68.7506453655876,68.67271763467892,68.60299066479912,68.54121655836823,68.4871474178063,68.4405353455333,68.40113244396932,68.36869081553432,68.34296256264838,68.3236997877315,68.31065459320371,68.30357908148504,68.30222535499551,68.30634551615515,68.31569166738397,68.33001591110202,68.34907034972932,68.37260708568589,68.40037822139175,68.43213585926692,68.46763210173145,68.50661905120536,68.54884881010867,68.59407348086138,68.64204516588356,68.69251596759521,68.74523798841638,68.79996333076706,68.85644409706728,68.9144323897371,68.97368031119652,69.03393996386556,69.09496345016426,69.15650321904745,69.21838518485005,69.28059917287281,69.34315718664452,69.40607122969386,69.46935330554962,69.53301541774051,69.59706956979527,69.66152776524264,69.72640200761136,69.79170430043015,69.85744664722777,69.92364105153295,69.99029951687443,70.05743404678093,70.1250566447812,70.19317931440398,70.26181405917801,70.330972882632,70.40066778829471,70.47091077969489,70.54171386036126,70.61308903382255,70.6850483036075,70.75760367324486,70.83076714626337,70.90455072619174,70.97896641655873,71.05402622089308,71.1297421427235,71.20612618557877,71.28319035298757,71.36094664847869,71.43940707558085,71.51858363782277,71.5984883387332,71.67913302228808,71.76052332984808,71.84265684535723,71.92553061426884,72.00914168203627,72.09348709411286,72.17856389595192,72.26436913300677,72.35089985073076,72.43815309457722,72.52612590999946,72.61481534245084,72.70421843738467,72.79433224025428,72.88515379651298,72.97668015161413,73.06890835101109,73.16183544015715,73.25545846450564,73.34977446950987,73.44478050062322,73.54047360329899,73.63685082299052,73.73390920515114,73.83164579523417,73.93005763869293,74.0291417809808,74.12889526755104,74.22931514385705,74.33039845535211,74.43214224748958,74.53454356572276,74.63759945550501,74.74130696228964,74.84566313153,74.95066500867941,75.05630476886533,75.16250171270978,75.26911904189622,75.37601851504854,75.48306189079064,75.59011092774644,75.69702738453985,75.8036730197948,75.90990959213516,76.01559886018488,76.12060258256784,76.22478251790797,76.32800042482918,76.43011806195538,76.53099718791047,76.63049956131839,76.72848694080301,76.82482108498827,76.91936375249806,77.01197670195631,77.10252169198692,77.19086048121382,77.27685482826088,77.36036649175206,77.44125723031122,77.51938880256232,77.59462296712924,77.66682148263588,77.7358461077062,77.80155860096407,77.8638207210334,77.92249422653813,77.97744087610215,78.02852242834938,78.0756006419037,78.11853727538906,78.15720903134364,78.19160305717209,78.22175600199512,78.24770474843208,78.26948617910237,78.28713717662531,78.30069462362032,78.31019540270671,78.31567639650389,78.31717448763119,78.314726558708,78.30836949235369,78.2981401711876,78.28407547782912,78.26621229489761,78.24458750501242,78.21923799079293,78.19020063485851,78.15751231982851,78.12120992832233,78.08133034295929,78.03791044635878,77.99098712114017,77.94059724992282,77.88677771532606,77.82956539996933,77.76899718647194,77.70510995745327,77.6379405955327,77.56752598332956,77.49390300346325,77.41710853855314,77.33717947121856,77.2541526840789,77.16806505975352,77.07895348086178
68.35861915120596,68.34522527297632,68.3335390188469,68.32357997134098,68.31536771298174,68.30892182629245,68.30426189379632,68.30140749801663,68.30037822147658,68.30119364669942,68.30387335620837,68.30843693252669,68.31490395817761,68.32329401568435,68.33362668757016,68.34592155635828,68.36019820457194,68.37647621473438,68.39477516936884,68.41511465099853,68.43751424214673,68.46199352533664,68.48857208309151,68.51726949793458,68.54810535238909,68.58109922897825,68.61627071022532,68.65363937865354,68.69322481678613,68.73504660714633,68.7791243322574,68.82547757464253,68.874125916825,68.92508894132803,68.97838623067484,69.03403736738869,69.0920617652688,69.15244306862064,69.21508511528506,69.27988094476513,69.34672359656395,69.4155061101846,69.48612152513016,69.55846288090375,69.63242321700842,69.7078955729473,69.78477298822345,69.86294850233998,69.94231515479997,70.0227659851065,70.10419403276266,70.18649233727157,70.26955393813628,70.35327187485989,70.43753918694551,70.5222489138962,70.6072940952151,70.69256777040523,70.77796297896973,70.86337276041166,70.94869015423414,71.03380819994022,71.11861993703303,71.20301840501564,71.28689664339113,71.37014769166261,71.45266458933315,71.53434037590587,71.61506809088382,71.69474077377012,71.77325146406783,71.85049320128006,71.926361332932,72.00084093090787,72.07403362220782,72.14604882340657,72.21699595107886,72.2869844217994,72.35612365214295,72.4245230586842,72.4922920579979,72.55954006665878,72.62637650124155,72.69291077832096,72.75925231447172,72.82551052626857,72.89179483028623,72.95821464309942,73.02487938128289,73.09189846141136,73.15938130005954,73.22743731380217,73.296175919214,73.36570653286971,73.43613857134407,73.50758145121179,73.58014458904759,73.65393740142622,73.72906930492239,73.80564971611084,73.88378805156628,73.96359372786347,74.0451761615771,74.12864476928192,74.21410896755265,74.30167817296402,74.39146180209076,74.48356927150759,74.578099447211,74.67499332728599,74.77407038278666,74.87514695866986,74.97803939989242,75.08256405141124,75.18853725818315,75.29577536516499,75.40409471731361,75.5133116595859,75.62324253693868,75.7337036943288,75.84451147671312,75.95548222904853,76.06643229629181,76.17717802339986,76.28753575532953,76.39732183703765,76.50635261348111,76.61444442961673,76.72141363040136,76.82707656079188,76.9312495657451,77.03374899021793,77.13439117916718,77.2329924775497,77.32936923032237,77.42333778244202,77.51471447886553,77.60331566454971,77.68895768445145,77.77145688352758,77.85062960673496,77.92629219903044,77.99826100537089,78.06635237071313,78.130395399827,78.19031350047484,78.24607234729946,78.2976378143157,78.34497577553843,78.38805210498249,78.42683267666274,78.46128336459404,78.49137004279123,78.5170585852692,78.53831486604277,78.55510475912679,78.56739413853616,78.5751488782857,78.57833485239027,78.57691793486472,78.57086399972393,78.56013892098274,78.54470857265599,78.52453882875857,78.49959556330529,78.46984465031105,78.43525196379068,78.39578337775905,78.351404766231,78.30208200322139,78.24778096274507,78.1884675188169,78.12410754545176,78.05466691666447,77.9801115064699,77.90040718888291,77.81551983791833,77.72541532759105,77.63005953191592,77.52941832490777
68.70620723487593,68.63829309736485,68.57751082963931,68.52365004853816,68.47650037090024,68.43585141356435,68.40149279336934,68.37321412715406,68.35080503175732,68.33405512401795,68.32275402077481,68.3166913388667,68.31565669513249,68.31943970641099,68.32782998954102,68.34061716136144,68.35759083871105,68.37854063842872,68.40325617735326,68.4315270723235,68.4631429401783,68.49789339775647,68.53556806189685,68.57595654943826,68.61884847721954,68.66403346207954,68.71130112085707,68.76044107039098,68.8112429275201,68.86349630908323,68.91699083191925,68.97151611286698,69.02686176876524,69.08281741645287,69.1391726727687,69.19571715455156,69.25224082560526,69.3086072063068,69.36484393146308,69.42100084163894,69.47712777739919,69.53327457930864,69.58949108793217,69.64582714383458,69.70233258758073,69.7590572597354,69.81605100086348,69.87336365152977,69.9310450522991,69.98914504373631,70.04771346640622,70.10680016087369,70.16645496770353,70.22672772746056,70.28766828070964,70.34932646801558,70.41175212994321,70.47499510705738,70.53910523992292,70.60413236910465,70.67012633516738,70.73713697867599,70.80521414019529,70.8744076602901,70.94476737952526,71.01634313846561,71.08918477767595,71.16334213772116,71.23886505916605,71.31580338257544,71.39420694851417,71.47412559754706,71.5556080310083,71.63865866264028,71.72322437503718,71.80924820588972,71.89667319288866,71.9854423737247,72.07549878608857,72.16678546767103,72.25924545616277,72.35282178925455,72.44745750463709,72.54309564000113,72.63967923303737,72.73715132143657,72.83545494288944,72.93453313508672,73.03432893571913,73.13478538247743,73.2358455130523,73.33745236513451,73.43954897641477,73.54207838458382,73.64498362733238,73.74820774235117,73.85169376733096,73.95538473996244,74.05922369793636,74.16315367894343,74.26711772067439,74.37105886081997,74.47492013707091,74.57864458711792,74.68217524865176,74.78545515936312,74.88842735694276,74.9910348790814,75.09322088302513,75.19493031492277,75.29610949802391,75.396704791002,75.49666255253044,75.5959291412827,75.69445091593217,75.7921742351523,75.88904545761652,75.98501094199827,76.08001704697095,76.17401013120804,76.2669365533829,76.35874267216904,76.44937484623983,76.53877943426873,76.62690279492917,76.71369128689454,76.79909126883832,76.88304909943392,76.96551113735477,77.04642374127431,77.12573326986595,77.20338608180315,77.2793285357593,77.35350699040787,77.42586780442227,77.49635733647592,77.56492194524228,77.63150798939475,77.69606182760678,77.75852981855179,77.81885832090322,77.87699369333448,77.93288229451903,77.98647048313028,78.03769441428146,78.08641483239859,78.13245868261454,78.1756527506315,78.21582382215169,78.25279868287731,78.2864041185106,78.31646691475378,78.34281385730901,78.36527173187855,78.3836673241646,78.39782741986937,78.40757880469508,78.41274826434393,78.41316258451815,78.40864855091995,78.39903294925152,78.3841425652151,78.3638041845129,78.33784459284713,78.30609057592,78.26836891943371,78.2245064090905,78.17432983059257,78.11766596964212,78.05434161194138,77.98418354319257,77.90701854909788,77.82267341535956,77.73097492767978,77.63174987176077,77.52482503330475,77.41002719801392,77.28718315159051,77.15611967973672,77.01666356815477
67.57208459130727,67.66110363844288,67.74618643488412,67.82749027854912,67.905172467356,67.97939029922287,68.05030107206784,68.11806208380905,68.18283063236461,68.24476401565265,68.30401953159128,68.36075447809863,68.41512615309279,68.4672918544919,68.51740888021409,68.56563452817747,68.61212609630016,68.65704088250027,68.70053618469593,68.74276930080526,68.78389752874638,68.8240781664374,68.86346851179646,68.90222586274164,68.9405075171911,68.97847077306294,69.01627292827528,69.05407128074626,69.09202312839398,69.13028576913653,69.1690165008921,69.20837262157875,69.24851142911463,69.28959022141785,69.33176629640654,69.3751969519988,69.42003923698542,69.46639738516072,69.51425779308634,69.5635909131741,69.61436719783576,69.66655709948313,69.72013107052797,69.77505956338207,69.83131303045722,69.8888619241652,69.94767669691781,70.00772780112682,70.06898568920403,70.1314208135612,70.19500362661014,70.25970458076264,70.32549412843046,70.3923427220254,70.46022081395925,70.52909885664378,70.59894730249079,70.66973660391206,70.74143721331937,70.8140195831245,70.88745416573926,70.96171141357542,71.03676177904477,71.11257571455909,71.18912367253016,71.26637610536977,71.34430346548972,71.42287620530178,71.50206477721773,71.58183963364937,71.66217122700847,71.74303000970684,71.8243866563509,71.90622047936412,71.98852201199985,72.07128253741836,72.15449333877993,72.23814569924484,72.32223090197337,72.40674023012579,72.4916649668624,72.57699639534346,72.66272579872926,72.74884446018008,72.83534366285619,72.92221468991787,73.0094488245254,73.09703734983908,73.18497154901917,73.27324270522594,73.36184210161969,73.45076102136068,73.53999074760921,73.62952256352554,73.71934775226997,73.80945759700275,73.89984338088419,73.99049638707456,74.08140789873413,74.17256919902317,74.26397157110199,74.35560629813085,74.44746466327003,74.53953794967981,74.63181744052048,74.7242944189523,74.81696016813557,74.90980597123054,75.00281962029972,75.09593667023844,75.18905246366741,75.28206130880791,75.3748575138813,75.46733538710888,75.55938923671197,75.65091337091191,75.74180209793002,75.83194972598761,75.92125056330602,76.00959891810658,76.09688909861057,76.18301541303936,76.26787216961425,76.35135367655657,76.43335424208765,76.51376817442879,76.59248978180135,76.6694133724266,76.74443325452592,76.8174437363206,76.88833912603197,76.95701373188136,77.02336186209008,77.08727782487946,77.14865592847084,77.20739048108551,77.26337579094483,77.31650616627009,77.36667591528263,77.41377934620377,77.45771076725482,77.49836448665714,77.53563481263203,77.5694160534008,77.59964239953392,77.62654279708835,77.65047830240255,77.67181059497668,77.69090135431091,77.70811225990538,77.72380499126027,77.73834122787574,77.75208264925193,77.76539093488903,77.77862776428717,77.79215481694654,77.80633377236727,77.82152631004955,77.83809410949351,77.85639885019934,77.8768022116672,77.89966587339723,77.92535151488958,77.95422081564446,77.98663545516199,78.02295711294234,78.06354746848568,78.10876820129215,78.15898099086193,78.21454751669518,78.27582945829205,78.3431884951527,78.4169863067773,78.497584572666,78.58534497231898,78.68062918523638,78.78379889091838,78.89521576886511,79.01524149857676,79.14423775955348
68.9390337692432,68.87320364756081,68.81427989406478,68.76207151105046,68.71638750081325,68.67703686564855,68.64382860785176,68.61657172971826,68.59507523354344,68.57914812162272,68.56859939625147,68.56323805972511,68.562873114339,68.56731356238856,68.5763684061692,68.58984664797626,68.60755729010518,68.62930933485134,68.65491178451015,68.68417364137696,68.71690390774722,68.75291158591631,68.79200567817958,68.83399518683248,68.87868911417038,68.92589646248865,68.97542623408276,69.02708743124802,69.08068905627988,69.1360401114737,69.19294959912489,69.25122652152885,69.31067988098098,69.37111867977666,69.43235192021126,69.49418860458022,69.55643801405463,69.61896855145687,69.68178052782181,69.74489210222998,69.8083214337619,69.87208668149816,69.93620600451925,70.00069756190572,70.06557951273811,70.13087001609696,70.19658723106281,70.26274931671617,70.3293744321376,70.39648073640765,70.46408638860683,70.53220954781571,70.60086837311479,70.67008102358463,70.73986565830575,70.8102404363587,70.88122351682404,70.95283305878226,71.02508722131392,71.09800416349955,71.1716020444197,71.24589902315489,71.32091325878571,71.39666291039262,71.47316613705618,71.55044109785698,71.6285059518755,71.70737885819227,71.78707797588788,71.86762146404283,71.94902748173766,72.03131418805293,72.11449896678855,72.19856906271204,72.28347256892167,72.36915496194368,72.45556171830447,72.54263831453028,72.63033022714745,72.7185829326823,72.80734190766113,72.89655262861024,72.98616057205597,73.07611121452459,73.16635003254245,73.25682250263583,73.34747410133103,73.43825030515441,73.52909659063225,73.61995843429087,73.71078131265656,73.80151070225567,73.89209207961447,73.98247092125928,74.07259270371641,74.16240290351219,74.25184699717292,74.3408704612249,74.42941877219447,74.5174374066079,74.60487184099149,74.69166755187162,74.77777001577455,74.8631247092266,74.94767710875409,75.0313726908833,75.11415693214057,75.19597530905222,75.27677871865193,75.35659916482477,75.43553108767058,75.51367053336554,75.59111354808572,75.66795617800726,75.74429446930627,75.82022446815888,75.89584222074122,75.97124377322939,76.04652517179953,76.12178246262776,76.19711169189019,76.27260890576297,76.34837015042217,76.42449147204395,76.50106891680443,76.57819853087972,76.65597636044596,76.73449845167922,76.81386085075569,76.89415960385146,76.97549075714265,77.05795035680539,77.14163444901578,77.22663907994998,77.31306029578407,77.40099414269419,77.49053666685647,77.58178391444702,77.67483193164198,77.76977676461742,77.86671445954953,77.96574106261438,78.06695261998813,78.17044517784687,78.27625659155096,78.38399464996301,78.4930743848684,78.60290991882094,78.71291537437455,78.82250487408308,78.93109254050042,79.03809249618043,79.14291886367695,79.24498576554392,79.34370732433514,79.43849766260452,79.52877090290592,79.61394116779321,79.69342257982028,79.76662926154097,79.83297533550918,79.89187492427875,79.94274215040356,79.9849911364375,80.01803600493442,80.0412908784482,80.0541698795327,80.0560871307418,80.04645675462938,80.02469287374929,79.99020961065541,79.94242108790162,79.88074142804177,79.80458475362975,79.71336518721942,79.60649685136465,79.48339386861932,79.3434703615373,79.18614045267245,79.01081826457865
70.0858307157255,69.89461195901994,69.71836918773703,69.55665830854102,69.4090352280962,69.27505585306685,69.15427609011725,69.04625184591168,68.95053902711444,68.86669354038978,68.79427129240196,68.73282818981531,68.68192013929408,68.64110304750255,68.60993282110502,68.58796536676573,68.574756591149,68.56986240091908,68.57283870274026,68.58324140327683,68.60062640919304,68.6245496271532,68.65456696382158,68.69023432586243,68.73110761994009,68.77674275271877,68.82669563086283,68.88052216103648,68.93777824990401,68.99801980412971,69.06080273037787,69.12568293531277,69.19221632559866,69.25995880789985,69.3284662888806,69.3972946752052,69.46600052744188,69.53427903379524,69.60213467903608,69.66961379778765,69.73676272467318,69.80362779431597,69.87025534133926,69.93669170036631,70.00298320602039,70.06917619292476,70.13531699570268,70.20145194897741,70.2676273873722,70.33388964551034,70.40028505801506,70.46685995950963,70.53366068461732,70.60073356796138,70.66812494416507,70.73588114785167,70.80404851364442,70.87267337616659,70.94180207004143,71.01148092989222,71.0817562903422,71.15267448601465,71.22428185153282,71.29662472151998,71.36974943059937,71.44370231339427,71.51852970452794,71.59427793862363,71.67099335030461,71.74872227419414,71.82751104491547,71.90740599709187,71.98845258511236,72.07066204425898,72.15400115798363,72.23843373894752,72.32392359981192,72.41043455323803,72.49793041188713,72.58637498842042,72.67573209549916,72.76596554578457,72.8570391519379,72.94891672662038,73.04156208249326,73.13493903221774,73.2290113884551,73.32374296386658,73.41909757111337,73.51503902285675,73.61153113175793,73.70853771047817,73.8060225716787,73.90394952802073,74.00228239216554,74.10098497677434,74.20002109450837,74.29935455802888,74.39894917999709,74.49876877307425,74.59877714992159,74.69893812320035,74.79921550557177,74.89957310969709,74.99997474823752,75.10038423385433,75.20076537920875,75.301081996962,75.4012975423776,75.50137012298993,75.6012537296409,75.70090224727686,75.80026956084406,75.89930955528884,75.99797611555748,76.09622312659629,76.19400447335158,76.29127404076964,76.38798571379678,76.48409337737931,76.57955091646352,76.67431221599573,76.76833116092222,76.8615616361893,76.95395752674327,77.04547271753044,77.13606109349712,77.2256765395896,77.3142729407542,77.4018041819372,77.4882241480849,77.57348672414362,77.65754579505966,77.74035524577933,77.82186896124891,77.9020408264147,77.98082472622305,78.05817454562022,78.13404416955252,78.20838748296626,78.28115837080773,78.35231071802326,78.42179840955912,78.48957533036163,78.55558992327191,78.6197504105725,78.6819469875725,78.74206976454815,78.8000088517757,78.85565435953134,78.90889639809133,78.95962507773189,79.00773050872925,79.05310280135963,79.09563206589928,79.13520841262441,79.17172195181125,79.20506279373605,79.23512104867501,79.26178682690437,79.28495023870038,79.30450139433924,79.32033040409719,79.33232737825047,79.3403824270753,79.34438566084789,79.3442271898445,79.33979712434136,79.33098557461467,79.31768265094068,79.29977846359563,79.27716312285573,79.2497267389972,79.21735942229628,79.17995128302923,79.13739243147222,79.08957297790153,79.03638303259336,78.97771270582396,78.91345210786955
69.44436128552127,69.27393619444574,69.11867708210144,68.97811170830545,68.85176783287494,68.73917321562702,68.63985561637884,68.55334279494753,68.47916251115022,68.41684252480403,68.36591059572613,68.32589448373363,68.2963219486437,68.27672075027341,68.26661864843994,68.2655434029604,68.27302277365196,68.28858452033171,68.31175640281681,68.3420661809244,68.37904161447159,68.42221046327553,68.47110048715335,68.52523944592221,68.5841550993992,68.64737520740147,68.71442752974615,68.78483982625039,68.85813985673131,68.93385538100605,69.01151415889174,69.09064395020552,69.17077251476452,69.25142761238588,69.33213700288672,69.4124284460842,69.49183043075939,69.57002598605358,69.64704294106251,69.72295577857562,69.79783898138233,69.87176703227202,69.94481441403414,70.01705560945808,70.08856510133327,70.1594173724491,70.229686905595,70.2994481835604,70.36877568913468,70.43774390510727,70.50642731426757,70.57490039940501,70.643237643309,70.71151352876895,70.77980253857427,70.84817915551439,70.91671786237869,70.98549314195661,71.05457947703756,71.12405135041095,71.1939832448662,71.26444964319272,71.33552502817992,71.4072838826172,71.47980068929398,71.5531499309997,71.62740609052373,71.70264365065552,71.77893709418447,71.85636090389998,71.93498956259148,72.01489755304839,72.09615805930571,72.17879377632084,72.2627618119537,72.34801489076798,72.43450573732748,72.5221870761959,72.61101163193702,72.70093212911456,72.79190129229228,72.88387184603391,72.9767965149032,73.07062802346391,73.16531909627977,73.26082245791453,73.35709083293193,73.45407694589572,73.55173352136964,73.65001328391745,73.74886895810286,73.84825326848966,73.94811893964157,74.04841869612234,74.14910526249571,74.25013136332542,74.35144972317525,74.4530130666089,74.55477411819014,74.6566856024827,74.75870024405033,74.8607707674568,74.96284989726583,75.06489035804115,75.16684487434654,75.26866617074572,75.37030697180245,75.47172000208047,75.57285677891848,75.6736507559916,75.77402148153094,75.87388814607132,75.97316994014754,76.0717860542944,76.16965567904673,76.26669800493931,76.362832222507,76.45797752228454,76.55205309480677,76.64497813060851,76.73667182022454,76.8270533541897,76.91604192303878,77.0035567173066,77.08951692752794,77.17384174423763,77.25645035797048,77.3372619592613,77.41619573864489,77.49317088665605,77.5681065938296,77.64092205070035,77.7115364478031,77.77986897567266,77.84583882484384,77.90936518585146,77.9703672492303,78.02876420551519,78.08447524524094,78.13741955894234,78.18751633715421,78.23468477041136,78.27884404924859,78.31991336420072,78.35785506321852,78.39295045453015,78.42562380530418,78.45630005704379,78.48540415125215,78.51336102943249,78.54059563308795,78.56753290372173,78.59459778283701,78.62221521193699,78.65081013252484,78.68080748610375,78.7126322141769,78.7467092582475,78.7834635598187,78.82332006039371,78.8667037014757,78.91403942456786,78.96575217117338,79.02226688279544,79.08400850093722,79.1514019671019,79.22487222279268,79.30484420951275,79.39174286876528,79.48599314205346,79.58801997088048,79.69824829674951,79.81710306116375,79.94500920562638,80.08239167164058,80.22967540070955,80.38728533433647,80.5556464140245,80.73518358127686,80.92632177759671
68.65761509469723,68.5599579123114,68.47284364436247,68.39594033110485,68.32891601279303,68.27143872968142,68.2231765220245,68.1837974300767,68.15296949409247,68.13036075432628,68.11563925103255,68.10847302446575,68.10853011488032,68.11547856253071,68.12898640767138,68.14872169055675,68.17435245144131,68.20554673057947,68.2419725682257,68.28329800463446,68.32919108006017,68.3793198347573,68.43335230898029,68.49095654298358,68.55180057702165,68.61555245134892,68.68188020621984,68.75045188188889,68.82093551861048,68.89299915663909,68.96631083622914,69.0405385976351,69.11535048111142,69.19041452691255,69.26539877529291,69.33997126650698,69.41380055679369,69.48666459110305,69.55858537504709,69.62961793724494,69.69981730631574,69.76923851087862,69.83793657955273,69.9059665409572,69.97338342371117,70.04024225643377,70.10659806774416,70.17250588626145,70.23802074060478,70.3031976593933,70.36809167124615,70.43275780478245,70.49725108862137,70.561626551382,70.62593922168352,70.69024412814505,70.75459629938572,70.8190507640247,70.88366255068107,70.94848668797403,71.01357820452266,71.07899212894614,71.14478348986358,71.21100731589415,71.27771863565695,71.34497247777115,71.41282387085587,71.48132784353025,71.55053942441343,71.62051364212454,71.69130552528271,71.76297010250711,71.83556154542516,71.90910071011291,71.98356517456659,72.0589296244356,72.13516874536934,72.21225722301716,72.29016974302843,72.36888099105255,72.44836565273887,72.5285984137368,72.60955395969569,72.69120697626491,72.77353214909385,72.8565041638319,72.94009770612841,73.02428746163278,73.10904811599437,73.19435435486257,73.28018086388673,73.36650232871625,73.4532934350005,73.54052886838886,73.6281833145307,73.71623145907539,73.80464798767233,73.89340758597088,73.9824849396204,74.07185473427029,74.16149165556992,74.25137038916867,74.34146562071591,74.43175203586102,74.52220432025337,74.61279715954234,74.70350523937732,74.79430324540766,74.88516440502069,74.9760401256826,75.06686501784104,75.15757325986604,75.24809903012763,75.33837650699583,75.42833986884065,75.51792329403212,75.60706096094027,75.69568704793512,75.7837357333867,75.87114119566503,75.95783761314013,76.04375916418202,76.12884002716072,76.21301438044625,76.29621640240866,76.37838027141795,76.45944016584414,76.53933026405728,76.61798474442736,76.69533778532443,76.7713235651185,76.84587626217959,76.91893005487773,76.99041912158295,77.06027764066525,77.12843979049467,77.19483974944124,77.25941169587496,77.32208980816588,77.38280826468402,77.44150124379938,77.498102923882,77.5525474833019,77.6047691004291,77.65472191791848,77.70250762696757,77.74829405046752,77.79224932325134,77.8345415801521,77.87533895600286,77.91480958563668,77.9531216038866,77.99044314558569,78.026942345567,78.06278733866357,78.09814625970847,78.13318724353478,78.1680784249755,78.20298793886374,78.23808392003252,78.27353450331492,78.30950782354398,78.34617201555274,78.3836952141743,78.42224555424167,78.46199117058792,78.50310019804613,78.54574077144932,78.59008102563055,78.63628909542291,78.68453311565942,78.73498122117314,78.78780154679714,78.84316222736447,78.90123139770817,78.96217719266133,79.02616774705697,79.09337119572815,79.16395567350796,79.23808931522942
68.40189205416645,68.33153342367991,68.26951946661826,68.21558724182681,68.16947380815084,68.13091622443562,68.09965154952647,68.07541684226865,68.05794916150747,68.04698556608821,68.04226311485615,68.0435188666566,68.05048988033482,68.06291321473613,68.0805259287058,68.10306508108911,68.13026773073138,68.16187093647787,68.19761175717387,68.23722725166469,68.2804544787956,68.3270304974119,68.37669236635885,68.42917714448178,68.48422189062596,68.54156366363668,68.60093952235923,68.66208652563888,68.72474173232095,68.78864220125071,68.85352499127345,68.91912716123446,68.98518576997903,69.05143787635244,69.11762053919999,69.18347081736697,69.24872622113638,69.31321996558478,69.37699879582358,69.44013834897729,69.50271426217043,69.56480217252756,69.62647771717319,69.68781653323187,69.7488942578281,69.80978652808645,69.87056898113141,69.93131725408755,69.99210698407937,70.05301380823143,70.11411336366822,70.17548128751432,70.23719321689424,70.2993247889325,70.36195164075363,70.42514940948219,70.48899373224268,70.55356024615965,70.61892458835763,70.68516239596113,70.7523493060947,70.82056095588288,70.88987298245019,70.96036102292115,71.03210071442031,71.10516769407218,71.17963759900131,71.25558606633223,71.33308873318947,71.41222123669755,71.493059213981,71.57567830216436,71.66015245844821,71.74649033298863,71.8346157397811,71.92444682307774,72.01590172713063,72.10889859619184,72.20335557451344,72.29919080634753,72.39632243594613,72.49466860756141,72.59414746544542,72.69467715385022,72.79617581702792,72.89856159923056,73.00175264471028,73.1056670977191,73.21022310250913,73.31533880333248,73.42093234444116,73.5269218700873,73.633225524523,73.73976145200032,73.84644779677132,73.9532027030881,74.05994431520276,74.16659077736733,74.27306023383395,74.37927082885463,74.48514070668153,74.5905880115667,74.69553088776217,74.79988747952012,74.90357593109255,75.0065143867316,75.1086209906893,75.20981388721773,75.31001556767086,75.40921356892616,75.5074455000341,75.60475025807526,75.70116674013019,75.79673384327955,75.89149046460395,75.98547550118391,76.07872785010008,76.17128640843302,76.26319007326339,76.3544777416717,76.44518831073862,76.5353606775447,76.62503373917056,76.7142463926968,76.803037535204,76.89144606377275,76.97951087548367,77.06727086741734,77.15476493665435,77.2420319802753,77.3291108953608,77.41604057899144,77.5028599282478,77.5896078402105,77.67632321196012,77.76304494057726,77.84981192314254,77.9366630567365,78.02363723843982,78.11077336533299,78.19811033449668,78.28568704301148,78.37354238795797,78.46171526641675,78.55021088393536,78.63878544457512,78.72708354919405,78.81474927222004,78.90142668808102,78.98675987120481,79.07039289601934,79.1519698369525,79.2311347684321,79.30753176488611,79.38080490074236,79.45059825042873,79.51655588837315,79.57832188900343,79.63554032674753,79.68785527603328,79.73491081128859,79.7763510069413,79.81181993741936,79.8409616771506,79.8634203005629,79.87883988208418,79.8868644961423,79.88713821716513,79.87930511958061,79.86300927781653,79.83789476630085,79.80360565946143,79.75978603172612,79.70607995752286,79.6421315112795,79.56758476742391,79.48208380038398,79.38527268458762,79.27679549446268,79.15629630443706
68.72101887139846,68.58838013100397,68.46861359081602,68.36132067892119,68.2661028234061,68.18256145235732,68.11029799386147,68.04891387600512,67.99801052687489,67.95718937455739,67.92605184713918,67.90419937270688,67.8912333793471,67.88675529514643,67.89036654819145,67.90166856656876,67.92026277836499,67.9457506116667,67.97773349456051,68.015812855133,68.05959012147079,68.10866672166047,68.16264408378863,68.22112363594186,68.2837068062068,68.34999502266999,68.41958971341806,68.49209230653761,68.56710423011523,68.64422691223753,68.72306178099107,68.8032102644625,68.88427379073839,68.96585378790533,69.04755168404994,69.12896890725878,69.20970748518201,69.28949655293391,69.3683488391693,69.44631544460759,69.52344746996823,69.59979601597067,69.67541218333434,69.75034707277874,69.82465178502324,69.89837742078731,69.97157508079042,70.04429586575199,70.11659087639148,70.18851121342831,70.26010797758195,70.33143226957185,70.40253519011742,70.47346783993814,70.54428131975342,70.61502673028275,70.6857551722455,70.75651774636123,70.82736555334927,70.89834969392913,70.96952126882024,71.04093137874202,71.11263112441395,71.18467160655545,71.25710392588601,71.329979183125,71.40334847899194,71.47726291420622,71.55177358948731,71.62693160555463,71.70278806312768,71.77939406292583,71.85680018827352,71.93503690876241,72.01410856553389,72.09401775352103,72.174767067657,72.25635910287485,72.3387964541077,72.42208171628866,72.50621748435083,72.59120635322728,72.67705091785115,72.76375377315551,72.85131751407349,72.93974473553817,73.02903803248267,73.1191999998401,73.21023323254354,73.30214032552607,73.39492387372084,73.48858647206094,73.58313071547946,73.67855919890948,73.77487451728416,73.87207926553654,73.97017603859976,74.0691674314069,74.16905603889109,74.2698444559854,74.37153527762297,74.47413109873685,74.57763451426018,74.68204811912605,74.78737450826756,74.89361627661782,75.00077601910994,75.10885633067699,75.21785494336333,75.327696825989,75.43825093409976,75.54938478238554,75.66096588553623,75.77286175824173,75.88493991519192,75.9970678710767,76.10911314058598,76.2209432384096,76.3324256792375,76.4434279777596,76.55381764866573,76.66346220664582,76.77222916638976,76.87998604258743,76.98660034992875,77.09193960310358,77.19587131680183,77.29826300571341,77.3989821845282,77.49789636793608,77.59487307062696,77.68977980729076,77.78248409261732,77.87285344129654,77.96075536801837,78.04605738747264,78.12862701434929,78.20833176333818,78.28503914912923,78.35861668641229,78.4289318898773,78.49585227421417,78.55924535411273,78.61897864426294,78.67491830026464,78.72692043319341,78.77483665213916,78.8185185449561,78.85781769949838,78.89258570362017,78.92267414517565,78.94793461201897,78.96821869200434,78.98337797298589,78.99326404281783,78.9977284893543,78.9966229004495,78.98979886395759,78.97710796773274,78.95840179962912,78.93353194750088,78.90234999920224,78.86470754258735,78.82045616551036,78.76944745582549,78.71153300138687,78.64656439004867,78.57439320966509,78.49487104809029,78.40784949317845,78.31318013278371,78.21071455476027,78.1003043469623,77.98180109724396,77.85505639345942,77.71992182346287,77.57624897510848,77.42388943625039,77.26269479474283,77.09251663843992
68.81878525250747,68.7178530866371,68.62692194282225,68.54567794444665,68.47380721489411,68.41099587754839,68.35693005579327,68.31129587301254,68.27377945258996,68.24406691790934,68.22184439235441,68.20679799930899,68.19861386215685,68.19697810428174,68.20157684906748,68.21209621989782,68.22822234015653,68.2496413332274,68.27603932249423,68.30710243134077,68.3425167831508,68.38196850130811,68.42514370919648,68.47172853019967,68.52140908770146,68.57387150508565,68.62880190573598,68.68588641303627,68.74481115037028,68.8052622411218,68.86692580867457,68.9294879764124,68.99263486771906,69.05605260597834,69.11942731457401,69.18244511688982,69.24479266161248,69.30626796163995,69.3669174981341,69.42682137164141,69.4860596827083,69.54471253188125,69.60286001970668,69.66058224673105,69.71795931350081,69.7750713205624,69.83199836846227,69.88882055774685,69.94561798896261,70.00247076265599,70.05945897937345,70.1166627396614,70.17416214406632,70.23203729313464,70.29036828741282,70.3492352274473,70.40871821378452,70.46889734697095,70.52985272755302,70.59166445607717,70.65441263308986,70.71817735913753,70.78303873476663,70.84907686052361,70.91637183695492,70.98500376460699,71.05505274402628,71.12659887575924,71.1997222603523,71.27450299835193,71.35102119030456,71.42935693675665,71.5095883627567,71.5917167958712,71.67564380102117,71.76126427582207,71.84847311788943,71.93716522483871,72.02723549428542,72.11857882384504,72.21109011113307,72.304664253765,72.39919614935631,72.49458069552253,72.5907127898791,72.68748733004155,72.78479921362535,72.88254333824598,72.98061460151897,73.0789079010598,73.17731813448394,73.27574019940691,73.3740689934442,73.47219941421127,73.57002635932365,73.6674447263968,73.76434941304622,73.86063531688743,73.95619733553588,74.05093036660709,74.14472930771655,74.23748905647973,74.32910451051214,74.41947056742927,74.50848212484662,74.59603408037967,74.68202133164391,74.76633877625484,74.84888729360823,74.9296572682568,75.00870798600033,75.08610050501792,75.16189588348865,75.23615517959168,75.30893945150606,75.38030975741096,75.45032715548543,75.51905270390861,75.5865474608596,75.65287248451752,75.71808883306146,75.78225756467054,75.84543973752386,75.90769640980054,75.96908863967967,76.02967748534036,76.08952400496175,76.1486892567229,76.20723429880296,76.26522018938103,76.32270798663619,76.37975874874756,76.43643353389427,76.49279340025541,76.5488994060101,76.60481260933742,76.6605940684165,76.71630484142645,76.77200598654638,76.82775856195538,76.88362362583257,76.93966223635707,76.99593545170796,77.05250433006438,77.1094119199481,77.16656816725735,77.22382336090052,77.28102750838511,77.33803061721858,77.39468269490843,77.45083374896213,77.5063337868872,77.56103281619107,77.61478084438129,77.6674278789653,77.71882392745061,77.7688189973447,77.81726309615505,77.86400623138914,77.90889841055447,77.95178964115853,77.9925299307088,78.03096928671276,78.06695771667789,78.10034522811169,78.13098182852166,78.15871752541524,78.18340232629996,78.20488623868329,78.22301927007271,78.23765142797572,78.24863271989979,78.2558131533524,78.25904273584108,78.25817147487327,78.25304937795647,78.24352645259816,78.22945270630585,78.210678146587,78.18705278094912
69.4816949509596,69.26746700792097,69.0717464911932,68.89393818163808,68.73344686011745,68.58967730749315,68.46203430462702,68.34992263238088,68.25274707161657,68.16991240319592,68.10082340798077,68.04488486683293,68.00150156061426,67.97007827018658,67.95001977641172,67.94073086015153,67.94161630226782,67.95208088362243,67.9715293850772,67.99936658749395,68.03499727173453,68.07782621866076,68.12725820913448,68.18269802401751,68.2435504441717,68.30922025045886,68.37911222374086,68.4526311448795,68.52918179473662,68.60816895417405,68.68899740405364,68.7710719252372,68.85379729858658,68.9365783049636,69.0188197252301,69.09992634024792,69.17930387489238,69.25655818490195,69.33174164440304,69.40496704438644,69.4763471758429,69.54599482976322,69.61402279713812,69.68054386895841,69.74567083621484,69.80951648989817,69.8721936209992,69.93381502050867,69.99449347941736,70.05434178871603,70.11347273939545,70.1719991224464,70.23003372885964,70.28768934962594,70.34507877573606,70.40231479818077,70.45951020795086,70.51677779603708,70.5742303534302,70.63198067112097,70.6901415401002,70.74882575135864,70.80814609588704,70.86821536467619,70.92914634871684,70.99105183899978,71.05404462651578,71.11823750225558,71.18374325720997,71.25067468236972,71.31914456872558,71.38926570726834,71.46114896286365,71.53483032226342,71.61024850290141,71.68733572153914,71.76602419493813,71.84624613985986,71.92793377306583,72.01101931131758,72.09543497137659,72.18111297000438,72.26798552396244,72.35598485001229,72.44504316491543,72.53509268543338,72.62606562832764,72.71789421035972,72.8105106482911,72.90384715888331,72.99783595889784,73.09240926509622,73.18749929423994,73.28303826309053,73.37895838840947,73.47519188695827,73.57167097549844,73.66832787079149,73.76509478959892,73.86190394868224,73.95868756480296,74.05537785472258,74.1519070352026,74.24820732300455,74.34421093488992,74.43985008762021,74.53505699795694,74.62976388266162,74.72390533598676,74.81745152649482,74.91040000792249,75.00274903844826,75.0944968762506,75.185641779508,75.27618200639895,75.3661158151019,75.45544146379538,75.54415721065781,75.63226131386772,75.71975203160355,75.80662762204379,75.89288634336695,75.97852645375148,76.06354621137588,76.1479438744186,76.23171770105813,76.31486594947297,76.3973868778416,76.47927874434247,76.56053980715409,76.64116832445491,76.72116255442343,76.80052075523814,76.87924118507749,76.95732210211999,77.03476176454409,77.1115584305283,77.1877103582511,77.26321580589094,77.33807303162631,77.4122802936357,77.48583585009759,77.55873795919045,77.63098487909276,77.70256838782667,77.77343237100881,77.8434992487379,77.91269133986023,77.9809309632221,78.0481404376698,78.11424208204959,78.17915821520783,78.24281115599074,78.30512322324465,78.36601673581582,78.42541401255058,78.48323737229519,78.53940913389597,78.59385161619919,78.64648713805111,78.69723801829808,78.74602657578636,78.79277512936225,78.83740599787201,78.87984150016199,78.92000395507843,78.95781568146764,78.99319899817588,79.0260762240495,79.05636967793474,79.08400167867792,79.10889454512532,79.13097059612322,79.15015215051794,79.16636152715573,79.17952104488289,79.18955302254575,79.19637977899056,79.19992363306362,79.20010690361123
68.08083330481723,68.09665790539572,68.11378712015811,68.13220458381271,68.1518939310678,68.17283879663167,68.1950228152126,68.21842962151887,68.24304285025876,68.26884613614057,68.29582311387257,68.32395741816306,68.35323268372031,68.38363254525261,68.41514063746824,68.44774059507549,68.48141605278263,68.51615064529797,68.55192800732976,68.58873177358632,68.62654557877592,68.66535305760684,68.70513784478734,68.74588357502576,68.78757388303035,68.83019240350939,68.87372277117117,68.91814862072398,68.9634535868761,69.00962130433582,69.05663540781141,69.10447953201117,69.15313731164338,69.20259238141631,69.25282837603827,69.30382893021752,69.35557770997006,69.40806501854651,69.46129596774452,69.51527767305521,69.5700172499697,69.62552181397912,69.68179848057457,69.7388543652472,69.79669658348813,69.85533225078845,69.91476848263932,69.97501239453184,70.03607110195715,70.09795172040634,70.16066136537057,70.22420715234094,70.28859619680856,70.35383561426458,70.41993252020012,70.4868940301063,70.55472725947422,70.62343932379501,70.69303733855982,70.76352841925974,70.8349196813859,70.90721824042944,70.98043121188147,71.0545657112331,71.12962885397546,71.20562775559968,71.28256953159688,71.36046129745816,71.43931016867468,71.51912326073753,71.59990768913785,71.68167056936676,71.76441856712752,71.84814086262058,71.93280392175977,72.01837269242488,72.10481212249574,72.19208715985216,72.28016275237395,72.36900384794092,72.45857539443288,72.54884233972966,72.63976963171105,72.73132221825688,72.82346504724696,72.91616306656108,73.00938122407908,73.10308446768077,73.19723774524596,73.29180600465445,73.38675419378605,73.4820472605206,73.57765015273789,73.67352781831774,73.76964520513997,73.86596726108436,73.96245893403076,74.05908517185898,74.15581092244881,74.25260113368007,74.3494207534326,74.44623472958617,74.54300801002061,74.63970554261574,74.73629227525137,74.8327331558073,74.92899313216337,75.02503715219937,75.12082935662148,75.21632180842678,75.31145727316793,75.40617827723504,75.50042734701823,75.59414700890761,75.68727978929329,75.77976821456537,75.87155481111398,75.96258210532923,76.05279262360123,76.14212889232009,76.2305334378759,76.31794878665882,76.40431746505892,76.48958199946634,76.57368491627118,76.65656874186354,76.73817600263355,76.81844922497132,76.89733093526695,76.97476365991056,77.05068992529226,77.12505225780218,77.1977931838304,77.26885522976706,77.33818092200225,77.40571278692609,77.4713933509287,77.53516514040017,77.59697068173064,77.6567525013102,77.71445312552898,77.77001508077707,77.82338089344461,77.8744930899217,77.92332439201404,77.9700706845207,78.01502787455496,78.0584923410334,78.10076046287264,78.1421286189893,78.18289318829997,78.22335054972127,78.26379708216982,78.30452916456221,78.34584317581506,78.38803549484498,78.43140250056858,78.47624057190247,78.52284608776326,78.57151542706755,78.62254496873197,78.67623109167313,78.73287017480762,78.79275859705204,78.85619273732304,78.92346897453722,78.99488368761116,79.07073325546149,79.15131405700483,79.23692247115777,79.32785487683694,79.42440765295893,79.52687717844036,79.63555983219784,79.75075199314799,79.87275004020739,80.00185035229269,80.13834930832046,80.28254328720735,80.43472866786993
69.63427653338972,69.44594839612483,69.27411169947891,69.11824018191626,68.97780758190117,68.85228763789794,68.74115408837083,68.64388067178416,68.55994112660218,68.48880919128922,68.42995860430955,68.38286310412744,68.3469964292072,68.32183231801311,68.30684450900947,68.30150674066054,68.30529275143064,68.31767627978405,68.33813106418505,68.36613084309793,68.40114935498698,68.4426603383165,68.49013753155077,68.54305467315406,68.60088550159068,68.6631037553249,68.72918317282104,68.79859749254337,68.87082045295615,68.9453257925237,69.02158724971032,69.09907856298028,69.17727347079787,69.25564571162737,69.33366902393307,69.41081714617928,69.48656466639838,69.56056628106245,69.63287853236041,69.70361233484034,69.77287860305032,69.84078825153838,69.90745219485265,69.97298134754115,70.03748662415195,70.10107893923315,70.1638692073328,70.22596834299895,70.28748726077973,70.34853687522315,70.4092281008773,70.46967185229026,70.52997904401009,70.59026059058486,70.65062740656265,70.7111904064915,70.77206050491951,70.83334861639474,70.89516565546526,70.95762253667912,71.02083017458443,71.08489948372923,71.1499413786616,71.2160667739296,71.2833865840813,71.35201172366479,71.42205310722812,71.49362164931935,71.56682826448659,71.64178386727787,71.71859937224127,71.79738569392487,71.8782512016464,71.96120531889446,72.04612893502585,72.13289434924505,72.2213738607565,72.31143976876469,72.40296437247406,72.49581997108905,72.58987886381414,72.68501334985379,72.78109572841244,72.87799829869456,72.97559335990462,73.07375321124705,73.17235015192634,73.27125648114692,73.37034449811327,73.46948650202982,73.56855479210107,73.66742166753144,73.76595942752542,73.86404037128743,73.96153679802195,74.05832100693345,74.15426529722637,74.24924196810518,74.34312331877432,74.43578164843827,74.52708925630147,74.6169184415684,74.7051415034435,74.79163074113123,74.87625845383606,74.95889694076241,75.0394185011148,75.11769543409763,75.19360956756732,75.26718530624609,75.33855681080983,75.40786106523875,75.47523505351298,75.54081575961268,75.60474016751806,75.66714526120926,75.72816802466649,75.78794544186987,75.84661449679959,75.90431217343583,75.96117545575875,76.01734132774855,76.07294677338535,76.12812877664935,76.18302432152073,76.23777039197964,76.29250397200626,76.34736204558077,76.4024815966833,76.45799960929408,76.51405306739323,76.57077895496096,76.6283142559774,76.68679595442275,76.74636103427719,76.80714647952085,76.86928927413395,76.93292640209661,76.99819484738903,77.06523159399138,77.13417362588383,77.20515792704653,77.27832148145968,77.35380127310344,77.43168292155435,77.51167243134348,77.59330566241486,77.67611767214376,77.75964351790542,77.8434182570751,77.92697694702804,78.0098546451395,78.09158640878472,78.17170729533895,78.24975236217746,78.32525666667546,78.39775526620825,78.46678321815106,78.53187557987913,78.59256740876772,78.64839376219207,78.69888969752743,78.74359027214908,78.78203054343224,78.81374556875217,78.83827040548412,78.85514011100335,78.86388974268509,78.8640543579046,78.85516901403714,78.83676876845794,78.80838867854227,78.76956380166537,78.7198291952025,78.65871991652888,78.5857710230198,78.5005175720505,78.40249462099622,78.29123722723223,78.16628044813373
68.55729239615246,68.52238684330891,68.49019454543867,68.46070218320648,68.43389643727708,68.40976398831523,68.38829151698567,68.36946570395314,68.35327322988239,68.33970077543817,68.32873502128523,68.32036264808829,68.31457033651213,68.31134476722147,68.31067262088109,68.31254057815568,68.31693531971004,68.32384352620889,68.33325187831697,68.34514705669903,68.35951574201985,68.37634461494413,68.39562035613665,68.41732964626212,68.4414591659853,68.46799559597096,68.49692561688381,68.52823590938863,68.56191315415013,68.5979440318331,68.63631522310223,68.67701340862232,68.72002526905808,68.76533748507428,68.81293673733566,68.86280970650694,68.91494300235681,68.9693082046824,69.02584335942933,69.08448197519334,69.14515756057017,69.20780362415556,69.27235367454523,69.33874122033492,69.40689977012036,69.4767628324973,69.54826391606147,69.62133652940861,69.69591418113444,69.77193037983471,69.84931863410515,69.92801245254148,70.00794534373946,70.08905081629482,70.17126237880329,70.2545135398606,70.33873780806249,70.4238686920047,70.50983970028298,70.59658434149304,70.6840361242306,70.77212855709143,70.86079514867129,70.94996940756585,71.03958484237086,71.12957496168208,71.21987327409525,71.31041328820606,71.40112851261031,71.49195245590369,71.58281862668193,71.67366053354081,71.76441235016276,71.8550341054777,71.94551941529633,72.03586414009717,72.12606414035876,72.21611527655958,72.30601340917815,72.39575439869299,72.48533410558258,72.57474839032545,72.66399311340012,72.7530641352851,72.84195731645889,72.9306685174,73.01919359858695,73.10752842049826,73.19566884361242,73.28361072840795,73.37134993536336,73.45888232495716,73.54620375766788,73.63331009397399,73.72019719435404,73.80686091928654,73.89329712924996,73.97950168472286,74.06547044618372,74.15119927411106,74.2366840289834,74.32192057127925,74.40690476147711,74.49163246005548,74.5760995274929,74.66030182426786,74.74423521085889,74.82789554774449,74.9112785108053,74.99437701379105,75.07718184415756,75.15968373466504,75.24187341807364,75.32374162714355,75.40527909463495,75.48647655330802,75.56732473592294,75.64781437523988,75.72793620401902,75.80768095502054,75.88703936100464,75.96600215473148,76.04456006896123,76.1227038364541,76.20042418997024,76.27771186226983,76.35455758611307,76.43095209426012,76.50688611947118,76.5823503945064,76.65733565212598,76.73183262509009,76.80583204615893,76.87932464809265,76.95230116365144,77.02475232559547,77.09666886668495,77.16804151968003,77.2388610173409,77.30911809242774,77.37880347770071,77.44790790592002,77.51642210984583,77.58433682223833,77.6516155583198,77.7180206786966,77.78322438588087,77.84689845711064,77.90871466962403,77.96834480065911,78.02546062745397,78.07973392724668,78.13083647727531,78.17844005477798,78.22221643699274,78.26183740115768,78.29697472451087,78.32730018429042,78.3524855577344,78.37220262208088,78.38612315456795,78.3939189324337,78.3952617329162,78.38982333325353,78.37727551068377,78.35729004244503,78.32953870577535,78.29369327791284,78.24942553609557,78.19640725756163,78.13431021954909,78.06280619929603,77.98156697404056,77.89026432102074,77.78857001747464,77.67615584064038,77.552693567756,77.4178549760596,77.27131184278926,77.11273594518306
69.25282584905158,69.1502887524872,69.05709968804896,68.97298039039626,68.89765259418847,68.83083803408493,68.77225844474505,68.72163556082818,68.6786911169937,68.643146847901,68.61472448820943,68.59314577257837,68.57813243566719,68.56940621213528,68.56668883664199,68.56970204384672,68.57816756840882,68.59180714498767,68.61034250824264,68.63349539283311,68.66098753341846,68.69254066465805,68.72787652121127,68.76671683773746,68.80878334889603,68.85379778934634,68.90148189374776,68.95155739675965,69.00374603304141,69.05776953725241,69.11334964405201,69.17020808809959,69.2280666040545,69.28664692657615,69.34567079032391,69.40485992995713,69.46393652144445,69.52271629831843,69.58122373339329,69.63951154327613,69.69763244457411,69.75563915389432,69.81358438784387,69.87152086302991,69.92950129605953,69.98757840353986,70.045804902078,70.10423350828108,70.16291693875623,70.22190791011052,70.28125913895113,70.34102334188513,70.40125323551968,70.46200153646184,70.52332096131877,70.58526422669759,70.64788404920539,70.7112331454493,70.77536423203644,70.84033002557392,70.90618324266886,70.97297659992839,71.0407628139596,71.10959460136964,71.1795246787656,71.2506057627546,71.32289056994378,71.39643181694024,71.47128222035109,71.54749449678346,71.62512136284445,71.70421553514122,71.78482851440418,71.86696453415942,71.95056642616255,72.03557291858553,72.12192273960034,72.20955461737894,72.29840728009329,72.38841945591537,72.47952987301713,72.57167725957055,72.66480034374759,72.75883785372021,72.85372851766039,72.94941106374009,73.04582422013127,73.1429067150059,73.24059727653596,73.33883463289341,73.43755751225021,73.53670464277832,73.6362147526497,73.73602657003636,73.83607882311023,73.93631024004327,74.03665954900747,74.13706547817478,74.23746675571716,74.3378021098066,74.43801026861506,74.5380299603145,74.63779991307689,74.73725885507419,74.83634551447837,74.93499861946138,75.03315689819523,75.13075907885184,75.227744599567,75.32406352163851,75.41967408409533,75.51453473632613,75.60860392771949,75.70184010766403,75.79420172554839,75.88564723076117,75.97613507269102,76.06562370072655,76.15407156425637,76.24143711266912,76.3276787953534,76.41275506169787,76.49662436109111,76.57924514292176,76.66057585657843,76.74057495144977,76.81920087692437,76.89641208239087,76.97216701723788,77.04642413085404,77.11914187262794,77.19027869194824,77.25979303820353,77.32764336078245,77.39378810907361,77.45818573246564,77.52079468034717,77.5815734021068,77.64048034713316,77.69747396481489,77.75251270454058,77.80555501569887,77.85655934767838,77.90548414986775,77.95230560048519,77.99713090488052,78.04012599515168,78.08145708040959,78.12129036976515,78.15979207232927,78.19712839721286,78.23346555352686,78.26896975038214,78.30380719688964,78.33814410216027,78.37214667530493,78.40598112543456,78.43981366166004,78.4738104930923,78.50813782884224,78.54296187802078,78.57844884973883,78.61476495310731,78.65207639723712,78.69054939123919,78.7303501442244,78.7716448653037,78.81459976358798,78.85938104818815,78.90615492821513,78.95508761277983,79.00634531099317,79.06009423196605,79.11650058480939,79.1757305786341,79.2379504225511,79.30332632567128,79.37202449710557,79.44421114596487,79.52005248136011
68.52844045255168,68.48565023663531,68.44718733005512,68.41296196033147,68.38288435498481,68.35686474153549,68.33481334750395,68.31664040041059,68.30225612777579,68.29157075711997,68.28449451596352,68.28093763182684,68.28081033223036,68.28402284469445,68.29048539673951,68.30010821588596,68.3128015296542,68.32847556556462,68.34704055113764,68.36840671389365,68.39248428135303,68.41918348103623,68.4484145404636,68.48008768715559,68.51411314863256,68.55040115241495,68.58886192602313,68.6294056969775,68.6719426927985,68.7163831410065,68.7626372691219,68.8106153046651,68.86022747515655,68.91138400811658,68.96399513106564,69.01797107152413,69.07322213917384,69.12967606191627,69.18729943000156,69.24606409201027,69.30594189652305,69.36690469212044,69.42892432738304,69.49197265089146,69.55602151122628,69.62104275696808,69.68700823669748,69.75388979899505,69.82165929244138,69.89028856561707,69.95974946710271,70.03001384547889,70.10105354932622,70.17284042722527,70.24534632775664,70.3185430995009,70.39240259103866,70.46689665095053,70.54199712781708,70.6176758702189,70.69390472673659,70.77065554595075,70.84790017644193,70.92561046679076,71.00375826557783,71.08231542138373,71.16125378278903,71.24054519837436,71.32016151672029,71.4000745864074,71.4802562560163,71.56067837412758,71.64131329490574,71.72215302709023,71.8032151114085,71.88451879493374,71.96608332473915,72.04792794789786,72.1300719114831,72.21253446256807,72.2953348482259,72.37849231552983,72.462026111553,72.54595548336863,72.6302996780499,72.71507794266998,72.80030952430205,72.88601367001931,72.97220962689494,73.05891664200213,73.14615396241408,73.23394083520392,73.3222965074449,73.41124022621017,73.50079123857293,73.59096879160634,73.6817921323836,73.77328050797792,73.86545316546244,73.95832935191038,74.0519283143949,74.14626929998921,74.24137155576648,74.3372543287999,74.43393686616264,74.53143841492789,74.62977822216888,74.72897553495872,74.82904325507855,74.92989933993881,75.03138865858546,75.13335419997784,75.23563895307541,75.3380859068375,75.44053805022355,75.54283837219293,75.64482986170503,75.74635550771924,75.84725829919498,75.94738122509159,76.0465672743685,76.14465943598509,76.24150069890075,76.33693405207488,76.43080248446685,76.5229489850361,76.61321654274197,76.70144814654387,76.7874867854012,76.87117544827333,76.95235712411967,77.03087480189961,77.10657147057255,77.17929011909786,77.24887373643494,77.3151653115432,77.37800783338201,77.43724429091077,77.49271767308886,77.54427096887568,77.59174716723064,77.63498925711309,77.67384022748246,77.70814306729812,77.73779284900908,77.76306957460454,77.78442577263306,77.80231478544763,77.81718995540135,77.8295046248472,77.83971213613825,77.84826583162754,77.85561905366811,77.86222514461298,77.8685374468152,77.8750093026278,77.88209405440386,77.89024504449637,77.89991561525838,77.91155910904295,77.92562886820312,77.94257823509189,77.96286055206232,77.98692916146749,78.01523740566037,78.04823862699405,78.08638616782153,78.13013337049588,78.17993357737014,78.23624013079733,78.2995063731305,78.37018564672269,78.44873129392693,78.53559665709626,78.63123507858373,78.73609990074237,78.85064446592523,78.97532211648534,79.11058619477575,79.25689004314947
68.53303109075809,68.46255453305757,68.39888587436359,68.34184542045423,68.29125347710755,68.2469303501016,68.20869634521445,68.17637176822416,68.1497769249088,68.12873212104644,68.11305766241513,68.10257385479294,68.09710100395793,68.09645941568819,68.10046939576173,68.10895124995666,68.12172528405104,68.13861180382291,68.15943111505035,68.18400352351144,68.21214933498419,68.24368885524672,68.27844239007707,68.3162302452533,68.35687272655348,68.40019013975568,68.44600279063796,68.49413098497837,68.544395028555,68.59661522714588,68.6506118865291,68.70620531248272,68.76321581078481,68.8214636872134,68.8807692475466,68.94095279756243,69.00183487983716,69.06328623815757,69.12528962184177,69.18784293529022,69.25094408290342,69.31459096908186,69.37878149822606,69.44351357473647,69.50878510301358,69.57459398745793,69.64093813247001,69.7078154424503,69.77522382179926,69.84316117491744,69.91162540620532,69.98061442006336,70.0501261208921,70.120158413092,70.19070920106358,70.26177638920733,70.3333578819237,70.40545158361326,70.47805539867645,70.55116723151379,70.62478498652574,70.69890656811283,70.77352988067555,70.84865282861438,70.92427331632983,71.00038924822236,71.07699852869251,71.15409906214076,71.23168875296759,71.3097655055735,71.38832722435897,71.46737181372454,71.54689698948266,71.62689313608725,71.70734111429809,71.78822114839048,71.86951346263969,71.95119828132103,72.03325582870976,72.11566632908117,72.19841000671053,72.28146708587316,72.3648177908443,72.44844234589928,72.53232097531334,72.6164339033618,72.70076135431994,72.78528355246301,72.86998072206633,72.95483308740516,73.03982087275482,73.12492430239054,73.21012360058766,73.29539899162144,73.38073069976714,73.46609894930008,73.55148396449555,73.63686596962879,73.72222518897512,73.80754184680981,73.89279616740815,73.97796837504542,74.06303869399692,74.14798734853791,74.23279456294368,74.31744056148952,74.40190556845073,74.48616980810256,74.57021451253433,74.65403599371913,74.73764217215445,74.82104126694935,74.90424149721287,74.98725108205406,75.07007824058198,75.15273119190569,75.23521815513423,75.31754734937665,75.39972699374202,75.48176530733939,75.5636705092778,75.6454508186663,75.72711445461397,75.80866963622982,75.89012458262295,75.97148751290237,76.05276664617716,76.13397020155635,76.21510639814903,76.29618345506421,76.37720959141097,76.45819302629836,76.53914197883542,76.6200646681312,76.70096931329478,76.78186413343518,76.86275734766149,76.94365717508272,77.02457183480796,77.10550954594622,77.18647852760658,77.26748699889812,77.34854317892983,77.42965528681081,77.51083409592479,77.59210925734185,77.67351888316698,77.75510112541572,77.83689413610357,77.9189360672461,78.00126507085878,78.08391929895721,78.16693690355686,78.2503560366733,78.33421485032203,78.41855149651859,78.5034041272785,78.58881089461731,78.67480995055054,78.76143944709371,78.84873753626236,78.936742370072,79.02549210053819,79.11502487967643,79.20537885950226,79.2965921920312,79.3887030292788,79.48174952326056,79.57576982599203,79.67080208948875,79.76688446576621,79.86405510683998,79.96235216472554,80.06181379143848,80.1624781389943,80.26438335940851,80.36756760469665,80.47206902687427,80.57792577795688,80.68517600996
69.48579081146642,69.38946521116793,69.30063205173298,69.21910390392165,69.14469333849402,69.07721292621017,69.01647523783015,68.96229284411407,68.91447831582198,68.87284422371397,68.83720313855011,68.80736763109049,68.78315027209516,68.7643636323242,68.75082028253772,68.74233279349576,68.73871373595841,68.73977568068575,68.74533119843785,68.75519285997478,68.76917323605664,68.78708489744348,68.80874041489538,68.83395235917243,68.86253330103469,68.89429581124224,68.92905246055517,68.96661581973355,69.00679845953744,69.04941295072693,69.0942718640621,69.141187770303,69.18997324020975,69.2404408445424,69.29240315406102,69.34567273952571,69.40006239983435,69.45543329910745,69.51175451066484,69.56900970864827,69.62718256719948,69.68625676046024,69.7462159625723,69.80704384767736,69.86872408991724,69.93124036343363,69.99457634236832,70.05871570086305,70.12364211305955,70.18933925309959,70.25579079512491,70.32298041327725,70.39089178169839,70.45950857453005,70.52881446591398,70.59879312999195,70.6694282409057,70.74070347279697,70.81260249980751,70.88510899607908,70.95820663575343,71.03187909297229,71.10611004187743,71.18088315661059,71.25618211131354,71.33199058012798,71.40829223719571,71.48507075665844,71.56230981265796,71.63999307933598,71.71810423083429,71.79662694129459,71.87554509049703,71.95485055241338,72.03454558575307,72.11463314325503,72.19511617765826,72.2759976417017,72.35728048812427,72.43896766966495,72.52106213906268,72.6035668490564,72.68648475238508,72.76981880178768,72.85357195000311,72.93774714977036,73.02234735382837,73.10737551491607,73.19283458577245,73.27872751913642,73.36505726774695,73.451826784343,73.53903902166351,73.62669693244743,73.71480346943372,73.80336158536132,73.89237423296919,73.98184436499626,74.07177493418152,74.16216889326388,74.25302919498232,74.34435879207577,74.4361606372832,74.52843768334354,74.62119288299577,74.71442918897881,74.80814955403163,74.90235693089316,74.99704929104071,75.0921500715176,75.18752533261234,75.28303965868405,75.37855763409183,75.47394384319485,75.56906287035218,75.66377929992296,75.75795771626633,75.85146270374138,75.94415884670724,76.03591072952304,76.12658293654788,76.21604005214091,76.30414666066122,76.39076734646795,76.47576669392022,76.55900928737714,76.64035971119783,76.71968254974144,76.79684238736704,76.8717038084338,76.9441313973008,77.01398973832717,77.08114341587205,77.14545701429455,77.20679511795379,77.2650223112089,77.32000317841897,77.37160230394315,77.41968427214054,77.46411366737028,77.50475507399149,77.54147307636327,77.57413225884476,77.60259720579508,77.62673471647884,77.64642795969671,77.66156744112388,77.67204370104336,77.67774727973826,77.6785687174916,77.67439855458647,77.66512733130592,77.65064558793301,77.63084386475082,77.60561270204236,77.57484264009075,77.53842421917902,77.49624797959022,77.44820446160745,77.39418420551372,77.33407775159213,77.26777564012573,77.19516841139759,77.11614660569074,77.03060076328826,76.93842142447322,76.83949912952868,76.73372441873768,76.62098783238329,76.50117991074859,76.3741911941166,76.23991222277043,76.09823353699312,75.94904567706772,75.79223918327729,75.62770459590489,75.4553324552336,75.27501330154648,75.08663767512657,74.89009611625694
68.79358411729248,68.70314119353733,68.62313180513839,68.5532157943784,68.49305300354023,68.4423032749066,68.40062645076037,68.36768237338428,68.34313088506116,68.32663182807377,68.31784504470494,68.31643037723745,68.32204766795408,68.33435675913763,68.35301749307092,68.37768971203671,68.4080332583178,68.443707974197,68.4843737019571,68.52969028388087,68.57931756225112,68.63291537935066,68.69014357746227,68.75066199886874,68.81413048585286,68.88020888069744,68.94855702568526,69.01883476309911,69.0907019352218,69.16381838433612,69.23784395272486,69.31243848267081,69.38726181645677,69.46197379636553,69.53623426467988,69.60970306368262,69.68204059924538,69.75302675807391,69.82270800439532,69.89116687212247,69.95848589516825,70.02474760744556,70.09003454286724,70.1544292353462,70.21801421879532,70.28087202712746,70.34308519425552,70.40473625409236,70.46590774055088,70.52668218754393,70.58714212898442,70.64737009878522,70.7074486308592,70.76746025911926,70.82748751747826,70.88761293984908,70.94791906014461,71.00848841227773,71.06940353016131,71.13074694770823,71.19260119883138,71.25504881744364,71.31817233745788,71.38205429278699,71.44677721734384,71.5124236450413,71.57907610979227,71.64681714550962,71.71572928610622,71.78589506549498,71.85739701758875,71.93031767630042,72.00473808208432,72.08068121719313,72.15809464422222,72.23692088534422,72.31710246273185,72.39858189855777,72.48130171499466,72.56520443421519,72.65023257839205,72.73632866969793,72.82343523030548,72.91149478238738,73.00044984811635,73.09024294966501,73.18081660920608,73.27211334891221,73.36407569095611,73.45664615751045,73.54976727074788,73.6433815528411,73.7374315259628,73.83185971228563,73.92660863398228,74.02162081322544,74.1168387721878,74.212205033042,74.30766211796073,74.40315254911668,74.49861884868253,74.59400353883093,74.68924914173459,74.78429817956619,74.8790931744984,74.97357664870387,75.06769112435532,75.16137912362541,75.25458178922892,75.34721962310311,75.43919723787384,75.53041883743873,75.62078862569535,75.71021080654133,75.79858958387425,75.8858291615917,75.97183374359132,76.05650753377066,76.13975473602733,76.22147955425895,76.30158619236312,76.37997885423741,76.45656174377943,76.53123906488679,76.60391502145708,76.6744938173879,76.74287965657685,76.80897674292153,76.87268928031953,76.93392147266846,76.99257752386592,77.04856163780948,77.10177801839679,77.1521308695254,77.19952439509294,77.24386279899699,77.28505028513516,77.32299105740503,77.35758931970423,77.38874927593035,77.41637512998096,77.4403710857537,77.46064134714614,77.47709011805588,77.48968776599806,77.49889364897338,77.50538629196562,77.50984525376505,77.51295009316192,77.51538036894652,77.5178156399091,77.52093546483997,77.52541940252935,77.53194701176754,77.5411978513448,77.5538514800514,77.57058745667763,77.59208534001374,77.61902468884999,77.65208506197668,77.69194601818405,77.7392871162624,77.79478791500198,77.85912797319305,77.9329868496259,78.01704410309081,78.11197929237802,78.21847197627783,78.33720171358048,78.46884806307627,78.61409058355544,78.77360883380828,78.94808237262505,79.13819075879604,79.34461355111151,79.56803030836171,79.80912058933694,80.06856395282745,80.34703995762351,80.64522816251541
69.22408469685467,69.11908402447054,69.02468872590983,68.94055859552104,68.86635342765267,68.80173301665319,68.7463571568711,68.69988564265488,68.66197826835302,68.63229482831404,68.61049511688638,68.59623892841857,68.58918605725906,68.58899629775637,68.59532944425898,68.60784529111538,68.62620363267406,68.6500642632835,68.67908697729219,68.71293156904864,68.7512578329013,68.79372556319869,68.8399945542893,68.8897246005216,68.9425754962441,68.99820703580527,69.0562790135536,69.11645122383761,69.17838346100574,69.2417355194065,69.3061671933884,69.37133827729991,69.43690856548952,69.50253785230571,69.56788593209698,69.63261259921184,69.69637823086607,69.75896677215205,69.82043786441494,69.88088845250975,69.94041548129154,69.99911589561533,70.05708664033618,70.11442466030911,70.17122690038917,70.2275903054314,70.28361182029083,70.3393883898225,70.39501695888146,70.45059447232272,70.50621787500135,70.56198411177239,70.61799012749087,70.67433286701181,70.73110927519026,70.78841629688128,70.84635087693988,70.90500996022111,70.96449049158002,71.02488941587163,71.086303677951,71.14883022267314,71.2125659948931,71.27760793946594,71.34405300124668,71.41199812509034,71.481540255852,71.55277633838666,71.6258033175494,71.70071813819523,71.77761774517919,71.85659908335631,71.93775676935898,72.02109491016316,72.1065000374998,72.19385082534833,72.28302594768824,72.37390407849897,72.46636389175995,72.56028406145064,72.6555432615505,72.75202016603897,72.8495934488955,72.94814178409955,73.04754384563056,73.14767830746796,73.24842384359123,73.34965912797982,73.45126283461316,73.5531136374707,73.6550902105319,73.7570712277762,73.85893536318306,73.96056129073193,74.06182768440225,74.16261321817348,74.26279656602506,74.36225640193645,74.46087139988708,74.55852023385641,74.6550815778239,74.750434105769,74.84445649167115,74.93702740950978,75.02802553326438,75.11732953691437,75.20481809443923,75.29036987981836,75.37387149554787,75.4553281782244,75.53483648921016,75.61249533905746,75.68840363831858,75.76266029754586,75.8353642272916,75.90661433810811,75.9765095405477,76.04514874516268,76.11263086250536,76.17905480312803,76.24451947758301,76.30912379642264,76.37296667019918,76.43614700946497,76.49876372477232,76.56091572667351,76.6227019257209,76.68422123246675,76.7455725574634,76.80685481126314,76.86816690441829,76.92960774748117,76.99127625100407,77.05327132553928,77.11569188163917,77.17863682985599,77.24220508074208,77.30649554484974,77.37160713273128,77.43763875493902,77.50468932202524,77.5728577445423,77.64224293304245,77.71294379807804,77.78500747607983,77.85809846036157,77.93170974245943,78.00533350493892,78.07846193036553,78.15058720130479,78.2212015003222,78.28979700998327,78.3558659128535,78.41890039149843,78.47839262848352,78.53383480637432,78.58471910773633,78.63053771513505,78.670782811136,78.70494657830467,78.73252119920657,78.75299885640725,78.76587173247216,78.77063200996686,78.76677187145683,78.75378349950758,78.73115907668462,78.69839078555349,78.65497080867965,78.60039132862865,78.53414452796595,78.45572258925712,78.36461769506764,78.260322027963,78.14232777050874,78.01012710527034,77.86321221481334,77.70107528170324,77.52320848850552,77.32910401778572
68.0591246345277,68.03814197733693,68.02177222383266,68.00988287515908,68.0023414324604,67.99901539688084,67.99977226956459,68.00447955165585,68.01300474429887,68.02521534863779,68.04097886581688,68.0601627969803,68.08263464327229,68.10826190583703,68.13691208581872,68.16845268436161,68.20275120260986,68.2396751417077,68.27909200279933,68.32086928702897,68.36487449554079,68.41097512947904,68.45903868998789,68.50893267821156,68.56052459529427,68.6136819423802,68.66827222061357,68.7241629311386,68.78122157509947,68.8393156536404,68.89831266790559,68.95808011903925,69.01848550818559,69.07939633648881,69.14068010509313,69.20220431514274,69.2638366855244,69.32549109654902,69.38718442076139,69.4489474662306,69.51081104102576,69.57280595321595,69.63496301087022,69.69731302205767,69.7598867948474,69.82271513730848,69.88582885750999,69.94925876352102,70.01303566341065,70.07719036524796,70.14175367710205,70.20675640704198,70.27222936313686,70.33820335345575,70.40470918606776,70.47177766904194,70.5394396104474,70.60772581835322,70.67666710082847,70.74629426594224,70.81663812176362,70.88772947636168,70.95959913780551,71.03227791416421,71.10579661350685,71.18018604390251,71.25547701342028,71.33170033012924,71.40888680209846,71.48706723739706,71.56627244409408,71.64653323025864,71.72787970289015,71.81031471490485,71.89380571520104,71.97831778656683,72.06381601179042,72.15026547365993,72.23763125496352,72.32587843848934,72.41497210702553,72.50487734336028,72.59555923028171,72.68698285057798,72.77911328703723,72.87191562244763,72.96535493959733,73.05939632127448,73.15400485026723,73.24914560936374,73.34478368135213,73.44088414902058,73.53741209515725,73.63433260255027,73.73161075398781,73.82921163225801,73.92710032014902,74.025241900449,74.12360145594612,74.2221440694285,74.3208348236843,74.41963880150166,74.51852108566877,74.61744675897376,74.71638090420477,74.81528860414996,74.9141349415975,75.01288499933551,75.11150322246314,75.209944514362,75.30815643318071,75.40608634812303,75.50368162839263,75.60088964319328,75.6976577617287,75.79393335320262,75.88966378681874,75.98479643178081,76.07927865729253,76.17305783255766,76.2660813267799,76.35829650916298,76.44965074891064,76.54009141522658,76.62956587731456,76.71802150437827,76.80540566562146,76.89166573024784,76.97674906746116,77.0606030464651,77.14317503646343,77.22441240665987,77.30426252625811,77.38267276446193,77.45959049047501,77.53496307350109,77.60873788274391,77.68086228740718,77.75128365669462,77.81994935980997,77.88680676595695,77.95180324433929,78.01488616416071,78.07600289462493,78.13508352703593,78.19193045821963,78.24628885195898,78.29790360206977,78.34651960236774,78.39188174666866,78.43373492878833,78.47182404254248,78.50589398174688,78.53568964021731,78.56095591176955,78.58143769021933,78.59687986938245,78.60702734307466,78.61162500511173,78.61041774930943,78.60315046948352,78.58956805944977,78.56941541302395,78.54243742402183,78.50837898625916,78.46698499355172,78.41800033971528,78.36116991856561,78.29623862391846,78.2229513495896,78.14105298939481,78.05028843714983,77.95040258667048,77.84114033177246,77.7222465662716,77.59346618398361,77.45454407872428,77.3052251443094,77.14525427455472,76.97437636327598
69.68791179639905,69.54752901780519,69.41861864488952,69.30084642862707,69.19387811999282,69.09737946996175,69.0110162295089,68.93445414960924,68.86735898123776,68.80939647536948,68.7602323829794,68.71953245504248,68.68696244253377,68.66218809642824,68.64487516770089,68.63468940732672,68.63129656628071,68.63436239553789,68.64355264607325,68.65853306886177,68.67896941487845,68.70452743509831,68.73487288049634,68.76967150204753,68.80858905072688,68.85129127750938,68.89744393337004,68.94671276928386,68.99876353622582,69.05326198517095,69.10987386709421,69.16826493297063,69.2281009337752,69.28904762048289,69.35077074406874,69.41293605550771,69.4752098065922,69.53736442239568,69.59940921460483,69.66138554721755,69.72333478423178,69.78529828964545,69.84731742745649,69.90943356166282,69.9716880562624,70.03412227525311,70.09677758263292,70.15969534239974,70.22291691855152,70.28648367508616,70.35043697600162,70.4148181852958,70.47966866696665,70.54502978501209,70.61094290343006,70.67744938621847,70.74459059737526,70.81240790089838,70.88094266078573,70.95023624103526,71.02033000564488,71.09126531861253,71.16308354393615,71.23582604561365,71.30953418764297,71.38424933402204,71.46001284874879,71.53686609582114,71.61485043923703,71.69400724299439,71.77437787109115,71.85600368752522,71.93892499837526,72.02314098310696,72.10859739626122,72.19523642190131,72.2830002440905,72.37183104689201,72.46167101436914,72.55246233058512,72.64414717960318,72.73666774548663,72.8299662122987,72.92398476410264,73.01866558496172,73.11395085893919,73.2097827700983,73.30610350250232,73.40285524021449,73.49998016729809,73.59742046781635,73.69511832583254,73.79301592540992,73.89105545061173,73.98917908550125,74.08732901414172,74.18544742059639,74.28347648892853,74.38135840320139,74.47903534747823,74.5764495058223,74.67354306229686,74.77025820096516,74.86653710589047,74.96232196113604,75.05755495076512,75.15217825884099,75.24613406942687,75.33936466254507,75.43181375404922,75.52342616509878,75.61414674528554,75.70392034420125,75.79269181143769,75.88040599658665,75.96700774923984,76.0524419189891,76.13665335542616,76.2195869081428,76.30118742673079,76.3813997607819,76.4601687598879,76.53743927364057,76.61315615163167,76.68726424345296,76.75970839869622,76.83043346695324,76.89938429781574,76.96650574087555,77.03174264572439,77.09503986195406,77.15634223915633,77.21559462692296,77.27274187484572,77.32772883251639,77.38050034952671,77.4310012754685,77.47917645993348,77.52497075251345,77.56832900280018,77.60919606038543,77.64751677486097,77.68323599581858,77.71629857285002,77.74666316741519,77.77439051931195,77.79958712015132,77.82235967735477,77.84281489834378,77.86105949053982,77.87720016136436,77.89134361823886,77.90359656858485,77.91406571982374,77.92285777937703,77.93007945466618,77.9358374531127,77.94023848213803,77.94338924916364,77.94539646161104,77.94636682690165,77.94640705245699,77.94562384569852,77.9441239140477,77.94201396492602,77.93940070575493,77.93639084395593,77.9330910869505,77.92960814216008,77.92604871700615,77.92251951891022,77.91912725529372,77.91597863357815,77.91318036118496,77.91083914553565,77.90906169405167,77.90795471415451,77.90762491326565,77.90817899880655,77.90972367819867
68.54973838496964,68.47056792052051,68.39992527158152,68.33755895099509,68.28321747160365,68.23664934624964,68.19760308777546,68.16582720902358,68.1410702228364,68.12308064205638,68.11160697952593,68.10639774808747,68.10720146058345,68.11376662985629,68.12584176874842,68.14317539010227,68.16551600676027,68.19261213156484,68.22421227735843,68.26006495698347,68.29991868328237,68.34352196909758,68.39062332727151,68.4409712706466,68.49431431206528,68.55040096436998,68.60897974040313,68.66979915300715,68.73260771502449,68.79715393929756,68.8631863386688,68.93045342598063,68.9987037140755,69.06768571579582,69.13714794398403,69.20683891148256,69.27650749059237,69.34597875882342,69.41524781757178,69.48433277357967,69.55325173358925,69.62202280434275,69.69066409258234,69.75919370505021,69.82762974848856,69.89599032963959,69.96429355524548,70.03255753204843,70.10080036679064,70.16904016621427,70.23729503706156,70.30558308607466,70.37392241999581,70.44233114556715,70.51082736953092,70.57942919862927,70.64815473960442,70.71702209919857,70.78604938415388,70.85525470121259,70.92465615711686,70.99427185860888,71.06411991243085,71.13421842532497,71.20458550403342,71.2752392552984,71.34619778586212,71.41747920246674,71.48910161185448,71.56108312076752,71.63344183594805,71.70619586413827,71.77936336941582,71.85296474477374,71.92702327864507,72.00156245296992,72.07660574968847,72.15217665074084,72.22829863806717,72.30499519360762,72.38228979930231,72.46020593709142,72.53876708891504,72.61799673671335,72.69791836242649,72.77855544799458,72.85993147535778,72.94206992645624,73.0249942832301,73.10872802761949,73.19329464156456,73.27871760700545,73.36502040588229,73.45222652013524,73.54035943170446,73.62944262253005,73.71949957455217,73.81055376971099,73.90262868994662,73.9957478171992,74.0899346334089,74.18521262051584,74.28160526046017,74.37913603518204,74.47782842662158,74.57770591671893,74.67879198741426,74.78111012064767,74.88467584023304,74.98938559283528,75.09504415929416,75.2014539624862,75.30841742528786,75.41573697057561,75.52321502122595,75.63065400011536,75.7378563301203,75.84462443411725,75.9507607349827,76.05606765559311,76.16034761882499,76.26340304755479,76.36503636465899,76.46504999301408,76.56324635549653,76.65942787498282,76.75339697434944,76.84495607647285,76.93390760422953,77.02005398049597,77.10319762814865,77.18314097006403,77.2596864291186,77.33263642818885,77.40179339015123,77.46695973788223,77.52793789425834,77.58453028215602,77.63653932445177,77.68376744402205,77.72601706374334,77.76309060649214,77.7947904951449,77.82091915257811,77.84135871150993,77.85658041020713,77.86731952578707,77.87431258083336,77.87829609792962,77.88000659965948,77.88018060860654,77.87955464735442,77.87886523848675,77.87884890458716,77.88024216823923,77.8837815520266,77.89020357853289,77.90024477034171,77.9146416500367,77.93413074020144,77.95944856341958,77.99133164227473,78.0305164993505,78.07773965723051,78.13373763849839,78.19924696573774,78.27500416153221,78.36174574846537,78.46020824912088,78.57112818608233,78.69524208193337,78.83328645925758,78.9859978406386,79.15411274866004,79.33836770590554,79.5394992349587,79.75824385840312,79.99533809882244,80.25151847880029,80.52752152092027
68.20795579394519,68.12469869682046,68.05084069934597,67.986094537724,67.93017294815687,67.88278866684686,67.84365442999632,67.8124829738075,67.78898703448274,67.77287934822434,67.76387265123456,67.76167967971574,67.76601316987018,67.77658585790019,67.79311048000802,67.81529977239603,67.84286647126652,67.87552331282174,67.91298303326406,67.95495836879573,68.00116205561906,68.05130682993638,68.10510542794997,68.16227058586213,68.22251503987518,68.2855515261914,68.35109278101311,68.41885154054262,68.4885405409822,68.55987251853418,68.63256020940084,68.70631634978449,68.78085367588744,68.85588492391201,68.93112283006046,69.00628013053512,69.0810699941221,69.15529729737746,69.2289715290043,69.3021298630702,69.37480947364278,69.44704753478965,69.51888122057841,69.59034770507668,69.66148416235202,69.73232776647208,69.80291569150444,69.87328511151672,69.9434732005765,70.01351713275142,70.08345408210906,70.15332122271704,70.22315572864292,70.29299477395438,70.36287553271896,70.43283517900429,70.50291088687797,70.5731398304076,70.64355918366081,70.71420612070517,70.78511781560829,70.8563314424378,70.92788417526128,70.99981318814635,71.0721556551606,71.14494875037164,71.2182296478471,71.29203552165453,71.36640354586157,71.44137089453582,71.51697474174489,71.59325226155637,71.67023999122813,71.74794971203934,71.8263610463772,71.90545146739605,71.98519844825022,72.06557946209404,72.14657198208185,72.22815348136798,72.31030143310677,72.39299331045257,72.47620658655967,72.55991873458244,72.6441072276752,72.7287495389923,72.81382314168806,72.89930550891681,72.9851741138329,73.07140642959064,73.15797992934439,73.24487208624848,73.33206037345722,73.41952226412498,73.50723523140607,73.59517674845483,73.68332428842558,73.77165532447269,73.86014732975046,73.94877777741324,74.03752414061535,74.12636389251116,74.21527450625496,74.30423345500111,74.39321821190393,74.48220625011777,74.57117504279697,74.66010206309582,74.74896374839747,74.83772103787825,74.92632294016428,75.01471815698653,75.10285539007594,75.19068334116346,75.27815071198006,75.36520620425665,75.4517985197242,75.53787636011364,75.62338842715596,75.70828342258207,75.79251004812292,75.87601700550951,75.9587529964727,76.04066672274351,76.12170688605286,76.20182218813173,76.280961330711,76.35907301552169,76.4361059442947,76.51200881876102,76.58673034065154,76.6602192116973,76.73242413362914,76.8032938081781,76.87277693707506,76.940822222051,77.00737836483688,77.07239406716366,77.13581803076224,77.1975989573636,77.25768554869867,77.31602650649842,77.3725705324938,77.42726632841573,77.48008441107265,77.5311565243299,77.580686674497,77.628879208744,77.67593847424098,77.722068818158,77.7674745876651,77.81236012993242,77.85692979212996,77.90138792142784,77.9459388649961,77.99078697000482,78.03613658362406,78.08219205302393,78.12915772537443,78.1772379478457,78.22663706760775,78.2775594318307,78.33020938768459,78.3847912823395,78.44150946296551,78.50056827673265,78.56217207081104,78.6265251923707,78.69383198858176,78.76429680661425,78.83812399363822,78.91551789682379,78.996682863341,79.08182324035994,79.17114337505063,79.2648476145832,79.36314030612772,79.46622579685419,79.57430843393274,79.68759256453345
