0,1,2,3,4,5,6,7,8,9,10,11,12,13,14,15,16,17,18,19,20,21,22,23,24,25,26,27,28,29,30,31,32,33,34,35,36,37,38,39,40,41,42,43,44,45,46,47,48,49,50,51,52,53,54,55,56,57,58,59,60,61,62,63,64,65,66,67,68,69,70,71,72,73,74,75,76,77,78,79,80,81,82,83,84,85,86,87,88,89,90,91,92,93,94,95,96,97,98,99,100,101,102,103,104,105,106,107,108,109,110,111,112,113,114,115,116,117,118,119,120,121,122,123,124,125,126,127,128,129,130,131,132,133,134,135,136,137,138,139,140,141,142,143,144,145,146,147,148,149,150,151,152,153,154,155,156,157,158,159,160,161,162,163,164,165,166,167,168,169,170,171,172,173,174,175,176,177,178,179
70.68202411653535,70.70303801422502,70.72396986771852,70.74481592351084,70.76557242809693,70.7862356279717,70.80680176963014,70.8272670995672,70.84762786427781,70.86788031025692,70.8880206839995,70.9080452320005,70.92795020075486,70.94773183675754,70.96738638650349,70.98691009648765,71.00629921320498,71.02554998315044,71.04465865281898,71.06362146870553,71.08243467730506,71.10109452511252,71.11959725862285,71.13793912433101,71.15611636873196,71.17412523832063,71.191961979592,71.20962283904099,71.22710406316257,71.24440189845167,71.26151259140327,71.27843238851233,71.29515753627376,71.31168428118254,71.32800886973361,71.34412754842192,71.36003656374243,71.37573216219009,71.39121059025985,71.40646809444665,71.42150092124545,71.43630531715122,71.45087752865888,71.4652138022634,71.47931038445972,71.4931635217428,71.5067694606076,71.52012444754905,71.53322472906211,71.54606655164174,71.55864616178287,71.5709598059805,71.5830037307295,71.5947741825249,71.60626740786161,71.61747965323458,71.62840716513878,71.63904619006915,71.64939297452065,71.65944376498823,71.66919484301802,71.6786445932272,71.68779465999312,71.69664696810254,71.70520344234231,71.71346600749918,71.72143658835998,71.7291171097115,71.73650949634053,71.74361567303387,71.75043756457833,71.7569770957607,71.76323619136778,71.76921677618637,71.77492077500327,71.78035011260526,71.78550671377916,71.79039250331176,71.79500940598987,71.79935934660027,71.80344424992977,71.80726604076516,71.81082664389325,71.81412798410082,71.8171719861747,71.81996057490166,71.8224956750685,71.82477921146203,71.82681310886905,71.82859929207635,71.83013968587072,71.83143621503898,71.83249080436791,71.83330537864433,71.833881862655,71.83422218118676,71.83432825902639,71.83420202096069,71.83384539177646,71.83326029626049,71.83244865919958,71.83141240538055,71.83015345959018,71.82867374661525,71.8269751912426,71.825059718259,71.82292925245125,71.82058571860615,71.81803104151051,71.81526714595113,71.81229595671478,71.80911939858828,71.80573939635843,71.80215787481202,71.79837675873587,71.79439797291674,71.79022344214145,71.78585509119681,71.7812948448696,71.77654462794663,71.77160640901216,71.76648266579623,71.76117620450994,71.75568983683908,71.75002637446948,71.74418862908695,71.73817941237726,71.73200153602626,71.72565781171973,71.71915105114348,71.71248406598332,71.70565966792505,71.69868066865448,71.6915498798574,71.68427011321964,71.676844180427,71.66927489316528,71.66156506312028,71.65371750197781,71.64573502142368,71.6376204331437,71.62937654882366,71.62100618014937,71.61251213880664,71.60389723648127,71.5951642848591,71.58631609562588,71.57735548046745,71.56828525106961,71.55910821911816,71.5498271962989,71.54044499429766,71.53096442480023,71.5213882994924,71.51171943006001,71.50196062818884,71.4921147055647,71.4821844738734,71.47217274480074,71.46208233003254,71.45191604125458,71.4416766901527,71.43136708841267,71.42099004772032,71.41054837976145,71.40004489622186,71.38948240878736,71.37886372914375,71.36819166897685,71.35746903997244,71.34669865381636,71.33588332219439,71.32502585679234,71.31412906929602,71.30319577139123,71.29222877476379,71.28123089109948,71.27020493208413,71.25915370940353,71.2480800347435
71.01978384488211,71.03225822455335,71.04472637998768,71.05718508917903,71.06963113012131,71.08206128080843,71.09447231923431,71.10686102339287,71.119224171278,71.13155854088365,71.1438609102037,71.15612805723211,71.16835675996273,71.18054379638954,71.19268594450642,71.20477998230731,71.21682268778608,71.22881083893671,71.24074121375304,71.25261059022904,71.26441574635862,71.27615346013567,71.28782050955411,71.29941367260787,71.31092972729087,71.322365451597,71.33371762352022,71.34498302105439,71.35615842219343,71.36724060493131,71.37822634726189,71.3891124271791,71.39989562267687,71.4105727117491,71.42114047238971,71.43159568259262,71.44193512035173,71.45215556366097,71.46225379051424,71.47222657890549,71.48207070682858,71.49178295227748,71.50136009324606,71.51079890772826,71.520096173718,71.52924866920918,71.53825317219571,71.54710646067153,71.55580531263055,71.56434650606664,71.57272681897379,71.58094302934586,71.58899191517676,71.59687025446044,71.60457482519081,71.61210240536178,71.61944977296724,71.62661370600114,71.63359098245738,71.64037838032988,71.64697267761255,71.65337065355735,71.65957021186489,71.66557244830364,71.67137902121311,71.6769915889328,71.6824118098022,71.68764134216084,71.69268184434819,71.69753497470376,71.70220239156708,71.70668575327761,71.7109867181749,71.7151069445984,71.71904809088764,71.72281181538213,71.72639977642137,71.72981363234487,71.7330550414921,71.73612566220257,71.73902715281582,71.7417611716713,71.74432937710856,71.74673342746706,71.74897498108635,71.75105569630591,71.75297723146522,71.75474124490381,71.75634939496118,71.75780333997682,71.75910473829023,71.76025524824092,71.76125652816842,71.76211023641218,71.76281803131175,71.7633815712066,71.76380251443626,71.7640825193402,71.76422324425795,71.76422634752902,71.76409348749286,71.76382632248902,71.76342651085699,71.76289571093628,71.76223558106639,71.7614477795868,71.76053396483704,71.7594957951566,71.75833492888498,71.75705302436171,71.75565173992624,71.75413273391814,71.75249766467684,71.75074819054188,71.74888596985278,71.74691266094902,71.74482992217011,71.74263941185552,71.7403427883448,71.73794170997743,71.73543783509294,71.73283282203079,71.73012832876111,71.72732595900484,71.72442720554707,71.72143354761269,71.71834646442667,71.715167435214,71.71189793919962,71.70853945560847,71.70509346366552,71.7015614425957,71.697944871624,71.69424522997534,71.69046399687471,71.68660265154705,71.6826626732173,71.67864554111043,71.6745527344514,71.67038573246515,71.66614601437664,71.66183505941083,71.65745434679269,71.65300535574713,71.64848956549915,71.6439084552737,71.63926350429568,71.63455619179013,71.62978799698195,71.6249603990961,71.62007487735752,71.61513291099124,71.61013597922212,71.60508556127516,71.59998313637533,71.59483018374755,71.58962818261679,71.58437861220801,71.57908295174619,71.57374268045623,71.5683592775631,71.5629342222918,71.55746899386722,71.55196507151436,71.54642393445815,71.54084706192356,71.53523593313554,71.52959202731907,71.52391682369904,71.51821180150048,71.5124784399483,71.50671821826745,71.50093261568293,71.49512311141964,71.48929118470255,71.48343831475665,71.47756598080687,71.47167566207816,71.46576883779548,71.4598469871838
70.9618576114062,70.97838772058384,70.99487009020517,71.01130123962123,71.02767768818302,71.04399595524154,71.0602525601478,71.07644402225284,71.09256686090764,71.1086175954632,71.12459274527056,71.14048882968072,71.15630236804469,71.17202987971346,71.18766788403808,71.20321290036952,71.21866144805881,71.23401004645696,71.24925521491498,71.26439347278387,71.27942133941464,71.29433533415832,71.30913197636589,71.3238077853884,71.33835928057681,71.35278298128218,71.36707540685548,71.38123307664773,71.39525251000995,71.40913022629316,71.42286274484835,71.43644658502653,71.4498782661787,71.46315430765591,71.47627122880914,71.4892255489894,71.5020137875477,71.51463246383506,71.52707809720249,71.53934720700099,71.55143631258157,71.56334193329525,71.57506058849302,71.58658879752592,71.59792307974494,71.60905995450109,71.61999594114539,71.63072755902884,71.64125132750246,71.65156376591725,71.66166139362421,71.67154072997438,71.68119829431875,71.69063060600833,71.69983418439413,71.70880554882717,71.71754121865845,71.726037713239,71.73429155191978,71.74229925405186,71.75005736500893,71.75756399152857,71.76481966046221,71.77182510684312,71.77858106570461,71.78508827207995,71.79134746100242,71.7973593675053,71.80312472662186,71.80864427338543,71.81391874282924,71.8189488699866,71.82373538989079,71.82827903757509,71.83258054807278,71.83664065641715,71.84046009764148,71.84403960677905,71.84737991886315,71.85048176892705,71.85334589200406,71.85597302312742,71.85836389733045,71.86051924964642,71.8624398151086,71.86412632875029,71.86557952560477,71.86680014070532,71.86778890908522,71.86854656577776,71.86907384581622,71.86937148423388,71.86944021606402,71.86928077633993,71.86889390009489,71.8682803223622,71.86744077817511,71.86637600256691,71.86508673057091,71.86357369722036,71.86183763754858,71.85987928658881,71.85769937937435,71.8552986509385,71.85267783631451,71.8498376705357,71.84677888863533,71.84350222564669,71.84000841660306,71.83629819653771,71.83237230048395,71.82823146347505,71.82387642054428,71.81930790672494,71.81452665705031,71.80953340655367,71.8043288902683,71.79891384322748,71.79328900046451,71.78745509701265,71.78141299917199,71.77516509921894,71.76871477393082,71.76206541649331,71.75522042009203,71.74818317791268,71.74095708314088,71.73354552896234,71.72595190856268,71.71817961512757,71.71023204184266,71.70211258189363,71.69382462846613,71.68537157474583,71.67675681391837,71.66798373916944,71.65905574368466,71.64997622064973,71.64074856325028,71.63137616467199,71.6218624181005,71.61221071672149,71.60242445372062,71.59250702228353,71.58246181559588,71.57229222684336,71.5620016492116,71.55159347588628,71.54107110005305,71.53043791489756,71.51969731360549,71.5088526893625,71.49790743535424,71.48686494476635,71.47572861078453,71.46450182659443,71.45318798538167,71.44179048033197,71.43031270463095,71.41875805146428,71.40712991401763,71.39543168547665,71.383666759027,71.37183852785432,71.35995038514432,71.34800572408261,71.33600793785489,71.32396041964678,71.31186656264398,71.29972976003212,71.28755340499687,71.27534089072391,71.26309561039886,71.25082095720741,71.2385203243352,71.22619710496792,71.21385469229119,71.20149647949071,71.18912585975211,71.17674622626106
70.48438989162966,70.50331673814365,70.52224552687757,70.54117186927554,70.56009137678167,70.57899966084004,70.5978923328948,70.61676500439002,70.63561328676984,70.65443279147833,70.67321912995962,70.69196791365782,70.71067475401703,70.72933526248136,70.74794505049492,70.7664997295018,70.78499491094614,70.80342620627202,70.82178922692356,70.84007958434485,70.85829288998002,70.87642475527318,70.8944707916684,70.91242661060983,70.93028782354156,70.94805004190769,70.96570887715234,70.9832599407196,71.00069884405362,71.01802119859845,71.03522261579823,71.05229870709707,71.06924508393905,71.08605735776831,71.10273114002894,71.11926204216505,71.13564567562075,71.15187765184015,71.16795358226736,71.18386907834646,71.1996197515216,71.21520121323685,71.23060907493634,71.24583894806416,71.26088644406444,71.27574717438127,71.29041675045876,71.30489078374102,71.31916488567217,71.33323466769627,71.34709574125749,71.3607437177999,71.37417420876763,71.38738282560476,71.40036517975541,71.41311688266369,71.4256335457737,71.43791078052958,71.44994419837538,71.46172941075525,71.47326202911329,71.48453768106951,71.49555335788408,71.5063084281606,71.51680249926844,71.527035178577,71.53700607345567,71.54671479127383,71.55616093940088,71.56534412520621,71.57426395605918,71.58292003932922,71.59131198238569,71.59943939259799,71.60730187733549,71.6148990439676,71.62223049986369,71.62929585239317,71.6360947089254,71.64262667682979,71.64889136347574,71.6548883762326,71.66061732246979,71.66607780955668,71.67126944486267,71.67619183575714,71.68084458960948,71.68522731378908,71.68933961566533,71.69318110260762,71.69675138198534,71.70005006116786,71.70307674752458,71.70583104842488,71.70831257123818,71.71052092333383,71.71245571208125,71.7141165448498,71.71550302900887,71.71661477192788,71.71745138097619,71.71801246352318,71.71829762693827,71.71830647859082,71.71803862585024,71.7174936760859,71.7166712366672,71.71557091496352,71.71419231834425,71.71253505417879,71.7105987298365,71.7083829526868,71.70588733009907,71.70311146944269,71.70005497808704,71.69671746340153,71.69309853275554,71.68919779351845,71.68501485305966,71.68054931874855,71.6758007979545,71.67076889804692,71.6654533903544,71.65985671357392,71.65398347504511,71.64783834498019,71.6414259935913,71.63475109109062,71.62781830769033,71.6206323136026,71.6131977790396,71.6055193742135,71.59760176933649,71.58944963462073,71.58106764027839,71.57246045652165,71.56363275356267,71.55458920161365,71.54533447088674,71.53587323159411,71.52621015394796,71.51634990816044,71.50629716444372,71.49605659301,71.48563286407142,71.47503064784017,71.46425461452841,71.45330943434834,71.44219977751213,71.43093031423192,71.4195057147199,71.40793064918827,71.39620978784916,71.38434780091477,71.37234935859726,71.36021913110882,71.3479617886616,71.3355820014678,71.32308443973956,71.31047377368908,71.29775467352853,71.28493180947007,71.27200985172588,71.25899347050813,71.24588733602901,71.23269611850067,71.21942448813529,71.20607711514505,71.19265866974212,71.17917382213867,71.16562724254688,71.15202360117891,71.13836756824695,71.12466381396315,71.1109170085397,71.09713182218879,71.08331292512256,71.06946498755319,71.05559267969286,71.04170067175376
70.65500460404624,70.67728735406715,70.69951135765996,70.72167080203155,70.74375987438873,70.76577276193836,70.78770365188728,70.80954673144237,70.83129618781044,70.85294620819832,70.87449097981292,70.89592468986103,70.91724152554954,70.93843567408527,70.95950132267507,70.98043265852576,71.00122386884425,71.02186914083734,71.0423626617119,71.06269861867477,71.08287119893279,71.10287458969282,71.12270297816167,71.14235055154623,71.16181149705335,71.18108000188982,71.20015025326256,71.21901643837836,71.2376727444441,71.25611335866662,71.27433246825277,71.29232426040937,71.3100829223433,71.3276026412614,71.34487760437048,71.36190199887744,71.3786700119891,71.39517583091231,71.41141364285392,71.42737763502078,71.44306199461974,71.4584609088576,71.47356856494127,71.4883791500776,71.50288685147339,71.51708585633548,71.53097035187076,71.54453452528608,71.55777256378826,71.57067865458413,71.58324698488059,71.59547174188444,71.60734711280256,71.61886728484177,71.63002644520893,71.64081878111088,71.65123847975448,71.66127972834659,71.67093671409401,71.68020362420361,71.68907464588224,71.69754396883016,71.70560801136085,71.71326951834152,71.72053234963315,71.72740036509671,71.73387742459317,71.73996738798354,71.74567411512879,71.75100146588991,71.75595330012789,71.76053347770369,71.76474585847828,71.76859430231269,71.77208266906786,71.77521481860481,71.7779946107845,71.7804259054679,71.78251256251602,71.78425844178983,71.78566740315034,71.78674330645848,71.78749001157527,71.78791137836168,71.7880112666787,71.78779353638731,71.78726204734846,71.78642065942321,71.78527323247249,71.78382362635728,71.78207570093858,71.78003331607735,71.7777003316346,71.7750806074713,71.77217800344843,71.768996379427,71.76553959526794,71.76181151083227,71.75781598598098,71.75355688057505,71.74903805447542,71.74426336754311,71.7392366796391,71.73396185062438,71.72844274035992,71.72268320870671,71.7166871155257,71.71045832067793,71.70400068402435,71.69731806542595,71.6904143247437,71.68329332183859,71.6759589165716,71.66841496880375,71.66066533839594,71.65271388520924,71.64456446910458,71.63622094994298,71.6276871875854,71.6189670418928,71.61006437272621,71.60098303994658,71.5917269011266,71.58229947775976,71.57270360408083,71.56294203031845,71.55301750670134,71.54293278345807,71.53269061081735,71.52229373900778,71.51174491825805,71.50104689879677,71.49020243085263,71.47921426465422,71.46808515043026,71.45681783840934,71.4454150788201,71.43387962189126,71.42221421785143,71.41042161692923,71.39850456935335,71.38646582535242,71.37430813515508,71.36203424898997,71.34964691708578,71.33714888967114,71.32454291697468,71.31183174922506,71.29901813665094,71.28610482948096,71.27309457794377,71.259990132268,71.24679424268231,71.23350965941535,71.22013913269578,71.20668541275225,71.19315124981338,71.17953939410785,71.1658525958643,71.15209360531134,71.13826517267768,71.12437004819193,71.11041098208273,71.09639072457875,71.08231202590866,71.06817763630107,71.05399030598463,71.039752785188,71.02546782413984,71.01113817306876,70.99676658220346,70.98235580177257,70.9679085820047,70.95342767312854,70.93891582537273,70.92437578896593,70.90981031413676,70.89522215111387,70.88061405012596,70.86598876140161
70.8446123963797,70.8623099585297,70.87992077574724,70.89744235295737,70.9148721950851,70.93220780705545,70.94944669379346,70.96658636022414,70.98362431127255,71.00055805186368,71.01738508692257,71.03410292137426,71.05070906014375,71.06720100815609,71.08357627033628,71.09983235160938,71.11596675690039,71.13197699113435,71.14786055923629,71.1636149661312,71.17923771674417,71.19472631600019,71.21007826882426,71.22529108014145,71.24036225487677,71.25528929795524,71.27006971430191,71.28470100884178,71.29918068649988,71.31350625220125,71.32767521087091,71.34168506743389,71.3555333268152,71.36921749393989,71.38273507373297,71.39608357111946,71.40926049102441,71.42226333837284,71.43508961808976,71.44773683510022,71.46020249432921,71.4724841007018,71.484579159143,71.49648517457781,71.50819965193129,71.51972009612847,71.53104401209434,71.54216890475396,71.55309227903234,71.5638116398545,71.57432449214551,71.58462834083033,71.59472069083404,71.60459904708165,71.61426091449817,71.62370379800865,71.6329252025381,71.64192263301155,71.65069359435404,71.65923559149057,71.66754612934619,71.67562272704757,71.6834641009298,71.69107105451761,71.69844460096024,71.70558575340696,71.71249552500701,71.71917492890965,71.72562497826414,71.7318466862197,71.73784106592561,71.7436091305311,71.74915189318546,71.7544703670379,71.7595655652377,71.76443850093409,71.76909018727633,71.7735216374137,71.7777338644954,71.78172788167073,71.78550470208891,71.78906533889922,71.79241080525088,71.79554211429317,71.79846027917533,71.80116631304661,71.80366122905626,71.80594604035353,71.8080217600877,71.80988940140799,71.81154997746366,71.81300450140397,71.81425398637815,71.81529944553549,71.8161418920252,71.81678233899657,71.81722179959883,71.81746128698124,71.81750181429304,71.8173443946835,71.81699004130186,71.81643976729737,71.8156945858193,71.81475551001688,71.81362355303936,71.81229972803602,71.81078504815609,71.80908052654884,71.8071871763635,71.80510601074933,71.80283804285557,71.8003842858315,71.79774575282636,71.7949234569894,71.79191841146987,71.78873162941701,71.7853641239801,71.78181690830839,71.7780909955511,71.7741873988575,71.77010713137685,71.7658512062584,71.76142068937979,71.7568175044298,71.75204427252093,71.7471036349851,71.74199823315423,71.73673070836028,71.73130370193519,71.72571985521087,71.71998180951925,71.71409220619229,71.70805368656191,71.70186889196005,71.69554046371864,71.68907104316962,71.6824632716449,71.67571979047645,71.6688432409962,71.66183626453605,71.65470150242797,71.64744159600387,71.6400591865957,71.6325569155354,71.6249374241549,71.61720335378611,71.60935734576098,71.60140204141146,71.59334008206947,71.58517410906695,71.57690676373583,71.56854068740805,71.56007852141553,71.55152290709022,71.54287648576404,71.53414189876894,71.52532178743684,71.51641879309969,71.50743555708941,71.49837472073794,71.48923892537721,71.48003081233917,71.47075302295573,71.46140819855886,71.45199898048045,71.44252801005246,71.43299792860682,71.42341137747547,71.41377099799034,71.40407943148335,71.39433931928647,71.3845533027316,71.37472402315069,71.36485412187567,71.35494624023848,71.34500301957104,71.3350271012053,71.32502112647317,71.31498773670663,71.30492957323757
70.74672490251676,70.76925928428109,70.7916821793796,70.81398876833774,70.83617423168089,70.85823374993444,70.88016250362385,70.9019556732745,70.92360843941182,70.94511598256119,70.96647348324807,70.98767612199782,71.00871907933588,71.02959753578766,71.05030667187856,71.07084166813401,71.0911977050794,71.11136996324015,71.13135362314168,71.15114386530938,71.17073587026869,71.190124818545,71.20930589066371,71.22827426715027,71.24702512853007,71.2655536553285,71.283855028071,71.30192442728298,71.31975703348985,71.337348027217,71.35469258898986,71.37178589933384,71.38862313877435,71.4051994878368,71.4215101270466,71.43755023692916,71.4533149980099,71.46879959081421,71.48399919586754,71.49890899369527,71.51352416482281,71.52783988977558,71.541851349079,71.55555372325847,71.5689421928394,71.58201193834721,71.59475814030729,71.60717597924508,71.61926063568599,71.6310072901554,71.64241112317875,71.65346731528145,71.66417104698888,71.67451749882649,71.68450185131968,71.69411928499385,71.70336498037442,71.71223411798681,71.7207218783564,71.72882344200863,71.73653398946891,71.74384874422468,71.75076655149192,71.75729257053688,71.76343259477032,71.76919241760301,71.77457783244571,71.77959463270919,71.78424861180419,71.78854556314148,71.79249128013183,71.79609155618598,71.79935218471472,71.80227895912878,71.80487767283894,71.80715411925597,71.8091140917906,71.81076338385363,71.81210778885578,71.81315310020783,71.81390511132055,71.81436961560469,71.81455240647101,71.81445927733029,71.81409602159326,71.81346843267069,71.81258230397336,71.81144342891201,71.81005760089741,71.80843061334032,71.8065682596515,71.80447633324171,71.80216062752172,71.79962693590228,71.79688105179414,71.7939287686081,71.79077587975488,71.78742817864526,71.78389145869,71.78017151329985,71.77627413588559,71.77220511985796,71.76797025862774,71.76357534560567,71.75902617420253,71.75432853782908,71.74948822989607,71.74451104381427,71.73940277299444,71.73416921084733,71.7288161507837,71.72334938621434,71.71777471054997,71.71209791720139,71.70632479957933,71.70046115109457,71.69451276515785,71.68848543517997,71.68238495457165,71.67621711674366,71.66998771510679,71.66370254307175,71.65736723432104,71.65098482399945,71.64455623457025,71.63808232724664,71.63156396324179,71.6250020037689,71.61839731004116,71.61175074327174,71.60506316467385,71.59833543546067,71.59156841684539,71.5847629700412,71.57791995626125,71.57104023671879,71.56412467262697,71.55717412519898,71.55018945564801,71.54317152518725,71.53612119502989,71.52903932638911,71.52192678047811,71.51478441851006,71.50761310169815,71.5004136912556,71.49318704839555,71.48593403433122,71.4786555102758,71.47135233744244,71.46402537704436,71.45667549029476,71.4493035384068,71.44191038259366,71.43449688406855,71.42706390404466,71.41961230373515,71.41214294435323,71.40465668711211,71.39715439322492,71.38963692390489,71.3821051403652,71.37455990381903,71.36700207547958,71.35943251656002,71.35185208827355,71.34426165183335,71.33666206845263,71.32905419934454,71.32143890572229,71.31381704879907,71.30618948978805,71.29855708990245,71.29092071035542,71.28328121236018,71.2756394571299,71.26799630587776,71.26035261981696,71.2527092601607,71.24506708812214
70.75834954439739,70.77296152949475,70.78753323633458,70.80206270575957,70.81654797861239,70.83098709573565,70.84537809797203,70.85971902616424,70.87400792115488,70.88824282378667,70.90242177490222,70.91654281534423,70.93060398595532,70.94460332757819,70.95853888105552,70.97240868722992,70.98621078694407,70.99994322104064,71.0136040303623,71.02719125575169,71.04070293805151,71.05413711810436,71.06749183675296,71.08076513483996,71.09395505320799,71.10705963269976,71.12007691415789,71.13300493842507,71.14584174634393,71.15858537875718,71.17123387650744,71.1837852804374,71.19623763138972,71.20858897020705,71.22083733773204,71.23298077480737,71.24501732227571,71.25694502097971,71.26876191176203,71.28046603546534,71.2920554329323,71.30352814500557,71.31488221252783,71.32611567634171,71.33722657728987,71.34821295621501,71.35907285395979,71.36980431136683,71.3804053692788,71.39087406853841,71.40120844998827,71.41140655447109,71.4214664228295,71.43138609590613,71.44116361454374,71.45079701958488,71.4602843518723,71.4696236522486,71.47881296155649,71.48785032063859,71.49673377033761,71.50546135194045,71.51403150384758,71.5224437917791,71.53069798013428,71.53879383331244,71.54673111571284,71.55450959173479,71.56212902577758,71.56958918224049,71.57688982552281,71.58403072002386,71.59101163014287,71.59783232027922,71.60449255483212,71.61099209820088,71.61733071478483,71.6235081689832,71.62952422519533,71.63537864782049,71.64107120125794,71.64660164990704,71.65196975816704,71.65717529043721,71.66221801111689,71.66709768460532,71.67181407530182,71.67636694760569,71.6807560659162,71.68498119463263,71.68904209815429,71.69293854088048,71.69667028721048,71.70023710154356,71.70363874827905,71.70687499181619,71.70994559655432,71.71285032689272,71.71558894723066,71.71816122196742,71.72056691550233,71.72280579223468,71.7248776165637,71.72678215288875,71.7285191656091,71.730088419124,71.7314896778328,71.73272270613475,71.73378726842918,71.73468312911533,71.73541005259253,71.73596780326005,71.73635614551719,71.73657484376324,71.73662366239748,71.7365023658192,71.73621071842771,71.73574848462229,71.73511542880223,71.73431131536682,71.73333590871536,71.7321889732471,71.73087027990272,71.72938056033709,71.72772251079914,71.72589906767743,71.72391316736042,71.72176774623662,71.71946574069457,71.71701008712276,71.71440372190972,71.71164958144394,71.70875060211392,71.70570972030822,71.70252987241528,71.69921399482368,71.6957650239219,71.69218589609841,71.68847954774179,71.68464891524053,71.6806969349831,71.67662654335808,71.67244067675392,71.66814227155913,71.66373426416229,71.65921959095184,71.65460118831632,71.64988199264423,71.64506494032409,71.6401529677444,71.63514901129366,71.63005600736042,71.62487689233316,71.61961460260042,71.61427207455066,71.60885224457243,71.60335804905424,71.59779242438455,71.59215830695194,71.5864586331449,71.5806963393519,71.57487436196152,71.5689956373622,71.5630631019425,71.55707969209092,71.55104834419595,71.54497199464612,71.53885357982992,71.53269603613592,71.52650229995254,71.52027530766836,71.51401799567185,71.50773330035153,71.50142415809594,71.49509350529357,71.48874427833292,71.4823794136025,71.47600184749086,71.46961451638646,71.46322035667782
70.70321926769759,70.72117373931606,70.73907837824362,70.75693059854902,70.77472781430099,70.79246743956824,70.81014688841952,70.82776357492357,70.84531491314908,70.86279831716482,70.8802112010395,70.89755097884186,70.91481506464062,70.93200087250452,70.94910581650228,70.96612731070265,70.98306276917434,70.99990960598609,71.01666523520663,71.03332707090468,71.04989252714898,71.06635901800828,71.08272395755127,71.09898475984672,71.11513883896332,71.13118360896983,71.14711648393498,71.16293487792748,71.17863620501609,71.1942178792695,71.20967731475649,71.22501192554576,71.24021912570602,71.25529632930605,71.27024095041455,71.28505040310024,71.29972210143188,71.3142534594782,71.32864189130791,71.34288481098973,71.35697963259243,71.3709237701847,71.3847146378353,71.39834964961295,71.41182621958639,71.42514176182432,71.4382936903955,71.45127941936865,71.4640963628125,71.47674193479578,71.48921354938723,71.50150862065557,71.51362456266953,71.52555878949785,71.53730871520926,71.54887175387248,71.56024531955624,71.57142682632927,71.58241368826032,71.5932033194181,71.60379313387135,71.61418054646792,71.62436366844135,71.63434258791438,71.64411774141725,71.65368956548029,71.66305849663375,71.67222497140794,71.68118942633313,71.6899522979396,71.69851402275765,71.70687503731754,71.71503577814957,71.72299668178404,71.7307581847512,71.73832072358135,71.74568473480478,71.75285065495176,71.75981892055259,71.76658996813754,71.7731642342369,71.77954215538095,71.78572416809999,71.79171070892428,71.79750221438412,71.8030991210098,71.80850186533156,71.81371088387975,71.81872661318461,71.82354948977644,71.82817995018551,71.83261843094213,71.83686536857655,71.84092119961909,71.8447863606,71.84846128804958,71.85194641849812,71.8552421884759,71.8583490345132,71.8612673931403,71.8639977008875,71.86654039428505,71.86889590986327,71.87106468415244,71.87304715368283,71.87484375498472,71.87645492458842,71.8778810990242,71.87912271482232,71.8801802085131,71.88105401662679,71.88174457569372,71.88225232224413,71.88257769280833,71.88272112391658,71.8826830520992,71.88246391388644,71.8820641458086,71.88148418439597,71.88072446617882,71.87978542768744,71.8786675054521,71.87737114069915,71.875897464356,71.87424901774088,71.87242851456925,71.87043866855664,71.86828219341854,71.86596180287042,71.8634802106278,71.86084013040616,71.85804427592099,71.85509536088782,71.8519960990221,71.84874920403936,71.84535738965508,71.84182336958476,71.83814985754388,71.83433956724797,71.83039521241247,71.82631950675292,71.82211516398482,71.81778489782363,71.81333142198487,71.80875745018402,71.80406569613659,71.79925887355807,71.79433969616395,71.78931087766972,71.78417513179089,71.77893517224295,71.7735937127414,71.76815346700172,71.76261714873942,71.75698747166999,71.75126714950892,71.74545889597171,71.73956542477384,71.73358944963084,71.72753368425818,71.72140084237135,71.71519363768587,71.70891478391721,71.70256699478088,71.69615298399236,71.68967546526717,71.68313715232078,71.6765407588687,71.66988899862642,71.66318458530944,71.65643023263324,71.64962865431335,71.64278256406521,71.63589467560436,71.62896770264629,71.62200435890648,71.61500735810043,71.60797941394364,71.6009232401516,71.5938415504398
70.9223245064389,70.94443146913754,70.96643220747012,70.98832252359045,71.01009821965235,71.03175509780961,71.05328896021604,71.07469560902547,71.0959708463917,71.1171104744685,71.13811029540975,71.15896611136921,71.1796737245007,71.20022893695804,71.22062755089505,71.24086536846549,71.26093819182321,71.28084182312202,71.3005720645157,71.3201247181581,71.339495586203,71.35868047080422,71.37767517411555,71.39647549829083,71.41507724548384,71.43347621784841,71.45166821753836,71.46964904670746,71.48741450750956,71.50496040209843,71.52228253262793,71.53937670125181,71.55623871012392,71.57286436139806,71.58924945722805,71.60538979976766,71.62128119117075,71.63691943359109,71.65230032918251,71.66741968009882,71.68227328849382,71.69685695652132,71.71116648633512,71.72519768008905,71.73894633993692,71.75240826803253,71.76557926652967,71.77845513758218,71.79103168334386,71.80330470596851,71.81527000760995,71.82692339042198,71.83826065655842,71.84927760817308,71.85997004741975,71.87033377645226,71.8803645974244,71.89005831249001,71.89941072380287,71.9084176335168,71.91707484378561,71.9253781968962,71.93332691838212,71.94092613206259,71.94818155414444,71.95509890083457,71.96168388833983,71.96794223286707,71.97387965062318,71.979501857815,71.98481457064939,71.98982350533323,71.99453437807338,71.9989529050767,72.00308480255005,72.0069357867003,72.01051157373429,72.01381787985892,72.01686042128101,72.01964491420746,72.02217707484512,72.02446261940085,72.02650726408152,72.02831672509397,72.0298967186451,72.03125296094174,72.03239116819077,72.03331705659906,72.03403634237344,72.03455474172081,72.03487797084802,72.03501174596192,72.03496178326938,72.03473379897727,72.03433350929247,72.0337666304218,72.03303887857214,72.03215596995037,72.03112362076334,72.0299475472179,72.02863346552094,72.0271870918793,72.02561414249986,72.02392033358947,72.022111381355,72.02019300200331,72.01817091174127,72.01605082677573,72.01383846331355,72.01153953756162,72.00915976572676,72.00670486401589,72.00418054863582,72.00159253579343,71.9989465416956,71.99624828254917,71.99350347456101,71.99071783393799,71.98789707688697,71.98504691961482,71.98217307832837,71.97928126923452,71.97637703367013,71.97346306810219,71.97053975604138,71.96760741394198,71.9646663582583,71.96171690544463,71.95875937195527,71.95579407424451,71.95282132876663,71.94984145197594,71.94685476032674,71.94386157027333,71.94086219826997,71.93785696077097,71.93484617423064,71.93183015510327,71.92880921984315,71.92578368490456,71.92275386674181,71.9197200818092,71.91668264656101,71.91364187745155,71.9105980909351,71.90755160346596,71.90450273149843,71.90145179148678,71.89839909988534,71.89534497314838,71.8922897277302,71.8892336800851,71.88617714666738,71.8831204439313,71.88006388833121,71.87700779632135,71.87395248435605,71.87089826888959,71.86784546637628,71.86479439327039,71.86174536602623,71.85869870109808,71.85565471494026,71.85261372400703,71.84957604475272,71.8465419936316,71.84351188709797,71.84048604160614,71.83746477361039,71.834448399565,71.8314372359243,71.82843159914256,71.82543180567407,71.82243817197315,71.81945101449406,71.81647064969113,71.81349739401863,71.81053156393085,71.80757347588211,71.80462344632669
70.63564572502273,70.66084220310154,70.68587478197486,70.71073929054718,70.73543155772296,70.75994741240667,70.78428268350281,70.80843319991585,70.83239479055025,70.8561632843105,70.87973451010107,70.90310429682646,70.92626847339112,70.94922286869954,70.97196331165618,70.99448563116555,71.01678565613209,71.0388592154603,71.06070213805467,71.08231025281964,71.1036793886597,71.12480537447935,71.14568403918304,71.16631121167526,71.18668272086049,71.20679439564319,71.22664206492786,71.24622155761895,71.26552870262097,71.28455932883837,71.30330926517564,71.32177434053725,71.33995038382768,71.3578332239514,71.37541868981292,71.39270261031666,71.40968081436715,71.42634913086883,71.4427033887262,71.45873941684373,71.4744530441259,71.48984009947718,71.50489641180205,71.51961781000499,71.53400012299048,71.54803917966298,71.56173080892698,71.57507083968697,71.5880551008474,71.60067942131276,71.61293962998752,71.62483155577618,71.63635102758319,71.64749387431304,71.65825592487022,71.66863300815918,71.6786209530844,71.68821558855038,71.69741274346157,71.70620824672247,71.71459792723755,71.72257761674588,71.73014568058791,71.73730767645311,71.74407042961282,71.75044076533837,71.75642550890112,71.76203148557241,71.76726552062358,71.772134439326,71.77664506695098,71.78080422876988,71.78461875005405,71.78809545607483,71.79124117210357,71.7940627234116,71.79656693527028,71.79876063295096,71.80065064172496,71.80224378686366,71.80354689363837,71.80456678732045,71.80531029318125,71.8057842364921,71.80599544252436,71.80595073654938,71.80565694383849,71.80512088966303,71.80434939929435,71.80334929800381,71.80212741106274,71.80069056374249,71.79904558131442,71.79719928904983,71.79515851222011,71.79293007609658,71.7905208059506,71.78793752705351,71.78518706467665,71.78227624409138,71.77921189056902,71.77600082938092,71.77264988579844,71.76916588509293,71.76555565253571,71.76182601339815,71.75798379295156,71.75403581646732,71.74998890921677,71.74584989647124,71.74162560350209,71.73732285558064,71.73294847797827,71.72850929596629,71.72401213481608,71.71946381979895,71.71487117618626,71.71024102924937,71.70558020425962,71.70089552648832,71.69619382120686,71.69148191368656,71.68676661682369,71.68205292600283,71.67734211992368,71.67263502298177,71.6679324595726,71.66323525409172,71.65854423093462,71.65386021449685,71.64918402917392,71.64451649936136,71.63985844945469,71.63521070384942,71.63057408694111,71.62594942312525,71.62133753679737,71.61673925235299,71.61215539418765,71.60758678669686,71.60303425427614,71.59849862132101,71.59398071222701,71.58948135138965,71.58500136320446,71.58054157206696,71.57610280237267,71.57168587851712,71.56729162489582,71.5629208659043,71.55857442593809,71.55425312939272,71.54995780066369,71.54568926414653,71.54144834423677,71.53723586532993,71.53305265182154,71.5288995281071,71.52477731858217,71.52068684764224,71.51662893968283,71.5126044190995,71.50861411028775,71.5046588376431,71.50073942556108,71.49685669843721,71.49301148066701,71.489204596646,71.48543687076973,71.48170912743369,71.47802219103342,71.47437688596443,71.47077403662226,71.46721446740241,71.46369900270044,71.46022846691183,71.45680368443215,71.45342547965687,71.45009467698155,71.44681210080171
70.91780212289495,70.93465261899635,70.95146011671682,70.96822185851346,70.98493508684336,71.00159704416359,71.01820497293127,71.0347561156035,71.05124771463733,71.06767701248987,71.08404125161823,71.10033767447948,71.11656352353069,71.13271604122897,71.14879247003145,71.16479005239515,71.1807060307772,71.1965376476347,71.21228214542472,71.22793676660436,71.24349875363069,71.25896534896083,71.27433379505186,71.28960133436087,71.30476520934494,71.31982266246115,71.33477093616665,71.34960727291846,71.36432891517373,71.37893310538948,71.39341708602288,71.40777809953096,71.42201338837083,71.4361201949996,71.45009576187434,71.46393733145212,71.47764214619008,71.49120744854528,71.50463048097481,71.51790848593578,71.53103870588524,71.54401838328033,71.55684476057812,71.56951508023567,71.58202658471012,71.59437651645854,71.60656211793801,71.61858063160562,71.63042929991849,71.64210536533366,71.65360607030829,71.66492865729941,71.67607036876416,71.68702844715958,71.69780013494278,71.70838267457086,71.71877330850089,71.72896927918998,71.73896782909523,71.74876620067371,71.75836163638252,71.76775137955121,71.77693345335467,71.7859080947805,71.7946759309794,71.80323758910208,71.81159369629927,71.81974487972167,71.82769176651999,71.83543498384495,71.84297515884722,71.85031291867756,71.85744889048664,71.8643837014252,71.87111797864395,71.87765234929356,71.88398744052478,71.89012387948833,71.89606229333486,71.90180330921513,71.90734755427985,71.9126956556797,71.9178482405654,71.92280593608768,71.92756936939722,71.93213916764478,71.93651595798099,71.94070036755664,71.94469302352238,71.94849455302895,71.95210558322705,71.95552674126742,71.95875865430071,71.96180194947769,71.96465725394901,71.96732519486545,71.96980639937766,71.97210149463638,71.97421110779231,71.97613586599616,71.97787639639864,71.97943332615046,71.98080728240234,71.98199889230497,71.98300878300907,71.98383758166537,71.98448591542456,71.98495441143731,71.98524369685441,71.9853543988265,71.98528714450435,71.98504256103863,71.98462127558005,71.98402391527932,71.98325110728717,71.98230347875432,71.98118165683141,71.97988626866925,71.97841794141846,71.9767773022298,71.97496497825395,71.97298159664166,71.97082778829844,71.96850473559564,71.96601474861393,71.96336027527803,71.96054376351262,71.95756766124248,71.95443441639227,71.95114647688675,71.94770629065061,71.94411630560859,71.94037896968538,71.93649673080574,71.93247203689438,71.92830733587601,71.92400507567532,71.91956770421709,71.91499766942601,71.91029741922677,71.90546940154414,71.90051606430279,71.89543985542747,71.89024322284288,71.88492861447378,71.87949847824484,71.87395526208081,71.86830141390641,71.86253938164634,71.85667161322533,71.85070055656809,71.84462865959932,71.83845837024381,71.83219213642622,71.82583240607127,71.8193816271037,71.8128422474482,71.80621671502954,71.79950747777241,71.79271698360151,71.7858476804416,71.77890201621736,71.77188243885354,71.76479139627483,71.75763133640598,71.75040470717167,71.74311395649667,71.73576153230565,71.72834988252336,71.72088145507453,71.71335869788385,71.70578405887602,71.69815998597582,71.6904889271079,71.68277333019705,71.67501564316794,71.66721831394531,71.65938379045389,71.65151452061835,71.64361295236347
70.6904110264904,70.70949581244842,70.72850226645072,70.74742650170046,70.7662646314008,70.78501276875487,70.80366702696584,70.82222351923687,70.84067835877111,70.85902765877172,70.87726753244185,70.89539409298465,70.91340345360325,70.93129172750086,70.9490550278806,70.96668946794563,70.98419116089912,71.00155621994419,71.01878075828402,71.03586088912176,71.05279272566058,71.06957238110361,71.08619596865401,71.10265960151494,71.11895939288955,71.135091455981,71.15105190399244,71.16683685012703,71.18244240758793,71.19786468957827,71.21309980930123,71.22814387995994,71.24299301475759,71.25764332689731,71.27209092958226,71.28633193601559,71.30036245940045,71.31417861294001,71.32777650983742,71.34115226329584,71.35430198651841,71.36722179270828,71.37990779506862,71.3923561068026,71.40456284111333,71.41652411120401,71.42823603027776,71.43969471153775,71.45089626818715,71.46183681342909,71.47251246046673,71.48291932250322,71.49305351274174,71.50291114438541,71.51248833063741,71.52178118470088,71.530785819779,71.53949834907489,71.54791488579171,71.55603154313265,71.56384443430082,71.57134970507911,71.57854624774225,71.58543774274487,71.592028351437,71.59832223516871,71.60432355529004,71.61003647315106,71.6154651501018,71.62061374749234,71.62548642667272,71.630087348993,71.63442067580323,71.63849056845345,71.64230118829373,71.64585669667413,71.64916125494467,71.65221902445545,71.65503416655649,71.65761084259785,71.65995321392958,71.66206544190175,71.6639516878644,71.66561611316757,71.66706287916135,71.66829614719576,71.66932007862087,71.67013883478674,71.6707565770434,71.67117746674093,71.67140566522936,71.67144533385876,71.67130063397916,71.67097572694064,71.67047477409325,71.66980193678702,71.66896137637204,71.66795725419833,71.66679373161597,71.665474969975,71.66400513062545,71.66238837491743,71.66062886420093,71.65873075982606,71.65669822314284,71.65453541550133,71.65224649825157,71.64983563274365,71.64730698032758,71.64466470235345,71.6419129601713,71.63905591513117,71.63609772858312,71.63304256187723,71.62989457636351,71.62665793339205,71.62333679431289,71.61993532047607,71.61645767323166,71.61290801392971,71.60929050392026,71.6056093045534,71.60186847744393,71.59807046166569,71.5942163771227,71.59030730547416,71.58634432837917,71.58232852749688,71.57826098448646,71.57414278100704,71.56997499871778,71.56575871927781,71.5614950243463,71.55718499558238,71.55282971464518,71.5484302631939,71.54398772288764,71.53950317538556,71.53497770234682,71.53041238543055,71.52580830629591,71.52116654660205,71.5164881880081,71.51177431217322,71.50702600075654,71.50224433541723,71.49743039781444,71.49258526960729,71.48771003245494,71.48280576801655,71.47787355795126,71.4729144839182,71.46792962757655,71.46292007058543,71.45788689460399,71.45283118129139,71.44775401230676,71.44265646930927,71.43753963395805,71.43240458791225,71.42725241283102,71.42208419037351,71.41690100219887,71.41170392996622,71.40649405533475,71.40127245996356,71.39604022551185,71.39079843363872,71.38554816600335,71.38029050426486,71.37502653008244,71.36975732511517,71.36448397102227,71.35920754946284,71.35392914209604,71.34864983058101,71.34337069657691,71.33809282174288,71.33281728773807,71.32754517622162
71.00556805782796,71.0262749685798,71.0468740226289,71.06736057551399,71.08772998277372,71.10797759994679,71.12809878257191,71.14808888618774,71.16794326633297,71.18765727854631,71.20722627836643,71.22664562133203,71.24591066298179,71.26501675885439,71.28395926448854,71.30273353542292,71.32133492719622,71.33975879534714,71.35800049541433,71.37605538293651,71.39391881345237,71.4115861425006,71.42905272561985,71.44631391834886,71.4633650762263,71.48020155479085,71.4968187095812,71.51321189613606,71.52937646999409,71.54530778669398,71.56100120177445,71.57645207077415,71.59165574923179,71.60660759268606,71.62130295667565,71.63573719673923,71.64990566841551,71.66380372724316,71.67742672876089,71.69077002850737,71.7038289820213,71.71659894484137,71.72907527250625,71.74125332055465,71.75312844452525,71.76469599995673,71.7759513423878,71.78688982735713,71.7975068104034,71.80779764706534,71.8177576928816,71.82738230339088,71.83666683413188,71.84560664064327,71.85419707846374,71.862433503132,71.8703112701867,71.87782573516658,71.88497225361029,71.89174618105653,71.898142873044,71.90415768792609,71.90978849989217,71.91504032504841,71.91991943819467,71.92443211413081,71.92858462765668,71.93238325357216,71.93583426667708,71.93894394177131,71.94171855365474,71.9441643771272,71.94628768698854,71.94809475803865,71.94959186507738,71.95078528290459,71.95168128632012,71.95228615012387,71.95260614911567,71.95264755809538,71.95241665186286,71.95191970521799,71.95116299296062,71.95015278989061,71.9488953708078,71.94739701051209,71.94566398380331,71.94370256548132,71.941519030346,71.9391196531972,71.93651070883476,71.93369847205857,71.93068921766847,71.92748922046435,71.92410475524603,71.92054209681339,71.9168075199663,71.9129072995046,71.90884771022816,71.90463502693683,71.9002755244305,71.89577547750899,71.89114116097218,71.88637884961994,71.88149481825212,71.87649534166857,71.87138669466917,71.86617515205376,71.86086698862222,71.85546847917439,71.84998589851014,71.84442552142933,71.83879362273183,71.83309647721748,71.82734035968615,71.8215315449377,71.815676307772,71.80978092298889,71.80385166538825,71.79789480976991,71.79191663093377,71.78592340367967,71.77992139034247,71.77391502253856,71.76790498819254,71.76189151762364,71.75587484115114,71.74985518909426,71.74383279177229,71.73780787950444,71.73178068261,71.7257514314082,71.71972035621829,71.71368768735954,71.70765365515119,71.7016184899125,71.69558242196271,71.68954568162108,71.68350849920688,71.67747110503933,71.6714337294377,71.66539660272123,71.6593599552092,71.65332401722083,71.64728901907539,71.64125519109213,71.6352227635903,71.62919196688915,71.62316303130795,71.61713618716593,71.61111166478236,71.60508969447646,71.59907050656753,71.59305433137479,71.58704139921748,71.5810319404149,71.57502618528626,71.56902436415083,71.56302670732788,71.55703344513663,71.55104480789633,71.54506102592626,71.53908232954565,71.53310894907376,71.52714111482986,71.52117905713318,71.51522300630297,71.5092731926585,71.50332984651901,71.49739319820375,71.49146347803199,71.48554091632298,71.47962574339594,71.47371818957015,71.46781848516486,71.46192686049932,71.45604354589278,71.45016877166451,71.44430276813372,71.43844576561972
70.74575079073975,70.76426708073964,70.78279277397343,70.80132280221176,70.81985209722532,70.83837559078475,70.85688821466076,70.87538490062397,70.89386058044506,70.91231018589471,70.9307286487436,70.94911090076235,70.96745187372166,70.98574649939218,71.0039897095446,71.02217643594956,71.04030161037774,71.05836016459982,71.07634703038643,71.09425713950826,71.11208542373599,71.12982681484026,71.14747624459174,71.16502864476112,71.18247894711905,71.19982208343617,71.2170529854832,71.23416658503078,71.25115781384957,71.26802160371024,71.28475288638347,71.3013465936399,71.31779765725022,71.3341010089851,71.35025158061518,71.36624430391115,71.38207411064367,71.3977359325834,71.41322470150102,71.42853534916718,71.44366280735255,71.45860200782782,71.47334788236363,71.48789536273064,71.50223938069955,71.516374868041,71.53029675652566,71.5439999779242,71.5574794640073,71.5707301465456,71.58374695730978,71.59652482807051,71.60905869059846,71.6213434766643,71.63337411803866,71.64514554649224,71.6566526937957,71.66789049171972,71.67885387203494,71.68953776651203,71.69993710692168,71.71004685778114,71.71986474416691,71.72939330386032,71.73863555800122,71.74759452772946,71.75627323418492,71.76467469850742,71.77280194183685,71.78065798531306,71.78824585007588,71.79556855726521,71.80262912802087,71.80943058348275,71.81597594479068,71.82226823308453,71.82831046950415,71.8341056751894,71.83965687128014,71.84496707891623,71.85003931923752,71.85487661338388,71.85948198249515,71.8638584477112,71.86800903017188,71.87193675101705,71.87564463138655,71.87913569242028,71.88241295525805,71.88547944103975,71.88833817090521,71.89099216599432,71.89344444744691,71.89569803640285,71.897755954002,71.8996212213842,71.90129685968931,71.9027858900572,71.90409133362773,71.90521621154075,71.9061635449361,71.90693635495369,71.9075376627333,71.90797048941485,71.90823785613817,71.90834278404313,71.90828829426957,71.90807740795736,71.90771314624635,71.9071985302764,71.90653658118738,71.90573032011913,71.90478276821152,71.90369694660438,71.9024758764376,71.90112257885102,71.8996400749845,71.8980313859779,71.89629953297109,71.89444753710389,71.8924784195162,71.89039520134784,71.88820086883314,71.88589784034602,71.88348807257452,71.88097350882164,71.87835609239039,71.87563776658378,71.87282047470482,71.86990616005652,71.86689676594187,71.8637942356639,71.86060051252561,71.85731753983,71.8539472608801,71.85049161897891,71.84695255742942,71.84333201953464,71.83963194859761,71.83585428792132,71.83200098080876,71.82807397056297,71.82407520048693,71.82000661388366,71.81587015405617,71.81166776430747,71.80740138794057,71.80307296825848,71.79868444856419,71.79423777216071,71.78973488235107,71.78517772243826,71.78056823572531,71.77590836551519,71.77120005511095,71.76644524781557,71.76164588693207,71.75680391576346,71.75192127761272,71.74699991578291,71.742041773577,71.737048794298,71.73202292124893,71.7269660977328,71.72188026705261,71.71676737251137,71.7116293574121,71.70646816505779,71.70128573875144,71.6960840217961,71.69086495749472,71.68563048915037,71.68038256006601,71.67512311354467,71.66985409288937,71.66457744140308,71.65929510238885,71.65400901914965,71.64872113498853,71.64343339320847
70.9208779099168,70.93912495200503,70.95731412166296,70.97544166229412,70.993503817302,71.01149683009012,71.02941694406204,71.04726040262125,71.06502344917126,71.08270232711563,71.10029327985785,71.11779255080144,71.13519638334994,71.15250102090685,71.16970270687571,71.18679768466004,71.20378219766333,71.22065248928914,71.23740480294097,71.25403538202234,71.27054046993679,71.28691631008782,71.30315914587895,71.31926522071372,71.33523077799562,71.3510520611282,71.36672531351498,71.38224677855946,71.39761269966517,71.41281932023564,71.42786288367438,71.44273963338492,71.45744581277076,71.47197766523544,71.48633143418249,71.5005033630154,71.51448969513773,71.52828667395296,71.54189054286464,71.55529754527626,71.56850392459138,71.5815059242135,71.59429978754613,71.60688175799282,71.61924807895707,71.63139499384239,71.64331874605233,71.6550155789904,71.6664817360601,71.67771346066499,71.68870699620855,71.69945858609434,71.70996447372583,71.7202209025066,71.73022411584013,71.73997035712995,71.74945586977958,71.75867689719254,71.76763033575777,71.77631618505967,71.78473536555163,71.79288879783398,71.80077740250707,71.80840210017122,71.81576381142679,71.8228634568741,71.8297019571135,71.83628023274531,71.84259920436986,71.84865979258753,71.8544629179986,71.86000950120344,71.86530046280238,71.87033672339575,71.87511920358389,71.87964882396716,71.88392650514585,71.88795316772034,71.89172973229093,71.89525711945798,71.89853624982183,71.90156804398279,71.90435342254122,71.90689330609746,71.90918861525182,71.91124027060467,71.91304919275632,71.91461630230711,71.91594251985738,71.91702876600748,71.91787596135772,71.91848502650846,71.91885688206004,71.91899244861277,71.918892646767,71.91855839712306,71.91799062028132,71.91719023684206,71.91615816740565,71.91489533257243,71.91340265294274,71.91168104911688,71.90973144169523,71.9075547512781,71.90515189846583,71.90252380385877,71.89967138805724,71.89659557166159,71.89329727527216,71.88977741948926,71.88603692491326,71.88207671214445,71.87789770178323,71.87350081442987,71.86888697068477,71.864057436942,71.85901543581137,71.85376487706081,71.8483096712097,71.84265372877748,71.83680096028351,71.8307552762472,71.82452058718796,71.81810080362519,71.81149983607828,71.80472159506662,71.79776999110965,71.79064893472672,71.78336233643725,71.77591410676065,71.7683081562163,71.76054839532362,71.75263873460202,71.74458308457085,71.73638535574955,71.7280494586575,71.71957930381411,71.71097880173878,71.70225186295092,71.69340239796989,71.68443431731514,71.67535153150604,71.66615795106199,71.65685748650239,71.64745404834665,71.63795154711417,71.62835389332433,71.61866499749655,71.60888877015023,71.59902912180476,71.58908996297954,71.57907520419397,71.56898875596745,71.55883452881938,71.54861643326916,71.53833837983619,71.52800427903988,71.5176180413996,71.50718357743477,71.4967047976648,71.48618561260908,71.475629932787,71.46504166871796,71.45442473092137,71.44378302991663,71.43312047622314,71.42244098036028,71.41174845284748,71.40104680420411,71.39033994494959,71.37963178560331,71.36892623668467,71.3582243729124,71.34752261224524,71.33682085157808,71.32611909091092,71.31541733024376,71.30471556957659,71.29401380890943,71.28331204824227
70.81731893275222,70.83282414226134,70.84827874652446,70.8636804824152,70.87902708680721,70.89431629657412,70.90954584858957,70.92471347972723,70.9398169268607,70.95485392686363,70.9698222166097,70.98471953297249,70.99954361282569,71.0142921930429,71.0289630104978,71.043553802064,71.05806230461516,71.07248625502491,71.08682339016688,71.10107144691474,71.11522816214212,71.12929127272264,71.14325851552995,71.15712762743772,71.17089634531955,71.1845624060491,71.1981235465,71.21157750354591,71.22492201406045,71.23815481491727,71.25127364299001,71.26427623515231,71.27716032827782,71.28992365924016,71.30256396491298,71.31507898216992,71.32746644788463,71.33972409893076,71.35184967218191,71.36384090451175,71.37569553279391,71.38741129390205,71.39898592470979,71.41041716209077,71.42170274291864,71.43284040406704,71.44382788240961,71.45466291481999,71.46534323817181,71.47586658933872,71.48623070519437,71.49643332261239,71.50647217846641,71.51634500963009,71.52604955297706,71.53558354538096,71.54494472371545,71.55413082485414,71.56313958567068,71.57196874303872,71.5806160338319,71.5890792142581,71.59735767041606,71.60545362992406,71.6133696057852,71.62110811100258,71.62867165857934,71.63606276151855,71.64328393282332,71.65033768549678,71.65722653254201,71.66395298696214,71.67051956176024,71.67692876993945,71.68318312450285,71.68928513845356,71.69523732479468,71.70104219652931,71.70670226666057,71.71222004819155,71.71759805412538,71.72283879746513,71.72794479121393,71.73291854837488,71.73776258195109,71.74247940494564,71.74707153036167,71.75154147120226,71.75589174047053,71.76012485116959,71.76424331630253,71.76824964887246,71.77214636188248,71.7759359683357,71.77962098123524,71.78320391358419,71.78668727838566,71.79007358864276,71.79336535735857,71.79656509753623,71.79967532217881,71.80269854428946,71.80563727687125,71.80849403292729,71.8112713254607,71.81397166747458,71.81659757197201,71.81915155195614,71.82163612043004,71.82405379039683,71.82640707485962,71.82869848682151,71.83093053928559,71.83310574525498,71.8352266177328,71.83729566972214,71.83931541422609,71.84128836424777,71.8432170327903,71.84510393285677,71.84695157745028,71.84876247957395,71.8505390919974,71.85228288758307,71.85399454250219,71.85567470982866,71.85732404263636,71.8589431939992,71.86053281699105,71.8620935646858,71.86362609015733,71.86513104647955,71.86660908672631,71.86806086397155,71.86948703128911,71.8708882417529,71.8722651484368,71.8736184044147,71.87494866276049,71.87625657654804,71.87754279885127,71.87880798274405,71.88005278130026,71.8812778475938,71.88248383469855,71.8836713956884,71.88484118363723,71.88599385161895,71.88713005270742,71.88825043997655,71.88935566650021,71.89044638535229,71.89152324960668,71.89258691233728,71.89363802661795,71.89467724552262,71.89570522212513,71.89672260949939,71.8977300607193,71.89872822885873,71.89971776699157,71.9006993281917,71.90167356553302,71.90264113208941,71.90360268093478,71.90455886514299,71.90551033778793,71.90645775194349,71.90740176068357,71.90834301708205,71.9092821742128,71.91021988514974,71.91115680296673,71.91209358073768,71.91303087153646,71.91396932843696,71.91490960451307,71.91585235283868,71.91679822648767,71.91774787853394
70.81136680543733,70.83399355189961,70.85651441802233,70.87892492394565,70.90122058980972,70.9233969357547,70.94544948192073,70.96737374844798,70.9891652554766,71.01081952314674,71.03233207159855,71.05369842097218,71.07491409140779,71.09597460304553,71.11687547602557,71.13761223048805,71.15818038657312,71.17857546442094,71.19879298417167,71.21882846596544,71.23867742994244,71.2583353962428,71.27779788500666,71.29706041637421,71.31611851048557,71.33496768748091,71.35360346750038,71.37202137068414,71.39021691717234,71.40818562710513,71.42592302062266,71.44342461786509,71.46068593897257,71.47770250408527,71.49446983334333,71.5109834468869,71.52723886485613,71.54323160739119,71.55895719463221,71.57441114671937,71.58958898379281,71.60448622599269,71.61909839345915,71.63342100633237,71.64744958475248,71.66117964885963,71.67460671879398,71.68772631469571,71.70053395670493,71.71302516496182,71.72519545960654,71.73704036077922,71.74855538862002,71.7597360632691,71.77057790486663,71.78107643355273,71.79122716946758,71.80102563275132,71.8104673435441,71.81954782198609,71.82826258821743,71.83660719529193,71.84457997090666,71.85218408001717,71.85942317340354,71.86630090184593,71.87282091612445,71.87898686701924,71.8848024053104,71.89027118177806,71.89539684720236,71.9001830523634,71.90463344804132,71.90875168501626,71.9125414140683,71.91600628597759,71.91914995152425,71.92197606148841,71.92448826665017,71.92669021778968,71.92858556568707,71.93017796112242,71.9314710548759,71.93246849772761,71.93317394045769,71.93359103384624,71.9337234286734,71.9335747757193,71.93314872576404,71.93244892958776,71.93147903797058,71.93024270169262,71.92874357153401,71.92698529827489,71.92497153269534,71.92270592557551,71.92019212769554,71.91743378983553,71.9144345627756,71.9111980972959,71.90772804417652,71.90402805419761,71.90010177813927,71.89595286678166,71.89158497090486,71.88700174128903,71.88220682871427,71.87720388396072,71.87199655780849,71.86658850103771,71.86098336442849,71.85518479876099,71.8491964548153,71.84302198337156,71.83666503520988,71.83012926111039,71.8234183118532,71.81653583821847,71.8094854909863,71.80227092093682,71.79489577885013,71.78736371550639,71.7796783409648,71.77184260281702,71.76385891005066,71.75572965603835,71.74745723415268,71.73904403776625,71.73049246025165,71.72180489498149,71.71298373532838,71.70403137466491,71.69495020636367,71.6857426237973,71.67641102033835,71.66695778935946,71.65738532423322,71.64769601833223,71.6378922650291,71.6279764576964,71.61795098970677,71.6078182544328,71.59758064524708,71.58724055552221,71.57680037863081,71.56626250794547,71.55562933683878,71.54490325868336,71.5340866668518,71.5231819547167,71.51219151565068,71.50111774302633,71.48996303021624,71.47872977059302,71.46742035752928,71.4560371843976,71.4445826445706,71.43305913142088,71.42146903832104,71.40981475864366,71.39809868576137,71.38632321304675,71.37449073387242,71.36260364161097,71.35066432963501,71.33867519131714,71.32663862002994,71.31455700914603,71.30243275203802,71.29026824207848,71.27806587264006,71.26582803709532,71.25355712881687,71.24125554117731,71.22892566754925,71.21656990130529,71.20419063581804,71.19179026446007,71.17937118060402,71.16693577762246
70.48486908775646,70.50908205436755,70.53322039919226,70.55727835826383,70.58125016761534,70.60513006328003,70.62891228129101,70.65259105768149,70.67616062848458,70.6996152297335,70.72294909746137,70.74615646770138,70.7692315764867,70.79216865985049,70.8149619538259,70.83760569444607,70.86009411774424,70.88242145975352,70.90458195650709,70.92656984403808,70.94837935837973,70.97000473556514,70.99144021162749,71.01268002259997,71.0337184045157,71.05454959340787,71.07516782530965,71.09556733625422,71.11574236227469,71.13568713940427,71.15539590367612,71.17486289112338,71.19408233777924,71.21304847967684,71.23175555284936,71.25019779332999,71.26836943715185,71.28626472034813,71.303877878952,71.32120314899657,71.33823476651509,71.35496696754066,71.37139398810649,71.3875100642457,71.40330943199149,71.41878632737698,71.43393498643539,71.44874964519985,71.46322453970356,71.47735390597964,71.49113198006125,71.50455299798162,71.51761119577384,71.5303008094711,71.5426160751066,71.55455122871345,71.56610050632486,71.57725814397398,71.58801837769394,71.59837544351797,71.60832357747918,71.6178570630151,71.62697417977921,71.63568017434957,71.6439809930194,71.6518825820819,71.65939088783026,71.66651185655766,71.67325143455736,71.67961556812256,71.68561020354642,71.69124128712221,71.69651476514306,71.70143658390225,71.70601268969293,71.7102490288083,71.71415154754163,71.71772619218609,71.72097890903487,71.72391564438118,71.72654234451824,71.72886495573925,71.73088942433742,71.73262169660592,71.73406771883802,71.73523343732688,71.73612479836572,71.73674774824772,71.73710823326613,71.73721219971412,71.73706559388492,71.73667436207174,71.73604445056773,71.73518180566617,71.73409237366022,71.73278210084308,71.73125693350798,71.72952281794812,71.7275857004567,71.72545152732695,71.72312624485201,71.72061579932517,71.71792613703957,71.71506320428844,71.712032947365,71.70884131256244,71.70549424617397,71.70199769449277,71.6983576038121,71.6945799204251,71.69067059062505,71.68663556070507,71.68248077695844,71.67821218567832,71.67383573315792,71.66935736569047,71.66478302956918,71.66011867108722,71.6553702365378,71.65054367221416,71.64564492440948,71.64067993941694,71.63565450657396,71.63057186178366,71.62543316493807,71.62023951574227,71.61499201390129,71.60969175912021,71.60433985110413,71.59893738955805,71.59348547418702,71.58798520469617,71.58243768079052,71.57684400217516,71.5712052685551,71.56552257963546,71.55979703512125,71.55402973471755,71.54822177812943,71.54237426506194,71.53648829522015,71.53056496830914,71.52460538403395,71.51861064209962,71.51258184221123,71.50652008407386,71.50042646739254,71.49430209187236,71.48814805721835,71.4819654631356,71.47575540932917,71.4695189955041,71.46325732136546,71.45697148661833,71.45066259096774,71.44433173411878,71.43798001577647,71.43160853564595,71.4252183934322,71.4188106888403,71.41238652157534,71.40594699134238,71.39949319784643,71.39302624079261,71.38654721988595,71.38005723483153,71.37355738533438,71.3670487710996,71.36053249183223,71.35400964723735,71.34748133701999,71.34094866088523,71.33441271853812,71.32787460968373,71.32133543402713,71.31479629127338,71.30825828112754,71.30172250329466,71.29519005747977,71.288662043388
70.78539963036181,70.8071212320528,70.8288207495238,70.85049383148763,70.87213612665695,70.89374328374456,70.91531095146323,70.93683477852565,70.95831041364463,70.97973350553283,71.0010997029031,71.02240465446818,71.04364400894073,71.06481341503357,71.08590852145943,71.10692497693108,71.12785843016124,71.14870452986267,71.16945892474814,71.19011726353034,71.21067519492209,71.23112836763607,71.25147243038509,71.27170303188188,71.29181582083919,71.31180644596972,71.3316705559863,71.35140379960163,71.37100182552848,71.39046028247955,71.40977481916767,71.42894108430554,71.44795472660587,71.4668113947815,71.48550673754511,71.50403640360949,71.52239604168736,71.54058130049148,71.5585878287346,71.57641127512946,71.59404728838882,71.61149151722543,71.62873961035203,71.64578721648135,71.6626299843262,71.67926356259926,71.69568360001335,71.71188574528114,71.72786564711544,71.74361895422896,71.75914131533449,71.77442837914475,71.78947579437246,71.80427920973042,71.81883427393137,71.83313663568805,71.84718194371322,71.86096584671961,71.87448399341997,71.88773203252705,71.90070561275363,71.91340038386585,71.92581293720531,71.93794253704343,71.94978891872961,71.96135181761329,71.97263096904396,71.98362610837097,71.99433697094383,72.0047632921119,72.0149048072247,72.02476125163159,72.03433236068201,72.04361786972541,72.05261751411123,72.06133102918892,72.06975815030785,72.0778986128175,72.08575215206733,72.09331850340672,72.10059740218512,72.10758858375195,72.11429178345665,72.12070673664869,72.12683317867746,72.1326708448924,72.13821947064298,72.14347879127857,72.14844854214866,72.15312845860265,72.15751827598996,72.16161772966007,72.16542655496238,72.16894448724634,72.17217126186137,72.1751066141569,72.17775027948238,72.18010199318724,72.1821614906209,72.1839285071328,72.18540277807239,72.18658403878905,72.18747202463229,72.18806647095147,72.18836711309606,72.1883736864155,72.18808592625922,72.18750356797662,72.1866263469172,72.18545399843032,72.18398625786543,72.18222286057201,72.18016354189945,72.17780803719717,72.17515608181466,72.17220741110131,72.16896176040655,72.16541886507983,72.1615784604706,72.15744028192825,72.15300406480225,72.148269544442,72.14323646611513,72.13790603175508,72.13228242207586,72.1263701818987,72.12017385604494,72.11369798933589,72.10694712659284,72.09992581263708,72.09263859228992,72.08509001037268,72.07728461170663,72.06922694111307,72.06092154341334,72.05237296342872,72.04358574598052,72.03456443589002,72.02531357797855,72.01583771706737,72.00614139797784,71.99622916553122,71.98610556454884,71.97577513985195,71.96524243626192,71.9545119986,71.9435883716875,71.93247610034575,71.92117972939604,71.90970380365965,71.89805286795792,71.88623146711211,71.87424414594355,71.86209544927354,71.84978992192336,71.83733210871435,71.82472655446776,71.81197780400493,71.79909040214716,71.78606889371574,71.772917823532,71.7596417364172,71.74624517719263,71.73273269067965,71.71910882169956,71.70537811507359,71.69154511562311,71.6776143681694,71.66359041753375,71.64947780853748,71.6352810860019,71.62100479474827,71.60665347959792,71.59223168537218,71.5777439568923,71.5631948389796,71.5485888764554,71.53393061414098,71.51922459685764,71.5044753694267
70.4241423042618,70.44536312971755,70.46650827508022,70.48757390269344,70.50855617490076,70.52945125404575,70.55025530247202,70.57096448252311,70.59157495654262,70.6120828868741,70.63248443586116,70.65277576584734,70.67295303917624,70.69301241819142,70.71295006523647,70.73276214265495,70.75244481279046,70.77199423798656,70.79140658058682,70.81067800293482,70.82980466737415,70.84878273624837,70.86760837190104,70.88627773667578,70.90478699291614,70.92313230296568,70.94130982916802,70.95931573386669,70.9771461794053,70.99479732812739,71.01226534237657,71.0295463844964,71.04663661683044,71.06353220172231,71.08022930151554,71.09672407855373,71.11301269518046,71.1290913137393,71.14495609657381,71.16060320602757,71.17602880444419,71.1912290541672,71.20620011754019,71.22093815690675,71.23543933461046,71.24969981299486,71.26371575440356,71.27748332118013,71.29099867566813,71.30425798021115,71.31725739715276,71.32999308883655,71.34246121760606,71.3546579458049,71.36657943577663,71.37822184986484,71.3895813504131,71.40065409976496,71.41143626026404,71.42192399425387,71.43211346407807,71.44200086081564,71.45158479796316,71.46086811221238,71.46985406440685,71.47854591539011,71.48694692600573,71.49506035709726,71.50288946950825,71.51043752408228,71.51770778166286,71.5247035030936,71.53142794921803,71.5378843808797,71.54407605892217,71.550006244189,71.55567819752375,71.56109517976996,71.56626045177121,71.57117727437104,71.575848908413,71.58027861474065,71.58446965419755,71.58842528762726,71.59214877587333,71.59564337977932,71.59891236018878,71.60195897794526,71.60478649389233,71.60739816887354,71.60979726373245,71.61198703931261,71.61397075645758,71.6157516760109,71.61733305881616,71.61871816571687,71.61991025755663,71.62091259517896,71.62172843942746,71.62236105114563,71.62281369117707,71.62308962036532,71.62319209955392,71.62312438958647,71.62288975130647,71.62249144555751,71.62193273318314,71.62121687502692,71.6203471319324,71.61932676474314,71.61815903430268,71.61684720145459,71.61539452704244,71.61380427190976,71.61207969690011,71.61022406285706,71.60824063062415,71.60613266104495,71.603903414963,71.60155615322188,71.59909413666512,71.59652062613628,71.59383883298457,71.59105116336077,71.58815936876762,71.58516518172848,71.58207033476675,71.57887656040583,71.57558559116909,71.57219915957991,71.5687189981617,71.56514683943784,71.56148441593172,71.55773346016673,71.55389570466625,71.54997288195366,71.54596672455239,71.54187896498577,71.53771133577723,71.53346556945014,71.5291433985279,71.52474655553391,71.52027677299152,71.51573578342413,71.51112531935516,71.50644711330796,71.50170289780594,71.49689440537247,71.49202336853097,71.48709151980479,71.48210059171734,71.47705231679201,71.47194842755218,71.46679065652123,71.46158073622257,71.45632039917957,71.45101137791563,71.44565540495414,71.44025421281849,71.43480953403204,71.4293231011182,71.42379664660037,71.41823190300191,71.41263060284624,71.40699447865671,71.40132526295675,71.3956246882697,71.389894487119,71.38413639202801,71.37835213552012,71.37254345011871,71.3667120683472,71.36085972272895,71.35498814578735,71.34909907004578,71.34319422802766,71.33727535225636,71.33134417525525,71.32540242954776,71.31945184765725
70.51044649854767,70.53872517491558,70.56687095854576,70.59487868192991,70.62274317755971,70.65045927792686,70.67802181552304,70.70542562283997,70.73266553236931,70.75973637660277,70.78663298803205,70.81335019914883,70.83988284244481,70.86622575041167,70.89237375554113,70.91832169032486,70.94406438725456,70.96959667882193,70.99491339751864,71.02000937583641,71.04487944626693,71.06951844130187,71.09392119343293,71.11808253515184,71.14199729895024,71.16566031731986,71.18906642275238,71.21221044773948,71.23508722477288,71.25769158634425,71.28001836494529,71.30206239306771,71.32381850320317,71.3452815278434,71.36644629948006,71.38730765060485,71.40786041370949,71.42809942128564,71.44801950582502,71.46761549981929,71.48688223576016,71.50581454613935,71.52440726344851,71.54265522017936,71.56055324882357,71.57809618187285,71.5952788518189,71.6120960911534,71.62854273236805,71.64461360795453,71.66030355040455,71.6756073922098,71.69051996586195,71.70503610385272,71.7191506386738,71.73285840281686,71.74615422877363,71.75903294903577,71.77148939609499,71.783518402443,71.79511480057144,71.806273426071,71.8169918844057,71.82727564411404,71.83713155952529,71.84656648496872,71.85558727477361,71.86420078326921,71.87241386478479,71.88023337364962,71.88766616419295,71.89471909074406,71.90139900763221,71.90771276918667,71.9136672297367,71.91926924361158,71.92452566514056,71.92944334865291,71.9340291484779,71.9382899189448,71.94223251438287,71.94586378912136,71.94919059748956,71.95221979381672,71.95495823243213,71.95741276766503,71.9595902538447,71.96149754530039,71.96314149636137,71.96452896135693,71.96566679461631,71.96656185046879,71.96722098324362,71.96765104727008,71.96785889687743,71.96785138639494,71.96763537015187,71.9672177024775,71.96660523770107,71.96580483015187,71.96482333415915,71.96366760405219,71.96234449416025,71.96086085881258,71.95922355233847,71.95743942906718,71.95551534332796,71.9534581494501,71.95127470176286,71.94897185459548,71.94655646227726,71.94403537913743,71.94141545950531,71.9387035577101,71.93590652808112,71.93303122494761,71.93008450263883,71.92707321548407,71.92400421781258,71.92088436395363,71.91772050823647,71.9145195049904,71.91128819564494,71.90803152706609,71.90475057186917,71.90144592910549,71.89811819782635,71.89476797708309,71.89139586592698,71.88800246340936,71.88458836858153,71.88115418049482,71.8777004982005,71.8742279207499,71.87073704719435,71.86722847658514,71.86370280797357,71.86016064041098,71.85660257294866,71.85302920463792,71.84944113453007,71.84583896167644,71.84222328512831,71.83859470393702,71.83495381715386,71.83130122383015,71.8276375230172,71.82396331376631,71.82027919512882,71.816585766156,71.81288362589918,71.80917337340968,71.80545560773878,71.80173092793783,71.79799993305811,71.79426322215095,71.79052139426763,71.7867750484595,71.78302478377785,71.77927119927399,71.77551489399924,71.77175646700489,71.76799651734228,71.7642356440627,71.76047444621746,71.75671352285788,71.75295347303525,71.74919489580091,71.74543839020616,71.7416845553023,71.73793399014065,71.73418729377251,71.7304450652492,71.72670790362203,71.7229764079423,71.71925117726134,71.71553281063045,71.71182190710093,71.7081190657241,71.70442488555129
70.78820145993338,70.80701815094334,70.82572464421034,70.84431797190487,70.86279516619746,70.88115325925858,70.89938928325874,70.91750027036846,70.93548325275823,70.95333526259854,70.97105333205991,70.98863449331284,71.00607577852782,71.02337421987536,71.04052684952596,71.05753069965012,71.07438280241834,71.09108019000114,71.107619894569,71.12399894829242,71.14021438334193,71.156263231888,71.17214252610115,71.18784929815187,71.20338058021069,71.21873340444807,71.23390480303455,71.24889180814061,71.26369145193675,71.27830076659349,71.29271678428131,71.30693653717073,71.32095705743224,71.33477537723634,71.34838852875356,71.36179354415435,71.37498745560927,71.38796729528877,71.4007300953634,71.41327288800363,71.42559270537997,71.43768657966291,71.44955154302298,71.46118462763066,71.47258286565645,71.48374328927086,71.4946629306444,71.50533882194756,71.51576799535084,71.52594748302475,71.5358743171398,71.54554552986647,71.55495815337527,71.56410921983671,71.57299576142128,71.5816148102995,71.58996339864186,71.59803855861885,71.60583732240099,71.61335672215878,71.62059379006271,71.62754653644689,71.63421705922572,71.64060852387779,71.64672409588478,71.65256694072843,71.65814022389046,71.66344711085259,71.66849076709651,71.67327435810398,71.6778010493567,71.68207400633639,71.68609639452478,71.68987137940357,71.69340212645449,71.69669180115925,71.69974356899958,71.70256059545719,71.7051460460138,71.70750308615114,71.70963488135092,71.71154459709486,71.71323539886467,71.71471045214209,71.71597292240882,71.71702597514658,71.71787277583711,71.71851648996211,71.7189602830033,71.71920732044241,71.71926076776114,71.71912379044122,71.71879955396437,71.71829122381232,71.71760196546676,71.71673494440942,71.71569332612205,71.71448027608633,71.71309895978399,71.71155254269675,71.70984419030634,71.70797706809446,71.70595434154285,71.70377917613321,71.70145473734726,71.69898419066674,71.69637070157334,71.6936174355488,71.69072755807484,71.68770423463316,71.68455063070549,71.68126991177355,71.67786524331906,71.67433979082374,71.67069671976931,71.66693919563748,71.66307038390997,71.6590934500685,71.6550115595948,71.65082787797058,71.64654557067756,71.64216758151434,71.63769588645577,71.63313219742767,71.6284782263499,71.62373568514226,71.6189062857246,71.61399174001676,71.60899375993856,71.60391405740984,71.59875434435041,71.59351633268014,71.58820173431883,71.58281226118632,71.57734962520246,71.57181553828705,71.56621171235996,71.560539859341,71.55480169115,71.5489989197068,71.54313325693124,71.53720641474314,71.53122010506233,71.52517603980864,71.51907593090192,71.512921490262,71.5067144298087,71.50045646146185,71.49414929714129,71.48779464876685,71.48139422825837,71.47494974753567,71.4684629185186,71.46193545312697,71.45536906328063,71.44876546089941,71.44212635790313,71.43545346621163,71.42874849774475,71.42201316442231,71.41524917816415,71.40845825089009,71.40164209451997,71.39480242097363,71.38794094217091,71.38105937003162,71.37415941647559,71.36724279342268,71.36031121279271,71.35336638650548,71.34641002648088,71.33944384463871,71.33246955289879,71.32548886318098,71.3185034874051,71.31151513749097,71.30452552535844,71.29753636292733,71.2905493621175,71.28356623484875
70.57280361919055,70.5945649943996,70.61627435987194,70.6379270733299,70.65951849249583,70.68104397509202,70.70249887884083,70.72387856146457,70.74517838068556,70.76639369422611,70.78751985980855,70.80855223515522,70.82948617798843,70.85031704603048,70.87104019700377,70.89165098863052,70.91214477863315,70.9325169247339,70.95276278465516,70.97287771611923,70.99285707684842,71.01269622456508,71.03239051699148,71.05193531185,71.07132596686296,71.09055783975265,71.1096262882414,71.12852667005157,71.14725434290546,71.16580466452535,71.18417299263365,71.20235468495261,71.2203450992046,71.23813959311192,71.2557335243969,71.27312225078185,71.29030112998913,71.30726551974104,71.3240107777599,71.340532261768,71.35682532948772,71.37288533864137,71.38870764695127,71.40428761213974,71.41962059192912,71.43470194404168,71.4495270261998,71.46409119612579,71.47838981154194,71.49241823017064,71.50617180973416,71.51964590795484,71.53283588255499,71.54573709125694,71.55834489178304,71.57065464185558,71.5826616991969,71.5943614215293,71.60574916657515,71.61682029205673,71.62757015569639,71.63799413844652,71.64808957957013,71.65785723241058,71.66729819320042,71.6764135581723,71.68520442355876,71.69367188559244,71.70181704050594,71.70964098453183,71.71714481390273,71.72432962485121,71.73119651360992,71.73774657641141,71.74398090948833,71.7499006090732,71.7555067713987,71.76080049269737,71.76578286920184,71.77045499714472,71.77481797275857,71.77887289227601,71.78262085192964,71.78606294795205,71.78920027657585,71.79203393403361,71.79456501655798,71.79679462038152,71.79872384173683,71.80035377685653,71.80168552197321,71.80272017331944,71.80345882712786,71.80390257963103,71.8040525270616,71.80390976565212,71.8034753916352,71.80275050124345,71.80173619070948,71.80043355626586,71.7988436941452,71.7969677005801,71.79480667180314,71.79236170404695,71.78963389354413,71.78662433652727,71.78333412922893,71.77976436788177,71.77591614871832,71.77179056797127,71.76738872187312,71.76271170665655,71.7577606185541,71.7525365537984,71.74704060862203,71.74127387925762,71.73523746193774,71.72893245289498,71.72235994836197,71.71552104457132,71.70841683775555,71.70104842414736,71.69341700381685,71.68552546611448,71.6773780738213,71.66897912953638,71.66033293585869,71.65144379538734,71.64231601072134,71.63295388445977,71.6233617192016,71.61354381754595,71.60350448209184,71.59324801543826,71.58277872018434,71.57210089892905,71.56121885427149,71.55013688881064,71.53885930514562,71.5273904058754,71.51573449359907,71.50389587091567,71.49187884042419,71.47968770472374,71.46732676641335,71.45480032809203,71.44211269235888,71.42926816181287,71.41627103905307,71.40312562667856,71.38983622728833,71.37640714348149,71.362842677857,71.34914713301396,71.3353248115514,71.32138001606836,71.30731704916388,71.293140213437,71.27885381148678,71.26446214591226,71.24996951931246,71.23538023428645,71.22069859343324,71.2059288993519,71.19107545464149,71.17614256190103,71.16113452372954,71.14605564272611,71.13091022148976,71.1157025626195,71.10043696871443,71.08511774237357,71.06974918619596,71.05433560278064,71.03888129472665,71.02339056463308,71.00786771509888,70.99231704872318,70.97674286810499,70.96114947584334
70.9750544351307,70.99048908238021,71.00584430167083,71.02111792867888,71.03630779908062,71.05141174855237,71.06642761277043,71.08135322741107,71.09618642815062,71.11092505066534,71.12556693063156,71.14010990372557,71.15455180562365,71.16889047200212,71.18312373853725,71.19724944090535,71.21126541478272,71.22516949584566,71.23895951977045,71.2526333222334,71.2661887389108,71.27962360547896,71.29293575761415,71.3061230309927,71.31918326129087,71.33211428418498,71.34491393535133,71.35758005046621,71.37011046520591,71.38250301524674,71.39475553626498,71.40686586393694,71.41883183393891,71.43065128194719,71.44232204363807,71.45384195468786,71.46520885077284,71.47642056756932,71.4874749407536,71.49836980600195,71.5091029989907,71.51967235539612,71.53007571089452,71.54031090116219,71.55037576187544,71.56026812871055,71.56998583734384,71.57952672345156,71.58888862271007,71.59806937079561,71.60706680338451,71.61587875615307,71.62450306477756,71.63293756493428,71.64118009229955,71.64922848254965,71.65708057136088,71.66473419440953,71.67218718737192,71.67943738592432,71.68648262574304,71.69332074305721,71.69995006824213,71.7063703344476,71.71258152204882,71.71858361142102,71.72437658293943,71.72996041697925,71.73533509391572,71.74050059412407,71.7454568979795,71.75020398585724,71.75474183813252,71.75907043518055,71.76318975737655,71.76709978509575,71.77080049871337,71.77429187860464,71.77757390514476,71.78064655870897,71.78350981967249,71.78616366841054,71.78860808529832,71.79084305071109,71.79286854502405,71.79468454861242,71.79629104185143,71.7976880051163,71.79887541878225,71.79985326322449,71.80062151881826,71.80118016593879,71.80152918496127,71.80166855626094,71.80159826021301,71.80131827719273,71.8008285875753,71.80012917173593,71.79922001004988,71.79810108289233,71.79677237063854,71.79523385366369,71.79348551234303,71.79152732705178,71.78935927816515,71.78698134605837,71.78439351110667,71.78159575368525,71.77858805416935,71.77537039293418,71.77194275035498,71.76830510680695,71.76445744266532,71.76039973830531,71.75613197410215,71.75165413043105,71.74696618766724,71.74206812618594,71.73695992636236,71.73164156857175,71.7261130331893,71.72037430059025,71.71442535865563,71.7082672976352,71.70190346204602,71.69533747195263,71.68857294741953,71.68161350851123,71.6744627752923,71.6671243678272,71.65960190618048,71.65189901041667,71.64401930060028,71.63596639679581,71.6277439190678,71.61935548748076,71.61080472209923,71.6020952429877,71.59323067021072,71.58421462383278,71.57505072391842,71.56574259053217,71.55629384373852,71.546708103602,71.53698899018714,71.52714012355845,71.51716512378046,71.50706761091767,71.49685120503463,71.48651952619583,71.4760761944658,71.46552482990909,71.45486905259017,71.44411248257357,71.43325873992384,71.42231144470549,71.41127421698302,71.40015067682096,71.38894444428382,71.37765913943615,71.36629838234244,71.35486579306723,71.34336499167503,71.33179959823035,71.32017323279773,71.30848951544166,71.2967520662267,71.28496450521735,71.27313045247811,71.26125352807354,71.24933735206812,71.2373855445264,71.2254017255129,71.2133895150921,71.20135253332857,71.18929440028681,71.17721873603132,71.16512916062665,71.1530292941373,71.1409227566278
70.98365519453701,71.0011205017998,71.01851159513603,71.03582447918987,71.05305515860543,71.07019963802685,71.08725392209826,71.10421401546378,71.12107592276759,71.13783564865376,71.15448919776648,71.17103257474986,71.18746178424803,71.20377283090514,71.21996171936532,71.23602445427268,71.25195704027139,71.26775548200555,71.28341578411934,71.29893395125684,71.31430598806223,71.32952789917961,71.34459568925314,71.35950536292694,71.37425292484514,71.38883437965188,71.4032457319913,71.41748298650754,71.43154214784472,71.44541922064697,71.45911020955845,71.47261111922326,71.48591795428555,71.49902671938946,71.51193341917912,71.52463405829866,71.53712464139223,71.54940117310394,71.56145965807794,71.57329610095836,71.58490650638933,71.596286879015,71.60743322347949,71.61834154442693,71.62900784650147,71.63942813434723,71.64959841260836,71.65951468592897,71.66917295895321,71.67856923632522,71.68769952268913,71.69655982268907,71.70514614096916,71.71345448217356,71.72148085094639,71.72922125193179,71.7366716897739,71.74382816911684,71.75068669460475,71.75724327088176,71.76349390259202,71.76943463229104,71.77506469849006,71.78038891146662,71.78541264109234,71.7901412572388,71.79458012977764,71.79873462858045,71.80261012351882,71.80621198446437,71.8095455812887,71.81261628386342,71.81542946206014,71.81799048575043,71.82030472480594,71.82237754909823,71.82421432849895,71.82582043287968,71.82720123211202,71.82836209606758,71.82930839461797,71.83004549763479,71.83057877498963,71.83091359655413,71.83105533219987,71.83100935179844,71.83078102522148,71.83037572234058,71.82979881302732,71.82905566715336,71.82815165459024,71.8270921452096,71.82588250888305,71.82452811548218,71.8230343348786,71.82140653694391,71.81965009154972,71.81777036856764,71.81577273786925,71.81366256932618,71.81144523281002,71.80912609819238,71.80671053534488,71.8042039141391,71.80161160444665,71.79893897613913,71.79619139908816,71.79337424316535,71.79049287824228,71.78755267419056,71.7845590008818,71.78151722818761,71.7784327259796,71.77531086412935,71.77215701250849,71.7689765409886,71.7657748194413,71.7625572177382,71.7593291057509,71.75609585335098,71.75286283041008,71.7496354067998,71.74641876989875,71.74321513820144,71.74002431641905,71.73684603928328,71.73368004152579,71.73052605787825,71.72738382307237,71.72425307183981,71.72113353891226,71.71802495902138,71.71492706689887,71.7118395972764,71.70876228488564,71.70569486445828,71.702637070726,71.69958863842047,71.69654930227337,71.6935187970164,71.6904968573812,71.68748321809949,71.68447761390291,71.68147977952317,71.67848944969194,71.6755063591409,71.67253024260171,71.66956083480608,71.66659787048566,71.66364108437216,71.66069021119722,71.65774498569256,71.65480514258984,71.65187041662072,71.64894054251691,71.64601525501007,71.64309428883189,71.64017737871404,71.6372642593882,71.63435466558607,71.6314483320393,71.62854499347958,71.62564438463858,71.62274624024799,71.6198502950395,71.61695628374477,71.61406394109548,71.61117300182332,71.60828320065995,71.60539427233707,71.60250595158635,71.59961797313947,71.59673007172812,71.59384198208394,71.59095343893866,71.58806417702392,71.58517393107142,71.58228243581284,71.57938942597985,71.57649463630413
70.39680124119943,70.4184186565638,70.43996324578828,70.46143066972907,70.48281658924239,70.50411666518444,70.52532655841145,70.54644192977963,70.56745844014519,70.58837175036433,70.60917752129329,70.62987141378825,70.65044908870544,70.67090620690107,70.69123842923136,70.7114414165525,70.73151082972073,70.75144232959227,70.77123157702329,70.79087423287002,70.8103659579887,70.82970241323551,70.84887925946667,70.86789215753839,70.8867367683069,70.9054087526284,70.92390377135911,70.94221748535523,70.96034555547297,70.97828364256856,70.9960274074982,71.01357251111811,71.0309146142845,71.04804937785357,71.06497246268157,71.08167952962467,71.09816623953908,71.11442825328106,71.13046123170679,71.14626083567248,71.16182272603434,71.17714256364862,71.19221600937148,71.20703872405916,71.22160636856788,71.23591460375384,71.24995909047324,71.26373548958233,71.27723946193728,71.29046666839433,71.30341276980968,71.31607342703956,71.32844430094016,71.3405210523677,71.35229934217841,71.36377483122847,71.37494318037412,71.38580005047156,71.396341102377,71.40656199694666,71.41645839503676,71.42602598730194,71.43526297642566,71.44417194451297,71.45275591351121,71.46101790536767,71.46896094202967,71.47658804544453,71.48390223755958,71.49090654032209,71.49760397567941,71.50399756557886,71.51009033196773,71.51588529679334,71.52138548200303,71.52659390954408,71.53151360136383,71.53614757940957,71.54049886562863,71.54457048196834,71.548365450376,71.55188679279891,71.5551375311844,71.55812068747979,71.56083928363239,71.5632963415895,71.56549488329846,71.56743793070656,71.56912850576114,71.5705696304095,71.57176432659894,71.5727156162768,71.57342652139039,71.57390006388701,71.574139265714,71.57414714881864,71.57392673514828,71.57348104665022,71.57281310527176,71.57192593296024,71.57082255166296,71.56950598332723,71.56797924990038,71.56624537332972,71.56430737556255,71.56216827854621,71.559831104228,71.55729887455523,71.55457461147522,71.55166133693528,71.54856207288275,71.5452798412649,71.54181766402908,71.5381785631226,71.53436556049277,71.5303816780869,71.5262299378523,71.5219133617363,71.51743497168621,71.51279778964934,71.50800483757301,71.50305913740452,71.49796369234798,71.49272120068362,71.48733411278029,71.4818048718195,71.47613592098277,71.4703297034516,71.4643886624075,71.45831524103198,71.45211188250656,71.44578103001272,71.439325126732,71.4327466158459,71.42604794053592,71.41923154398357,71.41229986937037,71.40525535987783,71.39810045868745,71.39083760898073,71.38346925393921,71.37599783674436,71.36842580057773,71.36075558862078,71.35298964405506,71.34513041006207,71.3371803298233,71.32914184652029,71.32101740333452,71.31280944344752,71.30452041004078,71.29615274629583,71.28770889539418,71.27919130051731,71.27060240484674,71.26194465156401,71.25322048385058,71.244432344888,71.23558267785775,71.22667392594137,71.21770853232033,71.20868894017617,71.1996175926904,71.1904969330445,71.18132940442001,71.17211744999842,71.16286351296124,71.15357003649,71.14423946376618,71.1348742379713,71.12547680228688,71.11604959989441,71.10659507397543,71.0971156677114,71.08761382428388,71.07809198687436,71.06855259866433,71.0589981028353,71.04943094256882,71.03985356104637
70.92418977152091,70.93926746711287,70.95432718193884,70.96936555569938,70.9843792280951,70.99936483882654,71.01431902759428,71.0292384340989,71.04411969804097,71.05895945912107,71.07375435703976,71.08850103149761,71.10319612219521,71.11783626883313,71.13241811111193,71.1469382887322,71.1613934413945,71.17578020879941,71.19009523064749,71.20433514663932,71.21849659647549,71.23257621985655,71.24657065648309,71.26047654605567,71.27429052827488,71.28800924284126,71.30162932945541,71.3151474278179,71.32856017762931,71.34186421859019,71.35505619040113,71.3681327327627,71.38109048537548,71.39392608794003,71.40663618015692,71.41921740172674,71.43166639235005,71.44397979172743,71.45615423955945,71.4681863755467,71.4800728393897,71.49181027078909,71.5033953094454,71.51482459505922,71.52609476733112,71.53720246596166,71.54814433065144,71.55891700110101,71.56951711701095,71.57994131808182,71.59018624401423,71.60024853450872,71.61012482926587,71.61981176798626,71.62930599037045,71.63860413611904,71.64770284493257,71.65659875651164,71.66528851055679,71.67376874676863,71.68203610484771,71.69008724229073,71.69792031681794,71.70553610161004,71.71293563252843,71.72011994543456,71.7270900761899,71.73384706065586,71.7403919346939,71.74672573416547,71.752849494932,71.75876425285493,71.76447104379572,71.76997090361581,71.77526486817665,71.78035397333964,71.78523925496629,71.78992174891799,71.79440249105622,71.7986825172424,71.80276286333797,71.8066445652044,71.81032865870311,71.81381617969555,71.81710816404318,71.82020564760741,71.82310966624972,71.82582125583153,71.82834145221429,71.83067129125943,71.83281180882842,71.8347640407827,71.8365290229837,71.83810779129286,71.83950138157162,71.84071082968146,71.84173717148379,71.84258144284006,71.8432446796117,71.84372791766019,71.84403219284695,71.84415854103342,71.84410799808106,71.8438815998513,71.84348038220558,71.84290538100535,71.84215763211206,71.84123817138715,71.84014803469206,71.83888825788824,71.83745987683712,71.83586392740015,71.83410144543879,71.83217346681447,71.83008102738862,71.82782516302271,71.82540690957815,71.82282730291642,71.82008737889895,71.81718817338717,71.81413072224254,71.8109160613265,71.8075452698808,71.80402013287942,71.8003430090756,71.7965162738575,71.79254230261323,71.78842347073086,71.78416215359853,71.77976072660434,71.7752215651364,71.77054704458283,71.76573954033171,71.76080142777118,71.75573508228933,71.75054287927429,71.74522719411415,71.73979040219703,71.73423487891102,71.72856299964427,71.72277713978484,71.71687967472087,71.71087297984046,71.70475943053172,71.69854140218276,71.69222127018169,71.68580140991662,71.67928419677567,71.67267200614693,71.6659672134185,71.65917219397852,71.65228932321509,71.6453209765163,71.63826952927027,71.63113735686512,71.62392683468896,71.6166403381299,71.60928024257602,71.60184892341546,71.59434875603631,71.5867821158267,71.57915137817471,71.57145891846848,71.5637071120961,71.55589833444569,71.54803496090535,71.5401193668632,71.53215392770733,71.52414101882587,71.51608301560692,71.5079822934386,71.499841227709,71.49166219380625,71.48344756711843,71.47519972303368,71.4669210369401,71.45861388422578,71.45028064027886,71.44192368048743,71.43354538023961
70.91757532099615,70.93950097179778,70.9613291106938,70.98305339935317,71.00466749944484,71.02616507263775,71.04753978060091,71.06878528500326,71.08989524751375,71.11086332980136,71.13168319353504,71.15234850038374,71.17285291201644,71.1931900901021,71.21335369630968,71.23333739230813,71.25313483976642,71.27273970035351,71.29214563573836,71.31134630758993,71.3303353775772,71.3491065073691,71.36765335863461,71.38596959304269,71.4040488722623,71.42188485796238,71.43947121181193,71.45680159547989,71.47386967063522,71.4906690989469,71.50719354208385,71.52343666171508,71.53939211950951,71.55505357713614,71.5704146962639,71.58546913856175,71.60021056569867,71.61463263934363,71.62872902116555,71.64249337283344,71.65591935601623,71.66900063238289,71.68173086360238,71.69410371134366,71.7061128372757,71.71775190306744,71.72901457038786,71.73989450090593,71.7503853562906,71.7604807982108,71.77017448833554,71.77946008833376,71.78833125987443,71.7967816646265,71.80480496425892,71.81239482044067,71.81954489484073,71.82624884912802,71.83250034497152,71.8382930440402,71.84362060800301,71.84847695143213,71.85286293657362,71.85678706655096,71.86025823642485,71.86328534125602,71.86587727610514,71.86804293603292,71.86979121610005,71.87113101136724,71.87207121689518,71.87262072774458,71.87278843897612,71.8725832456505,71.87201404282845,71.87108972557064,71.86981918893777,71.86821132799054,71.86627503778966,71.86401921339582,71.86145274986973,71.85858454227207,71.85542348566354,71.85197847510486,71.84825840565671,71.84427217237979,71.8400286703348,71.83553679458245,71.83080544018343,71.82584350219844,71.82065987568816,71.81526345571332,71.80966313733461,71.80386781561272,71.79788638560834,71.7917277423822,71.78540078099496,71.77891439650735,71.77227748398005,71.76549893847377,71.75858765504921,71.75155252876705,71.74440245468801,71.73714632787278,71.72979304338206,71.72235149627654,71.71483058161694,71.70723919446394,71.69958622987824,71.69188058292055,71.68413114865155,71.67634682213196,71.66853649842245,71.66070907258376,71.65287343967655,71.64503849476155,71.63721313289945,71.62940624915092,71.6216267385767,71.61388349623745,71.6061854171939,71.59854139650673,71.59095912074808,71.58344025705041,71.57598460203783,71.5685919517473,71.56126210221571,71.55399484948003,71.54678998957718,71.5396473185441,71.5325666324177,71.52554772723492,71.5185903990327,71.51169444384797,71.50485965771767,71.49808583667871,71.49137277676805,71.48472027402259,71.47812812447928,71.47159612417505,71.46512406914682,71.45871175543155,71.45235897906615,71.44606553608756,71.4398312225327,71.43365583443851,71.42753916784193,71.42148101877989,71.4154811832893,71.40953945740712,71.40365563717026,71.39782951861567,71.39206089778027,71.38634957070099,71.38069533341476,71.37509798195853,71.36955731236922,71.36407312068377,71.3586452029391,71.35327335517213,71.34795737341983,71.3426970537191,71.33749219210688,71.33234258462011,71.32724802729571,71.32220831617062,71.31722324728177,71.31229261666608,71.30741622036051,71.30259385440196,71.29782531482739,71.29311039767371,71.28844889897786,71.28384061477676,71.27928534110738,71.2747828740066,71.2703330095114,71.26593554365868,71.26159027248538,71.25729699202843
70.49458958050991,70.52206391932249,70.54939717427031,70.57658468859823,70.60362180555109,70.63050386837372,70.65722622031097,70.68378420460769,70.71017316450872,70.73638844325889,70.76242538410305,70.78827933028606,70.81394562505272,70.83941961164793,70.86469663331648,70.88977203330325,70.91464115485306,70.93929934121077,70.96374193562121,70.98796428132923,71.01196172157965,71.03572959961735,71.05926325868715,71.0825580420339,71.10560929290244,71.1284123545376,71.15096257018425,71.17325528308722,71.19528583649134,71.21704957364146,71.23854183778245,71.25975797215911,71.2806933200163,71.30134322459887,71.32170302915166,71.34176807691951,71.36153371114726,71.38099527507975,71.40014811196184,71.41898756503835,71.43750897755415,71.45570769275405,71.47357905388291,71.49111840418558,71.50832108690689,71.52518244529169,71.54169782258481,71.55786256203112,71.57367200687544,71.58912150036261,71.60420638573748,71.6189220062449,71.6332637051297,71.64722682563675,71.66080671101085,71.67399870449688,71.68679814933965,71.69920038878404,71.71120076607485,71.72279462445697,71.73397730717521,71.74474420063413,71.75509432963118,71.76503306206644,71.77456640290231,71.78370035710117,71.79244092962546,71.80079412543755,71.80876594949987,71.8163624067748,71.82358950222476,71.83045324081215,71.83695962749937,71.84311466724883,71.84892436502292,71.85439472578406,71.85953175449464,71.86434145611707,71.86882983561375,71.8730028979471,71.8768666480795,71.88042709097336,71.88369023159109,71.88666207489509,71.88934862584776,71.89175588941151,71.89388987054875,71.89575657422185,71.89736200539325,71.89871216902534,71.89981307008053,71.90067071352121,71.90129110430979,71.90168024740868,71.90184414778027,71.90178881038698,71.9015202401912,71.90104444215534,71.9003674212418,71.89949518241299,71.8984337306313,71.89718907085914,71.89576720805893,71.89417414719304,71.89241589322391,71.89049845111391,71.88842782582547,71.88621002232098,71.88385104556285,71.88135690051348,71.87873359213526,71.87598712539062,71.87312350524195,71.87014873665164,71.86706882458212,71.86388977399578,71.86061758985502,71.85725827712224,71.85381784075986,71.85030228573028,71.84671761699589,71.84306983951909,71.83936478552975,71.83560547716031,71.83179265185802,71.82792698083333,71.82400913529666,71.82003978645848,71.81601960552923,71.81194926371938,71.80782943223936,71.8036607822996,71.7994439851106,71.79517971188277,71.79086863382656,71.78651142215244,71.78210874807085,71.77766128279224,71.77316969752705,71.76863466348574,71.76405685187875,71.75943693391655,71.75477558080956,71.75007346376825,71.74533125400305,71.74054962272443,71.73572924114283,71.7308707804687,71.7259749119125,71.72104230668467,71.71607363599564,71.71106957105589,71.70603078307585,71.70095794326596,71.69585172283671,71.69071279299851,71.68554182496183,71.68033948993711,71.6751064591348,71.66984340376536,71.6645509950392,71.65922990416684,71.65388080235866,71.64850436082514,71.64310125077674,71.63767214342388,71.63221770997704,71.62673862164664,71.62123554964316,71.61570916517701,71.61016013945869,71.6045891436986,71.59899684910721,71.59338392689497,71.58775104827234,71.58209888444975,71.57642810663766,71.57073938604651,71.56503339388676,71.55931080136887
70.55062139032762,70.57391017890771,70.59711835531357,70.62024100570359,70.64327321623617,70.66621007306966,70.68904666236249,70.71177807027304,70.73439938295971,70.75690568658086,70.77929206729493,70.80155361126029,70.82368540463531,70.84568253357841,70.86754008424796,70.88925314280237,70.91081679540002,70.93222612819932,70.95347622735864,70.97456217903635,70.99547906939091,71.01622198458065,71.03678601076399,71.0571662340993,71.07735774074499,71.09735561685946,71.11715494860107,71.13675082212823,71.15613832359935,71.17531253917278,71.19426855500694,71.21300145726022,71.23150633209102,71.2497782656577,71.26781234411867,71.28560365363232,71.30314728035705,71.32043831045124,71.33747183007328,71.35424292538157,71.3707466825345,71.38697818769046,71.40293252700783,71.41860478664503,71.43399005276044,71.44908341151242,71.46387994905939,71.47837475155976,71.49256290517188,71.50643949605416,71.519999610365,71.53323833426279,71.54615075390589,71.55873195545274,71.5709770250617,71.58288104889118,71.59443911309955,71.60564630384522,71.61649770728656,71.62698840958198,71.63711349688987,71.64686805841136,71.65624990297582,71.665264559852,71.67391891896136,71.68221987022532,71.69017430356536,71.69778910890288,71.70507117615935,71.71202739525623,71.71866465611492,71.72498984865692,71.7310098628036,71.73673158847649,71.74216191559697,71.74730773408649,71.75217593386651,71.75677340485848,71.76110703698384,71.76518372016403,71.76901034432049,71.77259379937466,71.775940975248,71.77905876186193,71.78195404913794,71.78463372699741,71.78710468536184,71.78937381415264,71.79144800329126,71.79333414269917,71.79503912229777,71.79656983200853,71.7979331617529,71.7991360014523,71.8001852410282,71.80108777040203,71.80185047949523,71.80248025822925,71.80298399652554,71.80336858430553,71.80364091149069,71.80380786800242,71.80387634376221,71.80385322869148,71.80374541271166,71.80355978574423,71.80330323771062,71.80298265853224,71.8026049381306,71.80217696642708,71.80170563334316,71.80119782880027,71.80066044271987,71.80010036502338,71.79952448563228,71.79893969446796,71.7983528814519,71.79777093650554,71.79720074955034,71.79664921050771,71.79612320929911,71.79562963584598,71.79517536551039,71.79476513533712,71.79439930966088,71.79407771832385,71.79380019116823,71.7935665580362,71.79337664876994,71.79323029321162,71.79312732120343,71.79306756258754,71.79305084720615,71.79307700490142,71.79314586551556,71.7932572588907,71.79341101486908,71.79360696329286,71.7938449340042,71.7941247568453,71.79444626165835,71.79480927828553,71.79521363656899,71.79565916635093,71.79614569747355,71.79667305977901,71.7972410831095,71.7978495973072,71.79849843221429,71.79918741767295,71.79991638352536,71.80068515961369,71.80149357578014,71.8023414618669,71.80322864771613,71.80415496317002,71.80512023807074,71.80612430226049,71.80716698558143,71.80824811787576,71.80936752898565,71.81052504875328,71.81172050702085,71.81295373363052,71.81422455842448,71.8155328112449,71.81687832193398,71.8182609203339,71.81968043628683,71.82113669963496,71.82262954022045,71.82415878788552,71.82572427247231,71.82732582382303,71.82896327177984,71.83063644618494,71.8323451768805,71.8340892937087,71.83586862651174,71.83768300513177
71.11115789326469,71.12386313381438,71.13648381606049,71.1490174353354,71.1614614869714,71.17381346630086,71.1860708686561,71.19823118936948,71.21029192377331,71.22225056719995,71.23410461498173,71.24585156245098,71.25748890494005,71.26901413778126,71.28042475630697,71.2917182558495,71.30289213174119,71.3139438793144,71.32487099390144,71.33567097083466,71.34634130544639,71.35687949306897,71.36728302903475,71.37754940867606,71.38767612732524,71.39766068031462,71.40750056297654,71.41719327064332,71.42673629864734,71.43612714232091,71.44536329699638,71.45444225800608,71.46336152068234,71.4721185803575,71.48071093236392,71.48913607203392,71.49739149469983,71.50547469569399,71.51338317034876,71.52111441399646,71.52866592196942,71.5360351896,71.54321971222052,71.55021698516332,71.55702450376074,71.56363976334512,71.57006025924879,71.5762834868041,71.58230694134339,71.58812811819898,71.59374451270321,71.59915362018843,71.60435293598698,71.60933995543118,71.61411217385339,71.61866708658592,71.62300218896114,71.62711497631135,71.63100294396892,71.63466358726617,71.63809440153545,71.6412928842476,71.64425844428489,71.64699591661537,71.64951109250222,71.65180976320858,71.65389771999759,71.65578075413241,71.65746465687619,71.65895521949206,71.6602582332432,71.66137948939274,71.66232477920383,71.66309989393963,71.66371062486328,71.66416276323794,71.66446210032674,71.66461442739285,71.6646255356994,71.66450121650956,71.66424726108647,71.66386946069329,71.66337360659314,71.66276549004921,71.66205090232461,71.66123563468251,71.66032547838607,71.65932622469842,71.65824366488272,71.6570835902021,71.65585179191976,71.65455406129878,71.65319618960237,71.65178396809364,71.65032318803576,71.64881964069187,71.64727911732513,71.64570740919868,71.64411030757567,71.64249360371926,71.64086308889257,71.63922455435879,71.63758379138105,71.63594659122249,71.63431874514627,71.63270604441556,71.63111428029346,71.62954924404316,71.62801672692781,71.62652252021053,71.62507241515449,71.62367220302285,71.62232767507874,71.6210446225853,71.61982883680571,71.6186861090031,71.61762223044063,71.61664299238143,71.61575418608868,71.6149616028255,71.61427103385506,71.61368827044049,71.61321908784885,71.61286691201967,71.61263036468125,71.61250748032536,71.61249629344373,71.61259483852814,71.61280115007034,71.6131132625621,71.61352921049514,71.61404702836127,71.61466475065221,71.61538041185973,71.61619204647559,71.61709768899155,71.61809537389937,71.61918313569078,71.62035900885758,71.62162102789149,71.62296722728429,71.62439564152774,71.6259043051136,71.6274912525336,71.62915451827952,71.63089213684312,71.63270214271614,71.63458257039036,71.63653145435754,71.6385468291094,71.64062672913774,71.6427691889343,71.64497224299083,71.6472339257991,71.64955227185088,71.6519253156379,71.65435109165192,71.65682763438473,71.65935297832804,71.66192515797366,71.66454220781331,71.66720216233875,71.66990305604176,71.67264292341409,71.67541979894749,71.67823171713371,71.68107671246453,71.6839528194317,71.68685807252696,71.68979050624208,71.69274815506883,71.69572905349895,71.69873123602422,71.70175273713637,71.70479159132718,71.7078458330884,71.71091349691179,71.7139926172891,71.71708122871208,71.72017736567251
70.84396999153707,70.85869572266627,70.8733815154028,70.88802468630554,70.90262255193339,70.91717242884523,70.93167163359998,70.94611748275652,70.96050729287376,70.97483838051058,70.98910806222587,71.00331365457855,71.01745247412748,71.0315218374316,71.04551906104977,71.05944146154091,71.0732863554639,71.08705105937764,71.10073288984104,71.11432916341296,71.12783719665232,71.14125430611803,71.15457780836896,71.167805019964,71.18093325746207,71.19395983742206,71.20688207640286,71.21969729096337,71.23240279766247,71.24499591305907,71.25747395371206,71.26983423618036,71.28207407702283,71.29419079279837,71.3061817000659,71.31804411538431,71.32977535531248,71.34137273640931,71.3528335752337,71.36415518834454,71.37533489230073,71.38637000366117,71.39725783898474,71.40799571483036,71.41858094775691,71.4290108543233,71.43928275108838,71.44939395461111,71.45934178145035,71.46912354816499,71.47873657131395,71.4881781674561,71.49744565315034,71.50653634495559,71.51544755943073,71.52417661313464,71.53272082262623,71.54107750446441,71.54924397520804,71.55721755141606,71.56499554964734,71.5725752872322,71.57995477101599,71.58713396522877,71.59411317907072,71.60089272174197,71.60747290244274,71.61385403037318,71.62003641473345,71.62602036472371,71.63180618954416,71.63739419839496,71.64278470047627,71.64797800498826,71.65297442113109,71.65777425810495,71.66237782511001,71.66678543134643,71.67099738601436,71.67501399831401,71.67883557744553,71.68246243260907,71.68589487300481,71.68913320783295,71.69217774629362,71.69502879758701,71.69768667091328,71.70015167547261,71.70242412046517,71.70450431509111,71.70639256855061,71.70808919004385,71.70959448877099,71.71090877393219,71.71203235472763,71.71296554035747,71.7137086400219,71.71426196292109,71.71462581825517,71.71480051522435,71.71478636302878,71.71458367086863,71.71419274794408,71.7136139034553,71.71284744660244,71.71189368658568,71.7107529326052,71.70942549386115,71.70791167955372,71.70621179888306,71.70432616104935,71.70225507525276,71.69999885069345,71.6975577965716,71.69493222208737,71.69212243644095,71.68912874883249,71.68595146846215,71.68259090453013,71.67904736623657,71.67532116278166,71.67141260336555,71.66732200304871,71.66305053758505,71.65860114278661,71.65397696960387,71.64918116898735,71.64421689188752,71.63908728925489,71.63379551203992,71.62834471119314,71.622738037665,71.61697864240602,71.61106967636668,71.60501429049748,71.59881563574889,71.59247686307141,71.58600112341554,71.57939156773176,71.57265134697057,71.56578361208246,71.55879151401791,71.55167820372742,71.54444683216148,71.53710055027058,71.5296425090052,71.52207585931585,71.514403752153,71.50662933846716,71.49875576920881,71.49078619532844,71.48272376777655,71.47457163750362,71.46633295546015,71.45801087259662,71.44960853986352,71.44112910821136,71.4325757285906,71.42395155195177,71.41525972924534,71.40650341142178,71.39768574943162,71.38880989422532,71.37987899675338,71.3708962079663,71.36186467881456,71.35278756024866,71.34366800321907,71.33450915867631,71.32531417757085,71.31608621085319,71.30682840947382,71.29754392438322,71.2882359065319,71.27890750687033,71.26956187634902,71.26020216591844,71.2508315265291,71.24145310913148,71.23207006467608
70.81349816494188,70.83148800245861,70.84942546558035,70.86730688014794,70.88512857200215,70.9028868669838,70.92057809093374,70.93819856969274,70.95574462910166,70.97321259500127,70.99059879323241,71.00789954963588,71.0251111900525,71.04223004032309,71.05925242628847,71.07617467378942,71.0929931086668,71.1097040567614,71.12630384391403,71.14278879596552,71.15915523875667,71.17539949812829,71.19151789992121,71.20750676997623,71.22336243413419,71.23908121823587,71.25465944812211,71.2700934496337,71.28537954861149,71.30051407089626,71.31549334232884,71.33031368875004,71.34497143600066,71.35946290992155,71.3737844363535,71.38793234113732,71.40190295011384,71.41569258912386,71.42929758400821,71.44271426060769,71.4559389447631,71.4689679623153,71.48179763910507,71.49442430097322,71.50684427376058,71.51905388330796,71.53104945545618,71.54282731604604,71.55438379091838,71.56571520591397,71.57681788687367,71.58768815963828,71.59832235004859,71.60871678394544,71.61886778716963,71.62877168556199,71.63842480496332,71.64782347121445,71.65696401015617,71.66584274762933,71.67445600947471,71.68280012338151,71.69087306914449,71.69867751653041,71.70621696186825,71.71349490148698,71.72051483171556,71.72728024888298,71.73379464931817,71.74006152935013,71.74608438530781,71.75186671352017,71.7574120103162,71.76272377202486,71.7678054949751,71.77266067549589,71.77729280991622,71.78170539456502,71.7859019257713,71.789885899864,71.7936608131721,71.79723016202455,71.80059744275033,71.8037661516784,71.80673978513774,71.8095218394573,71.81211581096606,71.81452519599299,71.81675349086703,71.81880419191718,71.82068079547238,71.82238679786163,71.82392569541386,71.82530098445805,71.82651616132318,71.82757472233821,71.8284801638321,71.82923598213382,71.82984567357235,71.83031273447664,71.83064066117565,71.83083294999838,71.83089309727376,71.83082459933078,71.8306309524984,71.83031565310559,71.82988219748131,71.82933408195454,71.82867480285422,71.82790785650936,71.82703673924888,71.82606494740179,71.82499597729702,71.82383332526356,71.82258048763038,71.82124096072643,71.81981824088068,71.8183158244221,71.81673720767967,71.81508588698233,71.81336535865907,71.81157911903884,71.8097306595357,71.80782274971439,71.80585668300814,71.80383357241715,71.80175453094162,71.79962067158174,71.79743310733771,71.79519295120974,71.79290131619801,71.79055931530273,71.78816806152409,71.78572866786229,71.78324224731753,71.78070991289,71.77813277757991,71.77551195438745,71.77284855631282,71.77014369635623,71.76739848751784,71.76461404279789,71.76179147519656,71.75893189771404,71.75603642335054,71.75310616510626,71.75014223598137,71.74714574897611,71.74411781709065,71.7410595533252,71.73797207067994,71.7348564821551,71.73171390075085,71.72854543946738,71.72535221130492,71.72213532926364,71.71889590634376,71.71563505554546,71.71235388986895,71.7090535223144,71.70573506588205,71.70239963357209,71.69904833838469,71.69568229332006,71.6923026113784,71.68891040555991,71.68550678886479,71.68209287429323,71.67866977484543,71.67523860352159,71.67180047332192,71.66835649724659,71.66490778829582,71.6614554594698,71.65800062376873,71.6545443941928,71.65108788374222,71.64763220541717,71.64417847221787,71.6407277971445
70.33474135396315,70.36061250439055,70.38638772909376,70.412062729639,70.43763320759251,70.46309486452047,70.48844340198912,70.51367452156462,70.53878392481325,70.56376731330116,70.58862038859459,70.61333885225976,70.63791840586285,70.6623547509701,70.68664358914772,70.7107806219619,70.73476155097887,70.75858207776484,70.78223790388601,70.8057247309086,70.82903826039882,70.85217419392288,70.875128233047,70.89789607933737,70.92047343436022,70.94285599968175,70.96503947686818,70.98701956748573,71.0087919731006,71.030352395279,71.05169653558713,71.07282009559123,71.09371877685747,71.1143882809521,71.13482430944133,71.15502256389134,71.17497874586837,71.19468855693863,71.21414769866831,71.23335187262363,71.25229678037081,71.27097812347607,71.28939160350559,71.3075329220256,71.32539778060233,71.34298188080194,71.3602809241907,71.37729061233479,71.39400664680042,71.41042472915382,71.42654056096117,71.4423498437887,71.45784827920264,71.47303156876917,71.48789541405452,71.50243551662489,71.51664757804649,71.53052729988555,71.54407039587872,71.55727409958605,71.57013862202248,71.58266451991229,71.59485234997973,71.6067026689491,71.61821603354466,71.62939300049067,71.64023412651143,71.6507399683312,71.66091108267425,71.67074802626486,71.6802513558273,71.68942162808584,71.69825939976477,71.70676522758833,71.71493966828083,71.72278327856652,71.73029661516969,71.7374802348146,71.74433469422551,71.75086055012673,71.75705835924252,71.76292867829714,71.76847206401486,71.77368907311998,71.77858026233675,71.78314618838945,71.78738740800236,71.79130447789973,71.79489795480586,71.79816839544502,71.80111635654147,71.80374239481951,71.80604706700336,71.80803092981735,71.80969453998573,71.81103845423277,71.81206322928274,71.81276942185994,71.81315758868861,71.81322828649304,71.8129820719975,71.81241950192626,71.8115411330036,71.8103475219538,71.8088392255011,71.80701680036982,71.8048808032842,71.80243179096853,71.79967032014707,71.79659694754412,71.7932122298839,71.78951672389074,71.7855109862889,71.78119557380262,71.77657104315621,71.77163795107393,71.7663969548022,71.76085109364648,71.75500582854994,71.74886672889436,71.74243936406152,71.73572930343322,71.72874211639119,71.72148337231724,71.71395864059315,71.70617349060066,71.69813349172159,71.6898442133377,71.68131122483076,71.67254009558255,71.66353639497486,71.65430569238944,71.6448535572081,71.63518555881258,71.62530726658468,71.61522424990618,71.60494207815884,71.59446632072445,71.58380254698478,71.57295632632162,71.56193322811671,71.55073882175188,71.53937867660888,71.52785836206947,71.51618344751544,71.50435950232858,71.49239209589065,71.48028679758343,71.46804917678871,71.45568480288824,71.44319924526383,71.43059807329723,71.41788685637023,71.4050711638646,71.39215656516213,71.37914862964458,71.36605292669373,71.35287502569135,71.33962049601924,71.32629490705916,71.31290382819289,71.29945282880222,71.2859474782689,71.2723933459747,71.25879600130145,71.24516101363088,71.23149395234476,71.21780038682492,71.20408588645309,71.19035602061105,71.1766163586806,71.1628724700435,71.14912992408154,71.13539429017646,71.12166694226713,71.10794004696112,71.0942131516551,71.08048625634908,71.06675936104305,71.05303246573703
70.82784408869992,70.84589880212242,70.86390100259013,70.8818473597532,70.89973454326173,70.91755922276583,70.93531806791565,70.95300774836127,70.97062493375283,70.98816629374042,71.0056284979742,71.02300821610427,71.04030211778073,71.05750687265372,71.07461915037335,71.09163562058974,71.108552952953,71.12536781711326,71.14207688272063,71.15867681942522,71.17516429687718,71.1915359847266,71.2077885526236,71.2239186702183,71.23992300716081,71.25579823310126,71.27154101768977,71.28714803057646,71.30261594141143,71.31794141984481,71.33312113552672,71.34815175810728,71.36302995723659,71.3777524025648,71.39231576374199,71.4067167104183,71.42095191224384,71.43501803886873,71.4489117599431,71.46262974511706,71.47616866404071,71.48952518636419,71.50269598173762,71.5156777198111,71.52846707023475,71.54106070265871,71.55345528673307,71.56564749210797,71.57763398843352,71.58941144535983,71.60097653253702,71.61232591961522,71.62345627624453,71.63436427207509,71.645046576757,71.65549985994038,71.66572079127535,71.67570604041204,71.68545227700055,71.694956170691,71.70421439113352,71.71322362691602,71.72198216309584,71.73049106798372,71.73875168942328,71.74676537525816,71.754533473332,71.76205733148845,71.76933829757111,71.77637771942364,71.78317694488966,71.78973732181282,71.79606019803676,71.8021469214051,71.80799883976148,71.81361730094955,71.81900365281292,71.82415924319524,71.82908541994016,71.83378353089128,71.83825492389226,71.84250094678674,71.84652294741835,71.85032227363071,71.85390027326747,71.85725829417227,71.86039768418874,71.8633197911605,71.86602596293122,71.86851754734451,71.870795892244,71.87286234547335,71.87471825487617,71.87636496829613,71.87780383357682,71.87903619856192,71.88006341109502,71.8808868190198,71.88150777017987,71.88192761241888,71.88214769358045,71.88216936150822,71.88199396404582,71.88162284903692,71.8810573643251,71.88029885775404,71.87934867716736,71.8782081704087,71.87687868532169,71.87536156974996,71.87365817153716,71.8717698385269,71.86969791856286,71.86744375948864,71.86500870914789,71.86239411538422,71.8596013260413,71.85663168896276,71.85348655199222,71.85016726297333,71.8466751697497,71.843011620165,71.83917799953103,71.83517630271021,71.83100902014613,71.82667865665007,71.82218771703333,71.81753870610719,71.81273412868292,71.80777648957184,71.80266829358521,71.79741204553434,71.79201025023052,71.78646541248501,71.78078003710912,71.77495662891414,71.76899769271134,71.76290573331202,71.75668325552746,71.75033276416897,71.74385676404782,71.7372577599753,71.73053825676269,71.72370075922129,71.71674777216238,71.70968180039725,71.70250534873719,71.6952209219935,71.68783102497746,71.68033816250033,71.67274483937344,71.66505356040805,71.65726683041547,71.64938715420696,71.64141703659382,71.63335898238736,71.62521549639884,71.61698908343955,71.6086822483208,71.60029749585385,71.59183733085001,71.58330425812055,71.57470078247678,71.56602940872996,71.5572926416914,71.54849298617238,71.53963294698418,71.53071502893812,71.52174173684544,71.51271557551746,71.50363904976547,71.49451466440074,71.48534492423457,71.47613233407823,71.46687939874303,71.45758862304027,71.4482625117812,71.43890356977711,71.42951430183932,71.4200972127791
70.57003697717398,70.58991885632865,70.60976296850939,70.62956498825287,70.64932059009573,70.66902544857462,70.6886752382262,70.70826563358712,70.72779230919403,70.74725093958357,70.7666371992924,70.7859467628572,70.80517530481457,70.8243184997012,70.84337202205373,70.8623315464088,70.88119274730307,70.8999512992732,70.91860287685584,70.93714315458762,70.95556780700521,70.97387250864527,70.99205293404442,71.01010475773934,71.02802365426668,71.04580529816307,71.06344536396519,71.08093952620966,71.09828345943316,71.11547283817232,71.13250333696381,71.14937063034428,71.16607039285034,71.18259829901871,71.19895002338599,71.21512124048886,71.23110762486394,71.24690485104792,71.26250859357742,71.27791452698911,71.29311832581963,71.30811566460564,71.32290221788378,71.33747366019072,71.35182566606309,71.36595391003756,71.37985406665078,71.39352181043938,71.40695281594003,71.42014275768938,71.43308731022408,71.44578214808078,71.45822294579612,71.47040537790679,71.48232511894939,71.49397784346061,71.50535922597709,71.51646494103547,71.52729066317241,71.53783206692457,71.54808482682859,71.55804464107032,71.56770920147996,71.57707967556789,71.58615757992058,71.59494443112445,71.60344174576596,71.61165104043152,71.61957383170761,71.62721163618065,71.63456597043707,71.64163835106332,71.64843029464583,71.65494331777107,71.66117893702545,71.66713866899542,71.67282403026742,71.67823653742789,71.68337770706326,71.68824905576,71.69285210010452,71.69718835668326,71.70125934208268,71.70506657288921,71.7086115656893,71.71189583706936,71.71492090361586,71.71768828191524,71.72019948855392,71.72245604011836,71.72445945319498,71.72621124437023,71.72771293023057,71.7289660273624,71.72997205235218,71.73073252178636,71.73124895225138,71.73152286033365,71.73155576261965,71.7313491756958,71.73090461614854,71.7302236005643,71.72930764552954,71.7281582676307,71.7267769834542,71.7251653095865,71.72332476261403,71.72125685912323,71.71896311570055,71.7164450489324,71.71370417540527,71.71074201170555,71.70756007441972,71.70415988013418,71.70054294543542,71.69671078690983,71.69266492114389,71.68840686472402,71.68393813423666,71.67926024626824,71.67437471740523,71.66928306423405,71.66398686419038,71.65848868463482,71.65279189776379,71.64689989910718,71.64081608419491,71.63454384855687,71.628086587723,71.62144769722318,71.61463057258732,71.60763860934532,71.60047520302712,71.59314374916259,71.58564764328166,71.57799028091422,71.5701750575902,71.56220536883949,71.554084610192,71.54581617717764,71.53740346532632,71.52884987016795,71.52015878723242,71.51133361204965,71.50237774014956,71.49329456706204,71.48408748831699,71.47475989944432,71.46531519597397,71.45575677343581,71.44608802735975,71.43631235327572,71.42643314671362,71.41645380320334,71.4063777182748,71.39620828745791,71.38594890628256,71.37560297027869,71.3651738749762,71.35466501590496,71.34407978859491,71.33342158857594,71.32269381137799,71.31189985253093,71.30104310756468,71.29012697200916,71.27915484139426,71.2681301112499,71.25705617710598,71.2459364344924,71.23477427893908,71.22357310597593,71.21233631113284,71.20106728993973,71.18976943792651,71.17844615062309,71.16710082355935,71.15573685226524,71.14435763227063,71.13296655910544
70.89526927691729,70.91216246710592,70.92891873562937,70.9455370807812,70.96201650085494,70.97835599414414,70.99455455894235,71.0106111935431,71.02652489623993,71.04229466532638,71.05791949909602,71.07339839584235,71.08873035385894,71.10391437143933,71.11894944687705,71.13383457846565,71.14856876449868,71.16315100326968,71.17758029307217,71.1918556321997,71.20597601894585,71.21994045160412,71.23374792846805,71.2473974478312,71.26088800798713,71.27421860722934,71.28738824385141,71.30039591614685,71.31324062240923,71.32592136093207,71.33843713000893,71.35078692793334,71.36296975299884,71.37498460349899,71.38683047772732,71.39850637397736,71.41001129054267,71.4213442257168,71.43250417779326,71.44349014506561,71.4543011258274,71.46493611837218,71.47539412099346,71.4856741319848,71.49577514963974,71.50569617225183,71.51543619811461,71.52499422552161,71.5343692527664,71.54356027814248,71.55256629994342,71.56138631646276,71.57001932599402,71.57846432683078,71.58672031726657,71.59478629559491,71.60266126010937,71.61034420910347,71.61783414087077,71.6251300537048,71.6322309458991,71.6391358273894,71.6458446895538,71.65235923479786,71.65868133737223,71.66481287152757,71.67075571151452,71.67651173158372,71.68208280598584,71.68747080897151,71.6926776147914,71.69770509769616,71.7025551319364,71.70722959176283,71.71173035142606,71.71605928517674,71.72021826726554,71.7242091719431,71.72803387346006,71.7316942460671,71.73519216401483,71.73852950155394,71.74170813293505,71.74472993240882,71.7475967742259,71.75031053263693,71.75287308189257,71.75528629624348,71.7575520499403,71.75967221723369,71.76164867237426,71.76348328961271,71.76517794319967,71.76673450738579,71.76815485642172,71.76944086455809,71.77059440604559,71.77161735513485,71.7725115860765,71.77327897312124,71.77392139051966,71.77444071252246,71.77483881338026,71.77511756734371,71.77527884866349,71.77532453159021,71.77525649037456,71.77507659926715,71.77478673251865,71.77438876437972,71.773884569101,71.77327602093312,71.77256499412677,71.77175336293257,71.77084300160118,71.76983578438325,71.76873358552943,71.76753827929036,71.76625173991671,71.76487584165912,71.76341245876823,71.7618634654947,71.76023072267284,71.75851587287356,71.75672038121365,71.75484570766525,71.75289331220048,71.75086465479149,71.74876119541038,71.7465843940293,71.74433571062038,71.74201660515571,71.73962853760747,71.73717296794776,71.73465135614872,71.73206516218247,71.72941584602113,71.72670486763685,71.72393368700175,71.72110376408796,71.7182165588676,71.7152735313128,71.7122761413957,71.70922584908841,71.70612411436309,71.70297239719183,71.69977215754679,71.69652485540009,71.69323195072384,71.68989490349018,71.68651517367125,71.68309422123917,71.67963350616607,71.67613448842407,71.67259862798531,71.6690273848219,71.665422218906,71.6617845902097,71.65811595870518,71.65441778436453,71.65069152715986,71.64693864706335,71.6431606040471,71.63935885808324,71.6355348691439,71.6316900972012,71.6278260022273,71.62394404419429,71.62004568307431,71.6161323788395,71.61220559146199,71.6082667809139,71.60431740716734,71.60035893019447,71.5963928099674,71.59242050645827,71.58844347963921,71.58446318948232,71.58048109595977,71.57649865904366
70.79859390050962,70.81762336880307,70.83666901794035,70.8557252923181,70.87478663633289,70.89384749438132,70.91290231086003,70.93194553016563,70.95097159669473,70.96997495484389,70.98895004900979,71.00789132358899,71.02679322297811,71.04565019157377,71.06445667377257,71.08320711397113,71.10189595656604,71.12051764595392,71.13906662653139,71.15753734269502,71.17592423884147,71.19422175936732,71.21242434866919,71.23052645114367,71.24852251118739,71.26640697319695,71.28417428156897,71.30181888070004,71.31933521498678,71.33671772882579,71.35396086661369,71.3710590727471,71.3880067916226,71.40479846763682,71.42142854518636,71.43789146866783,71.45418168247784,71.470293631013,71.48622175866993,71.50196050984522,71.51750432893549,71.53284766033734,71.54798494844738,71.56291063766224,71.5776191723785,71.59210499699279,71.60636255590171,71.62038629350187,71.63417065418987,71.64771008236234,71.66099902241587,71.67403191874708,71.68680321575256,71.69930735782896,71.71153878937285,71.72349195478084,71.73516129844957,71.74654126477563,71.75762629815561,71.76841084298616,71.77888950365764,71.78906044146936,71.79892530763706,71.80848589997021,71.81774401627827,71.82670145437072,71.83536001205704,71.8437214871467,71.85178767744915,71.8595603807739,71.8670413949304,71.8742325177281,71.88113554697652,71.8877522804851,71.89408451606333,71.90013405152067,71.9059026846666,71.91139221331058,71.91660443526209,71.9215411483306,71.9262041503256,71.93059523905654,71.9347162123329,71.93856886796415,71.94215500375977,71.9454764175292,71.94853490708198,71.95133227022751,71.95387030477531,71.95615080853483,71.95817557931555,71.95994641492693,71.96146511317846,71.96273347187962,71.96375328883985,71.96452636186864,71.96505448877546,71.96533946736979,71.96538309546109,71.96518717085885,71.96475349137252,71.96408385481159,71.96318005898553,71.9620439017038,71.96067718077587,71.95908169401123,71.95725923921935,71.9552116142097,71.95294061679174,71.95044804477496,71.94773569596882,71.94480536818278,71.94165885922635,71.93829796690898,71.93472448904012,71.93094022342929,71.92694696788593,71.92274652021952,71.91834067823953,71.91373123975636,71.90892031621263,71.9039112199126,71.8987075505284,71.89331290773215,71.88773089119599,71.88196510059201,71.87601913559234,71.86989659586912,71.86360108109446,71.85713619094048,71.8505055250793,71.84371268318304,71.83676126492384,71.8296548699738,71.82239709800504,71.8149915486897,71.80744182169991,71.79975151670776,71.79192423338539,71.78396357140491,71.77587313043846,71.76765651015815,71.7593173102361,71.75085913034444,71.74228557015527,71.73360022934075,71.72480670757298,71.71590860452407,71.70690951986616,71.69781305327137,71.6886228044118,71.67934237295962,71.6699753585869,71.66052536096579,71.6509959797684,71.64139081466686,71.63171346533328,71.6219675314398,71.61215661265852,71.60228430866158,71.59235421912109,71.58236994370918,71.57233508209796,71.56225323395958,71.55212799896613,71.54196297678973,71.53176176710254,71.52152796957664,71.51126518388418,71.50097700969725,71.490667046688,71.48033889452856,71.46999615289103,71.45964242144753,71.44928129987018,71.43891638783113,71.42855128500246,71.41818959105633,71.40783490566484,71.39748906431899
70.59348706062497,70.61434863424434,70.63513772384685,70.65585035457755,70.6764825515815,70.6970303400037,70.71748974498924,70.73785679168316,70.75812750523048,70.77829791077626,70.79836403346556,70.8183218984434,70.83816753085485,70.85789695584495,70.87750619855873,70.89699128414125,70.91634823773757,70.93557308449272,70.95466184955173,70.97361055805966,70.99241523516157,71.0110719060025,71.02957659572748,71.04792532948157,71.06611413240982,71.08413902965725,71.10199604636894,71.11968120768992,71.13719053876524,71.15452006473993,71.17166581075907,71.18862380196767,71.20539006351078,71.22196062053347,71.23833149818078,71.25449872159773,71.2704583159294,71.28620630632082,71.30173871791703,71.31705157586309,71.33214090530404,71.34700273138493,71.3616330792508,71.37602797404668,71.39018344091765,71.40409550500874,71.41776019146499,71.43117352543145,71.44433153205317,71.4572302364752,71.46986566384257,71.48223383930033,71.49433078799355,71.50615253506724,71.51769510566648,71.5289545249363,71.53992681802173,71.55060801006785,71.56099412621967,71.57108119162227,71.58086523142067,71.59034227247832,71.5995098775803,71.60836996966262,71.61692524009571,71.62517838024998,71.63313208149586,71.64078903520378,71.64815193274414,71.65522346548737,71.6620063248039,71.66850320206413,71.6747167886385,71.68064977589744,71.68630485521133,71.69168471795062,71.69679205548573,71.70162955918708,71.70619992042509,71.71050583057018,71.71454998099277,71.71833506306326,71.72186376815212,71.72513878762973,71.72816281286651,71.73093853523292,71.73346864609934,71.7357558368362,71.73780279881393,71.73961222340296,71.74118680197368,71.74252922589655,71.74364218654195,71.74452837528032,71.74519048348209,71.74563120251767,71.74585322375748,71.74585923857195,71.74565193833149,71.74523401440652,71.74460815816747,71.74377706098475,71.7427434142288,71.74150990927002,71.74007923747885,71.73845409022569,71.73663715888098,71.73463113481512,71.73243870939855,71.73006257400168,71.72750541999493,71.72476993874874,71.7218588216335,71.71877476001966,71.7155204452776,71.71209856877779,71.70851182189064,71.70476289598653,71.70085448243593,71.69678927260924,71.69256995787688,71.68819922960928,71.68367977934186,71.67901432284611,71.67420562545452,71.6692564585576,71.66416959354586,71.65894780180982,71.65359385473998,71.64811052372686,71.64250058016097,71.63676679543282,71.63091194093295,71.62493878805182,71.61885010817998,71.61264867270795,71.60633725302623,71.59991862052532,71.59339554659574,71.58677080262801,71.58004716001264,71.57322739014015,71.56631426440103,71.55931055418581,71.55221903088501,71.54504246588914,71.53778363058868,71.53044529637418,71.52303023463615,71.51554121676509,71.5079810141515,71.50035239818592,71.49265814025885,71.48490101176081,71.47708378408231,71.46920922861385,71.46128011674595,71.45329921986914,71.4452693093739,71.43719315665078,71.42907353309026,71.42091321008287,71.41271495901911,71.4044815512895,71.39621575828457,71.38792035139481,71.37959810201075,71.37125178152287,71.36288416132173,71.35449801279779,71.34609610734161,71.33768121634368,71.32925611119451,71.32082356328462,71.31238634400452,71.30394722474473,71.29550897689576,71.2870743718481,71.27864618099231,71.27022717571886
70.83394831994644,70.85418029667937,70.87436997662613,70.89451236490245,70.91460246662419,70.93463528690708,70.95460583086694,70.97450910361954,70.99434011028066,71.01409385596611,71.03376534579166,71.0533495848731,71.07284157832623,71.0922363312668,71.11152884881065,71.13071413607352,71.1497871981712,71.16874304021951,71.18757666733424,71.20628308463111,71.22485729722598,71.2432943102346,71.26158912877278,71.27973675795627,71.2977322029009,71.31557046872243,71.33324656053665,71.35075548345935,71.36809224260631,71.38525184309333,71.40222929003619,71.41901958855067,71.43561774375257,71.45201876075768,71.46821764468177,71.48420940064062,71.49998903375004,71.5155515491258,71.53089195188372,71.54600524713953,71.56088644000909,71.5755305356081,71.5899325390524,71.60408745545777,71.61799028994002,71.63163604761488,71.64501973359819,71.65813635300572,71.67098091095323,71.68354841255652,71.69583386293141,71.70783226719368,71.71953863045906,71.7309479578434,71.74205525446246,71.75285552543201,71.76334377586787,71.77351501088583,71.78336423560162,71.79288645513111,71.80207667459001,71.81092993045365,71.81944390282209,71.82762088063907,71.83546361573232,71.84297485992948,71.85015736505832,71.85701388294652,71.86354716542178,71.86975996431181,71.8756550314443,71.88123511864697,71.88650297774751,71.89146136057366,71.89611301895312,71.90046070471354,71.90450716968266,71.90825516568819,71.91170744455786,71.9148667581193,71.9177358582003,71.92031749662851,71.92261442523164,71.92462939583743,71.92636516027355,71.92782447036771,71.92901007794762,71.92992473484097,71.9305711928755,71.93095220387889,71.93107051967885,71.93092889210308,71.93053007297928,71.92987681413516,71.92897186739845,71.9278179845968,71.92641791755798,71.92477441810965,71.92289023807953,71.92076812929531,71.91841084358472,71.91582113277545,71.9130017486952,71.9099554431717,71.90668496803261,71.90319307510566,71.89948251621857,71.89555604319904,71.89141640787474,71.8870663620734,71.88250865762274,71.87774604635044,71.87278128008424,71.86761711065179,71.86225628988083,71.85670156959907,71.85095570163418,71.8450214378139,71.83890152996594,71.83259872991798,71.82611578949772,71.81945546053288,71.81262049956456,71.80561373981368,71.79843807684387,71.79109640802628,71.78359163073196,71.775926642332,71.76810434019754,71.76012762169961,71.75199938420931,71.74372252509775,71.73529994173603,71.72673453149523,71.71802919174644,71.70918681986075,71.70021031320923,71.69110256916301,71.68186648509314,71.67250495837075,71.66302088636692,71.65341716645273,71.64369669599927,71.63386237237762,71.62391709295889,71.61386375511418,71.60370525621457,71.59344449363115,71.58308436473502,71.57262776689723,71.56207759748892,71.55143675388118,71.54070813344507,71.52989463355166,71.5189991515721,71.50802458487749,71.49697383083884,71.48584978682732,71.47465535021396,71.46339341836989,71.4520668886662,71.44067865847396,71.42923162516428,71.41772868610823,71.40617273867693,71.39456668024144,71.38291340817287,71.37121581984232,71.35947681262084,71.34769928387956,71.33588613098956,71.32404025132195,71.31216454224779,71.30026190113816,71.28833522536416,71.27638741229694,71.2644213593075,71.25243996376702,71.24044612304652,71.2284427345171
70.84037602497453,70.85750467153213,70.8745814498946,70.89160102898462,70.90855807772486,70.92544726503797,70.94226325984661,70.95900073107347,70.97565434764118,70.99221877847242,71.00868869248987,71.02505875861617,71.04132364577399,71.05747802288599,71.07351655887484,71.0894339226632,71.10522478317372,71.12088380932911,71.13640567005199,71.15178503426503,71.1670165708909,71.18209494885227,71.19701483707178,71.21177090447213,71.22635781997596,71.24077025250592,71.25500287098473,71.26905034433497,71.28290734147939,71.29656853134057,71.31002858284124,71.32328216490404,71.33632394645163,71.34914859640668,71.36175078369183,71.37412517722979,71.38626644594319,71.3981692587547,71.40982828458698,71.4212381923627,71.43239365100453,71.44328932943512,71.45391989657713,71.46428002135323,71.47436437268611,71.48416761949841,71.49368443071276,71.5029094752519,71.51183742203843,71.52046293999503,71.52878069804436,71.53678536510911,71.54447161011191,71.55183410197546,71.55886750962239,71.56556650197538,71.5719257479571,71.57793991649018,71.58360367649732,71.58891169690116,71.5938586466244,71.59843919678497,71.60264998067944,71.60649320180737,71.60997204536255,71.61308969653885,71.61584934053008,71.61825416253006,71.62030734773266,71.62201208133169,71.62337154852099,71.62438893449439,71.62506742444575,71.62541020356886,71.62542045705757,71.62510137010574,71.62445612790717,71.6234879156557,71.62219991854518,71.62059532176943,71.61867731052229,71.6164490699976,71.61391378538917,71.61107464189087,71.6079348246965,71.60449751899992,71.60076590999493,71.5967431828754,71.59243252283514,71.58783711506801,71.58296014476781,71.57780479712841,71.57237425734361,71.56667171060727,71.5607003421132,71.55446333705524,71.54796388062725,71.54120515802303,71.53419035443645,71.5269226550613,71.51940524509143,71.51164130972069,71.5036340341429,71.4953866035519,71.48690220314153,71.4781840181056,71.46923523363796,71.46005903493244,71.4506586071829,71.44103713558313,71.43119780532699,71.42114380160831,71.41087830962091,71.40040451455864,71.38972560161534,71.37884475598483,71.36776516286093,71.35649000743751,71.34502247490839,71.33336575046738,71.32152301930836,71.30949746662512,71.29729227689788,71.28491052980002,71.27235509068203,71.25962879869701,71.24673449299797,71.23367501273799,71.22045319707016,71.20707188514751,71.1935339161231,71.17984212915002,71.16599936338129,71.15200845797,71.1378722520692,71.12359358483195,71.10917529541132,71.09462022296037,71.07993120663215,71.06511108557973,71.05016269895617,71.03508888591452,71.01989248560785,71.00457633718923,70.98914327981171,70.97359615262835,70.9579377947922,70.94217104545635,70.92629874377384,70.91032372889774,70.89424883998109,70.87807691617698,70.86181079663845,70.84545332051859,70.82900732697041,70.81247565514704,70.79586114420147,70.77916663328679,70.76239496155608,70.74554896816238,70.72863149225876,70.71164537299826,70.69459344953397,70.67747856101893,70.66030354660622,70.64307124544888,70.62578449669996,70.60844613951258,70.59105901303974,70.57362595643453,70.55614980885,70.53863340943923,70.52107959735524,70.50349121175113,70.48587109177994,70.46822207659474,70.4505470053486,70.43284871719456,70.4151300512857,70.39739384677506
70.91356463166895,70.9349263109004,70.95613637229864,70.9771925509839,70.99809258207632,71.01883420069608,71.03941514196337,71.05983314099838,71.08008593292128,71.10017125285222,71.12008683591142,71.13983041721904,71.15939973189526,71.17879251506027,71.19800650183423,71.21703942733731,71.23588902668973,71.25455303501164,71.27302918742322,71.29131521904465,71.30940886499612,71.3273078603978,71.34500994036985,71.36251284003248,71.37981429450586,71.39691203891016,71.41380380836557,71.43048733799226,71.44696036291042,71.4632206182402,71.47926583910181,71.49509376061543,71.51070211790122,71.52608864607936,71.54125108027004,71.55618715559342,71.5708946071697,71.58537117011906,71.59961457956167,71.6136225706177,71.62739287840733,71.64092323805076,71.65421138466816,71.66725505337969,71.68005197930555,71.6925998975659,71.70489654328094,71.71693965157084,71.72872695755578,71.74025619635593,71.75152510309147,71.7625314128826,71.77327286084946,71.78374718211226,71.79395211179119,71.80388538500638,71.81354473687806,71.82292790252639,71.83203261707153,71.84085661563368,71.84939763333301,71.8576534337016,71.86562417541327,71.87331419278489,71.8807282395093,71.88787106927934,71.89474743578785,71.9013620927277,71.9077197937917,71.91382529267273,71.91968334306361,71.9252986986572,71.93067611314633,71.93582034022387,71.94073613358263,71.94542824691548,71.94990143391527,71.95416044827482,71.958210043687,71.96205497384464,71.96569999244059,71.96914985316769,71.9724093097188,71.97548311578674,71.97837602506439,71.98109279124456,71.98363816802011,71.98601690908389,71.98823376812874,71.9902934988475,71.99220085493303,71.99396059007816,71.99557745797574,71.99705621231861,71.99840160679963,71.99961839511164,72.00071133094747,72.00168516799998,72.00254465996201,72.0032945605264,72.003939623386,72.00448460223367,72.00493425076223,72.00529332266454,72.00556657163345,72.00575875136178,72.00587461554241,72.00591891786816,72.00589641203187,72.0058118517264,72.0056699906446,72.0054755824793,72.00523338092336,72.00494813966961,72.00462461241091,72.00426755284009,72.00388171464999,72.00347185153349,72.0030427171834,72.00259906529259,72.00214564955388,72.00168722366013,72.00122839490078,72.00077138880344,72.00031649445889,71.99986394481739,71.99941397282925,71.99896681144472,71.9985226936141,71.99808185228767,71.99764452041572,71.99721093094851,71.99678131683635,71.99635591102951,71.99593494647826,71.99551865613289,71.9951072729437,71.99470102986093,71.99430015983492,71.9939048958159,71.99351547075419,71.99313211760004,71.99275506930375,71.99238455881562,71.9920208190859,71.99166408306486,71.99131458370283,71.99097255395007,71.99063822675686,71.99031183507347,71.98999361185021,71.98968379003735,71.98938260258515,71.98909028244393,71.98880706256394,71.98853317589548,71.98826885538882,71.98801433399427,71.98776984466208,71.98753562034254,71.98731189398595,71.98709889854257,71.9868968669627,71.9867060321966,71.98652662719456,71.98635888490689,71.98620303828383,71.9860593202757,71.98592796383275,71.98580920190528,71.98570326744357,71.9856103933979,71.98553081271855,71.9854647583558,71.98541246325995,71.98537416038127,71.98535008267002,71.98534046307653,71.98534553455103,71.98536553004385
70.98765711227401,70.99537558159616,71.00309999289868,71.01082866715916,71.01855992535528,71.02629208846471,71.03402347746518,71.04175241333428,71.04947721704974,71.0571962095892,71.06490771193032,71.07261004505082,71.08030152992833,71.08798048754053,71.09564523886507,71.1032941048797,71.11092540656199,71.11853746488967,71.12612860084039,71.13369713539183,71.14124138952167,71.14875968420756,71.15625034042719,71.16371167915821,71.17114202137833,71.17853968806517,71.18590300019645,71.19323027874978,71.20051984470291,71.20777001903343,71.21497912271909,71.2221454767375,71.22926740206634,71.2363432196833,71.24337125056607,71.25034981569226,71.25727723603958,71.26415183258572,71.27097192630833,71.27773583818507,71.2844418891936,71.29108840031165,71.29767369251684,71.30419608678685,71.31065390409933,71.31704546543202,71.32336909176252,71.32962310406853,71.33580582332772,71.34191557051776,71.34795066661633,71.35390943260109,71.35979018944971,71.36559125813986,71.37131095964924,71.37694761495547,71.38249954503624,71.38796507086926,71.39334251343215,71.39863019370259,71.40382643265829,71.40892955149221,71.41393788954937,71.41884981782073,71.42366371047555,71.42837794168307,71.43299088561255,71.43750091643324,71.4419064083144,71.44620573542525,71.45039727193509,71.45447939201318,71.45845046982873,71.46230887955102,71.46605299534932,71.46968119139285,71.47319184185088,71.47658332089267,71.47985400268746,71.48300226140452,71.48602647121311,71.48892500628244,71.49169624078183,71.49433854888048,71.49685030474768,71.49922988255267,71.50147565646469,71.503586000653,71.50555928928688,71.50739389653558,71.50908819656831,71.5106405635544,71.51204937166301,71.51331299506347,71.51442980792501,71.51539818441688,71.51621649870836,71.51688312496864,71.51739643736704,71.5177548100728,71.51795661725515,71.51800023308337,71.51788403172668,71.51760638735439,71.5171656741357,71.5165602662399,71.51578853783622,71.51484886309393,71.5137396161823,71.51245917127054,71.51100590252793,71.50937818412373,71.5075743902272,71.50559289500757,71.5034320726341,71.50109029727605,71.4985659431027,71.49585738428325,71.49296299498701,71.4898811493832,71.48661022164106,71.48314858592988,71.47949476782404,71.4756497560299,71.47161654184691,71.46739817463305,71.46299770374617,71.4584181785442,71.45366264838506,71.44873416262666,71.44363577062691,71.4383705217437,71.432941465335,71.42735165075865,71.4216041273726,71.41570194453479,71.40964815160308,71.40344579793538,71.39709793288964,71.39060760582376,71.38397786609565,71.3772117630632,71.37031234608435,71.36328266451702,71.35612576771908,71.34884470504849,71.3414425258631,71.33392227952089,71.32628701537973,71.31853978279756,71.31068363113226,71.30272160974178,71.29465676798401,71.28649215521682,71.2782308207982,71.26987581408602,71.26143018443818,71.25289698121264,71.24427925376725,71.23558005145998,71.22680242364868,71.21794941969134,71.2090240889458,71.20002948076998,71.19096864452186,71.18184462955927,71.17266048524019,71.16341926092247,71.15412400596404,71.14477776972285,71.13538360155675,71.12594455082373,71.11646366688163,71.10694399908837,71.09738859680192,71.08780050938014,71.07818278618095,71.06853847656225,71.058870629882,71.04918229549807
70.84724320156542,70.866459152864,70.88562564171744,70.90473829235196,70.92379272899373,70.94278457586896,70.9617094572038,70.98056299722447,70.99934082015713,71.01803855022797,71.0366518116632,71.05517622868899,71.07360742553149,71.09194102641698,71.11017265557155,71.12829793722145,71.14631249559284,71.1642119549119,71.18199193940484,71.1996480732978,71.21717598081702,71.23457128618867,71.25182961363893,71.268946587394,71.28591783168002,71.30273897072323,71.31940562874982,71.33591342998591,71.35225799865776,71.36843495899151,71.38443993521338,71.40026855154954,71.41591643222617,71.43137920146947,71.4466524835056,71.46173190256079,71.47661308286118,71.491291648633,71.5057632241024,71.5200234334956,71.53406790103875,71.54789225095806,71.5614921074797,71.57486309482988,71.58800083723477,71.60090095892056,71.61355908411343,71.6259708370396,71.6381318419252,71.65003772299644,71.66168410447955,71.67306661060064,71.68418086558597,71.69502249366167,71.70558711905397,71.71587036598902,71.72586785869302,71.73557522139214,71.74498807831262,71.75410205368058,71.76291277172226,71.77141585835315,71.77960844943192,71.78749196722089,71.79506858941954,71.80234049372737,71.8093098578438,71.81597885946834,71.82234967630043,71.82842448603961,71.83420546638527,71.83969479503693,71.84489464969406,71.84980720805612,71.85443464782256,71.85877914669291,71.8628428823666,71.86662803254313,71.87013677492195,71.87337128720253,71.87633374708437,71.87902633226693,71.88145122044966,71.88361058933205,71.88550661661358,71.88714147999372,71.88851735717193,71.8896364258477,71.89050086372049,71.89111284848977,71.89147455785502,71.89158816951573,71.89145586117135,71.89107981052135,71.8904621952652,71.8896051931024,71.8885109817324,71.88718173885465,71.88561964216868,71.88382686937393,71.88180559816988,71.87955800625599,71.87708627133173,71.87439257109659,71.87147908325005,71.86834798549154,71.8650014555206,71.86144167103663,71.85767080973915,71.85369104932761,71.8495045675015,71.84511354196027,71.84052015040342,71.83572657053043,71.83073498004072,71.82554755663381,71.82016647800916,71.81459392186622,71.80883206590448,71.80288308782343,71.79674916532252,71.79043247610124,71.78393519959121,71.77725976962296,71.77040914025511,71.76338632913567,71.75619435391263,71.74883623223408,71.74131498174799,71.73363362010238,71.72579516494528,71.71780263392469,71.70965904468864,71.70136741488517,71.69293076216223,71.68435210416791,71.6756344585502,71.66678084295714,71.65779427503671,71.64867777243694,71.63943435280584,71.63006703379145,71.62057883304178,71.61097276820485,71.60125185692866,71.59141911686123,71.58147756565063,71.57143022094479,71.5612801003918,71.55103022163965,71.54068360233637,71.53024326012996,71.51971221266842,71.50909347759983,71.49839007257216,71.48760501523344,71.47674132323166,71.46580201421492,71.45479010583114,71.44370861572838,71.43256056155468,71.42134896095803,71.41007683158645,71.39874719108795,71.38736305711058,71.37592744730233,71.36444337931124,71.35291387078527,71.34134193937254,71.32973060272096,71.3180828784786,71.30640178429351,71.29469033781365,71.28295155668707,71.27118845856177,71.25940406108577,71.24760138190709,71.23578343867376,71.2239532490338,71.21211383063522
70.9777596699831,70.99620451067868,71.01459020361119,71.0329115191616,71.05116322771083,71.06934009963985,71.08743690532957,71.10544841516098,71.12336939951498,71.14119462877254,71.15891887331462,71.17653690352212,71.19404348977602,71.21143340245726,71.22870141194679,71.24584228862552,71.26285080287444,71.27972172507447,71.29644982560656,71.31302987485165,71.3294566431907,71.34572490100464,71.36182941867442,71.37776496658098,71.39352631510528,71.40910823462825,71.42450549553084,71.439712868194,71.45472512299865,71.46953703032577,71.48414336055629,71.49853888407115,71.5127183712513,71.52667659247768,71.54040831813126,71.55390831859295,71.5671713642437,71.58019222546447,71.5929656726362,71.60548647613983,71.61774940635632,71.6297492336666,71.64148072845161,71.6529386610923,71.66411780196964,71.67501292146454,71.68561878995796,71.69593017783085,71.70594185546413,71.71564859323877,71.72504516153572,71.7341263307359,71.74288687122028,71.75132155336978,71.75942514756537,71.76719242418797,71.77461815361855,71.78169710623803,71.78842405242737,71.79479376256752,71.80080100703941,71.80644055913722,71.81170979602025,71.81661348666071,71.8211577027662,71.82534851604434,71.82919199820279,71.83269422094915,71.83586125599106,71.83869917503614,71.84121404979203,71.84341195196633,71.84529895326669,71.84688112540073,71.84816454007608,71.84915526900036,71.84985938388121,71.85028295642624,71.85043205834307,71.85031276133937,71.84993113712272,71.84929325740077,71.84840519388115,71.84727301827147,71.84590280227937,71.84430061761248,71.8424725359784,71.8404246290848,71.83816296863927,71.83569362634945,71.83302267392297,71.83015618306746,71.82710022549054,71.82386087289984,71.82044419700297,71.8168562695076,71.81310316212131,71.80919094655175,71.80512569450654,71.80091347769331,71.7965603678197,71.7920724365933,71.78745575572178,71.78271639691275,71.77786043187382,71.77289393231264,71.76782296993682,71.762653616454,71.7573919435718,71.75204402299786,71.74661592643979,71.74111372560522,71.73554349220178,71.7299112979371,71.7242232145188,71.71848531365451,71.71270366705187,71.70688434641848,71.70103342346198,71.69515696989001,71.68926105741018,71.68335175773012,71.6774351304942,71.67151546363412,71.66559342205228,71.65966922779485,71.65374310290795,71.64781526943777,71.64188594943046,71.63595536493213,71.63002373798898,71.62409129064712,71.61815824495272,71.61222482295194,71.60629124669092,71.60035773821582,71.59442451957277,71.58849181280794,71.58255983996747,71.57662882309754,71.57069898424426,71.5647705454538,71.55884372877232,71.55291875624596,71.54699584992086,71.5410752318432,71.53515712405911,71.52924174861474,71.52332932755625,71.51742008292979,71.51151423678151,71.50561201115757,71.4997136281041,71.49381930966727,71.48792927789322,71.48204375482811,71.47616296251809,71.4702871230093,71.4644164583479,71.45855119058004,71.45269154175186,71.44683773390955,71.44098998909921,71.43514852936701,71.42931357675913,71.42348535332168,71.41766408110082,71.41184998214273,71.40604327849353,71.40024419219938,71.39445294530644,71.38866975986085,71.38289485790875,71.37712846149633,71.3713707926697,71.36562207347502,71.35988252595847,71.35415237216617,71.34843183414428,71.34272113393895
70.88711942703407,70.9103279761343,70.93336347886157,70.95622360918253,70.97890604106382,71.00140844847208,71.02372850537394,71.04586388573605,71.06781226352507,71.08957131270759,71.1111387072503,71.13251212111983,71.15368922828281,71.17466770270589,71.1954452183557,71.21601944919888,71.23638806920209,71.25654875233195,71.27649917255512,71.29623700383821,71.31575992014791,71.33506559545081,71.35415170371358,71.37301591890287,71.3916559149853,71.4100693659275,71.42825394569614,71.44620732825784,71.46392718757927,71.48141119762703,71.49865703236779,71.51566236576818,71.53242487179483,71.5489422244144,71.56521209759354,71.58123216529886,71.59700010149703,71.61251358015467,71.62777027523843,71.64276786071494,71.65750401055087,71.67197639871283,71.68618269916746,71.70012058588144,71.71378773282136,71.72718181395389,71.74030050324568,71.75314147466334,71.76570240217355,71.7779809597429,71.78997482133808,71.8016816609257,71.8130991524724,71.82422496994486,71.83505678730968,71.84559227853352,71.855829117583,71.86576497842479,71.87539753502551,71.88472446135181,71.89374343137034,71.90245215266674,71.91085116693228,71.91894595678222,71.92674250106798,71.93424677864087,71.94146476835232,71.94840244905367,71.95506579959631,71.96146079883162,71.96759342561099,71.97346965878577,71.97909547720734,71.9844768597271,71.9896197851964,71.99453023246662,71.99921418038915,72.00367760781535,72.0079264935966,72.01196681658429,72.0158045556298,72.01944568958447,72.02289619729972,72.02616205762689,72.02924924941738,72.03216375152256,72.03491154279381,72.0374986020825,72.03993090824,72.04221444011769,72.04435517656697,72.04635909643918,72.04823217858572,72.04998040185795,72.05160974510727,72.05312618718504,72.05453570694263,72.05584428323144,72.05705789490281,72.05818252080816,72.05922413979883,72.06018873072621,72.06108227244168,72.06191074379662,72.06268012364238,72.06339639083038,72.06406552421195,72.0646935026385,72.06528630496139,72.065849910032,72.06639029670171,72.0669134438219,72.06742533024394,72.06793193481919,72.06843923639906,72.0689532138349,72.0694798459781,72.07002511168002,72.07059498979206,72.07119545916558,72.07183249865196,72.07251208710257,72.07323998251321,72.07401834989348,72.07484643305791,72.07572339113081,72.07664838323649,72.07762056849923,72.07863910604334,72.07970315499314,72.08081187447293,72.08196442360699,72.08315996151964,72.0843976473352,72.08567664017794,72.08699609917217,72.08835518344222,72.08975305211236,72.09118886430691,72.09266177915018,72.09417095576646,72.09571555328004,72.09729473081525,72.09890764749639,72.10055346244775,72.10223133479364,72.10394042365837,72.10567988816622,72.10744888744152,72.10924658060856,72.11107212679164,72.11292468511508,72.11480341470315,72.11670747468018,72.11863602417048,72.12058822229834,72.12256322818804,72.12456020096393,72.12657829975028,72.12861668367141,72.13067451185161,72.13275094341519,72.13484513748645,72.1369562531897,72.13908344964923,72.14122588598936,72.14338272133438,72.14555311480859,72.14773622553632,72.14993121264183,72.15213723524947,72.1543534524835,72.15657902346827,72.15881310732803,72.16105486318712,72.16330345016983,72.16555802740046,72.16781775400334,72.17008178910274,72.17234929182297
70.85486286526478,70.87615131426111,70.89732390598925,70.91837725514469,70.93930797642292,70.96011268451949,70.98078799412986,71.00133051994956,71.02173687667408,71.04200367899895,71.06212754161965,71.08210507923172,71.10193290653064,71.12160763821191,71.14112588897106,71.16048427350356,71.17967940650496,71.19870790267075,71.21756637669642,71.2362514432775,71.25475971710947,71.27308781288784,71.29123234530815,71.30918992906587,71.3269571788565,71.34453070937559,71.3619071353186,71.37908307138107,71.39605513225848,71.41281993264636,71.42937408724018,71.4457142107355,71.46183691782775,71.47773882321252,71.49341654158528,71.50886668764153,71.52408587607675,71.53907072158651,71.55381783886625,71.56832384261153,71.58258534751783,71.59659896828066,71.61036131959551,71.62386901615793,71.63711867266338,71.65010690380737,71.66283032428544,71.67528554879306,71.68746919202576,71.69937786867902,71.71100819344838,71.72235678102933,71.73342024611736,71.744195203408,71.75467826759674,71.76486605337911,71.7747551754506,71.7843422485067,71.79362388724292,71.80259670635479,71.8112573205378,71.81960237404553,71.82763100289372,71.83534668718758,71.84275334332594,71.84985488770766,71.8566552367316,71.86315830679663,71.86936801430159,71.87528827564532,71.88092300722667,71.88627612544457,71.89135154669776,71.89615318738521,71.90068496390569,71.9049507926581,71.90895459004128,71.91270027245409,71.91619175629538,71.919432957964,71.92242779385882,71.92518018037867,71.92769403392245,71.92997327088898,71.93202180767713,71.93384356068574,71.93544244631369,71.9368223809598,71.93798728102294,71.93894106290199,71.93968764299578,71.94023093770318,71.94057486342302,71.94072333655419,71.9406802734955,71.94044959064584,71.94003520440407,71.93944103116903,71.93867098733958,71.93772898931456,71.93661895349285,71.93534479627328,71.93391043405472,71.93231978323604,71.93057676021607,71.92868528139368,71.92664926316772,71.92447262193704,71.92215927410052,71.91971313605697,71.91713812420528,71.91443815494429,71.91161714467287,71.90867900978986,71.90562766669413,71.90246703178454,71.8992010214599,71.89583355211911,71.89236854016102,71.88880990198447,71.88516155398835,71.88142741257147,71.8776113130694,71.87371577204053,71.86974223384163,71.86569211174469,71.86156681902159,71.8573677689443,71.85309637478468,71.84875404981474,71.84434220730637,71.83986226053148,71.83531562276204,71.83070370726995,71.82602792732715,71.82128969620555,71.81649042717711,71.81163153351375,71.8067144284874,71.80174052536998,71.79671123743341,71.79162797794962,71.78649216019056,71.78130519742817,71.77606850293432,71.770783489981,71.76545157184012,71.76007416178359,71.75465267308334,71.74918851901134,71.74368311283948,71.7381378678397,71.73255419728395,71.72693351444408,71.72127723259212,71.71558676499995,71.70986352493952,71.7041089256827,71.6983243805015,71.69251130266781,71.68667110545354,71.68080520213064,71.67491500597106,71.66900193024671,71.66306738822948,71.65711279319137,71.65113955840425,71.64514909714009,71.63914282267078,71.63312214826828,71.62708848720453,71.62104325275143,71.61498785818091,71.6089237167649,71.60285224177534,71.59677484648415,71.5906929441633,71.58460794808462,71.57852127152015,71.57243432774175
70.91980495767895,70.93976153834198,70.95957810858482,70.97925119714616,70.99877733276465,71.01815304417896,71.03737486012776,71.05643930934971,71.0753429205835,71.09408222256775,71.11265374404115,71.13105401374239,71.14927956041011,71.16732691278297,71.18519259959966,71.20287314959882,71.22036509151914,71.23766495409929,71.2547692660779,71.27167455619366,71.28837735318525,71.30487418579132,71.32116158275052,71.33723607280155,71.35309418468306,71.36873244713371,71.38414738889219,71.39933553869713,71.41429342528723,71.42901757740113,71.44350452377752,71.45775079315504,71.47175291427239,71.4855074158682,71.49901082668117,71.51225967544993,71.52525049091318,71.53797980180957,71.55044413687777,71.56264002485644,71.57456399448425,71.58621257449988,71.59758229364198,71.60866968064921,71.61947126426026,71.62998357321376,71.64020313624842,71.65012648210288,71.65975013951582,71.66907063722589,71.67808450397176,71.68678826849211,71.69517845952558,71.70325160581086,71.71100423608662,71.71843287909151,71.7255340635642,71.73230431824337,71.73874017186766,71.74483815317575,71.75059479090632,71.75600664674857,71.76107306014556,71.76579821322176,71.77018677447082,71.77424341238645,71.77797279546233,71.78137959219217,71.7844684710696,71.78724410058835,71.78971114924211,71.79187428552453,71.79373817792931,71.79530749495015,71.79658690508072,71.79758107681471,71.7982946786458,71.79873237906769,71.79889884657405,71.79879874965857,71.79843675681495,71.79781753653685,71.79694575731797,71.79582608765199,71.79446319603261,71.79286175095349,71.79102642090834,71.78896187439082,71.78667277989464,71.78416380591348,71.78143962094101,71.77850489347092,71.77536429199692,71.77202248501267,71.76848414101185,71.76475392848818,71.76083651593531,71.75673657184693,71.75245876471675,71.74800776303843,71.74338823530566,71.73860485001214,71.73366227565154,71.72856518071755,71.72331823370385,71.71792610310415,71.7123934574121,71.70672496512141,71.70092529472575,71.69499911471881,71.68895109359428,71.68278589984585,71.67650820196721,71.67012266845201,71.66363396779397,71.65704676848678,71.6503657390241,71.64359554789961,71.63674086360703,71.62980635464002,71.62279668949228,71.61571653665747,71.60857044699307,71.60136105759307,71.59408944960995,71.58675665908692,71.57936372206714,71.57191167459382,71.56440155271014,71.5568343924593,71.54921122988448,71.54153310102888,71.53380104193569,71.52601608864808,71.51817927720926,71.51029164366241,71.50235422405073,71.4943680544174,71.48633417080562,71.47825360925856,71.47012740581943,71.46195659653142,71.4537422174377,71.44548530458148,71.43718689400595,71.42884802175429,71.4204697238697,71.41205303639535,71.40359899537445,71.39510863685018,71.38658299686574,71.3780231114643,71.36943001668908,71.36080474858323,71.35214834318998,71.3434618365525,71.33474626471398,71.32600266371762,71.31723206960659,71.30843551842409,71.29961404621332,71.29076868901747,71.2819004828797,71.27301046384325,71.26409966795127,71.25516913124696,71.2462198897735,71.23725297957411,71.22826943669196,71.21927029717023,71.21025659705212,71.20122937238084,71.19218965919954,71.18313849355144,71.17407691147973,71.16500594902759,71.1559266422382,71.14684002715477,71.13774713982048,71.1286490162785
70.74712143371295,70.76674390310623,70.78635093983064,70.80593869443001,70.82550331744812,70.84504095942883,70.86454777091593,70.88401990245328,70.90345350458466,70.9228447278539,70.94218972280486,70.96148463998131,70.98072562992708,70.99990884318602,71.01903043030192,71.03808654181863,71.05707332827994,71.0759869402297,71.09482352821172,71.1135792427698,71.1322502344478,71.15083265378951,71.16932265133876,71.18771637763938,71.20600998323518,71.22419961866997,71.2422814344876,71.26025158123187,71.27810620944662,71.29584146967565,71.31345351246279,71.33093848835186,71.34829254788669,71.36551184161108,71.38259252006887,71.39953073380387,71.41632263335991,71.43296436928081,71.44945209211038,71.46578195239245,71.48195010067084,71.49795268748939,71.51378586339187,71.52944577892215,71.54492858462403,71.56023043104133,71.5753474687179,71.5902758481975,71.60501172002402,71.61955123474124,71.63389054289298,71.64802579502307,71.66195314167534,71.67566873339361,71.68916872072168,71.70244925420339,71.71550648438256,71.72833656180299,71.74093563700853,71.753299860543,71.7654253829502,71.77730845950633,71.78894670143879,71.80033866534609,71.81148292707965,71.82237806249086,71.83302264743114,71.84341525775189,71.85355446930453,71.86343885794047,71.87306699951111,71.88243746986787,71.89154884486214,71.90039970034536,71.90898861216891,71.9173141561842,71.92537490824266,71.9331694441957,71.9406963398947,71.9479541711911,71.95494151393629,71.96165694398168,71.96809903717869,71.97426636937871,71.98015751643318,71.98577105419349,71.99110555851105,71.99615960523727,72.00093177022354,72.0054206293213,72.00962475838196,72.01354273325691,72.01717312979756,72.02051452385533,72.02356549128163,72.02632460792785,72.02879044964541,72.03096159228573,72.03283661170022,72.03441408374026,72.03569258425729,72.0366706891027,72.03734697412791,72.03772001518433,72.03778838812337,72.03755066879643,72.03700543305492,72.03615125675026,72.03498671573384,72.03351038585708,72.03172084297141,72.0296166629282,72.02719642157889,72.02445869477488,72.02140205836756,72.01802508820836,72.0143263601487,72.01030445003997,72.00595793373357,72.00128538708093,71.99628538593346,71.9909565286839,71.98529956962334,71.97931917327612,71.97302041705917,71.96640837838937,71.95948813468364,71.95226476335885,71.94474334183192,71.93692894751976,71.92882665783927,71.92044155020733,71.91177870204088,71.90284319075678,71.89364009377195,71.8841744885033,71.87445145236774,71.86447606278215,71.85425339716343,71.8437885329285,71.83308654749426,71.8221525182776,71.81099152269543,71.79960863816464,71.78800894210215,71.77619751192485,71.76417942504965,71.75195975889345,71.73954359087314,71.72693599840564,71.71414205890784,71.70116684979664,71.68801544848895,71.67469293240167,71.66120437895171,71.64755486555595,71.63374946963131,71.61979326859469,71.60569133986299,71.59144876085311,71.57707060898194,71.56256196166642,71.5479278963234,71.53317349036982,71.51830382122259,71.50332396629857,71.48823900301468,71.47305400878784,71.45777406103494,71.44240423717287,71.42694961461854,71.41141527078886,71.39580628310074,71.38012772897105,71.36438468581672,71.34858223105464,71.3327254421017,71.31681939637484,71.30086917129093,71.28487984426687
70.65479524245391,70.68046296424367,70.70598373253945,70.73135307130825,70.75656650451704,70.78161955613278,70.80650775012249,70.83122661045311,70.85577166109165,70.88013842600506,70.90432242916033,70.92831919452445,70.95212424606437,70.9757331077471,70.9991413035396,71.02234435740885,71.04533779332185,71.06811713524554,71.09067790714693,71.11301563299297,71.13512583675066,71.15700404238697,71.1786457738689,71.20004655516338,71.22120191023744,71.24210736305803,71.26275843759214,71.28315065780673,71.30327954766881,71.32314063114532,71.34272943220327,71.36204147480963,71.38107228293136,71.39981738053547,71.41827229158892,71.43643254005868,71.45429364991175,71.47185114511508,71.48910054963568,71.50603738744051,71.52265718249656,71.53895545877079,71.55492774023018,71.57056955084174,71.58587641457241,71.60084385538919,71.61546739725905,71.62974256414898,71.64366488002594,71.65722986885692,71.67043305460889,71.68326996124884,71.69573611274375,71.70782703306058,71.71953824616632,71.73086527602796,71.74180364661245,71.75234888188679,71.76249650581796,71.77224204237292,71.78158160788043,71.79051785293755,71.79905748248713,71.80720726215323,71.81497395755993,71.8223643343313,71.82938515809141,71.83604319446437,71.8423452090742,71.84829796754501,71.85390823550087,71.85918277856585,71.86412836236403,71.86875175251947,71.87305971465626,71.87705901439848,71.8807564173702,71.88415868919546,71.88727259549839,71.89010490190303,71.89266237403346,71.89495177751377,71.89697987796801,71.89875344102028,71.90027923229462,71.90156401741514,71.90261456200591,71.90343763169099,71.90403999209445,71.90442840884039,71.90460964755286,71.90459047385596,71.90437765337374,71.90397795173028,71.90339813454966,71.90264496745596,71.90172521607325,71.9006456460256,71.89941302293708,71.89803411243177,71.89651568013376,71.89486449166711,71.89308731265588,71.89119090872418,71.88918204549606,71.88706748859559,71.88485400364686,71.88254835627394,71.88015731210092,71.87768763675184,71.8751460958508,71.87253945502187,71.86987447988912,71.86715793607662,71.86439658920847,71.86159720490872,71.85876654880144,71.85591138651073,71.85303848366064,71.85015455225977,71.84726367164504,71.8443661450975,71.84146198423923,71.83855120069232,71.83563380607885,71.83270981202091,71.82977923014059,71.82684207205996,71.8238983494011,71.82094807378613,71.8179912568371,71.81502791017611,71.81205804542523,71.80908167420657,71.8060988081422,71.8031094588542,71.80011363796464,71.79711135709564,71.79410262786928,71.79108746190762,71.78806587083277,71.78503786626679,71.78200345983178,71.77896266314983,71.77591548784301,71.7728619455334,71.76980204784311,71.76673580639421,71.7636632328088,71.76058433870892,71.7574991357167,71.75440763545421,71.75130984954355,71.74820578960676,71.74509546726597,71.74197889414324,71.73885608186067,71.73572704204034,71.73259178630433,71.72945032627472,71.72630267357361,71.72314883982307,71.7199888366452,71.71682267566207,71.71365036849576,71.71047192676838,71.707287362102,71.7040966861187,71.70089991044057,71.6976970466897,71.69448810648815,71.69127310145804,71.68805204322143,71.68482494340041,71.68159181361708,71.6783526654935,71.67510751065177,71.67185636071397,71.66859923301301,71.66533937290907
70.53720139425137,70.56013679727413,70.58297930643889,70.6057242202257,70.62836683711458,70.65090245558561,70.67332637411882,70.69563389119425,70.71782030529195,70.73988091489198,70.76181101847438,70.78360591451919,70.80526090150646,70.82677127791624,70.84813234222857,70.8693393929235,70.89038772848107,70.91127264738135,70.93198944810437,70.95253342913017,70.9728998889388,70.99308412601032,71.01308143882476,71.03288712586217,71.0524964856026,71.0719048165261,71.09110741711271,71.11009958584249,71.12887662119547,71.1474338216517,71.16576648569124,71.18386991179412,71.20173939844038,71.2193702441101,71.23675774728329,71.25389720644002,71.27078392006032,71.28741318662426,71.30378030461188,71.3198805725032,71.33570928877829,71.35126175191719,71.36653326039995,71.38151911270661,71.39621460731723,71.41061504271185,71.42471571737052,71.43851192977327,71.45199897840017,71.46517216173125,71.47802677824656,71.49055812642615,71.50276150475005,71.51463221169834,71.52616554575104,71.53735680538821,71.54820128908989,71.55869429533612,71.56883112260697,71.57860706938246,71.58801743914216,71.59705943986269,71.60573504601777,71.61404696565485,71.62199790682145,71.629590577565,71.63682768593303,71.64371193997297,71.65024604773235,71.65643271725862,71.66227465659928,71.66777457380178,71.67293517691363,71.67775917398228,71.68224927305523,71.68640818217997,71.69023860940398,71.6937432627747,71.69692485033966,71.69978608014631,71.70232966024213,71.70455829867463,71.70647470349124,71.7080815827395,71.70938164446683,71.71037759672076,71.71107214754873,71.71146800499825,71.71156787711679,71.71137447195184,71.71089049755085,71.71011866196133,71.70906167323075,71.70772223940659,71.70610306853634,71.70420686866746,71.70203634784743,71.69959421412375,71.69688317554389,71.69390594015533,71.69066521600556,71.68716371114203,71.68340413361226,71.67938919146371,71.67512159274385,71.67060404550018,71.66583925778018,71.6608299376313,71.65557879310106,71.65008853223691,71.64436186308635,71.63840149369685,71.63221013211589,71.62579048639095,71.61914526456951,71.61227717469906,71.60518892482708,71.59788322300103,71.59036277726841,71.58263029567668,71.57468849030663,71.56654034271844,71.55818926878422,71.54963872374849,71.54089216285577,71.53195304135059,71.52282481447746,71.5135109374809,71.50401486560543,71.49434005409556,71.48448995819582,71.47446803315071,71.46427773420479,71.45392251660253,71.44340583558846,71.43273114640714,71.42190190430303,71.41092156452068,71.3997935823046,71.38852141289932,71.37710851154935,71.36555833349921,71.3538743339934,71.34205996827647,71.33011869159293,71.3180539591873,71.30586922630408,71.2935679481878,71.28115358008299,71.26862957723415,71.2559993948858,71.24326648828247,71.23043431266868,71.21750632328893,71.20448597538777,71.19137672420969,71.17818202499922,71.16490533300086,71.15155010345916,71.13811979161862,71.12461785272377,71.11104774201911,71.09741291474919,71.08371682615848,71.06996293149155,71.05615468599288,71.042295544907,71.02838896347845,71.01443839695172,71.00044730057134,70.98641912958183,70.97235733922771,70.95826538475349,70.9441467214037,70.93000480442284,70.91584308905546,70.90166503054604,70.88747408413913,70.87327370507924,70.85906734861088
71.07134320343178,71.0879515202754,71.10442033632751,71.12074871719201,71.13693572847293,71.1529804357742,71.16888190469976,71.18463920085355,71.20025138983956,71.21571753726175,71.23103670872402,71.24620796983038,71.26123038618476,71.27610302339113,71.29082494705344,71.30539522277562,71.31981291616162,71.33407709281545,71.34818681834105,71.36214115834233,71.37593917842327,71.38957994418783,71.40306252123997,71.41638597518363,71.42954937162276,71.44255177616134,71.45539225440331,71.46806987195262,71.48058369441321,71.4929327873891,71.50511621648417,71.5171330473024,71.52898234544773,71.54066317652416,71.55217460613562,71.56351569988604,71.57468552337943,71.5856831422197,71.59650762201079,71.60715802835671,71.61763342686135,71.62793288312872,71.63805546276276,71.64800023136743,71.65776625454666,71.6673525979044,71.67675832704464,71.68598250757131,71.6950242050884,71.70388248519981,71.71255641350953,71.72104505562152,71.7293474771397,71.73746274366803,71.74538992081051,71.75312807417106,71.76067626935364,71.7680335719622,71.7751990476007,71.78217176187309,71.78895112523062,71.79553868917256,71.80193682571033,71.80814790852926,71.81417431131482,71.82001840775229,71.82568257152707,71.83116917632452,71.83648059583004,71.84161920372901,71.84658737370674,71.85138747944865,71.8560218946401,71.86049299296644,71.86480314811308,71.86895473376538,71.87295012360866,71.87679169132835,71.88048181060981,71.88402285513843,71.88741719859951,71.89066721467847,71.89377527706068,71.89674375943153,71.89957503547635,71.90227147888052,71.90483546332942,71.90726936250843,71.90957555010291,71.91175639979824,71.91381428527978,71.9157515802329,71.91757065834295,71.91927389329535,71.92086365877543,71.9223423284686,71.9237122760602,71.92497587523559,71.92613549968019,71.92719352307932,71.92815231911837,71.9290142614827,71.92978172385773,71.93045707992877,71.93104270338122,71.93154096790045,71.9319542471718,71.93228491488068,71.93253534471248,71.93270791035249,71.93280498548617,71.93282894379882,71.93278215897584,71.93266700470264,71.93248585466452,71.93224108254688,71.93193506203511,71.93157016681457,71.93114877057062,71.93067315878764,71.93014473875041,71.92956441400986,71.9289330821415,71.92825164072082,71.9275209873233,71.92674201952451,71.9259156348999,71.92504273102497,71.92412420547524,71.9231609558262,71.92215387965337,71.9211038745322,71.92001183803828,71.91887866774704,71.91770526123398,71.91649251607464,71.91524132984449,71.91395260011905,71.91262722447382,71.91126610048428,71.90987012572597,71.90844019777435,71.90697721420497,71.90548207259329,71.90395567051482,71.90239890554506,71.90081267525952,71.89919787723372,71.8975554090431,71.89588616826322,71.89419105246955,71.89247095923761,71.89072678614292,71.88895943076093,71.88716979066717,71.88535876343715,71.88352724664634,71.88167613787027,71.87980633468445,71.87791873466435,71.87601423538547,71.87409373442333,71.87215812935344,71.87020831775129,71.86824519719238,71.86626966525219,71.86428261950627,71.86228495753008,71.86027757689916,71.85826137518896,71.85623724997501,71.85420609883283,71.85216881933789,71.8501263090657,71.84807946559175,71.84602918649159,71.84397636934065,71.84192191171448,71.83986674058244,71.83781152388178
70.75138971824657,70.76797556734292,70.78457435795528,70.80118160603546,70.81779282753527,70.83440353840652,70.85100925460102,70.86760549207058,70.88418776676703,70.90075159464213,70.91729249164774,70.93380597373566,70.95028755685767,70.96673275696563,70.98313709001131,70.99949607194654,71.01580521872313,71.03206004629288,71.04825607060761,71.06438880761912,71.08045377327923,71.09644648353976,71.11236245435249,71.12819720166927,71.14394624144188,71.15960508962215,71.17516926216187,71.19063427501287,71.20599564412694,71.2212488854559,71.23638951495158,71.25141304856578,71.26631500225028,71.28109089195694,71.29573623363753,71.31024654324388,71.32461733672778,71.33884413004108,71.35292243913557,71.36684777996304,71.38061566847533,71.39422162062424,71.40766115236157,71.42092977963914,71.43402301840877,71.44693638462226,71.45966539423142,71.47220556318807,71.484552407444,71.49670144295104,71.50864818566099,71.52038815152567,71.53191685649688,71.54322981652645,71.55432254756616,71.56519056556783,71.5758293864833,71.58623452626435,71.5964015008628,71.60632599007072,71.6160066723326,71.62544485079191,71.63464191722554,71.64359926341038,71.65231828112331,71.66080036214122,71.66904689824098,71.67705928119949,71.68483890279362,71.69238715480027,71.69970542899632,71.70679511715866,71.71365761106416,71.72029430248973,71.72670658321223,71.73289584500856,71.73886347965559,71.74461087893023,71.75013943460934,71.75545053846982,71.76054558228854,71.7654259578424,71.77009305690828,71.77454827126306,71.77879299268363,71.78282861294687,71.78665652382968,71.79027811710893,71.79369478456151,71.7969079179643,71.79991890909419,71.80272914972807,71.80534003164281,71.80775294661531,71.80996928642244,71.81199044284111,71.81381780764818,71.81545277262055,71.81689672953509,71.8181510701687,71.81921718629825,71.82009646970063,71.82079031215274,71.82130010543145,71.82162724131365,71.82177311157622,71.82173910799605,71.82152662235004,71.82113704641503,71.82057177196795,71.81983219078566,71.81891969464506,71.81783567532302,71.81658152459644,71.8151586342422,71.81356839603718,71.81181220175827,71.80989144344828,71.80780784708978,71.8055641250155,71.80316317078646,71.80060787796374,71.7979011401084,71.79504585078146,71.79204490354401,71.78890119195707,71.7856176095817,71.78219704997896,71.77864240670989,71.77495657333556,71.77114244341699,71.76720291051527,71.76314086819141,71.75895921000651,71.75466082952158,71.75024862029768,71.74572547589588,71.74109428987722,71.73635795580275,71.73151936723352,71.72658141773059,71.721547000855,71.71641901016781,71.71120033923006,71.70589388160282,71.70050253084713,71.69502918052405,71.68947672419462,71.6838480554199,71.67814606776093,71.67237365477878,71.6665337100345,71.66062912708911,71.6546627995037,71.64863762083931,71.64255648465698,71.63642228451776,71.63023791398273,71.62400626661291,71.61773023596938,71.61141271561316,71.60505659910532,71.59866478000691,71.59224015187898,71.58578560828258,71.57930404277877,71.57279834892859,71.5662714202931,71.55972615043335,71.55316543291038,71.54659216128526,71.54000922911904,71.53341952997275,71.52682595740745,71.52023140498422,71.51363876626408,71.5070495612911,71.50046068591313,71.49387181053515,71.48728293515717
70.84773104807272,70.86594035712392,70.88404192006266,70.90203444735151,70.91991664945307,70.93768723682994,70.95534491994474,70.97288840926002,70.99031641523842,71.00762764834252,71.02482081903494,71.04189463777826,71.05884781503507,71.07567906126798,71.0923870869396,71.1089706025125,71.12542831844931,71.14175894521259,71.15796119326498,71.17403377306906,71.18997539508742,71.20578476978267,71.2214606076174,71.23700161905421,71.25240651455572,71.26767400458449,71.28280279960316,71.29779161007428,71.3126391464605,71.32734411922436,71.34190523882853,71.35632121573556,71.37059076040805,71.38471258330861,71.39868539489983,71.41250790564432,71.42617882600467,71.43969686644348,71.45306073742336,71.46626914940688,71.47932081285666,71.4922144382353,71.50494873600539,71.51752241662953,71.52993419057032,71.54218276829036,71.55426686025224,71.56618517691857,71.57793642875194,71.58951932621495,71.60093257977022,71.6121748998803,71.62324499700782,71.63414158161538,71.64486336416559,71.655409055121,71.66577736494426,71.67596700409794,71.68597668304466,71.695805112247,71.70545100216756,71.71491307380903,71.72419093671067,71.73328574946899,71.74219882625822,71.75093148125265,71.75948502862659,71.76786078255427,71.77606005721,71.78408416676805,71.79193442540273,71.79961214728827,71.80711864659898,71.81445523750912,71.82162323419297,71.82862395082483,71.83545870157897,71.84212880062965,71.84863556215117,71.8549803003178,71.86116432930382,71.86718896328352,71.87305551643115,71.87876530292104,71.88431963692742,71.88971983262456,71.8949672041868,71.90006306578836,71.90500873160354,71.90980551580664,71.91445473257191,71.91895769607365,71.9233157204861,71.92753011998359,71.93160220874037,71.93553330093073,71.93932471072893,71.94297775230926,71.946493739846,71.94987398751344,71.95311980948584,71.95623251993749,71.95921343304266,71.96206386297565,71.96478512391072,71.96737853002215,71.96984539548421,71.9721870344712,71.97440476115739,71.97649988971706,71.97847373432448,71.98032760915393,71.98206282837971,71.98368070617607,71.98518255671732,71.98656969417772,71.98784343273152,71.98900508655305,71.99005596981658,71.99099739669636,71.99183068136668,71.99255713800184,71.993178089463,71.99369499993408,71.99410944849821,71.99442301756963,71.9946372895626,71.99475384689137,71.99477427197016,71.99470014721325,71.99453305503485,71.99427457784924,71.99392629807063,71.9934897981133,71.99296666039147,71.9923584673194,71.99166680131135,71.99089324478155,71.99003938014424,71.98910678981368,71.9880970562041,71.98701176172975,71.9858524888049,71.98462081984377,71.9833183372606,71.98194662346967,71.98050726088519,71.97900183192142,71.97743191899261,71.97579910451302,71.97410497089686,71.97235110055841,71.9705390759119,71.96867047937158,71.96674689335168,71.96476990026648,71.96274108253019,71.96066202255709,71.9585343027614,71.95635950555737,71.95413921335927,71.95187500858131,71.94956847363775,71.94722119094286,71.94483474291084,71.94241071195597,71.9399506804925,71.93745623093466,71.9349289456967,71.93237040719286,71.9297821978374,71.92716590004456,71.92452309622857,71.9218553688037,71.91916430018419,71.91645147278427,71.91371846901822,71.91096687130025,71.90819826204464,71.90541422366559
70.64359801827177,70.66337424667543,70.68303665445194,70.70258304374033,70.72201121667962,70.74131897540883,70.76050412206706,70.77956445879329,70.7984977877266,70.81730191100598,70.83597463077052,70.85451374915922,70.87291706831115,70.89118239036532,70.90930751746075,70.92729025173654,70.94512839533166,70.9628197503852,70.98036211903616,70.9977533034236,71.01499110568653,71.03207332796404,71.04899777239513,71.06576224111882,71.08236453627418,71.09880246000023,71.11507381443604,71.13117640172061,71.14710802399298,71.16286648339224,71.17844958205734,71.19385512212739,71.20908090574139,71.22412473503837,71.23898441215741,71.25365773923752,71.26814251841773,71.2824365518371,71.29653764163464,71.31044358994941,71.32415219892047,71.3376612706868,71.35096860738747,71.36407201116151,71.37696928414798,71.38965822848587,71.40213664631426,71.41440233977218,71.42645311099866,71.43828676213272,71.44990109531344,71.46129391267982,71.47246301637091,71.48340620852576,71.49412129128339,71.50460606678286,71.51485833716316,71.52487590456337,71.53465657112253,71.54419813897965,71.55349841027379,71.56255518775808,71.57136682305793,71.57993322592927,71.58825458073346,71.59633107183177,71.60416288358553,71.61175020035606,71.61909320650469,71.62619208639273,71.63304702438151,71.63965820483236,71.64602581210656,71.65215003056542,71.65803104457032,71.66366903848254,71.66906419666338,71.67421670347423,71.67912674327633,71.68379450043102,71.68822015929965,71.69240390424352,71.69634591962392,71.70004638980222,71.70350549913971,71.70672343199772,71.70970037273756,71.71243650572055,71.714932015308,71.71718708586124,71.7192019017416,71.72097664731038,71.72251150692892,71.72380666495852,71.72486230576047,71.72567861369615,71.72625577312687,71.72659396841388,71.72669338391859,71.72655420400227,71.72617661302624,71.72556079535181,71.72470693534032,71.72361521735311,71.72228582575144,71.72071894489667,71.71891475915012,71.71687345287307,71.71459521042689,71.7120802161729,71.70932865447236,71.70634070968663,71.70311656617702,71.69965640830486,71.69596042043145,71.69202878691812,71.68786169212618,71.68345932041697,71.67882185615179,71.67394948369196,71.66884238739883,71.66350075163365,71.65792476796142,71.65211568593307,71.64607691860724,71.63981214349624,71.63332503811225,71.62661927996757,71.61969854657445,71.61256651544511,71.6052268640918,71.5976832700268,71.58993941076233,71.58199896381063,71.573865606684,71.56554301689462,71.55703487195478,71.54834484937672,71.5394766266727,71.53043388135495,71.52122029093573,71.5118395329273,71.50229528484186,71.49259122419173,71.4827310284891,71.47271837524625,71.46255694197541,71.45225040618882,71.44180244539879,71.4312167371175,71.4204969588572,71.4096467881302,71.39866990244869,71.38756997932495,71.3763506962712,71.36501573079974,71.35356876042275,71.34201346265252,71.33035351500132,71.31859259498134,71.30673438010487,71.29478254788415,71.28274077583143,71.27061274145893,71.25840212227894,71.24611259580371,71.23374783954546,71.22131153101643,71.20880734772891,71.19623896719511,71.18361006692732,71.17092432443775,71.15818541723866,71.1453970228423,71.13256281876093,71.11968648250678,71.10677169159212,71.09382212352918,71.08084145583021,71.06783336600748
70.77507153573677,70.7942997368244,70.81347173818622,70.83258311344227,70.85162943621268,70.8706062801175,70.8895092187768,70.9083338258107,70.92707567483927,70.9457303394826,70.96429339336075,70.98276041009382,71.00112696330186,71.01938862660501,71.03754097362332,71.05557957797689,71.07350001328578,71.09129785317012,71.10896867124993,71.12650804114531,71.14391153647637,71.1611747308632,71.17829319792583,71.1952625112844,71.21207824455894,71.22873597136959,71.2452312653364,71.26155970007946,71.27771684921885,71.29369828637465,71.30949958516695,71.32511631921582,71.34054406214136,71.35577838756365,71.37081486910279,71.38564908037881,71.40027659501186,71.41469298662199,71.42889382882927,71.4428746952538,71.45663115951567,71.47015879523494,71.4834531760317,71.49650987552607,71.50932446733808,71.52189252508785,71.53420962239545,71.54627133288096,71.55807323016447,71.56961088786605,71.58087987960579,71.5918757790038,71.60259415968011,71.61303059525486,71.6231806593481,71.63303992557991,71.64260396757038,71.6518683589396,71.66082867330766,71.66948048429461,71.67781936552058,71.68584092067232,71.6935432880783,71.7009290249116,71.70800113214693,71.71476261075895,71.72121646172243,71.727365686012,71.73321328460244,71.7387622584684,71.74401560858459,71.74897633592573,71.75364744146654,71.75803192618167,71.76213279104587,71.7659530370338,71.76949566512022,71.7727636762798,71.77576007148724,71.77848785171727,71.78095001794455,71.78314957114384,71.7850895122898,71.78677284235712,71.78820256232058,71.7893816731548,71.79031317583454,71.79100007133448,71.79144536062933,71.79165204469376,71.79162312450254,71.7913616010303,71.79087047525181,71.79015274814174,71.7892114206748,71.78804949382567,71.7866699685691,71.78507584587976,71.78327012673239,71.78125581210162,71.77903590296225,71.77661340028891,71.77399130505631,71.7711726182392,71.76816034081224,71.76495747375017,71.76156701802765,71.75799197461942,71.75423534450016,71.7503001286446,71.74618932802741,71.74190594362335,71.73745297640704,71.73283342735326,71.72805029743668,71.723106587632,71.71800529891391,71.71274943225717,71.70734198863641,71.70178596902642,71.69608437440183,71.69024020573735,71.68425643935217,71.67813565045651,71.67188008814833,71.665491992071,71.65897360186793,71.6523271571825,71.64555489765814,71.63865906293819,71.6316418926661,71.62450562648522,71.61725250403896,71.60988476497073,71.60240464892388,71.59481439554185,71.587116244468,71.57931243534577,71.57140520781851,71.56339680152962,71.55528945612252,71.54708541124057,71.5387869065272,71.53039618162578,71.52191547617969,71.51334702983235,71.50469308222713,71.49595587300746,71.48713764181673,71.4782406282983,71.46926707209556,71.46021921285197,71.45109929021086,71.44190954381563,71.4326522133097,71.42332953833645,71.41394375853929,71.40449711356158,71.39499184304674,71.38543018663816,71.37581438397922,71.36614667471335,71.3564292984839,71.34666449493429,71.33685450370791,71.32700156444812,71.31710791679839,71.30717580040204,71.29720745490252,71.2872051199432,71.27717103516744,71.26710744021867,71.2570165747403,71.24690067837568,71.23676199076826,71.22660275156139,71.21642520039845,71.20623157692287,71.19602412077805,71.18580507160735
70.96203557181995,70.98525360575583,71.00831735885261,71.03122283359457,71.05396603246594,71.07654295795095,71.09894961253384,71.12118199869886,71.14323611893025,71.16510797571223,71.18679357152907,71.20828890886499,71.22958999020423,71.25069281803106,71.27159339482967,71.29228772308433,71.31277180527928,71.33304164389877,71.35309324142702,71.37292260034826,71.39252572314678,71.41189861230676,71.43103727031247,71.44993769964816,71.46859590279804,71.48700788224639,71.50516964047742,71.52307717997537,71.5407265032245,71.55811361270902,71.5752345109132,71.59208520032128,71.60866168341748,71.62495996268605,71.64097604061124,71.65670591967726,71.67214560236837,71.68729109116883,71.70213838856286,71.71668349703468,71.73092241906856,71.74485115714873,71.75846571375943,71.7717620913849,71.7847362925094,71.79738431961712,71.80970217519236,71.8216858617193,71.83333138168224,71.84463473756539,71.85559193185297,71.86619896702926,71.87645184557849,71.88634656998487,71.89587914273268,71.90504556630613,71.91384184318949,71.92226397586697,71.93030796682282,71.93796981854129,71.94524553350662,71.95213111664451,71.95862475508792,71.96473083078676,71.97045481746738,71.97580218885611,71.98077841867934,71.98538898066342,71.98963934853471,71.99353499601956,71.99708139684437,72.00028402473545,72.00314835341918,72.00567985662192,72.00788400807005,72.0097662814899,72.01133215060786,72.01258708915026,72.01353657084348,72.01418606941387,72.0145410585878,72.01460701209162,72.0143894036517,72.0138937069944,72.01312539584607,72.01208994393308,72.01079282498179,72.00923951271855,72.00743548086974,72.0053862031617,72.00309715332081,72.0005738050734,71.99782163214587,71.99484610826455,71.99165270715581,71.98824690254601,71.98463416816152,71.98081997772869,71.97680980497387,71.97260912362344,71.96822340740376,71.96365813004117,71.95891876526204,71.95401078679275,71.94893966835963,71.94371088368906,71.9383299065074,71.932802210541,71.92713326951623,71.92132855715944,71.915393547197,71.90933371335527,71.9031545293606,71.89686146893936,71.89046000581791,71.8839556137226,71.87735376637981,71.8706599375159,71.8638796008572,71.8570182301301,71.85008129906093,71.84307428137609,71.83600264139535,71.8288704619091,71.82167900057625,71.81442916972937,71.80712188170106,71.79975804882393,71.79233858343056,71.78486439785355,71.7773364044255,71.76975551547899,71.76212264334664,71.75443870036104,71.74670459885478,71.73892125116045,71.73108956961066,71.72321046653799,71.71528485427505,71.70731364515443,71.69929775150872,71.69123808567052,71.68313555997244,71.67499108674706,71.66680557832697,71.65857994704479,71.65031510523309,71.64201196522447,71.63367143935155,71.6252944399469,71.61688187934313,71.60843466987282,71.59995372386858,71.59143995366301,71.5828942715887,71.57431758997824,71.56571082116422,71.55707487747925,71.54841067125592,71.53971911482684,71.53100112052458,71.52225760068175,71.51348946763095,71.50469763370477,71.4958830112358,71.48704651255665,71.4781890499999,71.46931153589816,71.46041488258403,71.45150000239008,71.44256780764893,71.43361921069317,71.42465512385539,71.41567645946817,71.40668412986415,71.3976790473759,71.38866212433601,71.37963427307709,71.37059640593172,71.3615494352325
71.26356270869898,71.27484005750192,71.28598962933097,71.29701121317295,71.30790459801469,71.31866957284295,71.32930592664458,71.33981344840636,71.3501919271151,71.36044115175763,71.37056091132072,71.38055099479122,71.39041119115589,71.40014128940157,71.40974107851507,71.41921034748316,71.42854888529268,71.43775648093043,71.44683292338321,71.45577800163782,71.4645915046811,71.47327322149982,71.48182294108081,71.49024045241086,71.49852554447679,71.50667800626539,71.51469762676349,71.52258419495787,71.53033749983537,71.53795733038277,71.5454434755869,71.55279572443453,71.5600138659125,71.5670976890076,71.57404698270663,71.58086153599643,71.58754113786378,71.59408557729549,71.60049464327838,71.60676812479923,71.61290581084488,71.61890749040211,71.62477295245773,71.63050198599856,71.6360943800114,71.64154992348307,71.64686840540034,71.65204961475006,71.65709334051901,71.66199937169401,71.66676749726184,71.67139750620936,71.67588918752332,71.68024233019057,71.68445672319788,71.68853215553209,71.69246841617998,71.69626529412837,71.69992257836407,71.70344005787388,71.70681752164461,71.71005475943035,71.71315224680264,71.71611240622096,71.71893800326502,71.7216318035145,71.7241965725491,71.7266350759485,71.72895007929237,71.73114434816043,71.73322064813233,71.73518174478778,71.73703040370647,71.73876939046808,71.74040147065229,71.74192940983879,71.74335597360728,71.74468392753744,71.74591603720894,71.7470550682015,71.74810378609479,71.74906495646849,71.74994134490228,71.75073571697587,71.75145083826894,71.75208947436117,71.75265439083226,71.75314835326189,71.75357412722974,71.7539344783155,71.75423217209887,71.7544699741595,71.75465065007712,71.75477696543142,71.75485168580205,71.7548775767687,71.7548574039111,71.7547939328089,71.75468992904179,71.75454815818946,71.75437138583162,71.75416237754793,71.75392389891807,71.75365871552175,71.75336959293865,71.75305929674846,71.75273059253085,71.75238624586554,71.75202902233218,71.75166168751048,71.75128700698012,71.75090774632079,71.75052667111217,71.75014654693395,71.74977013936582,71.74940021398747,71.74903953637859,71.74869087211886,71.74835698678795,71.74804064596559,71.74774461523141,71.74747166016516,71.74722453999799,71.74700508156727,71.74681320502975,71.74664859748161,71.746510946019,71.74639993773808,71.74631525973497,71.74625659910583,71.74622364294684,71.74621607835414,71.74623359242388,71.7462758722522,71.74634260493526,71.74643347756923,71.74654817725023,71.74668639107443,71.74684780613799,71.74703210953706,71.74723898836777,71.7474681297263,71.74771922070879,71.7479919484114,71.74828599993026,71.74860106236154,71.7489368228014,71.74929296834597,71.74966918609142,71.7500651631339,71.75048058656955,71.75091514349455,71.75136852100502,71.75184040619713,71.75233048616703,71.75283844801086,71.7533639788248,71.75390676570497,71.75446649574754,71.75504285604866,71.75563553370449,71.75624421581117,71.75686858946484,71.75750834176169,71.75816315979785,71.75883273066947,71.75951674147271,71.7602148793037,71.76092683125863,71.76165228443362,71.76239092592485,71.76314244282844,71.76390652224057,71.76468285125738,71.76547111697502,71.76627100648966,71.76708220689743,71.76790440529449,71.76873728877699,71.76958054444108
71.22974968636561,71.2438669997144,71.25790529863919,71.2718618451924,71.28573390142643,71.29951872939368,71.31321359114658,71.32681574873752,71.34032246421891,71.35373099964316,71.3670386170627,71.38024257852992,71.39334014609722,71.40632858181702,71.41920514774174,71.43196710592375,71.4446117184155,71.45713624726939,71.46953795453781,71.48181410227319,71.49396195252793,71.50597876735443,71.51786180880511,71.52960833893238,71.54121561978863,71.5526809134263,71.56400148189778,71.57517458725547,71.5861974915518,71.59706745683916,71.60778174516997,71.61833761859664,71.62873233917156,71.63896316894716,71.64902736997584,71.65892220431002,71.66864493400209,71.67819282110446,71.68756312766955,71.69675311574977,71.70576004739752,71.71458118466522,71.72321378960525,71.73165512427006,71.73990245071204,71.74795303098358,71.75580412713711,71.76345300122505,71.77089691529977,71.77813313141371,71.78515891161928,71.79197151796886,71.7985682125149,71.80494625730977,71.8111029144059,71.8170354458557,71.82274111371156,71.8282171800259,71.83346090685114,71.83846955623967,71.84324039024392,71.84777068852785,71.8520592154224,71.85610732359774,71.85991662568094,71.86348873429905,71.86682526207919,71.86992782164839,71.87279802563373,71.87543748666228,71.87784781736113,71.88003063035733,71.88198753827797,71.8837201537501,71.88523008940084,71.88651895785719,71.88758837174629,71.88843994369516,71.88907528633091,71.88949601228059,71.88970373417128,71.88970006463006,71.88948661628397,71.88906500176013,71.88843683368557,71.8876037246874,71.88656728739265,71.88532913442842,71.88389087842178,71.88225413199979,71.88042050778954,71.87839161841808,71.8761690765125,71.87375449469987,71.87114948560725,71.86835566186171,71.86537463609035,71.86220802092022,71.8588574289784,71.85532447289194,71.85161076528794,71.84771791879346,71.84364754603558,71.83940125964138,71.83498067223789,71.83038739645222,71.82562304491144,71.8206892302426,71.81558756507282,71.8103196620291,71.80488713373857,71.79929159282828,71.79353465192531,71.78761792365673,71.7815430206496,71.77531155553099,71.76892514092799,71.76238538946768,71.75569391377711,71.74885232648334,71.7418622402135,71.7347252675946,71.72744303711494,71.72001743530066,71.71245055846968,71.7047445090221,71.69690138935805,71.68892330187761,71.68081234898092,71.67257063306809,71.66420025653922,71.65570332179443,71.64708193123386,71.63833818725757,71.62947419226572,71.62049204865839,71.61139385883573,71.60218172519781,71.59285775014477,71.58342403607674,71.57388268539378,71.56423580049605,71.55448548378365,71.54463383765669,71.53468296451528,71.52463496675955,71.51449194678959,71.50425600700554,71.49392924980748,71.48351377759555,71.47301169276986,71.4624250977305,71.45175609487762,71.4410067866113,71.43017927533167,71.41927566343885,71.40829805333294,71.39724854741405,71.38612924808231,71.37494225773783,71.3636896787807,71.35237361361106,71.34099616462902,71.32955943423467,71.31806552482816,71.30651653880957,71.29491457857903,71.28326174653664,71.27156014508255,71.25981187661682,71.2480190435396,71.236183748251,71.22430809315111,71.21239418064008,71.20044411311798,71.18845999298496,71.17644392264113,71.16439800448657,71.15232434092142,71.1402250343458
70.65358447046631,70.67426558336933,70.69487810337638,70.71541833871265,70.73588259760332,70.75626718827357,70.77656841894859,70.79678259785358,70.8169060332137,70.83693503325416,70.85686590620014,70.87669496027682,70.89641850370938,70.91603284472303,70.93553429154294,70.9549191523943,70.97418373550228,70.9933243490921,71.01233730138892,71.03121890061793,71.04996545500433,71.06857327277328,71.08703866215,71.10535793135963,71.12352738862741,71.1415433421785,71.15940210023807,71.17709997103134,71.19463326278347,71.21199828371965,71.22919134206509,71.24620874604494,71.26304680388441,71.2797018238087,71.29617011404295,71.31244798281237,71.32853173834216,71.3444176888575,71.36010214258357,71.37558140774556,71.39085179256864,71.40590960527803,71.42075115409887,71.4353727472564,71.44977069297576,71.46394129948216,71.47788087500078,71.4915857277568,71.50505216597543,71.51827649788183,71.53125503170119,71.54398407565871,71.55645993797957,71.56867892688895,71.58063735061205,71.59233151737403,71.60375773540011,71.61491231291546,71.62579155814525,71.63639177931469,71.64670928464896,71.6567403841131,71.66648294277184,71.67593924028327,71.68511233433486,71.69400528261404,71.70262114280825,71.71096297260496,71.7190338296916,71.7268367717556,71.73437485648442,71.74165114156553,71.74866868468632,71.75543054353427,71.76193977579683,71.76819943916144,71.77421259131555,71.77998228994657,71.78551159274198,71.79080355738924,71.79586124157575,71.80068770298898,71.80528599931638,71.80965918824539,71.81381032746344,71.817742474658,71.82145868751651,71.8249620237264,71.82825554097514,71.83134229695014,71.83422534933888,71.83690775582878,71.83939257410731,71.84168286186188,71.84378167677997,71.84569207654901,71.84741711885646,71.84895986138973,71.8503233618363,71.85151067788361,71.85252486721909,71.85336898753019,71.85404609650436,71.85455925182906,71.8549115111917,71.85510593227976,71.85514557278066,71.85503349038186,71.85477274277079,71.85436638763491,71.85381748266167,71.8531290855385,71.85230425395285,71.85134604559218,71.8502575181439,71.8490417292955,71.8477017367344,71.84624059814803,71.84466137122386,71.84296711364934,71.8411608831119,71.83924573729898,71.83722473072432,71.83510045177935,71.83287453566801,71.83054850108256,71.82812386671529,71.82560215125847,71.82298487340435,71.82027355184522,71.81746970527335,71.81457485238101,71.81159051186049,71.80851820240403,71.80535944270393,71.80211575145245,71.79878864734187,71.79537964906444,71.79189027531247,71.7883220447782,71.78467647615392,71.7809550881319,71.7771593994044,71.77329092866371,71.7693511946021,71.76534171591183,71.76126401128518,71.75711959941441,71.75290999899183,71.74863672870966,71.74430130726022,71.73990525333575,71.73545008562854,71.73093732283085,71.72636848363497,71.72174508673315,71.71706865081768,71.71234069458083,71.70756273671486,71.70273629591206,71.6978628908647,71.69294404026503,71.68798126280535,71.68297607717793,71.67793000207502,71.6728445561889,71.66772125821187,71.66256162683617,71.65736718075408,71.65213943865788,71.64687991923984,71.64159014119224,71.63627162320734,71.6309258839774,71.62555444219471,71.62015881655157,71.61474052574019,71.6093010884529,71.60384202338193,71.59836484921959
70.66004345182847,70.68036531176801,70.70065550994758,70.7209085406745,70.7411188982561,70.76128107699972,70.78138957121269,70.80143887520234,70.82142348327599,70.841337889741,70.86117658890468,70.88093407507436,70.9006048425574,70.92018338566109,70.9396641986928,70.95904177595983,70.97831061176954,70.99746520042925,71.0165000362463,71.03540961352799,71.05418842658169,71.07283096971472,71.0913317372344,71.10968522344808,71.12788592266308,71.14592832918673,71.16380693732638,71.18151624138935,71.19905073568296,71.21640491451456,71.23357327219148,71.25055030302103,71.26733050131057,71.28390836136742,71.30027837749893,71.3164350440124,71.33237285521517,71.34808630541458,71.36356988891798,71.37881810003267,71.393825433066,71.4085863823253,71.42309544211788,71.4373471067511,71.4513358705323,71.46505622776878,71.47850267276789,71.49166969983696,71.50455180328333,71.51714347741431,71.52943921653724,71.54143351495948,71.55312086698831,71.56449576693112,71.57555270909519,71.58628618778788,71.59669069731652,71.60676073198844,71.61649078611097,71.62587535399145,71.6349089299372,71.64358601085878,71.65190342046718,71.65986458775895,71.66747410584827,71.67473656784937,71.68165656687643,71.68823869604365,71.69448754846523,71.70040771725539,71.70600379552829,71.71128037639816,71.7162420529792,71.72089341838559,71.72523906573153,71.72928358813124,71.7330315786989,71.73648763054871,71.73965633679488,71.7425422905516,71.74515008493307,71.7474843130535,71.74954956802708,71.75135044296802,71.7528915309905,71.75417742520871,71.75521271873689,71.75600200468921,71.75654987617988,71.75686092632309,71.75693974823304,71.75679093502394,71.75641907980999,71.75582877570537,71.75502461582428,71.75401119328095,71.75279310118955,71.75137493266429,71.74976128081937,71.74795673876898,71.74596589962734,71.74379335650862,71.74144370252704,71.73892153079677,71.73623143443206,71.73337800654707,71.73036584025601,71.72719952867308,71.72388366491249,71.72042284208842,71.71682165331508,71.71308469170665,71.70921655037736,71.70522182244139,71.70110510101294,71.69687097920622,71.69252405013542,71.68806890691474,71.68351014265838,71.67885235048054,71.6741001234954,71.6692580548172,71.66433073153566,71.65932185593616,71.65423332094079,71.64906679830648,71.6438239597901,71.63850647714857,71.6331160221388,71.62765426651768,71.6221228820421,71.616523540469,71.61085791355526,71.6051276730578,71.5993344907335,71.59348003833927,71.58756598763202,71.58159401036865,71.57556577830607,71.56948296320118,71.56334723681088,71.55716027089208,71.55092373720167,71.54463930749657,71.53830865353368,71.53193344706989,71.52551535986211,71.51905606366725,71.51255723024221,71.50602053134389,71.4994476387292,71.49284022415505,71.48619995937831,71.47952851615592,71.47282756624477,71.46609878140177,71.4593438333838,71.4525643939478,71.44576213485064,71.43893872784923,71.4320958447005,71.42523515716132,71.41835833698862,71.41146705593928,71.40456298577023,71.39764779823835,71.39072316510055,71.38379075811373,71.3768522490348,71.36990930962067,71.36296361162823,71.35601682681438,71.34907062693604,71.34212668375011,71.33518666901348,71.32825225448308,71.32132511191577,71.3144069130685,71.30749932969815,71.30060403356161
70.80386924461448,70.82379556501797,70.84360806596612,70.86330432616381,70.88288192431588,70.90233843912725,70.9216714493028,70.94087853354739,70.9599572705659,70.97890523906318,70.99772001774417,71.0163991853137,71.0349403204767,71.05334100193798,71.07159880840246,71.08971131857498,71.10767611116049,71.12549076486383,71.14315285838987,71.16065997044348,71.17800967972957,71.19519956495299,71.21222720481862,71.22909017803138,71.2457860632961,71.26231243931767,71.27866688480097,71.29484697845092,71.31085029897233,71.32667442507011,71.34231693544913,71.35777540881432,71.37304742387047,71.38813055932252,71.40302239387535,71.41772050623379,71.43222247510278,71.44652587918716,71.46062829719182,71.4745273078216,71.48822048978144,71.5017054217762,71.51497968251076,71.52804085068996,71.54088650501873,71.5535142242019,71.5659215869444,71.57810617195108,71.59006555792683,71.6017973235765,71.61329904760501,71.62456830871719,71.63560268561798,71.6463997570122,71.65695710160475,71.66727229810053,71.67734292520439,71.68716656162124,71.6967407860559,71.70606317721331,71.71513131379831,71.72394278796415,71.73249632556869,71.74079262894818,71.74883259894426,71.75661713639855,71.7641471421527,71.77142351704828,71.77844716192695,71.78521897763034,71.79173986500007,71.79801072487777,71.80403245810507,71.8098059655236,71.81533214797497,71.82061190630083,71.82564614134279,71.83043575394245,71.83498164494151,71.83928471518152,71.84334586550415,71.84716599675102,71.85074600976375,71.85408680538399,71.85718928445334,71.86005434781342,71.86268289630587,71.86507583077233,71.86723405205439,71.8691584609937,71.8708499584319,71.87230944521062,71.87353782217144,71.87453599015606,71.87530485000602,71.87584530256302,71.87615824866865,71.87624458916451,71.87610522489231,71.87574105669361,71.87515298541004,71.87434191188325,71.87330873695487,71.8720543614665,71.87057968625979,71.86888561217634,71.86697304005781,71.8648428707458,71.86249600508197,71.8599333439079,71.85715578806523,71.85416423839564,71.85095959574068,71.84754276094202,71.84391463484127,71.84007611828008,71.83602811210005,71.83177151714284,71.82730723425004,71.82263616426329,71.81775920802423,71.81267726637444,71.80739131415925,71.80190353015118,71.79621707194823,71.79033512552621,71.78426087686086,71.77799751192796,71.77154821670331,71.76491617716266,71.75810457928176,71.75111660903644,71.74395545240242,71.73662429535551,71.72912632387147,71.72146472392609,71.71364268149509,71.70566338255429,71.69753001307947,71.68924575904637,71.68081380643082,71.67223734120853,71.66351954935527,71.65466361684688,71.64567272965905,71.63655007376764,71.62729883514837,71.61792219977704,71.60842335362938,71.5988054826812,71.58907177290828,71.57922541028637,71.56926958079126,71.55920747039869,71.54904226508447,71.53877715082436,71.52841531359417,71.5179599393696,71.50741421412647,71.49678132384057,71.4860644544876,71.47526679204344,71.46439152248377,71.4534418317844,71.44242090592113,71.4313319308697,71.42017809260588,71.40896257710546,71.3976885703442,71.38635925829786,71.37497782694226,71.36354746225317,71.3520713502063,71.34055267677749,71.32899462794248,71.31740038967703,71.30577314795696,71.29411608875802,71.28243239805599,71.27072526182661
71.03019556855614,71.04273206617874,71.05523158421413,71.06769187355373,71.08011068508897,71.09248576971127,71.10481487831208,71.1170957617828,71.1293261710149,71.14150385689975,71.1536265703288,71.16569206219349,71.17769808338524,71.18964238479548,71.20152271731563,71.21333683183713,71.22508247925138,71.23675741044984,71.24835937632393,71.25988612776506,71.27133541566467,71.28270499091418,71.29399260440503,71.30519600702866,71.31631294967646,71.32734118323987,71.33827845861033,71.34912252667925,71.3598711383381,71.37052204447824,71.38107299599115,71.39152174376824,71.40186603870092,71.41210363168065,71.42223227359884,71.43224971534691,71.44215370781632,71.45194200189846,71.46161234848478,71.47116249846668,71.48059020273563,71.48989321218302,71.49906927770029,71.50811615017886,71.51703158051019,71.52581331958567,71.53445911829674,71.54296672753483,71.55133389819137,71.55955838115779,71.56763792732549,71.57557028758593,71.58335321283053,71.59098445395071,71.5984617618379,71.60578288738353,71.61294558147901,71.6199475950158,71.6267866788853,71.63346058397896,71.63996706118817,71.64630387688183,71.65247010218631,71.65846708291667,71.6642963933437,71.66995960773826,71.67545830037115,71.68079404551318,71.6859684174352,71.69098299040802,71.69583933870244,71.7005390365893,71.70508365833943,71.70947477822365,71.71371397051276,71.7178028094776,71.72174286938899,71.72553572451774,71.72918294913468,71.73268611751064,71.73604680391642,71.73926658262286,71.74234702790078,71.74528971402098,71.74809621525432,71.75076810587159,71.75330696014362,71.75571435234123,71.75799185673523,71.76014104759648,71.76216349919575,71.7640607858039,71.76583448169174,71.7674861611301,71.76901739838978,71.7704297677416,71.77172484345641,71.77290419980503,71.77396941105825,71.7749220514869,71.77576369536182,71.77649591695382,71.77712029053372,71.77763839037235,71.77805179074052,71.77836206590906,71.77857079014879,71.77867953773053,71.7786898829251,71.77860340000332,71.77842166323602,71.778146246894,71.77777872524811,71.77732067256916,71.77677366312795,71.77613927119535,71.77541907104214,71.77461463693915,71.7737275431572,71.77275936396713,71.77171167363973,71.77058604644586,71.7693840352507,71.76810684468283,71.76675539624493,71.76533060323142,71.7638333789367,71.76226463665519,71.7606252896813,71.75891625130944,71.75713843483403,71.75529275354947,71.75338012075018,71.75140144973057,71.74935765378504,71.74724964620803,71.74507834029393,71.74284464933714,71.74054948663212,71.73819376547323,71.73577839915491,71.73330430097157,71.7307723842176,71.72818356218745,71.7255387481755,71.72283885547617,71.72008479738388,71.71727748719304,71.71441783819806,71.71150676369334,71.7085451769733,71.70553399133237,71.70247412006493,71.69936647646543,71.69621197382824,71.6930115254478,71.68976604461852,71.68647644463479,71.68314363879107,71.6797685403817,71.67635206270116,71.67289511904383,71.66939862270411,71.66586348697645,71.66229062515522,71.65868095053486,71.65503537640977,71.65135481607437,71.64764018282308,71.64389238995028,71.64011235075041,71.63630097851788,71.63245918654708,71.62858788813244,71.62468799656838,71.6207604251493,71.6168060871696,71.61282589592372,71.60882076470605,71.604791606811
70.47247842898507,70.49530846997554,70.51808218860167,70.54079390238374,70.56343792884199,70.58600858549669,70.60850018986811,70.6309070594765,70.65322351184211,70.67544386448522,70.69756243492608,70.71957354068496,70.7414714992821,70.7632506282378,70.7849052450723,70.80642966730584,70.8278182124587,70.84906519805115,70.87016494160345,70.89111176063584,70.91189997266859,70.93252389522198,70.95297784581624,70.97325614197165,70.99335310120847,71.01326304104695,71.03298027900738,71.05249913261,71.07181391937506,71.09091895682282,71.10980856247357,71.12847705384756,71.14691874846503,71.16512796384626,71.18309901751151,71.20082622698104,71.2183039097751,71.23552638341398,71.25248796541791,71.26918297330715,71.285605724602,71.30175053682267,71.31761172748945,71.3331836141226,71.34846051424238,71.36343674536904,71.37810662502285,71.39246447072408,71.40650459999297,71.42022133034979,71.43360897931481,71.44666186440828,71.45937430315047,71.47174061306163,71.48375511166202,71.49541211647193,71.50670594501157,71.51763091480125,71.5281813433612,71.5383515482117,71.548135846873,71.55752855930382,71.56652618499176,71.57513141063774,71.58334801337917,71.5911797703534,71.59863045869788,71.60570385554998,71.61240373804708,71.61873388332658,71.62469806852589,71.63030007078238,71.63554366723345,71.6404326350165,71.64497075126891,71.6491617931281,71.65300953773144,71.65651776221631,71.65969024372014,71.66253075938029,71.66504308633417,71.66723100171917,71.66909828267268,71.6706487063321,71.67188604983482,71.67281409031823,71.67343660491971,71.67375737077668,71.67378016502653,71.67350876480664,71.6729469472544,71.6720984895072,71.67096716870246,71.66955676197755,71.66787104646986,71.6659137993168,71.66368879765575,71.66119981862411,71.65845063935927,71.65544503699861,71.65218678867956,71.64867967153948,71.64492746271577,71.64093393934583,71.63670287856704,71.6322380575168,71.62754325333252,71.62262224315155,71.61747880411134,71.61211671334924,71.60653974800266,71.60075168520898,71.59475630210561,71.58855737582994,71.58215868351934,71.57556400231124,71.568777109343,71.56180178175204,71.55464179667574,71.54730093125148,71.53978296261668,71.53209166790872,71.5242308223841,71.51620392505664,71.50801391004308,71.49966364241067,71.49115598722665,71.48249380955829,71.47367997447287,71.46471734703762,71.45560879231982,71.44635717538671,71.43696536130557,71.42743621514363,71.41777260196817,71.40797738684645,71.39805343484572,71.38800361103326,71.37783078047629,71.3675378082421,71.35712755939794,71.34660289901106,71.33596669214873,71.32522180387821,71.31437109926675,71.30341744338162,71.29236370129007,71.28121273805937,71.26996741875676,71.25863060844951,71.24720517220487,71.23569397509013,71.22409988217251,71.21242575851929,71.20067446919771,71.18884887927506,71.17695185381857,71.16498625789552,71.15295495657315,71.14086081491874,71.12870669799952,71.11649547088278,71.10422999863576,71.09191314632572,71.07954777901993,71.06713676178563,71.0546829596901,71.04218923780059,71.02965846118435,71.01709349490866,71.00449720404076,70.99187245364791,70.97922210879739,70.96654903455642,70.9538560959923,70.94114615817224,70.92842208616356,70.91568674503348,70.90294299984927,70.89019371567818
71.2580180717703,71.27471225607135,71.29134461227528,71.30791027535574,71.32440438028634,71.3408220620407,71.35715845559247,71.37340869591524,71.38956791798267,71.40563125676837,71.42159384724599,71.43745082438912,71.4531973231714,71.46882847856646,71.48433942554794,71.49972529908945,71.51498123416462,71.53010236574708,71.54508382881045,71.55992075832836,71.57460828927444,71.58914155662232,71.6035156953456,71.61772584041796,71.63176712681297,71.64563468950429,71.65932366346554,71.67282918367034,71.68614638509233,71.69927040270511,71.71219637148234,71.72491942639763,71.7374347024246,71.74973733453689,71.76182245770812,71.7736852069119,71.7853207171219,71.79672412331172,71.80789056045498,71.81881516352531,71.82949306749636,71.83991940734172,71.85008931803505,71.85999793454994,71.86964039186006,71.879011824939,71.8881073687604,71.8969221582979,71.9054513285251,71.91369001441565,71.92163335094317,71.92927647308129,71.93661451580363,71.9436426140838,71.95035590289547,71.95674951721222,71.96281859200771,71.96855826225556,71.97396400036726,71.97903643427277,71.98378021578716,71.98820010347062,71.99230085588327,71.99608723158528,71.99956398913682,72.00273588709803,72.00560768402906,72.00818413849007,72.01047000904123,72.01247005424268,72.01418903265457,72.01563170283708,72.01680282335035,72.01770715275454,72.0183494496098,72.01873447247628,72.01886697991415,72.01875173048356,72.01839348274467,72.01779699525763,72.01696702658258,72.0159083352797,72.01462567990914,72.01312381903105,72.01140751120559,72.00948151499291,72.00735058895319,72.00501949164654,72.00249298163315,71.99977581747316,71.99687275772673,71.99378856095403,71.9905279857152,71.9870957905704,71.98349673407978,71.97973557480348,71.9758170713017,71.97174598213456,71.96752706586224,71.96316508104486,71.95866478624262,71.95403094001564,71.94926830092409,71.94438162752812,71.93937567838789,71.93425521206356,71.92902498711528,71.92368976210321,71.9182542955875,71.9127233461283,71.90710167228578,71.90139403262009,71.89560518569138,71.8897398900598,71.88380290428553,71.87779898319273,71.87173197260687,71.86560362956115,71.85941541880891,71.85316880510346,71.84686525319817,71.84050622784636,71.83409319380135,71.8276276158165,71.82111095864511,71.81454468704054,71.80793026575611,71.80126915954516,71.79456283316101,71.78781275135702,71.7810203788865,71.77418718050279,71.76731462095923,71.76040416500915,71.75345727740587,71.74647542290275,71.7394600662531,71.73241267221026,71.72533470552757,71.71822763095835,71.71109291325597,71.70393201717371,71.69674640746494,71.68953754888298,71.68230690618117,71.67505594411284,71.66778612743131,71.66049892088995,71.65319578924206,71.64587819724099,71.63854760964006,71.6312054911926,71.62385330665198,71.61649252077149,71.60912459830449,71.6017510040043,71.59437320262425,71.58699265891771,71.57961083763796,71.57222920353837,71.56484922137226,71.55747235589297,71.55010007185382,71.54273383400816,71.53537510710932,71.52802535591061,71.5206860451654,71.51335863962701,71.50604460404877,71.498745403184,71.49146250178606,71.48419736460828,71.47695145640397,71.46971966306188,71.46248835621988,71.45525704937788,71.44802574253588,71.44079443569387,71.43356312885189,71.42633182200989
70.59507087162555,70.6139316070068,70.63273129061727,70.65146572063856,70.67013069525228,70.68872201264004,70.70723547098345,70.72566686846412,70.74401200326365,70.76226667356366,70.78042667754575,70.79848781339153,70.81644587928261,70.83429667340059,70.8520359939271,70.86965963904372,70.88716340693207,70.90454309577379,70.92179450375043,70.93891342904364,70.95589566983502,70.97273702430617,70.98943329063869,71.00598026701421,71.02237375161434,71.03860954262066,71.05468343821481,71.07059123657838,71.08632873589299,71.10189173434023,71.11727603010172,71.13247742135908,71.1474917062939,71.1623146830878,71.17694214992238,71.19136990497924,71.20559374644002,71.2196094724863,71.2334128812997,71.24699977106181,71.26036593995427,71.27350718615867,71.28641930785662,71.29909810322972,71.3115393704596,71.32373890772784,71.33569251321607,71.3473959851059,71.35884512157894,71.37003572081676,71.38096358100101,71.3916245003133,71.4020142769352,71.41212870904836,71.42196359483437,71.43151473247484,71.44077792015138,71.44974895604558,71.45842363833907,71.46679776521346,71.47486713485036,71.48262754758565,71.49007672928877,71.49721787200444,71.50405513113787,71.51059266209423,71.51683462027871,71.52278516109654,71.52844843995287,71.53382861225292,71.53892983340187,71.54375625880492,71.54831204386727,71.55260134399411,71.55662831459063,71.56039711106202,71.56391188881346,71.56717680325019,71.57019600977736,71.57297366380018,71.57551392072385,71.57782093595355,71.57989886489449,71.58175186295185,71.58338408553082,71.58479968803661,71.58600282587439,71.58699765444938,71.58778832916676,71.58837900543173,71.58877383864947,71.58897698422518,71.58899259756407,71.58882483407132,71.58847784915211,71.58795579821165,71.58726283665514,71.58640311988776,71.5853808033147,71.58420004234118,71.58286499237236,71.58137980881345,71.57974864706965,71.57797566254615,71.57606501064814,71.5740208467808,71.57184732634934,71.56954860475896,71.56712883741484,71.56459217972218,71.56194278708617,71.559184814912,71.55632241860488,71.55335975356999,71.55030097521252,71.54715023893768,71.54391170015064,71.54058951425662,71.5371878366608,71.53371082276837,71.53016262798454,71.52654740771447,71.5228693104605,71.51913147090568,71.51533495054332,71.51148055745311,71.5075690997147,71.50360138540772,71.49957822261185,71.49550041940674,71.49136878387205,71.48718412408742,71.48294724813253,71.47865896408702,71.47432008003057,71.4699314040428,71.46549374420339,71.461007908592,71.45647470528827,71.45189494237187,71.44726942792245,71.44259897001967,71.43788437674318,71.43312645617266,71.42832601638773,71.42348386546807,71.41860081149333,71.41367766254318,71.40871522669725,71.40371431203522,71.39867572663674,71.39360027858146,71.38848877594904,71.38334202681914,71.3781608392714,71.37294602138552,71.3676983812411,71.36241872691784,71.35710786649537,71.35176660805337,71.34639575967147,71.34099612942934,71.33556852540664,71.33011375568303,71.32463262833815,71.31912595145167,71.31359453310324,71.30803918137254,71.30246070433918,71.29685991008286,71.2912376066832,71.28559460221989,71.27993170477257,71.2742497224209,71.26854946324454,71.26283173532313,71.25709734673634,71.25134710556384,71.24558181988526,71.23980229778027
70.99137042179531,71.00448427052484,71.01756054065584,71.03059688256336,71.0435909466225,71.05654038320836,71.06944284269599,71.08229597546051,71.09509743187698,71.10784486232049,71.12053591716612,71.13316824678896,71.14573950156408,71.15824733186659,71.17068938807155,71.18306332055404,71.19536677968918,71.20759741585202,71.21975287941765,71.23183082076116,71.24382889025762,71.25574473828213,71.26757601520978,71.27932037141564,71.29097545727478,71.3025389231623,71.3140084194533,71.32538159652285,71.33665610474601,71.3478295944979,71.35889971615359,71.36986412008815,71.38072045667667,71.39146637629426,71.40209952931598,71.41261756611691,71.42301813707213,71.43329889255675,71.44345748294583,71.45349155861447,71.46339876993774,71.47317676729074,71.48282320104853,71.49233572158622,71.50171197927887,71.51094962450158,71.52004630762943,71.5289996790375,71.53780738910088,71.54646708819463,71.55497642669387,71.56333305497367,71.57153462340911,71.57957878237526,71.58746318224725,71.59518547340011,71.60274330620894,71.61013433104884,71.61735619829489,71.62440655832215,71.63128306150573,71.6379833585828,71.6445054239329,71.65084815068656,71.6570105938953,71.66299180861064,71.66879084988412,71.67440677276721,71.67983863231147,71.6850854835684,71.69014638158951,71.69502038142633,71.69970653813036,71.70420390675314,71.70851154234616,71.71262849996094,71.71655383464903,71.72028660146191,71.72382585545111,71.72717065166815,71.73032004516455,71.7332730909918,71.73602884420146,71.738586359845,71.74094469297397,71.74310289863988,71.74506003189424,71.74681514778858,71.74836730137439,71.74971554770322,71.75085894182656,71.75179653879594,71.75252739366287,71.75305056147887,71.75336509729546,71.75347005616416,71.75336449313647,71.75304746326393,71.75251802159802,71.7517752231903,71.75081812309226,71.74964577635542,71.74825723803131,71.74665156317144,71.74482780682732,71.74278502405046,71.74052226989241,71.73803859940465,71.7353330676387,71.7324047296461,71.72925264047836,71.72587585518698,71.7222734288235,71.71844441643941,71.71438787308625,71.71010285381553,71.70558841367875,71.70084360772746,71.69586749101315,71.69065911858735,71.68521754550156,71.67954182680731,71.67363102687048,71.66748557804523,71.6611087101265,71.65450399485086,71.64767500395479,71.64062530917482,71.63335848224752,71.62587809490935,71.61818771889688,71.6102909259466,71.60219128779507,71.59389237617879,71.58539776283429,71.57671101949809,71.56783571790672,71.55877542979671,71.54953372690457,71.54011418096682,71.53052036372002,71.52075584690066,71.51082420224526,71.50072900149036,71.49047381637249,71.48006221862816,71.4694977799939,71.45878407220623,71.44792466700167,71.43692313611676,71.42578305128802,71.41450798425197,71.40310150674513,71.39156719050402,71.37990860726518,71.36812932876512,71.35623292674038,71.34422297292747,71.33210303906291,71.31987669688324,71.30754751812496,71.29511907452464,71.28259493781876,71.26997867974384,71.25727387203645,71.24448408643308,71.23161289467025,71.2186638684845,71.20564057961235,71.19254659979032,71.17938550075493,71.16616085424272,71.1528762319902,71.1395352057339,71.12614134721035,71.11269822815608,71.09920942030757,71.0856784954014,71.07210902517406,71.05850458136207
70.65695396876478,70.67861544203882,70.7002213095935,70.72176692471498,70.74324764068939,70.7646588108029,70.78599578834167,70.80725392659178,70.82842857883941,70.84951509837072,70.87050883847184,70.89140515242892,70.91219939352808,70.93288691505552,70.95346307029732,70.97392321253969,70.9942626950687,71.01447687117056,71.03456109413139,71.05451071723732,71.07432109377453,71.09398757702914,71.1135055202873,71.13287027683515,71.15207719995885,71.17112164294454,71.18999895907834,71.20870450164642,71.22723362393495,71.24558167923001,71.2637440208178,71.28171600198442,71.29949297601607,71.31707029619884,71.33444331581893,71.35160738816242,71.36855786651552,71.38529010416431,71.40179945439499,71.4180812704937,71.43413090574654,71.4499437134397,71.46551504685931,71.48084025929151,71.49591470402245,71.51073373433826,71.52529270352511,71.53958696486916,71.5536118716565,71.56736277717332,71.58083503470573,71.59402399753989,71.60692501896196,71.61953345225808,71.63184465071438,71.64385396761702,71.65555675625211,71.66694836990587,71.67802416186436,71.68877948541379,71.69920969384026,71.70931014204328,71.71907762694903,71.72851303908703,71.73761799044487,71.74639409301003,71.75484295877007,71.76296619971254,71.77076542782493,71.7782422550948,71.78539829350967,71.79223515505706,71.79875445172453,71.8049577954996,71.81084679836982,71.81642307232269,71.82168822934577,71.82664388142658,71.83129164055265,71.83563311871148,71.83966992789067,71.84340368007773,71.84683598726016,71.8499684614255,71.85280271456134,71.85534035865513,71.85758300569447,71.85953226766682,71.86118975655978,71.86255708436087,71.8636358630576,71.86442770463748,71.8649342210881,71.86515702439698,71.86509772655162,71.86475793953957,71.86413927534835,71.86324334596551,71.8620717633786,71.86062613957512,71.85890808654261,71.85691921626858,71.8546611407406,71.85213547194621,71.8493438218729,71.84628780250821,71.84296902583972,71.8393891038549,71.83554964854133,71.83145227188649,71.82709858587796,71.82249020250327,71.81762873374993,71.81251579160548,71.80715298805745,71.80154193509335,71.79568424470077,71.78958152886722,71.78323539958018,71.77664746882726,71.76981934859595,71.76275265087375,71.75544899141636,71.74791053939285,71.74014059566457,71.73214259942375,71.72391998986262,71.71547620617338,71.70681468754827,71.69793887317957,71.68885220225945,71.67955811398019,71.67006004753398,71.66036144211307,71.6504657369097,71.64037637111608,71.63009678392447,71.61963041452708,71.60898070211613,71.5981510858839,71.58714500502256,71.57596589872438,71.56461720618157,71.55310236658639,71.54142481913104,71.52958800300777,71.51759535740882,71.50545032152641,71.49315633455276,71.48071683568011,71.46813526410068,71.45541505900673,71.44255965959047,71.42957250504415,71.41645703455995,71.40321668733017,71.389854902547,71.3763751194027,71.36278077708945,71.34907531479953,71.33526217172516,71.32134478705856,71.30732659999197,71.29321104971763,71.27900157542774,71.26470161631457,71.25031461157033,71.23584400038723,71.22129322195755,71.20666571547349,71.1919649201273,71.17719427511119,71.1623572196174,71.14745719283817,71.13249763396573,71.11748198219229,71.10241367671009,71.08729615671137,71.07213286138838,71.05692722993331
70.9293256691137,70.9484023179884,70.96737256891963,70.98623329068599,71.00498135206605,71.02361362183842,71.04212696878172,71.06051826167452,71.07878436929542,71.09692216042302,71.11492850383591,71.1328002683127,71.150534322632,71.16812753557237,71.18557677591242,71.20287891243076,71.22003081390598,71.23702934911667,71.25387138684144,71.27055379585886,71.28707344494757,71.30342720288613,71.31961193845315,71.33562452042722,71.35146181758695,71.36712069871093,71.38259803257776,71.39789068796603,71.41299553365434,71.42790943842128,71.44262927104548,71.45715190030549,71.47147419497992,71.48559302384739,71.49950525568647,71.51320775927577,71.5266974033939,71.53997105681944,71.55302558833098,71.56585786670712,71.57846476072648,71.59084313916763,71.60298987080917,71.61490182442971,71.62657586880783,71.63800887272215,71.64919770495125,71.66013923427373,71.67083032946819,71.68126785931322,71.69144869258743,71.7013696980694,71.71102774453773,71.72041970077103,71.72954243554788,71.7383928176469,71.74696771584665,71.75526399892577,71.76327853566282,71.77100819483643,71.77845021243144,71.78560587503922,71.79247898254843,71.79907337246415,71.8053928822915,71.81144134953553,71.81722261170137,71.8227405062941,71.82799887081879,71.83300154278056,71.8377523596845,71.8422551590357,71.84651377833924,71.85053205510022,71.85431382682373,71.85786293101486,71.86118320517872,71.86427848682038,71.86715261344496,71.86980942255751,71.87225275166315,71.87448643826697,71.87651431987406,71.87834023398952,71.87996801811842,71.88140150976587,71.88264454643696,71.88370096563678,71.88457460487042,71.88526930164298,71.88578889345955,71.88613721782521,71.88631811224506,71.8863354142242,71.88619296126772,71.88589459088071,71.88544414056825,71.88484544783545,71.88410235018738,71.88321868512915,71.88219829016586,71.88104500280258,71.87976266054443,71.87835510089647,71.87682616136381,71.87517967945153,71.87341949266475,71.87154943850854,71.86957335448798,71.86749507810819,71.86531844687426,71.86304729829126,71.8606854698643,71.85823679909846,71.85570512349885,71.85309428057055,71.85040810781864,71.84765044274823,71.8448251228644,71.84193596466044,71.83898575288906,71.83597579247184,71.83290727402954,71.82978138818297,71.82659932555288,71.82336227676008,71.82007143242535,71.81672798316946,71.8133331196132,71.80988803237737,71.80639391208273,71.80285194935007,71.79926333480017,71.79562925905383,71.79195091273182,71.78822948645492,71.78446617084393,71.78066215651961,71.77681863410277,71.77293679421417,71.76901782747461,71.76506292450487,71.76107327592574,71.75705007235797,71.75299450442239,71.74890776273975,71.74479103793084,71.74064552061645,71.73647240141737,71.73227287095438,71.72804811984825,71.72379933871977,71.71952771818974,71.7152344488789,71.71092072140809,71.70658772639806,71.7022366544696,71.69786869624349,71.69348504234051,71.68908688338146,71.68467540998712,71.68025181277827,71.67581728237568,71.67137300940014,71.66692018447245,71.66245999821336,71.65799364124369,71.65352230418422,71.64904717765572,71.64456945227896,71.64009031867474,71.63561096746385,71.63113258926707,71.62665637470516,71.62218351439894,71.61771519896918,71.61325261903666,71.60879696522215,71.60434941927963,71.59990593155807
70.1997292396214,70.22545543343276,70.25113809174987,70.27677169441888,70.30235072128588,70.32786965219698,70.35332296699829,70.37870514553592,70.40401066765595,70.42923401320452,70.45436966202774,70.4794120939717,70.50435578888249,70.52919522660626,70.5539248869891,70.5785392498771,70.60303279511638,70.62740000255305,70.65163535203321,70.67573332340298,70.69968839650845,70.72349505119574,70.74714776731095,70.7706410247002,70.79396930320958,70.8171270826852,70.8401088429732,70.86290906391963,70.88552222537064,70.9079428071723,70.93016528917077,70.95218415121212,70.97399387314246,70.99558893480791,71.01696381605457,71.03811299672854,71.05903095667594,71.07971217574287,71.10015113377544,71.12034231061976,71.14028018612193,71.15995924012806,71.17937395248426,71.19851880303662,71.21738827163128,71.23597683811433,71.25427898233187,71.27228918413,71.29000192335486,71.30741167985254,71.32451293346914,71.34130016405076,71.35776785144354,71.37391047549356,71.38972251604693,71.40519845294976,71.42033276604818,71.43511993518825,71.44955444021612,71.46363076097788,71.47734337731963,71.4906867713128,71.50365741403537,71.51625742292697,71.52848991054377,71.54035798944199,71.55186477217778,71.56301337130736,71.57380689938691,71.58424846897263,71.59434119262069,71.60408818288728,71.6134925523286,71.62255741350083,71.63128587896017,71.6396810612628,71.64774607296492,71.65548402662272,71.66289803479236,71.66999121003006,71.67676666489201,71.68322751193438,71.68937686371336,71.69521783278516,71.70075353170596,71.70598707303193,71.71092156931928,71.7155601331242,71.71990587700287,71.72396191351149,71.72773135520623,71.7312173146433,71.73442290437889,71.73735123696916,71.74000542497032,71.74238858093857,71.74450381743009,71.74635424700105,71.74794298220766,71.74927313560612,71.75034781975259,71.75117014720327,71.75174323051436,71.75207018224204,71.7521541149425,71.75199814117194,71.75160537348653,71.75097892444246,71.75012190659595,71.74903743250314,71.74772861472027,71.7461985658035,71.74445039830901,71.74248722479302,71.7403121578117,71.73792830992124,71.73533879367784,71.73254672163768,71.72955520635693,71.72636736039182,71.7229862962985,71.7194151266332,71.71565696341308,71.71171483949581,71.7075916258632,71.70329017371037,71.69881333423245,71.69416395862459,71.68934489808191,71.68435900379954,71.67920912697262,71.67389811879629,71.66842883046567,71.6628041131759,71.65702681812209,71.65109979649941,71.64502589950297,71.63880797832789,71.63244888416934,71.62595146822242,71.6193185816823,71.61255307574406,71.60565780160286,71.59863561045384,71.59148935349214,71.58422188191285,71.57683604691115,71.56933469968214,71.56172069142099,71.55399687332279,71.5461660965827,71.53823121239584,71.53019507195735,71.52206052646235,71.51383042710599,71.5055076250834,71.4970949715897,71.48859531782003,71.48001151496953,71.47134641423331,71.46260286680653,71.45378372388431,71.44489183666178,71.43593005633409,71.42690123409635,71.4178082211437,71.40865386867127,71.3994410278742,71.39017254994762,71.38085128608667,71.37148008748646,71.36206180534215,71.35259929084886,71.34309539520171,71.33355296959586,71.32397486522643,71.31436393328855,71.30472302497733,71.29505499148796,71.28536268401552
70.61889318901473,70.64142325440413,70.66390085534601,70.68632043470755,70.70867643535594,70.73096330015834,70.75317547198193,70.77530739369391,70.79735350816144,70.8193082582517,70.84116608683188,70.86292143676916,70.88456875093071,70.90610247218372,70.92751704339537,70.94880690743283,70.96996650716329,70.99099028545392,71.01187268517191,71.03260814918443,71.05319112035868,71.0736160415618,71.09387735566101,71.11396950552347,71.13388693401636,71.15362408400686,71.17317539836218,71.19253531994946,71.21169829163588,71.23065875628865,71.24941115677493,71.2679499359619,71.28626953671673,71.30436440190664,71.32222897439877,71.33985769706031,71.35724501275844,71.37438536436035,71.3912731947332,71.4079029467442,71.4242690632605,71.44036598714929,71.45618816127775,71.47173002851308,71.48698603172242,71.50195061377298,71.51661821753193,71.53098328586645,71.54504026164372,71.55878358773091,71.57220770699523,71.58530706230384,71.5980760965239,71.61050925252262,71.62260097316718,71.63434570132473,71.64573787986248,71.6567719516476,71.66744235954727,71.67774354642867,71.68766995515897,71.69721606324106,71.70637926798945,71.71516205706095,71.72356742935509,71.73159838377144,71.73925791920956,71.74654903456897,71.75347472874925,71.76003800064996,71.76624184917063,71.77208927321082,71.77758327167008,71.78272684344797,71.78752298744404,71.79197470255784,71.79608498768891,71.79985684173684,71.80329326360115,71.8063972521814,71.80917180637714,71.81161992508792,71.81374460721332,71.81554885165286,71.8170356573061,71.81820802307261,71.81906894785193,71.8196214305436,71.8198684700472,71.81981306526227,71.81945821508835,71.818806918425,71.81786217417178,71.81662698122824,71.81510433849392,71.8132972448684,71.8112086992512,71.8088417005419,71.80619924764004,71.80328433944517,71.80009997485685,71.79664915277463,71.79293487209806,71.7889601317267,71.78472793056008,71.78024126749779,71.77550314143934,71.77051655128433,71.76528449593228,71.75980997428273,71.75409598523527,71.74814552768943,71.74196160054477,71.73554720270084,71.7289053330572,71.7220389905134,71.71495117396897,71.70764488232349,71.7001231144765,71.69238886932756,71.68444514577622,71.67629494272202,71.66794127414227,71.65938739930584,71.65063677691046,71.64169287143558,71.63255914736065,71.62323906916512,71.61373610132846,71.6040537083301,71.59419535464951,71.58416450476616,71.5739646231595,71.56359917430896,71.55307162269402,71.54238543279413,71.53154406908874,71.52055099605731,71.5094096781793,71.49812357993416,71.48669616580133,71.4751309002603,71.4634312477905,71.45160067287138,71.43964263998241,71.42756061360305,71.41535805821275,71.40303843829095,71.39060521831712,71.3780618627707,71.36541183613119,71.352658602878,71.33980562749059,71.32685637444844,71.31381430823097,71.30068289331767,71.28746559418798,71.27416587532136,71.26078720119725,71.24733303629512,71.23380684509442,71.22021209207462,71.20655224171514,71.19283075849548,71.17905110689506,71.16521675139336,71.15133115646981,71.13739778660388,71.12342010627505,71.10940157996272,71.0953456721464,71.0812558473055,71.0671355699195,71.05298830446786,71.03881751543001,71.02462666728545,71.01041922451358,70.9961986515939,70.98196841300584,70.96773197322888
70.59065122007118,70.61378557675899,70.6367961063986,70.65967852567212,70.68242855126157,70.70504189984901,70.72751428811648,70.74984143274605,70.77201905041979,70.7940428578197,70.81590857162789,70.83761190852637,70.85914858519722,70.88051431832248,70.90170482458421,70.92271582066446,70.9435430232453,70.96418214900875,70.9846289146369,71.00487903681176,71.02492823221543,71.04477221752994,71.06440670943732,71.08382742461967,71.10303007975902,71.12201039153743,71.14076407663694,71.15928685173961,71.1775744335275,71.19562253868266,71.21342688388714,71.23098318582299,71.24828716117226,71.26533452661702,71.28212099883932,71.2986422945212,71.31489413034473,71.33087222299194,71.34657228914492,71.36199004548568,71.37712120869631,71.39196149545884,71.40650662245532,71.42075230636783,71.4346942638784,71.4483282116691,71.46164986642196,71.47465494481906,71.48733916354244,71.49969823927415,71.51172788869624,71.52342382849079,71.53478177533982,71.5457974459254,71.55646655692958,71.56678482503442,71.57674796692196,71.58635169927427,71.59559173877338,71.60446380210136,71.61296360594028,71.62108686914772,71.62883125510913,71.63619994730615,71.64319710208393,71.64982687578757,71.6560934247622,71.66200090535295,71.66755347390497,71.67275528676336,71.67761050027326,71.6821232707798,71.68629775462809,71.69013810816328,71.69364848773048,71.69683304967485,71.69969595034148,71.70224134607551,71.70447339322207,71.7063962481263,71.7080140671333,71.70933100658823,71.7103512228362,71.71107887222233,71.71151811109176,71.71167309578962,71.71154798266103,71.71114692805112,71.71047408830503,71.70953361976787,71.70832967878478,71.70686642170087,71.70514800486129,71.70317858461117,71.7009623172956,71.69850335925976,71.69580586684873,71.69287399640768,71.68971190428171,71.68632374681596,71.68271368035555,71.6788858612456,71.67484444583127,71.67059359045766,71.6661374514699,71.66148018521312,71.65662594803246,71.65157889627304,71.64634318627998,71.64092297439842,71.63532241697348,71.62954567035028,71.62359689087397,71.61748023488967,71.61119985874248,71.60475991877757,71.59816457134006,71.59141797277505,71.5845242794277,71.57748764764311,71.57031223376643,71.56300219414277,71.55556168099614,71.54799424128451,71.54030218423907,71.53248766779899,71.52455284990351,71.51649988849185,71.50833094150323,71.50004816687684,71.49165372255192,71.48314976646766,71.47453845656331,71.46582195077806,71.45700240705114,71.44808198332174,71.43906283752911,71.42994712761245,71.42073701151097,71.4114346471639,71.40204219251044,71.39256180548982,71.38299564404123,71.37334586610392,71.36361462961708,71.35380409251994,71.34391641275171,71.3339537482516,71.32391825695885,71.31381209681264,71.3036374257522,71.29339640171676,71.28309118264552,71.2727239264777,71.26229679115251,71.25181193460918,71.24127151478692,71.23067768962493,71.22003261706244,71.20933845503866,71.19859736149282,71.18781149436413,71.17698301159179,71.16611407111502,71.15520683087306,71.14426344880509,71.13328608285035,71.12227689094804,71.11123803103739,71.10017166105762,71.08907993894792,71.07796502264753,71.06682907009565,71.05567423923151,71.04450268799431,71.03331657432328,71.02211805615762,71.01090929143656,70.99969243809932,70.9884696540851
70.68605611925145,70.70628380507674,70.72638260240748,70.74635047291432,70.76618537826783,70.78588528013867,70.80544814019743,70.82487192011475,70.84415458156121,70.86329408620746,70.8822883957241,70.90113547178176,70.91983327605105,70.93837977020259,70.956772915907,70.97501067483488,70.99309100865688,71.01101187904358,71.02877124766563,71.04636707619362,71.06379732629819,71.08105995964993,71.0981529379195,71.11507422277747,71.13182177589448,71.14839355894115,71.1647875335881,71.18100166150595,71.19703390436528,71.21288222383674,71.22854458159095,71.24401893929853,71.25930325863007,71.27439550125622,71.28929362884757,71.30399560307475,71.31849938560839,71.33280293811909,71.34690422227746,71.36080119975412,71.37449183221972,71.38797408134484,71.40124590880009,71.41430527625613,71.42715014538356,71.43977847785298,71.45218823533502,71.46437737950029,71.47634387201943,71.48808567456302,71.49960074880171,71.51088705640612,71.52194255904682,71.53276521839449,71.5433529961197,71.55370385389308,71.56381575338527,71.57368665626686,71.58331452420846,71.59269731888072,71.60183300195425,71.61071953629221,71.61935595067835,71.62774429981565,71.63588717169596,71.6437871543112,71.65144683565325,71.658868803714,71.66605564648535,71.6730099519592,71.67973430812744,71.68623130298195,71.69250352451462,71.69855356071737,71.70438399958208,71.70999742910062,71.71539643726491,71.72058361206685,71.72556154149831,71.73033281355119,71.73490001621738,71.7392657374888,71.74343256535728,71.74740308781479,71.75117989285317,71.75476556846434,71.75816270264016,71.76137388337257,71.76440169865343,71.76724873647464,71.7699175848281,71.77241083170568,71.7747310650993,71.77688087300085,71.77886284340221,71.78067956429527,71.78233362367195,71.78382760952411,71.78516410984366,71.78634571262249,71.78737500585251,71.78825457752558,71.78898701563361,71.7895749081685,71.79002084312214,71.7903274084864,71.7904971922532,71.79053278241443,71.79043676696197,71.79021173388773,71.78986027118358,71.78938496684144,71.78878840885318,71.7880731852107,71.7872418839059,71.78629709293067,71.7852414002769,71.78407739393649,71.78280766190132,71.78143479216328,71.77996137271428,71.7783899915462,71.77672323399382,71.77496329514177,71.77311157204043,71.77116936419351,71.76913797110467,71.7670186922776,71.76481282721599,71.76252167542351,71.76014653640388,71.75768870966075,71.75514949469783,71.75253019101879,71.74983209812733,71.7470565155271,71.74420474272185,71.74127807921519,71.73827782451086,71.73520527811253,71.73206173952389,71.7288485082486,71.72556688379036,71.72221816565288,71.71880365333982,71.71532464635486,71.7117824442017,71.70817834638403,71.70451365240552,71.70078966176986,71.69700767398074,71.69316898854184,71.68927490495686,71.68532672272946,71.68132574136334,71.6772732603622,71.67317057922969,71.66901899746952,71.66481981458539,71.66057433008093,71.65628384345989,71.65194965422593,71.64757306188271,71.64315536593395,71.63869786588333,71.63420186123453,71.62966865149123,71.62509953615711,71.62049581473588,71.6158587867312,71.61118975164676,71.60649000898627,71.60176085825339,71.5970035989518,71.59221953058521,71.58740995265728,71.58257616467174,71.57771946613221,71.57284115654242,71.56794253540605
70.52315897910538,70.54868940494022,70.5741597364015,70.59956347005239,70.624894102456,70.65014513017547,70.67531004977398,70.70038235781466,70.72535555086063,70.75022312547503,70.77497857822104,70.79961540566177,70.82412710436037,70.84850717088,70.87274910178378,70.89684639363486,70.9207925429964,70.94458104643151,70.96820540050336,70.99165910177508,71.01493564680982,71.03802853217071,71.0609312544209,71.08363731012354,71.10614019584176,71.1284334081387,71.15051044357753,71.17236479872138,71.19398997013337,71.21537945437666,71.2365267480144,71.25742534760973,71.27806874972576,71.29845045092569,71.31856394777262,71.33840273682969,71.35796031466008,71.37723017782692,71.39620582289332,71.41488074642245,71.43324844497747,71.45130241512148,71.46903615341765,71.48644315642912,71.50351692071902,71.52025094285051,71.53663871938673,71.5526737468908,71.56834952192591,71.58365954105514,71.59859730084169,71.61315629784868,71.62733002863924,71.64111198977652,71.65449567782368,71.66747458934383,71.68004222090015,71.69219206905575,71.7039176303738,71.71521241481055,71.72607266233858,71.73650065112385,71.74649946821343,71.75607220065443,71.76522193549393,71.77395175977902,71.78226476055679,71.79016402487433,71.79765263977872,71.80473369231706,71.81141026953642,71.81768545848392,71.82356234620661,71.82904401975162,71.83413356616602,71.83883407249688,71.84314862579131,71.8470803130964,71.85063222145922,71.85380743792689,71.85660904954648,71.85904014336506,71.86110380642975,71.86280312578762,71.86414118848577,71.86512108157129,71.86574589209125,71.86601870709276,71.8659426136229,71.86552069872876,71.86475604945743,71.86365175285599,71.86221089597153,71.86043656585115,71.85833184954193,71.85589983409096,71.85314360654533,71.85006625395214,71.84667086335845,71.84296052181138,71.838938316358,71.83460733404539,71.82997066192067,71.8250313870309,71.81979259642318,71.81425737714461,71.80842881624226,71.80231000076323,71.7959040177546,71.78921395426346,71.7822428973369,71.774993934022,71.76747015136588,71.75967463641561,71.75161047621826,71.74328075782095,71.73468856827076,71.72583699461475,71.71672913457778,71.70736848612452,71.69775905871039,71.68790489513897,71.67781003821393,71.66747853073892,71.65691441551755,71.64612173535349,71.63510453305035,71.62386685141179,71.61241273324147,71.60074622134299,71.58887135852001,71.57679218757617,71.56451275131512,71.55203709254047,71.5393692540559,71.52651327866502,71.5134732091715,71.50025308837894,71.48685695909101,71.47328886411135,71.4595528462436,71.44565294829138,71.43159321305835,71.41737768334814,71.4030104019644,71.38849541171076,71.37383675539088,71.35903847580838,71.34410461576691,71.32903921807011,71.31384632552161,71.29852998092507,71.28309422708412,71.26754310680239,71.25188066288354,71.23611093813119,71.22023797534901,71.2042658173406,71.18819850690964,71.17204008685974,71.15579459999456,71.13946608911773,71.12305859703291,71.1065761665437,71.09002284045378,71.07340266156679,71.05671967268634,71.03997791661608,71.02318143615967,71.00633427412073,70.98944047330292,70.97250407650986,70.9555291265452,70.93851966621258,70.92147973831564,70.90441338565802,70.88732465104337,70.87022053613889,70.8531151020931,70.83600966804731
71.24329873921667,71.25629926908861,71.26923043910271,71.28209043730159,71.29487745172786,71.30758967042412,71.32022528143303,71.33278247279718,71.34525943255917,71.35765434876164,71.36996540944722,71.3821908026585,71.3943287164381,71.40637733882865,71.41833485787275,71.43019946161301,71.4419693380921,71.45364267535257,71.46521766143707,71.47669248438821,71.48806533224861,71.49933439306088,71.51049785486764,71.52155390571151,71.53250073363512,71.54333652668105,71.55405947289194,71.5646677603104,71.57515957697906,71.58553311094052,71.5957865502374,71.60591808291232,71.61592589700791,71.62580818056676,71.6355631216315,71.64518890824476,71.65468372844913,71.66404577028725,71.67327322180171,71.68236427103514,71.69131710603018,71.70012991482942,71.70880088547547,71.71732820601096,71.7257100644785,71.73394464892073,71.74203014738023,71.74996474789965,71.75774663852158,71.76537400728866,71.77284504224349,71.78015793142869,71.78731086288687,71.79430202466067,71.80112960479268,71.80779179132551,71.81428677230183,71.8206127357642,71.82676786975526,71.83275036231761,71.8385584014939,71.84419018431325,71.8496446653747,71.8549221200098,71.86002295619637,71.86494758191223,71.86969640513519,71.87426983384304,71.87866827601363,71.88289213962474,71.88694183265422,71.89081776307985,71.89452033887946,71.89804996803088,71.9014070585119,71.90459201830033,71.90760525537402,71.91044717771075,71.91311819328834,71.91561871008462,71.91794913607738,71.92010987924446,71.92210134756365,71.92392394901279,71.92557809156968,71.92706418321212,71.92838263191796,71.92953384566498,71.930518232431,71.93133620019384,71.93198815693133,71.93247451062126,71.93279566924146,71.93295204076973,71.9329440331839,71.93277205446176,71.93243651258116,71.93193781551989,71.93127637125576,71.9304525877666,71.92946687303022,71.92831963502442,71.92701128172703,71.92554222111586,71.92391286116873,71.92212360986345,71.92017487517782,71.91806706508967,71.91580058757681,71.91337585061706,71.91079326218824,71.90805323026812,71.90515616283457,71.90210246786539,71.89889255333837,71.89552682723134,71.89200569752212,71.88832957218851,71.88449885920834,71.88051396655942,71.87637530221954,71.87208327416656,71.86763835338819,71.86304203594834,71.85829665132563,71.85340455316071,71.84836809509424,71.84318963076687,71.83787151381928,71.83241609789211,71.826825736626,71.82110278366166,71.8152495926397,71.8092685172008,71.80316191098564,71.79693212763483,71.79058152078906,71.78411244408898,71.77752725117526,71.77082829568853,71.76401793126948,71.75709851155875,71.75007239019702,71.74294192082492,71.73570945708312,71.72837735261227,71.72094796105306,71.7134236360461,71.7058067312321,71.69809960025168,71.6903045967455,71.68242407435426,71.67446038671856,71.6664158874791,71.65829293027653,71.6500938687515,71.64182105654467,71.6334768472967,71.62506359464825,71.61658365223998,71.60803937371256,71.59943311270662,71.59076722286282,71.58204405782185,71.57326597122434,71.56443531671097,71.55555444792239,71.54662571849924,71.53765148208221,71.52863409231193,71.51957590282908,71.51047926727429,71.50134653928826,71.49218007251162,71.48298222058503,71.47375533714916,71.46450177584465,71.45522389031218,71.4459240341924,71.43660456112596
70.74324192529649,70.76595355117108,70.78859333298516,70.81115631166725,70.83363752814583,70.8560320233494,70.87833483820646,70.90054101364551,70.92264559059502,70.9446436099835,70.96653011273946,70.98830013979139,71.00994873206776,71.03147093049708,71.05286177600784,71.07411630952855,71.0952295719877,71.11619660431377,71.13701244743528,71.15767214228069,71.17817072977853,71.19850325085729,71.21866474644543,71.23865025747148,71.25845482486393,71.27807348955126,71.29750129246199,71.3167332745246,71.33576447666756,71.3545899398194,71.37320470490862,71.39160381286369,71.40978230461312,71.42773522108538,71.44545760320901,71.46294449191247,71.48019092812426,71.49719195277288,71.51394260678683,71.53043793109458,71.54667296662466,71.56264275430556,71.57834233506574,71.59376674983372,71.608911039538,71.62377024510707,71.63833940746943,71.65261356755356,71.66658776628798,71.68025704460113,71.69361644342158,71.70666100367778,71.71938576629822,71.73178577221141,71.74385606234586,71.75559167763002,71.76698765899243,71.77803904736157,71.78874088366592,71.79908820883401,71.8090760637943,71.8186994915195,71.82795536211907,71.8368457325504,71.8453735739027,71.85354185726513,71.86135355372686,71.86881163437704,71.87591907030486,71.8826788325995,71.8890938923501,71.89516722064587,71.90090178857595,71.90630056722951,71.91136652769575,71.9161026410638,71.92051187842287,71.9245972108621,71.92836160947067,71.93180804533776,71.93493948955253,71.93775891320416,71.94026928738181,71.94247358317466,71.94437477167187,71.94597582396263,71.94727971113609,71.94828940428141,71.9490078744878,71.9494380928444,71.9495830304404,71.94944565836495,71.94902894770723,71.94833586955642,71.94736939500166,71.94613249513216,71.94462814103707,71.94285930380556,71.94082895452681,71.93854006428998,71.93599560418424,71.93319854529877,71.93015185872274,71.9268585155453,71.92332148685566,71.91954374374296,71.91552825729637,71.91127799860509,71.90679593875825,71.90208504884504,71.89714829995464,71.89198866317619,71.88660910959891,71.88101261031193,71.87520213640443,71.86918065896559,71.86295114908457,71.85651657785054,71.84987991635268,71.84304413568015,71.83601220692213,71.82878710116779,71.8213717903721,71.81376937365025,71.80598321015113,71.79801669080857,71.78987320655636,71.7815561483283,71.77306890705823,71.76441487367993,71.7555974391272,71.74661999433386,71.7374859302337,71.72819863776054,71.71876150784817,71.70917793143042,71.69945129944107,71.68958500281393,71.67958243248282,71.66944697938153,71.65918203444387,71.64879098860366,71.63827723279469,71.62764415795075,71.61689515500568,71.60603361489326,71.5950629285473,71.58398648690162,71.57280768089002,71.56152990144629,71.55015653950424,71.53869098599769,71.52713663186043,71.51549686802628,71.50377508542901,71.49197467500248,71.48009902768047,71.46815153439677,71.4561355860852,71.44405457367955,71.43191188811366,71.41971092032131,71.4074550612363,71.39514770179245,71.38279223292358,71.37039204556345,71.3579505306459,71.34547107910473,71.33295708187373,71.32041192988673,71.30783901407752,71.29524172537991,71.2826234547277,71.2699875930547,71.25733753129471,71.24467666038154,71.232008371249,71.21933605483089,71.20666310206101,71.19399290387318
70.86474433982644,70.88548509999072,70.90611979650632,70.92664439376497,70.9470548561585,70.96734714807866,70.98751723391717,71.00756107806583,71.0274746449164,71.04725389886062,71.06689480429029,71.08639332559713,71.10574542717293,71.12494707340946,71.14399422869849,71.16288285743175,71.18160892400104,71.20016839279808,71.21855722821468,71.23677139464257,71.25480685647352,71.27265957809931,71.29032552391169,71.30780065830243,71.32508094566327,71.34216235038602,71.35904083686242,71.3757123694842,71.39217291264319,71.40841843073107,71.4244448881397,71.44024824926078,71.45582447848605,71.47116954020734,71.48627939881641,71.50115001870495,71.5157773642648,71.53015739988768,71.5442860899654,71.55815939888967,71.57177329105227,71.58512373084497,71.59820668265954,71.61101811088776,71.62355397992133,71.63581025415206,71.64778289797172,71.65946787577207,71.67086115194485,71.68195869088183,71.69275645697476,71.70325041461547,71.71343652819564,71.7233107621071,71.73286908074158,71.74210744849083,71.75102182974666,71.75960818890078,71.76786249034498,71.77578069847104,71.78335877767068,71.79059273448985,71.79748212909652,71.80403271697361,71.81025087582341,71.81614298334827,71.82171541725054,71.82697455523254,71.83192677499662,71.83657845424509,71.84093597068028,71.84500570200453,71.8487940259202,71.8523073201296,71.85555196233506,71.85853433023891,71.8612608015435,71.86373775395114,71.86597156516422,71.867968612885,71.86973527481584,71.87127792865908,71.87260295211709,71.87371672289214,71.8746256186866,71.87533601720276,71.87585429614302,71.87618683320966,71.87634000610504,71.8763201925315,71.87613377019133,71.87578711678691,71.87528661002057,71.8746386275946,71.87384954721136,71.8729257465732,71.87187360338245,71.87069949534143,71.86940980015248,71.8680108955179,71.8665091591401,71.86491096872132,71.86322270196396,71.86145073657033,71.85960145024276,71.85768122068362,71.85569642559517,71.85365344267981,71.85155864963986,71.84941842417763,71.84723914399547,71.8450271867957,71.84278893028068,71.84053075215269,71.83825903011413,71.83598014186731,71.83370046511453,71.83142637755816,71.82916425690053,71.82692048084397,71.82470142709082,71.82251347334338,71.82036277372384,71.81825184504368,71.81618024688214,71.81414745308354,71.81215293749216,71.8101961739523,71.80827663630825,71.80639379840429,71.80454713408471,71.80273611719383,71.80096022157588,71.79921892107521,71.7975116895361,71.7958380008028,71.79419732871963,71.79258914713091,71.79101292988088,71.78946815081386,71.78795428377413,71.78647080260598,71.78501718115368,71.78359289326158,71.78219741277391,71.78083021353498,71.7794907693891,71.77817855418056,71.77689304175362,71.77563370595257,71.77440002062173,71.77319145960539,71.77200749674782,71.77084760589332,71.76971126088617,71.76859793557068,71.76750710379113,71.76643823939182,71.76539081621704,71.76436430811103,71.76335818891815,71.76237193248267,71.76140501264885,71.76045690326103,71.75952707816347,71.75861501120048,71.75772017621631,71.75684204705527,71.75598009756169,71.7551338015798,71.75430263295394,71.75348606552836,71.75268357314738,71.75189462965528,71.75111870889637,71.75035528471489,71.74960383095518,71.7488638214615,71.74813473007816,71.74741603064945
70.6875015129809,70.70530864197033,70.72303128974048,70.74066712082079,70.7582137997407,70.77566899102963,70.79303035921706,70.81029556883239,70.82746228440506,70.84452817046451,70.86149089154021,70.87834811216158,70.89509749685804,70.91173671015905,70.92826341659404,70.94467528069245,70.96096996698373,70.97714513999729,70.9931984642626,71.00912760430909,71.02493022466618,71.04060398986333,71.05614656442998,71.07155561289555,71.0868287997895,71.10196378964125,71.11695824698025,71.13180983633593,71.14651622223774,71.16107506921512,71.17548404179749,71.1897408045143,71.20384302189498,71.217788358469,71.23157447876576,71.24519904731471,71.25865972864531,71.27195418728698,71.28508008776916,71.29803509462128,71.3108168723728,71.32342308555315,71.33585139869174,71.34809947631805,71.3601649829615,71.37204558315155,71.38373894141759,71.39524272228911,71.40655459029553,71.41767220996627,71.4285932458308,71.43931536241853,71.44983622425892,71.4601534958814,71.4702648418154,71.48016792659038,71.48986041473577,71.49933997078101,71.50860425925552,71.51765094468875,71.52647769161015,71.53508216567373,71.54346303768291,71.55162183184412,71.55956057524843,71.56728129498688,71.57478601815056,71.58207677183051,71.58915558311782,71.59602447910352,71.6026854868787,71.6091406335344,71.61539194616168,71.62144145185162,71.62729117769527,71.6329431507837,71.63839939820798,71.64366194705916,71.6487328244283,71.65361405740646,71.6583076730847,71.66281569855411,71.66714016090572,71.6712830872306,71.67524650461984,71.67903244016446,71.68264292095556,71.68607997408417,71.68934562664136,71.69244190571821,71.69537083840576,71.6981344517951,71.70073477297726,71.70317382904332,71.70545364708434,71.70757625419138,71.70954367745551,71.71135794396778,71.71302108081926,71.71453511510101,71.71590207390409,71.71712398431957,71.7182028734385,71.71914076835196,71.719939696151,71.72060168392667,71.72112875877006,71.72152294777221,71.7217862780242,71.72192077661707,71.7219284706419,71.72181138718975,71.72157155335168,71.72121099621874,71.72073174288202,71.72013582043256,71.71942525596143,71.71860207655968,71.7176683093184,71.71662598132862,71.71547711968141,71.71422375146786,71.71286790315658,71.711411509803,71.70985631952877,71.70820405760598,71.70645644930671,71.704615219903,71.70268209466697,71.70065879887063,71.69854705778612,71.69634859668547,71.69406514084076,71.69169841552407,71.68925014600747,71.68672205756303,71.68411587546282,71.68143332497893,71.67867613138341,71.67584601994835,71.6729447159458,71.66997394464786,71.66693543132659,71.66383090125406,71.66066207970235,71.65743069194353,71.65413846324967,71.65078711889284,71.64737838414511,71.64391398427857,71.64039564456527,71.63682509027731,71.63320404668674,71.62953423906563,71.62581739268609,71.62205523282014,71.61824948473989,71.6144018737174,71.61051412502474,71.60658796393398,71.6026251157172,71.59862730564647,71.59459625899387,71.59053370103148,71.58644135703133,71.58232095226553,71.57817421200616,71.57400286152527,71.56980862609494,71.56559323098723,71.56135840147424,71.55710586282802,71.55283734032066,71.54855455922421,71.54425924481077,71.53995312235239,71.53563791712115,71.53131535438914,71.5269871594284,71.52265505751102
70.88455812983801,70.90623391561017,70.92779275173562,70.94923155297049,70.97054723407084,70.99173670979279,71.01279689489245,71.0337247041259,71.05451705224925,71.07517085401861,71.09568302419007,71.11605047751974,71.1362701287637,71.15633889267808,71.17625368401896,71.19601141754244,71.21560900800463,71.23504337016163,71.25431141876953,71.27341006858445,71.29233623436248,71.31108683085972,71.32965877283226,71.34804897503622,71.36625435222768,71.38427181916278,71.40209829059756,71.41973068128819,71.43716590599071,71.45440087946125,71.47143251645592,71.4882577317308,71.50487344004199,71.5212765561456,71.53746399479773,71.55343267075447,71.56917949877196,71.58470139360625,71.59999527001347,71.61505804274971,71.62988662657106,71.64447793623366,71.65882888649357,71.6729363921069,71.68679736782977,71.70040872841825,71.71376738862847,71.72687026321651,71.73971426693849,71.75229631455049,71.76461332080864,71.77666220046899,71.7884398682877,71.79994323902082,71.81116922742449,71.82211474825478,71.8327767162678,71.84315204621967,71.85323765286647,71.86303045096432,71.87252735526928,71.88172529973772,71.8906228369171,71.89922134117496,71.90752247028514,71.91552788202145,71.92323923415776,71.93065818446787,71.93778639072562,71.94462551070484,71.95117720217938,71.95744312292305,71.96342493070969,71.96912428331314,71.97454283850722,71.97968225406576,71.98454418776262,71.9891302973716,71.99344224066655,71.9974816754213,72.00125025940967,72.00474965040551,72.00798150618265,72.0109474845149,72.01364924317612,72.01608843994012,72.01826673258076,72.02018577887183,72.02184723658722,72.02325276350071,72.02440401738616,72.02530265601739,72.02595033716824,72.02634871861252,72.0264994581241,72.02640421347681,72.02606464244444,72.02548240280086,72.02465915231988,72.02359654877536,72.0222962499411,72.02075991359095,72.01898919749874,72.01698575943831,72.01475125718348,72.01228734850808,72.00959569118596,72.00667794299093,72.00353576169684,72.00017080507752,71.99658473090679,71.9927791969585,71.98875586100645,71.98451638082452,71.9800624141865,71.97539561886626,71.9705176526376,71.96543017327436,71.96013483855037,71.95463330623947,71.9489272341155,71.94301827995228,71.93690815238261,71.93059938743774,71.92409519384618,71.91739879983915,71.91051343364775,71.90344232350317,71.89618869763656,71.88875578427907,71.88114681166186,71.87336500801611,71.86541360157294,71.85729582056352,71.84901489321902,71.84057404777059,71.83197651244937,71.82322551548654,71.81432428511326,71.80527604956066,71.79608403705991,71.78675147584218,71.77728159413861,71.76767762018036,71.7579427821986,71.74808030842446,71.73809342708913,71.72798536642375,71.71775935465948,71.70741862002745,71.69696639075887,71.68640589508486,71.67574036123659,71.6649730174452,71.65410709194187,71.64314581295774,71.63209240872398,71.62095010747174,71.60972213743217,71.59841172683645,71.5870221039157,71.57555649690111,71.56401813402384,71.55241024351501,71.54073605360581,71.52899879252737,71.51720168851088,71.50534796978748,71.49344086458832,71.48148360114457,71.46947940768739,71.45743151244791,71.44534314365731,71.43321752954674,71.42105789834737,71.40886747829033,71.3966494976068,71.38440718452793,71.37214376728488,71.35986247410881
71.0348113171888,71.05001473167056,71.06517179562601,71.0802788728096,71.09533232697578,71.11032852187896,71.12526382127362,71.1401345889142,71.15493718855512,71.16966798395084,71.18432333885582,71.1988996170245,71.21339318221129,71.22780039817067,71.2421176286571,71.25634123742498,71.27046758822878,71.28449304482295,71.29841397096192,71.31222673040014,71.32592768689206,71.33951320419212,71.35297964605476,71.36632337623443,71.37954075848559,71.39262815656267,71.40558193422011,71.41839845521237,71.43107408329388,71.44360518221907,71.45598811574243,71.46821924761838,71.48029494160136,71.49221156144583,71.50396547090621,71.51555303373696,71.52697061369254,71.53821457452737,71.54928127999591,71.5601670938526,71.57086837985189,71.58138150174821,71.59170282329602,71.60182870824976,71.61175552036387,71.6214796233928,71.63099738109099,71.64030515721291,71.64939931551297,71.65827621974563,71.66693223366534,71.67536372102653,71.68356704558366,71.69153857109117,71.6992746613035,71.7067716799751,71.71402599086042,71.7210339577139,71.72779194428998,71.7342963143431,71.74054343162771,71.74652968860667,71.7522538978789,71.75771909126117,71.76292872432253,71.76788625263211,71.77259513175898,71.7770588172722,71.78128076474091,71.78526442973418,71.78901326782109,71.79253073457075,71.79582028555221,71.7988853763346,71.80172946248699,71.80435599957848,71.80676844317814,71.80897024885509,71.81096487217839,71.81275576871714,71.81434639404043,71.81574020371735,71.816940653317,71.81795119840845,71.8187752945608,71.81941639734313,71.81987796232454,71.82016344507413,71.82027630116096,71.82021998615414,71.81999795562275,71.81961366513589,71.81907057026264,71.81837212657209,71.81752178963333,71.81652301501546,71.81537925828755,71.81409397501871,71.81267062077801,71.81111265113455,71.80942352165742,71.80760668791571,71.80566560547851,71.8036037299149,71.80142451679397,71.79913142168482,71.79672790015654,71.7942174077782,71.79160340011892,71.78888933274776,71.78607866123383,71.7831748411462,71.78018132805397,71.77710157752624,71.77393904513208,71.7706971864406,71.76737945702088,71.76398931244199,71.76053020827305,71.75700560008313,71.75341894344133,71.74977369391672,71.74607322941165,71.74231966430749,71.73851408570897,71.73465755093834,71.73075111731787,71.7267958421698,71.72279278281644,71.71874299658002,71.7146475407828,71.71050747274707,71.70632384979507,71.70209772924908,71.69783016843135,71.69352222466415,71.68917495526976,71.68478941757041,71.6803666688884,71.67590776654598,71.67141376786539,71.66688573016893,71.66232471077885,71.65773176701741,71.65310795620687,71.64845433566951,71.64377196272758,71.63906189470336,71.63432518891909,71.62956290269705,71.6247760933595,71.6199658182287,71.61513313462693,71.61027909987644,71.60540477129949,71.60051120621836,71.59559946195529,71.59067059583256,71.58572566517245,71.58076572729719,71.57579183952906,71.57080505919033,71.56580644360326,71.56079705009012,71.55577793597314,71.55075015857463,71.54571477521682,71.540672843222,71.53562541991242,71.53057356261034,71.52551832863804,71.52046077531776,71.51540195997178,71.51034293992237,71.50528477249178,71.50022851500228,71.49517522477613,71.49012595913561,71.48508177540296,71.48004373090046
70.73034209371085,70.7530816302365,70.77566120635697,70.79807876163645,70.82033223563909,70.84241956792903,70.86433869807047,70.88608756562758,70.90766411016448,70.92906627124536,70.9502919884344,70.97133920129575,70.99220584939356,71.01288987229202,71.03338920955528,71.0537018007475,71.07382558543287,71.09375850317552,71.11349849353965,71.13304349608939,71.15239145038892,71.17154029600242,71.19048797249403,71.20923241942792,71.22777157636826,71.2461033828792,71.26422577852495,71.28213670286961,71.2998340954774,71.31731589591244,71.33458004373892,71.35162447852102,71.36844713982286,71.38504596720864,71.40141890024252,71.41756387848865,71.4334788415112,71.44916172887434,71.46461048014223,71.47982303487903,71.49479733264893,71.50953131301607,71.5240229155446,71.53827007979872,71.55227074534258,71.56602285174033,71.57952433855615,71.59277314535422,71.60576721169868,71.61850447715369,71.63098288128343,71.64320036365207,71.65515486382375,71.66684432136266,71.67826667583296,71.68941986679879,71.70030183382434,71.71091051647377,71.72124385431124,71.73129978690092,71.74107625380697,71.75057119564168,71.75978348985433,71.76871467337261,71.77736675183161,71.78574173086638,71.79384161611198,71.80166841320346,71.80922412777589,71.81651076546434,71.82353033190387,71.83028483272953,71.83677627357638,71.8430066600795,71.84897799787393,71.85469229259473,71.86015154987699,71.86535777535573,71.87031297466605,71.87501915344299,71.87947831732161,71.88369247193698,71.88766362292415,71.89139377591819,71.89488493655416,71.89813911046711,71.90115830329212,71.90394452066424,71.90649976821854,71.90882605159007,71.91092537641389,71.91279974832506,71.91445117295865,71.91588165594972,71.91709320293333,71.91808781954454,71.91886751141841,71.91943428419,71.91979014349438,71.9199370949666,71.91987714424171,71.9196122969548,71.91914455874091,71.91847593523512,71.91760843207247,71.91654405488804,71.91528480931686,71.91383270099402,71.91218973555458,71.9103579186336,71.90833925586612,71.90613575288722,71.90374941533196,71.9011822488354,71.8984362590326,71.8955134515586,71.8924158320485,71.88914540613735,71.88570417946018,71.88209415765209,71.87831734634813,71.87437575118334,71.8702713789841,71.86600641154189,71.86158338843958,71.85700489299428,71.85227350852306,71.84739181834298,71.84236240577117,71.83718785412468,71.83187074672058,71.82641366687598,71.82081919790794,71.81508992313354,71.80922842586989,71.80323728943404,71.79711909714308,71.79087643231409,71.78451187826417,71.77802801831037,71.7714274357698,71.76471271395951,71.75788643619661,71.75095118579817,71.74390954608127,71.73676410036299,71.72951743196042,71.72217212419062,71.71473076037071,71.70719592381774,71.69957019784879,71.69185616578095,71.68405641093129,71.67617351661691,71.6682100661549,71.6601686428623,71.65205183005624,71.64386221105376,71.63560236917195,71.6272748877279,71.6188823500387,71.61042733942143,71.60191243919316,71.59334023267095,71.58471330317192,71.57603423401315,71.56730560851169,71.55853000998464,71.54971002174908,71.54084822712208,71.53194720942075,71.52300955196215,71.51403783806336,71.50503465104146,71.49600257421353,71.48694419089668,71.47786208440796,71.46875883806445,71.45963703518325,71.45049925908143
70.45140375494972,70.46990148973765,70.48837849812534,70.50683082229304,70.52525450442104,70.54364558668959,70.56200011127902,70.58031412036958,70.59858365614154,70.61680476077518,70.63497347645078,70.65308584534861,70.67113790964896,70.68912571153211,70.70704529317833,70.72489269676788,70.74266396448105,70.76035513849813,70.77796226099937,70.79548137416508,70.81290852017551,70.83023974121096,70.84747107945167,70.86459857707794,70.88161827627007,70.89852621920829,70.91531844807292,70.93199100504421,70.94853993230245,70.9649612720279,70.98125106640086,70.9974053576016,71.01342018781037,71.0292915992075,71.04501563397322,71.06058833428781,71.07600574233157,71.09126390028479,71.1063588503277,71.12128663464061,71.1360432954038,71.1506248747975,71.16502741500204,71.1792469581977,71.19327954656471,71.20712122228338,71.22076802753398,71.23421600449679,71.24746119535209,71.26049964228014,71.27332738746122,71.28594047307563,71.29833494130361,71.31050683432548,71.3224521943215,71.33416706347192,71.34564748395705,71.35688949795716,71.36788914765252,71.37864247522342,71.38914552285011,71.3993943338946,71.40938600793623,71.41912064292825,71.42859886525827,71.43782130131387,71.44678857748269,71.45550132015231,71.46396015571031,71.47216571054432,71.48011861104195,71.48781948359078,71.49526895457844,71.5024676503925,71.50941619742059,71.5161152220503,71.52256535066923,71.528767209665,71.53472142542519,71.54042862433741,71.54588943278927,71.55110447716837,71.55607438386231,71.5607997792587,71.56528128974513,71.56951954170921,71.57351516153854,71.57726877562072,71.58078101034337,71.58405249209409,71.58708384726046,71.58987570223009,71.5924286833906,71.59474341712956,71.59682052983462,71.59866064789335,71.60026439769337,71.60163240562224,71.60276529806762,71.60366370141709,71.60432824205824,71.60475954637869,71.60495824076604,71.60492495160787,71.60466030529182,71.60416492820548,71.60343944673643,71.6024844872723,71.60130067620068,71.59988863990918,71.59824900478539,71.59638239721693,71.59428944359138,71.59197077029637,71.58942700371948,71.58665877024833,71.58366669627051,71.58045140817362,71.57701353234529,71.57335369517308,71.56947252304462,71.56537064234753,71.56104868585913,71.55650822481275,71.55175274951864,71.54678598486305,71.54161165573215,71.53623348701218,71.53065520358933,71.5248805303498,71.51891319217981,71.51275691396555,71.50641542059321,71.49989243694904,71.49319168791922,71.48631689838994,71.47927179324742,71.47206009737789,71.46468553566751,71.45715183300251,71.44946271426909,71.44162190435344,71.43363312814179,71.42550011052035,71.4172265763753,71.40881625059285,71.4002728580592,71.39160012366058,71.38280177228319,71.3738815288132,71.36484311813686,71.35569026514035,71.34642669470989,71.33705613173166,71.32758230109188,71.31800892767677,71.3083397363725,71.29857845206531,71.28872879964139,71.27879450398694,71.26877928998817,71.2586868825313,71.2485210065025,71.23828538678802,71.22798374827403,71.21761981584673,71.20719731439235,71.19671996879708,71.18619150394716,71.17561564472874,71.16499611602805,71.15433664273131,71.1436409497247,71.13291276189443,71.12215580412672,71.11137380130776,71.10057047832377,71.08974956006094,71.0789147714055,71.06806983724361
70.54487836254862,70.56605356345639,70.5871403448422,70.60813448569746,70.62903176501365,70.6498279617822,70.67051885499453,70.69110022364211,70.71156784671638,70.73191750320876,70.75214497211073,70.77224603241368,70.7922164631091,70.81205204318843,70.83174855164307,70.85130176746449,70.87070746964417,70.8899614371735,70.90905944904392,70.92799728424689,70.94677072177387,70.9653755406163,70.98380751976558,71.00206243821319,71.02013607495059,71.03802420896918,71.0557226192604,71.07322708481573,71.09053338462661,71.10763729768445,71.1245346029807,71.14122107950683,71.15769250625425,71.17394466221444,71.1899733263788,71.20577427773881,71.22134329528589,71.2366761580115,71.25176864490706,71.26661653496402,71.28121560717383,71.29556164052792,71.30965041401777,71.32347770663478,71.33703929737038,71.35033096521607,71.36334848916326,71.3760876482034,71.38854422132792,71.40071398752826,71.41259272579589,71.42417621512223,71.43546023449872,71.44644056291682,71.45711297936793,71.46747326284358,71.47751719233511,71.48724054683404,71.49663910533178,71.50570864681978,71.51444495028949,71.52284379705048,71.53090304040867,71.53862641562156,71.54601869458364,71.5530846491894,71.5598290513334,71.5662566729101,71.57237228581403,71.57818066193971,71.58368657318164,71.58889479143429,71.59381008859222,71.59843723654993,71.60278100720191,71.60684617244269,71.61063750416676,71.61415977426864,71.61741775464282,71.62041621718384,71.62315993378618,71.62565367634437,71.62790221675289,71.62991032690627,71.63168277869903,71.63322434402565,71.63453979478066,71.63563390285856,71.63651144015384,71.63717717856105,71.63763588997466,71.63789234628922,71.63795131939918,71.6378175811991,71.63749590358347,71.6369910584468,71.63630781768359,71.63545095318835,71.6344252368556,71.63323544057985,71.6318863362556,71.63038269577737,71.62872929103963,71.62693089393696,71.6249922763638,71.62291821021466,71.62071346738412,71.6183828197666,71.61593103925668,71.61336289774883,71.61068316713755,71.60789661931739,71.60500802618282,71.60202215962835,71.59894379154852,71.59577769383782,71.59252863839075,71.58920139710182,71.58580074186557,71.58233144457645,71.57879827712904,71.57520601141778,71.57155941180801,71.567862136858,71.56411558382783,71.56032087357065,71.55647912693965,71.55259146478795,71.54865900796875,71.54468287733522,71.54066419374053,71.53660407803784,71.5325036510803,71.52836403372112,71.52418634681342,71.51997171121042,71.51572124776524,71.51143607733107,71.50711732076107,71.50276609890841,71.49838353262626,71.49397074276783,71.48952885018619,71.4850589757346,71.48056224026618,71.47603976463412,71.47149266969157,71.46692207629172,71.46232910528772,71.45771487753274,71.45308051387994,71.44842713518253,71.44375586229361,71.4390678160664,71.43436411735405,71.42964588700974,71.42491424588661,71.42017031483786,71.41541521471666,71.41065006637612,71.40587599066947,71.40109410844988,71.39630554057047,71.39151140788445,71.38671283124495,71.38191093150519,71.37710682951828,71.37230164613743,71.3674965022158,71.36269251860654,71.35789081616284,71.35309251573784,71.34829873818472,71.34351060435668,71.33872923510685,71.33395575128841,71.3291912737545,71.32443692335835,71.31969382095309,71.31496308739187
71.11877512133178,71.13011036611566,71.1414269588061,71.15272251130962,71.16399463553277,71.17524094338206,71.18645904676403,71.1976465575852,71.20880108775212,71.2199202491713,71.23100165374927,71.24204291339258,71.25304164000774,71.26399544550128,71.27490194177973,71.28575874074963,71.29656345431749,71.30731369438988,71.31800707287327,71.32864120167424,71.33921369269929,71.34972215785497,71.3601642090478,71.3705374581843,71.38083951717101,71.39106799791446,71.40122051232117,71.4112946722977,71.42128808975055,71.43119837658624,71.44102314471132,71.45076000603233,71.46040657245577,71.46996045588818,71.4794192682361,71.48878062140605,71.49804212730457,71.50720139783817,71.5162560449134,71.52520368043679,71.53404191631485,71.54276836445412,71.55138063676112,71.55987634514241,71.5682531015045,71.5765085177539,71.58464020579716,71.59264577754081,71.60052284489137,71.60826901975538,71.61588191403938,71.62335913964986,71.6306983084934,71.63789703247647,71.64495292350566,71.65186359348746,71.65862665432843,71.66523971793507,71.67170039621392,71.6780063010715,71.684155068277,71.69014486410256,71.69597437533169,71.70164231061189,71.70714737859068,71.71248828791558,71.71766374723411,71.72267246519381,71.72751315044218,71.73218451162674,71.73668525739501,71.74101409639451,71.74516973727278,71.7491508886773,71.75295625925564,71.75658455765527,71.76003449252376,71.76330477250858,71.76639410625728,71.76930120241737,71.77202476963637,71.77456351656183,71.77691615184122,71.77908138412208,71.78105792205194,71.78284447427832,71.78443974944872,71.78584245621069,71.78705130321171,71.78806499909933,71.78888225252108,71.78950177212445,71.78992226655697,71.79014244446617,71.79016101449956,71.78997668530467,71.789588165529,71.78899416382009,71.78819338882545,71.7871845491926,71.78596635356907,71.78453751060236,71.78289672894002,71.78104271722954,71.77897418411845,71.77668983825428,71.77418838828454,71.77146854285677,71.76852901061845,71.76536850021712,71.76198572030032,71.75837937951555,71.75454818651032,71.75049084993216,71.7462060784286,71.74169258064715,71.73694906523534,71.73197424084067,71.72676681611068,71.7213254996956,71.71564991739413,71.70974320666106,71.70360934529528,71.69725231109567,71.69067608186111,71.68388463539053,71.67688194948279,71.66967200193679,71.66225877055143,71.65464623312559,71.64683836745817,71.63883915134807,71.63065256259416,71.62228257899535,71.61373317835054,71.60500833845859,71.59611203711842,71.58704825212891,71.57782096128895,71.56843414239744,71.55889177325327,71.54919783165533,71.53935629540251,71.5293711422937,71.5192463501278,71.5089858967037,71.4985937598203,71.48807391727647,71.4774303468711,71.46666702640312,71.45578793367139,71.4447970464748,71.43369834261227,71.42249579988267,71.41119339608488,71.39979510901783,71.38830491648038,71.37672679627143,71.36506472618987,71.35332268403461,71.34150464760451,71.3296145946985,71.31765650311543,71.30563435065423,71.29355211511377,71.28141377429294,71.26922330599065,71.25698468800579,71.24470189813722,71.23237891418387,71.22001971394462,71.20762827521835,71.19520857580397,71.18276459350037,71.17030030610643,71.15781969142104,71.1453267272431,71.13282539137151,71.12031966160515,71.10781321918962
70.45318565247351,70.47466294648622,70.49605575524524,70.5173608008793,70.5385748055171,70.55969449128736,70.58071658031878,70.60163779474009,70.62245485668,70.64316448826719,70.66376341163043,70.68424834889838,70.70461602219979,70.72486315366336,70.7449864654178,70.76498267959182,70.78484851831415,70.80458070371348,70.82417595791856,70.84363100305805,70.86294256126071,70.88210735465522,70.90112210537032,70.9199835355347,70.9386883672771,70.9572333227262,70.97561512401073,70.99383049325941,71.01187615260095,71.02974882416405,71.04744523007743,71.06496209246981,71.08229613346991,71.09944407520642,71.11640263980806,71.13316854940355,71.14973852612161,71.16610929209094,71.18227756944026,71.19824008029826,71.21399354679369,71.22953469105525,71.24486023521163,71.25996690139158,71.27485141172379,71.28951048833697,71.30394085335986,71.31813922892114,71.33210233714955,71.34582690017378,71.35930964012256,71.37254727912459,71.38553653930859,71.39827414280327,71.41075681173736,71.42298126823955,71.43494423443856,71.44664243246312,71.45807258444191,71.46923142057433,71.48011731616064,71.49073228510109,71.50107882872561,71.5111594483642,71.52097664534678,71.53053292100331,71.53983077666379,71.54887271365814,71.55766123331632,71.5661988369683,71.57448802594404,71.58253130157348,71.5903311651866,71.59789011811336,71.60521066168369,71.61229529722756,71.61914652607494,71.62576684955579,71.63215876900006,71.6383247857377,71.64426740109867,71.64998911641295,71.65549243301048,71.66077985222121,71.66585387537512,71.67071700380215,71.67537173883227,71.67982058179544,71.6840660340216,71.68811059684073,71.69195677158277,71.6956070595777,71.69906396215545,71.70232998064598,71.70540761637929,71.7082993706853,71.71100774489398,71.71353524033528,71.71588435833915,71.71805760023558,71.72005746735451,71.72188646102589,71.72354708257969,71.72504183334587,71.72637321465437,71.72754372783518,71.72855587421823,71.72941215513349,71.7301150719109,71.73066712588046,71.73107081837209,71.73132865071575,71.73144312424142,71.73141674027904,71.73125200015859,71.73095140520999,71.73051745676324,71.72995265614827,71.72925949750667,71.72844020553335,71.72749666058112,71.72643072055233,71.7252442433493,71.72393908687435,71.72251710902984,71.72098016771805,71.71933012084136,71.71756882630208,71.71569814200254,71.71371992584506,71.71163603573197,71.7094483295656,71.7071586652483,71.70476890068238,71.70228089377018,71.69969650241403,71.69701758451625,71.69424599797917,71.69138360070511,71.68843225059642,71.68539380555544,71.68227012348446,71.67906306228583,71.6757744798619,71.67240623411496,71.66896018294737,71.66543818426145,71.66184209595953,71.65817377594394,71.65443508211699,71.65062787238104,71.6467540046384,71.64281533679141,71.6388137267424,71.63475103239368,71.63062911164761,71.6264498224065,71.62221502257268,71.61792657004848,71.61358632273624,71.60919613853828,71.60475787535694,71.60027339109453,71.59574454365338,71.59117319093585,71.58656119084424,71.5819104012809,71.57722268014813,71.5724998853483,71.56774387478369,71.56295650635667,71.55813963796956,71.55329512752469,71.54842483292438,71.54353061207097,71.53861432286678,71.53367782321413,71.52872617320709,71.52377315961141,71.51882014601573
71.0641771560954,71.08208105354203,71.09989952866708,71.11762961309338,71.13526833844374,71.15281273634096,71.17025983840787,71.1876066762673,71.20485028154202,71.22198768585487,71.23901592082868,71.25593201808624,71.27273300925037,71.2894159259439,71.30597779978964,71.32241566241039,71.33872654542898,71.35490748046821,71.37095549915092,71.3868676330999,71.40264091393797,71.41827237328796,71.43375904277266,71.44909795401492,71.46428613863752,71.47932062826328,71.49419845451503,71.50891664901559,71.52347224338776,71.53786226925435,71.55208375823818,71.56613374196209,71.58000925204885,71.59370732012131,71.60722497780228,71.62055925671454,71.63370718848095,71.64666580472432,71.65943213706744,71.67200321713314,71.68437607654423,71.69654774692353,71.70851525989384,71.720275647078,71.73182594009882,71.74316317057908,71.75428437014165,71.7651865704093,71.77586680300487,71.78632209955116,71.796549491671,71.80654601098719,71.81630868912255,71.82583455769989,71.83512064834204,71.84416399267181,71.85296162231201,71.86151056888545,71.86980786401496,71.87785053932333,71.8856356264334,71.89316022688702,71.90042336301894,71.90742616960377,71.91416988977328,71.9206557666592,71.92688504339333,71.9328589631074,71.93857876893321,71.94404570400249,71.94926101144702,71.95422593439854,71.95894171598883,71.96340959934965,71.96763082761275,71.97160664390992,71.97533829137288,71.97882701313343,71.98207405232331,71.98508065207429,71.98784805551813,71.9903775057866,71.99267024601144,71.99472751932443,71.99655056885733,71.9981406377419,71.9994989691099,72.00062680609308,72.00152539182324,72.0021959694321,72.00263978205143,72.00285807281301,72.0028520848486,72.00262306128994,72.00217224526881,72.00150087991697,72.00061020836618,71.9995014737482,71.9981759191948,71.99663478783772,71.99487932280874,71.99291076723962,71.99073036426213,71.98833935700802,71.98573898860904,71.98293050219698,71.97991514090359,71.97669414786061,71.97326876619984,71.969640239053,71.9658098095519,71.96177872082826,71.95754821601388,71.95311953824049,71.94849393063984,71.94367263634373,71.93865689848391,71.93344796019214,71.92804706460018,71.92245545483979,71.91667437404273,71.91070506534076,71.9045489554937,71.89820838590617,71.89168598220381,71.88498437010146,71.87810617531396,71.87105402355611,71.86383054054279,71.8564383519888,71.848880083609,71.84115836111822,71.83327581023127,71.82523505666302,71.8170387261283,71.80868944434192,71.80018983701875,71.7915425298736,71.78275014862132,71.77381531897673,71.76474066665469,71.75552881737,71.74618239683754,71.7367040307721,71.72709634488855,71.71736196490171,71.70750351652643,71.69752362547752,71.68742491746984,71.6772100182182,71.66688155343746,71.65644214884246,71.645894430148,71.63524102306894,71.62448455332012,71.61362764661637,71.60267292867252,71.59162302520342,71.58048056192388,71.56924816454875,71.55792845879287,71.54652407037109,71.53503762499821,71.52347174838908,71.51182906625854,71.50011220432144,71.48832378829258,71.47646644388682,71.46454279681899,71.45255547280394,71.44050709755646,71.42840029679145,71.4162376962237,71.40402192156806,71.39175559853935,71.37944135285244,71.36708181022213,71.35467959636327,71.3422373369907,71.32975765781926
70.4283052697329,70.45473831385146,70.48104400726959,70.50721770027253,70.53325474314548,70.55915048617364,70.58490027964224,70.61049947383648,70.6359434190416,70.66122746554275,70.68634696362521,70.71129726357415,70.7360737156748,70.76067167021237,70.78508647747206,70.80931348773909,70.83334805129867,70.85718551843603,70.88082123943636,70.90425056458486,70.92746884416677,70.9504714284673,70.97325366777163,70.99581091236502,71.01813851253264,71.04023181855972,71.06208618073147,71.08369694933312,71.10505947464983,71.12616910696687,71.14702119656943,71.1676110937427,71.18793414877193,71.2079857119423,71.22776113353905,71.24725576384736,71.26646495315246,71.28538405173958,71.3040084098939,71.32233337790063,71.34035430604501,71.35806654461224,71.37546544388753,71.39254635415608,71.40930462570313,71.42573560881387,71.44183465377351,71.45759711086727,71.47301833038037,71.488093662598,71.50281845780539,71.51718806628774,71.53119783833029,71.5448431242182,71.55811927423673,71.57102163867107,71.58354556780644,71.59568641192804,71.60743952132108,71.6188002462708,71.62976393706239,71.64032594575198,71.65048320726639,71.66023714996167,71.66958999411726,71.67854396001256,71.68710126792706,71.69526413814016,71.70303479093131,71.71041544657996,71.71740832536553,71.72401564756747,71.7302396334652,71.73608250333817,71.74154647746583,71.7466337761276,71.75134661960291,71.75568722817121,71.75965782211195,71.76326062170455,71.76649784722845,71.7693717189631,71.77188445718791,71.77403828218236,71.77583541422584,71.77727807359783,71.77836848057774,71.77910885544502,71.7795014184791,71.77954838995942,71.77925199016542,71.77861443937654,71.77763795787222,71.77632476593189,71.77467708383499,71.77269713186095,71.77038713028922,71.76774929939924,71.76478585947044,71.76149903078226,71.75789103361413,71.7539640882455,71.74972041495579,71.74516223402446,71.74029176573093,71.73511123035466,71.72962284817505,71.72382883947158,71.71773142452366,71.71133282361073,71.70463525701224,71.69764094500762,71.69035210787631,71.68277096589775,71.67489973935136,71.66674064851661,71.6582959136729,71.6495677550997,71.64055839307643,71.63127004788254,71.62170493979745,71.6118652891006,71.60175331965824,71.59137178212417,71.5807245043961,71.5698154460473,71.55864856665099,71.54722782578042,71.53555718300888,71.52364059790956,71.51148203005573,71.49908543902063,71.48645478437751,71.47359402569963,71.46050712256022,71.44719803453252,71.43367072118978,71.41992914210526,71.4059772568522,71.39181902500383,71.37745840613341,71.3628993598142,71.34814584561941,71.33320182312232,71.31807125189616,71.30275809151419,71.28726630154964,71.27159984157574,71.25576267116578,71.23975874989297,71.22359203733058,71.20726649305185,71.19078607663,71.17415474763831,71.15737646565,71.14045519023836,71.12339488097658,71.10619949743794,71.08887299919567,71.07141934582303,71.05384249689327,71.03614641197962,71.01833505065532,71.00041237249363,70.9823823370678,70.96424890395107,70.94601603271668,70.92768768293789,70.90926781418794,70.89076038604007,70.87216935806752,70.85349868984356,70.83475234094142,70.81593427093435,70.79704843939558,70.7780988058984,70.759089330016,70.74002397132166,70.72090668938863,70.70174144379013
70.78410833258548,70.80038747928242,70.81665801281675,70.83291554012028,70.84915566812481,70.86537400376217,70.88156615396417,70.89772772566262,70.91385432578932,70.9299415612761,70.94598503905478,70.96198036605715,70.97792314921503,70.99380899546024,71.0096335117246,71.02539230493991,71.041080982038,71.05669514995066,71.07223041560971,71.08768238594698,71.10304666789426,71.11831886838338,71.13349459434613,71.14856945271437,71.16353905041986,71.17839899439444,71.19314489156993,71.20777234887812,71.22227697325086,71.2366543716199,71.25090015091713,71.26500991807431,71.27897928002326,71.29280384369582,71.30647921602377,71.32000100393896,71.33336481437316,71.34656625425822,71.35960093052593,71.37246445010811,71.38515241993657,71.39766044694315,71.40998413805961,71.42211910021783,71.43406094034957,71.44580526538664,71.4573476822609,71.46868379790413,71.47980921924815,71.49071955322478,71.50141040676581,71.51187738680308,71.52211610026839,71.53212215409357,71.54189115521041,71.55141871055072,71.56070042704634,71.56973191162906,71.57850877123072,71.58702661278309,71.59528104321804,71.6032676932096,71.6109841949217,71.61843166987617,71.62561159004461,71.63252542739856,71.6391746539096,71.6455607415493,71.65168516228924,71.65754938810097,71.6631548909561,71.66850314282615,71.67359561568274,71.6784337814974,71.68301911224172,71.68735307988729,71.69143715640564,71.69527281376836,71.69886152394702,71.7022047589132,71.70530399063846,71.70816069109438,71.71077633225252,71.71315238608445,71.71529032456175,71.71719161965599,71.71885774333873,71.72029016758157,71.72149036435604,71.72245980563373,71.72319996338622,71.72371230958507,71.72399831620186,71.72405945520813,71.7238971985755,71.7235130182755,71.72290838627973,71.72208477455973,71.7210436550871,71.71978649983339,71.71831478077019,71.71662996986906,71.71473353910156,71.71262696043928,71.71031170585378,71.70778924731663,71.70506105679941,71.70212860627369,71.69899336771103,71.695656813083,71.69212041436118,71.68838564351715,71.68445397252246,71.68032687334869,71.67600581796741,71.6714922783502,71.66678772646861,71.66189363429423,71.65681147379863,71.65154271695336,71.64608883573001,71.64045130210016,71.63463163275091,71.62863207182377,71.62245545490038,71.61610463470913,71.6095824639785,71.60289179543688,71.59603548181273,71.58901637583448,71.58183733023056,71.5745011977294,71.56701083105943,71.5593690829491,71.55157880612684,71.54364285332107,71.53556407726023,71.52734533067276,71.51898946628708,71.51049933683163,71.50187779503484,71.49312769362515,71.484251885331,71.47525322288081,71.46613455900301,71.45689874642603,71.44754863787834,71.43808708608833,71.42851694378446,71.41884106369514,71.40906229854883,71.39918350107395,71.38920752399892,71.3791372200522,71.3689754419622,71.35872504245738,71.34838887426615,71.33796979011694,71.3274706427382,71.31689428485836,71.30624356920585,71.29552134850911,71.28473047549656,71.27387380289665,71.26295418343778,71.25197446984843,71.240937514857,71.22984617119194,71.21870329158168,71.20751172875464,71.19627433543926,71.18499396436398,71.17367346825725,71.16231569984745,71.15092351186307,71.13949975703252,71.12804728808423,71.11656895774665,71.10506761874818,71.09354612381729
70.89682496862952,70.91125767602773,70.92560649252562,70.93986926687504,70.95404384782788,70.96812808413594,70.98211982455112,70.99601691782527,71.00981721271023,71.02351855795789,71.03711880232007,71.05061579454866,71.06400738339548,71.07729141761243,71.09046574595135,71.10352821716407,71.11647668000248,71.12930898321844,71.14202297556378,71.15461650579036,71.16708742265007,71.17943357489474,71.19165281127621,71.2037429805464,71.21570193145709,71.22752751276019,71.23921757320755,71.25076996155101,71.26218252654243,71.2734531169337,71.2845795814766,71.29555976892308,71.30639152802493,71.31707270753404,71.32760115620226,71.33797472278144,71.34819125602343,71.35824860468011,71.36814461750333,71.37787714324494,71.38744403065681,71.39684312849079,71.40607228549871,71.41512935043247,71.42401217204392,71.4327185990849,71.44124648030726,71.44959366446287,71.45775800030358,71.46573733658127,71.47352952204778,71.48113240545499,71.48854383555471,71.49576166109881,71.50278373083918,71.50960789352766,71.5162319979161,71.52265389275638,71.5288714268003,71.53488244879978,71.54068480750666,71.54627635255028,71.55165571789414,71.55682376405727,71.56178174396766,71.56653091055324,71.57107251674196,71.57540781546183,71.57953805964073,71.58346450220665,71.58718839608756,71.59071099421138,71.5940335495061,71.59715731489965,71.60008354331998,71.60281348769504,71.60534840095283,71.60768953602127,71.60983814582832,71.61179548330193,71.61356280137005,71.61514135296065,71.61653239100167,71.61773716842109,71.61875693814682,71.61959295310686,71.62024646622916,71.62071873044164,71.62101099867226,71.621124523849,71.62106055889981,71.62082035675266,71.62040517033546,71.61981625257619,71.61905485640281,71.61812223474325,71.61701964052548,71.61574832667748,71.61430954612717,71.6127045518025,71.61093459663147,71.60900093354198,71.606904815462,71.60464749531951,71.60223022604245,71.59965426055876,71.59692085179643,71.59403125268335,71.59098671614757,71.58778849511694,71.58443784251949,71.58093601128314,71.57728425433586,71.57348382460563,71.56953597502033,71.56544195850799,71.5612030279965,71.55682043641386,71.55229543668801,71.54762928174691,71.54282322451851,71.53787851793078,71.53279641652992,71.52757841253597,71.52222648419536,71.51674266916325,71.51112900509492,71.50538752964553,71.4995202804703,71.49352929522448,71.48741661156322,71.4811842671418,71.4748342996154,71.46836874663921,71.46178964586849,71.45509903495844,71.44829895156423,71.44139143334112,71.43437851794431,71.42726224302902,71.42004464625043,71.41272776526381,71.40531363772433,71.39780430128718,71.39020179360764,71.38250815234088,71.37472541514211,71.36685561966655,71.35890080356944,71.35086300450595,71.3427442601313,71.33454660810074,71.32627208606942,71.31792273169262,71.30950058262553,71.30100767652334,71.29244605104125,71.28381774383453,71.27512479255836,71.26636923486797,71.25755310841853,71.2486784508653,71.23974729986347,71.23076169306825,71.22172366813487,71.21263526271852,71.20349851447443,71.19431546105781,71.18508814012387,71.1758185893278,71.16650884632486,71.15716094877024,71.14777693431915,71.13835884062681,71.12890870534841,71.11942856613916,71.10992046065434,71.10038642654908,71.09082850147865,71.08124872309821
70.74684458488558,70.76718108651147,70.78736024108377,70.80738063738069,70.8272408641804,70.84693951026108,70.86647516440095,70.88584641537818,70.90505185197095,70.92409006295746,70.94295963711589,70.96165916322445,70.98018723006129,70.99854242640464,71.01672334103267,71.03472856272356,71.0525566802555,71.0702062824067,71.08767595795533,71.10496429567958,71.12206988435764,71.1389913127677,71.15572716968795,71.17227604389657,71.18863652417176,71.2048071992917,71.22078665803458,71.2365734891786,71.25216628150193,71.26756362378276,71.2827641047993,71.29776631332972,71.3125688381522,71.32717026804497,71.34156919178616,71.355764198154,71.36975387592668,71.38353681388236,71.39711160079925,71.41047682545552,71.42363107662938,71.43657294309901,71.4493010136426,71.46181387703832,71.47411012206439,71.48618833749897,71.49804711212028,71.50968503470648,71.52110069403578,71.53229267888634,71.54325957803637,71.55399998026407,71.56451247434758,71.57479564906515,71.58484809319494,71.59466839551511,71.6042551448039,71.61360692983948,71.62272233940001,71.63159996226372,71.64023838720878,71.6486362242619,71.65679387471538,71.66471486271855,71.67240302606146,71.67986220253408,71.68709622992645,71.69410894602855,71.70090418863039,71.70748579552199,71.71385760449334,71.72002345333446,71.72598717983533,71.73175262178599,71.73732361697641,71.74270400319662,71.74789761823662,71.75290829988641,71.75773988593599,71.76239621417538,71.7668811223946,71.77119844838361,71.77535202993245,71.77934570483112,71.78318331086962,71.78686868583794,71.79040566752612,71.79379809372415,71.79704980222202,71.80016463080976,71.80314641727736,71.80599899941484,71.80872621501217,71.8113319018594,71.81381989774651,71.81619404046353,71.81845816780043,71.82061611754723,71.82267172749394,71.82462883543056,71.8264912791471,71.82826289643357,71.82994752507997,71.83154900287632,71.83307116761259,71.83451785707881,71.83589290906498,71.83720016136111,71.8384434517572,71.83962661804325,71.84075349800929,71.8418279294453,71.8428537501413,71.84383479788728,71.84477491047326,71.84567792568924,71.84654768132523,71.84738801517123,71.84820276501725,71.8489957686533,71.84977086386935,71.85053188845546,71.8512825559265,71.85202455802961,71.85275794276,71.85348271045774,71.854198861463,71.85490639611588,71.85560531475652,71.856295617725,71.85697730536148,71.85765037800607,71.85831483599888,71.85897067968006,71.8596179093897,71.86025652546792,71.86088652825488,71.86150791809065,71.8621206953154,71.86272486026922,71.86332041329224,71.86390735472459,71.86448568490638,71.86505540417774,71.86561651287877,71.86616901134961,71.86671289993039,71.86724817896122,71.8677748487822,71.8682929097335,71.8688023621552,71.86930320638743,71.86979544277033,71.87027907164399,71.87075409334857,71.87122050822416,71.8716783166109,71.87212751884888,71.87256811527827,71.87300010623916,71.87342349207167,71.87383827311594,71.87424444971207,71.87464202220019,71.87503099092042,71.8754113562129,71.87578311841771,71.87614627787502,71.87650083492491,71.87684678990753,71.87718414316299,71.87751289503142,71.87783304585292,71.87814459596764,71.87844754571567,71.87874189543716,71.8790276454722,71.87930479616095,71.8795733478435,71.87983330085999
70.71601661552926,70.73810951433367,70.76016199394721,70.78216927400283,70.80412657413343,70.82602911397198,70.84787211315142,70.86965079130468,70.89136036806468,70.91299606306437,70.93455309593669,70.95602668631457,70.97741205383096,70.99870441811879,71.019898998811,71.04099101554051,71.06197568794029,71.08284823564325,71.10360387828236,71.1242378354905,71.14474532690066,71.16512157214576,71.18536179085874,71.20546120267252,71.22541502722005,71.24521848413428,71.26486679304814,71.28435517359456,71.30367884540648,71.32283302811683,71.34181294135855,71.36061380476461,71.3792308379679,71.39765926060139,71.41589429229799,71.43393115269066,71.45176506141233,71.46939123809594,71.48680490237442,71.50400127388072,71.52097557224776,71.53772301710849,71.55423882809585,71.57051822484276,71.58655642698217,71.60234865414702,71.61789012597025,71.63317606208479,71.64820168212357,71.66296220571954,71.67745285250564,71.6916688421148,71.70560539417994,71.71925772833403,71.73262106421,71.74569062144076,71.75846161965927,71.77092927849849,71.7830888175913,71.79493545657068,71.80646441506957,71.81767091436522,71.82855164545776,71.83910747157422,71.84933999125624,71.85925080304543,71.86884150548342,71.87811369711184,71.88706897647232,71.89570894210648,71.90403519255595,71.91204932636236,71.91975294206733,71.9271476382125,71.93423501333947,71.9410166659899,71.94749419470541,71.9536691980276,71.95954327449813,71.9651180226586,71.97039504105066,71.97537592821593,71.98006228269601,71.98445570303257,71.98855778776722,71.99237013544158,71.99589434459727,71.99913201377593,72.0020847415192,72.00475412636868,72.00714176686601,72.00924926155282,72.01107820897073,72.01263020766137,72.01390685616637,72.01490975302734,72.01564049678593,72.01610068598376,72.01629191916246,72.01621579486364,72.01587391162893,72.01526786799998,72.0143992625184,72.01326969372582,72.01188076016385,72.01023406037415,72.00833119289832,72.006173756278,72.00376334905481,72.00110156977038,71.99819001696635,71.99503028918431,71.99162398496594,71.98797270285282,71.9840780413866,71.9799415991089,71.97556497456134,71.97094976628557,71.96609757282319,71.96100999271584,71.95568862450516,71.95013506673276,71.94435092247156,71.9383384603007,71.93210130971312,71.92564326655132,71.9189681266578,71.91207968587506,71.9049817400456,71.89767808501192,71.89017251661652,71.88246883070188,71.87457082311052,71.86648228968492,71.8582070262676,71.84974882870105,71.84111149282776,71.83229881449023,71.82331458953097,71.81416261379246,71.80484668311722,71.79537059334774,71.7857381403265,71.77595311989603,71.7660193278988,71.75594056017734,71.74572061257412,71.73536328093164,71.72487236109241,71.71425164889894,71.7035049401937,71.69263603081919,71.68164871661793,71.67054679343241,71.65933405710513,71.64801430347859,71.63659132839527,71.62506892769768,71.61345089722833,71.60174103282971,71.58994313034432,71.57806098561466,71.5660983944832,71.55405915279248,71.54194705638498,71.52976590110319,71.51751948278962,71.50521159728677,71.49284604043714,71.48042660808322,71.46795709606751,71.45544130023252,71.44288301642072,71.43028604047464,71.41765416823675,71.40499119554958,71.3923009182556,71.37958713219733,71.36685363321725,71.35410421715787
70.53560314664043,70.55562641858405,70.57561094831674,70.5955530124713,70.61544888768054,70.63529485057731,70.6550871777944,70.67482214596465,70.69449603172087,70.71410511169589,70.7336456625225,70.75311396083356,70.77250628326186,70.79181890644023,70.81104810700148,70.83019016157844,70.84924134680395,70.86819793931079,70.88705621573179,70.90581245269978,70.92446292684757,70.94300391480799,70.96143169321385,70.97974253869798,70.99793272789319,71.0159985374323,71.03393624394812,71.0517421240735,71.06941245444123,71.08694351168414,71.10433157243504,71.12157291332677,71.13866381099214,71.15560054206397,71.17237938317506,71.18899661095824,71.20544850204637,71.22173133307221,71.23784138066861,71.25377492146838,71.26952823210434,71.28509758920931,71.30047926941613,71.31566954935758,71.33066470566652,71.34546101497574,71.36005475391806,71.37444219912632,71.38861962723334,71.4025833148719,71.41632953867487,71.42985457527504,71.44315470130523,71.45622619339827,71.46906532818699,71.48166838230416,71.49403163238266,71.50615135505528,71.51802382695341,71.52964532017343,71.54101209221761,71.55212039765827,71.56296649106774,71.5735466270183,71.58385706008231,71.59389404483203,71.60365383583982,71.61313268767798,71.6223268549188,71.63123259213462,71.63984615389776,71.64816379478052,71.65618176935521,71.66389633219416,71.67130373786966,71.67840024095406,71.68518209601964,71.69164555763872,71.69778688038363,71.70360231882668,71.70908812754018,71.71424056109645,71.71905587406778,71.7235303210265,71.72766015654494,71.7314416351954,71.73487101155018,71.73794454018163,71.74065847566203,71.74300907256371,71.74499258545897,71.74660526892015,71.74784337751954,71.74870316582947,71.74918088842225,71.74927279987017,71.74897515474558,71.74828420762078,71.7471962130681,71.7457074256598,71.74381409996826,71.74151249056575,71.73879885202462,71.73566943891716,71.73212050581567,71.7281483072925,71.72374909791994,71.71891913227032,71.71365466491592,71.7079519504291,71.70180724338215,71.69521679834739,71.68817686989712,71.68068371260368,71.67273358103935,71.66432272977649,71.65544741922675,71.64610672197158,71.6363070282339,71.62605590329389,71.61536091243173,71.6042296209276,71.59266959406166,71.58068839711412,71.56829359536515,71.55549275409491,71.54229343858361,71.52870321411142,71.51472964595851,71.50038029940508,71.48566273973128,71.47058453221732,71.45515324214337,71.4393764347896,71.4232616754362,71.40681652936334,71.39004856185122,71.37296533818001,71.35557442362989,71.33788338348103,71.31989978301361,71.30163118750784,71.28308516224386,71.26426927250189,71.24519108356208,71.22585816070462,71.20627806920969,71.18645837435747,71.16640664142814,71.14613043570188,71.12563732245887,71.10493486697929,71.08403063454332,71.06293219043114,71.04164709992294,71.02018292829888,70.99854724083916,70.97674760282395,70.95479157953342,70.93268673624777,70.91044063824717,70.88806085081181,70.86555493922185,70.84293046875749,70.8201950046989,70.79735611232627,70.77442135691976,70.75139830375956,70.72829451812586,70.70511756529883,70.68187501055866,70.65857441918553,70.63522335645959,70.61182938766106,70.58840076843111,70.56496256442124,70.54152436041134,70.51808615640147,70.49464795239159,70.4712097483817
70.9215564816753,70.93702594731997,70.95243812945982,70.96779017496338,70.98307923069919,70.99830244353575,71.0134569603416,71.02853992798524,71.0435484933352,71.05847980326,71.07333100462817,71.08809924430824,71.1027816691687,71.11737542607811,71.13187766190497,71.14628552351779,71.16059615778512,71.17480671157548,71.18891433175737,71.20291616519933,71.21680935876986,71.23059105933753,71.2442584137708,71.25780856893823,71.27123867170835,71.28454586894964,71.29772730753066,71.31078013431993,71.32370149618595,71.33648853999725,71.34913841262237,71.3616482609298,71.37401523178809,71.38623647206575,71.39830912863131,71.41023034835328,71.42199727810019,71.43360706474056,71.44505685514291,71.45634379617576,71.46746503470764,71.47841771760707,71.48919899174257,71.49980600398266,71.51023590119586,71.52048583025069,71.53055293801569,71.54043437135937,71.55012727715025,71.55962880225685,71.5689360935477,71.57804629789132,71.58695656215622,71.59566403321094,71.60416585792399,71.61245918316389,71.62054115579917,71.62840892269836,71.63605963072996,71.64349042676251,71.65069845766452,71.65768087112546,71.66443554860382,71.67096245457037,71.67726192060664,71.68333427829417,71.6891798592145,71.69479899494917,71.70019201707971,71.70535925718767,71.71030104685455,71.71501771766194,71.71950960119133,71.72377702902428,71.72782033274231,71.73163984392698,71.73523589415981,71.73860881502235,71.74175893809611,71.74468659496264,71.7473921172035,71.7498758364002,71.75213808413426,71.75417919198726,71.7559994915407,71.75759931437615,71.75897899207511,71.76013885621914,71.76107923838978,71.76180047016855,71.76230288313698,71.76258680887663,71.76265257896904,71.76250052499572,71.76213097853821,71.76154427117805,71.7607407344968,71.75972070007597,71.7584844994971,71.75703246434175,71.75536492619142,71.75348221662766,71.75138466723202,71.74907260958602,71.7465463752712,71.7438062958691,71.74085270296126,71.73768592812921,71.73430630295448,71.73071415901863,71.72690982790317,71.72289364118964,71.71866593045961,71.71422702729457,71.70957726327607,71.70471696998567,71.69964647900488,71.69436612191525,71.6888762302983,71.68317713573559,71.67726916980864,71.671152664099,71.66482795552025,71.65829616409951,71.65156001127647,71.64462241423745,71.63748629016871,71.63015455625657,71.62263012968734,71.61491592764729,71.60701486732275,71.59892986589998,71.5906638405653,71.58221970850501,71.57360038690541,71.56480879295277,71.55584784383343,71.54672045673367,71.53742954883977,71.52797803733804,71.51836883941479,71.5086048722563,71.49868905304888,71.48862429897882,71.47841352723243,71.468059654996,71.45756559945582,71.44693427779819,71.43616860720941,71.4252715048758,71.41424588798363,71.4030946737192,71.39182077926881,71.38042712181877,71.36891661855536,71.35729218666489,71.34555674333367,71.33371320574797,71.3217644910941,71.30971351655836,71.29756319932704,71.28531645658647,71.2729762055229,71.26054536332265,71.24802684717203,71.23542357425731,71.22273846176482,71.20997442688082,71.19713438679165,71.18422125868358,71.17123795974291,71.15818740715595,71.14507251810898,71.13189620978831,71.11866139938023,71.10537100407106,71.09202794104708,71.07863512749458,71.06519548059987,71.05171191754924
70.96055226078543,70.97811958265487,70.99559806293271,71.01298463601435,71.03027623629511,71.04746979817034,71.06456225603539,71.0815505442856,71.09843159731633,71.11520234952292,71.13185973530071,71.14840068904503,71.16482214515126,71.18112103801474,71.19729430203081,71.2133388715948,71.22925168110208,71.24502966494799,71.26066975752788,71.27616889323707,71.29152400647095,71.30673203162483,71.32178990309407,71.33669455527402,71.35144292256001,71.36603193934741,71.38045854003155,71.39471965900779,71.40881223067146,71.42273318941791,71.4364794696425,71.45004800574057,71.46343573210744,71.4766395831385,71.48965649322908,71.5024833967745,71.51511722817014,71.52755492181133,71.53979341209343,71.55182963341177,71.5636605201617,71.57528300673859,71.58669402753775,71.59789051695454,71.60886940938431,71.6196276392224,71.63016214086417,71.64046984870495,71.65054769714011,71.66039262056496,71.67000155337489,71.67937142996522,71.68849918473127,71.69738175206844,71.70601606637206,71.71439906203744,71.72252767345998,71.73039883503499,71.73800948115783,71.74535671285372,71.75244068085647,71.759264205288,71.76583019641276,71.7721415644952,71.77820121979973,71.78401207259081,71.78957703313289,71.79489901169039,71.79998091852777,71.80482566390945,71.80943615809989,71.81381531136351,71.81796603396477,71.82189123616809,71.82559382823791,71.8290767204387,71.83234282303488,71.8353950462909,71.83823630047117,71.84086949584017,71.84329754266231,71.84552335120205,71.84754983172381,71.84937989449206,71.85101644977122,71.85246240782573,71.85372067892003,71.85479417331857,71.85568580128577,71.8563984730861,71.856935098984,71.85729858924387,71.85749185413017,71.85751780390737,71.85737934883987,71.85707939919213,71.85662086522858,71.85600665721367,71.85523968541185,71.85432286008754,71.85325909150517,71.85205128992921,71.85070236562409,71.84921522885425,71.84759278988412,71.84583795897815,71.84395364640079,71.84194276241645,71.8398082172896,71.83755292128468,71.83517978466611,71.83269171769834,71.83009163064581,71.82738243377295,71.82456703734422,71.82164835162406,71.81862928687688,71.81551275312097,71.81230135123393,71.80899676899165,71.80560052640016,71.80211414346545,71.79853914019353,71.79487703659038,71.79112935266201,71.78729760841445,71.78338332385367,71.77938801898568,71.7753132138165,71.7711604283521,71.7669311825985,71.7626269965617,71.75824939024771,71.75379988366252,71.74927999681213,71.74469124970256,71.74003516233978,71.73531325472982,71.73052704687868,71.72567805879234,71.72076781047683,71.71579782193812,71.71076961318225,71.7056847042152,71.70054461504296,71.69535086567156,71.69010497610698,71.68480846635522,71.67946285642232,71.67406966631422,71.66863041603698,71.66314662559657,71.657619814999,71.65205150425025,71.64644321335636,71.64079646232332,71.63511277115711,71.62939365986377,71.62364064844925,71.6178552569196,71.6120390052808,71.60619341353886,71.60032000169977,71.59442028976954,71.58849579775418,71.58254804565968,71.57657855349204,71.57058884125726,71.56458042896136,71.55855483661033,71.55251358421016,71.54645819176687,71.54039017928646,71.53431106677492,71.52822237423827,71.52212562168249,71.51602354072149,71.5099210873196,71.50381863391769,71.4977161805158
70.59444197605853,70.6175087939663,70.64052876725378,70.66349621701772,70.68640546435483,70.7092508303619,70.7320266361356,70.75472720277273,70.77734685136997,70.79987990302408,70.82232067883183,70.84466349988992,70.8669026872951,70.88903256214411,70.91104744553368,70.93294165856057,70.95470952232148,70.97634535791317,70.9978434864324,71.01919822897585,71.04040390664031,71.06145484052252,71.08234535171914,71.10306976132702,71.12362239044282,71.14399756016329,71.1641895915852,71.18419280580525,71.2040015239202,71.22361006702675,71.2430127562217,71.26220391260176,71.28117785726366,71.29992891130414,71.31845139581992,71.33673963190779,71.35478794066444,71.37259064318661,71.39014206057107,71.40743651391452,71.42446832431372,71.44123181286542,71.45772130066632,71.47393110881319,71.48985555840275,71.50548897053176,71.52082566629693,71.53585996679502,71.55058619312274,71.56499866637685,71.5790917076541,71.59285963805121,71.6062967786649,71.61939745059195,71.63215597492905,71.64456667277295,71.65662386522044,71.6683218733682,71.67965501831299,71.69061762115152,71.70120400298057,71.71140848710411,71.7212273697076,71.73066254756222,71.73971690448815,71.74839332430565,71.75669469083493,71.76462388789619,71.77218379930969,71.77937730889556,71.7862073004741,71.79267665786548,71.79878826488996,71.80454500536771,71.80994976311894,71.81500542196392,71.81971486572283,71.82408097821587,71.82810664326331,71.83179474468531,71.8351481663021,71.83816979193392,71.84086250540099,71.84322919052349,71.84527273112167,71.8469960110157,71.84840191402586,71.84949332397233,71.85027312467531,71.85074419995505,71.85090943363176,71.85077170952562,71.85033391145689,71.8495989232458,71.84856962871248,71.84724891167724,71.84563965596024,71.84374474538174,71.84156706376191,71.83910949492102,71.83637492267923,71.83336623085677,71.83008630327387,71.82653802375074,71.8227242761076,71.8186479441647,71.81431191174218,71.80971906266032,71.80487228073932,71.79977444979937,71.79442845366069,71.78883717614355,71.7830035010681,71.77693031225459,71.77062049352324,71.76407692869427,71.75730250158784,71.75030009602426,71.74307259582366,71.7356228848063,71.72795384679239,71.72006836560215,71.71196932617335,71.70365977757828,71.69514310453297,71.68642273278039,71.6775020880635,71.66838459612526,71.65907368270871,71.64957277355674,71.63988529441235,71.63001467101853,71.61996432911826,71.60973769445451,71.59933819277023,71.5887692498084,71.57803429131201,71.56713674302404,71.55608003068741,71.54486758004515,71.53350281684021,71.52198916681559,71.51033005571423,71.49852890927912,71.48658915325322,71.4745142133795,71.46230751540097,71.44997248506058,71.4375125481013,71.42493113026609,71.41223165729795,71.39941755493987,71.38649224893476,71.37345916502565,71.36032172895548,71.34708336646727,71.33374750330393,71.32031756520848,71.30679697792388,71.29318916719308,71.27949755875909,71.26572557836488,71.2518766517534,71.23795420466766,71.22396166285057,71.20990245204518,71.1957799979944,71.18159772644125,71.16735906312869,71.15306743379966,71.13872626419717,71.12433898006421,71.1099090071437,71.09543977117863,71.08093469791203,71.06639721308679,71.05183074244593,71.03723871173244,71.02262454668926,71.00799167305937
70.55399455523337,70.57653818293107,70.5990356544801,70.62148304404425,70.64387642578725,70.6662118738729,70.68848546246497,70.7106932657272,70.73283135782336,70.75489581291725,70.77688270517262,70.79878810875326,70.82060809782288,70.84233874654532,70.8639761290843,70.88551631960362,70.90695539226704,70.9282894212383,70.94951448068122,70.9706266447595,70.99162198763699,71.01249658347743,71.03324650644453,71.05386783070216,71.074356630414,71.09470897974387,71.1149209528555,71.1349886239127,71.15490806707925,71.17467535651883,71.1942865663953,71.21373777087243,71.2330250441139,71.25214446028357,71.27109209354518,71.28986401806247,71.30845630799925,71.32686503751924,71.34508628078626,71.36311611196408,71.38095060521641,71.39858583470706,71.41601787459982,71.43324279905843,71.45025668224665,71.46705559832824,71.48363562146702,71.49999282582672,71.51612328557113,71.53202307486399,71.54768826786909,71.5631149387502,71.57829916167108,71.59323701079552,71.60792456028724,71.62235788431005,71.63653305702772,71.65044615260399,71.66409324520265,71.67747040898746,71.69057372158557,71.70340057994542,71.71595168295875,71.72822823769323,71.74023145121652,71.75196253059622,71.76342268290003,71.77461311519556,71.78553503455049,71.79618964803248,71.80657816270917,71.8167017856482,71.82656172391722,71.83615918458392,71.84549537471588,71.85457150138083,71.86338877164636,71.87194839258015,71.88025157124986,71.88829951472309,71.89609343006757,71.90363452435088,71.91092400464072,71.9179630780047,71.9247529515105,71.93129483222577,71.93758992721814,71.9436394435553,71.94944458830486,71.95500656853449,71.96032659131183,71.96540586370455,71.97024559278029,71.97484698560669,71.97921124925142,71.98333959078212,71.98723321726646,71.99089333577206,71.9943211533666,71.9975178771177,72.00048471409306,72.00322287136026,72.00573355598704,72.00801797504096,72.01007733558976,72.01191284470099,72.0135257094424,72.01491713688156,72.01608833408619,72.0170405081239,72.01777486606235,72.01829261496917,72.01859496191207,72.01868311395864,72.01855827817656,72.01822166163348,72.01767447139704,72.0169179145349,72.01595319811472,72.01478152920413,72.01340412731895,72.0118230436847,72.01004166996859,72.00806351935506,72.00589210502864,72.00353094017379,72.00098353797497,71.99825341161673,71.99534407428348,71.9922590391597,71.98900181942994,71.98557592827862,71.98198487889022,71.97823218444927,71.9743213581402,71.9702559131475,71.96603936265566,71.96167521984918,71.95716699791254,71.95251821003018,71.94773236938659,71.94281298916627,71.93776358255371,71.93258766273337,71.92728874288974,71.92187033620732,71.91633595587052,71.91068911506392,71.9049333269719,71.89907210477904,71.89310896166972,71.88704741082853,71.88089096543985,71.87464313868821,71.86830744375811,71.861887393834,71.85538650210034,71.84880828174167,71.84215624594242,71.83543390788708,71.82864478076016,71.8217923777461,71.81488021202944,71.80791179679457,71.80089064522605,71.79382027050835,71.7867041858259,71.77954590436323,71.77234893930483,71.76511680383513,71.75785301113865,71.75056107439985,71.74324450680322,71.73590682153323,71.7285515317744,71.72118215071117,71.71380219152803,71.70641516740946,71.69902459153994,71.69163397710395
70.90435495611503,70.9272744743801,70.95014728734657,70.97296688188224,70.99572674485493,71.01842036313239,71.04104122358244,71.06358281307284,71.0860386184714,71.10840212664588,71.13066682446411,71.15282619879386,71.1748737365029,71.19680292445905,71.21860724953008,71.24028019858378,71.26181525848793,71.28320591611035,71.30444565831878,71.32552797198106,71.34644634396494,71.36719426113824,71.38776521036871,71.40815267852419,71.42835015247242,71.44835111908121,71.46814906521836,71.48773747775164,71.50710984354883,71.52625964947775,71.54518038240617,71.56386552920188,71.58230857673266,71.60050301186632,71.61844232147064,71.63611999241338,71.65352951156238,71.6706643657854,71.68751804195021,71.70408402692465,71.72035580757645,71.73632687077345,71.7519907033834,71.76734079227411,71.78237062431337,71.79707368636895,71.81144346530866,71.82547344800028,71.83915712131159,71.85248797211038,71.86545948726446,71.8780651536416,71.8902984581096,71.90215288753623,71.91362192878928,71.92469906873657,71.93537779424585,71.94565159218494,71.9555139494216,71.96495835282364,71.97397828925885,71.98256724825796,71.99072109953302,71.99844246961848,72.0057351758734,72.01260303565675,72.0190498663276,72.02507948524494,72.0306957097678,72.0359023572552,72.04070324506615,72.04510219055969,72.04910301109481,72.05270952403058,72.05592554672596,72.05875489654,72.06120139083173,72.06326884696014,72.06496108228428,72.06628191416316,72.06723515995579,72.06782463702119,72.0680541627184,72.06792755440642,72.06744862944427,72.066621205191,72.06544909900559,72.06393612824708,72.06208611027448,72.05990286244682,72.05739020212312,72.0545519466624,72.05139191342367,72.04791391976596,72.04412178304828,72.04001932062965,72.03561034986912,72.03089868812566,72.02588815275833,72.02058256112613,72.0149857305881,72.00910147850323,72.00293362223056,71.9964859791291,71.98976236655788,71.98276660187592,71.97550250244223,71.96797388561583,71.96018456875576,71.95213836922102,71.94383910437062,71.93529059156361,71.926496648159,71.91746109151579,71.90818773899302,71.89868040794971,71.88894291574488,71.87897907973753,71.8687927172867,71.8583876457514,71.84776768249066,71.8369366448635,71.82589834901717,71.81465643313165,71.803214171456,71.79157479375479,71.77974152979249,71.76771760933359,71.75550626214263,71.74311071798408,71.73053420662247,71.71777995782229,71.70485120134805,71.69175116696424,71.67848308443538,71.66505018352598,71.65145569400053,71.63770284562354,71.62379486815952,71.60973499137296,71.59552644502837,71.58117245889026,71.56667626272313,71.5520410862915,71.53727015935984,71.52236671169268,71.50733397305451,71.49217517320986,71.4768935419232,71.46149230895905,71.44597470408192,71.43034395705632,71.41460329764674,71.39875595561767,71.38280516073364,71.36675414275915,71.3506061314587,71.3343643565968,71.31803204793795,71.30161243524664,71.2851087482874,71.26852421682472,71.25186207062309,71.23512553944704,71.21831785306108,71.20144224122969,71.18450193371737,71.16750016028865,71.15044015070802,71.13332513473998,71.11615834214905,71.09894300269973,71.0816823461565,71.06437960228389,71.0470380008464,71.02966077160853,71.01225114433478,70.99481234878968,70.97734761473771,70.95986017194336
70.9420131099861,70.96000359930608,70.97786556196806,70.99559699059986,71.01319587782932,71.03066021628423,71.04798799859245,71.06517721738177,71.08222586528004,71.09913193491506,71.11589341891467,71.13250830990668,71.14897460051893,71.16529028337924,71.18145335111541,71.19746179635527,71.21331361172666,71.2290067898574,71.24453932337529,71.25990920490818,71.27511442708389,71.29015298253023,71.30502286387501,71.3197220637461,71.33424857477127,71.34860038957838,71.36277550079522,71.37677190104965,71.39058758296947,71.40422053918252,71.4176687623166,71.43093024499954,71.44400297985916,71.45688495952331,71.46957417661979,71.4820686237764,71.49436629362101,71.50646517878141,71.51836327188545,71.53005856556092,71.54154905243566,71.5528327251375,71.56390757629424,71.57477159853373,71.58542278448378,71.59585912677221,71.60607861802686,71.61607925087553,71.62585901794604,71.63541591186625,71.64474792526394,71.65385305076695,71.66272928100311,71.67137460860023,71.67978702618615,71.68796452638867,71.69590510183562,71.70360674515484,71.71106744897415,71.71828520592135,71.72525800862428,71.73198385074035,71.73846164619218,71.74469292133716,71.7506796629491,71.7564238578017,71.76192749266879,71.76719255432408,71.77222102954136,71.77701490509439,71.78157616775692,71.78590680430273,71.79000880150556,71.79388414613919,71.79753482497739,71.8009628247939,71.8041701323625,71.80715873445695,71.80993061785101,71.81248776931844,71.814832175633,71.81696582356847,71.81889069989859,71.82060879139715,71.82212208483789,71.82343256699457,71.82454222464098,71.82545304455085,71.82616701349797,71.82668611825608,71.82701234559896,71.82714768230036,71.82709411513406,71.82685363087381,71.82642821629337,71.82581985816651,71.82503054326699,71.82406225836857,71.82291699024502,71.82159672567009,71.82010345141757,71.81843915426118,71.81660582097473,71.81460543833195,71.81243999310661,71.81011147207248,71.80762186200332,71.80497314967289,71.80216732185495,71.79920636532327,71.7960922668516,71.79282701321372,71.78941259118339,71.78585098753436,71.78214418904041,71.77829418247528,71.77430295461275,71.77017249222658,71.76590478209054,71.76150181097837,71.75696556566386,71.75229803292075,71.74750120006708,71.74257713435591,71.73752806650195,71.73235624720039,71.72706392714643,71.72165335703528,71.71612678756216,71.71048646942228,71.70473465331081,71.69887358992298,71.692905529954,71.68683272409908,71.6806574230534,71.67438187751219,71.66800833817065,71.66153905572398,71.6549762808674,71.6483222642961,71.64157925670528,71.63474950879018,71.62783527124597,71.62083879476788,71.6137623300511,71.60660812779085,71.59937843868232,71.59207551342072,71.58470160270127,71.57725895721917,71.56974982766963,71.56217646474784,71.554541119149,71.54684604156834,71.53909348270106,71.53128569324237,71.52342492388745,71.51551342533153,71.50755344826982,71.49954724339752,71.49149706140982,71.48340515300194,71.47527376886909,71.46710515970646,71.45890157620929,71.45066526907273,71.44239848899204,71.43410348666241,71.42578251277902,71.41743781803711,71.40907165313187,71.40068626875852,71.39228391561224,71.38386684438825,71.37543730578177,71.36699755048798,71.3585498292021,71.35009639261935,71.34163949143492,71.333181376344
70.91373219626355,70.9317733649174,70.94982949168877,70.96789505664344,70.98596453984716,71.00403242136571,71.02209318126485,71.04014129961035,71.058171256468,71.07617753190353,71.09415460598274,71.11209695877139,71.12999907033524,71.14785542074007,71.16566049005164,71.18340875833572,71.20109470565808,71.2187128120845,71.23625755768073,71.25372342251255,71.27110488664572,71.28839643014602,71.30559253307919,71.32268767551105,71.33967633750733,71.3565529991338,71.37331214045624,71.38994824154041,71.40645578245208,71.42282924325703,71.43906310402102,71.4551518448098,71.47108994568917,71.4868718867249,71.50249214798274,71.51794520952843,71.5332255514278,71.5483276537466,71.56324599655056,71.5779750599055,71.59250932387715,71.60684326853129,71.6209713739337,71.63488812015015,71.64858798724639,71.66206545528819,71.67531500434134,71.6883311144716,71.70110826574471,71.71364093822648,71.72592361198265,71.737950767079,71.7497168835813,71.76121644155532,71.77244392106682,71.78339380218156,71.79406056496535,71.80443868948392,71.81452265580303,71.82430694398849,71.83378603410604,71.84295440800103,71.85180813813076,71.86034781235752,71.86857481434,71.87649052773688,71.88409633620687,71.89139362340866,71.89838377300096,71.90506816864246,71.91144819399184,71.91752523270782,71.92330066844909,71.92877588487433,71.93395226564223,71.93883119441152,71.94341405484087,71.94770223058899,71.95169710531457,71.95540006267629,71.95881248633287,71.961935759943,71.96477126716537,71.96732039165869,71.96958451708163,71.97156502709291,71.97326330535121,71.97468073551524,71.97581870124368,71.97667858619523,71.9772617740286,71.97756964840248,71.97760359297556,71.97736499140653,71.9768552273541,71.97607568447695,71.9750277464338,71.97371279688332,71.97213221948422,71.97028739789519,71.96817971577494,71.96581055678215,71.96318130457551,71.96029334281374,71.95714805515551,71.95374682525954,71.95009103678451,71.94618207338912,71.94202131873207,71.93761015647206,71.93294997026777,71.9280421437779,71.92288806066115,71.9174891045762,71.91184665918179,71.90596210813658,71.89983683509926,71.89347222372857,71.88686965768315,71.88003052062173,71.87295619620299,71.86564806808563,71.85810752508507,71.85033671337627,71.8423393278817,71.8341192528331,71.8256803724621,71.81702657100038,71.80816173267962,71.79908974173149,71.78981448238767,71.78033983887981,71.77066969543962,71.76080793629873,71.75075844568885,71.74052510784163,71.73011180698875,71.71952242736188,71.7087608531927,71.69783096871289,71.6867366581541,71.67548180574802,71.6640702957263,71.65250601232066,71.64079283976271,71.62893466228418,71.61693536411671,71.60479882949198,71.59252894264168,71.58012958779746,71.567604649191,71.55495801105397,71.54219355761805,71.52931517311491,71.51632674177621,71.50323214783366,71.49003527551889,71.47674000906359,71.46335023269945,71.44986983065812,71.43630268717126,71.42265268647058,71.40892371278774,71.3951196503544,71.38124438340225,71.36730179616295,71.35329577286817,71.33923019774959,71.3251089550389,71.31093592896774,71.2967150037678,71.28245006367075,71.26814499290828,71.25380367571202,71.23942999631369,71.22502783894494,71.21060108783745,71.19615362722288,71.18168934133291,71.16721211439923
70.79051575004746,70.80467250445768,70.81877114274295,70.83281050758963,70.84678944168405,70.86070678771262,70.87456138836166,70.88835208631755,70.90207772426665,70.9157371448953,70.9293291908899,70.94285270493678,70.9563065297223,70.96968950793284,70.98300048225475,70.99623829537438,71.00940178997813,71.02248980875231,71.03550119438331,71.04843478955748,71.06128943696119,71.0740639792808,71.08675725920266,71.09936811941313,71.11189540259859,71.12433795144537,71.13669460863987,71.14896421686842,71.1611456188174,71.17323765717316,71.18523917462205,71.19714901385046,71.20896601754472,71.2206890283912,71.23231688907629,71.2438484422863,71.25528253070763,71.26661799702663,71.27785368392966,71.28898843410308,71.30002109023323,71.31095049500651,71.32177549110925,71.33249492122782,71.3431076280486,71.35361245425791,71.36400824254216,71.37429383558766,71.38446807608081,71.39452980670795,71.40447787015545,71.41431110910968,71.42402836625696,71.4336284842837,71.44311030587623,71.45247267372093,71.46171443050414,71.47083441891225,71.47983148163159,71.48870446134853,71.49745220074945,71.50607355157368,71.51456812873424,71.5229368776461,71.53118087735167,71.53930120689336,71.54729894531359,71.55517517165477,71.56293096495932,71.57056740426965,71.57808556862818,71.58548653707734,71.59277138865951,71.59994120241714,71.60699705739265,71.6139400326284,71.62077120716687,71.62749166005044,71.63410247032154,71.64060471702257,71.64699947919596,71.65328783588411,71.65947086612947,71.6655496489744,71.67152526346138,71.67739878863277,71.68317130353101,71.68884388719852,71.6944176186777,71.69989357701098,71.70527284124077,71.71055649040949,71.71574560355954,71.72084125973335,71.72584453797333,71.7307565173219,71.73557827682147,71.74031089551445,71.74495545244328,71.74951302665035,71.75398469717808,71.75837154306889,71.7626746433652,71.76689507710942,71.77103392334398,71.77509226111125,71.7790711694537,71.78297172741372,71.78679501403373,71.79054210835614,71.79421408942336,71.79781203627782,71.80133702796194,71.8047901435181,71.80817246198876,71.81148506241632,71.81472902384319,71.81790542531178,71.82101534586451,71.8240598645438,71.82704006039206,71.82995701245173,71.83281180425315,71.83560559233909,71.83833959261338,71.84101502270076,71.84363310022601,71.84619504281393,71.84870206808928,71.85115539367682,71.85355623720135,71.85590581628763,71.85820534856043,71.86045605164455,71.86265914316473,71.86481584074578,71.86692736201245,71.86899492458951,71.87101974610177,71.87300304417397,71.8749460364309,71.87684994049734,71.87871597399806,71.88054535455782,71.88233929980142,71.88409902735361,71.88582575483919,71.88752069988293,71.88918508010958,71.89082011314395,71.8924270166108,71.89400700813488,71.895561305341,71.89709112585393,71.89859768729843,71.90008220729929,71.90154590348128,71.90298999346916,71.90441569488773,71.90582422536175,71.90721680251599,71.90859464397525,71.90995896736428,71.91131099030785,71.91265193043077,71.91398300535778,71.91530543271367,71.91662043012322,71.91792921521119,71.91923300560236,71.92053301892152,71.92183047279342,71.92312658484286,71.9244225726946,71.9257196539734,71.92701904630408,71.92832196731138,71.92962963462007,71.93094326585495,71.93226407864077
71.14400457682788,71.15795577079676,71.17186612741983,71.18573285463327,71.19955316037324,71.21332425257586,71.22704333917733,71.2407076281138,71.25431432732141,71.26786064473632,71.28134378829469,71.2947609659327,71.30810938558648,71.32138625519221,71.33458878268603,71.34771417600409,71.36075964308257,71.37372239185763,71.38659963026541,71.39938856624207,71.41208640772378,71.42469036264669,71.43719763894696,71.44960544456075,71.46191098742419,71.47411147547348,71.48620411664476,71.49818611887419,71.51005469009792,71.52180703825212,71.53344037127293,71.54495189709652,71.55633882365905,71.56759835889667,71.57872771074555,71.58972408714185,71.6005846960217,71.61130674532127,71.62188744297674,71.63232399692424,71.64261361509995,71.65275350544,71.66274087588059,71.67257293435783,71.68224688880791,71.69175994716697,71.70110931737118,71.7102922073567,71.71930582505968,71.72814737841627,71.73681407536263,71.74530312383494,71.75361173176934,71.761737107102,71.76967645776905,71.77742699170666,71.78498591685101,71.79235044113824,71.79951777250452,71.80648511888597,71.81324968821879,71.81980868999732,71.82616072643661,71.83230835338632,71.83825482348585,71.84400338937462,71.84955730369204,71.85491981907751,71.86009418817048,71.86508366361033,71.86989149803651,71.87452094408843,71.87897525440549,71.8832576816271,71.88737147839271,71.8913198973417,71.89510619111353,71.89873361234756,71.90220541368325,71.90552484775999,71.90869516721722,71.91171962469434,71.91460147283077,71.91734396426592,71.91995035163922,71.92242388759007,71.92476782475791,71.92698541578213,71.92907991330215,71.9310545699574,71.9329126383873,71.93465737123124,71.93629202112865,71.93781984071896,71.93924408264157,71.94056799953589,71.94179484404135,71.94292786879737,71.94397032644336,71.94492546961872,71.9457965509629,71.9465868231153,71.94729953871531,71.94793795040239,71.94850531081593,71.94900487259535,71.94943988838007,71.9498136108095,71.95012929252306,71.95039018616018,71.95059954436024,71.9507606197627,71.95087666500694,71.95095093273241,71.95098667557849,71.95098714618463,71.95095559719022,71.9508952812347,71.95080945095745,71.95070135899792,71.95057425799551,71.95043140058965,71.95027603426523,71.95011064947076,71.94993618856797,71.94975340469026,71.94956305097097,71.94936588054345,71.94916264654111,71.94895410209728,71.94874100034535,71.94852409441866,71.94830413745059,71.94808188257451,71.94785808292379,71.94763349163178,71.94740886183185,71.94718494665736,71.94696249924169,71.94674227271821,71.94652502022026,71.94631149488123,71.94610244983448,71.94589863821336,71.94570081315126,71.94550972778154,71.94532613523755,71.94515078865267,71.94498444116026,71.94482784589368,71.94468175598631,71.9445469245715,71.94442410478263,71.94431404975306,71.94421751261616,71.94413524650528,71.94406800455381,71.9440165398951,71.94398160566251,71.94396395498943,71.9439643410092,71.9439835168552,71.9440222356608,71.94408125055934,71.94416131468421,71.94426318116876,71.94438760314638,71.94453533375042,71.94470712611424,71.94490373337122,71.9451259086547,71.94537440509808,71.9456499758347,71.94595337399794,71.94628535272116,71.94664666513773,71.947038064381,71.94746030358436,71.94791413588116,71.94840031440478
70.6330051689524,70.65220722231172,70.67137439765872,70.69050300403586,70.70958935048557,70.72862974605027,70.74762049977247,70.76655792069457,70.78543831785899,70.80425800030818,70.82301327708461,70.84170045723073,70.86031584978895,70.87885576380171,70.89731650831146,70.91569439236065,70.93398572499174,70.95218681524713,70.97029397216932,70.98830350480065,71.00621172218368,71.02401493336077,71.04170944737442,71.05929157326702,71.07675762008105,71.09410389685891,71.11132671264312,71.12842237647604,71.14538719740014,71.16221748445787,71.17890954669167,71.19545969314399,71.21186423285724,71.22811947487389,71.2442217282364,71.26016730198717,71.27595250516868,71.29157364682334,71.3070270359936,71.3223089817219,71.3374157930507,71.35234377902242,71.36708924867952,71.38164851106444,71.39601787521963,71.4101936501875,71.42417214501052,71.43794966873111,71.45152253039174,71.46488703903483,71.47803950370283,71.4909762334382,71.50369353728334,71.51618772428071,71.5284551034728,71.54049198390197,71.55229467461072,71.56385948464148,71.57518272303668,71.58626069883877,71.59708972109019,71.60766610048165,71.61798762094932,71.62805624865626,71.63787468684242,71.6474456387478,71.65677180761242,71.66585589667622,71.67470060917927,71.68330864836153,71.69168271746298,71.69982551972365,71.7077397583835,71.71542813668256,71.72289335786078,71.73013812515822,71.73716514181484,71.74397711107065,71.75057673616561,71.75696672033976,71.76314976683307,71.76912857888553,71.77490585973715,71.78048431262795,71.78586664079788,71.79105554748696,71.7960537359352,71.80086390938257,71.80548877106907,71.80993102423471,71.81419337211949,71.81827851796336,71.82218916500639,71.82592801648852,71.82949777564974,71.83290114573009,71.83614082996957,71.83921953160811,71.84213995388575,71.84490480004249,71.84751677331832,71.84997857695325,71.85229291418725,71.85446248826031,71.85649000241247,71.85837815988367,71.86012966391397,71.8617472177433,71.8632335246117,71.86459128775914,71.86582321042565,71.86693199585119,71.86792034727577,71.86879096793942,71.86954656108207,71.87018982994377,71.87072347776447,71.87115020778421,71.87147272324296,71.87169372738072,71.87181592343751,71.87184201465328,71.8717747019856,71.87161635116922,71.87136864243166,71.87103317220831,71.87061153693469,71.87010533304613,71.86951615697814,71.86884560516609,71.86809527404543,71.86726676005162,71.86636165962005,71.86538156918618,71.86432808518543,71.86320280405323,71.86200732222503,71.86074323613622,71.85941214222223,71.85801563691854,71.85655531666052,71.85503277788365,71.85344961702336,71.85180743051504,71.85010781479414,71.8483523662961,71.84654268145636,71.84468035671031,71.8427669884934,71.84080417324108,71.83879350738874,71.83673658737189,71.83463500962586,71.83249037058613,71.83030426668813,71.82807829436729,71.82581405005905,71.82351313019882,71.82117713122202,71.81880764956412,71.81640628166053,71.81397462394668,71.81151427285798,71.80902682482989,71.80651387629783,71.80397702369723,71.80141786346351,71.79883799203213,71.79623900583852,71.79362250131805,71.7909900749062,71.78834332303842,71.78568384215009,71.78301322867668,71.7803330790536,71.7776449897163,71.77495055710017,71.77225137764069,71.76954904777324,71.76684516393328
71.07999466289395,71.09542171693802,71.11074519040811,71.12596257785009,71.14107137380984,71.15606907283319,71.17095316946605,71.18572115825427,71.20037053374371,71.21489879048023,71.22930342300974,71.24358192587808,71.2577317936311,71.27175052081469,71.28563560197472,71.29938453165705,71.31299480440755,71.32646391477209,71.33978935729654,71.35296862652676,71.36599921700862,71.37887862328799,71.39160433991073,71.40417386142272,71.41658468236983,71.42883429729791,71.44092020075284,71.45283988728049,71.46459085142672,71.4761705877374,71.4875765907584,71.49880635503558,71.50985737511482,71.52072714554198,71.53141316086294,71.54191291562356,71.5522239043697,71.56234362164723,71.57226956200202,71.58199921997993,71.59153009012685,71.60085966698864,71.60998544511116,71.61890491904028,71.62761558332186,71.63611493250178,71.64440046112591,71.6524696637401,71.66032003489023,71.66794906912217,71.67535426098179,71.68253310501495,71.68948309576753,71.69620172778538,71.70268649561437,71.70893489380038,71.71494441688927,71.72071255942691,71.72623681595917,71.73151468103191,71.736543649191,71.74132121664648,71.74584636705342,71.75012230660327,71.7541529856687,71.7579423546223,71.76149436383672,71.76481296368459,71.76790210453852,71.77076573677115,71.77340781075512,71.77583227686306,71.77804308546756,71.7800441869413,71.78183953165687,71.78343306998693,71.7848287523041,71.78603052898097,71.78704235039022,71.78786816690447,71.78851192889634,71.78897758673845,71.78926909080344,71.78939039146394,71.78934543909257,71.78913818406197,71.78877257674475,71.78825256751357,71.78758210674103,71.78676514479977,71.78580563206242,71.78470751890161,71.78347475568998,71.78211129280012,71.7806210806047,71.77900806947635,71.77727620978766,71.7754294519113,71.77347174621985,71.771407043086,71.76923929288233,71.7669724459815,71.76461045275612,71.76215726357883,71.75961682882225,71.75699309885901,71.75429002406175,71.75151155480309,71.74866164145566,71.74574423439208,71.742763283985,71.73972274060704,71.7366265546308,71.73347867642896,71.73028305637412,71.72704364483891,71.72376439219596,71.7204492488179,71.71710216507736,71.71372709134697,71.71032797799936,71.70690877540716,71.70347342663715,71.7000248017575,71.69656357662886,71.69309015890575,71.6896049562427,71.68610837629424,71.68260082671489,71.67908271515917,71.67555444928163,71.67201643673678,71.66846908517915,71.66491280226329,71.66134799564368,71.65777507297489,71.65419444191141,71.6506065101078,71.64701168521859,71.64341037489827,71.6398029868014,71.63618992858248,71.63257160789607,71.62894843239668,71.62532080973884,71.62168914757706,71.6180538535659,71.61441533535985,71.61077400061347,71.60713025698128,71.60348451211779,71.59983717367753,71.59618864931504,71.59253934668484,71.58888967344147,71.58524003723944,71.58159084573329,71.57794250657754,71.57429542742672,71.57065001593534,71.56700667975795,71.56336582654907,71.55972786396323,71.55609319965495,71.55246224127876,71.5488353964892,71.54521307294077,71.54159567828802,71.53798362018546,71.53437730628764,71.53077714424906,71.52718354172427,71.52359690636779,71.52001764583413,71.51644616777784,71.51288287985345,71.50932818971548,71.50578250501843,71.50224623341687,71.4987197825653
70.64893817852409,70.674874382431,70.7007058479385,70.72642720491021,70.75203308320974,70.77751811270069,70.80287692324666,70.82810414471128,70.85319440695814,70.87814233985084,70.902942573253,70.92758973702824,70.95207846104013,70.97640337515232,71.00055910922838,71.02454029313192,71.04834155672658,71.07195752987596,71.09538284244364,71.11861212429322,71.14164000528835,71.16446111529262,71.18707008416962,71.20946154178299,71.2316301179963,71.25357044267317,71.27527714567722,71.29674485687205,71.31796820612126,71.33894182328847,71.35966033823728,71.38011838083128,71.4003105809341,71.42023156840935,71.43987597312062,71.45923842493153,71.47831355370569,71.49709598930669,71.51558036159814,71.53376130044366,71.55163343570686,71.56919139725133,71.58642981494067,71.60334331863852,71.61992653820847,71.63617410351412,71.65208064441909,71.66764079078698,71.6828491724814,71.69770041936594,71.71218916130424,71.72631002815987,71.74005764979647,71.75342665607762,71.76641167686695,71.77900734202807,71.79120828142456,71.80300912492004,71.81440450237812,71.82538904366241,71.83595737863652,71.84610413958585,71.85582612343417,71.86512627204769,71.87400861027923,71.8824771629816,71.89053595500764,71.89818901121015,71.90544035644196,71.91229401555589,71.91875401340475,71.92482437484136,71.93050912471857,71.93581228788916,71.94073788920598,71.94528995352182,71.94947250568953,71.9532895705619,71.95674517299177,71.95984333783197,71.9625880899353,71.96498345415458,71.96703345534263,71.9687421183523,71.97011346803636,71.97115152924766,71.97186032683902,71.97224388566325,71.97230623057317,71.97205138642161,71.9714833780614,71.97060623034531,71.96942396812621,71.96794061625691,71.96616019959022,71.96408674297896,71.96172427127595,71.95907680933402,71.95614838200598,71.95294301414465,71.94946473060286,71.9457175562334,71.94170551588914,71.93743263442285,71.93290293668738,71.92812044753555,71.92308919182017,71.91781319439404,71.91229648011003,71.90654307382091,71.90055700037954,71.8943422846387,71.88790295145124,71.88124302566996,71.8743665321477,71.86727749573727,71.8599799412915,71.85247789366318,71.84477537770516,71.83687641827025,71.82878504021126,71.82050526838103,71.81204112524777,71.80339628305826,71.79457369788078,71.78557623824243,71.77640677267033,71.76706816969158,71.75756329783333,71.74789502562265,71.73806622158668,71.72807975425252,71.7179384921473,71.70764530379812,71.6972030577321,71.68661462247636,71.67588286655798,71.66501065850413,71.65400086684188,71.64285636009838,71.6315800068007,71.620174675476,71.60864323465134,71.59698855285389,71.58521349861071,71.57332094044898,71.56131374689575,71.54919478647817,71.53696692772334,71.52463303915839,71.51219598931041,71.49965864670654,71.48702387987387,71.47429455733952,71.46147354763062,71.44856371927428,71.43556794079758,71.42248908072767,71.40933000759166,71.39609358991666,71.38278269622978,71.36940019505813,71.35594895492885,71.34243184436902,71.32885173190576,71.3152114860662,71.30151397537745,71.2877620683666,71.27395863356081,71.26010653948715,71.24620865467276,71.23226784764475,71.21828698693022,71.2042689410563,71.19021657855009,71.17613276793873,71.1620203777493,71.14788227650892,71.13372133274474,71.11954041498383
70.64765398571127,70.6731196057931,70.69846163069695,70.72367583537738,70.74875799478886,70.77370388388591,70.79850927762308,70.82316995095485,70.84768167883576,70.87204023622029,70.89624139806297,70.92028093931833,70.94415463494086,70.96785825988509,70.99138758910554,71.0147383975567,71.0379064601931,71.06088755196926,71.08367744783968,71.10627192275888,71.12866675168137,71.15085770956168,71.17284057135429,71.19461111201376,71.21616510649457,71.23749832975125,71.2586065567383,71.27948556241026,71.3001311217216,71.32053900962688,71.34070500108061,71.36062487103727,71.3802943944514,71.3997093462775,71.4188655014701,71.4377586349837,71.45638452177283,71.474738936792,71.4928176549957,71.51061645133846,71.52813110077481,71.54535737825925,71.5622910587463,71.57892791719047,71.59526372854627,71.61129426776822,71.62701530981083,71.64242262962861,71.65751200217609,71.67227920240776,71.68672000527816,71.7008301857418,71.71460551875317,71.72804177926682,71.74113474223722,71.75388018261893,71.76627387536644,71.77831159543426,71.78998911777691,71.80130221734892,71.81224666910478,71.82281828279487,71.83301580148334,71.84284308211589,71.85230449524515,71.86140441142373,71.87014720120428,71.87853723513938,71.88657888378165,71.89427651768375,71.90163450739827,71.90865722347785,71.91534903647509,71.92171431694263,71.92775743543307,71.93348276249904,71.93889466869317,71.94399752456806,71.94879570067636,71.95329356757065,71.95749549580358,71.96140585592778,71.96502901849584,71.96836935406039,71.97143123317406,71.97421902638946,71.97673710425923,71.97898983733596,71.9809815961723,71.98271675132084,71.98419967333423,71.98543473276507,71.98642630016599,71.98717874608961,71.98769644108856,71.98798375571543,71.98804506052286,71.98788472606348,71.98750712288991,71.98691662155474,71.98611759261063,71.98511440661017,71.98391143410599,71.98251304565072,71.98092361179697,71.97914750309735,71.97718909010452,71.97505274337105,71.9727428334496,71.97026373089277,71.96761980625318,71.96481543008346,71.96185497293624,71.95874280536411,71.95548329791971,71.95208082115566,71.94853974562459,71.94486444187909,71.9410592804718,71.93712863195535,71.93307686688235,71.9289083558054,71.92462738421327,71.92023685373375,71.91573854087834,71.9111341895395,71.90642554360974,71.90161434698156,71.89670234354745,71.89169127719988,71.88658289183138,71.88137893133444,71.87608113960152,71.87069126052515,71.86521103799781,71.859642215912,71.8539865381602,71.84824574863492,71.84242159122864,71.83651580983387,71.83053014834309,71.8244663506488,71.8183261606435,71.81211132221966,71.8058235792698,71.7994646756864,71.79303635536196,71.78654036218897,71.77997844005993,71.77335233286735,71.76666378450368,71.75991453886145,71.75310633983314,71.74624093131123,71.73932005718825,71.73234546135667,71.725318887709,71.7182420801377,71.7111167825353,71.70394473879428,71.69672769280712,71.68946738846634,71.68216556966442,71.67482398029387,71.66744436424715,71.66002846541679,71.65257802769526,71.64509479497505,71.63758051114868,71.63003692010862,71.62246576574739,71.61486879195746,71.60724774263133,71.5996043616615,71.59194039294046,71.5842575803607,71.57655766781473,71.56884239919502,71.56111351839407,71.55337276930439
70.64492984742236,70.66677310395009,70.68852389265557,70.71017969508793,70.73173799279628,70.75319626732971,70.77455200023736,70.79580267306834,70.81694576737176,70.83797876469673,70.85889914659236,70.87970439460778,70.90039199029209,70.92095941519442,70.94140415086386,70.96172367884952,70.98191548070056,71.00197703796606,71.02190583219513,71.04169934493689,71.06135505774046,71.08087045215495,71.10024300972947,71.11947021201314,71.13854954055508,71.15747847690437,71.17625450261016,71.19487509922156,71.21333774828769,71.23163993135762,71.24977912998051,71.26775282570546,71.28555850008158,71.30319363465797,71.32065571098379,71.3379422106081,71.35505061508005,71.37197840594874,71.38872306476328,71.40528207307278,71.42165291242638,71.43783306437318,71.45382001046228,71.4696112322428,71.48520421126388,71.50059642907459,71.51578536722407,71.53076850726144,71.5455433307358,71.56010731919626,71.57445795419194,71.58859271727198,71.60250908998545,71.61620455388149,71.62967659050919,71.6429226814177,71.6559403081561,71.66872695227354,71.6812800953191,71.6935972188419,71.70567580439108,71.71751335056597,71.72910879331278,71.74046357442002,71.75157938734758,71.76245792555537,71.77310088250331,71.7835099516513,71.79368682645926,71.8036332003871,71.81335076689471,71.82284121944203,71.83210625148894,71.84114755649537,71.84996682792124,71.85856575922642,71.86694604387087,71.87510937531447,71.88305744701712,71.89079195243876,71.89831458503929,71.90562703827861,71.91273100561664,71.91962818051327,71.92632025642845,71.93280892682205,71.939095885154,71.94518282488421,71.9510714394726,71.95676342237905,71.9622604670635,71.96756426698583,71.97267651560598,71.97759890638385,71.98233313277935,71.98688088825239,71.99124386626286,71.9954237602707,71.99942226373581,72.0032410701181,72.00688187287747,72.01034636547385,72.01363624136712,72.01675319401723,72.01969891688407,72.02247510342754,72.02508344710756,72.02752564138405,72.0298033797169,72.03191835556602,72.03387226239134,72.03566679365277,72.0373036428102,72.03878450332355,72.04011106865273,72.04128503225766,72.04230808759823,72.04318192813437,72.04390824732597,72.04448873863296,72.04492509551524,72.04521901143272,72.04537220394533,72.04538678268376,72.04526517604288,72.04500982165902,72.04462315716854,72.0441076202078,72.04346564841313,72.04269967942089,72.04181215086744,72.04080550038911,72.03968216562227,72.03844458420325,72.03709519376841,72.0356364319541,72.03407073639669,72.03240054473248,72.03062829459788,72.02875642362919,72.02678736946278,72.024723569735,72.02256746208221,72.02032148414074,72.01798807354696,72.0155696679372,72.01306870494783,72.01048762221518,72.00782885737561,72.00509484806548,72.00228803192113,71.9994108465789,71.99646572967515,71.99345511884624,71.9903814517285,71.9872471659583,71.98405469917198,71.98080648900587,71.97750497309636,71.97415258907978,71.97075177459247,71.96730496727079,71.96381460475111,71.96028312466974,71.95671296466305,71.9531065623674,71.94946635541912,71.94579478145458,71.94209427811012,71.93836728302207,71.93461623382683,71.9308435681607,71.92705172366006,71.92324313796124,71.9194202487006,71.9155854935145,71.91174131003928,71.90789013591129,71.90403440876688,71.9001765662424
71.03989899456363,71.0569330630259,71.07392174090336,71.09086165703837,71.10774944027324,71.12458171945022,71.1413551234117,71.15806628099992,71.17471182105723,71.1912883724259,71.20779256394829,71.22422102446669,71.24057038282336,71.25683726786065,71.27301830842086,71.28911013334633,71.30510937147932,71.32101265166216,71.33681660273714,71.35251785354657,71.3681130329328,71.38359876973811,71.39897169280479,71.41422843097519,71.42936561309156,71.44437986799625,71.45926782453157,71.47402611153981,71.48865135786326,71.50314019234429,71.51748924382514,71.53169514114816,71.54575451315566,71.55966398868992,71.57342019659328,71.58701976570799,71.60045932487643,71.61373550294087,71.62684492874362,71.63978423112698,71.6525500389333,71.66513898100482,71.67754768618391,71.68977278331286,71.70181090123396,71.71365866878952,71.72531271482185,71.73676966817331,71.74802615768613,71.75907881220266,71.7699242605652,71.78055913161606,71.79098005419752,71.80118365715194,71.81116656932159,71.82092541954879,71.83045683667586,71.83975744954509,71.84882388699879,71.85765277787928,71.86624075102884,71.87458443627324,71.88268134243114,71.89053147359309,71.89813527361713,71.90549318636135,71.91260565568376,71.91947312544244,71.92609603949543,71.93247484170078,71.93860997591653,71.94450188600075,71.95015101581149,71.95555780920677,71.9607227100447,71.96564616218328,71.97032860948059,71.97477049579464,71.97897226498355,71.98293436090532,71.986657227418,71.99014130837966,71.99338704764835,71.99639488908213,71.99916527653903,72.0016986538771,72.00399546495441,72.006056153629,72.00788116375892,72.00947093920223,72.01082592381698,72.01194656146123,72.01283329599298,72.01348657127036,72.01390683115136,72.01409451949405,72.0140500801565,72.01377395699672,72.0132665938728,72.01252843464277,72.0115599231647,72.0103615032966,72.00893361889658,72.00727671382265,72.00539123193289,72.0032776170853,72.000936313138,71.99836776394898,71.99557241337635,71.99255070527809,71.98930308351231,71.98582999193704,71.98213187441036,71.97820917479024,71.97406233693482,71.96969180470211,71.96509802195015,71.96028143253704,71.95524248032078,71.94998160915947,71.94449926291108,71.93879588543376,71.93287192627602,71.92672867074691,71.92036911322734,71.91379645700448,71.90701390536543,71.90002466159734,71.89283192898736,71.88543891082259,71.87784881039016,71.87006483097724,71.86209017587097,71.85392804835843,71.84558165172677,71.83705418926317,71.8283488642547,71.81946887998856,71.8104174397518,71.80119774683163,71.79181300451515,71.7822664160895,71.7725611848418,71.76270051405919,71.7526876070288,71.7425256670378,71.73221789737329,71.72176750132238,71.71117768217226,71.70045164321002,71.68959258772281,71.67860371899778,71.667488240322,71.65624935498269,71.64489026626691,71.63341417746187,71.62182429185464,71.61012381273235,71.59831594338218,71.58640388709122,71.57439084714665,71.56228002683557,71.5500746294451,71.53777785826242,71.52539291657462,71.51292300766886,71.50037133483224,71.48774110135196,71.47503551051508,71.46225776560877,71.44941106992016,71.43649862673638,71.42352363934458,71.41048931103185,71.39739884508538,71.38425544479227,71.37106231343964,71.35782265431465,71.34453967070445,71.33121656589611
70.77383261486445,70.79216085543322,70.81043288752994,70.82864631773246,70.84679875261867,70.86488779876642,70.8829110627536,70.90086615115808,70.91875067055774,70.93656222753043,70.95429842865406,70.97195688050645,70.98953518966552,71.00703096270912,71.02444180621514,71.04176532676144,71.05899913092588,71.07614082528636,71.09318801642073,71.11013831090688,71.12698931532267,71.14373863624598,71.16038388025467,71.17692265392664,71.19335256383974,71.20967121657185,71.22587621870085,71.2419651768046,71.25793569746097,71.27378538724784,71.28951185274309,71.30511270052459,71.3205855371702,71.33592796925781,71.35113760336527,71.36621204607049,71.3811489039513,71.3959457835856,71.41060029155126,71.42511003442614,71.43947261878813,71.45368565121508,71.46774673828489,71.48165348657542,71.49540350266454,71.50899439313012,71.52242376455004,71.53568922350217,71.5487883765644,71.56171883031458,71.57447819133057,71.58706406619028,71.59947406147155,71.61170578375229,71.62375683961034,71.63562483562357,71.64730737836989,71.65880207442713,71.67010653037319,71.68121835278593,71.69213514824324,71.70285452377576,71.71337449112715,71.72369421093408,71.73381304631451,71.74373036038638,71.75344551626765,71.76295787707625,71.77226680593016,71.7813716659473,71.79027182024565,71.79896663194316,71.80745546415774,71.81573768000739,71.82381264261004,71.83167971508364,71.83933826054614,71.8467876421155,71.85402722290966,71.86105636604658,71.8678744346442,71.87448079182047,71.88087480069336,71.88705582438081,71.89302322600076,71.89877636867118,71.90431461551,71.90963732963519,71.91474387416469,71.91963361221646,71.92430590690844,71.92876012135858,71.93299561868484,71.93701176200517,71.94080791443751,71.94438343909984,71.94773769911006,71.95087005758617,71.9537798776461,71.9564665224078,71.95892935498921,71.96116773850831,71.96318103608303,71.96496861083132,71.96652982587115,71.96786404432045,71.96897062929717,71.96984894391927,71.97049835130471,71.97091821457143,71.97110789683738,71.97106676122051,71.97079417083877,71.97028948881012,71.9695520782525,71.96858130228387,71.96737652402217,71.96593710658536,71.96426241309139,71.9623518066582,71.96020465040377,71.95782030744601,71.95519814985664,71.95233886473066,71.9492458282943,71.94592274547621,71.94237332120508,71.93860126040961,71.93461026801847,71.93040404896033,71.92598630816389,71.92136075055781,71.9165310810708,71.9115010046315,71.90627422616863,71.90085445061085,71.89524538288684,71.8894507279253,71.8834741906549,71.8773194760043,71.8709902889022,71.86449033427729,71.85782331705823,71.85099294217372,71.84400291455243,71.83685693912304,71.82955872081423,71.82211196455471,71.8145203752731,71.80678765789814,71.79891751735848,71.79091365858281,71.7827797864998,71.77451960603815,71.76613682212653,71.75763513969362,71.7490182636681,71.74028989897866,71.73145375055397,71.7225135233227,71.71347292221357,71.70433565215522,71.69510541807635,71.68578592490564,71.67638087757177,71.66689398100343,71.65732894012928,71.64768945987801,71.6379792451783,71.62820200095884,71.61836143214829,71.60846124367536,71.59850514046872,71.58849682745704,71.578440009569,71.56833839173329,71.55819567887859,71.54801557593359,71.53780178782695,71.52755801948736
71.11705593257189,71.13598830977105,71.15476654908402,71.17338863290429,71.1918525436254,71.21015626364087,71.2282977753442,71.24627506112891,71.26408610338852,71.28172888451654,71.2992013869065,71.31650159295191,71.33362748504628,71.35057704558312,71.36734825695598,71.38393910155834,71.40034756178373,71.41657162002566,71.43260925867767,71.44845846013325,71.46411720678593,71.47958348102922,71.49485526525665,71.5099305418617,71.52480729323794,71.53948350177883,71.55395714987795,71.56822621992875,71.58228869432479,71.59614255545958,71.60978578572661,71.62321636751945,71.63643228323156,71.64943151525648,71.66221204598773,71.67477185781881,71.68710893314326,71.6992212543546,71.71110680384632,71.72276356401194,71.734189517245,71.74538264593899,71.75634093248745,71.76706235928387,71.77754490872178,71.7877865631947,71.79778530509616,71.80753911681964,71.81704598075869,71.8263038793068,71.8353107948575,71.84406470980431,71.85256360654076,71.86080546746032,71.86878827495656,71.87651001142295,71.88396865925303,71.89116220084033,71.89808861857834,71.90474589486058,71.91113201208059,71.91724519657966,71.92308683304722,71.92866050817757,71.93396985350981,71.93901850058299,71.9438100809362,71.94834822610855,71.95263656763909,71.95667873706692,71.96047836593112,71.96403908577076,71.96736452812495,71.97045832453274,71.97332410653323,71.9759655056655,71.97838615346863,71.9805896814817,71.98257972124381,71.98435990429401,71.98593386217142,71.98730522641509,71.98847762856413,71.98945470015758,71.99024007273457,71.99083737783417,71.99125024699543,71.99148231175748,71.99153720365936,71.99141855424018,71.99112999503903,71.99067515759496,71.99005767344707,71.98928117413443,71.98834929119616,71.98726565617129,71.98603390059894,71.98465765601819,71.98314055396808,71.98148622598775,71.97969830361626,71.97778041839268,71.97573620185611,71.97356928554561,71.97128330100028,71.96888187975921,71.96636865336147,71.96374725334614,71.9610213112523,71.95819445861905,71.95527032698544,71.9522525478906,71.94914475287356,71.94595057347344,71.9426736412293,71.93931758768024,71.93588604436533,71.93238264282367,71.92881101459432,71.92517479121636,71.9214776042289,71.91772307574874,71.91391392672918,71.91005124364962,71.90613594040074,71.90216893087323,71.89815112895778,71.89408344854508,71.88996680352578,71.88580210779061,71.88159027523022,71.87733221973532,71.8730288551966,71.86868109550473,71.86428985455038,71.85985604622427,71.85538058441706,71.85086438301946,71.84630835592212,71.84171341701575,71.83708048019105,71.83241045933867,71.82770426834932,71.82296282111368,71.81818703152241,71.81337781346625,71.80853608083584,71.80366274752187,71.79875872741505,71.79382493440605,71.78886228238554,71.78387168524424,71.7788540568728,71.77381031116194,71.76874136200232,71.76364812328463,71.75853150889957,71.7533924327378,71.74823180869002,71.74305055064693,71.73784957249919,71.7326297881375,71.72739211145255,71.72213745633499,71.71686673667556,71.71158086636491,71.70628075929373,71.70096732935271,71.69564149043254,71.69030415642389,71.68495624121746,71.67959865870395,71.674232322774,71.66885814731833,71.66347704622763,71.65808993339256,71.65269772270382,71.6473013280521,71.64190166332807,71.63649964242244
70.86546736156151,70.87743729972671,70.8893972627646,70.90134564034875,70.9132808221527,70.92520119784997,70.93710515711412,70.94899108961869,70.96085738503723,70.97270243304327,70.98452462331035,70.99632234551204,71.00809398932185,71.01983794441334,71.03155260046005,71.04323634713552,71.0548875741133,71.06650467106691,71.07808602766993,71.08963003359587,71.10113507851828,71.11259955211072,71.12402184404672,71.13540034399982,71.14673344164358,71.1580195266515,71.16925698869717,71.18044421745412,71.19157960259588,71.202661533796,71.21368840072802,71.22465859306548,71.23557050048194,71.24642251265092,71.25721301924598,71.26794040994066,71.2786030744085,71.28919940232304,71.29972778335781,71.31018660718637,71.32057426348227,71.33088914191904,71.34112963217022,71.35129412390935,71.36138100681,71.37138867054568,71.38131550478995,71.39115989921636,71.40092024349843,71.4105949273097,71.42018234032375,71.42968087221409,71.43908891265427,71.44840485131785,71.45762707787834,71.46675398200931,71.47578395338428,71.48471538167682,71.49354665656045,71.50227616770873,71.51090229547408,71.51942286094273,71.5278348183382,71.53613504731524,71.54432042752858,71.5523878386329,71.56033416028295,71.56815627213344,71.5758510538391,71.58341538505464,71.5908461454348,71.59814021463427,71.60529447230779,71.61230579811007,71.61917107169585,71.62588717271984,71.63245098083675,71.63885937570132,71.64510923696825,71.6511974442923,71.65712087732813,71.66287641573051,71.66846093915413,71.67387132725374,71.67910445968404,71.68415721609975,71.6890264761556,71.69370911950632,71.69820202580661,71.70250207471119,71.7066061458748,71.71051111895216,71.71421387359796,71.71771128946695,71.72100024621383,71.72407762349336,71.72694030096021,71.72958515826913,71.73200907507484,71.73420893103206,71.73618160579551,71.7379239790199,71.73943293035995,71.7407053394704,71.74173808600595,71.74252804962133,71.74307210997127,71.74336714671047,71.74341003949367,71.74319766797558,71.74272691181093,71.74199465065443,71.74099776416081,71.73973313198478,71.73819763378107,71.73638814920439,71.73430155790948,71.73193473955104,71.72928457378379,71.72634794026247,71.72312208168867,71.7196084611841,71.71581126472206,71.7117347236568,71.70738306934248,71.70276053313333,71.69787134638355,71.69271974044733,71.6873099466789,71.68164619643242,71.67573272106213,71.66957375192223,71.6631735203669,71.65653625775036,71.64966619542682,71.64256756475048,71.63524459707553,71.62770152375617,71.61994257614663,71.61197198560109,71.60379398347376,71.59541280111885,71.58683266989055,71.57805782114308,71.56909248623063,71.5599408965074,71.55060728332761,71.54109587804544,71.53141091201512,71.52155661659084,71.5115372231268,71.5013569629772,71.49102006749625,71.48053076803815,71.46989329595712,71.45911188260733,71.44819075934302,71.43713415751836,71.42594630848758,71.41463144360488,71.40319379422444,71.39163759170047,71.3799670673872,71.36818645263881,71.3562999788095,71.34431187725349,71.33222637932496,71.32004771637814,71.30778011976723,71.29542782084641,71.2829950509699,71.2704860414919,71.25790502376661,71.24525622914824,71.23254388899099,71.21977223464907,71.20694549747667,71.194067908828,71.18114370005726,71.16817710251867
70.86689728896752,70.87958975897381,70.89228339737627,70.9049757008127,70.9176641659208,70.93034628933833,70.94301956770303,70.95568149765265,70.96832957582494,70.98096129885762,70.99357416338846,71.0061656660552,71.01873330349557,71.03127457234733,71.04378696924822,71.05626799083596,71.06871513374836,71.0811258946231,71.09349777009794,71.10582825681064,71.11811485139894,71.13035505050058,71.1425463507533,71.15468624879486,71.166772241263,71.17880182479544,71.19077249602996,71.20268175160429,71.21452708815616,71.22630600232334,71.23801599074356,71.24965455005457,71.2612191768941,71.27270736789991,71.28411661970975,71.29544442896135,71.30668829229246,71.31784570634083,71.32891416774419,71.3398911731403,71.3507742191669,71.36156080246172,71.37224841966253,71.38283456740706,71.39331674233306,71.40369244107826,71.41395916028043,71.4241143965773,71.4341556466066,71.4440804070061,71.45388617441354,71.46357044546664,71.47313071680318,71.48256448506089,71.4918692468775,71.50104249889078,71.51008173773846,71.51898446005828,71.527748162488,71.53637034166535,71.54484849422808,71.55318011720057,71.56136305318775,71.56939612582342,71.57727833163814,71.58500866716254,71.59258612892721,71.60000971346277,71.60727841729978,71.61439123696888,71.62134716900066,71.62814520992572,71.63478435627465,71.64126360457809,71.64758195136659,71.65373839317078,71.65973192652126,71.66556154794864,71.67122625398349,71.67672504115644,71.6820569059981,71.68722084503904,71.69221585480987,71.69704093184122,71.70169507266365,71.7061772738078,71.71048653180424,71.71462184318358,71.71858220447643,71.72236661221339,71.72597406292506,71.72940355314203,71.73265407939493,71.73572463821434,71.73861422613085,71.7413218396751,71.74384647537764,71.74618712976911,71.74834279938011,71.75031248074123,71.75209517038307,71.75368986483623,71.75509556063133,71.75631125429895,71.7573359423697,71.7581686213742,71.75880828784301,71.75925393830676,71.75950456929606,71.75955917734147,71.75941675897364,71.75907631072315,71.7585368291206,71.75779731069659,71.75685675198173,71.75571414950662,71.75436849980184,71.75281879939803,71.75106404482577,71.74910323261565,71.74693535929829,71.74455942140429,71.7419744235624,71.73918055976515,71.73618045617133,71.73297703623238,71.72957322339975,71.72597194112493,71.72217611285933,71.71818866205443,71.71401251216167,71.70965058663252,71.70510580891843,71.70038110247084,71.69547939074123,71.69040359718103,71.6851566452417,71.6797414583747,71.6741609600315,71.66841807366352,71.66251572272223,71.65645683065908,71.65024432092555,71.64388111697306,71.63737014225308,71.63071432021707,71.62391657431647,71.61697982800274,71.60990700472735,71.60270102794172,71.59536482109733,71.58790130764565,71.58031341103809,71.57260405472614,71.56477616216124,71.55683265679485,71.54877646207841,71.54061050146339,71.53233769840125,71.52396097634342,71.51548325874137,71.50690746904657,71.49823653071044,71.48947336718444,71.48062090192006,71.47168205836873,71.46265975998189,71.45355693021102,71.44437649250756,71.43512137032296,71.42579448710869,71.4163987663162,71.40693713139693,71.39741250580235,71.38782781298391,71.37818597639307,71.36848991948128,71.35874256569997,71.34894683850064,71.33910566133471
70.67311418948589,70.69352881682221,70.71384502074432,70.7340587668964,70.7541660209227,70.77416274846732,70.79404491517451,70.81380848668843,70.83344942865324,70.85296370671315,70.87234728651237,70.89159613369506,70.91070621390537,70.92967349278754,70.94849393598571,70.96716350914409,70.98567817790689,71.00403390791823,71.02222666482234,71.04025241426339,71.05810712188557,71.07578675333306,71.09328727425006,71.11060465028072,71.12773484706926,71.14467383025985,71.16141756549669,71.17796201842393,71.19430315468577,71.21043693992641,71.22635933979001,71.24206631992078,71.25755384596289,71.27281788356052,71.28785439835787,71.30265935599908,71.31722872212839,71.33155846238998,71.345644542428,71.35948292788669,71.37306958441016,71.38640047764264,71.39947157322831,71.41227883681137,71.42481823403597,71.4370857305463,71.44907729198655,71.46078888400092,71.47221647223358,71.48335602232873,71.49420349993053,71.5047548706832,71.51500610023089,71.5249531542178,71.53459199828808,71.54391859808598,71.55292891925563,71.56161892744126,71.56998458828699,71.57802186743706,71.58572673053564,71.59309514518696,71.60012483088371,71.60681848035333,71.61317966280754,71.61921194745821,71.62491890351711,71.63030410019607,71.63537110670686,71.64012349226132,71.64456482607125,71.64869867734842,71.65252861530465,71.65605820915178,71.65929102810156,71.66223064136585,71.66488061815642,71.66724452768506,71.66932593916363,71.67112842180387,71.67265554481762,71.67391087741669,71.67489798881286,71.67562044821793,71.67608182484375,71.6762856879021,71.67623560660476,71.67593515016355,71.6753878877903,71.67459738869678,71.67356722209482,71.6723009571962,71.67080216321276,71.66907440935626,71.66712126483853,71.66494629887137,71.66255308066661,71.659945179436,71.65712616439137,71.65409960474454,71.65086906970731,71.64743812849147,71.64381035030885,71.63998930437123,71.63597855989039,71.6317816860782,71.62740225214642,71.62284382730687,71.61810998077132,71.61320428175165,71.60813029945959,71.60289160310697,71.59749176190562,71.59193434506727,71.58622292180382,71.58036106132701,71.57435233284869,71.56820030558063,71.56190854873464,71.55548063152253,71.54892012315608,71.54223059284715,71.5354156065346,71.52847824947378,71.52142062395546,71.514244712119,71.50695249610374,71.49954595804908,71.4920270800944,71.48439784437903,71.47666023304237,71.46881622822377,71.46086781206262,71.45281696669826,71.44466567427008,71.43641591691747,71.42806967677976,71.41962893599631,71.41109567670651,71.40247188104976,71.39375953116536,71.38496060919275,71.37607709727124,71.36711097754025,71.3580642321391,71.34893884320721,71.33973679288388,71.33046006330855,71.32111063662055,71.31169049495927,71.30220162046405,71.29264599527428,71.28302560152932,71.27334242136857,71.26359843693135,71.25379563035705,71.24393598378504,71.23402147935468,71.22405409920535,71.2140358254764,71.20396864030724,71.19385452583722,71.1836954642057,71.17349343755203,71.1632504280156,71.15296841773579,71.14264938885196,71.13229532350348,71.12190820382972,71.11149001197003,71.1010427300638,71.0905683402504,71.08006882466918,71.06954616545951,71.05900234476078,71.04843934471236,71.03785914745359,71.02726373512385,71.01665508986252,71.00603519380897
70.46685392112022,70.49417796695184,70.52137439660561,70.5484374910886,70.57536153140785,70.60214079857039,70.62876957358324,70.65524213745343,70.68155277118802,70.70769575579405,70.73366537227852,70.7594559016485,70.78506162491098,70.81047682307306,70.83569577714172,70.86071276812402,70.88552207702699,70.91011798485769,70.93449477262311,70.95864672133033,70.98256811198632,71.00625322559821,71.02969634317296,71.05289174571763,71.07583371423928,71.0985165297449,71.12093447324153,71.14308182573626,71.16495286823607,71.18654188174801,71.2078431472791,71.22885094583643,71.249559558427,71.26996326605783,71.29005634973595,71.30983309046843,71.32928776926232,71.34841466712459,71.36720806506233,71.38566224408254,71.4037714851923,71.42153006939861,71.43893227770849,71.45597239112902,71.47264469066724,71.48894345733012,71.50486297212476,71.52039751605815,71.53554137013734,71.55028881536938,71.56463413276131,71.57857160332017,71.59209550805295,71.60520012796673,71.61787974406849,71.63012863736535,71.64194108886429,71.65331137957233,71.66423379049655,71.67470260264398,71.68471239577033,71.69426439127685,71.70336632711826,71.71202621497687,71.72025206653493,71.72805189347463,71.73543370747825,71.74240552022803,71.74897534340622,71.75515118869507,71.76094106777683,71.76635299233374,71.77139497404804,71.776075024602,71.78040115567782,71.78438137895782,71.78802370612419,71.79133614885919,71.79432671884507,71.79700342776408,71.79937428729846,71.80144730913048,71.80323050494238,71.80473188641636,71.80595946523471,71.80692125307968,71.80762526163352,71.80807950257847,71.80829198759673,71.80827072837062,71.80802373658236,71.80755902391417,71.80688460204834,71.8060084826671,71.80493867745267,71.80368319808733,71.80225005625331,71.8006472636329,71.79888283190829,71.79696477276175,71.79490109787554,71.79269981893188,71.79036894761302,71.78791649560122,71.78535047457876,71.78267889622782,71.7799097722307,71.7770511142696,71.77411093402682,71.77109724318456,71.7680180534251,71.76488137643065,71.76169522388352,71.75846760746589,71.75520653886005,71.75192002974822,71.74861609181269,71.74530273673565,71.74198797619937,71.7386798218819,71.73538486162397,71.73210423155709,71.72883776321126,71.72558528811649,71.72234663780276,71.71912164380012,71.7159101376385,71.71271195084793,71.70952691495845,71.70635486149999,71.7031956220026,71.70004902799624,71.69691491101094,71.69379310257668,71.69068343422347,71.68758573748133,71.68449984388022,71.68142558495015,71.67836279222112,71.67531129722317,71.67227093148625,71.66924152654036,71.66622291391553,71.66321492514174,71.660217391749,71.65723014526728,71.65425301722661,71.651285839157,71.64832844258842,71.64538065905086,71.64244232007437,71.6395132571889,71.63659330192448,71.63368228581109,71.63078004037874,71.62788639715743,71.62500118767716,71.62212424346791,71.61925539605971,71.61639447698255,71.61354131776639,71.6106957499413,71.60785760503722,71.6050267145842,71.60220291011217,71.5993860231512,71.59657588523126,71.59377232788233,71.59097518263445,71.58818428101762,71.58539945456178,71.58262053479697,71.5798473532532,71.57707974146047,71.57431753094875,71.57156055324805,71.56880863988837,71.56606162239973,71.56331933231212,71.56058099531626
70.50042522415745,70.52593445682373,70.55133007208326,70.57660855395702,70.60176638646593,70.62680005363092,70.65170603947297,70.67648082801298,70.70112090327191,70.72562274927071,70.74998285003028,70.77419768957162,70.79826375191561,70.8221775210832,70.84593548109538,70.86953411597304,70.89296990973713,70.91623934640862,70.93933891000842,70.96226508455746,70.9850143540767,71.00758320258709,71.02996811410952,71.05216557266499,71.07417206227444,71.09598406695875,71.11759807073892,71.13901055763586,71.16021801167054,71.18121691686383,71.20200375723675,71.2225750168102,71.24292717960512,71.26305672964247,71.28296015094318,71.30263392752818,71.32207454341841,71.34127848263483,71.36024222919838,71.37896226712996,71.39743508045055,71.41565715318109,71.4336249693425,71.45133501295572,71.46878376804173,71.4859677186214,71.50288334871573,71.51952714234562,71.53589558353207,71.55198515629593,71.56779234465822,71.58331363263983,71.59854550426172,71.61348444354485,71.62812693451014,71.64246946117851,71.65650850757092,71.67024055770833,71.68366209561162,71.69677019310063,71.70956511166003,71.72204818960566,71.73422076608878,71.74608418026068,71.75763977127261,71.76888887827582,71.77983284042162,71.79047299686127,71.80081068674602,71.81084724922715,71.82058402345592,71.83002234858361,71.83916356376145,71.84800900814076,71.85656002087279,71.86481794110878,71.87278410800002,71.88045986069778,71.88784653835333,71.89494548011794,71.90175802514287,71.90828551257937,71.91452928157875,71.92049067129224,71.92617102087112,71.93157166946665,71.93669395623013,71.94153922031279,71.94610880086591,71.95040403704076,71.95442626798862,71.95817683286074,71.96165707080837,71.96486832098284,71.96781192253536,71.9704892146172,71.97290153637968,71.97505022697402,71.97693662555147,71.97856207126335,71.97992790326091,71.98103546069541,71.98188608271812,71.9824811084803,71.98282187713323,71.98290972782817,71.9827459997164,71.9823320319492,71.9816691636778,71.98075873405347,71.9796020822275,71.97820054735115,71.9765554685757,71.97466818505237,71.9725400359325,71.97017236036731,71.96756649750807,71.96472400714137,71.96164809092721,71.95834269083988,71.95481175244157,71.9510592212944,71.94708904296053,71.94290516300208,71.93851152698122,71.93391208046009,71.92911076900086,71.92411153816565,71.91891833351664,71.91353510061595,71.90796578502574,71.90221433230815,71.89628468802533,71.89018079773942,71.88390660701259,71.877466061407,71.87086310648476,71.86410168780804,71.85718575093898,71.85011924143973,71.84290610487244,71.83555028679928,71.82805573278236,71.82042638838382,71.81266619916588,71.80477911069062,71.7967690685202,71.7886400182168,71.78039590534254,71.77204067545958,71.76357827413005,71.75501264691613,71.74634773937993,71.73758749708364,71.72873586558936,71.7197967904593,71.71077421725556,71.70167209154027,71.69249435887565,71.68324496482381,71.67392785494687,71.66454697480702,71.65510626996641,71.64560968598715,71.63606116843141,71.62646466286134,71.61682411483909,71.6071434699268,71.59742667368664,71.58767767168072,71.57790040947123,71.56809883262028,71.55827688669007,71.54843851724269,71.5385876698403,71.5287298484827,71.5188716715756,71.5090134946685,71.49915531776139,71.48929714085429
71.18045753366331,71.19504912956833,71.20955013113566,71.22395875084173,71.238273201163,71.25249169457585,71.26661244355674,71.2806336605821,71.29455355812834,71.3083703486719,71.32208224468921,71.33568745865671,71.34918420305081,71.36257069034794,71.37584513302454,71.38900574355704,71.40205073442186,71.41497831809544,71.42778670705418,71.44047411377454,71.45303875073294,71.46547883040581,71.47779256526958,71.48997816780069,71.50203385047553,71.51395782577056,71.52574830616221,71.5374035041269,71.54892163214107,71.56030090268112,71.57153952822352,71.58263572124467,71.59358769422101,71.60439365962897,71.61505182994496,71.62556041764545,71.63591763520682,71.64612169510553,71.65617080981801,71.66606319182067,71.67579705358996,71.68537060760228,71.6947820663341,71.70402964226182,71.71311154786187,71.72202599561068,71.7307711979847,71.73934536746033,71.74774671651402,71.75597345762219,71.76402380326127,71.77189596590767,71.77958815803787,71.78709859212825,71.79442548065525,71.80156703609532,71.80852147092486,71.81528699762032,71.82186182865813,71.8282441765147,71.83443225366646,71.84042429103104,71.84622007412891,71.8518220987447,71.85723313286537,71.86245594447786,71.86749330156908,71.87234797212602,71.87702272413559,71.88152032558473,71.88584354446039,71.88999514874952,71.89397790643905,71.89779458551592,71.9014479539671,71.90494077977948,71.90827583094006,71.91145587543573,71.91448368125347,71.91736201638021,71.92009364880288,71.92268134650843,71.9251278774838,71.92743600971595,71.9296085111918,71.9316481498983,71.93355769382238,71.935339910951,71.93699756927109,71.93853343676959,71.93995028143345,71.94125087124962,71.94243797420502,71.9435143582866,71.94448279148132,71.9453460417761,71.94610687715789,71.94676806561363,71.94733237513026,71.94780257369472,71.94818142929395,71.94847170991491,71.94867618354453,71.94879761816975,71.94883878177751,71.94880244235475,71.94869136788843,71.94850832636547,71.94825608577281,71.94793741409742,71.94755507932622,71.94711184944615,71.94661049244417,71.9460537763072,71.94544446902218,71.94478533857608,71.94407915295582,71.94332868014834,71.9425366881406,71.94170594491953,71.94083921847206,71.93993927678517,71.93900882485009,71.9380495428142,71.93706227759888,71.936047851969,71.93500708868936,71.93394081052485,71.93284984024027,71.93173500060047,71.9305971143703,71.9294370043146,71.9282554931982,71.92705340378593,71.92583155884265,71.92459078113319,71.92333189342239,71.92205571847508,71.92076307905612,71.91945479793033,71.91813169786256,71.91679460161765,71.91544433196043,71.91408171165575,71.91270756346844,71.91132271016336,71.90992797450532,71.90852417925919,71.90711214718978,71.90569270106194,71.90426666364053,71.90283485769035,71.90139810597627,71.89995723126312,71.89851305631574,71.89706640389898,71.89561809677765,71.89416895771662,71.89271980948071,71.89127147483478,71.88982477654365,71.88838053737216,71.88693958008515,71.88550272744749,71.88407080222397,71.88264462717947,71.8812250250788,71.87981281868683,71.87840883076836,71.87701388408827,71.87562880141138,71.87425440550253,71.87289151912654,71.8715409650483,71.8702035660326,71.8688801448443,71.86757152424823,71.86627852700926,71.86500197589218,71.86374269366188
70.64563859462251,70.67272154250375,70.69966794107097,70.72647249002142,70.75312988905222,70.77963483786061,70.80598203614377,70.83216618359893,70.85818197992322,70.88402412481386,70.90968731796806,70.93516625908302,70.9604556478559,70.98555018398392,71.01044456716426,71.03513349709414,71.05961167347073,71.08387379599125,71.10791456435285,71.13172867825278,71.15531083738819,71.17865574145631,71.2017580901543,71.22461258317938,71.24721392022872,71.26955680099954,71.29163592518901,71.31344599249437,71.33498170261277,71.35623775524141,71.3772088500775,71.39788968681822,71.41827496516078,71.43835938480237,71.45813764544016,71.47760444677138,71.49675448849322,71.51558247030286,71.53408309189751,71.55225105297433,71.57008105323055,71.58756779236336,71.60470597006994,71.62149028604748,71.63791543999321,71.65397613160428,71.66966706057792,71.68498292661133,71.69991842940166,71.71446826864613,71.72862714404195,71.7423897552863,71.75575080207634,71.76870498410932,71.78124700108242,71.79337155269283,71.80507333863773,71.81634705861435,71.82718741231983,71.8375890994514,71.84754681970628,71.85705532437811,71.86611371438056,71.87472867366913,71.88290764779347,71.89065808230336,71.89798742274849,71.90490311467858,71.91141260364333,71.9175233351925,71.92324275487576,71.92857830824283,71.93353744084345,71.93812759822734,71.9423562259442,71.94623076954372,71.94975867457566,71.95294738658973,71.95580435113564,71.95833701376307,71.9605528200218,71.96245921546151,71.96406364563191,71.96537355608274,71.96639639236369,71.9671396000245,71.96761062461485,71.96781691168451,71.96776590678314,71.96746505546051,71.9669218032663,71.96614359575022,71.96513787846203,71.96391209695139,71.96247369676806,71.96083012346173,71.95898882258214,71.95695723967899,71.95474282030199,71.95235301000085,71.94979525432532,71.94707699882511,71.94420568904988,71.94118877054942,71.93803368887342,71.93474788957158,71.93133881819361,71.92781392028925,71.92418064140824,71.92044642710022,71.91661872291499,71.9127049744022,71.90871262711161,71.90464912659291,71.90052191839581,71.89633844807008,71.89210616116537,71.88783250323144,71.88352491981797,71.87919085647471,71.87483775875137,71.87047307219763,71.86610401423493,71.86173409098234,71.85736379116955,71.8529935160472,71.84862366686602,71.84425464487663,71.83988685132971,71.83552068747593,71.83115655456592,71.8267948538504,71.82243598658002,71.81808035400539,71.81372835737724,71.8093803979462,71.80503687696296,71.80069819567817,71.79636475534247,71.79203695720656,71.7877152025211,71.78339989253675,71.77909142850419,71.77479021167403,71.77049664329701,71.76621112462374,71.76193405690492,71.75766584139117,71.7534068793332,71.74915757198167,71.7449183205872,71.74068952640053,71.73647159067224,71.73226491465306,71.72806989959363,71.72388694674461,71.71971645735667,71.71555883268047,71.7114144739667,71.70728378246599,71.70316715942903,71.69906500610648,71.69497772374899,71.69090571360724,71.68684937693186,71.68280911497357,71.67878532898303,71.67477842021083,71.67078878990773,71.66681683932435,71.66286296971134,71.6589275823194,71.65501107839916,71.6511138592013,71.64723632597651,71.64337887997542,71.6395419224487,71.63572585464703,71.63193107782106,71.62815799322149
70.68118551085941,70.70218436323391,70.72307376014788,70.74385085747184,70.76451281107634,70.78505677683191,70.80547991060908,70.82577936827839,70.84595230571037,70.86599587877556,70.8859072433445,70.90568355528772,70.92532197047575,70.94481964477913,70.96417373406841,70.98338139421409,71.00243978108675,71.02134605055689,71.04009735849506,71.05869086077178,71.0771237132576,71.09539307182308,71.1134960923387,71.13142993067504,71.14919174270261,71.16677868429196,71.18418791131363,71.20141657963813,71.21846184513602,71.23532086367781,71.25199079113406,71.26846878337531,71.28475199627206,71.3008375856949,71.3167227075143,71.33240451760084,71.34788017182504,71.36314682605745,71.37820163616858,71.39304175802899,71.4076643475092,71.42206656047975,71.43624555281117,71.45019848037401,71.46392249903879,71.47741476467606,71.49067243315633,71.50369266035017,71.51647260212809,71.52900941436063,71.54130025291833,71.55334227367172,71.56513263249134,71.57666848524772,71.58794698781142,71.59896529605292,71.60972056584282,71.62020995305161,71.63043061354985,71.64037970320805,71.65005437789678,71.6594517947612,71.66857025022912,71.67741127490682,71.68597696939308,71.69426943428677,71.70229077018672,71.71004307769176,71.71752845740073,71.72474900991247,71.73170683582583,71.73840403573963,71.7448427102527,71.7510249599639,71.75695288547206,71.762628587376,71.76805416627458,71.77323172276662,71.77816335745098,71.78285117092646,71.78729726379194,71.79150373664622,71.79547269008816,71.7992062247166,71.80270644113035,71.80597543992829,71.80901532170921,71.81182818707198,71.81441613661543,71.81678127093839,71.8189256906397,71.8208514963182,71.82256078857273,71.82405566800212,71.82533823520521,71.82641059078084,71.82727483532784,71.82793306944507,71.82838739373133,71.82863990878548,71.82869271520636,71.8285479135928,71.82820760454364,71.8276738886577,71.82694886653385,71.8260346387709,71.8249333059677,71.82364696872308,71.8221777276359,71.82052768330496,71.81869893632913,71.81669358730723,71.8145137368381,71.81216148552056,71.80963893395348,71.8069481827357,71.80409133246602,71.80107048374329,71.79788773716636,71.79454519333406,71.79104495284524,71.78738911629871,71.78357978458128,71.77961910087029,71.77550929482437,71.77125260667307,71.76685127664592,71.76230754497249,71.75762365188231,71.75280183760495,71.74784434236993,71.74275340640682,71.73753126994515,71.73218017321449,71.72670235644436,71.72110005986434,71.71537552370395,71.70953098819275,71.7035686935603,71.69749088003611,71.69129978784977,71.68499765723081,71.67858672840877,71.67206924161323,71.6654474370737,71.65872355501973,71.6518998356809,71.64497851928671,71.63796184606676,71.63085205625056,71.62365139006768,71.61636208774766,71.60898638952004,71.60152653561438,71.59398476626023,71.58636332168713,71.57866444212462,71.57089036780226,71.5630433389496,71.55512559579617,71.54713937857154,71.53908692750525,71.53097048282685,71.52279228476587,71.51455457355188,71.50625958941443,71.49790957258304,71.48950676328728,71.4810534017567,71.47255172822084,71.46400398290925,71.45541240605148,71.44677923787707,71.43810671861557,71.42939708849653,71.4206525877495,71.41187545660404,71.40306793528967,71.39423226403596,71.38537068307244
70.71386390971104,70.73761248139958,70.76127417516686,70.78484547772514,70.80832287578659,70.83170285606342,70.85498190526783,70.87815651011206,70.90122315730828,70.9241783335687,70.94701852560556,70.96974022013103,70.99233990385731,71.01481406349664,71.03715918576121,71.05937175736322,71.08144826501488,71.1033851954284,71.125179035316,71.14682627138984,71.16832339036216,71.18966687894518,71.21085322385107,71.23187891179207,71.25274042948035,71.27343426362815,71.29395690094765,71.31430482815108,71.33447453195063,71.35446249905851,71.37426521618693,71.3938791700481,71.4133008473542,71.43252673481746,71.45155331915008,71.47037708706426,71.48899452527222,71.50740212048616,71.52559635941829,71.5435737287808,71.5613307152859,71.57886380564582,71.59616948657275,71.61324424477888,71.63008456697645,71.64668693987763,71.66304785019464,71.67916378463971,71.69503122992501,71.71064667276276,71.72600659986517,71.74110749794445,71.7559458537128,71.77051815388242,71.78482088516553,71.79885053427431,71.812603587921,71.82607653281778,71.83926585567687,71.85216804321047,71.8647795821308,71.87709696003587,71.88911745628445,71.90084059787361,71.91226630792494,71.92339450956,71.93422512590037,71.9447580800676,71.95499329518329,71.96493069436899,71.97457020074629,71.98391173743674,71.99295522756192,72.00170059424343,72.0101477606028,72.01829664976162,72.02614718484148,72.03369928896392,72.04095288525052,72.04790789682286,72.05456424680251,72.06092185831105,72.06698065447003,72.07274055840104,72.07820149322565,72.08336338206541,72.08822614804193,72.09278971427676,72.09705400389147,72.10101894000763,72.10468444574683,72.10805044423061,72.11111685858057,72.11388361191828,72.1163506273653,72.11851782804321,72.12038513707357,72.12195247757796,72.12321977267796,72.12418694549513,72.12485391915105,72.12522061676728,72.12528696146539,72.12505287636698,72.12451828459359,72.12368310926682,72.12254727350822,72.12111070043936,72.11937331318182,72.11733503485718,72.11499578858701,72.11235549749286,72.10941408469633,72.10617147331897,72.10262758648237,72.09878234730809,72.0946356789177,72.09018750443278,72.08543774697489,72.08038632966561,72.07503317562653,72.0693782079792,72.06342135977349,72.05716402221454,72.05061056833362,72.04376573564163,72.03663426164947,72.02922088386805,72.02153033980825,72.013567366981,72.00533670289717,71.99684308506768,71.98809125100344,71.97908593821533,71.96983188421427,71.96033382651116,71.95059650261689,71.94062465004238,71.93042300629851,71.9199963088962,71.90934929534635,71.89848670315985,71.88741326984761,71.87613373292054,71.86465282988952,71.85297529826546,71.84110587555928,71.82904929928186,71.81681030694412,71.80439363605694,71.79180402413125,71.77904620867793,71.76612492720788,71.75304491723202,71.73981091626122,71.72642766180643,71.71289989137851,71.69923234248839,71.68542975264694,71.67149685936509,71.65743840015374,71.64325911252378,71.62896373398611,71.61455700205164,71.60004365423127,71.58542842803591,71.57071606097645,71.55591129056378,71.54101885430885,71.5260434897225,71.51098993431567,71.49586292559927,71.48066720108416,71.46540749828128,71.45008855470151,71.43471510785577,71.41929189525494,71.40382365440995,71.38831512283168,71.37277103803105
70.450073375085,70.47421040134988,70.49824864113768,70.5221841293113,70.54601290073359,70.56973099026737,70.59333443277555,70.61681926312095,70.64018151616644,70.66341722677487,70.6865224298091,70.709493160132,70.7323254526064,70.75501534209519,70.77755886346121,70.79995205156732,70.82219094127638,70.84427156745123,70.86618996495474,70.88794216864977,70.90952421339918,70.93093213406583,70.95216196551254,70.97320974260222,70.9940715001977,71.01474327316184,71.0352210963575,71.05550100464754,71.07557903289482,71.09545121596217,71.11511358871248,71.1345621860086,71.15379304271336,71.17280219368965,71.19158567380032,71.21013951790822,71.2284597608762,71.24654243756714,71.26438358284389,71.2819792315693,71.29932541860623,71.31641817881754,71.33325354706606,71.3498275582147,71.36613624712628,71.38217564866366,71.39794179768971,71.41343072906729,71.42863847765923,71.44356107832841,71.45819456593769,71.47253497534992,71.48657834142794,71.50032069903463,71.51375808303285,71.52688652828544,71.53970206965528,71.5522007420052,71.56437858019807,71.57623161909675,71.5877558935641,71.59894744053727,71.60980415099387,71.6203291791332,71.63052660674649,71.64040051562492,71.64995498755974,71.65919410434213,71.66812194776331,71.67674259961447,71.68506014168685,71.69307865577163,71.70080222366002,71.70823492714325,71.7153808480125,71.72224406805901,71.72882866907396,71.73513873284857,71.74117834117405,71.7469515758416,71.75246251864246,71.75771525136778,71.76271385580883,71.76746241375676,71.77196500700282,71.7762257173382,71.78024862655413,71.7840378164418,71.7875973687924,71.79093136539717,71.79404388804731,71.79693901853403,71.79962083864852,71.80209343018201,71.8043608749257,71.8064272546708,71.80829665120851,71.80997314633005,71.81146082182663,71.81276375948944,71.8138860411097,71.81483174847862,71.8156049633874,71.81620976762727,71.81665024298941,71.81693047126504,71.81705453424537,71.81702651372161,71.81685049148497,71.81653054932666,71.81607076903786,71.81547523240982,71.81474802123373,71.81389321730079,71.81291490240221,71.8118171583292,71.81060406687298,71.80927970982476,71.80784816897572,71.80631352611711,71.80467986304009,71.80295126153591,71.80113179874597,71.79922486890491,71.79723246975041,71.79515642832116,71.7929985716559,71.79076072679332,71.7884447207721,71.78605238063099,71.78358553340867,71.78104600614382,71.7784356258752,71.77575621964147,71.77300961448135,71.77019763743355,71.76732211553677,71.7643848758297,71.76138774535109,71.75833255113959,71.75522112023393,71.75205527967282,71.74883685649495,71.74556767773903,71.74224957044378,71.73888436164788,71.73547387839005,71.73201994770899,71.72852439664341,71.724989052232,71.7214157415135,71.71780629152657,71.71416252930995,71.7104862819023,71.70677937634238,71.70304363966888,71.69928089892048,71.69549298113589,71.69168171335383,71.687848922613,71.6839964359521,71.68012608040983,71.67623968302492,71.67233907083605,71.66842607088192,71.66450251020126,71.66057021583276,71.65663101481512,71.65268673418706,71.64873920098727,71.64479024225446,71.64084168502733,71.6368953563446,71.63295308324496,71.62901669276711,71.62508801194977,71.62116886783164,71.61726108745142,71.61336649784782,71.60948692605955
70.47535911434323,70.49986429302245,70.52423936589392,70.54848070508879,70.5725846827382,70.59654767097325,70.62036604192512,70.64403616772495,70.66755442050385,70.69091717239296,70.71412079552344,70.73716166202641,70.76003614403301,70.78274061367439,70.80527144308166,70.827625004386,70.84979766971851,70.87178581121034,70.89358580099264,70.91519401119653,70.93660681395316,70.95782058139366,70.97883168564915,70.99963649885082,71.02023139312976,71.04061274061712,71.06077691344404,71.08072028374168,71.10043922364115,71.11993010527358,71.13918930077013,71.15821318226193,71.1769981218801,71.19554049175582,71.2138366640202,71.23188301080437,71.2496759042395,71.26721171645669,71.28448681958709,71.30149758576184,71.31824038711208,71.33471159576897,71.3509075838636,71.36682472352715,71.38245938689073,71.39780794608548,71.41286677324256,71.4276322404931,71.44210071996821,71.45626858379906,71.47013220411678,71.48368795305251,71.49693220273737,71.50986132530251,71.52247169287908,71.53475967759819,71.546721651591,71.55835398698865,71.56965305592226,71.58061523052298,71.59123688292193,71.60151441036896,71.61144632763558,71.62103484113904,71.63028252806279,71.63919196559038,71.64776573090528,71.65600640119098,71.663916553631,71.6714987654088,71.6787556137079,71.6856896757118,71.69230352860399,71.69859974956795,71.70458091578719,71.7102496044452,71.71560839272549,71.72065985781153,71.72540657688683,71.72985112713488,71.7339960857392,71.73784402988325,71.74139753675054,71.74465918352458,71.74763154738883,71.75031720552683,71.75271873512204,71.75483871335798,71.75667971741814,71.75824432448599,71.75953511174505,71.76055465637883,71.76130553557078,71.76179032650444,71.76201160636329,71.76197195233081,71.76167394159052,71.76112015132588,71.76031315872044,71.75925554095764,71.75794987522102,71.75639873869405,71.75460470856022,71.75257036200306,71.75029827620602,71.74779102835264,71.74505119562637,71.74208135521074,71.73888408428925,71.73546196004537,71.7318175596626,71.72795346032444,71.72387223921439,71.71957647351594,71.71506874041259,71.71035161708784,71.70542768072518,71.7002995085081,71.6949696776201,71.68944076524467,71.68371534856531,71.67779600476553,71.67168532110807,71.6653860488302,71.65890107248487,71.65223328049007,71.64538556126378,71.638360803224,71.63116189478873,71.62379172437595,71.61625318040365,71.60854915128982,71.60068252545246,71.59265619130956,71.5844730372791,71.57613595177908,71.56764782322749,71.55901154004232,71.55022999064157,71.54130606344322,71.53224264686526,71.52304262932569,71.51370889924249,71.50424434503365,71.49465185511718,71.48493431791107,71.47509462183329,71.46513565530184,71.45506030673472,71.4448714645499,71.4345720171654,71.4241648529992,71.41365286046927,71.40303892799363,71.39232594399026,71.38151679687715,71.3706143750723,71.35962156699367,71.3485412610593,71.33737634568713,71.32612970929519,71.31480424030146,71.30340282712393,71.29192835818058,71.28038372188942,71.26877180666843,71.2570955009356,71.24535769310893,71.2335612716064,71.221709124846,71.20980414124574,71.1978492092236,71.18584721719756,71.17380105358562,71.16171360680578,71.14958776527602,71.13742641741433,71.12523245163872,71.11300875636715,71.10075822001764
70.98758248573986,71.00457331285111,71.02149399920884,71.03834117861221,71.05511148486032,71.07180155175224,71.08840801308712,71.10492750266404,71.12135665428212,71.13769210174046,71.15393047883815,71.17006841937432,71.18610255714806,71.20202952595851,71.21784595960473,71.23354849188584,71.24913375660097,71.26459838754921,71.27993901852966,71.29515228334144,71.31023481578363,71.32518324965537,71.33999421875575,71.35466435688387,71.36919029783886,71.3835686754198,71.3977961234258,71.41186927565599,71.42578476590946,71.43953922798529,71.45312929568263,71.46655160280056,71.4798027831382,71.49287947049466,71.50577829866901,71.51849590146041,71.53102891266794,71.54337396609068,71.55552769552779,71.56748673477833,71.57924771764144,71.5908072779162,71.60216204940173,71.61330866589714,71.62424376120151,71.63496396911398,71.64546592343365,71.65574625795962,71.66580160649099,71.67562860282686,71.68522388076636,71.69458407410859,71.70370581665263,71.71258574219763,71.72122048454266,71.72960667748684,71.73774095482928,71.74561995036908,71.75324029790535,71.76059863123719,71.76769158416371,71.77451581073575,71.78106967223732,71.78735450630928,71.79337194951955,71.799123638436,71.80461120962653,71.80983629965901,71.81480054510133,71.81950558252142,71.82395304848711,71.82814457956634,71.83208181232699,71.83576638333693,71.83919992916405,71.84238408637627,71.84532049154146,71.8480107812275,71.85045659200229,71.85265956043372,71.85462132308969,71.85634351653808,71.85782777734677,71.85907574208368,71.86008904731666,71.86086932961362,71.86141822554247,71.86173737167105,71.8618284045673,71.86169296079909,71.86133267693431,71.86074918954085,71.8599441351866,71.85891915043943,71.85767587186727,71.85621593603798,71.85454097951947,71.85265263887962,71.8505525506863,71.84824235150744,71.84572367791088,71.84299816646457,71.84006745373635,71.83693317629414,71.83359697070581,71.83006047353926,71.82632532136238,71.82239315074305,71.81826559824918,71.81394430044864,71.80943089390934,71.80472701519913,71.79983430088595,71.79475438753767,71.78948891172217,71.78403951000735,71.77840781896109,71.77259547515129,71.76660411514584,71.76043537551263,71.75409089281955,71.74757230363447,71.74088127838824,71.73402003841036,71.72699125292587,71.71979760414504,71.71244177427818,71.70492644553553,71.69725430012738,71.68942802026402,71.68145028815569,71.6733237860127,71.66505119604533,71.65663520046382,71.64807848147848,71.63938372129957,71.63055360213737,71.62159080620216,71.61249801570422,71.6032779128538,71.59393317986121,71.58446649893672,71.57488055229058,71.5651780221331,71.55536159067454,71.54543394012518,71.53539775269527,71.52525571059513,71.51501049603503,71.50466479122521,71.49422127837599,71.4836826396976,71.47305155740037,71.46233071369453,71.45152279079038,71.44063047089818,71.42965643622824,71.4186033689908,71.40747395139616,71.39627086565457,71.38499679397633,71.37365441857172,71.362246421651,71.35077548542444,71.33924429210234,71.32765552389496,71.31601186301258,71.30431599166548,71.29257059206392,71.2807783464182,71.26894193693859,71.25706404583536,71.24514735531879,71.23319454759915,71.22120830488673,71.2091913093918,71.19714624332462,71.18507578889549,71.17298262831467,71.16086944379245
70.93723720045278,70.95499706682793,70.97266081498206,70.9902256276708,71.00768868764976,71.02504717767457,71.04229828050086,71.05943917888425,71.07646705558037,71.09337909334482,71.11017247493328,71.12684438310131,71.14339200060456,71.15981251019866,71.17610309463925,71.19226093668192,71.20828321908232,71.22416712459605,71.23990983597876,71.25550853598605,71.27096040737356,71.28626263289692,71.30141239531173,71.31640687737365,71.33124326183827,71.34591873146123,71.36043046899815,71.37477565720465,71.38895147883636,71.40295511664891,71.41678375339794,71.43043457183902,71.44390475472781,71.45719148481996,71.47029194487104,71.48320331763671,71.49592278587258,71.50844753233427,71.52077473977744,71.53290159095766,71.54482526863059,71.55654295555183,71.56805183447705,71.57934908816182,71.5904318993618,71.6012974508326,71.61194292532986,71.62236550560917,71.63256237442619,71.6425307145365,71.65226770869577,71.66177053965961,71.67103639018366,71.6800624430235,71.68884588093479,71.69738388667315,71.7056736429942,71.71371233265356,71.72149713840685,71.7290252430097,71.73629382921774,71.74330010150138,71.75004309490012,71.75652503583191,71.76274847123705,71.76871594805593,71.77443001322885,71.7798932136962,71.78510809639832,71.79007720827553,71.79480309626823,71.79928830731674,71.8035353883614,71.80754688634256,71.8113253482006,71.81487332087582,71.81819335130862,71.8212879864393,71.82415977320825,71.82681125855581,71.8292449894223,71.8314635127481,71.83346937547356,71.83526512453899,71.83685330688479,71.83823646945127,71.8394171591788,71.84039792300773,71.8411813078784,71.84176986073115,71.84216612850634,71.84237265814433,71.84239199658545,71.84222669077005,71.8418792876385,71.84135233413113,71.84064837718827,71.83976996375031,71.83871964075759,71.83749995515043,71.83611345386922,71.83456268385427,71.83285019204595,71.83097852538461,71.82895023081058,71.82676785526422,71.8244339456859,71.82195104901594,71.8193217121947,71.81654848216252,71.81363390585977,71.81058053022679,71.8073909022039,71.80406756873148,71.8006130767499,71.79702997319944,71.79332080502053,71.78948811915345,71.78553446253858,71.78146238211627,71.77727442482689,71.77297313761073,71.76856103569605,71.7640401184029,71.75941196560393,71.75467814501135,71.74984022433742,71.74489977129431,71.73985835359426,71.73471753894947,71.72947889507216,71.72414398967456,71.71871439046888,71.71319166516733,71.70757738148211,71.7018731071255,71.69608040980964,71.69020085724678,71.68423601714915,71.67818745722893,71.67205674519836,71.66584544876966,71.65955513565504,71.65318737356671,71.6467437302169,71.64022577331781,71.63363507058168,71.62697318972067,71.62024169844707,71.61344216447306,71.60657615551085,71.59964523927266,71.59265098347072,71.58559495581723,71.57847872402442,71.57130385580449,71.56407191886967,71.55678448093217,71.54944310970421,71.54204937289799,71.53460483822576,71.52711107339971,71.51956964613206,71.51198212413502,71.50435007512081,71.49667506680167,71.48895866688979,71.48120244309737,71.47340796313668,71.4655767947199,71.45771050555925,71.44981066336693,71.44187883585519,71.43391659073623,71.42592549572225,71.4179071185255,71.40986302685816,71.40179478843248,71.39370397096064,71.3855921421549
70.80361181514051,70.81785991779263,70.83209805865957,70.84632368397321,70.8605342399654,70.874727172868,70.8888999289129,70.90304995433196,70.91717469535703,70.93127159822,70.9453381091527,70.95937167438701,70.97336974015481,70.98732975268796,71.00124915821833,71.01512540297776,71.02895593319813,71.04273819511131,71.05646963494918,71.07014769894357,71.08376983332637,71.09733348432944,71.11083609818465,71.12427512112384,71.13764799937891,71.15095217918171,71.16418510676412,71.17734422835798,71.19042699019516,71.20343083850754,71.216353219527,71.22919157948536,71.2419433646145,71.25460602114632,71.26717699531264,71.27965373334536,71.29203368147633,71.30431428593741,71.31649299296046,71.32856724877738,71.34053449962,71.3523921917202,71.36413777130984,71.37576868462081,71.38728237788494,71.3986762973341,71.40994788920018,71.42109459971503,71.43211387511052,71.4430031616185,71.45375990547086,71.46438155289945,71.47486555013613,71.48520934341278,71.49541037896127,71.50546610301343,71.51537396180116,71.52513140155632,71.53473586851078,71.54418480889639,71.55347566894501,71.56260590450178,71.57157378181557,71.58037897997721,71.58902131997473,71.59750062279618,71.60581670942955,71.61396940086289,71.62195851808423,71.62978388208157,71.63744531384297,71.64494263435644,71.65227566461,71.6594442255917,71.66644813828955,71.67328722369157,71.67996130278581,71.68647019656028,71.69281372600301,71.69899171210204,71.70500397584537,71.71085033822105,71.7165306202171,71.72204464282154,71.72739222702242,71.73257319380774,71.73758736416553,71.74243455908383,71.74711459955066,71.75162730655406,71.75597250108203,71.76015000412262,71.76415963666385,71.76800121969373,71.77167457420032,71.77517952117162,71.77851588159568,71.78168347646051,71.78468212675413,71.78751165346459,71.79017187757991,71.79266262008811,71.7949837019772,71.79713494423524,71.79911616785024,71.80092719381024,71.80256784310325,71.80403793671731,71.80533729564043,71.80646574086065,71.807423093366,71.8082091741445,71.80882380418417,71.80926680447307,71.80953799599918,71.80963719975055,71.80956423671522,71.8093189278812,71.80890109423652,71.8083105567692,71.80754713646728,71.80661065431879,71.80550103151089,71.8042198193194,71.80276989432629,71.80115417153634,71.79937556595434,71.79743699258506,71.7953413664333,71.79309160250382,71.79069061580142,71.78814132133087,71.78544663409696,71.78260946910446,71.77963274135814,71.77651936586281,71.77327225762325,71.76989433164422,71.76638850293051,71.7627576864869,71.7590047973182,71.75513275042914,71.75114446082455,71.74704284350916,71.7428308134878,71.73851128576523,71.73408717534623,71.72956139723559,71.72493686643809,71.72021649795849,71.7154032068016,71.71049990797218,71.70550951647503,71.70043494731492,71.69527911549663,71.69004493602495,71.68473532390465,71.67935319414053,71.67390146173736,71.66838304169991,71.66280084903298,71.65715779874134,71.65145680582977,71.64570078530305,71.63989265216598,71.63403532142333,71.62813170807988,71.62218472714041,71.6161972936097,71.61017232249253,71.6041127287937,71.59802142751796,71.59190133367012,71.58575536225496,71.57958642827722,71.57339744674175,71.56719133265327,71.56097100101658,71.55473936683649,71.54849934511775
70.92565455442106,70.94566134317984,70.96559450869238,70.98545008240497,71.00522409576392,71.02491258021551,71.04451156720606,71.06401708818184,71.08342517458918,71.10273185787436,71.12193316948368,71.14102514086345,71.16000380345994,71.17886518871948,71.19760532808836,71.21622025301285,71.23470599493929,71.25305858531397,71.27127405558316,71.28934843719318,71.30727776159033,71.32505806022091,71.34268536453119,71.36015570596751,71.37746511597615,71.39460962600339,71.41158526749555,71.42838807189894,71.44501407065982,71.46145929522451,71.47771977703933,71.49379154755054,71.50967063820445,71.52535308044737,71.5408349057256,71.55611214548543,71.57118083117315,71.58603699423506,71.60067666611748,71.61509587826667,71.62929066212898,71.64325704915066,71.65699107077803,71.6704887584574,71.68374614363503,71.69675925775726,71.70952413227037,71.72203679862066,71.73429328825443,71.74628963261797,71.7580218631576,71.76948601131959,71.78067810855023,71.79159418629587,71.80223027600276,71.81258240911723,71.82264661708555,71.83241893135404,71.84189538336899,71.85107200457671,71.85994482642347,71.86850988208106,71.87676474695533,71.8847113745229,71.89235248985295,71.8996908180147,71.90672908407737,71.91347001311011,71.91991633018216,71.9260707603627,71.93193602872095,71.93751486032609,71.94280998024732,71.94782411355384,71.95255998531486,71.95702032059958,71.96120784447719,71.96512528201688,71.96877535828787,71.97216079835937,71.97528432730054,71.97814867018062,71.98075655206877,71.98311069803422,71.98521383314618,71.9870686824738,71.98867797108633,71.99004442405294,71.99117076644285,71.99205972332524,71.99271401976932,71.99313638084429,71.99332953161934,71.99329619716369,71.99303910254652,71.99256097283704,71.99186453310445,71.99095250841793,71.98982762384671,71.98849260445998,71.98695017532692,71.98520306151676,71.98325398809867,71.98110568014187,71.97876086271555,71.97622226088892,71.97349259973117,71.97057460431151,71.96747099969912,71.96418451096322,71.960717863173,71.95707378139765,71.9532549907064,71.94926421616842,71.94510418285292,71.9407776158291,71.93628724016617,71.9316357809333,71.92682596319972,71.92186051203461,71.9167421525072,71.91147360968665,71.90605760754569,71.90049670901719,71.89479314771873,71.88894911701449,71.88296681026864,71.87684842084533,71.87059614210875,71.86421216742303,71.85769869015239,71.85105790366096,71.84429200131291,71.8374031764724,71.83039362250364,71.82326553277075,71.81602110063791,71.8086625194693,71.80119198262906,71.79361168348139,71.78592381539045,71.77813057172038,71.77023414583539,71.7622367310996,71.75414052087721,71.74594770853238,71.73766048742927,71.72928105093206,71.7208115924049,71.71225430521197,71.70361138271744,71.69488501828546,71.68607740528022,71.67719073706586,71.66822720700657,71.6591890084665,71.65007833480983,71.64089737940073,71.63164833560336,71.62233339678187,71.61295475630045,71.60351460752328,71.59401514381449,71.58445855853827,71.57484704505879,71.5651827967402,71.55546800694668,71.5457048690424,71.53589557639151,71.5260423223582,71.51614730030661,71.50621270360094,71.49624072560532,71.48623355968394,71.47619339920097,71.46612243752057,71.45602286800691,71.44589688402415,71.43574667893647,71.42557444610802
71.24183340532998,71.25791505346452,71.2739087807989,71.2898131587695,71.30562675881269,71.32134815236482,71.33697591086225,71.35250860574135,71.36794480843848,71.38328309038998,71.39852202303226,71.41366017780163,71.42869612613447,71.44362843946715,71.45845568923603,71.47317644687746,71.48778928382781,71.50229277152344,71.51668548140073,71.530965984896,71.54513285344564,71.55918465848602,71.57311997145347,71.58693736378439,71.6006354069151,71.614212672282,71.62766773132142,71.64099915546974,71.65420551616333,71.66728538483852,71.68023733293171,71.69305993187923,71.70575175311745,71.71831136808274,71.73073734821146,71.74302826493997,71.75518268970463,71.76719919394179,71.77907634908783,71.7908127265791,71.80240689785198,71.81385743434281,71.82516290748795,71.83632188872379,71.84733294948666,71.85819466121292,71.86890559533896,71.87946432330114,71.88986941653579,71.90011944647928,71.910212984568,71.92014860223829,71.92992487092651,71.93954036206902,71.9489936471022,71.95828329746239,71.96740788458597,71.97636597990929,71.9851561548687,71.99377698090059,72.0022270294413,72.01050487277428,72.01860984030567,72.02654341075012,72.03430744161709,72.04190379041601,72.04933431465635,72.05660087184756,72.06370531949908,72.07064951512038,72.07743531622089,72.08406458031007,72.09053916489738,72.09686092749226,72.10303172560418,72.10905341674257,72.11492785841689,72.12065690813658,72.12624242341111,72.13168626174995,72.1369902806625,72.14215633765825,72.14718629024662,72.15208199593711,72.15684531223913,72.16147809666214,72.1659822067156,72.17035949990895,72.17461183375165,72.17874106575317,72.18274905342292,72.1866376542704,72.19040872580501,72.19406412553624,72.19760571097353,72.20103533962633,72.20435486900408,72.20756615661625,72.2106710599723,72.21367143658165,72.21656914395378,72.21936603959811,72.22206398102414,72.22466482574127,72.22717043125898,72.22958265508672,72.23190335473394,72.23413438771009,72.23627761152461,72.23833488368697,72.24030806170663,72.242199003093,72.24400956535558,72.24574160600379,72.24739698254709,72.24897755249492,72.25048517335676,72.25192170264205,72.25328899786022,72.25458891652076,72.25582331613309,72.25699405420666,72.25810298672474,72.25915174551866,72.26014150404474,72.26107337973039,72.26194849000306,72.26276795229018,72.26353288401917,72.26424440261748,72.26490362551252,72.26551167013173,72.26606965390253,72.26657869425237,72.26703990860868,72.26745441439887,72.26782332905039,72.26814776999066,72.26842885464713,72.26866770044721,72.26886542481833,72.26902314518793,72.26914197898344,72.2692230436323,72.26926745656192,72.26927633519975,72.26925079697321,72.26919195930974,72.26910093963676,72.2689788553817,72.268826823972,72.26864596283511,72.26843738939841,72.26820222108937,72.26794157533541,72.26765656956397,72.26734832120246,72.26701794767833,72.266666566419,72.26629529485191,72.26590525040449,72.26549755050416,72.26507331257837,72.26463365405452,72.26417969236007,72.26371254492244,72.26323332916907,72.26274316252737,72.2622431624248,72.26173444628876,72.2612181315467,72.26069533562605,72.26016717595424,72.2596347699587,72.25909923506684,72.25856168870612,72.25802324830397,72.2574850312878,72.25694815508507,72.25641373712318
70.62419228773238,70.65043165791892,70.67649156402092,70.70236757778704,70.72805527096587,70.75355021530603,70.77884798255614,70.80394414446482,70.8288342727807,70.85351393925234,70.87797871562842,70.90222417365753,70.92624588508828,70.9500394216693,70.9736003551492,70.99692425727659,71.0200066998001,71.04284325446835,71.06542949302994,71.08776098723348,71.10983330882762,71.13164202956095,71.15318272118208,71.17445095543965,71.19544230408226,71.21615233885852,71.23657663151708,71.25671075380653,71.2765502774755,71.29609077427257,71.31532781594639,71.33425697424558,71.35287382091875,71.3711739277145,71.38915286638147,71.40680620866826,71.42412952632348,71.44111839109578,71.45776837473375,71.47407504898601,71.49003398560117,71.50564075632786,71.5208909329147,71.53578008711028,71.55030379066325,71.5644576153222,71.57823713283575,71.59163791495254,71.60465553342117,71.61728555999024,71.6295235664084,71.64136512442423,71.65280580578636,71.66384118224343,71.67446682554403,71.68467830743678,71.6944711996703,71.70384107399322,71.71278350215412,71.72129405590167,71.72936830698444,71.73700183080156,71.74419346561028,71.75095131221983,71.75728510387458,71.76320457381891,71.76871945529719,71.77383948155378,71.77857438583305,71.7829339013794,71.78692776143714,71.7905656992507,71.79385744806441,71.79681274112266,71.79944131166981,71.80175289295023,71.80375721820829,71.80546402068838,71.80688303363482,71.80802399029203,71.80889662390436,71.80951066771617,71.80987585497185,71.81000191891575,71.80989859279225,71.80957560984571,71.80904270332051,71.80830960646104,71.80738605251162,71.80628177471665,71.80500650632051,71.80356998056753,71.80198193070213,71.80025208996864,71.79839019161145,71.79640596887492,71.79430915500342,71.79210948324132,71.789816686833,71.78744049902282,71.78499065305515,71.78247688217436,71.77990891962482,71.7772964986509,71.77464935249698,71.7719772144074,71.76928981762656,71.76659689539882,71.76390818096854,71.7612334075801,71.75858230847786,71.7559646169062,71.75339006610949,71.7508683893321,71.74840931981838,71.74602259081273,71.74371793555949,71.74150508730305,71.73939377928778,71.73739374475804,71.73551471695819,71.73376642913263,71.73215858955136,71.73069723853716,71.72938091571585,71.72820724387529,71.7271738458033,71.72627834428776,71.72551836211652,71.7248915220774,71.72439544695828,71.724027759547,71.72378608263139,71.72366803899934,71.72367125143865,71.72379334273721,71.72403193568286,71.72438465306344,71.72484911766679,71.7254229522808,71.72610377969328,71.7268892226921,71.7277769040651,71.72876444660012,71.72984947308504,71.7310296063077,71.73230246905592,71.73366568411758,71.73511687428052,71.7366536623326,71.73827367106165,71.73997452325554,71.7417538417021,71.74360924918919,71.74553836850467,71.74753882243637,71.74960823377215,71.75174422529984,71.75394441980734,71.75620644008245,71.75852790891304,71.76090644908695,71.76333968339203,71.76582523461616,71.76836072554714,71.77094377897286,71.77357201768115,71.77624306445986,71.77895454209686,71.78170407337997,71.78448928109705,71.78730778803596,71.79015721698454,71.79303519073063,71.79593933206212,71.79886726376681,71.80181660863258,71.80478498944726,71.80777002899872,71.81076935007479
70.25985679670976,70.27959453917515,70.29933797950812,70.31908184104776,70.33882084713315,70.3585497211034,70.3782631862976,70.3979559660549,70.41762278371436,70.43725836261507,70.45685742609618,70.47641469749675,70.4959249001559,70.51538275741271,70.53478299260632,70.55412032907583,70.57338949016031,70.59258519919888,70.61170217953062,70.63073515449466,70.6496788474301,70.66852798167602,70.68727728057155,70.70592146745577,70.72445526566781,70.74287339854672,70.76117058943166,70.77934156166171,70.79738103857596,70.8152837435135,70.83304439981347,70.85065773081496,70.86811845985704,70.88542131027887,70.9025610054195,70.91953226861807,70.93632982321364,70.95294839254535,70.96938269995229,70.98562746877357,71.00167742234825,71.0175272840155,71.03317177711435,71.04860562498396,71.0638235509634,71.07882027839179,71.09359053060822,71.1081290309518,71.12243050276163,71.1364896693768,71.15030125413642,71.16385998037958,71.17716057144543,71.19019775067301,71.20296624140147,71.21546076696987,71.22767605071735,71.239606815983,71.25124778610589,71.26259368442516,71.27363923427993,71.28437916097724,71.2948099488475,71.30493307570967,71.31475089943663,71.32426577790133,71.33348006897668,71.3423961305356,71.35101632045107,71.35934299659598,71.36737851684325,71.37512523906582,71.38258552113663,71.38976172092862,71.39665619631467,71.40327130516772,71.40960940536075,71.41567285476663,71.42146401125834,71.42698523270874,71.43223887699082,71.43722730197746,71.44195286554165,71.44641792555626,71.45062483989423,71.45457596642854,71.45827366303203,71.46172028757769,71.46491819793843,71.4678697519872,71.4705773075969,71.47304322264048,71.47526985499084,71.47725956252094,71.47901470310367,71.480537634612,71.48183071491883,71.48289630189711,71.48373675341975,71.48435442735968,71.48475168158984,71.48493087398316,71.48489436241255,71.48464450475095,71.48418365887127,71.48351418264647,71.48263843394946,71.48155877065318,71.48027755063055,71.47879713175448,71.47711987189794,71.4752481289338,71.47318426073505,71.47093062517459,71.46848958012535,71.46586348346025,71.46305469305224,71.46006556677423,71.45689846249914,71.45355573809994,71.45003975144948,71.44635286042077,71.44249742364951,71.43847591180341,71.43429102464773,71.42994548995122,71.4254420354826,71.42078338901061,71.41597227830397,71.41101143113141,71.40590357526168,71.40065143846346,71.39525774850554,71.38972523315661,71.38405662018542,71.37825463736067,71.37232201245112,71.3662614732255,71.36007574745253,71.35376756290094,71.34733964733945,71.34079472853679,71.33413553426172,71.32736479228294,71.3204852303692,71.31349957628919,71.30641055781169,71.2992209027054,71.29193333873906,71.28455059368136,71.2770753953011,71.26951047136697,71.26185854964771,71.25412235791202,71.2463046239287,71.2384080754664,71.23043544029389,71.22238944617987,71.21427282089314,71.20608829220234,71.19783858787625,71.1895264356836,71.18115456339314,71.17272569877352,71.16424256959354,71.1557079036219,71.14712442862736,71.13849487237863,71.12982196264443,71.12110842719349,71.11235699379455,71.10357039021633,71.0947513442276,71.08590258359703,71.07702683609338,71.06812682948538,71.05920529154176,71.05026495003122,71.04130853272255,71.03233876738443
70.90829119917407,70.92016354100359,70.93202764111204,70.9438808644058,70.95572057579129,70.9675441401749,70.979348922463,70.99113228756202,71.00289160037836,71.01462422581838,71.02632752878851,71.03799887419513,71.04963562694462,71.06123515194342,71.07279481409789,71.08431197831443,71.09578400949945,71.10720827255935,71.1185821324005,71.12990295392932,71.14116810205219,71.15237494167553,71.1635208377057,71.17460315504913,71.18561925861219,71.19656651330129,71.20744228402283,71.2182439356832,71.2289688331888,71.23961434144601,71.25017782536126,71.26065664984091,71.27104817979136,71.28134978011904,71.29155881573031,71.30167265153159,71.31168865242925,71.32160418332971,71.33141660913937,71.3411232947646,71.35072160511181,71.36020890508739,71.36958255959776,71.37883993354929,71.38797839184838,71.39699529940142,71.40588802111483,71.414653921895,71.42329036664832,71.43179472028116,71.44016434769996,71.4483966138111,71.45648888352096,71.46443852173596,71.47224289336249,71.47989936330693,71.48740529647569,71.49475805777517,71.50195501211175,71.50899352439184,71.51587095952183,71.5225846831991,71.52913276809927,71.53551529385715,71.54173269381465,71.5477854013137,71.55367384969624,71.55939847230417,71.56495970247941,71.57035797356392,71.57559371889958,71.58066737182834,71.58557936569211,71.59033013383282,71.59492010959241,71.59934972631277,71.60361941733584,71.60772961600352,71.61168075565779,71.61547326964052,71.61910759129366,71.62258415395911,71.62590339097882,71.6290657356947,71.63207162144867,71.63492148158265,71.63761574943858,71.64015485835839,71.64253924168396,71.64476933275726,71.64684556492018,71.64876837151468,71.65053818588264,71.652155441366,71.6536205713067,71.65493400904666,71.65609618792777,71.65710754129199,71.65796850248122,71.65867950483741,71.65924098170245,71.6596533664183,71.65991709232685,71.66003259277004,71.66000030108978,71.659820650628,71.65949407472665,71.65902100672761,71.65840187997284,71.65763712780424,71.65672718356373,71.65567248059324,71.65447345223471,71.65313053183004,71.65164415272116,71.65001474825,71.64824275175849,71.64632859658853,71.64427271608206,71.64207554358099,71.63973751242726,71.63725905596279,71.63464061143365,71.63188318948552,71.62898897332627,71.62596028949044,71.62279946451248,71.61950882492694,71.6160906972683,71.61254740807108,71.60888128386979,71.60509465119894,71.60118983659302,71.59716916658655,71.59303496771402,71.58878956650996,71.58443528950886,71.57997446324522,71.57540941425357,71.5707424690684,71.56597595422423,71.56111219625555,71.55615352169687,71.5511022570827,71.54596072894755,71.54073126382592,71.53541618825231,71.53001782876126,71.52453851188723,71.51898056416476,71.51334631212835,71.5076380823125,71.50185820125171,71.4960089954805,71.49009279153336,71.48411191594482,71.47806869524938,71.47196545598153,71.46580452467579,71.45958822786666,71.45331889208866,71.44699884387629,71.44063040976405,71.43421591628645,71.427757689978,71.4212580573732,71.41471934500655,71.40814387941256,71.40153398712577,71.39489199468065,71.3882202286117,71.38152101545346,71.37479668174042,71.36804955400707,71.36128195878794,71.35449622261753,71.34769467203034,71.34087963356089,71.33405343374368,71.3272183991132
71.3756908115955,71.38467213311422,71.39359224578477,71.40245066014435,71.41124688673014,71.41998043607931,71.42865081872908,71.4372575452166,71.44580012607908,71.45427807185368,71.4626908930776,71.47103810028804,71.47931920402215,71.48753371481713,71.49568114321019,71.50376099973847,71.51177279493919,71.51971603934952,71.52759024350665,71.53539491794776,71.54312957321004,71.55079371983066,71.55838686834683,71.56590852929571,71.5733582132145,71.58073543064039,71.58803969211056,71.59527050816217,71.60242738933245,71.60950984615853,71.61651738917764,71.62344952892697,71.63030577594367,71.63708564076494,71.64378863392795,71.65041426596991,71.65696204742801,71.66343148883941,71.6698221007413,71.67613339367087,71.6823648781653,71.6885160647618,71.69458646399751,71.70057558640964,71.70648294253539,71.71230804291191,71.71805039807641,71.72370951856608,71.72928491491808,71.73477609766961,71.74018257735786,71.74550386452,71.75073946969322,71.75588890341471,71.76095167622165,71.76592729865123,71.77081528124063,71.77561513452704,71.78032636904764,71.7849484953396,71.78948102394014,71.79392346469409,71.79827470862888,71.80253189008242,71.80669183379312,71.81075136449942,71.81470730693971,71.81855648585238,71.82229572597588,71.8259218520486,71.82943168880894,71.83282206099531,71.83608979334613,71.83923171059982,71.84224463749477,71.8451253987694,71.84787081916213,71.85047772341133,71.85294293625545,71.85526328243289,71.85743558668204,71.85945667374133,71.86132336834918,71.86303249524397,71.86458087916412,71.86596534484806,71.86718271703417,71.86822982046088,71.8691034798666,71.86980051998972,71.87031776556867,71.87065204134184,71.87080017204767,71.87075898242453,71.87052529721086,71.87009594114507,71.86946773896555,71.86863751541073,71.867602095219,71.86635830312878,71.86490296387846,71.86323290220649,71.86134494285126,71.85923591055118,71.85690263004464,71.85434192607009,71.85155062336591,71.8485255466705,71.8452635207223,71.8417613702597,71.83801592002112,71.83402399474497,71.82978241916965,71.82528801803358,71.82053761607516,71.8155280380328,71.81025610864491,71.80471865264991,71.79891249478621,71.7928344597922,71.7864813724063,71.77985005736693,71.77293735559073,71.76574248406926,71.7582695187021,71.75052312931106,71.74250798571802,71.7342287577448,71.72569011521327,71.71689672794527,71.70785326576265,71.69856439848728,71.68903479594098,71.67926912794562,71.66927206432302,71.65904827489507,71.6486024294836,71.63793919791047,71.6270632499975,71.61597925556657,71.60469188443952,71.5932058064382,71.58152569138446,71.56965620910015,71.55760202940711,71.54536782212719,71.53295825708226,71.52037800409416,71.50763173298473,71.49472411357583,71.4816598156893,71.468443509147,71.45507986377076,71.44157354938247,71.42792923580393,71.41415159285702,71.4002452903636,71.38621499814549,71.37206538602454,71.35780112382264,71.34342688136158,71.32894732846327,71.31436713494952,71.29969097064217,71.28492350536312,71.27006940893418,71.25513335117721,71.24012000191405,71.22503403096657,71.2098801081566,71.194662903306,71.17938708623662,71.1640573267703,71.14867829472891,71.13325465993427,71.11779109220825,71.1022922613727,71.08676283724947,71.0712074896604,71.05563088842733
71.0388510232921,71.05093877924863,71.06297690785613,71.07496333904693,71.08689600275335,71.0987728289077,71.1105917474423,71.12235068828947,71.13404758138154,71.1456803566508,71.1572469440296,71.16874527345024,71.18017327484505,71.19152887814633,71.20281001328642,71.21401461019764,71.22514059881229,71.2361859090627,71.24714847088119,71.25802621420007,71.26881706895168,71.2795189650683,71.2901298324823,71.30064760112595,71.3110702009316,71.32139556183155,71.33162161375813,71.34174628664367,71.35176751042046,71.36168321502085,71.37149133037713,71.38118978642163,71.39077651308668,71.40024944030458,71.40960649800768,71.41884561612825,71.42796472459865,71.43696175335118,71.44583463231817,71.45458129143192,71.46319966062478,71.47168766982904,71.48004324897703,71.48826432800105,71.49634883683346,71.50429470540655,71.51209986365264,71.51976224150405,71.52727976889311,71.53465037575212,71.54187199201343,71.54894254760931,71.55585997247213,71.56262219653418,71.56922714972778,71.57567276198526,71.58195696323892,71.5880776834211,71.59403285246411,71.59982040030027,71.60543825686189,71.61088435312423,71.61615755225004,71.62125936368172,71.62619176324283,71.63095672675695,71.63555623004767,71.63999224893854,71.64426675925314,71.64838173681504,71.65233915744784,71.65614099697508,71.65978923122036,71.66328583600723,71.66663278715927,71.66983206050007,71.6728856318532,71.67579547704221,71.6785635718907,71.68119189222224,71.6836824138604,71.68603711262874,71.68825796435084,71.69034694485029,71.69230602995066,71.69413719547549,71.6958424172484,71.69742367109295,71.69888293283269,71.70022217829123,71.7014433832921,71.70254852365892,71.70353957521523,71.70441851378462,71.70518731519067,71.70584795525693,71.70640240980698,71.70685265466442,71.70720066565279,71.70744841859569,71.70759788931669,71.70765105363934,71.70760988738722,71.70747636638393,71.70725246645303,71.70694016341808,71.70654143310267,71.70605825133036,71.70549259392475,71.70484643670937,71.70412175550784,71.7033205261437,71.70244472444054,71.70149632622194,71.70047730731146,71.69938964353267,71.69823531070915,71.69701628466449,71.69573454122224,71.69439205620597,71.69299080543928,71.69153276474573,71.69001990799627,71.68845392228395,71.68683590826093,71.68516689489647,71.68344791115989,71.6816799860205,71.67986414844758,71.67800142741045,71.6760928518784,71.67413945082072,71.67214225320673,71.67010228800572,71.668020584187,71.66589817071986,71.6637360765736,71.66153533071753,71.65929696212093,71.65702199975313,71.6547114725834,71.65236640958106,71.64998783971541,71.64757679195573,71.64513429527135,71.64266137863154,71.64015907100563,71.6376284013629,71.63507039867267,71.63248609190421,71.62987651002685,71.62724268200986,71.62458563682257,71.62190640343427,71.61920601081425,71.61648548793183,71.6137458637563,71.61098816725693,71.60821342740307,71.605422673164,71.60261693350903,71.59979723740743,71.59696461382853,71.59412009174163,71.59126470011601,71.58839946792098,71.58552542412585,71.5826435976999,71.57975501761246,71.5768607128328,71.57396171233022,71.57105904507405,71.56815374003357,71.56524682617808,71.5623393324769,71.5594322878993,71.55652672141458,71.55362366199208,71.55072413860107,71.54782918021085
70.86837896403259,70.89343963969955,70.91841614500355,70.94330315623067,70.96809534966698,70.99278740159855,71.01737398831142,71.0418497860917,71.06620947122542,71.09044771999865,71.11455920869747,71.13853861360795,71.16238061101612,71.1860798772081,71.20963108846993,71.23302892108765,71.25626805134738,71.27934315553514,71.30224890993702,71.32497999083907,71.34753107452735,71.36989683728797,71.39207195540695,71.41405110517039,71.43582896286435,71.45740020477484,71.47875950718802,71.49990154638988,71.52082099866652,71.54151254030401,71.56197084758841,71.58219059680576,71.60216646424217,71.62189312618369,71.64136525891638,71.66057753872627,71.67952464189952,71.6982012447221,71.71660202348014,71.73472165445966,71.75255481394677,71.7700961782275,71.78734042358795,71.80428222631417,71.82091626269221,71.83723720900812,71.85323974154804,71.86891853659799,71.88426827044401,71.8992836193722,71.91395925966864,71.92828986761936,71.94227011951045,71.95589469162795,71.96915826025796,71.98205550168655,71.99458109219972,72.00672970808364,72.01849602562427,72.02987472110775,72.04086047082012,72.05144795348042,72.06163402241134,72.0714217041675,72.08081511327595,72.0898183642636,72.09843557165752,72.10667084998462,72.11452831377196,72.12201207754649,72.12912625583519,72.1358749631651,72.14226231406315,72.14829242305635,72.15396940467167,72.15929737343615,72.16428044387675,72.16892273052045,72.17322834789425,72.17720141052513,72.18084603294011,72.18416632966611,72.1871664152302,72.18985040415933,72.19222241098049,72.19428655022065,72.19604693640684,72.19750768406601,72.19867290772518,72.19954672191133,72.20013324115146,72.20043657997252,72.20046085290153,72.20021017446547,72.19968865919134,72.19890042160611,72.19784957623679,72.19654023761035,72.19497652025379,72.19316253869408,72.19110240745823,72.18880024107324,72.18626015406608,72.18348626096375,72.18048267629322,72.17725351458148,72.17380289035555,72.1701349181424,72.166253712469,72.16216338786236,72.15786805884946,72.15337183995729,72.14867884571288,72.14379319064315,72.1387189892751,72.1334603561358,72.12802140575212,72.12240625265116,72.11661901135983,72.11066379640513,72.1045447223141,72.09826590361368,72.09183145201868,72.08524506622527,72.07850960033502,72.07162780521165,72.06460243171875,72.05743623072007,72.0501319530793,72.04269234966009,72.0351201713261,72.02741816894104,72.01958909336858,72.01163569547242,72.00356072611623,71.99536693616369,71.98705707647846,71.97863389792425,71.9701001513647,71.96145858766354,71.95271195768444,71.94386301229108,71.93491450234708,71.9258691787162,71.91672979226209,71.90749909384843,71.89817983433889,71.88877476459714,71.87928663548692,71.86971819787183,71.86007220261564,71.85035140058196,71.84055854263448,71.83069637963689,71.82076766245288,71.81077514194612,71.80072156898032,71.79060969441909,71.78044226912618,71.77022204396525,71.75995176979995,71.749634197494,71.73927207791107,71.72886816191482,71.71842520036896,71.70794594413712,71.69743314408305,71.68688955107038,71.67631791596281,71.66572098962402,71.6551015229177,71.6444622667075,71.63380597185713,71.62313538923024,71.61245326969055,71.60176236410172,71.59106542332742,71.58036519823133,71.56966443967715,71.55896589852856
70.80023686151178,70.82482947199662,70.84920268673933,70.87335370876262,70.89727974108916,70.9209779867416,70.94444564874266,70.967679930115,70.99067803388128,71.0134371630642,71.03595452068642,71.05822730977064,71.08025273333952,71.10202799441576,71.12355029602202,71.14481684118098,71.16582483291532,71.18657147424773,71.20705396820087,71.22726951779742,71.24721532606007,71.2668885960115,71.28628653067436,71.30540633307137,71.32424520622517,71.34280035315847,71.36106897689392,71.37904828045423,71.39673546686204,71.41412773914006,71.43122230031095,71.44801635339739,71.46450710142206,71.48069174740765,71.49656749437683,71.51213154535228,71.52738110335666,71.54231337141267,71.55692555254299,71.57121484977029,71.58517846611724,71.59881360460653,71.61211746826083,71.62508726010283,71.63772018315521,71.65001344044062,71.66196423498177,71.67356976980132,71.68482724792196,71.69573387236635,71.70628684615718,71.71648337231714,71.7263206538689,71.73579589383513,71.74490629523851,71.75364906110173,71.76202139444744,71.77002049829835,71.77764357567713,71.78488782960645,71.791750463109,71.79822868162417,71.80432185069249,71.81003546791666,71.81537611161599,71.82035036010976,71.82496479171728,71.82922598475783,71.83314051755072,71.83671496841525,71.8399559156707,71.8428699376364,71.8454636126316,71.84774351897563,71.84971623498778,71.85138833898735,71.85276640929364,71.85385702422593,71.85466676210352,71.85520220124573,71.85546991997184,71.85547649660114,71.85522850945293,71.85473253684653,71.85399515710121,71.85302294853626,71.85182248947102,71.85040035822475,71.84876313311675,71.84691739246634,71.84486971459279,71.8426266778154,71.8401948604535,71.83758084082633,71.83479119725324,71.83183250805351,71.82871135154642,71.82543430605129,71.82200794988741,71.81843886137406,71.81473361883056,71.8108988005762,71.80694098493026,71.80286675021208,71.7986826747409,71.79439533683606,71.79001131481685,71.78553718700255,71.78097953171248,71.77634492726591,71.77163995198215,71.7668711841805,71.76204520218026,71.75716858430073,71.7522479088612,71.74728975418095,71.7423006985793,71.73728732037554,71.73225619788897,71.72721390943887,71.72216703334458,71.71712214792534,71.71208581770193,71.70706258062101,71.7020528304262,71.69705645429984,71.69207333942428,71.68710337298185,71.68214644215492,71.67720243412582,71.67227123607688,71.66735273519046,71.66244681864892,71.65755337363456,71.65267228732976,71.64780344691687,71.64294673957819,71.63810205249612,71.63326927285296,71.62844828783108,71.62363898461281,71.6188412503805,71.6140549723165,71.60928003760314,71.60451633342277,71.59976374695773,71.59502216539039,71.59029147590306,71.58557156567811,71.58086232189785,71.57616363174466,71.57147538240088,71.56679746104884,71.56212975487088,71.55747215104935,71.55282453676661,71.54818679920498,71.54355882554682,71.53894050297448,71.53433171867029,71.52973235981658,71.52514231359574,71.52056146719006,71.51598970778193,71.51142692255365,71.50687299868761,71.50232782336613,71.49779128377155,71.49326326708623,71.4887436604925,71.48423235117271,71.4797292263092,71.47523417308433,71.47074707868042,71.46626783027982,71.46179631506489,71.45733242021797,71.45287603292138,71.4484270403575,71.44398532970865
70.6138248756816,70.63290894791425,70.65185672809453,70.67066688401022,70.68933808344907,70.7078689941988,70.7262582840472,70.744504620782,70.76260667219096,70.7805631060618,70.79837259018232,70.81603379234025,70.83354538032332,70.85090602191931,70.86811438491596,70.88516913710102,70.90206894626225,70.91881248018738,70.93539840666419,70.9518253934804,70.96809210842379,70.9841972192821,71.00013939384306,71.01591729989445,71.03152960522402,71.04697497761951,71.06225208486867,71.07735959475926,71.09229617507901,71.1070604936157,71.12165121815707,71.13606701649086,71.15030655640483,71.16436850568674,71.17825153212432,71.19195430350534,71.20547548761753,71.21881375224868,71.23196776518651,71.24493619421877,71.25771770713321,71.2703109717176,71.28271465575968,71.2949274270472,71.30694795336791,71.31877490250956,71.33040694225991,71.34184274040672,71.35308096473771,71.36412028304065,71.37495936310329,71.38559687271338,71.39603147965866,71.40626185172691,71.41628665670586,71.42610456238326,71.43571423654686,71.44511434698443,71.45430356148368,71.46328054783241,71.47204397381836,71.48059252402082,71.4889262985591,71.49704786537701,71.50496004027161,71.5126656390399,71.52016747747888,71.52746837138557,71.53457113655699,71.54147858879014,71.54819354388204,71.5547188176297,71.56105722583014,71.56721158428039,71.57318470877742,71.57897941511827,71.58459851909996,71.59004483651948,71.59532118317387,71.60043037486012,71.60537522737526,71.6101585565163,71.61478317808024,71.61925190786411,71.62356756166493,71.62773295527968,71.63175090450541,71.63562422513911,71.63935573297779,71.64294824381848,71.6464045734582,71.64972753769393,71.65291995232272,71.65598463314157,71.65892439594748,71.66174205653748,71.66444043070857,71.66702233425777,71.66949058298209,71.67184799267856,71.67409737914417,71.67624155817596,71.67828334557092,71.68022555712606,71.68207100863842,71.68382251590498,71.68548289472278,71.68705496088882,71.68854153020011,71.68994541845369,71.69126944144654,71.69251641497569,71.69368915483815,71.69479047683093,71.69582319675106,71.69679013039553,71.69769409356137,71.69853790204559,71.69932437164519,71.7000563181572,71.70073655737862,71.70136790510648,71.70195310447608,71.70249371652697,71.70299034122282,71.70344355066408,71.70385391695126,71.70422201218486,71.70454840846534,71.70483367789322,71.70507839256896,71.70528312459308,71.70544844606604,71.70557492908836,71.70566314576048,71.70571366818294,71.7057270684562,71.70570391868075,71.7056447909571,71.70555025738571,71.70542089006709,71.7052572611017,71.70505994259007,71.70482950663266,71.70456652532998,71.7042715707825,71.70394521509071,71.7035880303551,71.70320058867618,71.7027834621544,71.70233722289029,71.70186244298431,71.70135969453695,71.70082954964872,71.70027258042008,71.69968935895155,71.69908045734358,71.69844644769671,71.69778790211139,71.6971053926881,71.69639949152737,71.69567077072966,71.69491980239546,71.69414715862527,71.69335341151958,71.69253913317887,71.69170489570362,71.69085127119433,71.6899788317515,71.6890881494756,71.68817979646713,71.68725434482657,71.6863123666544,71.68535443405115,71.68438111911726,71.68339299395325,71.6823906306596,71.68137460133678,71.68034547808531,71.67930383300568
71.0347818870288,71.05520262084192,71.07558945222812,71.09593794428366,71.11624366010486,71.13650216278796,71.15670901542933,71.17685978112516,71.1969500229718,71.21697530406553,71.23693118750259,71.25681323637934,71.27661701379202,71.29633808283691,71.31597200661034,71.33551434820856,71.35496067072788,71.37430653726457,71.39354751091491,71.41267915477522,71.43169703194175,71.45059670551083,71.4693737385787,71.48802369424169,71.50654213559605,71.52492462573807,71.54316672776406,71.56126400477032,71.57921201985309,71.59700633610868,71.61464251663338,71.63211612452349,71.64942272287527,71.66655787478504,71.68351714334904,71.7002960916636,71.71689028282498,71.73329527992948,71.7495066460734,71.765519944353,71.78133073786458,71.79693458970442,71.81232706296882,71.82750372075407,71.84246012615645,71.85719184227221,71.87169443219773,71.8859634590292,71.89999448586295,71.91378307579527,71.92732479192242,71.94061519734072,71.95364985514647,71.96642432843589,71.97893418030534,71.99117497385106,72.00314227216936,72.0148316383565,72.0262386355088,72.03735882672254,72.04818777509402,72.05872106710018,72.06895626022592,72.07889434817264,72.08853666975415,72.0978845637843,72.106939369077,72.11570242444608,72.1241750687054,72.1323586406688,72.14025447915017,72.14786392296338,72.15518831092226,72.16222898184068,72.1689872745325,72.17546452781156,72.18166208049175,72.18758127138693,72.19322343931091,72.19858992307763,72.20368206150087,72.20850119339454,72.2130486575725,72.21732579284858,72.22133393803665,72.22507443195056,72.2285486134042,72.2317578212114,72.23470339418603,72.23738667114196,72.23980899089304,72.24197169225312,72.24387611403608,72.24552359505577,72.24691547412604,72.24805309006075,72.24893778167376,72.24957088777896,72.24995374719018,72.25008769872127,72.24997408118611,72.24961423339855,72.24900949417247,72.24816120232168,72.2470706966601,72.24573931600156,72.24416839915992,72.24235928494903,72.24031331218276,72.23803181967497,72.23551614623952,72.23276763069029,72.22978761184109,72.2265774285058,72.22313841949833,72.21947192363245,72.21557927972208,72.21146182658106,72.20712090302328,72.20255784786255,72.19777399991276,72.19277069798775,72.18754934951903,72.18211247824328,72.17646351548342,72.17060591887488,72.164543146053,72.15827865465323,72.15181590231089,72.14515834666142,72.13830944534016,72.13127265598254,72.12405143622391,72.11664924369967,72.10906953604521,72.10131577089592,72.09339140588716,72.08529989865434,72.07704470683285,72.06862928805808,72.06005709996538,72.0513316001902,72.04245624636783,72.03343449613374,72.02426980712329,72.01496563697188,72.00552544331487,71.99595268378764,71.9862508160256,71.97642329766416,71.96647358633865,71.95640513968448,71.94622141533705,71.93592587093173,71.9255219641039,71.91501315248897,71.9044028937223,71.8936946454393,71.88289186527535,71.87199801086584,71.86101653984613,71.84995090985163,71.83880457851771,71.82758100347979,71.81628364237321,71.8049159528334,71.79348139249569,71.78198341899554,71.77042548996829,71.75881106304931,71.74714359587404,71.7354265460778,71.72366337129606,71.71185752916412,71.70001247731742,71.68813167339133,71.67621857502124,71.66427663984251,71.65230932549059,71.6403200896008
71.00120253944435,71.01777853571312,71.0343360211191,71.05087006131794,71.06737572196523,71.08384806871665,71.10028216722779,71.11667308315432,71.13301588215185,71.14930562987603,71.16553739198247,71.18170623412684,71.19780722196472,71.2138354211518,71.22978589734367,71.245653716196,71.2614339433644,71.2771216445045,71.29271188527196,71.30819973132239,71.32358024831142,71.3388485018947,71.35399955772786,71.36902848146651,71.38393033876633,71.39870019528291,71.41333311667191,71.42782416858896,71.44216841668967,71.4563609266297,71.47039676406467,71.48427099465023,71.49797868404198,71.5115148978956,71.52487470186668,71.53805316161088,71.55104534278381,71.56384631104113,71.57645113203847,71.58885487143145,71.6010525948757,71.61303936802688,71.62481025654058,71.63636032607248,71.6476846422782,71.65877827081334,71.66963627733358,71.68025372749453,71.69062568695182,71.7007472213611,71.710613396378,71.72021927765813,71.72955993085714,71.73863042163067,71.74742581563436,71.75594117852381,71.76417157595469,71.77211207358262,71.77975773706322,71.78710363205214,71.794144824205,71.80087655767692,71.80729898030096,71.81341763285238,71.81923833273622,71.82476689735752,71.83000914412133,71.83497089043273,71.83965795369673,71.8440761513184,71.84823130070278,71.85212921925492,71.85577572437988,71.85917663348269,71.86233776396843,71.8652649332421,71.8679639587088,71.87044065777356,71.87270084784141,71.87475034631743,71.87659497060665,71.87824053811411,71.8796928662449,71.88095777240402,71.88204107399655,71.88294858842752,71.883686133102,71.88425952542504,71.88467458280167,71.88493712263693,71.8850529623359,71.88502791930361,71.88486781094512,71.88457845466547,71.88416566786971,71.88363526796289,71.88299307235006,71.88224489843628,71.88139656362658,71.88045388532602,71.87942268093965,71.87830876787251,71.87711796352966,71.87585608531614,71.87452895063701,71.8731423768973,71.87170218150209,71.8702141818564,71.86868419536529,71.8671180394338,71.865521531467,71.86390048886993,71.86226072904763,71.86060806940515,71.85894832734755,71.85728732027988,71.85563086560717,71.85398478073449,71.85235488306688,71.85074699000938,71.84916691896707,71.84762048734497,71.84611275555405,71.84464501344397,71.84321737918289,71.84182997057111,71.84048290540896,71.83917630149676,71.83791027663482,71.83668494862346,71.83550043526299,71.83435685435374,71.83325432369602,71.83219296109016,71.83117288433647,71.83019421123527,71.82925705958688,71.8283615471916,71.82750779184978,71.82669591136171,71.82592602352773,71.82519824614815,71.82451269702327,71.82386949395344,71.82326875473895,71.82271059718013,71.82219513907731,71.8217224982308,71.8212927924409,71.82090613950795,71.82056265723227,71.82026246341417,71.82000567585395,71.81979241235196,71.81962279070851,71.8194969287239,71.81941494419846,71.81937695493251,71.81938307872637,71.81943343338035,71.81952813669479,71.81966730646998,71.81985106050625,71.82007951660391,71.8203527925633,71.82067100618472,71.82103427526849,71.82144271761493,71.82189645102436,71.8223955932971,71.82294026223346,71.82353057563377,71.82416665129833,71.82484860702748,71.82557656062153,71.82635062988078,71.82717093260558,71.82803758659622,71.82895070965304,71.82991041957635
70.43440360227692,70.46410659165784,70.49368379593636,70.52312963215215,70.55243851734483,70.58160486855402,70.6106231028194,70.63948763718058,70.66819288867721,70.69673327434892,70.72510321123535,70.75329711637616,70.78130940681095,70.80913449957939,70.8367668117211,70.86420076027574,70.89143076228292,70.91845123478231,70.94525659481354,70.97184125941622,70.99819964563002,71.02432617049458,71.0502152510495,71.07586130433447,71.1012587473891,71.12640199725301,71.15128547096589,71.17590358556735,71.20025075809703,71.22432140559455,71.24810994509959,71.27161079365175,71.29481836829069,71.31772708605604,71.34033136398745,71.36262561912454,71.38460426850696,71.40626172917436,71.42759241816636,71.44859075252259,71.46925114928273,71.48956802548638,71.50953579817318,71.52914888438279,71.54840170115484,71.56728866552896,71.5858041945448,71.603942705242,71.6216986146602,71.63906633983902,71.65604029781811,71.67261490563712,71.68878458033566,71.70454373895339,71.71988679852996,71.73480817610498,71.74930228871811,71.76336355340898,71.77698638721722,71.79016520718248,71.80289443034441,71.81516851309595,71.82698522934061,71.8383481366646,71.84926137353176,71.85972907840592,71.86975538975092,71.87934444603059,71.88850038570875,71.89722734724927,71.90552946911596,71.91341088977266,71.92087574768321,71.92792818131144,71.93457232912118,71.94081232957626,71.94665232114053,71.95209644227783,71.95714883145197,71.9618136271268,71.96609496776615,71.96999699183387,71.97352383779376,71.9766796441097,71.9794685492455,71.98189469166498,71.983962209832,71.98567524221038,71.98703792726397,71.98805440345659,71.98872880925207,71.98906528311427,71.989067963507,71.98874098889411,71.98808849773941,71.98711462850677,71.98582351966002,71.98421930966296,71.98230613697946,71.98008814007333,71.97756945740844,71.97475422744857,71.9716465886576,71.96825067949936,71.96457063843768,71.96061060393637,71.9563747144593,71.95186710847028,71.94709192443317,71.94205330081178,71.93675537606994,71.93120228867151,71.92539817708033,71.9193471797602,71.91305343517497,71.90652108178848,71.89975425806458,71.89275710246706,71.8855337534598,71.87808834950661,71.87042502907133,71.8625479306178,71.85446117695888,71.84616863628986,71.83767396979505,71.82898083265718,71.82009288005895,71.8110137671831,71.80174714921233,71.79229668132938,71.78266601871694,71.77285881655776,71.76287873003456,71.75272941433003,71.74241452462691,71.73193771610794,71.7213026439558,71.71051296335322,71.69957232948295,71.68848439752766,71.67725282267011,71.66588126009302,71.65437336497908,71.64273279251104,71.6309631978716,71.61906823624348,71.6070515628094,71.5949168327521,71.5826677012543,71.57030782349868,71.55784085466799,71.54527044994495,71.53260026451227,71.51983395355268,71.50697517224889,71.49402757578362,71.4809948193396,71.46788055809954,71.45468844724617,71.44142214196219,71.42808529743034,71.41468156883334,71.4012146113539,71.38768808017474,71.37410563047858,71.36047091744814,71.34678759626615,71.33305932211532,71.31928975017837,71.30548253563802,71.29164133367699,71.27776979947801,71.26387158822378,71.24995035509703,71.23600975528048,71.22205344395685,71.20808507630886,71.19410830751923,71.1801267927707,71.16614418724595
70.59039299663615,70.61517410775231,70.63988437690628,70.66451920016902,70.68907397361146,70.71354409330449,70.73792495531906,70.7622119557261,70.7864004905965,70.81048595600122,70.83446374801116,70.85832926269727,70.88207789613043,70.9057050443816,70.92920610352171,70.95257646962165,70.97581153875237,70.99890670698478,71.02185737038982,71.04465892503839,71.06730676700144,71.08979629234987,71.11212289715462,71.13428197748662,71.15626892941677,71.178079149016,71.19970803235526,71.22115097550545,71.24240337453749,71.26346062552231,71.28431812453084,71.304971267634,71.32541545090271,71.34564607040791,71.3656585222205,71.38544820241141,71.40501050705159,71.42434083221193,71.44343457396336,71.46228712837681,71.48089389152321,71.49925025947348,71.51735162829854,71.53519339406932,71.55277095285673,71.57007970073171,71.58711503376517,71.60387234802806,71.62034703959128,71.63653450452574,71.6524301389024,71.66802933879217,71.68332750026595,71.6983200193947,71.71300229224933,71.72736971490075,71.7414176834199,71.75514159387771,71.76853684234509,71.78159882489295,71.79432293759226,71.80670457885832,71.81874124257574,71.83043637121546,71.84179445562907,71.85281998666825,71.86351745518463,71.87389135202984,71.88394616805554,71.89368639411337,71.90311652105497,71.91224103973197,71.921064440996,71.92959121569875,71.93782585469182,71.94577284882688,71.95343668895553,71.96082186592946,71.9679328706003,71.97477419381966,71.98135032643921,71.9876657593106,71.99372498328545,71.99953248921541,72.00509276795214,72.01041031034724,72.01548960725238,72.02033514951921,72.02495142799935,72.02934293354446,72.03351415700617,72.03746958923612,72.04121372108597,72.04475104340735,72.0480860470519,72.05122322287126,72.05416706171707,72.05692205444097,72.05949269189463,72.06188346492966,72.06409886439772,72.06614338115044,72.06802150603947,72.06973772991644,72.07129654363301,72.0727024380408,72.07395990399148,72.07507343233668,72.07604751392802,72.07688663961717,72.07759530025577,72.07817798669544,72.07863918978784,72.0789834003846,72.07921510933738,72.0793388074978,72.07935898571753,72.07928013484819,72.07910674574143,72.07884330924888,72.07849431622219,72.07806425751302,72.07755761742483,72.07697791854359,72.0763267168098,72.07560532777357,72.07481506698505,72.07395724999438,72.07303319235166,72.07204420960704,72.07099161731067,72.06987673101264,72.06870086626313,72.06746533861222,72.06617146361009,72.06482055680685,72.06341393375263,72.06195290999757,72.06043880109179,72.05887292258544,72.05725659002863,72.0555911189715,72.0538778249642,72.05211802355684,72.05031303029958,72.04846416074251,72.04657273043578,72.04464005492954,72.0426674497739,72.040656230519,72.03860771271498,72.03652321191196,72.03440404366006,72.03225152350944,72.03006696701021,72.02785168971253,72.0256070071665,72.02333423492226,72.02103468852997,72.01870968353971,72.01636053550166,72.01398855996594,72.01159507248265,72.00918138860196,72.00674882387399,72.00429869384888,72.00183231407674,71.99935100010772,71.99685606749195,71.99434883177955,71.99183060852067,71.98930271326543,71.98676646156396,71.98422316896641,71.98167415102289,71.97912072328353,71.97656420129849,71.97400590061787,71.97144713679182,71.96888922537048
71.11494075914977,71.13825103798226,71.16138586385198,71.18434160679281,71.20711463683863,71.22970132402327,71.25209803838064,71.27430114994459,71.296307028749,71.3181120448277,71.33971256821461,71.36110496894356,71.38228561704844,71.4032508825631,71.42399713552143,71.44452074595726,71.46481808390452,71.48488551939703,71.50471942246867,71.52431616315329,71.5436721114848,71.56278363749703,71.58164711122387,71.60025890269918,71.61861538195683,71.63671291903069,71.65454788395462,71.67211664676249,71.68941557748818,71.70644104616555,71.72318942282845,71.7396570775108,71.75584038024641,71.77173570106918,71.78733941001296,71.80264787711164,71.81765747239908,71.83236456590913,71.84676552767569,71.8608567277326,71.87463453611375,71.88809532285298,71.90123545798419,71.91405131154121,71.92653925355796,71.93869565406827,71.95051688310602,71.96199931070508,71.9731393068993,71.98393324172257,71.99437748520876,72.00446840739171,72.01420237830533,72.02357576798344,72.03258494645995,72.04122628376871,72.04949614994358,72.05739091501844,72.06490694902716,72.07204062200361,72.07878830398164,72.0851463676006,72.09111351429138,72.09669505642302,72.10189747147834,72.10672723694022,72.11119083029152,72.11529472901509,72.1190454105938,72.12244935251049,72.12551303224802,72.12824292728925,72.13064551511704,72.13272727321424,72.13449467906372,72.13595421014833,72.13711234395093,72.13797555795436,72.1385503296415,72.1388431364952,72.1388604559983,72.13860876563369,72.13809454288419,72.13732426523269,72.13630441016203,72.13504145515508,72.13354187769467,72.13181215526367,72.12985876534496,72.12768818542136,72.12530689297577,72.122721365491,72.11993808044994,72.11696351533544,72.11380414763035,72.11046645481754,72.10695691437985,72.10328200380015,72.09944820056128,72.09546198214612,72.09132982603751,72.08705820971832,72.0826536106714,72.07812250637961,72.0734713743258,72.06870669199284,72.06383493686357,72.05886258642087,72.05379611814757,72.04864200952655,72.04340673804066,72.03809678117274,72.03271861640567,72.0272787212223,72.0217835731055,72.0162396495381,72.01065342800297,72.00503138598296,71.99938000096095,71.99370575041978,71.9880151118423,71.98231456271138,71.97661056731984,71.97090765275765,71.96520638466973,71.95950684447892,71.95380911360805,71.94811327347995,71.94241940551746,71.93672759114338,71.93103791178058,71.92535044885186,71.91966528378006,71.91398249798802,71.90830217289854,71.9026243899345,71.89694923051869,71.89127677607395,71.88560710802312,71.87994030778903,71.87427645679449,71.86861563646235,71.86295792821544,71.85730341347659,71.85165217366861,71.84600429021437,71.84035984453665,71.83471891805831,71.8290815922022,71.8234479483911,71.81781806804788,71.81219203259538,71.80656992345638,71.80095182205375,71.7953378098103,71.7897279681489,71.78412237849231,71.77852112226343,71.77292428088505,71.76733193578,71.76174416837115,71.75616106008128,71.75058269233325,71.74500914654989,71.73944050415402,71.73387684656846,71.72831825521607,71.72276481151965,71.71721659690206,71.71167369278612,71.70613618059464,71.70060414175047,71.69507765767645,71.68955680979538,71.68404167953011,71.67853234830348,71.6730288975383,71.6675314086574,71.66203996308363,71.65655464223981
71.26724195577842,71.27624343169438,71.28521778147041,71.29416451657735,71.303083148486,71.31197318866717,71.32083414859167,71.32966553973029,71.33846687355387,71.3472376615332,71.35597741513908,71.36468564584237,71.37336186511382,71.38200558442426,71.39061631524453,71.3991935690454,71.40773685729766,71.4162456914722,71.42471958303977,71.4331580434712,71.44156058423727,71.44992671680882,71.45825595265663,71.46654780325156,71.47480178006438,71.4830173945659,71.49119415822696,71.49933158251835,71.50742917891085,71.51548645887533,71.52350293388255,71.53147811540333,71.5394115149085,71.54730264386885,71.5551510137552,71.56295613603834,71.57071752218911,71.5784346836783,71.58610713197672,71.59373437855518,71.60131593488452,71.60885131243552,71.61634002267897,71.62378157708571,71.63117548712654,71.63852126427227,71.6458184199937,71.65306646576167,71.66026491304697,71.66741327332042,71.67451105805279,71.68155777871493,71.68855294677763,71.69549607371172,71.702386670988,71.70922425007728,71.71600832245036,71.72273839957808,71.7294139929312,71.73603461398054,71.74259977419695,71.74910898522745,71.75556191624642,71.76195868361432,71.76829948250386,71.77458450808774,71.78081395553869,71.78698802002941,71.79310689673258,71.79917078082093,71.80517986746719,71.81113435184403,71.81703442912416,71.82288029448029,71.82867214308513,71.8344101701114,71.8400945707318,71.84572554011899,71.85130327344575,71.85682796588475,71.86229981260871,71.86771900879032,71.87308574960227,71.87840023021732,71.88366264580813,71.88887319154745,71.89403206260792,71.89913945416231,71.90419556138332,71.90920057944362,71.91415470351595,71.91905812877297,71.92391105038746,71.92871366353205,71.9334661633795,71.93816874510253,71.94282160387377,71.947424934866,71.9519789332519,71.95648379420416,71.96093971289554,71.96534688449867,71.96970550418632,71.97401576713116,71.97827786850593,71.98249200348329,71.98665836723598,71.9907771549367,71.99484856175818,71.99887278287306,72.00285001345412,72.00678044867405,72.01066428370552,72.01450171372127,72.01829293389397,72.02203813939639,72.02573752540118,72.02939128708107,72.03299961960877,72.03656271815697,72.0400807778984,72.04355399400575,72.04698256376716,72.05036699516486,72.05370843152866,72.05700809384933,72.06026720311758,72.06348698032414,72.06666864645976,72.06981342251521,72.07292252948119,72.07599718834842,72.07903862010772,72.08204804574976,72.08502668626528,72.08797576264504,72.0908964958798,72.09379010696026,72.09665781687715,72.09950084662125,72.10232041718328,72.10511774955395,72.10789406472406,72.1106505836843,72.11338852742543,72.11610911693819,72.11881357321329,72.1215031172415,72.12417897001356,72.12684235252019,72.12949448575213,72.13213659070013,72.1347698883549,72.13739559970722,72.14001494574782,72.14262914746743,72.14523942585677,72.1478470019066,72.15045309660766,72.15305893095069,72.15566572592641,72.1582747025256,72.16088708173893,72.16350408455722,72.16612693197115,72.16875684497145,72.17139504454892,72.17404275169426,72.17670118739818,72.17937157265149,72.18205512844489,72.1847530757691,72.18746663561487,72.19019702897296,72.1929454768341,72.195713200189,72.19850142002844,72.20131135734314,72.20414423312383,72.20700126836127
70.97162710150288,70.99136299673683,71.01100433796508,71.0305481124438,71.0499913074291,71.06933091017713,71.08856390794402,71.10768728798594,71.12669803755901,71.14559314391936,71.16436959432315,71.18302437602651,71.20155447628558,71.2199568823565,71.23822858149542,71.25636656095845,71.27436780800177,71.2922293098815,71.30994805385379,71.32752102717474,71.34494521710054,71.36221761088733,71.3793351957912,71.39629495906834,71.41309388797487,71.42972896976693,71.44619719170065,71.4624955410322,71.47862100501769,71.49457057091327,71.5103412259751,71.52592995745928,71.54133375262198,71.55654959871933,71.57157448300747,71.58640539274253,71.60103931518069,71.61547323757804,71.62970414719075,71.64372903127496,71.65754487708679,71.67114867188239,71.68453740291791,71.69770805744947,71.71065762273324,71.72338308602532,71.73588143458188,71.74814965565906,71.760184736513,71.77198366439981,71.78354342657566,71.79486101029669,71.80593340281901,71.8167575913988,71.82733056329218,71.83764930575528,71.84771080604426,71.85751205141526,71.8670500291244,71.87632172642783,71.88532413058171,71.89405423036645,71.90251037700509,71.91069478940184,71.91861036810235,71.92626001365218,71.93364662659697,71.94077310748233,71.94764235685385,71.95425727525716,71.96062076323787,71.96673572134158,71.9726050501139,71.97823165010045,71.98361842184683,71.98876826589864,71.99368408280152,71.99836877310106,72.00282523734286,72.00705637607255,72.01106508983574,72.01485427917802,72.01842684464502,72.02178568678234,72.02493370613558,72.02787380325037,72.03060887867231,72.03314183294701,72.0354755666201,72.03761298023714,72.03955697434378,72.04131044948564,72.04287630620829,72.04425744505735,72.04545676657845,72.0464771713172,72.0473215598192,72.04799283263004,72.04849389029536,72.04882763336077,72.04899696237186,72.04900477787425,72.04885398041354,72.04854747053535,72.0480881487853,72.04747891570898,72.04672267185201,72.04582231776,72.04478075397856,72.0436008810533,72.04228559952982,72.04083780995373,72.03926041287066,72.0375563088262,72.03572839836596,72.03377958203558,72.03171276038063,72.02953083394674,72.02723670327951,72.02483326892457,72.0223234314275,72.01971009133393,72.0169961465385,72.01418410559118,72.01127568085924,72.00827248738956,72.00517614022904,72.00198825442456,71.99871044502302,71.99534432707132,71.99189151561633,71.98835362570496,71.9847322723841,71.98102907070061,71.97724563570142,71.97338358243341,71.96944452594347,71.9654300812785,71.96134186348537,71.957181487611,71.95295056870225,71.94865072180603,71.94428356196923,71.93985070423874,71.93535376366144,71.93079435528425,71.92617409415404,71.9214945953177,71.91675747382212,71.9119643447142,71.90711682304084,71.90221652384892,71.89726506218533,71.89226405309697,71.88721511163071,71.88211985283347,71.87697989175213,71.87179684343357,71.86657232292468,71.86130794527239,71.85600532552354,71.85066607872506,71.84529181992382,71.83988416416672,71.83444472650065,71.8289751219725,71.82347696562917,71.81795187251753,71.81240145768449,71.80682733617694,71.80123112304176,71.79561443332587,71.78997888207611,71.78432608433943,71.77865765516268,71.77297520959276,71.76728036267657,71.761574729461,71.75585992499295,71.75013756431929
70.58828618417368,70.60605160114368,70.62382178217192,70.64159193721547,70.65935727623142,70.67711300917684,70.6948543460088,70.71257649668438,70.73027467116064,70.74794407939466,70.76557993134351,70.78317743696428,70.80073180621402,70.81823824904983,70.83569197542874,70.85308819530788,70.87042211864427,70.88768895539502,70.90488391551719,70.92200220896785,70.93903904570408,70.95598963568295,70.97284918886153,70.9896129151969,71.00627602464614,71.0228337271663,71.03928123271447,71.05561375124772,71.07182649272312,71.08791466709775,71.10387348432869,71.11969815437298,71.13538388718773,71.15092589273,71.16631938095688,71.1815595618254,71.19664164529267,71.21156084131576,71.22631235985172,71.24089141085764,71.25529320429061,71.26951295010768,71.28354585826592,71.29738713872243,71.31103200143424,71.32447565635847,71.33771331345217,71.35074018267241,71.36355147397627,71.37614239732083,71.38850816266314,71.40064397996031,71.41254505916937,71.42420661024744,71.43562384315156,71.4467919678388,71.45770619426625,71.46836173239099,71.47875379217007,71.48887758356058,71.49872831651959,71.5083012248416,71.51759355183232,71.5266060441398,71.53533980026627,71.54379591871401,71.55197549798528,71.55987963658235,71.56750943300744,71.57486598576287,71.58195039335085,71.58876375427366,71.59530716703355,71.60158173013279,71.60758854207364,71.61332870135836,71.6188033064892,71.62401345596844,71.62896024829831,71.6336447819811,71.63806815551905,71.64223146741443,71.6461358161695,71.64978230028652,71.65317201826774,71.65630606861542,71.65918554983185,71.66181156041925,71.66418519887989,71.66630756371606,71.66817975342998,71.66980286652394,71.67117800150017,71.67230625686095,71.67318873110855,71.6738265227452,71.67422073027319,71.67437245219476,71.67428278701219,71.67395283322772,71.67338368934361,71.67257645386212,71.67153222528553,71.6702521021161,71.66873718285605,71.66698856600767,71.66500735007322,71.66279463355497,71.66035151495517,71.65767909277606,71.65477846551993,71.651650731689,71.64829698978558,71.6447183383119,71.64091587577023,71.63689070066283,71.63264391149195,71.62817660675987,71.62348988496882,71.61858484462107,71.61346258421891,71.60812420226456,71.60257087799076,71.59680510399245,71.5908304406637,71.58465047935579,71.57826881142,71.57168902820766,71.56491472107004,71.55794948135842,71.55079690042412,71.5434605696184,71.53594408029258,71.52825102379795,71.52038499148578,71.51234957470739,71.50414836481406,71.49578495315707,71.48726293108773,71.47858588995733,71.46975742111715,71.46078111591851,71.45166056571267,71.44239936185093,71.4330010956846,71.42346935856496,71.4138077418433,71.40401983687092,71.3941092349991,71.38407952757916,71.37393430596236,71.36367716150001,71.35331168554339,71.34284146944381,71.33227010455255,71.3216011822209,71.31083829380017,71.29998503064162,71.28904498409659,71.27802174551633,71.26691890625214,71.25574005765533,71.24448879107717,71.23316869786899,71.22178336938204,71.21033639696763,71.19883137197705,71.18727188576159,71.17566152967255,71.16400389506123,71.1523025732789,71.14056115567688,71.12878323360643,71.11697239841885,71.10513224146545,71.09326635409752,71.08137832766636,71.06947175352322,71.05755022301943,71.04561732750628
70.9672772564098,70.98155351283063,70.99574071380626,71.00983781667145,71.02384377876092,71.0377575574094,71.05157810995165,71.06530439372237,71.07893536605631,71.0924699842882,71.10590720575279,71.11924598778478,71.13248528771892,71.14562406288995,71.1586612706326,71.1715958682816,71.18442681317168,71.19715306263758,71.20977357401404,71.22228730463576,71.23469321183751,71.24699025295402,71.25917738532,71.2712535662702,71.28321775313935,71.29506890326218,71.30680597397344,71.31842792260784,71.32993370650013,71.34132228298502,71.35259260939728,71.3637436430716,71.37477434134276,71.38568366154546,71.39647056101444,71.40713399708443,71.41767292709018,71.4280863083664,71.43837309824785,71.44853225406925,71.45856273316532,71.46846349287081,71.47823349052045,71.48787168344897,71.49737702899112,71.5067484844816,71.51598500725517,71.52508555464655,71.5340490839905,71.5428745526217,71.55156091787494,71.56010713708491,71.56851216758638,71.57677496671404,71.58489449180267,71.59286970018697,71.60069954920169,71.60838299618156,71.61591899846131,71.62330651337567,71.63054449825938,71.6376319096563,71.64456763743968,71.6513504552505,71.65797912505606,71.66445240882369,71.67076906852074,71.6769278661145,71.68292756357232,71.6887669228615,71.69444470594938,71.69995967480327,71.7053105913905,71.7104962176784,71.71551531563428,71.72036664722546,71.72504897441928,71.72956105918307,71.73390166348412,71.73806954928978,71.74206347856736,71.74588221328419,71.74952451540759,71.75298914690487,71.75627486974338,71.75938044589043,71.76230463731333,71.76504620597944,71.76760391385605,71.76997652291048,71.77216279511008,71.77416149242215,71.77597137681403,71.77759121025302,71.77901975470647,71.78025577214169,71.781298024526,71.78214527382673,71.78279628201119,71.78324981104672,71.78350462290064,71.78355947954027,71.78341314293293,71.78306437504594,71.78251193784664,71.78175459330232,71.78079110338035,71.77962023004802,71.77824073527266,71.7766513810216,71.77485092926214,71.77283814196163,71.7706117810874,71.76817060860674,71.76551338648699,71.76263887669546,71.75954584119951,71.75623304196642,71.75269924096355,71.7489432001582,71.74496368151769,71.74075944700935,71.73632940948364,71.73167493643122,71.72679939103166,71.72170619432289,71.71639876734281,71.71088053112929,71.70515490672025,71.69922531515358,71.69309517746717,71.68676791469895,71.68024694788679,71.67353569806859,71.66663758628225,71.65955603356568,71.65229446095675,71.6448562894934,71.6372449402135,71.62946383415495,71.62151639235564,71.6134060358535,71.6051361856864,71.59671026289226,71.58813168850894,71.57940388357439,71.57053026912645,71.56151426620306,71.55235929584212,71.54306877908151,71.53364613695912,71.52409479051288,71.51441816078065,71.50461966880036,71.49470273560989,71.48467078224715,71.47452722975002,71.46427549915643,71.45391901150424,71.44346118783137,71.43290544917572,71.42225521657518,71.41151391106766,71.40068495369104,71.38977176548323,71.37877776748212,71.36770638072561,71.35656102625161,71.345345125098,71.33406209830271,71.3227153669036,71.31130835193858,71.29984447444555,71.28832715546243,71.27675981602708,71.26514587717742,71.25348875995135,71.24179188538676,71.23005867452154,71.21829254839362
70.8470961392209,70.86459628678179,70.88209111267571,70.89957655956465,70.91704857011061,70.93450308697555,70.95193605282148,70.96934341031039,70.98672110210427,71.0040650708651,71.02137125925489,71.03863560993562,71.05585406556929,71.07302256881786,71.09013706234336,71.10719348880775,71.12418779087304,71.14111591120121,71.15797379245424,71.17475737729416,71.19146260838292,71.2080854283825,71.22462177995493,71.2410676057622,71.25741884846627,71.27367145072915,71.28982135521284,71.30586450457929,71.32179684149051,71.33761430860852,71.35331284859527,71.36888840411277,71.38433691782302,71.399654332388,71.41483659046966,71.42987963473007,71.44477940783116,71.45953185243496,71.47413291120341,71.48857852679853,71.50286464188233,71.51698719911678,71.53094214116385,71.54472541068557,71.5583329503439,71.57176070280084,71.58500461071839,71.59806061675852,71.61092466358326,71.62359269385453,71.63606065023438,71.64832447538481,71.66038011196775,71.67222350264524,71.68385059007926,71.69525731693179,71.70643962586482,71.71739345954035,71.72811476062034,71.73859947176683,71.74884353564181,71.75884400989167,71.76860261149446,71.77812227431815,71.78740593223424,71.79645651911429,71.80527696882987,71.8138702152525,71.82223919225373,71.83038683370512,71.83831607347824,71.84602984544458,71.8535310834757,71.86082272144316,71.86790769321854,71.87478893267331,71.8814693736791,71.88795195010738,71.89423959582973,71.90033524471772,71.90624183064287,71.91196228747674,71.91749954909085,71.92285654935677,71.92803622214603,71.9330415013302,71.93787532078082,71.94254061436942,71.94704031596754,71.95137735944678,71.95555467867862,71.95957520753467,71.9634418798864,71.96715762960542,71.97072539056327,71.97414809663147,71.97742868168157,71.98057007958514,71.9835752242137,71.98644704943882,71.989188489132,71.99180247716487,71.9942919474089,71.99665983373566,71.99890907001674,72.0010425901236,72.00306332792786,72.00497421730103,72.00677819211467,72.00847818624032,72.01007713354954,72.01157796791387,72.01298362320483,72.01429703329401,72.01552113205292,72.01665885335314,72.01771313106619,72.01868689906362,72.01958309121699,72.02040464139782,72.02115448347769,72.02183526363174,72.02244837201064,72.022994856087,72.02347576332559,72.02389214119123,72.02424503714872,72.02453549866286,72.02476457319844,72.02493330822026,72.02504275119313,72.02509394958182,72.02508795085114,72.02502580246593,72.02490855189095,72.02473724659097,72.02451293403084,72.02423666167536,72.02390947698927,72.02353242743743,72.02310656048462,72.02263292359564,72.02211256423527,72.02154652986832,72.0209358679596,72.0202816259739,72.01958485137601,72.01884659163073,72.01806789420289,72.01724980655726,72.01639337615862,72.01549965047181,72.0145696769616,72.01360450309281,72.0126051763302,72.01157274413862,72.01050825398283,72.00941275332767,72.00828728963788,72.00713291037829,72.00595066301372,72.00474159500894,72.00350675382873,72.00224718693795,72.00096394180136,71.99965806588372,71.99833060664992,71.99698261156468,71.99561512809282,71.99422920369918,71.9928258858485,71.99140622200562,71.9899712596353,71.98852204620238,71.98705962917163,71.98558505600784,71.98409937417586,71.98260363114042,71.98109887436638,71.9795861513185
70.63386771337426,70.65170900373536,70.66953012037925,70.68732665588342,70.70509420282534,70.72282835378252,70.74052470133245,70.75817883805263,70.77578635652048,70.79334284931355,70.81084390900932,70.82828512818526,70.84566209941886,70.86297041528763,70.88020566836903,70.89736345124055,70.9144393564797,70.93142897666397,70.94832790437079,70.9651317321777,70.9818360526622,70.99843645840173,71.0149285419738,71.0313078959559,71.04757011292551,71.06371078546013,71.07972550613724,71.09560986753434,71.11135946222888,71.12696988279839,71.14243672182033,71.1577555718722,71.17292202553148,71.18793167537567,71.20278011398224,71.21746293392872,71.23197572779253,71.2463140881512,71.26047360758221,71.27444987866303,71.28823849397119,71.30183504608416,71.3152351275794,71.32843433103443,71.3414282490267,71.35421247413373,71.36678259893301,71.37913421600203,71.39126291791825,71.40316429725917,71.41483394660227,71.42626745852505,71.437460425605,71.4484084404196,71.45910709554636,71.4695519835627,71.4797386970462,71.48966282857427,71.49931997072443,71.50870571607419,71.517815657201,71.52664541765884,71.53519323234062,71.54346188869613,71.55145463140602,71.55917470515095,71.56662535461169,71.57380982446887,71.58073135940319,71.58739320409535,71.59379860322599,71.59995080147584,71.60585304352557,71.61150857405588,71.6169206377474,71.6220924792809,71.627027343337,71.63172847459643,71.63619911773984,71.64044251744792,71.64446191840139,71.6482605652809,71.65184170276717,71.65520857554083,71.65836442828262,71.66131250567321,71.66405605239328,71.6665983131235,71.6689425325446,71.6710919553372,71.67304982618205,71.67481938975982,71.67640389075117,71.67780657383682,71.67903068369742,71.68007946501368,71.68095616246626,71.6816640207359,71.68220628450322,71.68258619844894,71.68280700725376,71.68287195559833,71.68278428816336,71.68254724962955,71.68216408467754,71.68163803798805,71.68097235424176,71.68017027811933,71.6792350543015,71.6781699274689,71.67697814230226,71.67566294348222,71.67422757568951,71.6726752836048,71.67100931190876,71.66923290528209,71.66734930840548,71.6653617659596,71.66327352262516,71.66108782308282,71.65880791201329,71.65643703409722,71.65397838210075,71.65143430421801,71.64880646198336,71.6460964970237,71.643306050966,71.64043676543719,71.63749028206419,71.63446824247396,71.63137228829342,71.62820406114952,71.62496520266919,71.62165735447937,71.618282158207,71.614841255479,71.61133628792231,71.60776889716391,71.60414072483067,71.60045341254957,71.59670860194754,71.59290793465152,71.58905305228842,71.5851455964852,71.58118720886881,71.57717953106618,71.57312420470421,71.56902287140989,71.56487717281013,71.56068875053185,71.55645924620202,71.55219030144758,71.54788355789543,71.54354065717254,71.53916324090582,71.53475295072224,71.5303114282487,71.52584031511216,71.52134125293955,71.51681588335782,71.51226584799389,71.50769278847469,71.50309834642718,71.49848416347831,71.49385188125495,71.48920314138411,71.48453958549271,71.47986285520764,71.47517459215592,71.47047643796441,71.46577003426006,71.46105702266985,71.45633904482068,71.4516177423395,71.44689475685325,71.44217172998884,71.43745030337325,71.4327321186334,71.42801881739621,71.42331204128863
71.07687725336463,71.09472611137295,71.11252304267346,71.13026415193431,71.14794554382364,71.16556332300956,71.18311359416022,71.20059246194373,71.21799603102825,71.23532040608188,71.25256169177278,71.26971599276906,71.28677941373888,71.30374805935035,71.3206180342716,71.33738544317077,71.35404639071601,71.37059698157542,71.38703332041715,71.40335151190932,71.41954766072007,71.43561787151754,71.45155824896985,71.46736489774513,71.48303392251151,71.49856142793715,71.51394351869014,71.52917629943866,71.54425587485079,71.5591783495947,71.57393982833851,71.58853641575035,71.60296421649835,71.61721933525065,71.63129787667538,71.64519594544066,71.65890964621464,71.67243508366543,71.68576836246119,71.69890558727003,71.7118428627601,71.72457629359951,71.7371019844564,71.74941603999892,71.76151456489518,71.77339366381332,71.78504944142148,71.79647800238777,71.80767545138033,71.81863789306732,71.82936143211683,71.83984217319703,71.850076220976,71.86005968012194,71.86978865530294,71.87925925118714,71.88846757244266,71.89740972373765,71.90608180974023,71.91447993511855,71.92260020454071,71.93043875078214,71.9379940760794,71.94526881354112,71.95226601115534,71.95898871691017,71.96543997879365,71.97162284479386,71.97754036289888,71.98319558109678,71.98859154737562,71.9937313097235,71.99861791612845,72.00325441457858,72.00764385306195,72.01178927956661,72.01569374208067,72.01936028859218,72.02279196708922,72.02599182555984,72.02896291199215,72.03170827437418,72.03423096069405,72.03653401893978,72.03862049709947,72.0404934431612,72.04215590511302,72.04361093094302,72.04486156863925,72.0459108661898,72.04676187158275,72.04741763280616,72.04788119784808,72.04815561469663,72.04824393133984,72.0481491957658,72.04787445596259,72.04742275991826,72.0467971556209,72.04600069105857,72.04503641421934,72.0439073730913,72.04261661566251,72.04116718992104,72.03956214385497,72.03780452545237,72.0358973827013,72.03384376358984,72.03164671610607,72.02930928823805,72.02683452797385,72.02422548330156,72.02148520220923,72.01861673268495,72.01562312271678,72.0125074202928,72.00927267340107,72.00592193002967,72.00245823816668,71.99888464580016,71.9952042009182,71.99141995150883,71.98753489769221,71.98355126084937,71.97947062922535,71.97529457270957,71.97102466119144,71.96666246456034,71.96220955270572,71.95766749551696,71.95303786288349,71.9483222246947,71.94352215084001,71.93863921120882,71.93367497569055,71.9286310141746,71.92350889655037,71.9183101927073,71.91303647253476,71.90768930592218,71.90227026275896,71.89678091293452,71.89122282633825,71.88559757285958,71.87990672238791,71.87415184481264,71.8683345100232,71.86245628790897,71.85651874835939,71.85052346126383,71.84447199651174,71.8383659239925,71.83220681359552,71.82599623521023,71.81973575872601,71.8134269540323,71.80707139101848,71.80067063957397,71.79422626958818,71.78773985095052,71.7812129535504,71.77464714727721,71.76804400202037,71.76140508766932,71.75473197411341,71.7480262312421,71.74128942894477,71.73452313711083,71.7277289256297,71.72090836439078,71.71406302328349,71.70719447219722,71.70030428102139,71.69339401964541,71.68646525795869,71.67951956585063,71.67255851321063,71.66558366992813,71.65859660589251,71.6515988909932
70.5006285012154,70.51915480025312,70.53759803534786,70.55595519624487,70.57422327268935,70.59239925442657,70.61048013120175,70.62846289276011,70.6463445288469,70.6641220292073,70.68179238358661,70.69935258173001,70.71679961338273,70.73413046829006,70.75134213619717,70.7684316068493,70.7853958699917,70.80223191536959,70.81893673272822,70.83550731181278,70.85194064236853,70.8682337141407,70.88438351687451,70.9003870403152,70.91624127420799,70.93194320829812,70.94748983233082,70.96287813605132,70.97810510920485,70.99316774153664,71.0080630227919,71.02278794271592,71.03733949105387,71.051714657551,71.06591043195255,71.07992380400374,71.0937517634498,71.10739130003599,71.12083940350749,71.13409306360958,71.14714927008745,71.16000501268636,71.17265728115152,71.18510306522818,71.19733935466155,71.20936313919688,71.2211714085794,71.23276115255432,71.24412936086688,71.25527302326233,71.26618912948587,71.27687466928276,71.2873266323982,71.29754200857745,71.30751778756573,71.31725095910826,71.32673851295029,71.33597743883703,71.34496472651372,71.3536973657256,71.36217234621789,71.37038676638073,71.37834070926164,71.38603754035938,71.3934807935454,71.40067400269112,71.40762070166795,71.41432442434737,71.42078870460075,71.42701707629958,71.43301307331524,71.43878022951921,71.44432207878287,71.44964215497768,71.45474399197505,71.45963112364643,71.46430708386326,71.46877540649695,71.47303962541892,71.47710327450062,71.4809698876135,71.48464299862894,71.48812614141839,71.49142284985331,71.49453665780509,71.49747109914517,71.500229707745,71.502816017476,71.5052335622096,71.50748587581722,71.5095764921703,71.51150894514026,71.51328676859856,71.5149134964166,71.51639266246582,71.51772780061765,71.51892244474351,71.51998012871485,71.52090438640309,71.52169875167966,71.52236675841601,71.52291194048354,71.52333783175368,71.52364796609788,71.52384587738757,71.52393509949417,71.52391916628912,71.52380161164382,71.52358596942975,71.52327577351831,71.52287455778094,71.52238585608904,71.52181320231409,71.52116013032749,71.52043017400067,71.51962686720508,71.51875374381213,71.51781433769325,71.51681218271989,71.51575081276346,71.51463376169539,71.51346456338715,71.51224639774328,71.51098068157194,71.50966828380854,71.50831007321649,71.50690691855922,71.50545968860018,71.50396925210276,71.5024364778304,71.50086223454653,71.49924739101456,71.49759281599793,71.49589937826008,71.4941679465644,71.49239938967432,71.49059457635329,71.48875437536472,71.48687965547204,71.48497128543866,71.48303013402801,71.48105707000354,71.47905296212866,71.47701867916678,71.47495508988135,71.47286306303576,71.47074346739348,71.4685971717179,71.46642504477246,71.46422795532058,71.4620067721257,71.45976236395123,71.45749559956059,71.45520734771722,71.45289847718453,71.45056985672598,71.44822235510495,71.44585684108489,71.44347418342922,71.44107525090135,71.43866091226474,71.43623203628279,71.43378949171893,71.43133414733657,71.42886687189917,71.42638853417013,71.42390000291289,71.42140214689084,71.41889583486746,71.41638193560613,71.4138613178703,71.41133485042339,71.40880340202881,71.40626784145,71.40372903745039,71.40118785879339,71.39864517424243,71.39610185256095,71.39355876251236,71.3910167728601
70.91835204896346,70.93299266461331,70.94758161209768,70.96211567926863,70.97659165397818,70.99100632407836,71.00535647742119,71.01963890185873,71.03385038524297,71.04798771542596,71.06204768025975,71.07602706759634,71.08992266528776,71.10373126118607,71.11744964314327,71.13107459901141,71.14460291664251,71.1580313838886,71.17135678860171,71.18457591863388,71.19768556183713,71.2106825060635,71.223563539165,71.2363254489937,71.24896502340158,71.2614790502407,71.27386431736308,71.28611761262077,71.29823572386577,71.31021543895014,71.32205354572588,71.33374683204505,71.34529208575965,71.35668609472174,71.36792564678333,71.37900752979647,71.38992853161317,71.40068544008547,71.41127504306539,71.42169412840497,71.43193948395624,71.44200789757123,71.45189615710196,71.46160105040047,71.4711193653188,71.48044788970897,71.489583411423,71.49852271831294,71.50726259823081,71.51579983902863,71.52413122855845,71.5322535546723,71.54016360522218,71.54785816806015,71.55533403103823,71.56258798200845,71.56961680882286,71.57641729933346,71.58298624139229,71.58932042285139,71.59541663156277,71.60127165653869,71.606883323793,71.6122524031641,71.61738018331094,71.62226795289244,71.62691700056757,71.63132861499528,71.63550408483452,71.63944469874421,71.64315174538334,71.64662651341082,71.64987029148563,71.65288436826668,71.65567003241296,71.65822857258338,71.66056127743693,71.66266943563251,71.66455433582911,71.66621726668565,71.6676595168611,71.66888237501438,71.66988712980447,71.6706750698903,71.6712474839308,71.67160566058496,71.6717508885117,71.67168445636997,71.67140765281873,71.67092176651691,71.67022808612347,71.66932790029736,71.66822249769753,71.66691316698292,71.66540119681248,71.66368787584516,71.6617744927399,71.65966233615565,71.65735269475138,71.654846857186,71.65214611211849,71.64925174820779,71.64616505411284,71.6428873184926,71.63941983000599,71.635763877312,71.63192074906954,71.62789173393759,71.62367812057506,71.61928119764094,71.61470225379415,71.60994257769366,71.6050034579984,71.5998861833673,71.59459204245935,71.58912232393348,71.58347831644863,71.57766130866376,71.5716725892378,71.56551344682973,71.55918517009847,71.55268904770297,71.54602637155483,71.53919891127657,71.5322094133763,71.52506074377048,71.51775576837562,71.51029735310814,71.50268836388456,71.49493166662133,71.4870301272349,71.47898661164176,71.47080398575838,71.46248511550124,71.45403286678679,71.4454501055315,71.43673969765186,71.42790450906433,71.41894740568539,71.40987125343148,71.4006789182191,71.39137326596472,71.3819571625848,71.3724334739958,71.3628050661142,71.35307480485649,71.34324555613912,71.33332018587856,71.32330155999128,71.31319254439376,71.30299600500246,71.29271480773386,71.28235181850442,71.27190990323062,71.26139192782892,71.25080075821582,71.24013926030774,71.22941030002119,71.21861674327263,71.20776145597853,71.19684730405534,71.18587715341957,71.17485386998766,71.16378031967608,71.15265936840133,71.14149388207984,71.13028672662811,71.1190407679626,71.10775887199979,71.09644390465614,71.08509873184812,71.0737262194922,71.06232923350485,71.05091063980255,71.03947330430175,71.02802009291895,71.0165538715706,71.00507750617317,70.99359386264314,70.98210580689698
71.06017728950849,71.07716994062244,71.0941162951204,71.11101280890418,71.12785593787554,71.14464213793624,71.1613678649881,71.17802957493288,71.19462372367236,71.21114676710832,71.22759516114256,71.24396536167684,71.26025382461295,71.27645700585266,71.29257136129777,71.30859334685005,71.32451941841127,71.34034603188324,71.35606964316771,71.37168670816648,71.38719368278133,71.40258702291403,71.41786318446637,71.43301862334013,71.4480497954371,71.46295315665904,71.47772516290775,71.49236227008498,71.50686093409256,71.52121761083222,71.53542875620579,71.54949082611502,71.56340027646169,71.57715356314759,71.5907471420745,71.6041774691442,71.61744100025848,71.6305341913191,71.64345349822787,71.65619537688653,71.66875628319691,71.68113267306076,71.69332100237985,71.705317727056,71.71711930299095,71.72872218608651,71.74012283224447,71.75131769736656,71.76230323735462,71.77307590811039,71.78363216553566,71.79396846553223,71.80408126400185,71.81396701684633,71.82362217996744,71.83304320926696,71.84222656064667,71.85116869000835,71.85986605325378,71.86831510628475,71.87651230500303,71.88445412860379,71.89213901992885,71.89956884520315,71.90674581447514,71.91367213779337,71.92035002520632,71.9267816867625,71.9329693325104,71.93891517249853,71.9446214167754,71.9500902753895,71.95532395838934,71.96032467582341,71.96509463774024,71.9696360541883,71.9739511352161,71.97804209087217,71.98191113120497,71.98556046626302,71.98899230609484,71.99220886074892,71.99521234027374,71.99800495471784,72.0005889141297,72.00296642855781,72.0051397080507,72.00711096265687,72.0088824024248,72.01045623740302,72.01183467764,72.01301993318427,72.01401421408431,72.01481973038865,72.01543869214576,72.01587330940418,72.01612579221238,72.01619835061886,72.01609319467215,72.01581253442075,72.01535857991313,72.01473354119781,72.0139396283233,72.01297905133809,72.0118540202907,72.01056674522962,72.00911943620335,72.0075143032604,72.00575355644926,72.00383940581844,72.00177406141646,71.99955973329178,71.99719863149294,71.99469296606843,71.99204494706674,71.9892567845364,71.98633068852587,71.9832688690837,71.98007353625836,71.97674690009836,71.97329117065222,71.96970855796842,71.96600128135435,71.96217171074564,71.95822233854263,71.95415566069619,71.94997417315717,71.9456803718764,71.94127675280475,71.93676581189304,71.93215004509213,71.92743194835285,71.92261401762606,71.9176987488626,71.91268863801332,71.90758618102906,71.90239387386067,71.89711421245899,71.89174969277487,71.88630281075913,71.88077606236267,71.87517194353629,71.86949295023085,71.86374157839718,71.85792032398615,71.8520316829486,71.84607815123536,71.8400622247973,71.83398639958524,71.82785317155003,71.82166503664253,71.81542449081358,71.80913403001402,71.8027961501947,71.79641334730644,71.78998811730013,71.78352295612659,71.77702035973665,71.7704828240812,71.76391284511105,71.75731291877705,71.75068554103005,71.74403320782089,71.73735841510043,71.73066365881951,71.72395143492896,71.71722423937965,71.7104845681224,71.70373491710806,71.69697778228749,71.69021565961152,71.68345104503102,71.67668643449682,71.66992432395973,71.66316720937066,71.65641758668042,71.64967795183985,71.64295080079981,71.63623862951114,71.62954393392468
71.12092910889372,71.13740634403868,71.15378889307259,71.17007446896332,71.18626078467875,71.20234555318676,71.21832648745523,71.23420130045206,71.2499677051451,71.26562341450223,71.28116614149135,71.29659359908034,71.31190350023705,71.32709355792939,71.34216148512523,71.35710499479245,71.37192179989893,71.38660961341255,71.40116614830119,71.41558911753272,71.42987623407502,71.444025210896,71.4580337609635,71.47189959724543,71.48562043270965,71.49919398032404,71.51261795305649,71.52589006387488,71.53900802574708,71.55196955164098,71.56477235452445,71.57741414736537,71.58989264313162,71.6022055547911,71.61435059531166,71.6263254776612,71.6381279148076,71.64975561971872,71.66120630536246,71.67247768470668,71.68356747071927,71.69447337636812,71.7051931146211,71.71572439844608,71.72606494081097,71.73621245468361,71.74616465303191,71.75591924882374,71.76547395502698,71.77482648460949,71.78397455053918,71.79291586578393,71.8016481433116,71.81016909609006,71.81847643708723,71.82656787927095,71.83444113560913,71.84209391906963,71.84952394262032,71.85672891922911,71.86370656186386,71.87045459951312,71.87697211171685,71.88326053253998,71.88932153252141,71.89515678220006,71.90076795211488,71.90615671280476,71.91132473480866,71.91627368866548,71.92100524491418,71.92552107409365,71.92982284674282,71.93391223340063,71.93779090460602,71.94146053089787,71.94492278281514,71.94817933089675,71.95123184568162,71.95408199770867,71.95673145751684,71.95918189564505,71.96143498263223,71.96349238901729,71.96535578533917,71.96702684213679,71.96850722994908,71.96979861931496,71.97090268077336,71.97182108486321,71.97255550212343,71.97310760309293,71.97347905831066,71.97367153831554,71.97368671364649,71.97352625484243,71.9731918324423,71.97268511698502,71.97200777900952,71.97116148905471,71.97014791765952,71.96896873536289,71.96762561270374,71.96612022022099,71.96445422845356,71.96262930794039,71.9606471292204,71.95850936283252,71.95621767931567,71.95377374920876,71.95117924305076,71.94843583138054,71.94554518473707,71.94250897365924,71.93932886868602,71.93600654035629,71.932543659209,71.92894189578307,71.92520292061744,71.92132840425101,71.91732001722272,71.9131794300715,71.90890832178762,71.90450850885235,71.89998191953079,71.89533048532884,71.89055613775241,71.88566080830742,71.88064642849979,71.87551492983538,71.87026824382014,71.86490830195994,71.85943703576073,71.8538563767284,71.84816825636885,71.84237460618799,71.83647735769173,71.83047844238598,71.82437979177665,71.81818333736965,71.81189101067086,71.80550474318622,71.79902646642162,71.79245811188298,71.7858016110762,71.77905889550718,71.77223189668183,71.76532254610608,71.75833277528581,71.75126451572694,71.74411969893538,71.73690025641704,71.7296081196778,71.72224522022361,71.71481348956036,71.70731485919393,71.69975126063026,71.69212462537526,71.68443688493481,71.67668997081485,71.66888581452126,71.66102634755997,71.65311350143686,71.64514920765787,71.63713539772888,71.62907400315582,71.62096695544459,71.61281618610109,71.60462362663122,71.59639120854091,71.58812086333604,71.57981452252255,71.57147411760634,71.5631015800933,71.55469884148934,71.54626783330039,71.53781048703233,71.5293287341911,71.52082450628257,71.51229973481266
70.81713289398964,70.83607235273755,70.85497832682853,70.8738461950444,70.89267133616691,70.91144912897788,70.93017495225908,70.94884418479229,70.96745220535931,70.98599439274192,71.0044661257219,71.02286278308107,71.04117974360116,71.05941238606401,71.07755608925137,71.09560623194506,71.11355819292685,71.1314073509785,71.14914908488184,71.16677877341864,71.18429179537068,71.20168352951977,71.21894935464766,71.23608464953617,71.25308479296706,71.26994516372214,71.28666114058318,71.30322810233199,71.31964142775033,71.33589649561999,71.35198868472277,71.36791337384045,71.38366594175481,71.39924176724766,71.41463622910076,71.4298447060959,71.4448625770149,71.45968522063951,71.47430801575153,71.48872634113273,71.50293557556493,71.5169310978299,71.53070828670941,71.54426252098527,71.55758917943926,71.57068364085318,71.58354128400877,71.59615748768788,71.60852763067226,71.62064709174369,71.63251124968397,71.6441154832749,71.65545517129824,71.6665256925358,71.67732242576936,71.68784074978069,71.6980760433516,71.70802368526388,71.71767905429928,71.72703752923962,71.73609448886668,71.74484534870547,71.7532886217579,71.76142822110641,71.76926860218434,71.77681422042505,71.78406953126193,71.7910389901283,71.79772705245756,71.80413817368304,71.81027680923813,71.81614741455618,71.82175444507054,71.8271023562146,71.8321956034217,71.8370386421252,71.84163592775847,71.84599191575488,71.85011106154778,71.85399782057054,71.85765664825651,71.86109200003906,71.86430833135157,71.86731009762737,71.87010175429984,71.87268775680234,71.87507256056823,71.87726062103087,71.87925639362362,71.88106433377986,71.88268889693293,71.88413453851621,71.88540571396305,71.88650687870681,71.88744248818087,71.88821699781856,71.88883486305328,71.88930053931836,71.88961848204718,71.8897931466731,71.88982898862949,71.8897304633497,71.88950202626707,71.88914813281501,71.88867323842685,71.88808179853595,71.8873782685757,71.88656710397944,71.88565276018053,71.88463969261235,71.88353235670824,71.88233520790158,71.88105270162572,71.87968929331403,71.87824943839986,71.8767375923166,71.87515821049757,71.87351574837618,71.87181466138576,71.87005940495966,71.86825443453128,71.86640420553397,71.86451305929208,71.8625834807494,71.86061644556197,71.85861288562917,71.85657373285032,71.85449991912478,71.85239237635187,71.85025203643093,71.84807983126133,71.8458766927424,71.84364355277346,71.84138134325389,71.83909099608302,71.83677344316017,71.83442961638471,71.83206044765598,71.8296668688733,71.82724981193604,71.82481020874353,71.82234899119511,71.81986709119013,71.81736544062792,71.81484497140785,71.81230661542924,71.80975130459143,71.80717997079377,71.8045935459356,71.80199296191627,71.79937915063512,71.79675304399149,71.79411557388472,71.79146767221415,71.78881027087914,71.78614430177902,71.78347069681313,71.78079038788081,71.77810430688142,71.77541338571429,71.77271855627876,71.77002075047419,71.76732090019989,71.76461993735523,71.76191879383954,71.75921840155218,71.75651969239247,71.75382359825977,71.75113105105342,71.74844298267274,71.7457603250171,71.74308400998585,71.7404149694783,71.7377541353938,71.73510243963172,71.73246081409137,71.72983019067212,71.72721150127329,71.72460567779423,71.7220136521343
70.82569563837409,70.84628253382398,70.86673998832825,70.88706499967884,70.90725456566764,70.92730568408658,70.94721535272755,70.96698056938247,70.98659833184325,71.0060656379018,71.02537948535004,71.04453687197987,71.0635347955832,71.08237025395194,71.10104024487799,71.11954176615328,71.13787181556972,71.15602739091922,71.17400548999368,71.191803110585,71.20941725048512,71.22684490748593,71.24408307937934,71.26112876395726,71.27797895901162,71.29463066233431,71.31108087171725,71.32732658495236,71.34336479983153,71.35919251414667,71.37480672568971,71.39020443225255,71.40538263162708,71.42033832160524,71.43506849997894,71.44957016454008,71.46384031308055,71.4778759433923,71.49167405326723,71.50523164049723,71.51854570287422,71.53161323819012,71.54443124423683,71.55699671880627,71.56930665969034,71.58135806468096,71.59314793157003,71.60467325814946,71.61593104221117,71.62691828154708,71.63763197394907,71.64806911720908,71.65822670911899,71.66810174747074,71.67769123005624,71.68699215466737,71.69600151909607,71.70471632113423,71.71313355857377,71.72125022920662,71.72906333082464,71.73656989255333,71.74376958495608,71.75066668362732,71.75726592666255,71.76357205215731,71.7695897982071,71.77532390290742,71.78077910435378,71.78596014064172,71.79087174986672,71.79551867012431,71.79990563951,71.80403739611928,71.8079186780477,71.81155422339074,71.81494877024393,71.81810705670277,71.82103382086278,71.82373380081945,71.82621173466833,71.8284723605049,71.83052041642469,71.8323606405232,71.83399777089595,71.83543654563844,71.83668170284619,71.83773798061472,71.83861011703952,71.83930285021611,71.83982091824002,71.84016905920673,71.84035201121178,71.84037451235068,71.84024130071892,71.83995711441202,71.83952669152549,71.83895477015486,71.83824608839562,71.83740538434328,71.83643739609339,71.83534686174141,71.83413851938288,71.83281710711331,71.8313873630282,71.82985402522309,71.82822183179344,71.82649552083481,71.82467983044269,71.8227794987126,71.82079926374004,71.81874386362054,71.8166180364496,71.81442652032273,71.81217405333544,71.80986537358325,71.80750521916165,71.8050983281662,71.80264943869236,71.80016328883566,71.79764461669163,71.79509816035575,71.79252852912484,71.78993823693548,71.78732809413974,71.78469886169991,71.78205130057832,71.7793861717373,71.77670423613915,71.77400625474623,71.77129298852081,71.76856519842526,71.76582364542188,71.763069090473,71.76030229454092,71.75752401858797,71.7547350235765,71.7519360704688,71.7491279202272,71.74631133381402,71.74348707219158,71.74065589632222,71.73781856716825,71.73497584569198,71.73212849285574,71.72927726962185,71.72642293695264,71.72356625581043,71.72070798715752,71.71784889195628,71.71498973116897,71.71213126575796,71.70927425668556,71.70641946491408,71.70356765140583,71.70071957712317,71.6978760030284,71.69503769008384,71.6922053992518,71.68937989149462,71.68656192777463,71.68375226905414,71.68095167629546,71.67816091046093,71.67538073251286,71.67261190341358,71.6698551841254,71.66711133561066,71.66438111883166,71.66166529475073,71.6589646243302,71.6562798685324,71.65361178831961,71.65096114465419,71.64832869849845,71.64571521081471,71.6431214425653,71.64054815471253,71.63799610821873,71.63546606404623
70.73183340268034,70.74800262456304,70.76411518975436,70.7801675152732,70.79615601813846,70.812077115369,70.8279272239837,70.8437027610015,70.85940014344123,70.87501578832182,70.89054611266214,70.90598753348108,70.92133646779753,70.93658933263039,70.95174254499852,70.96679252192084,70.98173568041622,70.99656843750356,71.01128721020174,71.02588841552964,71.04036847050617,71.0547237921502,71.06895079748062,71.08304590351634,71.09700552727621,71.11082608577915,71.12450399604404,71.13803567508978,71.15141753993524,71.1646460075993,71.17771749510086,71.19062841945883,71.20337519769208,71.21595424681949,71.22836198385995,71.24059482583237,71.25264918975562,71.26452149264858,71.27620815153017,71.28770558341925,71.29901020533471,71.31011843429546,71.32102668732037,71.33173138142833,71.34222893363822,71.35251576096896,71.3625882804394,71.37244290906845,71.38207606387502,71.39148416187794,71.40066362009615,71.40961085554852,71.41832228525394,71.42679432623129,71.43502339549947,71.44300591007736,71.45073828698385,71.45821694323784,71.4654382958582,71.47239876186384,71.47909475827363,71.48552270391747,71.4916806363155,71.49757118810115,71.50319780175212,71.5085639197461,71.51367298456074,71.51852843867375,71.52313372456278,71.52749228470554,71.53160756157969,71.53548299766291,71.53912203543288,71.54252811736728,71.5457046859438,71.54865518364011,71.5513830529339,71.55389173630283,71.55618467622459,71.55826531517687,71.56013709563733,71.56180346008367,71.56326785099355,71.56453371084467,71.5656044821147,71.5664836072813,71.56717452882218,71.56768068921501,71.56800553093746,71.56815249646722,71.56812502828197,71.56792656885938,71.56756056067714,71.56703044621293,71.56633966794442,71.5654916683493,71.56448988990523,71.5633377750899,71.56203876638102,71.56059630625623,71.55901383719322,71.55729480166967,71.55544264216327,71.55346080115169,71.55135272111261,71.54912184452371,71.54677161386267,71.54430547160717,71.5417268602349,71.53903922222352,71.53624600005072,71.53335063619419,71.53035657313158,71.5272672533406,71.52408611929891,71.5208166134842,71.51746217837416,71.51402625644644,71.51051229017874,71.50692372204874,71.50326399453411,71.49953655011254,71.4957448272119,71.49189166947029,71.48797870422217,71.48400741012868,71.47997926585097,71.47589575005017,71.47175834138744,71.4675685185239,71.46332776012072,71.459037544839,71.45469935133994,71.45031465828464,71.44588494433427,71.44141168814994,71.43689636839282,71.43234046372405,71.42774545280477,71.4231128142961,71.41844402685923,71.41374056915527,71.40900391984536,71.40423555759067,71.39943696105232,71.39460960889144,71.38975497976921,71.38487455234674,71.37996980528521,71.37504221724572,71.37009326688944,71.36512443287752,71.36013719387107,71.35513302853126,71.35011341551922,71.3450798334961,71.34003376112305,71.33497667706119,71.32991005997168,71.32483538851567,71.31975414135428,71.31466779714867,71.30957783455997,71.30448573224935,71.29939296887791,71.29430102310683,71.28921137359724,71.28412549901029,71.2790448780071,71.27397098924884,71.26890531139662,71.26384932311163,71.25880450305498,71.25377232988782,71.24875428227129,71.24375183886654,71.2387664783347,71.23379967933693,71.22885292053437,71.22392768058815
70.62054945470445,70.6480510297537,70.67540635165446,70.7026090944025,70.72965293199348,70.7565315384231,70.78323858768712,70.80976775378119,70.83611271070106,70.86226713244241,70.88822469300098,70.91397906637243,70.93952392655251,70.96485294753691,70.98995980332137,71.01483816790153,71.03948171527315,71.06388411943192,71.08803905437358,71.11194019409376,71.13558121258828,71.15895578385275,71.1820575818829,71.20488028067447,71.22741755422317,71.24966307652466,71.27161052157467,71.29325356336895,71.31458587590313,71.33560113317299,71.35629300917421,71.37665517790248,71.39668131335353,71.41636508952305,71.43570018040677,71.45468026000037,71.4732990022996,71.49155008130012,71.5094271709977,71.52692394538795,71.54403407846667,71.56075124422955,71.57706911667225,71.59298136979052,71.60848167758007,71.62356371403658,71.6382211531558,71.65244766893338,71.66623693536508,71.67958262644657,71.6924784161736,71.70491797854183,71.716894987547,71.7284031171848,71.73943604145097,71.74998743434116,71.76005096985114,71.76962032197659,71.77868920506162,71.78725637207975,71.79533044708046,71.80292120023398,71.81003840171061,71.81669182168065,71.82289123031438,71.82864639778208,71.833967094254,71.83886308990046,71.84334415489172,71.84742005939808,71.8511005735898,71.85439546763718,71.85731451171048,71.85986747598,71.86206413061603,71.86391424578883,71.86542759166869,71.8666139384259,71.86748305623075,71.86804471525349,71.8683086856644,71.86828473763381,71.86798264133196,71.86741216692914,71.86658308459565,71.86550516450174,71.86418817681772,71.86264189171385,71.86087607936042,71.85890050992774,71.85672495358605,71.85435918050564,71.85181296085682,71.84909606480983,71.84621826253496,71.84318932420254,71.8400190199828,71.83671712004605,71.83329339456253,71.82975761370255,71.82611954763644,71.82238896653439,71.81857564056676,71.81468933990377,71.81073983471575,71.80673689517295,71.80269029144566,71.79860979370417,71.79450517211876,71.79038619685971,71.7862626380973,71.78214426600181,71.77804085074354,71.77396216249272,71.76991797141969,71.76591804769473,71.76197196035113,71.7580845121092,71.75425566018217,71.75048514480616,71.74677270621734,71.74311808465183,71.73952102034579,71.73598125353533,71.73249852445659,71.72907257334575,71.72570314043892,71.72238996597224,71.71913279018185,71.71593135330389,71.71278539557451,71.70969465722985,71.70665887850603,71.70367779963922,71.70075116086554,71.69787870242112,71.69506016454213,71.6922952874647,71.68958381142497,71.68692547665904,71.6843200234031,71.6817671918933,71.67926672236572,71.67681835505655,71.67442183020191,71.67207688803794,71.66978326880078,71.6675407127266,71.66534896005149,71.66320775101164,71.66111682584312,71.65907592478214,71.65708478806482,71.6551431559273,71.65325076860569,71.65140736633617,71.64961268935485,71.6478664778979,71.64616847220145,71.64451841250161,71.64291603903456,71.64136109203642,71.63985331174334,71.63839243839143,71.63697821221689,71.63561037345579,71.63428866234432,71.63301281911862,71.63178258401479,71.630597697269,71.62945789911737,71.62836292979608,71.62731252954123,71.62630643858898,71.62533235536159,71.62435975349177,71.62338715162196,71.62241454975211,71.62144194788229,71.62046934601247
70.40653724026993,70.42684812949508,70.44705769623792,70.46716236487521,70.48715855978375,70.50704270534031,70.52681122592168,70.54646054590461,70.56598708966592,70.58538728158234,70.60465754603071,70.62379430738778,70.64279399003031,70.66165301833512,70.68036781667897,70.69893480943863,70.7173504209909,70.73561107571254,70.75371319798036,70.77165321217112,70.7894275426616,70.80703261382857,70.82446485004883,70.84172067569916,70.85879651515634,70.87568879279712,70.89239393299833,70.9089083601367,70.92522849858906,70.94135077273215,70.95727160694275,70.9729874255977,70.98849465307369,71.00378971374755,71.01886903199608,71.03372903219602,71.04836613872416,71.0627767759573,71.07695736827219,71.09090434004565,71.10461411565441,71.1180831194753,71.13130777588506,71.1442845092605,71.15700974397838,71.16947990441548,71.1816914149486,71.1936406999545,71.20532418380998,71.21673829089181,71.22787944557675,71.23874407224162,71.24932859526317,71.25962943901817,71.26964302788343,71.27936578623573,71.28879413845183,71.29792450890854,71.3067533219826,71.31527700205082,71.32349197348996,71.33139466258646,71.33898320248505,71.34626057173388,71.35323060283656,71.3598971282967,71.36626398061789,71.37233499230376,71.37811399585789,71.38360482378391,71.3888113085854,71.39373728276598,71.39838657882926,71.40276302927884,71.40687046661832,71.4107127233513,71.4142936319814,71.41761702501222,71.42068673494737,71.42350659429043,71.42608043554503,71.42841209121478,71.43050539380326,71.43236417581412,71.4339922697509,71.43539350811726,71.43657172341678,71.43753074815308,71.43827441482973,71.43880655595038,71.43913100401862,71.43925159153804,71.43917215101226,71.4388965149449,71.43842851583952,71.43777198619976,71.43693075852923,71.43590866533151,71.43470953911023,71.43333721236897,71.43179551761135,71.43008828734098,71.42821935406145,71.42619255027638,71.42401170848936,71.42168066120402,71.41920324092393,71.41658328015274,71.413824611394,71.41093106715138,71.40790647992841,71.40475468222877,71.40147950655602,71.39808478541377,71.39457435130564,71.39095203673521,71.3872216742061,71.38338709622194,71.3794521352863,71.37542062390278,71.37129639457504,71.36708327980662,71.36278510708271,71.35840496683673,71.35394444228247,71.34940493240074,71.34478783617237,71.34009455257811,71.33532648059878,71.33048501921519,71.3255715674081,71.32058752415836,71.31553428844671,71.31041325925398,71.30522583556096,71.29997341634845,71.29465740059723,71.28927918728813,71.28384017540192,71.27834176391941,71.2727853518214,71.26717233808867,71.26150412170202,71.25578210164227,71.25000767689018,71.24418224642659,71.23830720923226,71.232383964288,71.22641391057462,71.22039844707291,71.21433897276366,71.20823688662766,71.20209358764572,71.19591047479865,71.18968894706722,71.18343040343225,71.17713624287451,71.17080786437482,71.16444666691397,71.15805404947277,71.15163141103199,71.14518015057244,71.13870166707493,71.13219735952023,71.12566862688917,71.11911686816252,71.11254348232109,71.10594986834568,71.09933742521707,71.09270755191608,71.08606164742349,71.0794011107201,71.07272734078671,71.06604173660412,71.0593456971531,71.0526406214145,71.0459279083691,71.03920895699765,71.03248516628099,71.02575793519992
70.76821546971087,70.78669030081775,70.80510275191233,70.82344953137068,70.84172734756885,70.85993290888287,70.8780629236888,70.8961141003627,70.9140831472806,70.93196677281857,70.94976168535263,70.96746459325885,70.98507220491328,71.00258122869198,71.01998837297097,71.0372903461263,71.05448385653405,71.07156561257025,71.08853232261096,71.1053806950322,71.12210743821005,71.13870926052056,71.15518287033974,71.17152497604368,71.18773228600843,71.20380150861001,71.21972935222449,71.23551252522792,71.25114773599634,71.2666316929058,71.28196110433235,71.29713267865206,71.31214312424093,71.32698914947507,71.34166746273048,71.35617477238323,71.37050778680937,71.38466321438496,71.39863776348602,71.41242814248862,71.4260310597688,71.43944322370261,71.45266134266612,71.46568212503534,71.47850227918636,71.49111851349521,71.50352753633793,71.51572605609059,71.52771078112922,71.53947841982988,71.55102568056861,71.56234927172147,71.57344590166451,71.58431227877377,71.5949451114253,71.60534110799516,71.61549697685939,71.62540942639406,71.63507516497518,71.64449090097881,71.65365334278103,71.66255922091963,71.67120713418453,71.67959893843957,71.68773681666914,71.69562295185763,71.70325952698944,71.71064872504894,71.71779272902053,71.72469372188858,71.73135388663752,71.73777540625171,71.74396046371554,71.74991124201338,71.75562992412966,71.76111869304874,71.76637973175502,71.77141522323289,71.77622735046674,71.78081829644094,71.7851902441399,71.789345376548,71.79328587664962,71.79701392742916,71.800531711871,71.80384141295954,71.80694521367917,71.80984529701428,71.81254384594924,71.81504304346844,71.8173450725563,71.81945211619717,71.82136635737545,71.82308997907555,71.82462516428184,71.82597409597871,71.82713895715054,71.82812193078175,71.82892519985668,71.82955094735978,71.83000135627537,71.83027860958791,71.83038489028172,71.83032238134123,71.83009326575083,71.8296997264949,71.82914394655782,71.82842810892399,71.82755439657778,71.82652499250361,71.82534207968584,71.82400784110888,71.8225244597571,71.82089411861492,71.81911900066667,71.81720128889681,71.81514316628967,71.81294681582968,71.8106144205012,71.80814816328864,71.80555022717635,71.80282279514878,71.79996803885888,71.79698794561509,71.79388435284866,71.79065909364571,71.78731400109233,71.7838509082746,71.78027164827861,71.77657805419048,71.77277195909627,71.76885519608209,71.76482959823403,71.7606969986382,71.75645923038066,71.75211812654753,71.74767552022487,71.74313324449882,71.73849313245545,71.73375701718085,71.7289267317611,71.72400410928233,71.7189909828306,71.71388918549202,71.70870055035267,71.70342691049865,71.69807009901606,71.692631948991,71.68711429350952,71.68151896565776,71.6758477985218,71.67010262518772,71.66428527874163,71.65839759226961,71.65244139885775,71.64641853159216,71.64033082355893,71.63418010784413,71.62796821753389,71.62169698571427,71.61536824547137,71.60898382989132,71.60254557206015,71.596055305064,71.58951486198895,71.58292607592108,71.5762907799465,71.5696108071513,71.56288799062158,71.5561241634434,71.5493211587029,71.54248080948614,71.53560494887923,71.52869540996824,71.52175402583929,71.51478262957846,71.50778305427184,71.50075713300554,71.49370669886564,71.48663358493822
70.67687535571918,70.69442139693692,70.71187884392589,70.72924742258945,70.74652685883089,70.76371687855342,70.78081720766045,70.79782757205518,70.81474769764097,70.83157731032105,70.84831613599877,70.86496390057738,70.88152032996021,70.89798515005054,70.91435808675166,70.93063886596684,70.94682721359942,70.96292285555265,70.97892551772986,70.99483492603432,71.01065080636931,71.02637288463816,71.04200088674415,71.05753453859057,71.07297356608072,71.08831769511787,71.10356665160535,71.11872016144642,71.13377795054438,71.14873974480253,71.16360527012418,71.1783742524126,71.19304641757108,71.20762149150295,71.22209920011147,71.23647926929993,71.25076142497164,71.26494539302988,71.27903089937794,71.29301766991915,71.30690543055678,71.32069390719411,71.33438282573442,71.34797191208105,71.36146089213727,71.3748494918064,71.38813743699168,71.40132445359643,71.41441026752395,71.42739460467752,71.44027719096047,71.45305775227604,71.46573601452755,71.47831170361829,71.49078454545156,71.50315426593065,71.51542059095885,71.52758324643946,71.53964195827575,71.55159645237106,71.56344645462863,71.57519169056667,71.5868315414603,71.59836441135297,71.60978853206052,71.62110213539876,71.63230345318345,71.64339071723043,71.65436215935551,71.6652160113745,71.67595050510317,71.6865638723574,71.69705434495296,71.70742015470563,71.71765953343126,71.72777071294564,71.7377519250646,71.74760140160393,71.75731737437943,71.76689807520694,71.77634173590221,71.78564658828111,71.79481086415942,71.80383279535297,71.81271061367752,71.82144255094894,71.830026838983,71.83846170959552,71.8467453946023,71.85487612581915,71.8628521350619,71.87067165414632,71.87833291488823,71.88583414910349,71.89317358860782,71.90034946521712,71.90736001074711,71.91420345701368,71.9208780358326,71.92738197901966,71.93371351839068,71.93987088576151,71.94585231294789,71.95165603176568,71.95728027403067,71.96272327155867,71.9679832561655,71.97305845966693,71.97794711387883,71.98264745061695,71.98715770169713,71.99147609893518,71.9956008741469,71.99953025914809,72.00326248575456,72.00679578578215,72.0101283910466,72.0132585333638,72.01618444454951,72.01890435641957,72.02141650078974,72.02371910947588,72.02581042543437,72.0276903278318,72.02936204177033,72.03082920133838,72.03209544062423,72.03316439371628,72.03403969470287,72.03472497767237,72.03522387671308,72.0355400259134,72.03567705936169,72.03563861114628,72.03542831535552,72.03504980607778,72.0345067174014,72.0338026834147,72.03294133820611,72.03192631586393,72.03076125047653,72.02944977613222,72.02799552691943,72.02640213692644,72.02467324024164,72.02281247095337,72.02082346315001,72.01870985091986,72.01647526835134,72.01412334953275,72.01165772855245,72.0090820394988,72.00639991646017,72.00361499352488,72.0007309047813,71.99775128431779,71.9946797662227,71.99151998458436,71.98827557349117,71.98495016703143,71.9815473992935,71.97807090436575,71.97452431633656,71.97091126929422,71.96723539732713,71.96350033452364,71.95970971497206,71.9558671727608,71.9519763419782,71.94804085671257,71.94406435105228,71.94005045908571,71.9360028149012,71.9319250525871,71.92782080623175,71.92369370992353,71.91954739775076,71.91538550380182,71.91121166216504,71.90702950692881
70.95097849088529,70.96557804996758,70.98016291270777,70.99472920158931,71.00927303909566,71.02379054771023,71.03827784991647,71.05273106819782,71.06714632503771,71.08151974291958,71.09584744432686,71.11012555174302,71.12435018765146,71.13851747453562,71.15262353487896,71.1666644911649,71.18063646587689,71.19453558149836,71.20835796051274,71.22209972540348,71.23575699865403,71.2493259027478,71.26280256016823,71.27618309339877,71.28946362492286,71.30264027722393,71.31570917278542,71.32866643409076,71.3415081836234,71.35423054386676,71.3668296373043,71.37930158641944,71.39164251369563,71.40384854161631,71.4159157926649,71.42784038932484,71.43961845407959,71.45124610941257,71.46271947780721,71.47403468174696,71.48518784371525,71.49617508619554,71.50699253167123,71.51763630262579,71.52810252154264,71.53838731090522,71.54848679319697,71.55839709090134,71.56811432650174,71.57763462248163,71.58695410132444,71.5960688855136,71.60497509753256,71.61366885986476,71.62214629499361,71.63040352540258,71.6384366735751,71.64624186199461,71.65381526706564,71.6611549250776,71.66826115992497,71.67513443611792,71.68177521816662,71.68818397058129,71.6943611578721,71.70030724454921,71.70602269512285,71.71150797410317,71.71676354600038,71.72178987532466,71.72658742658618,71.73115666429514,71.73549805296172,71.7396120570961,71.74349914120847,71.74715976980903,71.75059440740795,71.75380351851541,71.75678756764161,71.75954701929672,71.76208233799093,71.76439398823445,71.76648243453744,71.76834814141007,71.76999157336257,71.7714131949051,71.77261347054782,71.77359286480096,71.7743518421747,71.7748908671792,71.77521040432465,71.77531091812125,71.77519287307918,71.77485673370863,71.77430296451978,71.77353203002279,71.7725443947279,71.77134052314526,71.76992087978505,71.76828592915747,71.76643613577271,71.76437196414095,71.76209387877236,71.75960234417714,71.75689782486548,71.75398078534757,71.75085169013356,71.74751100373366,71.74395919065807,71.74019671541697,71.73622404252052,71.73204163647893,71.72764996180237,71.72304948300103,71.7182406645851,71.71322397106476,71.70800020349436,71.7025723430253,71.6969442394739,71.69111974490059,71.68510271136584,71.67889699093011,71.67250643565383,71.66593489759747,71.65918622882147,71.6522642813863,71.64517290735238,71.6379159587802,71.63049728773018,71.62292074626279,71.61519018643848,71.60730946031771,71.59928241996093,71.59111291742857,71.5828048047811,71.574361934079,71.56578815738266,71.55708732675258,71.5482632942492,71.53931991193296,71.53026103186433,71.52109050610376,71.5118121867117,71.50242992574859,71.49294757527488,71.48336898735106,71.47369801403755,71.4639385073948,71.45409431948329,71.44416930236343,71.43416730809571,71.42409218874057,71.41394779635846,71.40373798300983,71.39346660075515,71.38313750165484,71.37275453776938,71.3623215611592,71.35184242388479,71.34132097800655,71.33076107558497,71.3201665686805,71.30954130935359,71.29888914966467,71.28821394167421,71.27751953744267,71.26680978903049,71.25608854849813,71.24535966790604,71.23462699931467,71.22389439478447,71.21316570637589,71.2024447861494,71.1917349767364,71.18102884371089,71.17032271068538,71.15961657765986,71.14891044463435,71.13820431160885,71.12749817858334
70.76800408489774,70.78812451694472,70.80815554270374,70.82809296789645,70.8479325982445,70.86767023946948,70.88730169729307,70.90682277743689,70.92622928562258,70.94551702757177,70.9646818090061,70.9837194356472,71.0026257132167,71.02139644743626,71.04002744402752,71.05851450871207,71.07685344721159,71.0950400652477,71.11307016854204,71.13093956281622,71.14864405379193,71.16617944719076,71.18354154873435,71.20072616414437,71.21772909914243,71.23454615945018,71.25117315078923,71.26760587888124,71.28384014944783,71.29987176821065,71.31569654089132,71.3313102732115,71.34670877089282,71.36188783965689,71.37684328522538,71.3915709133199,71.4060665296621,71.42032593997361,71.43434494997608,71.44811936539112,71.4616449919404,71.47491763534552,71.48793310132814,71.5006871956099,71.51317572391241,71.52539449195733,71.53733930546629,71.54900597016092,71.56039029176286,71.57148807599374,71.58229512857521,71.5928072552289,71.60302026167645,71.61292995363948,71.62253213683964,71.63182261699856,71.64079719983788,71.64945169107924,71.65778189644426,71.6657836216546,71.67345267243186,71.68078489020768,71.68777912678573,71.69443948219339,71.70077058355739,71.70677705800449,71.71246353266143,71.71783463465498,71.72289499111186,71.72764922915883,71.73210197592263,71.73625785853002,71.74012150410775,71.74369753978256,71.7469905926812,71.75000528993041,71.75274625865697,71.75521812598758,71.75742551904902,71.75937306496803,71.76106539087137,71.76250712388577,71.76370289113798,71.76465731975476,71.76537503686285,71.765860669589,71.76611884505996,71.76615419040249,71.7659713327433,71.76557489920917,71.76496951692685,71.76415981302307,71.76315041462459,71.76194594885816,71.76055104285052,71.75897032372842,71.7572084186186,71.75526995464783,71.75315955894285,71.7508818586304,71.74844148083723,71.74584305269009,71.74309120131574,71.7401905538409,71.73714573739234,71.73396137909681,71.73064210608105,71.72719254547181,71.72361732439583,71.71992106997988,71.71610840935068,71.71218396963499,71.70815237795958,71.70401826145117,71.6997862472365,71.69546096244235,71.69104703419546,71.68654908962256,71.68197175585041,71.67731966000576,71.67259742921536,71.66780969060595,71.66296095361695,71.6580538130928,71.65308930726047,71.64806842921801,71.64299217206344,71.63786152889483,71.63267749281022,71.62744105690764,71.62215321428515,71.6168149580408,71.61142728127264,71.60599117707869,71.60050763855703,71.59497765880569,71.58940223092272,71.58378234800615,71.57811900315406,71.57241318946446,71.56666590003542,71.56087812796497,71.55505086635118,71.54918510829208,71.5432818468857,71.53734207523013,71.53136678642338,71.52535697356349,71.51931362974855,71.51323774807656,71.5071303216456,71.5009923435537,71.4948248068989,71.48862870477926,71.48240503029282,71.47615477653764,71.46987893661175,71.46357850361319,71.45725447064002,71.4509078307903,71.44453957716205,71.43815070285332,71.43174220096216,71.42531506458663,71.41887028682476,71.41240886077459,71.40593177953419,71.39944003620158,71.39293462387484,71.38641653565199,71.37988676463108,71.37334630391017,71.36679614658729,71.36023728576048,71.35367071452781,71.34709742598731,71.34051841323704,71.33393466937503,71.32734718749933,71.320756960708
70.66724111708147,70.68687494427643,70.70647735876521,70.72604401620877,70.7455705722681,70.76505268260414,70.78448600287787,70.80386618875023,70.82318889588223,70.84244977993478,70.86164449656889,70.8807687014455,70.89981805022559,70.91878819857011,70.93767480214005,70.95647351659635,70.97517999759998,70.9937899008119,71.0122988818931,71.03070259650453,71.04899670030714,71.06717684896192,71.08523869812981,71.1031779034718,71.12099012064886,71.13867100532191,71.15621621315195,71.17362139979996,71.19088222092685,71.20799433219364,71.22495338926127,71.24175504779072,71.25839496344292,71.27486879187887,71.29117218875953,71.30730080974585,71.32325031049882,71.33901634667937,71.3545945739485,71.36998064796715,71.38517022439629,71.40015895889691,71.41494250712994,71.42951652475635,71.44387666743712,71.45801859083322,71.4719379506056,71.48563040241523,71.49909160192307,71.51231720479008,71.52530286667725,71.53804424324552,71.55053699015586,71.56277676306925,71.57475921764664,71.586480009549,71.59793479443731,71.6091192279725,71.62002896581556,71.63065966362745,71.64100697706914,71.65106659143946,71.66083669052951,71.67031981395269,71.67951893879446,71.68843704214032,71.69707710107573,71.7054420926862,71.71353499405717,71.72135878227414,71.72891643442257,71.73621092758796,71.74324523885578,71.75002234531149,71.7565452240406,71.76281685212855,71.76884020666085,71.77461826472297,71.7801540034004,71.78545039977858,71.79051043094302,71.79533707397918,71.79993330597256,71.80430210400861,71.80844644517283,71.81236930655069,71.81607366522768,71.81956249828924,71.8228387828209,71.8259054959081,71.82876561463632,71.83142211609108,71.8338779773578,71.83613617552199,71.83819968766912,71.84007149088467,71.84175456225411,71.84325187886294,71.84456641779661,71.84570115614063,71.84665907098045,71.84744313940155,71.84805633848943,71.84850164532955,71.84878203700738,71.84890049060841,71.84885998321813,71.848663491922,71.84831399380549,71.84781446595412,71.84716788545332,71.84637722938858,71.84544547484539,71.84437559890922,71.84317057866556,71.84183339119987,71.84036701359764,71.83877442294435,71.83705859632546,71.83522251082648,71.83326914353286,71.83120147153008,71.82902244041162,71.82673448344374,71.82433961735684,71.82183984680518,71.8192371764431,71.81653361092489,71.81373115490487,71.81083181303735,71.80783758997664,71.80475049037703,71.80157251889285,71.7983056801784,71.794951978888,71.79151341967594,71.78799200719652,71.78438974610408,71.78070864105291,71.77695069669733,71.77311791769162,71.76921230869013,71.76523587434714,71.76119061931696,71.75707854825392,71.7529016658123,71.74866197664643,71.74436148541061,71.74000219675914,71.73558611534634,71.73111524582652,71.72659159285399,71.72201716108304,71.717393955168,71.71272397976317,71.70800923952287,71.70325173910138,71.69845348315303,71.69361647633214,71.68874272329299,71.6838342286899,71.67889299717719,71.67392103340914,71.6689203420401,71.66389292772435,71.6588407951162,71.65376594886996,71.64867039363996,71.64355613408047,71.63842517484584,71.63327952059034,71.6281211759683,71.62295214563403,71.61777443424182,71.61259004644602,71.60740098690088,71.60220926026075,71.59701687117993,71.59182582431274,71.58663812431345
70.52479633812379,70.53880618330459,70.55272569682808,70.56655404260601,70.58029038455018,70.59393388657233,70.60748371258421,70.62093902649755,70.63429899222413,70.6475627736757,70.66072953476399,70.67379843940077,70.6867686514978,70.69963933496683,70.71240965371962,70.72507877166788,70.7376458527234,70.75011006079794,70.76247055980323,70.77472651365105,70.7868770862531,70.7989214415212,70.81085874336705,70.82268815570242,70.8344088424391,70.84601996748879,70.85752069476325,70.86891018817425,70.88018761163354,70.89135212905288,70.902402904344,70.91333910141867,70.92415988418864,70.93486441656566,70.94545186246151,70.95592138578789,70.96627215045658,70.97650332037935,70.98661405946794,70.99660353163407,71.00647090078954,71.01621533084608,71.02583598571545,71.03533202930942,71.04470262553968,71.05394693831806,71.06306413155627,71.07205336916607,71.08091381505923,71.08964463314749,71.09824498734258,71.10671404155627,71.11505095970034,71.12325490568651,71.13132504342653,71.13926053683218,71.1470605498152,71.15472424628732,71.16225079016033,71.16963934534596,71.17688907575598,71.18399939711949,71.19097077746798,71.1978039596654,71.20449968657658,71.21105870106632,71.21748174599944,71.22376956424077,71.22992289865508,71.2359424921072,71.24182908746192,71.24758342758412,71.25320625533851,71.25869831359,71.26406034520332,71.26929309304333,71.27439729997482,71.27937370886261,71.2842230625715,71.28894610396631,71.29354357591185,71.29801622127295,71.3023647829144,71.30659000370099,71.31069262649754,71.31467339416889,71.31853304957983,71.32227233559519,71.32589199507973,71.32939277089832,71.33277540591575,71.3360406429968,71.33918922500635,71.34222189480914,71.34513939527002,71.34794246925378,71.35063185962525,71.35320830924925,71.35567256099054,71.35802535771398,71.36026744228437,71.3623995575665,71.36442244642521,71.3663368517253,71.36814351633154,71.36984318310883,71.3714365949219,71.37292449463558,71.37430762511471,71.3755867292241,71.3767625498285,71.37783582979279,71.37880731198175,71.37967773926019,71.38044785449293,71.38111840054478,71.38169012028052,71.382163756565,71.38254005226304,71.38281975023943,71.38300359335895,71.38309239834928,71.38308730440824,71.38298953871237,71.38280032844025,71.38252090077049,71.38215248288165,71.38169630195227,71.381153585161,71.38052555968633,71.37981345270691,71.37901849140127,71.37814190294802,71.37718491452569,71.37614875331289,71.37503464648819,71.37384382123017,71.37257750471738,71.37123692412845,71.3698233066419,71.36833787943633,71.3667818696903,71.36515650458242,71.36346301129123,71.36170261699533,71.35987654887327,71.35798603410365,71.35603229986503,71.35401657333603,71.35194008169515,71.34980405212102,71.34760971179222,71.34535828788728,71.34305100758482,71.34068909806336,71.33827378650156,71.33580630007793,71.33328786597107,71.33071971135956,71.32810306342196,71.32543914933686,71.32272919628284,71.31997443143842,71.31717608198227,71.3143353750929,71.31145353794889,71.30853179772885,71.30557138161134,71.30257351677491,71.29953943039817,71.29647034965967,71.293367501738,71.29023211381175,71.28706541305945,71.28386862665974,71.28064298179115,71.27738970563226,71.27411002536164,71.27080516815789,71.26747636119958
70.79102515403044,70.81265393381358,70.83420995775633,70.85568822046154,70.87708371653208,70.89839144057079,70.91960638718054,70.94072355096417,70.96173792652455,70.98264450846452,71.00343829138696,71.02411426989471,71.04466743859062,71.06509279207758,71.08538532495842,71.105540031836,71.12555190731317,71.14541594599281,71.16512714247776,71.18468049137086,71.20407098727499,71.22329362479302,71.24234339852775,71.26121530308211,71.27990433305891,71.298405483061,71.31671374769128,71.33482412155257,71.35273159924773,71.37043117537964,71.38791784455113,71.40518660136506,71.4222324404243,71.43905035633169,71.45563534369012,71.4719823971024,71.48808651117142,71.50394268050003,71.51954589969108,71.53489116334742,71.54997346607192,71.56478780246744,71.57932916713682,71.59359255468293,71.60757295970863,71.62126537681675,71.63466480061018,71.64776622569177,71.66056464666435,71.6730550581308,71.68523245469397,71.69709183095672,71.7086281815219,71.71983650099239,71.73071178397102,71.74124902506064,71.75144321886414,71.76128935998435,71.77078244302413,71.77991746258634,71.78868941327384,71.79709329215406,71.8051262991503,71.81279188761978,71.82009461302687,71.8270390308359,71.8336296965113,71.83987116551738,71.84576799331853,71.85132473537914,71.85654594716354,71.86143618413612,71.86600000176125,71.87024195550329,71.87416660082661,71.87777849319558,71.88108218807456,71.88408224092794,71.88678320722006,71.8891896424153,71.89130610197805,71.89313714137263,71.89468731606345,71.89596118151488,71.89696329319126,71.89769820655697,71.89817047707638,71.89838466021386,71.89834531143377,71.89805698620049,71.89752423997838,71.89675162823181,71.89574370642515,71.89450503002277,71.89304015448903,71.89135363528831,71.88945002788496,71.88733388774337,71.8850097703279,71.88248223110291,71.87975582553277,71.87683510908185,71.87372463721454,71.87042896539518,71.86695264908813,71.8633002437578,71.85947630486852,71.85548538788467,71.85133204827063,71.84702084149076,71.84255632300942,71.83794304829098,71.83318557279982,71.8282884520003,71.82325624135677,71.81809349633365,71.81280477239525,71.80739462500597,71.80186760963018,71.79622828173224,71.79048119677651,71.78463091022738,71.77868197224792,71.77263815441064,71.76650163612447,71.76027440218226,71.75395843737688,71.74755572650116,71.74106825434798,71.7344980057102,71.72784696538068,71.72111711815226,71.71431044881784,71.70742894217024,71.70047458300235,71.693449356107,71.68635524627707,71.67919423830541,71.6719683169849,71.66467946710837,71.6573296734687,71.64992092085873,71.64245519407135,71.63493447789939,71.62736075713572,71.61973601657321,71.61206224100471,71.60434141522308,71.59657552402118,71.58876655219187,71.58091648452802,71.57302730582246,71.56510100086808,71.55713955445772,71.54914495138426,71.54111917644055,71.53306421441944,71.52498205011379,71.51687466831648,71.50874405382035,71.50059219141826,71.49242106590309,71.48423266206768,71.4760289647049,71.4678119586076,71.45958362856864,71.45134595938089,71.4431009358372,71.43485054273043,71.42659676485344,71.4183415869991,71.41008699396026,71.40183497052979,71.39358750150053,71.38534657166537,71.37711416581713,71.3688922687487,71.36068286525293,71.35248794012267,71.34430947815079
70.61575027842281,70.63801165577199,70.6602497062081,70.68245930888395,70.70463534295236,70.72677268756614,70.7488662218781,70.77091082504108,70.79290137620788,70.81483275453131,70.8366998391642,70.85849750925937,70.88022064396961,70.90186412244778,70.92342282384666,70.94489162731908,70.96626541201786,70.98753905709583,71.00870744170578,71.02976544500052,71.0507079461329,71.07152982425573,71.09222595852181,71.11279122808396,71.13322051209502,71.15350868970778,71.17365064007505,71.19364124234968,71.21347537568448,71.23314791923224,71.2526537521458,71.27198775357797,71.29114480268156,71.3101197786094,71.32890756051431,71.34750302754908,71.36590105886656,71.38409653361954,71.40208433096086,71.41985933004331,71.43741641001974,71.45475045004294,71.47185632926573,71.48872892684093,71.50536312192138,71.52175379365985,71.5378958212092,71.55378408372223,71.56941346035177,71.5847788302506,71.59987507257158,71.6146970664675,71.62923969109117,71.64349782559545,71.6574663491331,71.67114014085698,71.6845140799199,71.69758304547466,71.71034191667408,71.72278557267099,71.73490889643834,71.74670822618236,71.75818354220738,71.76933538534415,71.78016429642342,71.79067081627595,71.80085548573251,71.81071884562384,71.8202614367807,71.82948380003387,71.83838647621407,71.84697000615209,71.85523493067868,71.8631817906246,71.87081112682058,71.87812348009741,71.88511939128584,71.89179940121662,71.89816405072051,71.90421388062826,71.90994943177066,71.91537124497842,71.92047986108233,71.92527582091314,71.92975966530162,71.9339319350785,71.93779317107456,71.94134391412054,71.94458470504722,71.94751608468533,71.95013859386566,71.95245277341894,71.95445916417594,71.95615830696742,71.95755074262414,71.95863701197683,71.95941765585629,71.95989321509323,71.96006423051846,71.9599312429627,71.95949479325671,71.95875542223126,71.95771367071711,71.95637007954501,71.95472518954573,71.95277954155,71.9505336763886,71.94798813489228,71.94514345789182,71.94200018621792,71.9385588607014,71.93482002217299,71.93078421146345,71.92645196940353,71.921823836824,71.91690035455562,71.91168206342914,71.90616950427531,71.90036321792489,71.89426374520866,71.88787165011117,71.8811890436119,71.87422052993595,71.86697093933275,71.85944510205165,71.85164784834208,71.84358400845342,71.83525841263508,71.82667589113645,71.81784127420691,71.80875939209588,71.79943507505274,71.78987315332691,71.78007845716776,71.7700558168247,71.75981006254713,71.74934602458443,71.738668533186,71.72778241860127,71.71669251107959,71.70540364087037,71.69392063822302,71.68224833338692,71.67039155661149,71.6583551381461,71.64614390824018,71.63376269714308,71.62121633510424,71.60850965237303,71.59564747919885,71.5826346458311,71.56947598251918,71.55617631951249,71.54274048706041,71.52917331541235,71.51547963481771,71.50166427552587,71.48773206778624,71.47368784184822,71.45953642796118,71.44528265637454,71.43093135733771,71.41648736110005,71.40195549791099,71.3873405980199,71.37264749167619,71.35788100912926,71.34304598062849,71.32814723642329,71.31318960676306,71.29817792189719,71.28311701207507,71.26801170754611,71.2528668385597,71.23768723536523,71.2224777282121,71.20724314734971,71.19198832302746,71.17671808549474,71.16143726500096
71.0877028853333,71.10173914145834,71.1157816220012,71.12982665893708,71.14387058424117,71.15790972988864,71.1719404278547,71.18595901011452,71.1999618086433,71.21394515541621,71.22790538240845,71.24183882159521,71.25574180495167,71.26961066445303,71.28344173207446,71.29723133979115,71.3109758195783,71.3246715034111,71.33831472326472,71.35190181111435,71.36542909893518,71.3788929187024,71.3922896023912,71.40561548197677,71.41886688943428,71.43204015673894,71.4451316158659,71.4581375987904,71.4710544374876,71.48387846393268,71.49660601010083,71.50923340796726,71.52175698950713,71.53417308669563,71.54647803150796,71.5586681559193,71.57073979190484,71.58268927143978,71.59451292649929,71.60620708905854,71.61776809109276,71.62919226457711,71.64047594148678,71.65161545379698,71.66260713348285,71.67344731251963,71.68413232288246,71.69465849654657,71.70502216548712,71.7152196616793,71.72524731709831,71.73510146371933,71.74477843351754,71.75427455846814,71.7635861705463,71.77270960172723,71.78164118398611,71.79037724929812,71.79891412963845,71.80724815698228,71.81537566330482,71.82329346208358,71.8310017972324,71.8385024014386,71.8457970134282,71.8528873719272,71.85977521566163,71.86646228335754,71.8729503137409,71.87924104553778,71.88533621747418,71.89123756827611,71.8969468366696,71.90246576138068,71.90779608113537,71.91293953465969,71.91789786067964,71.92267279792128,71.9272660851106,71.93167946097364,71.9359146642364,71.93997343362493,71.94385750786522,71.94756862568332,71.95110852580522,71.95447894695698,71.95768162786459,71.96071830725408,71.96359072385147,71.9663006163828,71.96884972357405,71.9712397841513,71.9734725368405,71.97554972036774,71.977473073459,71.9792443348403,71.98086524323769,71.98233753737716,71.98366295598476,71.98484323778648,71.98588012150837,71.98677534587642,71.9875306496167,71.98814777145517,71.98862845011791,71.9889744243309,71.98918743282019,71.98926921431176,71.98922150753168,71.98904605120593,71.98874458406057,71.98831884482159,71.98777057221503,71.9871015049669,71.98631338180321,71.98540794145002,71.98438692263332,71.98325206407914,71.98200510451349,71.9806477826624,71.9791818372519,71.97760900607173,71.97593101409967,71.97414957702964,71.97226641034791,71.97028322954075,71.96820175009444,71.96602368749521,71.96375075722935,71.96138467478312,71.95892715564277,71.95637991529459,71.95374466922485,71.95102313291977,71.94821702186567,71.94532805154878,71.94235793745538,71.93930839507173,71.93618113988411,71.93297788737877,71.92970035304197,71.92635025235998,71.92292930081909,71.91943921390553,71.91588170710558,71.91225849590552,71.90857129579159,71.90482182225007,71.90101179076723,71.89714291682932,71.89321691592262,71.8892355035334,71.88520039514789,71.8811133062524,71.87697595233317,71.87279004887647,71.86855731136856,71.86427945529573,71.85995819614422,71.8555952494003,71.85119233055023,71.8467511550803,71.84227343847675,71.83776089622587,71.8332152438139,71.82863819672713,71.82403147045179,71.81939678047418,71.81473584228054,71.81005037135716,71.8053420831903,71.80061269326622,71.79586391707117,71.79109747009143,71.78631506781328,71.78151842572296,71.77670925930676,71.77188928405091,71.76706021544172,71.76222376896543
70.73274166922933,70.75332602191826,70.77385037753402,70.79430896404614,70.81469600942415,70.83500574163754,70.85523238865586,70.87537017844862,70.89541333898534,70.9153560982355,70.93519268416868,70.95491732475436,70.97452424796208,70.99400768176133,71.01336185412167,71.03258099301257,71.05165932640358,71.07059108226423,71.089370488564,71.10799177327243,71.12644916435906,71.14473688979336,71.16284917754489,71.18078025558316,71.19852435187768,71.21607569439796,71.23342851111353,71.25057702999392,71.26751547900864,71.2842380861272,71.30073907931913,71.31701268655394,71.33305313580115,71.34885465503028,71.36441147221086,71.37971781531239,71.39476791230439,71.4095559911564,71.42407627983792,71.43832300631847,71.45229039856758,71.46597268455476,71.47936409224951,71.49245884962139,71.50525118463989,71.51773532527453,71.52990549949484,71.54175593527033,71.55328086057054,71.56447450336495,71.5753310916231,71.58584485331451,71.59601001640868,71.60582080887517,71.61527145868347,71.6243561938031,71.63306924220356,71.64140483185442,71.64935719072514,71.65692054678529,71.66408912800436,71.67085721264509,71.67722331872237,71.68319335575157,71.68877397560507,71.69397183015526,71.6987935712745,71.7032458508352,71.70733532070969,71.71106863277039,71.71445243888965,71.71749339093988,71.72019814079341,71.72257334032265,71.72462564139998,71.72636169589778,71.7277881556884,71.72891167264424,71.72973889863768,71.73027648554108,71.73053108522683,71.73050934956731,71.7302179304349,71.72966347970197,71.72885264924089,71.72779209092405,71.72648845662383,71.7249483982126,71.72317856756275,71.72118561654663,71.71897619703665,71.71655696090518,71.71393456002458,71.71111564626725,71.70810687150555,71.70491488761186,71.70154634645857,71.69800789991805,71.69430619986268,71.69044789816483,71.6864396466969,71.68228809733124,71.67799990194024,71.67358171239627,71.66904018057173,71.66438195833898,71.65961369757039,71.65474205013835,71.64977366791524,71.64471520277344,71.63957330658532,71.63435463122325,71.62906582855962,71.6237135504668,71.61830444881718,71.61284517548314,71.60734238233704,71.60180272125126,71.5962328440982,71.59063940275021,71.58502904907968,71.57940843495898,71.57378400884497,71.56815890993165,71.56253358689271,71.55690841039927,71.55128375112241,71.54565997973326,71.5400374669029,71.53441658330246,71.52879769960302,71.52318118647568,71.51756741459157,71.51195675462178,71.50634957723742,71.50074625310957,71.49514715290937,71.48955264730789,71.48396310697626,71.47837890258558,71.47280040480693,71.46722798431145,71.46166201177022,71.45610285785435,71.45055089323493,71.44500648858309,71.43947001456992,71.43394184186653,71.42842234114401,71.42291188307348,71.41741083832603,71.41191957757277,71.40643847148482,71.40096789073326,71.39550820598919,71.39005978792375,71.38462300720799,71.37919823451307,71.37378584051005,71.36838619587007,71.3629996712642,71.35762663736357,71.35226746483927,71.34692252436241,71.34159218660409,71.3362768222354,71.33097680192749,71.32569249635141,71.3204242761783,71.31517251207924,71.30993757472535,71.30471983478773,71.29951966293748,71.29433742984571,71.28917350618352,71.28402826262202,71.2789020698323,71.27379529848547,71.26870831925264,71.2636415028049
70.58155560688746,70.60513094057576,70.62865663797922,70.6521267063501,70.67553515294068,70.69887598500321,70.72214320979,70.74533083455329,70.76843286654535,70.79144331301845,70.81435618122487,70.83716547841688,70.85986521184672,70.88244938876672,70.90491201642908,70.9272471020861,70.94944865299007,70.97151067639324,70.99342717954787,71.01519216970624,71.03679965412061,71.05824364004327,71.07951813472648,71.1006171454225,71.12153467938361,71.14226474386209,71.16280134611019,71.18313849338017,71.20327019292434,71.22319045199492,71.24289327784422,71.26237267772449,71.281622658888,71.30063722858702,71.31941039407384,71.3379361626007,71.35620854141987,71.37422153778365,71.39196915894429,71.40944541215404,71.42664430466522,71.44355984373004,71.46018603660082,71.4765168905298,71.49254641276926,71.50826861057146,71.52367749118868,71.53876706187319,71.55353132987726,71.56796430245313,71.58205998685312,71.59581239032947,71.60921552013446,71.62226338352035,71.6349499877394,71.6472693400439,71.65921544768612,71.67078231791832,71.68196395799276,71.69275437516173,71.7031475766775,71.71313761460591,71.72272231882884,71.7319061053983,71.74069405184079,71.7490912356829,71.75710273445115,71.7647336256721,71.77198898687226,71.77887389557819,71.78539342931644,71.79155266561357,71.79735668199606,71.80281055599053,71.80791936512347,71.81268818692143,71.81712209891099,71.82122617861864,71.82500550357096,71.82846515129448,71.83161019931575,71.83444572516129,71.83697680635767,71.83920852043143,71.84114594490909,71.84279415731721,71.84415823518233,71.84524325603101,71.84605429738977,71.84659643678515,71.84687475174371,71.84689431979199,71.84666021845652,71.84617752526385,71.84545131774053,71.84448667341309,71.84328866980809,71.84186238445206,71.84021289487153,71.83834527859307,71.83626461314321,71.8339759760485,71.83148444483547,71.82879509703068,71.82591301016065,71.82284326175194,71.81959092933108,71.81616109042464,71.81255882255914,71.80878920326111,71.80485731005713,71.80076822047371,71.79652701203742,71.79213876227477,71.78760854871233,71.78294144887664,71.77814254029423,71.77321690049165,71.76816960699544,71.76300573733215,71.75773036902832,71.7523485796105,71.74686534417083,71.74128397134933,71.7356064149152,71.72983458935771,71.72397040916618,71.71801578882989,71.71197264283813,71.7058428856802,71.69962843184538,71.69333119582298,71.68695309210227,71.68049603517255,71.67396193952311,71.66735271964325,71.66067029002225,71.65391656514942,71.64709345951402,71.64020288760538,71.63324676391277,71.62622700292548,71.6191455191328,71.61200422702402,71.60480504108845,71.59754987581537,71.59024064569407,71.58287926521385,71.57546764886398,71.56800771113377,71.56050136651253,71.55295052948951,71.54535711455402,71.53772303619536,71.53005020890281,71.52234054716567,71.51459596547323,71.50681837831478,71.4990097001796,71.491171845557,71.48330672893627,71.4754162648067,71.46750236765756,71.45956695197816,71.4516119322578,71.44363922298577,71.43565073865133,71.42764839374382,71.4196341027525,71.41160978016667,71.40357734047561,71.39553869816864,71.38749576773502,71.37945046366406,71.37140470044504,71.36336039256726,71.35531945452001,71.34728380079258,71.33925534587428,71.33123600425436
71.11317723086711,71.12734443294359,71.14144541861258,71.15547841365593,71.16944164385548,71.18333333499307,71.19715171285057,71.2108950032098,71.22456143185263,71.2381492245609,71.25165660711644,71.26508180530112,71.27842304489678,71.29167855168527,71.30484655144842,71.31792526996809,71.33091293302611,71.34380776640437,71.35660799588467,71.36931184724888,71.38191754627886,71.39442331875642,71.40682739046342,71.41912798718172,71.43132333469318,71.44341165877961,71.45539118522287,71.46726013980482,71.47901674830729,71.49065923651213,71.5021858302012,71.51359475515633,71.52488423715938,71.5360525019922,71.54709777543663,71.55801828327449,71.56881225128768,71.579477905258,71.59001347096734,71.6004171741975,71.61068724073036,71.62082189634775,71.63081936683153,71.64067787796354,71.65039565552563,71.65997092529963,71.66940191306742,71.67868684461082,71.68782394571168,71.69681144215187,71.7056475597132,71.71433052417754,71.72285856132673,71.73122989694262,71.73944275680707,71.7474953667019,71.75538595240896,71.76311273971012,71.7706739543872,71.77806782222208,71.78529256899658,71.79234656253003,71.79923000957497,71.80594439899102,71.81249124574836,71.81887206481723,71.82508837116784,71.8311416797704,71.83703350559516,71.8427653636123,71.84833876879208,71.85375523610469,71.85901628052035,71.8641234170093,71.86907816054173,71.87388202608788,71.87853652861799,71.88304318310223,71.88740350451086,71.89161900781407,71.8956912079821,71.89962161998515,71.90341175879347,71.90706313937726,71.91057727670673,71.91395568575211,71.91719988148363,71.92031137887149,71.92329169288591,71.92614233849713,71.92886483067535,71.9314606843908,71.9339314146137,71.93627853631426,71.9385035644627,71.94060801402925,71.94259339998412,71.94446123729753,71.9462130409397,71.94785032588085,71.9493746070912,71.95078739954099,71.9520902182004,71.95328457803966,71.954371994029,71.95535398113866,71.95623205433881,71.9570077285997,71.95768251889156,71.95825794018458,71.958735507449,71.95911673565504,71.9594031397729,71.95959623477282,71.95969753562501,71.95970855729968,71.95963081476707,71.95946582299739,71.95921509696086,71.9588801516277,71.95846250196811,71.95796366280176,71.95738513454688,71.95672839150134,71.95599490520488,71.95518614719725,71.95430358901821,71.95334870220748,71.95232295830483,71.95122782885001,71.95006478538274,71.94883529944279,71.94754084256991,71.94618288630382,71.9447629021843,71.94328236175107,71.9417427365439,71.94014549810252,71.93849211796667,71.93678406767613,71.93502281877062,71.93320984278989,71.9313466112737,71.92943459576178,71.92747526779388,71.92547009890976,71.92342056064915,71.92132812455182,71.91919426215749,71.91702044500592,71.91480814463685,71.91255883259005,71.91027398040524,71.90795505962218,71.90560354178062,71.90322089842029,71.90080860108095,71.89836812130235,71.89590093062424,71.89340850058635,71.89089230272843,71.88835380859024,71.88579448971151,71.88321581763202,71.88061926389148,71.87800630002965,71.87537839758627,71.87273702810111,71.8700836631139,71.86741977416439,71.86474683279232,71.86206631053744,71.8593796789395,71.85668840953826,71.85399397387344,71.85129784348482,71.84860148991211,71.84590638469507,71.84321399937348,71.84052580548703
70.9693030745075,70.9868445485657,71.00433378535458,71.02176742995267,71.03914212743852,71.05645452289066,71.07370126138764,71.09087898800797,71.10798434783023,71.12501398593291,71.14196454739461,71.15883267729382,71.17561502070909,71.19230822271896,71.20890892840198,71.2254137828367,71.24181943110162,71.25812251827531,71.27431968943631,71.29040758966313,71.30638286403435,71.32224215762848,71.33798211552406,71.35359938279964,71.36909060453377,71.38445242580495,71.39968149169177,71.41477444727273,71.4297279376264,71.44453860783128,71.45920310296593,71.47371806810891,71.48808014833872,71.50228598873393,71.51633223437307,71.53021553033467,71.54393252169727,71.55747985353943,71.57085417093968,71.58405211897654,71.59707034272857,71.6099054872743,71.62255419769227,71.63501311906103,71.6472788964591,71.65934817496503,71.67121759965737,71.68288381561463,71.69434346791537,71.70559320163814,71.71662966186146,71.72744949366387,71.73804934212392,71.74842585232014,71.75857566933107,71.76849543823525,71.77818180411121,71.78763141203753,71.7968409070927,71.80580693436939,71.81452675968919,71.82299992404306,71.83122648955673,71.83920651835597,71.84694007256651,71.8544272143141,71.8616680057245,71.86866250892345,71.8754107860367,71.88191289918998,71.88816891050908,71.8941788821197,71.89994287614762,71.90546095471858,71.91073317995833,71.9157596139926,71.92054031894718,71.92507535694776,71.92936479012013,71.93340868059002,71.9372070904832,71.94076008192538,71.94406771704234,71.94713005795982,71.94994716680357,71.95251910569932,71.95484593677284,71.95692772214987,71.95876452395615,71.96035640431744,71.96170342535949,71.96280564920802,71.96366313798882,71.96427595382761,71.96464415885015,71.96476781518217,71.96464698494944,71.9642817302777,71.96367211329269,71.96281819612017,71.96172004088588,71.96037770971557,71.958791264735,71.95696076806989,71.95488628184602,71.9525678681891,71.95000558922492,71.94719950707919,71.9441496838777,71.94085618174616,71.93731906281033,71.93353838919596,71.9295142230288,71.9252466264346,71.9207356615391,71.91598139046805,71.9109838753472,71.90574317830229,71.90025936159685,71.8945333106674,71.88856867692765,71.8823696921139,71.87594058796243,71.86928559620956,71.86240894859155,71.8553148768447,71.84800761270532,71.84049138790965,71.83277043419403,71.82484898329471,71.81673126694803,71.80842151689022,71.79992396485761,71.79124284258647,71.7823823818131,71.7733468142738,71.76414037170483,71.75476728584249,71.74523178842308,71.73553811118289,71.72569048585821,71.71569314418532,71.70555031790052,71.69526623874009,71.68484513844031,71.6742912487375,71.66360880136793,71.65280202806788,71.64187516057368,71.63083243062157,71.61967806994785,71.60841631028885,71.59705138338082,71.58558752096005,71.57402895476284,71.5623799165255,71.55064463798428,71.5388273508755,71.52693228693543,71.51496367790037,71.50292575550661,71.49082275149044,71.47865889758813,71.46643842553601,71.45416556707033,71.44184455392741,71.42947961784351,71.41707499055494,71.404634903798,71.39216358930895,71.37966527882409,71.36714420407972,71.35460459681212,71.3420506887576,71.32948671165242,71.31691689723289,71.30434547723527,71.29177665810867,71.27921000429744,71.2666433504862
70.8125690296722,70.83649054285843,70.86029981228586,70.88399151346164,70.90756032189276,70.93100091308634,70.95430796254942,70.97747614578907,71.00050013831236,71.02337461562632,71.04609425323807,71.06865372665465,71.09104771138308,71.11327088293052,71.13531791680396,71.15718348851047,71.17886227355714,71.20034894745106,71.22163818569922,71.24272466380876,71.26360305728667,71.28426804164008,71.30471429237602,71.32493648500159,71.3449292950238,71.36468739794975,71.38420546928651,71.40347818454114,71.4225002192207,71.44126624883225,71.45977094888283,71.47800899487959,71.49597506232948,71.51366382673967,71.53106996361714,71.54818814846902,71.56501305680234,71.58153936412415,71.59776174594157,71.61367487776161,71.62927343509139,71.64455209343791,71.65950552830827,71.67412841520954,71.68841542964878,71.70236124713304,71.71596054316939,71.72920799326491,71.74209827292665,71.75462605766171,71.7667860229771,71.77857284437991,71.78998119737719,71.80100575747605,71.81164120018352,71.82188220100664,71.83172343545252,71.84115957902821,71.85018530724079,71.85879529559728,71.8669842196048,71.87474680327341,71.88208185945155,71.88899532938797,71.89549387026429,71.9015841392621,71.90727279356292,71.91256649034844,71.91747188680017,71.92199564009974,71.92614440742872,71.92992484596869,71.93334361290127,71.93640736540803,71.93912276067056,71.94149645587044,71.94353510818928,71.94524537480865,71.94663391291016,71.94770737967536,71.94847243228588,71.94893572792327,71.94910392376917,71.94898367700512,71.94858164481272,71.9479044843736,71.94695885286927,71.9457514074814,71.94428880539152,71.94257770378127,71.94062475983219,71.9384366307259,71.93601997364397,71.93338144576799,71.93052770427957,71.92746540636028,71.9242012091917,71.92074176995544,71.91709374583309,71.91326379400621,71.90925857165644,71.90508473596532,71.90074894411444,71.89625785328542,71.89161812065981,71.88683640341927,71.88191935874531,71.87687364381952,71.87170591582355,71.86642283193896,71.86103104934733,71.85553722523028,71.84994801676933,71.84427008114613,71.83851007554225,71.83267465713928,71.82677048311882,71.82080421066243,71.81478249695172,71.80871199916828,71.8025993744937,71.79645128010955,71.79027418537973,71.78407150415882,71.77784416608941,71.77159302879281,71.76531894989026,71.75902278700306,71.75270539775246,71.74636763975977,71.74001037064622,71.73363444803309,71.72724072954168,71.72083007279323,71.71440333540903,71.70796137501034,71.70150504921844,71.69503521565463,71.68855273194015,71.68205845569628,71.67555324454426,71.66903795610543,71.66251344800102,71.65598057785229,71.64944020328056,71.64289318190706,71.63634037135307,71.62978262923988,71.62322081318877,71.61665578082096,71.61008838975778,71.60351949762048,71.59694996203032,71.5903806406086,71.58381239097656,71.5772460707555,71.57068253756668,71.56412264903136,71.55756726277087,71.55101723640641,71.54447342755927,71.53793669385075,71.53140789290214,71.52488788233464,71.51837751976959,71.5118776628282,71.5053891691318,71.49891289630165,71.492449701959,71.48600044372512,71.47956597922132,71.47314716606886,71.466744861889,71.46035992430299,71.45399321093214,71.44764557939772,71.44131788732099,71.43501099232324,71.42872575202571,71.42246302404968
71.06803040147628,71.088297844469,71.1085115459739,71.12866688186449,71.14875922801428,71.16878396029676,71.18873645458542,71.20861208675379,71.22840623267533,71.24811426822355,71.26773156927197,71.28725351169408,71.30667547136335,71.32599282415333,71.34520094593749,71.36429521258933,71.38327099998236,71.40212368399008,71.42084864048599,71.43944124534356,71.45789687443633,71.47621090363778,71.49437870882142,71.51239566586072,71.53025715062923,71.5479585390004,71.56549520684777,71.5828625300448,71.60005588446504,71.61707064598193,71.63390219046902,71.65054589379977,71.66699713184772,71.68325128048633,71.69930371558914,71.71514981302961,71.73078494868128,71.7462044984176,71.76140383811212,71.7763783436383,71.79112339086967,71.8056343556797,71.81990661394191,71.8339355415298,71.84771651431686,71.8612449081766,71.87451609898253,71.88752546260811,71.90026837492687,71.91274021181229,71.92493634913791,71.9368521627772,71.94848302860365,71.95982432249076,71.97087142031205,71.98161969794103,71.99206453125115,72.00220129611597,72.01202536840894,72.02153212400358,72.03071693877341,72.03957519032227,72.04810380287645,72.05630409119061,72.06417814380742,72.0717280492696,72.07895589611984,72.08586377290084,72.09245376815534,72.098727970426,72.10468846825555,72.1103373501867,72.11567670476214,72.12070862052457,72.12543518601672,72.12985848978127,72.13398062036094,72.13780366629842,72.14132971613645,72.14456085841769,72.14749918168488,72.1501467744807,72.15250572534786,72.15457812282908,72.15636605546706,72.15787161180448,72.15909688038408,72.16004394974854,72.16071490844058,72.16111184500289,72.1612368479782,72.16109200590918,72.16067940733858,72.16000114080906,72.15905929486334,72.15785595804414,72.15639321889415,72.15467316595607,72.15269788777263,72.15046947288651,72.14799000984041,72.14526158717707,72.14228629343917,72.13906621716941,72.1356034469105,72.13190007120517,72.12795817859607,72.12377985762595,72.11936719683752,72.11472228477345,72.10984720997646,72.10474406098926,72.09941492635456,72.09386189461505,72.08808705431343,72.08209249399243,72.07588030219475,72.06945256746309,72.06281137834014,72.05595882336861,72.04889699109123,72.04162797005065,72.03415385114927,72.02647707184306,72.01860077826633,72.0105282031777,72.00226257933582,71.9938071394993,71.98516511642683,71.97633974287699,71.96733425160846,71.95815187537985,71.94879584694984,71.939269399077,71.92957576452005,71.91971817603756,71.9096998663882,71.8995240683306,71.8891940146234,71.87871293802525,71.86808407129476,71.85731064719059,71.84639589847137,71.83534305789573,71.82415535822233,71.8128360322098,71.80138831261677,71.78981543220188,71.77812062372377,71.76630711994108,71.75437815361244,71.74233695749649,71.73018676435188,71.71793080693723,71.7055723180112,71.69311453033242,71.68056067665952,71.66791398975114,71.65517770236593,71.6423550472625,71.62944925719952,71.61646356493561,71.60340120322942,71.59026540483956,71.57705940252471,71.56378642904347,71.5504497171545,71.53705249961644,71.52359800918792,71.51008947862758,71.49653014069403,71.48292322814598,71.469271973742,71.45557961024073,71.44184937040085,71.42808448698096,71.41428819273975,71.4004637204358,71.38661430282777,71.3727431726743
70.68402833009982,70.70584194420654,70.72749506121806,70.74898618176724,70.77031380648687,70.79147643600975,70.81247257096872,70.83330071199657,70.85395935972613,70.8744470147902,70.89476217782162,70.91490334945317,70.93486903031767,70.95465772104794,70.9742679222768,70.99369813463704,71.0129468587615,71.03201259528296,71.05089384483428,71.06958910804822,71.08809688555763,71.10641567799532,71.12454398599407,71.14248031018673,71.16022315120611,71.177771009685,71.19512238625623,71.2122757815526,71.22922969620696,71.24598263085205,71.26253308612077,71.27887956264587,71.29502056106018,71.31095458199653,71.32668012608771,71.34219569396653,71.35749978626583,71.37259090361842,71.38746754665708,71.40212821601465,71.41657141232393,71.43079563621775,71.4447993883289,71.45858116929023,71.47213947973451,71.48547282029458,71.49857969160323,71.51145859429329,71.52410802899757,71.53652649634888,71.54871249698006,71.56066453152388,71.57238110061317,71.58386070488075,71.59510184495942,71.606103021482,71.61686273508131,71.62737948639015,71.63765177604134,71.6476781046677,71.65745697290203,71.66698689334427,71.67626738743063,71.68529973538269,71.69408539406362,71.70262582033659,71.71092247106482,71.71897680311145,71.72679027333966,71.73436433861265,71.74170045579359,71.74880008174567,71.75566467333205,71.76229568741593,71.76869458086048,71.77486281052889,71.78080183328433,71.78651310598998,71.79199808550904,71.79725822870465,71.80229499244003,71.80710983357834,71.81170420898276,71.81607957551647,71.82023739004266,71.8241791094245,71.82790619052518,71.83142009020787,71.83472226533576,71.83781417277201,71.84069726937983,71.84337301202238,71.84584285756286,71.84810826286441,71.85017068479026,71.85203158020354,71.85369240596746,71.8551546189452,71.85641967599994,71.85748903399487,71.85836414979313,71.85904648025793,71.85953748225245,71.85983861263988,71.85995132828337,71.85987708604611,71.85961734279131,71.85917355538211,71.85854718068171,71.85773967555329,71.85675249686001,71.85558710146509,71.85424494623167,71.85272748802296,71.85103618370212,71.84917249013235,71.8471378641768,71.84493376269867,71.84256164256115,71.84002296062741,71.83731917376062,71.83445173882396,71.83142214408339,71.82823238868018,71.82488488711114,71.8213820659149,71.81772635163009,71.81392017079533,71.80996594994926,71.80586611563051,71.8016230943777,71.79723931272949,71.79271719722448,71.78805917440131,71.78326767079861,71.77834511295501,71.77329392740916,71.76811654069965,71.76281537936515,71.75739286994427,71.75185143897565,71.74619351299792,71.7404215185497,71.73453788216962,71.72854503039633,71.72244538976845,71.7162413868246,71.70993544810344,71.70353000014356,71.69702746948361,71.69043028266225,71.68374086621806,71.67696164668969,71.67009505061579,71.66314350453496,71.65610943498585,71.6489952685071,71.64180343163731,71.63453635091514,71.62719645287919,71.61978616406813,71.61230791102055,71.6047641202751,71.59715721837043,71.58948963184514,71.58176378723788,71.57398211108726,71.56614702993193,71.55826097031051,71.55032635876164,71.54234562182394,71.53432118603605,71.5262554779366,71.5181509240642,71.51000995095751,71.50183498515516,71.49362845319575,71.48539278161793,71.47713039696035,71.4688437257616
70.6897021069023,70.70805031669491,70.72629071264654,70.74442085176186,70.76243829104548,70.78034058750201,70.7981252981361,70.81578997995237,70.83333218995541,70.85074948514989,70.8680394225404,70.88519955913159,70.90222745192807,70.91912065793447,70.9358767341554,70.9524932375955,70.9689677252594,70.9852977541517,71.00148088127706,71.01751466364006,71.03339665824535,71.04912442209756,71.06469551220131,71.08010748556121,71.0953578991819,71.11044431006799,71.12536427522413,71.14011535165491,71.15469509636497,71.16910106635895,71.18333081864145,71.19738191021712,71.21125189809055,71.2249383392664,71.23843879074927,71.25175080954378,71.26487195265457,71.27779977708627,71.2905318398435,71.30306569793086,71.31539890835302,71.32752902811455,71.33945361422012,71.35117022367433,71.36267641348181,71.37396974064718,71.38504776217508,71.39590803507011,71.40654811633692,71.41696556298011,71.42715793200432,71.43712278041419,71.4468576652143,71.4563601434093,71.46562777200383,71.47465810800249,71.4834487084099,71.49199713023071,71.50030093046952,71.50835766613098,71.51616489421968,71.523720955372,71.53102746488875,71.53808689332355,71.54490171123251,71.5514743891718,71.55780739769754,71.56390320736587,71.56976428873291,71.57539311235483,71.58079214878774,71.5859638685878,71.59091074231111,71.59563524051383,71.60013983375211,71.60442699258206,71.60849918755983,71.61235888924156,71.61600856818339,71.61945069494143,71.62268774007185,71.62572217413076,71.62855646767431,71.63119309125865,71.6336345154399,71.63588321077418,71.63794164781767,71.63981229712647,71.64149762925672,71.64300011476458,71.64432222420616,71.64546642813762,71.64643519711508,71.64723100169468,71.64785631243257,71.64831359988486,71.64860533460771,71.64873398715726,71.64870202808962,71.64851192796095,71.64816615732738,71.64766718674504,71.64701748677008,71.64621952795862,71.64527578086681,71.64418871605079,71.64296080406669,71.64159451547063,71.64009232081878,71.63845669066725,71.63669009557219,71.63479500608973,71.63277389277602,71.63062922618717,71.62836347687934,71.62597911540865,71.62347861233127,71.6208644382033,71.61813906358088,71.61530495902016,71.61236459507728,71.60932033031821,71.60617403438246,71.60292744351693,71.5995822939655,71.59614032197203,71.59260326378038,71.58897285563442,71.58525083377802,71.58143893445505,71.57753889390936,71.57355244838485,71.56948133412534,71.56532728737474,71.5610920443769,71.55677734137569,71.55238491461496,71.5479165003386,71.54337383479047,71.53875865421443,71.53407269485436,71.52931769295411,71.52449538475756,71.51960750650856,71.514655794451,71.50964198482873,71.50456781388563,71.49943501786557,71.49424533301239,71.48900049556997,71.48370224178218,71.47835230789289,71.47295243014597,71.46750434478528,71.46200978805469,71.45647049619805,71.45088820545925,71.44526465208214,71.43960157231062,71.43390070238851,71.4281637785597,71.42239253706806,71.41658871415746,71.41075404607174,71.4048902690548,71.3989991193505,71.39308233320268,71.38714164685526,71.38117879655205,71.37519551853694,71.36919354905379,71.3631746243465,71.35714048065888,71.35109285423485,71.34503348131825,71.33896409815296,71.33288644098283,71.32680224605173,71.32071324960354,71.31462118788212
70.4925046342768,70.51661261587547,70.5406653769478,70.5646572870331,70.58858271567067,70.61243603239981,70.63621160675987,70.65990380829015,70.68350700652994,70.70701557101856,70.73042387129534,70.75372627689958,70.7769171573706,70.7999908822477,70.8229418210702,70.84576434337741,70.86845281870865,70.89100161660322,70.91340510660044,70.93565765823962,70.95775364106007,70.97968742460111,71.00145337840203,71.02304587200217,71.04445927494085,71.06568795675733,71.08672628699098,71.10756863518108,71.12820937086697,71.14864286358792,71.16886348288327,71.18886559829234,71.20864357935442,71.22819179560884,71.2475046165949,71.26657641185191,71.2854015509192,71.30397440333607,71.32228933864184,71.3403407263758,71.3581229360773,71.37563033728561,71.39285729954007,71.40979819238,71.42644738534469,71.44279924797345,71.4588481498056,71.47458846038047,71.49001454923736,71.50512078591557,71.51990153995443,71.53435118089324,71.54846407827131,71.56223460162796,71.57565712050251,71.58872600443426,71.60143562296253,71.61378034562662,71.62575454196586,71.63735258151955,71.648568833827,71.65939767038867,71.6698352155851,71.67988256984633,71.68954171058292,71.69881461520541,71.70770326112437,71.71620962575035,71.72433568649392,71.73208342076563,71.73945480597605,71.74645181953572,71.75307643885522,71.75933064134509,71.76521640441591,71.7707357054782,71.77589052194256,71.78068283121952,71.78511461071966,71.78918783785352,71.79290449003166,71.79626654466465,71.79927597916304,71.80193477093741,71.80424489739828,71.80620833595623,71.80782706402181,71.8091030590056,71.81003829831813,71.81063475936998,71.8108944195717,71.81081925633384,71.81041124706698,71.80967236918165,71.80860460008843,71.80720991719788,71.80549029792054,71.80344771966698,71.80108415984776,71.79840159587343,71.79540200515456,71.7920873651017,71.7884596531254,71.78452084663624,71.78027292304478,71.77571785976154,71.77085763419711,71.76569422376205,71.76022960586693,71.75446575792226,71.74840465733864,71.7420482815266,71.73539860789674,71.72845761385958,71.72122727682569,71.71370957420564,71.70590648340996,71.69781998184924,71.68945204693402,71.68080465607487,71.67187978668233,71.66267941616698,71.65320552649557,71.64346076879748,71.63344916259315,71.62317489466655,71.61264215180157,71.60185512078218,71.5908179883923,71.57953494141589,71.56801016663687,71.55624785083918,71.54425218080677,71.53202734332356,71.51957752517352,71.50690691314055,71.49401969400861,71.48092005456164,71.46761218158356,71.45410026185833,71.44038848216988,71.42648102930215,71.41238209003907,71.39809585116458,71.38362649946264,71.36897822171716,71.3541552047121,71.33916163523138,71.32400170005894,71.30867958597874,71.2931994797747,71.27756556823076,71.26178203813085,71.24585307625892,71.22978286939892,71.21357560433478,71.19723546785042,71.1807666467298,71.16417332775684,71.14745969771549,71.13062994338969,71.11368825156339,71.0966388090205,71.07948580254498,71.06223341892075,71.04488584493177,71.02744726736196,71.00992187299528,70.99231384861565,70.974627381007,70.9568666569533,70.93903586323846,70.92113918664643,70.90318081396113,70.88516493196653,70.86709572744655,70.84897738718514,70.83081409796623,70.81261004657375,70.79436941979165
70.86559999879532,70.88425950882981,70.90283223024201,70.92131537414357,70.93970615164605,70.9580017738611,70.97619945190036,70.99429639687546,71.01228981989797,71.03017693207954,71.0479549445318,71.06562106836637,71.08317251469487,71.10060649462892,71.11792021928014,71.13511089976018,71.15217574718062,71.1691119726531,71.18591678728924,71.20258740220069,71.21912102849905,71.23551487729591,71.25176615970295,71.26787208683177,71.28382986979398,71.2996367197012,71.3152898476651,71.33078646479723,71.34612378220928,71.36129901101282,71.37630936231949,71.39115204724092,71.40582427688875,71.42032326237458,71.43464621481002,71.44879034530669,71.46275286497627,71.47653098493032,71.49012191628049,71.50352287013837,71.51673105761563,71.52974368982387,71.54255797787474,71.55517113287979,71.56758036595073,71.57978288819913,71.5917759107366,71.60355664467482,71.61512230112535,71.62647009119988,71.63759722600994,71.64850091666725,71.65917837428339,71.66962680996994,71.6798434348386,71.68982546000095,71.6995700965686,71.70907455565322,71.71833604836638,71.72735178581974,71.73611897912491,71.74463490840074,71.75289874950997,71.76091176320693,71.76867531719003,71.77619077915764,71.7834595168082,71.79048289784004,71.79726228995165,71.80379906084136,71.81009457820758,71.81615020974874,71.82196732316322,71.82754728614941,71.83289146640573,71.83800123163056,71.84287794952229,71.84752298777934,71.8519377141001,71.85612349618296,71.86008170172636,71.86381369842863,71.86732085398822,71.87060453610351,71.8736661124729,71.8765069507948,71.8791284187676,71.88153188408972,71.88371871445952,71.8856902775754,71.8874479411358,71.88899307283907,71.89032704038365,71.89145121146791,71.89236695379026,71.89307563504912,71.89357862294284,71.89387728516985,71.89397298942856,71.89386710341734,71.89356099483459,71.89305603137873,71.89235358074816,71.89145501064127,71.89036168875646,71.8890749827921,71.88759626044663,71.88592688941844,71.8840682374059,71.88202167210744,71.87978856122146,71.87737027244634,71.87476817348048,71.87198363202228,71.86901801577017,71.8658726924225,71.8625490296777,71.85904839523414,71.85537215679025,71.85152168204442,71.84749833869506,71.84330349444053,71.8389386779522,71.83440621970206,71.82970869931731,71.82484869650338,71.81982879096569,71.81465156240964,71.80931959054067,71.80383545506419,71.79820173568567,71.79242101211045,71.78649586404401,71.78042887119173,71.77422261325907,71.76787966995144,71.76140262097428,71.75479404603294,71.74805652483295,71.74119263707962,71.73420496247846,71.72709608073481,71.71986857155417,71.71252501464193,71.70506798970351,71.6975000764443,71.6898238545698,71.68204190378535,71.6741568037964,71.66617113430837,71.65808747502672,71.64990840565682,71.6416365059041,71.63327435547401,71.62482453407193,71.61628962140333,71.6076721971736,71.59897484108816,71.59020013285243,71.58135065217186,71.57242897875184,71.56343769229781,71.55437937251517,71.54525659910936,71.5360719517858,71.52682801024991,71.51752735420712,71.50817256336282,71.49876621742246,71.48931089609144,71.4798091790752,71.47026364607916,71.46067687680875,71.45105145096937,71.44138994826645,71.43169494840541,71.42196903109166,71.41221477603065,71.40243476292781,71.3926315714885
70.18294521010715,70.2150256423718,70.24698741193144,70.27882412420375,70.31052938460641,70.34209679855704,70.37351997147334,70.40479250877297,70.4359080158736,70.46686009819285,70.49764236114846,70.52824841015804,70.55867185063927,70.58890628800982,70.61894532768737,70.64878257508954,70.67841163563405,70.70782611473852,70.73701961782064,70.76598575029806,70.79471811758846,70.82321032510951,70.85145597827885,70.87944868251417,70.90718204323312,70.93464966585336,70.96184515579259,70.98876211846843,71.01539415929858,71.04173488370068,71.06777789709241,71.09351680489144,71.11894521251541,71.14405672538201,71.16884494890891,71.19330348851375,71.21742594961421,71.24120593762797,71.26463705797266,71.28771291606597,71.31042711732556,71.33277326716909,71.35474497101423,71.37633583427865,71.39753946238001,71.41834946073597,71.4387594347642,71.45876298988237,71.47835373150815,71.49752526505918,71.51627119595315,71.53458512960772,71.55246067144054,71.56989142686929,71.58687100131165,71.60339300018525,71.61945102890778,71.6350386928969,71.65014959757028,71.66477734834557,71.67891555064044,71.69255785140895,71.70570139914935,71.71834944688332,71.73050586073342,71.7421745068222,71.75335925127222,71.76406396020604,71.77429249974621,71.78404873601531,71.79333653513588,71.80215976323048,71.81052228642167,71.81842797083202,71.82588068258408,71.8328842878004,71.83944265260355,71.84555964311609,71.85123912546058,71.85648496575956,71.8613010301356,71.86569118471127,71.86965929560913,71.8732092289517,71.87634485086159,71.87907002746131,71.88138862487345,71.88330450922058,71.88482154662522,71.88594360320995,71.88667454509735,71.88701823840994,71.8869785492703,71.88655934380097,71.88576448812454,71.88459784836353,71.88306329064054,71.88116468107809,71.87890588579877,71.87629077092512,71.8733232025797,71.87000704688508,71.8663461699638,71.86234443793845,71.85800571693154,71.85333387306568,71.8483327724634,71.84300628124726,71.83735826553983,71.83139259146365,71.8251131251413,71.81852373269533,71.81162828024829,71.80443063392275,71.79693465984126,71.78914422412637,71.78106319290067,71.77269543228671,71.76404480840702,71.75511518738418,71.74591043534075,71.73643441839928,71.72669100988129,71.71668420022439,71.70641807508476,71.69589672287907,71.68512423202405,71.67410469093643,71.6628421880329,71.65134081173015,71.63960465044492,71.62763779259392,71.61544432659385,71.6030283408614,71.59039392381331,71.57754516386626,71.56448614943699,71.55122096894219,71.53775371079857,71.52408846342284,71.51022931523173,71.49618035464191,71.48194567007012,71.46752934993305,71.45293548264742,71.43816815662996,71.42323146029733,71.40812948206627,71.3928663103535,71.3774460335757,71.3618727401496,71.3461505184919,71.33028345701932,71.31427564414855,71.29813116829631,71.28185411787932,71.26544858131427,71.24891864701787,71.23226840340686,71.21550193889792,71.19862334190776,71.1816367008531,71.16454610415063,71.14735564021709,71.13006939746917,71.11269146432358,71.09522592919703,71.07767688050622,71.06004840666789,71.0423445960987,71.02456953721541,71.00672731843471,70.98882202817329,70.97085775484788,70.95283858687519,70.93476861267192,70.91665192065479,70.89849259924048,70.88029473684574,70.86206242188726
70.40743540432578,70.42992520146697,70.45240678056055,70.4748747142022,70.49732357498753,70.5197479355122,70.54214236837186,70.56450144616213,70.58681974147868,70.60909182691712,70.63131227507314,70.65347565854236,70.67557654992042,70.69760952180296,70.71956914678564,70.7414499974641,70.76324664643398,70.78495366629092,70.80656562963057,70.82807710904856,70.84948267714057,70.87077690650221,70.89195436972912,70.91300963941697,70.9339372881614,70.95473188855803,70.97538801320253,70.99590023469054,71.01626312561768,71.03647125857961,71.056519206172,71.07640154099045,71.09611283563062,71.11564766268818,71.13500059475872,71.15416620443793,71.17313906432145,71.1919137470049,71.21048482508394,71.22884687115422,71.24699445781135,71.26492215765103,71.28262454326885,71.3000961872605,71.31733166222158,71.33432554074776,71.35107239543467,71.36756679887797,71.3838033236733,71.39977654241629,71.41548102770261,71.43091135212788,71.44606208828775,71.46092780877787,71.47550308619388,71.48978249313143,71.50376060218615,71.51743198595369,71.53079121702969,71.54383286800982,71.55655151148969,71.5689417219398,71.58099974957807,71.59272660170888,71.60412412402702,71.61519416222727,71.62593856200442,71.63635916905328,71.6464578290686,71.65623638774521,71.66569669077788,71.6748405838614,71.68366991269056,71.69218652296016,71.70039226036496,71.7082889705998,71.71587849935942,71.72316269233863,71.73014339523223,71.736822453735,71.74320171354172,71.74928302034719,71.75506821984621,71.76055915773355,71.76575767970401,71.77066563145237,71.77528485867343,71.77961720706199,71.7836645223128,71.7874286501207,71.79091143618045,71.79411472618685,71.79704036583468,71.79969020081872,71.80206607683378,71.80416983957466,71.80600333473612,71.80756840801297,71.80886690509998,71.80990067169196,71.81067155348369,71.81118139616997,71.81143204544557,71.8114253470053,71.81116314654393,71.81064728975628,71.8098796223371,71.80886198998121,71.80759623838338,71.80608421323842,71.8043277602411,71.80232872508621,71.80008895346857,71.79761029108293,71.7948945836241,71.79194367678687,71.78875941626603,71.78534364775636,71.78169821695266,71.77782496954971,71.77372575124231,71.76940240772524,71.76485678855082,71.76009130981981,71.75510954618524,71.74991521391424,71.7445120292739,71.73890370853141,71.73309396795385,71.72708652380838,71.72088509236211,71.71449338988218,71.70791513263573,71.70115403688987,71.69421381891175,71.68709819496848,71.67981088132721,71.67235559425505,71.66473605001914,71.65695596488662,71.64901905512461,71.64092903700025,71.63268962678065,71.62430454073294,71.61577749512426,71.60711220622177,71.59831239029255,71.58938176360375,71.58032404242252,71.57114294301596,71.5618421816512,71.55242547459541,71.54289653811567,71.53325908847914,71.52351684195294,71.51367351480421,71.50373282330007,71.49369848370765,71.48357421229407,71.4733637253265,71.46307073907202,71.45269896979781,71.44225213377095,71.43173394725859,71.42114812652788,71.41049838784593,71.39978844747988,71.38902202169685,71.37820282676397,71.36733457894837,71.3564209945172,71.34546578973757,71.3344726808766,71.32344538420145,71.31238761597923,71.30130309247708,71.29019552996212,71.2790686447015,71.26792615296232,71.25677177101173
70.9594017432365,70.97925271699445,70.99907613852112,71.01886716325038,71.03862094661608,71.05833264405209,71.07799741099227,71.09761040287047,71.11716677512057,71.13666168317638,71.15609028247184,71.17544772844074,71.19472917651697,71.21392978213439,71.23304470072685,71.25206908772822,71.27099809857235,71.28982688869311,71.30855061352436,71.32716442849994,71.34566348905373,71.36404295061959,71.38229796863138,71.40042369852294,71.41841529572815,71.43626791568087,71.45397671381495,71.47153684556426,71.48894346636266,71.50619173164398,71.52327679684213,71.54019381739093,71.55693794872425,71.57350434627597,71.58988816547992,71.60608456176998,71.62208869058,71.63789570734384,71.65350076749537,71.66889902646845,71.68408563969692,71.69905576261466,71.71380455065552,71.72832715925337,71.74261874384206,71.75667445985545,71.77048946272741,71.78405890789179,71.79737795078245,71.81044174683325,71.82324545147806,71.83578422015073,71.84805320828511,71.86004757131508,71.8717624646745,71.88319304379722,71.8943344641171,71.905181881068,71.91573045008379,71.9259753265983,71.93591166604544,71.94553462542679,71.95484076302402,71.96383061505135,71.97250541879504,71.98086641154136,71.98891483057662,71.9966519131871,72.00407889665905,72.01119701827878,72.01800751533257,72.02451162510671,72.03071058488746,72.03660563196111,72.04219800361395,72.04748893713224,72.0524796698023,72.05717143891039,72.06156548174279,72.06566303558579,72.06946533772566,72.07297362544868,72.07618913604117,72.07911310678936,72.08174677497956,72.08409137789806,72.08614815283113,72.08791833706505,72.08940316788609,72.09060388258057,72.09152171843473,72.09215791273489,72.09251370276729,72.09259032581826,72.09238901917405,72.09191102012095,72.09115756594524,72.0901298939332,72.08882924137113,72.08725684554528,72.08541394374197,72.08330177324746,72.08092157134801,72.07827457532996,72.07536202247954,72.07218515008306,72.0687451954268,72.06504339579702,72.06108098848003,72.0568592107621,72.0523792999295,72.04764249326854,72.04265002806548,72.0374031416066,72.0319030711782,72.02615105406656,72.02014832755795,72.01389612893865,72.00739569549496,72.00064826451316,71.9936550732795,71.9864173590803,71.97893636485915,71.97121416444219,71.96325453075258,71.9550614444004,71.94663888599574,71.93799083614864,71.92912127546923,71.92003418456754,71.91073354405367,71.90122333453768,71.89150753662967,71.8815901309397,71.87147509807785,71.86116641865422,71.85066807327884,71.83998404256182,71.82911830711325,71.81807484754317,71.80685764446167,71.79547067847885,71.78391793020475,71.77220338024946,71.76033100922308,71.74830479773567,71.7361287263973,71.72380677581805,71.71134292660801,71.69874115937724,71.68600545473582,71.67313979329383,71.66014815566136,71.64703452244846,71.63380287426523,71.62045719172174,71.60700145542806,71.59343964599428,71.57977574403047,71.5660137301467,71.55215758495305,71.53821128905962,71.52417882307645,71.51006416761363,71.49587130328126,71.48160421068938,71.4672668704481,71.45286326316747,71.4383973694576,71.42387316992853,71.40929464519036,71.39466577585316,71.379990542527,71.36527292582197,71.35051690634813,71.33572646471558,71.32090558153439,71.30605823741462,71.29118841296636,71.27630008879969
70.9696960914905,70.98800369600806,71.00620477167992,71.02429719351416,71.04227883651895,71.06014757570237,71.07790128607257,71.09553784263767,71.11305512040579,71.13045099438504,71.14772333958356,71.16487003100949,71.1818889436709,71.19877795257597,71.2155349327328,71.23215775914949,71.2486443068342,71.26499245079503,71.28120006604011,71.29726502757758,71.31318521041554,71.32895848956213,71.34458274002544,71.36005583681363,71.37537565493481,71.3905400693971,71.40554695520865,71.42039418737754,71.43507964091192,71.4496011908199,71.46395671210962,71.47814407978917,71.49216116886672,71.50600585435036,71.51967601124822,71.53316951456843,71.54648423931911,71.55961806050838,71.57256885314438,71.58533449223519,71.59791285278898,71.61030180981385,71.62249923831793,71.63450301330933,71.6463110097962,71.65792110278663,71.66933116728877,71.68053907831074,71.69154271086066,71.70233993994664,71.71292864057682,71.7233066877593,71.73347195650224,71.74342232181374,71.75315565870193,71.76266984217492,71.77196274724083,71.78103224890782,71.78987622218398,71.79849254207744,71.80687908359631,71.81503373325046,71.82295534715023,71.83064447178866,71.83810182343042,71.84532811834015,71.85232407278255,71.85909040302226,71.86562782532397,71.87193705595234,71.87801881117203,71.88387380724772,71.88950276044406,71.89490638702574,71.9000854032574,71.90504052540375,71.90977246972942,71.91428195249908,71.91856968997742,71.92263639842908,71.92648279411874,71.93010959331109,71.93351751227075,71.93670726726243,71.9396795745508,71.94243515040048,71.94497471107618,71.94729897284256,71.94940865196428,71.951304464706,71.9529871273324,71.95445735610815,71.95571586729791,71.95676337716635,71.95760060197816,71.95822825799796,71.95864706149045,71.95885772872029,71.95886097595216,71.95865751945071,71.95824807548061,71.95763336030653,71.95681409019315,71.95579098140512,71.95456475020711,71.9531361128638,71.95150578563984,71.94967448479991,71.94764292660868,71.94541182733082,71.94298190323097,71.94035387057383,71.93752844562405,71.93450634464631,71.93128828390527,71.9278749796656,71.92426714819196,71.92046550574902,71.91647076860146,71.91228365301393,71.9079048752511,71.90333515157766,71.89857526175493,71.89362701853892,71.88849307453832,71.88317610671048,71.87767879201282,71.87200380740268,71.86615382983746,71.86013153627452,71.85393960367125,71.84758070898503,71.84105752917323,71.83437274119323,71.82752902200241,71.82052904855816,71.81337549781783,71.80607104673881,71.79861837227848,71.7910201513942,71.78327906104339,71.7753977781834,71.7673789797716,71.75922534276538,71.75093954412212,71.74252426079919,71.73398216975396,71.72531594794383,71.71652827232616,71.70762181985833,71.69859926749773,71.68946329220172,71.68021657092768,71.670861780633,71.66140159827506,71.65183870081123,71.64217576519889,71.6324154683954,71.62256048735816,71.61261349904453,71.6025771804119,71.59245420841765,71.58224726001916,71.57195901217379,71.56159214183893,71.55114932597196,71.54063324153024,71.53004656547117,71.51939197475212,71.50867214633047,71.49788975716359,71.48704748420886,71.47614800442366,71.46519399476537,71.45418813219136,71.44313309365901,71.43203155612571,71.42088619654882,71.40969969188573,71.39847471909381
71.09220027598724,71.1074211028878,71.12255120106214,71.13758827076927,71.15253001226814,71.16737412581776,71.18211831167709,71.19676027010513,71.21129770136086,71.22572830570324,71.2400497833913,71.25425983468398,71.26835615984028,71.28233645911918,71.29619843277966,71.30993978108071,71.32355820428131,71.33705140264045,71.3504170764171,71.36365292587026,71.37675665125889,71.38972595284197,71.40255853087851,71.41525208562749,71.42780431734788,71.44021292629866,71.45247561273881,71.46459007692734,71.4765540191232,71.4883651395854,71.50002113857289,71.5115197163447,71.52285857315977,71.5340354092771,71.54504792495567,71.55589382045447,71.56657079603248,71.57707655194868,71.58740878846206,71.59756520583159,71.60754350431625,71.61734138417505,71.62695654566694,71.63638668905092,71.64562951458598,71.65468272253109,71.66354401314524,71.67221108668741,71.68068164341658,71.68895338359174,71.69702400747187,71.70489121531594,71.71255270738295,71.72000618393187,71.72724934522171,71.73427989151142,71.74109552306,71.74769394012642,71.75407284296969,71.76022993184877,71.76616290702263,71.771869501145,71.77735017776538,71.78261016142339,71.7876551548233,71.79249086066936,71.79712298166585,71.80155722051704,71.80579927992717,71.80985486260055,71.81372967124142,71.81742940855403,71.82095977724269,71.82432648001163,71.82753521956514,71.83059169860746,71.83350161984289,71.83627068597568,71.83890459971009,71.84140906375039,71.84378978080085,71.84605245356575,71.84820278474932,71.85024647705586,71.85218923318962,71.85403675585488,71.8557947477559,71.85746891159694,71.85906495008227,71.86058856591616,71.86204546180288,71.86344134044668,71.86478190455185,71.86607285682264,71.86731989996332,71.86852873667816,71.86970506967143,71.87085460164738,71.8719830353103,71.87309607336444,71.87419941851407,71.87529877346344,71.87639984091686,71.87750832357855,71.87862992415282,71.8797703453439,71.88093528985607,71.8821304603936,71.88336155966074,71.88463429036179,71.88595435520098,71.8873274568826,71.88875929811091,71.89025558159018,71.89182201002467,71.89346428611866,71.89518811257639,71.89699919210214,71.8989032274002,71.9009059211748,71.90301297613021,71.90523009497073,71.90756273701955,71.9100124021586,71.91257737113682,71.91525583137516,71.91804597029461,71.92094597531619,71.92395403386082,71.92706833334952,71.93028706120327,71.93360840484306,71.93703055168983,71.94055168916461,71.94417000468836,71.94788368568206,71.95169091956669,71.95558989376323,71.95957879569268,71.96365581277601,71.9678191324342,71.97206694208823,71.9763974291591,71.98080878106776,71.98529918523523,71.98986682908246,71.99450990003044,71.99922658550015,72.00401507291258,72.00887354968872,72.01380020324952,72.01879322101598,72.0238507904091,72.02897109884984,72.03415233375918,72.03939268255812,72.04469033266763,72.05004347150867,72.05545028650226,72.06090896506937,72.06641769463097,72.07197466260806,72.07757805642159,72.08322606349257,72.08891687124198,72.0946486670908,72.10041963846,72.10622797277057,72.11207185744348,72.11794947989974,72.12385902756031,72.12979868784618,72.13576664817832,72.14176109597771,72.14778021866536,72.15382220366223,72.15988523838931,72.16596751026756,72.172067206718,72.17818251516158
70.72485801937249,70.7417499383415,70.75855712759476,70.7752781167122,70.79191143527369,70.80845561285913,70.8249091790484,70.84127066342141,70.85753859555801,70.87371150503813,70.88978792144164,70.90576637434842,70.92164539333838,70.9374235079914,70.95309924788737,70.96867114260617,70.9841377217277,70.99949751483187,71.01474905149853,71.02989086130759,71.04492147383894,71.05983941867247,71.07464322538804,71.0893314235656,71.10390254278498,71.1183551126261,71.13268766266884,71.1468987224931,71.16098682167878,71.17495048980572,71.18878825645385,71.20249865120306,71.21608020363321,71.22953144332423,71.24285089985598,71.25603710280836,71.26908858176125,71.28200386629456,71.29478148598817,71.30741997042195,71.31991784917581,71.33227365182964,71.34448590796332,71.35655314715675,71.36847389898979,71.38024669304238,71.39187005889437,71.40334252612566,71.41466262431615,71.42582888304571,71.43683983189425,71.44769400044164,71.45838991826778,71.46892611495257,71.47930112007587,71.48951346321759,71.49956167395763,71.50944428187586,71.51915981655216,71.52870680756645,71.5380837844986,71.54728927715526,71.5563220180119,71.5651813148773,71.57386657695714,71.58237721345711,71.5907126335829,71.59887224654017,71.60685546153461,71.6146616877719,71.62229033445774,71.62974081079781,71.63701252599779,71.64410488926336,71.6510173098002,71.657749196814,71.66429995951043,71.6706690070952,71.67685574877396,71.68285959375243,71.68867995123627,71.69431623043116,71.69976784054279,71.70503419077684,71.71011469033901,71.71500874843495,71.71971577427038,71.72423517705097,71.7285663659824,71.73270875027035,71.7366617391205,71.74042474173855,71.74399716733016,71.74737842510105,71.75056792425686,71.7535650740033,71.75636928354605,71.75897996209078,71.76139651884318,71.76361836300896,71.76564490379376,71.76747555040329,71.76910971204322,71.77054679791924,71.77178621723704,71.7728273792023,71.77366969302068,71.7743125678979,71.77475541303961,71.77499763765152,71.77503865093931,71.77487786210865,71.77451468036523,71.77394851491472,71.77317877496283,71.77220486971522,71.77102620837759,71.7696422001556,71.76805225425497,71.76625577988135,71.76425218624044,71.76204088253792,71.75962128564217,71.75699393783356,71.75416168278159,71.75112764546306,71.74789495085479,71.7444667239336,71.74084608967631,71.73703617305972,71.73304009906067,71.72886099265597,71.72450197882243,71.71996618253688,71.71525672877611,71.71037674251697,71.70532934873626,71.70011767241078,71.69474483851738,71.68921397203285,71.68352819793402,71.6776906411977,71.67170442680072,71.66557267971987,71.659298524932,71.6528850874139,71.64633549214241,71.63965286409433,71.63284032824647,71.62590100957567,71.61883803305872,71.61165452367246,71.6043536063937,71.59693840619924,71.58941204806592,71.58177765697056,71.57403835788995,71.56619727580092,71.55825753568028,71.55022226250487,71.54209458125148,71.53387761689694,71.52557449441807,71.51718833879168,71.50872227499458,71.5001794280036,71.49156292279555,71.48287588434725,71.4741214376355,71.46530270763715,71.45642281932899,71.44748489768784,71.43849206769053,71.42944745431386,71.42035418253465,71.41121537732974,71.4020341636759,71.39281366655,71.38355701092883,71.37426732178919
70.83084523242385,70.84502536933263,70.85916152909688,70.87325182629928,70.8872943755225,70.9012872913492,70.9152286883621,70.92911668114382,70.94294938427709,70.95672491234454,70.97044137992887,70.98409690161276,70.99768959197885,71.01121756560985,71.02467893708844,71.03807182099726,71.05139433191903,71.06464458443638,71.07782069313203,71.09092077258859,71.10394293738881,71.11688530211534,71.12974598135082,71.14252308967798,71.15521474167947,71.16781905193795,71.18033413503613,71.19275810555665,71.20508907808221,71.21732516719547,71.22946448747912,71.24150515351582,71.25344527988827,71.2652829811791,71.27701637197104,71.28864356684673,71.30016268038887,71.3115718271801,71.32286912180311,71.3340526788406,71.34512061287522,71.35607103848966,71.36690207026658,71.37761182278867,71.38819841063858,71.39865994839903,71.40899455065265,71.41920033198215,71.42927540697018,71.43921789019943,71.44902589625256,71.45869753971228,71.46823093516122,71.47762419718208,71.48687544035755,71.49598277927028,71.50494432850294,71.51375820263824,71.52242251625883,71.5309353839474,71.53929494326604,71.5474998426459,71.55554923176503,71.56344228135634,71.57117816215279,71.5787560448873,71.58617510029279,71.5934344991022,71.60053341204846,71.6074710098645,71.61424646328325,71.62085894303763,71.6273076198606,71.63359166448505,71.63971024764395,71.64566254007019,71.65144771249673,71.6570649356565,71.6625133802824,71.6677922171074,71.67290061686441,71.67783775028637,71.6826027881062,71.68719490105683,71.69161325987119,71.69585703528222,71.69992539802283,71.70381751882599,71.70753256842457,71.71106971755157,71.71442813693986,71.7176069973224,71.72060546943212,71.72342272400195,71.72605793176481,71.72851026345364,71.73077888980137,71.73286298154093,71.73476170940523,71.73647424412724,71.73799975643988,71.73933741707603,71.74048639676869,71.74144586625073,71.74221499625514,71.7427929575148,71.74317892076266,71.74337205673166,71.74337153615471,71.74317652976477,71.74278620829473,71.74219974247755,71.74141630304615,71.74043506073346,71.73925518627243,71.73787585039597,71.73629622383699,71.73451547732846,71.73253278160328,71.73034730739667,71.72795898356688,71.72537064173855,71.72258580817227,71.71960800912859,71.71644077086813,71.71308761965142,71.70955208173906,71.70583768339165,71.70194795086972,71.69788641043388,71.69365658834471,71.68926201086279,71.68470620424867,71.67999269476296,71.67512500866621,71.67010667221903,71.66494121168198,71.65963215331564,71.65418302338058,71.6485973481374,71.64287865384665,71.63703046676893,71.6310563131648,71.62495971929488,71.6187442114197,71.61241331579984,71.60597055869592,71.59941946636847,71.59276356507812,71.58600638108538,71.57915144065089,71.5722022700352,71.5651623954989,71.55803534330255,71.55082463970675,71.54353381097206,71.53616638335907,71.52872588312835,71.52121583654048,71.51363976985604,71.50600120933561,71.49830368123978,71.49055071182912,71.48274582736417,71.47489255410557,71.46699441831385,71.45905494624961,71.45107766417344,71.4430660983459,71.43502377502757,71.42695422047903,71.41886096096087,71.41074752273363,71.40261743205794,71.39447421519435,71.38632139840342,71.37816250794577,71.37000107008195,71.36184061107255,71.35368373058866
70.65752446699561,70.6768680630285,70.69627186028002,70.7157296815717,70.73523534972497,70.75478268756132,70.77436551790223,70.79397766356915,70.81361294738359,70.83326519216699,70.85292822074084,70.8725958559266,70.89226192054576,70.9119202374198,70.93156462937017,70.95118891921835,70.97078692978583,70.99035248389407,71.00987940436455,71.02936151401873,71.0487926356781,71.06816659216412,71.08747720629827,71.10671830090203,71.12588369879687,71.14496722280425,71.16396269574567,71.18286394044257,71.20166477971647,71.22035903638879,71.23894053328104,71.25740309321468,71.27574053901118,71.29394669349203,71.3120153794787,71.32994041979265,71.34771563725536,71.3653348546883,71.38279189491296,71.4000805807508,71.41719473502329,71.43412818055192,71.45087474015814,71.46742823666344,71.4837824928893,71.49993133165717,71.51586857578855,71.5315880481049,71.54708357142769,71.56234896857839,71.5773780623785,71.59216467564947,71.60670263121278,71.6209857518899,71.63500786050231,71.64876277987148,71.66224433281889,71.675446342166,71.68836263073429,71.70098702134523,71.7133133368203,71.72533540172016,71.73704859508861,71.74845270881283,71.75954831250093,71.77033597576093,71.78081626820095,71.79098975942904,71.80085701905327,71.81041861668173,71.8196751219225,71.82862710438363,71.8372751336732,71.8456197793993,71.85366161117,71.86140119859336,71.86883911127745,71.87597591883038,71.8828121908602,71.88934849697497,71.8955854067828,71.90152348989174,71.90716331590987,71.91250545444525,71.91755047510598,71.92229894750012,71.92675144123575,71.93090852592094,71.93477077116377,71.9383387465723,71.94161302175462,71.94459416631881,71.94728274987291,71.94967934202504,71.95178451238323,71.95359883055558,71.95512286615016,71.95635718877506,71.95730236803831,71.95795897354803,71.95832757491229,71.95840874173913,71.95820304363666,71.95771105021294,71.95693333107603,71.95587045583403,71.954522994095,71.95289151546702,71.95097658955815,71.94877878597649,71.9462986743301,71.94353682422704,71.94049380527541,71.93717018708327,71.9335665392587,71.92968343140977,71.92552143314457,71.92108111407114,71.91636304379759,71.91136779193197,71.90609592808237,71.90054802185685,71.89472465121003,71.88862761994054,71.88226123861277,71.87563012420236,71.86873889368495,71.86159216403621,71.85419455223177,71.84655067524729,71.83866515005839,71.83054259364074,71.82218762296998,71.81360485502175,71.80479890677172,71.79577439519551,71.78653593726878,71.77708814996718,71.76743565026635,71.75758305514194,71.74753498156959,71.73729604652495,71.72687086698367,71.7162640599214,71.70548024231378,71.69452403113645,71.68340004336508,71.67211289597529,71.66066720594276,71.64906759024309,71.63731866585196,71.62542504974502,71.6133913588979,71.60122221028625,71.58892222088573,71.57649600767198,71.56394818762062,71.55128337770735,71.53850619490777,71.52562125619754,71.51263317855232,71.49954657894774,71.48636607435947,71.47309628176312,71.45974181813438,71.44630730044886,71.43279734568223,71.41921657081012,71.40556959280819,71.39186102865207,71.37809549531744,71.36427760977992,71.35041198901516,71.3365032499988,71.3225560097065,71.30857488511391,71.29456449319666,71.28052945093042,71.26647437529081,71.25240388325349
70.69886698628724,70.71974121671462,70.74055292113172,70.7612977232225,70.78197124667085,70.80256911516065,70.82308695237586,70.84352038200035,70.86386502771802,70.8841165132128,70.9042704621686,70.9243224982693,70.94426824519883,70.9641033266411,70.98382336627998,71.00342398779941,71.02290081488329,71.04224947121554,71.06146558048005,71.0805447663607,71.09948265254147,71.11827486270622,71.13691702053882,71.15540474972326,71.17373367394339,71.19189941688313,71.20989760222639,71.22772385365707,71.24537379485909,71.26284304951633,71.28012724131275,71.2972219939322,71.31412293105862,71.3308256763759,71.34732585356795,71.36361908631869,71.37970099831202,71.39556721323183,71.41121335476205,71.42663504658657,71.44182791238933,71.45678757585418,71.47150966066508,71.4859897905059,71.5002235890606,71.51420668001299,71.52793468704706,71.54140323384672,71.55460794409584,71.5675444414783,71.58020834967809,71.59259529237906,71.60470089326509,71.61652077602017,71.62805056432813,71.63928588187292,71.65022235233846,71.66085559940859,71.67118124676728,71.68119491809841,71.6908922370859,71.7002688286747,71.70932144494535,71.71805003767383,71.7264551225515,71.73453721526963,71.74229683151958,71.74973448699265,71.75685069738017,71.76364597837349,71.77012084566385,71.77627581494266,71.7821114019012,71.78762812223079,71.79282649162275,71.7977070257684,71.80227024035909,71.8065166510861,71.81044677364079,71.81406112371445,71.81736021699845,71.82034456918404,71.8230146959626,71.8253711130254,71.82741433606381,71.82914488076912,71.8305632628327,71.8316699979458,71.83246560179978,71.83295059008597,71.83312547849567,71.8329907827202,71.8325470184509,71.8317947013791,71.83073434719608,71.8293664715932,71.82769159026176,71.82571021889308,71.82342287317852,71.82083006880933,71.81793232147689,71.8147301468725,71.81122406068752,71.80741457861319,71.80330221634091,71.79888748956196,71.79417091396766,71.78915300524935,71.78383427909836,71.77821525120598,71.77229643726352,71.76607835296235,71.75956151399379,71.75274643604911,71.74563363481968,71.7382236259968,71.73051692527179,71.72251404833597,71.71421551088068,71.70562182859723,71.69673351717694,71.68755109231111,71.67807507780398,71.66830718898802,71.65825157778809,71.64791269396284,71.63729498727082,71.62640290747069,71.61524090432101,71.60381342758038,71.59212492700743,71.58017985236074,71.56798265339896,71.55553777988064,71.54284968156438,71.52992280820882,71.51676160957254,71.50337053541418,71.48975403549227,71.47591655956549,71.46186255739238,71.44759647873158,71.4331227733417,71.4184458909813,71.40357028140903,71.38850039438347,71.37324067966324,71.3577955870069,71.34216956617311,71.32636706692045,71.3103925390075,71.29425043219288,71.27794519623521,71.26148128089307,71.24486313592507,71.2280952110898,71.21118195614591,71.19412782085192,71.17693725496653,71.15961470824828,71.14216463045577,71.12459147134766,71.10689968068249,71.08909370821888,71.07117800371546,71.05315701693078,71.0350351976235,71.0168169955522,70.99850686047549,70.98010924215197,70.96162859034021,70.94306935479887,70.92443598528652,70.90573293156174,70.88696464338321,70.86813557050945,70.8492501626991,70.83031286971075,70.81132814130305,70.79230042723452
70.46676472374526,70.48576512669892,70.50470833526444,70.52359096131306,70.54240961671601,70.56116091334451,70.5798414630698,70.59844787776308,70.61697676929559,70.63542474953856,70.65378843036322,70.67206442364079,70.69024934124249,70.70833979503958,70.72633239690325,70.74422375870472,70.76201049231526,70.77968920960605,70.79725652244835,70.81470904271337,70.83204338227235,70.84925615299652,70.86634396675707,70.88330343542526,70.90013117087231,70.91682378496945,70.9333778895879,70.9497900965989,70.96605701787365,70.9821752652834,70.99814145069938,71.01395218599279,71.02960408303487,71.04509375369686,71.06041780984998,71.07557286336544,71.09055552611449,71.10536240996835,71.11999012679823,71.13443528847537,71.14869450687101,71.16276439385636,71.17664156130265,71.1903226210811,71.20380418506295,71.21708286511941,71.23015527312172,71.24301802094111,71.2556677204488,71.26810098351602,71.28031442201399,71.29230464781394,71.30406827278709,71.3156019088047,71.32690216773794,71.33796566145809,71.34878900183634,71.35936880074394,71.3697016700521,71.37978422163205,71.38961306735503,71.39918482022628,71.40849710685227,71.41755043123516,71.42634580449028,71.43488423773294,71.44316674207849,71.4511943286422,71.45896800853941,71.46648879288546,71.47375769279562,71.48077571938525,71.48754388376963,71.49406319706412,71.500334670384,71.50635931484463,71.51213814156128,71.5176721616493,71.52296238622398,71.52800982640068,71.53281549329468,71.5373803980213,71.54170555169588,71.54579196543372,71.54964065035016,71.55325261756047,71.55662887818002,71.5597704433241,71.56267832410803,71.56535353164715,71.56779707705675,71.57000997145215,71.57199322594869,71.57374785166165,71.57527485970638,71.5765752611982,71.5776500672524,71.57850028898432,71.57912693750927,71.57953102394258,71.57971355939954,71.57967555499549,71.57941802184574,71.5789419710656,71.57824841377042,71.57733836107548,71.57621282409612,71.57487281394765,71.57331934174537,71.57155341860464,71.56957605564074,71.56738826396901,71.56499105470475,71.56238543896329,71.55957242785993,71.55655303251002,71.55332826402886,71.54989913353177,71.54626665213405,71.54243183095105,71.53839568109805,71.5341592136904,71.52972344433402,71.52509004816702,71.52026204902474,71.51524263559885,71.51003499658101,71.50464232066288,71.49906779653612,71.49331461289236,71.48738595842327,71.4812850218205,71.47501499177571,71.46857905698056,71.46198040612668,71.45522222790575,71.44830771100942,71.44124004412933,71.43402241595716,71.42665801518453,71.41915003050313,71.41150165060459,71.40371606418059,71.39579645992275,71.38774602652275,71.37956795267223,71.37126542706285,71.36284163838629,71.35429977533416,71.34564302659814,71.33687458086989,71.32799762684104,71.31901535320327,71.30993094864823,71.30074760186756,71.29146850155293,71.28209683639598,71.27263579508838,71.26308856632177,71.25345833878782,71.24374830117817,71.2339616421845,71.22410155049843,71.21417121481164,71.20417382381576,71.19411256620248,71.18399063066343,71.17381120589026,71.16357748057465,71.15329264340822,71.14295988308265,71.1325823882896,71.1221633477207,71.11170595006763,71.10121338402202,71.09068883827555,71.08013550151985,71.06955656244659,71.05895520974742,71.04833463211399
71.23055799332977,71.24522019311716,71.25977272566064,71.27421304975749,71.28853862420499,71.30274690780035,71.31683535934089,71.33080143762383,71.34464260144645,71.35835630960601,71.37194002089977,71.38539119412499,71.39870728807895,71.41188576155889,71.42492407336209,71.4378196822858,71.4505700471273,71.46317262668383,71.47562487975266,71.48792426513104,71.50006824161628,71.51205426800558,71.52387980309624,71.53554230568552,71.54703923457068,71.55836804854896,71.56952620641765,71.580511166974,71.5913203890153,71.60195133133877,71.61240145274168,71.62266821202132,71.63274906797493,71.64264147939978,71.65234290509314,71.66185080385223,71.67116263447437,71.6802758557568,71.68918792649679,71.69789630549157,71.70639845153843,71.71469182343463,71.72277387997742,71.7306420799641,71.73829388219188,71.74572674545806,71.75293812855988,71.75992549029462,71.76668628945953,71.77321798485187,71.77951803526892,71.78558389950793,71.79141303636615,71.79700290464088,71.80235096312934,71.80745467062881,71.81231148593658,71.81691886784986,71.82127427516595,71.8253751666821,71.82921900119557,71.83280323914317,71.83612680640897,71.83919278896639,71.84200500596432,71.84456727655167,71.84688341987733,71.84895725509023,71.85079260133922,71.85239327777325,71.85376310354117,71.85490589779192,71.8558254796744,71.85652566833748,71.85701028293008,71.85728314260109,71.85734806649943,71.85720887377397,71.85686938357364,71.8563334150473,71.8556047873439,71.85468731961231,71.85358483100143,71.85230114066016,71.85084006773741,71.84920543138207,71.84740105074306,71.84543074496925,71.84329833320956,71.84100763461288,71.8385624683281,71.83596665350416,71.8332240092899,71.83033835483428,71.82731350928617,71.82415329179447,71.82086152150808,71.8174420175759,71.81389859914684,71.81023508536978,71.80645529539363,71.8025630483673,71.7985621634397,71.79445645975969,71.79024975647619,71.78594587273811,71.78154862769433,71.77706184049377,71.77248933028532,71.76783491621788,71.76310241744035,71.75829565310163,71.75341844235061,71.74847460433621,71.74346795820732,71.73840232311284,71.73328151820166,71.7281093626227,71.72288967552485,71.717626276057,71.71232298336807,71.70698361660693,71.70161198799822,71.69621089280324,71.69078104666428,71.68532291102406,71.67983694732528,71.67432361701069,71.66878338152299,71.6632167023049,71.65762404079913,71.65200585844843,71.6463626166955,71.64069477698305,71.63500280075382,71.62928714945053,71.62354828451589,71.61778666739261,71.61200275952342,71.60619702235105,71.6003699173182,71.59452190586762,71.58865344944199,71.58276500948406,71.57685704743653,71.57093002474214,71.56498440284359,71.55902064318362,71.55303920720493,71.54704055635025,71.5410251520623,71.5349934557838,71.52894592895746,71.522883033026,71.51680522943217,71.51071297961866,71.50460674502818,71.49848698710348,71.49235416728726,71.48620874702226,71.48005118775117,71.47388195091673,71.46770149796166,71.46151029032866,71.45530878946047,71.44909745679982,71.4428767537894,71.43664714187194,71.43040908249019,71.42416303708681,71.41790946710456,71.41164883398618,71.40538159917433,71.39910822411179,71.39282917024123,71.3865448990054,71.38025587184701,71.37396255020877,71.36766539553344,71.36136486926368
70.52703766064288,70.55035626189168,70.5736518371006,70.59691840065636,70.62014996694568,70.6433405503552,70.66648416527171,70.68957482608187,70.71260654717237,70.73557334292994,70.75846922774129,70.7812882159931,70.80402432207208,70.82667156036497,70.84922394525843,70.87167549113919,70.89402021239395,70.91625212340941,70.93836523857229,70.96035357226927,70.98221113888707,71.0039319528124,71.02551002843195,71.04693938013244,71.06821402230057,71.08932796932304,71.11027523558656,71.13104983547782,71.15164578338356,71.17205709369046,71.19227778078522,71.21230185905455,71.23212334288516,71.25173624666375,71.27113458477704,71.29031237161172,71.30926362155449,71.32798234899208,71.34646256831117,71.36469829389847,71.38268354014069,71.40041232142454,71.4178786521367,71.43507654666391,71.45200001939284,71.46864308471022,71.48499975700275,71.50106405065715,71.5168299800601,71.53229155959829,71.54744280365847,71.56227772662731,71.57679034289153,71.59097466683784,71.60482471285293,71.61833449532351,71.6314980286363,71.644309327178,71.65676240533529,71.66885127749488,71.6805699580435,71.69191246406987,71.70287522775186,71.7134615371858,71.72367588875724,71.73352277885176,71.74300670385495,71.75213216015234,71.76090364412951,71.76932565217206,71.77740268066552,71.78513922599548,71.79253978454749,71.79960885270712,71.80635092685996,71.81277050339156,71.8188720786875,71.82466014913334,71.83013921111464,71.83531376101698,71.84018829522593,71.84476731012705,71.84905530210591,71.85305676754808,71.85677620283914,71.86021810436463,71.86338696851014,71.86628729166125,71.86892357020349,71.87130030052246,71.87342197900371,71.87529310203283,71.87691816599536,71.87830166727689,71.87944810226297,71.88036196733918,71.8810477588911,71.88150997330428,71.8817531069643,71.8817816562567,71.88160011756709,71.881212987281,71.88062476178403,71.87983993746174,71.87886301069969,71.87769847788344,71.87635083539857,71.87482457963065,71.87312420696526,71.87125421378794,71.86921909648427,71.86702335143983,71.86467147504017,71.86216796367087,71.85951731371749,71.85672402156561,71.85379258360078,71.85072749620859,71.8475332557746,71.84421435868437,71.84077530132348,71.83722058007749,71.83355468596653,71.8297813219973,71.82590257974378,71.82192035380857,71.81783653879424,71.81365302930342,71.80937171993871,71.8049945053027,71.80052327999799,71.79595993862718,71.79130637579286,71.78656448609763,71.7817361641441,71.77682330453487,71.77182780187252,71.76675155075966,71.76159644579892,71.75636438159283,71.75105725274405,71.74567695385515,71.74022537952874,71.73470442436741,71.72911598297375,71.72346194995039,71.7177442198999,71.7119646874249,71.70612524712797,71.70022779361172,71.69427422147874,71.68826642533163,71.68220629977301,71.67609573940545,71.66993663883157,71.66373089265396,71.6574803954752,71.65118704189793,71.64485272652472,71.63847934395818,71.6320687888009,71.62562295565549,71.61914373912452,71.61263303381062,71.60609273431639,71.59952473524442,71.5929309311973,71.58631321677763,71.57967348658802,71.57301363523106,71.56633555730937,71.55964114742552,71.55293230018212,71.54621091018177,71.53947887202706,71.53273808032061,71.525990429665,71.51923781466283,71.5124821299167,71.50572527002923
70.69513726516323,70.71753421152592,70.7398894879689,70.76219814632942,70.78445523844474,70.80665581615206,70.82879493128864,70.85086763569174,70.87286898119856,70.89479401964637,70.9166378028724,70.93839538271389,70.96006181100809,70.98163213959221,71.00310142030352,71.02446470497925,71.04571704545664,71.06685349357294,71.08786910116537,71.10875892007117,71.1295180021276,71.15014139917189,71.17062416304127,71.190961345573,71.2111479986043,71.23117917397244,71.25104992351461,71.2707552990681,71.29029035247012,71.30965013555792,71.32882970016874,71.34782409813982,71.3666283813084,71.38523760151172,71.403646810587,71.42185106037152,71.43984540270249,71.45762488941716,71.47518457235277,71.49251950334656,71.50962473423576,71.52649531685762,71.54312630304938,71.55951274464829,71.57564969349156,71.59153220141646,71.6071553202602,71.62251410186005,71.63760359805325,71.652418860677,71.66695494156859,71.68120689256523,71.69516976550416,71.70883861222264,71.72220848455788,71.73527443434715,71.74803151342768,71.7604747736367,71.77259926681145,71.7844000447892,71.79587215940715,71.80701069440346,71.81781342278389,71.82828280597042,71.83842177626083,71.84823326595293,71.85772020734449,71.86688553273329,71.87573217441712,71.88426306469377,71.892481135861,71.90038932021663,71.90799055005841,71.91528775768415,71.92228387539163,71.92898183547861,71.9353845702429,71.94149501198228,71.94731609299453,71.95285074557744,71.95810190202879,71.96307249464634,71.96776545572791,71.97218371757128,71.97633021247422,71.98020787273452,71.98381963064998,71.98716841851835,71.99025716863744,71.99308881330502,71.99566628481888,71.99799251547681,72.0000704375766,72.001902983416,72.00349308529285,72.00484367550487,72.00595768634989,72.00683805012568,72.00748769913002,72.00790956566071,72.00810658201551,72.00808168049223,72.00783779338863,72.00737785300251,72.00670479163165,72.00582154157384,72.00473103512684,72.00343620458847,72.00193998225649,72.00024530042869,71.99835509140286,71.99627228747677,71.99399982094822,71.99154062411499,71.98889762927486,71.9860737687256,71.98307197476504,71.97989517969091,71.97654631580103,71.97302831539317,71.9693441107651,71.96549663421465,71.96148879908479,71.95732321035321,71.95300222228816,71.94852818188944,71.94390343615683,71.93913033209014,71.93421121668918,71.9291484369537,71.92394433988352,71.91860127247843,71.91312158173821,71.90750761466266,71.90176171825159,71.89588623950478,71.88988352542202,71.88375592300311,71.87750577924783,71.87113544115599,71.86464725572736,71.85804356996177,71.85132673085897,71.84449908541879,71.837562980641,71.8305207635254,71.82337478107178,71.81612738027994,71.80878090814967,71.80133771168076,71.793800137873,71.7861705337262,71.77845124624014,71.77064462241462,71.76275300924942,71.75477875374435,71.74672420289917,71.73859170371372,71.73038360318776,71.7221022483211,71.71374998611351,71.70532916356483,71.6968421276748,71.68829122544324,71.67967880386993,71.67100720995468,71.66227879069727,71.65349589309751,71.64466086415517,71.63577605087006,71.62684380024196,71.61786645927067,71.60884637495599,71.59978589429771,71.5906873642956,71.58155313194949,71.57238554425915,71.56318694822438,71.55395969084496,71.54470611912072
70.26952443489968,70.30092165977553,70.33211358419948,70.36309626121056,70.39386574384781,70.42441808515024,70.4547493381569,70.4848555559068,70.51473279143899,70.54437709779246,70.57378452800629,70.60295113511947,70.63187297217104,70.66054609220002,70.68896654824547,70.71713039334638,70.74503368054181,70.77267246287079,70.80004279337231,70.82714072508543,70.85396231104917,70.88050360430258,70.90676065788465,70.93272952483443,70.95840625819095,70.98378691099323,71.00886753628032,71.03364418709124,71.058112916465,71.08226977744064,71.1061108230572,71.1296321063537,71.15282968036915,71.17569959814261,71.19823791271311,71.22044067711964,71.24230394440127,71.26382376759702,71.2849961997459,71.30581729388695,71.32628310305921,71.34638968030168,71.36613307865342,71.38550935115344,71.40451455084079,71.42314473075447,71.44139594393353,71.45926424341698,71.47674568224387,71.49383631345322,71.51053219008405,71.5268293651754,71.5427238917663,71.55821182289577,71.57328921160284,71.58795211092655,71.60219657390591,71.61601865357999,71.62941440298775,71.64237987516827,71.65491112316057,71.6670042025336,71.67865743012624,71.68987554203608,71.7006644056929,71.71102988852653,71.72097785796674,71.73051418144335,71.73964472638613,71.7483753602249,71.75671195038943,71.76466036430953,71.772226469415,71.77941613313564,71.78623522290124,71.79268960614158,71.79878515028648,71.80452772276571,71.8099231910091,71.81497742244642,71.81969628450747,71.82408564462206,71.82815137021997,71.831899328731,71.83533538758495,71.83846541421161,71.8412952760408,71.84383084050226,71.84607797502585,71.84804254704133,71.84973042397851,71.85114747326718,71.85229956233712,71.85319255861815,71.85383232954005,71.85422474253264,71.85437566502569,71.854290964449,71.85397650823239,71.85343816380563,71.85268179859852,71.85171328004085,71.85053847556244,71.84916325259307,71.84759347856254,71.84583502090064,71.84389374703717,71.84177552440192,71.8394862204247,71.8370317025353,71.8344178381635,71.83165049473912,71.82873553969195,71.82567884045179,71.8224862644484,71.81916367911163,71.81571695187122,71.81215195015702,71.8084745413988,71.80469059302635,71.80080597246948,71.79682654715798,71.79275817449565,71.7886052393829,71.78436911555313,71.78005080867365,71.77565132441175,71.77117166843475,71.76661284640993,71.76197586400461,71.75726172688609,71.75247144072166,71.74760601117865,71.74266644392434,71.73765374462604,71.73256891895105,71.72741297256668,71.72218691114023,71.716891740339,71.71152846583028,71.7060980932814,71.70060162835965,71.69504007673233,71.68941444406674,71.6837257360302,71.67797495829,71.67216311651343,71.66629121636781,71.66036026352045,71.65437126363864,71.64832522238969,71.6422231454409,71.63606603845956,71.62985490711299,71.62359075706848,71.61727459399336,71.6109074235549,71.60449025142042,71.59802408325722,71.59150992473259,71.58494878151386,71.57834165926832,71.57168956366326,71.564993500366,71.55825447504382,71.55147349336407,71.544651560994,71.53778968360093,71.5308888668522,71.52395011641505,71.51697443795682,71.50996283714483,71.50291631964633,71.49583589112866,71.48872255725912,71.48157732370501,71.47440119613363,71.46719518021229,71.45996028160828,71.45269750598891
70.64261494860736,70.66245547956727,70.68227194575508,70.70205929849841,70.72181248912487,70.74152646896206,70.76119618933761,70.78081660157913,70.80038265701421,70.81988930697048,70.83933150277554,70.85870419575701,70.87800233724249,70.89722087855962,70.91635477103598,70.93539896599918,70.95434841477686,70.97319806869662,70.99194287908605,71.01057779727279,71.02909777458443,71.0474977623486,71.06577271189288,71.08391757454491,71.1019273016323,71.11979684448265,71.1375211544236,71.1550951827827,71.17251388088762,71.18977220006595,71.2068650916453,71.22378750695327,71.2405343973175,71.25710071406557,71.27348140852513,71.28967143202375,71.30566573588906,71.32145927144867,71.3370469900302,71.35242384296124,71.36758478156942,71.38252475718234,71.39723872112762,71.41172162473288,71.4259684193257,71.43997405623372,71.45373348678454,71.46724166230578,71.48049353412505,71.49348405356993,71.50620817196807,71.51866084064707,71.53083701093453,71.54273163415809,71.55433966164533,71.56565604472387,71.57667573472133,71.58739368296531,71.59780486182767,71.60790687164325,71.61770246113547,71.62719497680206,71.63638776514075,71.64528417264928,71.65388754582536,71.6622012311667,71.67022857517108,71.67797292433617,71.68543762515974,71.69262602413949,71.69954146777316,71.70618730255846,71.71256687499314,71.71868353157491,71.72454061880151,71.73014148317066,71.73548947118007,71.7405879293275,71.74544020411066,71.75004964202728,71.7544195895751,71.7585533932518,71.76245439955515,71.76612595498287,71.76957140603268,71.7727940992023,71.77579738098949,71.77858459789194,71.78115909640738,71.78352422303355,71.78568332426818,71.78763974660899,71.7893968365537,71.79095794060007,71.79232640524577,71.79350557698858,71.79449880232619,71.79530942775635,71.79594079977679,71.7963962648852,71.79667916957935,71.79679286035694,71.79674068371573,71.7965259861534,71.79615211416771,71.79562241425637,71.79494023291713,71.79410891664769,71.79313181194578,71.79201226530915,71.7907536232355,71.78935923222258,71.7878324387681,71.78617658936979,71.78439503052539,71.78249110873261,71.7804681679585,71.7783294922012,71.77607830449342,71.77371782513796,71.7712512744376,71.76868187269511,71.76601284021326,71.76324739729486,71.76038876424268,71.75744016135947,71.75440480894804,71.75128592731116,71.74808673675162,71.74481045757217,71.74146031007562,71.73803951456473,71.7345512913423,71.7309988607111,71.72738544297388,71.72371425843347,71.71998852739262,71.71621147015411,71.71238630702072,71.70851625829525,71.70460454428044,71.70065438527911,71.69666900159402,71.69265161352794,71.68860544138367,71.68453370546398,71.68043962607165,71.67632642350944,71.67219731808017,71.66805553008658,71.66390427983147,71.65974678761764,71.65558627374782,71.65142595852483,71.64726906225141,71.64311880523039,71.63897840776451,71.63485109015656,71.63074007270933,71.62664857572558,71.62257981950812,71.6185370243597,71.6145234105831,71.61054219848113,71.60659660835653,71.6026898605121,71.59882517525062,71.59500577287487,71.59123487368763,71.58751569799166,71.58385146608977,71.58024539828472,71.57670071487928,71.57322063617626,71.5697893385811,71.56636034297888,71.56293134737665,71.55950235177443,71.5560733561722,71.55264436056997
71.03249343174356,71.05113758710455,71.06964408508311,71.08801111281957,71.10623685745419,71.12431950612729,71.14225724597918,71.16004826415013,71.17769074778046,71.19518288401045,71.21252285998042,71.22970886283066,71.24673907970146,71.26361169773313,71.28032490406596,71.29687688584025,71.31326583019631,71.32948992427444,71.34554735521492,71.36143631015804,71.37715497624414,71.39270154061349,71.40807419040638,71.42327111276313,71.43829049482405,71.45313052372939,71.46778938661949,71.48226527063464,71.49655636291513,71.51066085060127,71.52457692083334,71.53830276075166,71.55183655749651,71.56517649820822,71.57832077002705,71.59126756009331,71.60401505554732,71.61656144352935,71.62890491117972,71.64104364563872,71.65297583404664,71.66469966354379,71.67621332127047,71.68751499436696,71.6986028699736,71.70947513523063,71.7201299772784,71.73056558325719,71.7407801403073,71.75077183556901,71.76053885618263,71.77007938928848,71.77939162202684,71.78847374153801,71.79732393496228,71.80594038943997,71.81432129211136,71.82246483011676,71.83036919059646,71.83803256069075,71.84545312753995,71.85262910240506,71.85956072993915,71.86625179977098,71.87270645756495,71.87892884898548,71.88492311969695,71.8906934153638,71.89624388165039,71.90157866422115,71.90670190874046,71.91161776087274,71.9163303662824,71.92084387063382,71.92516241959142,71.9292901588196,71.93323123398275,71.93698979074529,71.94056997477159,71.9439759317261,71.94721180727319,71.95028174707728,71.95318989680275,71.95594040211402,71.9585374086755,71.96098506215158,71.96328750820665,71.96544889250514,71.96747336071142,71.96936505848993,71.97112813150505,71.97276672542118,71.97428498590274,71.97568705861411,71.9769770892197,71.97815922338393,71.97923760677119,71.98021638504588,71.98109970387239,71.98189170891514,71.98259654583855,71.98321836030698,71.98376129798486,71.98422950453659,71.98462712562656,71.9849583069192,71.98522719407887,71.98543793277001,71.98559466865701,71.98570154740428,71.9857627146762,71.98578231613719,71.98576449745165,71.98571340428398,71.98563318229859,71.98552797715988,71.98540193453223,71.98525920008008,71.9851039194678,71.98494023835983,71.98477230242052,71.98460425731433,71.98444011578586,71.98428172817648,71.9841291867351,71.98398253274065,71.98384180747207,71.98370705220829,71.98357830822823,71.98345561681084,71.98333901923503,71.98322855677975,71.98312427072392,71.98302620234647,71.98293439292634,71.98284888374246,71.98276971607378,71.98269693119919,71.98263057039766,71.9825706749481,71.98251728612945,71.98247044522064,71.9824301935006,71.98239657224828,71.98236962274258,71.98234938626246,71.98233590408682,71.98232921749462,71.98232936776479,71.98233639617625,71.98235034400794,71.98237125253878,71.98239916304773,71.98243411681369,71.9824761551156,71.9825253192324,71.98258165044301,71.98264519002639,71.98271597926143,71.98279405942709,71.98287947180229,71.98297225766598,71.98307245829707,71.9831801149745,71.9832952689772,71.98341796158411,71.98354823407415,71.98368612772626,71.98383168381936,71.98398494363241,71.98414594844431,71.984314739534,71.98449135818042,71.9846758456625,71.98486824325917,71.98506859224936,71.985276933912,71.98549330952603,71.98571776037038,71.98595032772397
70.64195196542167,70.6580738594092,70.67418922570536,70.69029463759534,70.7063866683643,70.7224618912974,70.7385168796798,70.7545482067967,70.7705524459332,70.78652617037453,70.80246595340581,70.81836836831224,70.83422998837894,70.85004738689112,70.86581713713392,70.88153581239251,70.89719998595207,70.91280623109775,70.92835112111472,70.94383122928812,70.95924312890317,70.97458339324498,70.98984859559876,71.00503530924964,71.0201401074828,71.03515956358339,71.05009025083662,71.0649287425276,71.07967161194154,71.09431543236356,71.10885677707886,71.12329221937259,71.13761833252993,71.15183168983603,71.16592886457606,71.17990643003517,71.19376095949856,71.20748902625138,71.22108720357878,71.23455206476592,71.247880183098,71.26106813186017,71.27411248433758,71.28700981381542,71.29975669357883,71.31234969691297,71.32478539710304,71.33706036743419,71.34917118119158,71.36111441166037,71.37288663212574,71.38448441587283,71.39590433618685,71.40714296635291,71.41819687965622,71.42906264938192,71.43973684881519,71.45021605124117,71.46049682994506,71.47057575821201,71.48044940932716,71.49011435800044,71.49956845237429,71.50881315559218,71.51785056790655,71.52668278956978,71.5353119208343,71.54374006195252,71.55196931317687,71.56000177475973,71.56783954695354,71.57548473001071,71.58293942418364,71.59020572972476,71.59728574688647,71.60418157592117,71.61089531708132,71.6174290706193,71.6237849367875,71.62996501583838,71.63597140802433,71.64180621359777,71.64747153281111,71.65296946591675,71.65830211316714,71.66347157481465,71.66847995111172,71.67332934231075,71.67802184866416,71.68255957042436,71.68694460784377,71.6911790611748,71.69526503066984,71.69920461658134,71.7029999191617,71.70665303866333,71.71016607533863,71.71354112944005,71.71678030121997,71.71988569093081,71.72285939882498,71.72570352515491,71.728420170173,71.73101143413166,71.73347941728332,71.73582621988037,71.73805394217524,71.74016468442034,71.74216054686808,71.74404362977087,71.74581603338113,71.74747985795128,71.74903720373372,71.75049017098087,71.75184085994513,71.75309137087892,71.75424380403467,71.75530025966478,71.75626283802166,71.75713363935772,71.75791476392538,71.75860831197706,71.75921638243067,71.75974087820948,71.76018330144134,71.76054510526339,71.76082774281274,71.76103266722652,71.76116133164186,71.7612151891959,71.76119569302574,71.76110429626856,71.76094245206146,71.76071161354156,71.76041323384601,71.76004876611194,71.75961966347644,71.7591273790767,71.75857336604982,71.75795907753292,71.75728596666313,71.75655548657761,71.75576909041345,71.75492823130782,71.7540343623978,71.75308893682057,71.75209340771323,71.75104922821292,71.74995785145677,71.7488207305819,71.74763931872543,71.74641506902454,71.7451494346163,71.74384386863787,71.74249982422637,71.74111875451894,71.73970211265271,71.73825135176479,71.73676792499232,71.73525328547244,71.73370888634227,71.73213618073895,71.73053662179959,71.72891166266133,71.72726275646131,71.72559135633665,71.72389891542447,71.72218688686192,71.72045672378611,71.71870987933418,71.71694780664326,71.71517195885048,71.71338378909296,71.71158475050784,71.70977629623225,71.70795987940332,71.70613695315816,71.70430897063393,71.70247738496774,71.70064364929672
70.98436985844442,71.0005004736382,71.01665281768337,71.03282363674757,71.04900967699844,71.06520768460356,71.08141440573061,71.0976265865472,71.11384097322093,71.13005431191945,71.1462633488104,71.16246483006137,71.17865550184,71.19483211031394,71.21099140165079,71.22713012201818,71.24324501758375,71.2593328345151,71.27539031897989,71.29141421714573,71.30740127518024,71.32334823925106,71.33925185552579,71.35510887017209,71.37091602935757,71.38667007924985,71.40236776601658,71.41800583582537,71.43358103484384,71.44909010923962,71.46452980518035,71.47989686883363,71.49518804636712,71.51040008394843,71.52552972774518,71.540573723925,71.5555288186555,71.57039175810435,71.58515928843914,71.59982815582751,71.61439510643709,71.62885688643549,71.64321024199035,71.65745191926929,71.67157866443995,71.68558722366993,71.69947434312688,71.71323676897842,71.72687124739217,71.74037452453577,71.75374334657683,71.76697445968298,71.78006461002185,71.79301054376107,71.80580900706828,71.81845674611105,71.83095050705708,71.84328703607395,71.8554630793293,71.86747538299075,71.87932069322594,71.8909957566614,71.9024977301063,71.91382493479014,71.92497589716012,71.93594914366354,71.9467432007476,71.95735659485959,71.96778785244673,71.9780354999563,71.98809806383554,71.99797407053168,72.007662046492,72.01716051816373,72.02646801199415,72.03558305443048,72.04450417191997,72.05322989090989,72.06175873784748,72.07008923918,72.0782199213547,72.08614931081881,72.09387593401961,72.10139831740432,72.10871498742021,72.11582447051454,72.12272529313454,72.12941598172746,72.13589506274057,72.14216106262111,72.14821250781633,72.15404792477348,72.1596658399398,72.16506477976257,72.17024327068903,72.17519983916641,72.17993301164198,72.18444131456297,72.18872327437667,72.1927774175303,72.19660227047112,72.20019635964637,72.2035582115033,72.2066863524892,72.20957930905126,72.21223560763679,72.21465377469299,72.21683233666714,72.21876982000649,72.22046475115827,72.22191565656976,72.22312106268818,72.22407949596081,72.22478948283488,72.22524954975765,72.22545822317636,72.22541402953829,72.22511549529065,72.22456114688072,72.22374951075572,72.22267911336294,72.22134848114962,72.21975615264878,72.21790244141816,72.21579129081735,72.21342708789011,72.2108142196802,72.20795707323134,72.20486003558732,72.20152749379184,72.1979638348887,72.19417344592162,72.19016071393435,72.18593002597066,72.18148576907427,72.17683233028896,72.17197409665847,72.16691545522654,72.16166079303693,72.15621449713338,72.15058095455964,72.14476455235948,72.13876967757662,72.13260071725483,72.12626205843786,72.11975808816945,72.11309319349336,72.10627176145333,72.09929817909311,72.09217683345646,72.08491211158712,72.07750840052884,72.06997008732537,72.06230155902048,72.05450720265789,72.04659140528136,72.03855855393465,72.0304130356615,72.02215923750566,72.01380154651088,72.00534434972091,71.9967920341795,71.98814898693041,71.97941959501738,71.97060824548414,71.96171932537447,71.95275722173213,71.94372632160082,71.93463101202434,71.92547568004642,71.9162647127108,71.90700249706124,71.89769342014148,71.8883418689953,71.8789522306664,71.86952889219859,71.86007624063556,71.8505986630211,71.84110054639895,71.83158627781285
71.05900398877299,71.08235678631178,71.10558183260633,71.12867553758251,71.15163431116619,71.17445456328322,71.19713270385947,71.21966514282082,71.2420482900931,71.26427855560219,71.28635234927395,71.30826608103426,71.33001616080895,71.35159899852393,71.37301100410502,71.3942485874781,71.41530815856905,71.4361861273037,71.45687890360794,71.47738289740762,71.4976945186286,71.51781017719678,71.53772628303797,71.55743924607806,71.57694547624293,71.5962413834584,71.61532337765037,71.6341878687447,71.65283126666723,71.67124998134385,71.68944042270041,71.70739900066279,71.72512212515682,71.74260620610838,71.75984765344334,71.77684287708756,71.79358828696691,71.81008029300725,71.82631530513443,71.84228973327431,71.8579999873528,71.87344247729571,71.88861361302892,71.9035098044783,71.91812746156971,71.93246299422901,71.94651281238208,71.96027332595477,71.97374094487294,71.98691207906245,71.99978313844917,72.01235053295899,72.02461067251772,72.03655996705126,72.04819482648547,72.0595116607462,72.07050687975932,72.08117689345072,72.09151811174621,72.10152694457169,72.11119980185302,72.12053309520321,72.12952474423226,72.13817694942911,72.14649266574614,72.15447484813573,72.16212645155028,72.16945043094218,72.17644974126381,72.18312733746757,72.18948617450584,72.19552920733102,72.20125939089549,72.20667968015162,72.21179303005185,72.21660239554852,72.22111073159404,72.22532099314078,72.22923613514116,72.23285911254756,72.23619288031236,72.23924039338795,72.24200460672671,72.24448847528105,72.24669495400333,72.24862699784597,72.25028756176135,72.25167960070186,72.25280606961988,72.2536699234678,72.25427411719801,72.25462160576289,72.25471534411486,72.25455828720628,72.25415338998954,72.25350360741704,72.25261189444117,72.25148120601432,72.25011449708887,72.2485147226172,72.24668483755173,72.24462779684481,72.24234655544886,72.23984406831626,72.2371232903994,72.23418717665065,72.23103868202243,72.22768076146711,72.22411636993708,72.22034846238473,72.21637999376244,72.21221391902263,72.20785319311766,72.20330077099993,72.19855960762182,72.19363265793572,72.18852287689404,72.18323321944915,72.17776664055343,72.17212609515929,72.16631453821911,72.16033492468527,72.15419020855799,72.14788320399235,72.14141643916979,72.13479240731617,72.12801360165736,72.12108251541919,72.11400164182756,72.10677347410828,72.09940050548722,72.09188522919025,72.08423013844323,72.076437726472,72.0685104865024,72.06045091176031,72.05226149547158,72.04394473086207,72.03550311115762,72.02693912958412,72.01825527936738,72.0094540537333,72.0005379459077,71.99150944911645,71.98237105658541,71.97312526154042,71.96377455720736,71.95432143681207,71.9447683935804,71.93511792073824,71.9253725115114,71.91553465912575,71.90560685680717,71.89559159778149,71.88549137527458,71.87530868251228,71.86504601272047,71.85470585912498,71.84429071495167,71.83380307342641,71.82324542777505,71.81262027122345,71.80193009699745,71.79117739832292,71.78036466842572,71.76949440053168,71.75856908786669,71.74759122365657,71.73656330112722,71.72548781350444,71.71436725401414,71.70320411588214,71.69200089233432,71.68076007659651,71.66948416189459,71.6581756414544,71.6468370085018,71.63547075626266,71.62407937796281,71.61266536682813
71.25085866362377,71.26139441739565,71.2718904715848,71.28234562553892,71.29275867860574,71.30312843013297,71.31345367946835,71.32373322595959,71.33396586895441,71.34415040780053,71.35428564184566,71.36437037043754,71.37440339292387,71.38438350865238,71.39430951697081,71.40418021722684,71.41399440876822,71.42375089094266,71.43344846309787,71.4430859245816,71.45266207474154,71.46217571292543,71.47162563848097,71.4810106507559,71.49032954909794,71.49958113285479,71.50876420137419,71.51787755400386,71.5269199900915,71.53589030898485,71.54478731003162,71.55360979257954,71.56235655597631,71.57102639956967,71.57961812270734,71.58813052473704,71.59656240500648,71.60491256286339,71.61317979765548,71.62136290873048,71.6294606954361,71.63747195712006,71.6453954931301,71.65323010281391,71.66097458551923,71.66862774059378,71.67618836738528,71.68365526524146,71.69102723351,71.69830307153866,71.70548157867515,71.71256155426718,71.71954179766249,71.72642110820878,71.73319828525379,71.73987212814521,71.7464414362308,71.75290500885825,71.75926164537528,71.76551014512962,71.771649307469,71.77767793194978,71.78359500462766,71.78940004098966,71.79509264983002,71.80067243994294,71.80613902012266,71.81149199916335,71.81673098585925,71.82185558900458,71.82686541739353,71.83176007982033,71.83653918507919,71.8412023419643,71.84574915926991,71.8501792457902,71.8544922103194,71.85868766165173,71.8627652085814,71.8667244599026,71.87056502440956,71.87428651089648,71.8778885281576,71.88137068498712,71.88473259017924,71.88797385252818,71.89109408082815,71.89409288387338,71.89696987045807,71.89972464937642,71.90235682942267,71.90486601939102,71.90725182807567,71.90951386427086,71.91165173677078,71.91366505436964,71.91555342586167,71.91731646004108,71.91895376570207,71.92046495163886,71.92184962664567,71.9231073995167,71.92423787904617,71.9252406740283,71.92611539325729,71.92686164552735,71.92747903963271,71.92796718436757,71.92832568852614,71.92855416090265,71.92865221029129,71.92861944548629,71.92845547528187,71.92815990847221,71.92773235385154,71.92717242021409,71.92647971635405,71.92565385106563,71.92469443314307,71.92360107138056,71.92237337457233,71.92101095151257,71.91951341641284,71.91788117912242,71.91611627651424,71.91422094433847,71.91219741834519,71.91004793428453,71.90777472790661,71.90538003496154,71.90286609119946,71.90023513237044,71.89748939422465,71.89463111251217,71.89166252298315,71.88858586138768,71.88540336347589,71.88211726499787,71.87872980170378,71.87524320934374,71.87165972366782,71.86798158042616,71.8642110153689,71.86035026424612,71.85640156280797,71.85236714680455,71.84824925198598,71.84405011410237,71.83977196890386,71.83541705214054,71.83098759956255,71.82648584691998,71.82191402996298,71.81727438444165,71.8125691461061,71.80780055070647,71.80297083399286,71.7980822317154,71.79313697962418,71.78813731346935,71.78308546900101,71.77798368196929,71.77283418812429,71.76763922321614,71.76240102299495,71.75712182321084,71.75180385961393,71.74644936795434,71.74106058398218,71.73563974344756,71.73018908210062,71.72471083569147,71.71920723997022,71.71368053068699,71.70813294359189,71.70256671443505,71.69698407896658,71.6913872729366,71.68577853209523,71.68016009219258
71.07881168327381,71.09753886035705,71.11623397626605,71.13489176460507,71.15350695897834,71.17207429299006,71.19058850024447,71.20904431434582,71.2274364688983,71.24575969750614,71.26400873377361,71.2821783113049,71.30026316370422,71.31825802457584,71.33615762752396,71.35395670615279,71.37164999406662,71.3892322248696,71.40669813216601,71.42404244956006,71.44125991065599,71.458345249058,71.47529319837031,71.49209849219719,71.50875586414284,71.52526004781149,71.54160577680739,71.5577877847347,71.57380080519772,71.58963957180066,71.6052988181477,71.62077327784311,71.63605768449113,71.65114677169595,71.66603527306182,71.68071792219294,71.69518945269357,71.70944459816792,71.7234780922202,71.73728466845469,71.75085906047556,71.76419600188706,71.77729022629342,71.79013646729885,71.80272945850763,71.8150639335239,71.82713462595194,71.83893626939599,71.85046359746025,71.86171134374894,71.87267424186632,71.88334702541658,71.89372442800399,71.90380118323273,71.91357202470704,71.92303168603115,71.93217490080931,71.94099640264574,71.94949092514463,71.95765320191023,71.96547796654676,71.97295995517507,71.98009615327513,71.98688993177362,71.99334578697037,71.99946821516517,72.00526171265787,72.01073077574824,72.01587990073617,72.02071358392143,72.02523632160384,72.02945261008321,72.03336694565942,72.03698382463222,72.04030774330144,72.04334319796695,72.0460946849285,72.04856670048594,72.05076374093909,72.05269030258779,72.0543508817318,72.05574997467102,72.05689207770519,72.05778168713417,72.05842329925775,72.0588214103758,72.0589805167881,72.05890511479447,72.05859970069474,72.05806877078874,72.05731682137625,72.0563483487571,72.05516784923114,72.05377981909817,72.052188754658,72.05039915221045,72.04841550805537,72.04624231849252,72.04388407982177,72.04134528834291,72.03863044035577,72.03574403216018,72.03269056005595,72.02947452034289,72.02610040932083,72.02257272328956,72.01889595854894,72.01507461139877,72.01111317813886,72.00701615506904,72.00278803848914,71.99843332469894,71.9939565099983,71.98936209068702,71.98465456306494,71.97983842343183,71.97491816808756,71.96989829333191,71.96478329546471,71.95957767078579,71.95428591559497,71.94891252619206,71.94346199255881,71.93793787675014,71.93234184327522,71.9266753246992,71.92093975358713,71.91513656250419,71.90926718401545,71.90333305068606,71.89733559508107,71.8912762497657,71.88515644730498,71.87897762026404,71.87274120120804,71.86644862270205,71.8601013173112,71.85370071760059,71.84724825613537,71.84074536548064,71.83419347820151,71.8275940268631,71.82094844403053,71.81425816226891,71.80752461414335,71.80074923221898,71.79393344906089,71.78707869723422,71.78018640930406,71.77325801783556,71.76629495539382,71.75929865454395,71.75227054785108,71.74521206788032,71.73812464719677,71.73100971836556,71.72386871395179,71.71670306652061,71.7095142086371,71.70230357286638,71.6950725917736,71.68782269792382,71.6805553238822,71.67327190221386,71.66597386548389,71.6586626462574,71.65133967709951,71.64400639057538,71.63666421925006,71.6293145956887,71.62195895245642,71.61459872211833,71.60723533723953,71.59987023038514,71.59250483412029,71.58514058101011,71.57777890361967,71.5704212345141,71.56306900625856,71.5557236514181
70.78371803353727,70.80213654424904,70.82052637103003,70.83888250673215,70.85719994420732,70.87547367630745,70.89369869588445,70.91186999579024,70.92998256887674,70.94803140799583,70.96601150599948,70.98391785573955,71.00174545006797,71.01948928183667,71.03714434389755,71.05470562910251,71.07216813030351,71.08952684035242,71.10677675210115,71.12391285840164,71.1409301521058,71.15782362606554,71.17458827313276,71.19121908615938,71.20771105799733,71.22405918149849,71.24025844951481,71.25630385489819,71.27219039050054,71.28791304917377,71.30346682376981,71.31884670714055,71.33404769213791,71.34906477161383,71.3638929384202,71.37852718540891,71.39296250543192,71.40719389134112,71.42121633598843,71.43502483222575,71.44861437290503,71.46197995087813,71.475116558997,71.48801919011355,71.50068283707968,71.51310249274731,71.52527314996837,71.53718980159475,71.54884744047837,71.56024105947115,71.571365651425,71.58221620919183,71.59278772562355,71.6030751935721,71.61307360588935,71.62277795542725,71.6321832350377,71.64128443757261,71.6500765558839,71.65855458282348,71.66671351124327,71.67454836924558,71.68205715656501,71.68924305362147,71.69610976115112,71.70266097989014,71.70890041057473,71.71483175394101,71.72045871072521,71.72578498166345,71.73081426749195,71.73555026894685,71.73999668676434,71.7441572216806,71.74803557443178,71.75163544575408,71.75496053638363,71.75801454705666,71.7608011785093,71.76332413147775,71.76558710669816,71.76759380490671,71.7693479268396,71.77085317323296,71.77211324482299,71.77313184234586,71.77391266653775,71.77445941813481,71.77477579787323,71.77486550648919,71.77473224471885,71.77437971329839,71.77381161296397,71.77303164445178,71.77204350849799,71.77085090583877,71.76945753721029,71.76786710334872,71.76608330499025,71.76410984287104,71.76195041772726,71.7596087302951,71.75708848131072,71.75439337151029,71.75152710162999,71.74849337240599,71.74529588457447,71.7419383388716,71.73842443603355,71.7347578767965,71.73094236189661,71.72698159207006,71.72287926805303,71.7186390905817,71.71426476039221,71.70975997822077,71.70512844480353,71.70037386087668,71.69549992717639,71.6905103444388,71.68540881340013,71.68019903479653,71.67488464727802,71.6694682794467,71.66395173870843,71.65833680866119,71.65262527290298,71.64681891503182,71.6409195186457,71.63492886734262,71.6288487447206,71.62268093437763,71.61642721991171,71.61008938492085,71.60366921300304,71.5971684877563,71.59058899277862,71.58393251166801,71.57720082802248,71.57039572544001,71.56351898751862,71.55657239785631,71.54955774005107,71.54247679770093,71.53533135440387,71.52812319375789,71.520854099361,71.51352585481122,71.50614024370653,71.49869904964493,71.49120405622445,71.48365704704305,71.47605980569878,71.46841411578961,71.46072176091356,71.45298452466861,71.44520419065279,71.43738254246409,71.42952136370052,71.42162243796005,71.41368754884073,71.40571847994055,71.39771701485748,71.38968493718956,71.38162403053478,71.37353607849114,71.36542286465664,71.35728617262929,71.3491277860071,71.34094948838805,71.33275306337016,71.32454029455143,71.31631296552986,71.30807285990345,71.2998217612702,71.29156145322813,71.28329371937522,71.27502034330949,71.26674310862894,71.25846379893157
70.89575358842774,70.92078041627857,70.94569855244765,70.97050188614952,70.99518430659867,71.01973970300955,71.04416196459673,71.06844498057467,71.09258264015787,71.11656883256083,71.14039744699807,71.16406237268404,71.18755749883331,71.21087671466032,71.2340139093796,71.25696297220566,71.27971779235295,71.30227225903604,71.32462026146939,71.34675568886746,71.36867243044483,71.39036437541594,71.41182541299531,71.43304943239747,71.45403032283687,71.47476197352802,71.49523827368546,71.51545311252363,71.53540037925708,71.55507396310026,71.57446775326773,71.59357563897393,71.6123915094334,71.63090925386064,71.64912276147012,71.66702592147635,71.68461262309384,71.70187675553709,71.71881220802061,71.73541286975887,71.75167262996638,71.76758537785764,71.78314500264716,71.79834539354945,71.81318043977899,71.82764403055026,71.84173005507782,71.8554324025761,71.86874496225963,71.88166162334292,71.89417627504048,71.90628280656676,71.9179751071363,71.92924706596361,71.94009257226315,71.95050551524943,71.960479784137,71.97000926814027,71.97908785647383,71.98770943835211,71.99586798224246,72.00356221178012,72.0107982211108,72.01758273840261,72.02392249182355,72.02982420954174,72.03529461972525,72.04034045054215,72.04496843016051,72.04918528674844,72.05299774847396,72.05641254350519,72.05943640001021,72.06207604615705,72.06433821011382,72.0662296200486,72.06775700412945,72.06892709052445,72.06974660740167,72.0702222829292,72.0703608452751,72.07016902260744,72.06965354309435,72.06882113490383,72.06767852620399,72.06623244516291,72.06448961994866,72.06245677872934,72.06014064967297,72.05754796094769,72.0546854407215,72.05155981716257,72.04817781843889,72.04454617271858,72.0406716081697,72.03656085296035,72.03222063525857,72.02765768323246,72.0228787250501,72.01789048887954,72.01269970288888,72.00731309524616,72.00173739411952,71.99597932767699,71.99004562408663,71.98394301151654,71.97767821813483,71.9712579721095,71.96468900160869,71.95797803480045,71.95113179985285,71.94415702493399,71.93706043821192,71.92984876785471,71.92252874203044,71.91510708890723,71.90759053665309,71.89998581343613,71.89229964742444,71.88453876678608,71.87670963076778,71.86881557240568,71.86085790782587,71.85283791953927,71.84475689005683,71.8366161018894,71.82841683754796,71.82016037954341,71.81184801038668,71.80348101258866,71.79506066866028,71.78658826111248,71.77806507245614,71.76949238520223,71.76087148186164,71.75220364494527,71.74349015696407,71.73473230042893,71.72593135785081,71.71708861174059,71.70820534460921,71.69928283896758,71.69032237732662,71.68132524219726,71.67229271609042,71.663226081517,71.65412662098791,71.6449956170141,71.63583435210649,71.62664410877596,71.61742616953347,71.60818181688992,71.59891233335622,71.58961900144331,71.58030310366209,71.5709659225235,71.56160874053845,71.55223284021784,71.54283950407262,71.53343001461366,71.52400565435195,71.51456770579836,71.5051174514638,71.49565617385923,71.48618515549558,71.47670567888369,71.46721902653454,71.45772648095902,71.44822932466809,71.43872884017264,71.42922630998356,71.41972301661184,71.41022024256833,71.400719270364,71.39122138250974,71.38172786151648,71.37223998989512,71.3627590501566,71.35328632481185,71.34382309637175
70.89715637839447,70.91771380749748,70.9381664507182,70.95851040901671,70.97874178335304,70.99885667468729,71.01885118397949,71.03872141218973,71.05846346027805,71.07807342920452,71.09754741992921,71.1168815334122,71.1360718706135,71.15511453249323,71.17400562001141,71.19274123412814,71.21131747580345,71.22973044599743,71.24797624567013,71.26605097578161,71.28395073729193,71.30167163116117,71.31920975834937,71.33656121981663,71.35372211652297,71.37068854942848,71.38745661949321,71.40402242767723,71.4203820749406,71.4365316622434,71.45246729054566,71.46818506080747,71.48368107398888,71.49895143104996,71.51399223295077,71.52879958065137,71.54336957511183,71.5576983172922,71.57178190815256,71.58561644865297,71.59919803975347,71.61252278241417,71.62558677759509,71.63838612625631,71.65091692935788,71.66317528785987,71.67515730272237,71.68685907490541,71.69827670536905,71.70940629507338,71.72024394497845,71.73078575604433,71.74102782923104,71.75096626549872,71.76059716580737,71.76991663111707,71.7789207623879,71.7876056605799,71.79596742665315,71.80400216156771,71.81170596628364,71.81907560910443,71.82611261278434,71.83282056345948,71.83920305563538,71.84526368381756,71.8510060425116,71.856433726223,71.86155032945732,71.86635944672008,71.87086467251683,71.87506960135309,71.87897782773442,71.88259294616633,71.88591855115438,71.8889582372041,71.89171559882101,71.89419423051066,71.8963977267786,71.89832968213037,71.89999369107147,71.90139334810746,71.90253224774388,71.90341398448626,71.90404215284015,71.90442034731106,71.90455216240456,71.90444119262615,71.9040910324814,71.90350527647583,71.90268751911498,71.90164135490438,71.90037037834958,71.89887818395611,71.89716836622952,71.89524451967532,71.89311023879907,71.89076911810629,71.88822475210253,71.88548073529331,71.88254066218418,71.8794081272807,71.87608672508836,71.87258005011272,71.86889169685932,71.8650252598337,71.86098433354138,71.85677251248791,71.85239339117882,71.84785056411965,71.84314762581594,71.83828817077323,71.83327579349704,71.82811408849291,71.8228066502664,71.81735707332302,71.81176895216834,71.80604588130785,71.80019145524712,71.79420926849168,71.78810291554706,71.78187593068125,71.77553102388424,71.76907030785081,71.76249588191637,71.75580984541624,71.74901429768582,71.74211133806045,71.73510306587552,71.72799158046638,71.7207789811684,71.71346736731694,71.70605883824737,71.69855549329506,71.69095943179536,71.68327275308366,71.67549755649529,71.66763594136566,71.6596900070301,71.65166185282398,71.64355357808269,71.63536728214156,71.62710506433599,71.61876902400132,71.61036126047293,71.60188387308618,71.59333896117643,71.58472862407905,71.5760549611294,71.56732007166286,71.5585260550148,71.54967501052056,71.54076903751552,71.53181023533503,71.52280070331447,71.51374254078922,71.50463784709463,71.49548872156605,71.48629726353887,71.47706557234844,71.46779574733013,71.45848988781931,71.44915009315135,71.4397784626616,71.43037709568543,71.42094809155822,71.4114935496153,71.40201556919209,71.3925162496239,71.38299769024613,71.37346199039413,71.36391124940329,71.35434756660894,71.34477304134646,71.33518977295121,71.32559986075857,71.3160054041039,71.30640850232257,71.29681125474993,71.28721576072135
70.58465944061466,70.6019486311863,70.61924984477656,70.63655865692598,70.65387064317513,70.6711813790645,70.68848644013471,70.70578140192626,70.7230618399797,70.74032332983559,70.75756144703448,70.77477176711689,70.79194986562338,70.8090913180945,70.8261917000708,70.8432465870928,70.8602515547011,70.87720217843618,70.89409403383864,70.91092269644899,70.9276837418078,70.9443727454556,70.96098528293294,70.97751692978038,70.99396326153845,71.0103198537477,71.02658228194869,71.04274612168194,71.05880694848803,71.07476033790746,71.09060186548082,71.10632710674864,71.12193163725145,71.13741103252983,71.1527608681243,71.1679767195754,71.18305416242372,71.19798877220975,71.21277612447408,71.22741179475722,71.24189135859974,71.2562103915422,71.2703644691251,71.28434916688903,71.29816006037451,71.3117927251221,71.32524273667235,71.3385056705658,71.35157710234299,71.36445260754445,71.37712776171077,71.38959814038246,71.40185931910008,71.41390687340419,71.42573637883531,71.43734341093399,71.4487235452408,71.45987235729626,71.47078542264093,71.48145831681535,71.49188661536007,71.50206589431126,71.51199217268845,71.52166272704581,71.53107505556575,71.54022665643069,71.54911502782308,71.55773766792531,71.56609207491982,71.57417574698906,71.58198618231542,71.58952087908133,71.59677733546924,71.60375304966155,71.6104455198407,71.6168522441891,71.62297072088921,71.62879844812342,71.63433292407416,71.63957164692387,71.64451211485496,71.64915182604986,71.65348827869101,71.65751897096082,71.66124140104172,71.66465306711612,71.66775146736647,71.6705340999752,71.6729984631247,71.67514205499742,71.6769623737758,71.67845691764222,71.67962318477915,71.68045867336897,71.68096088159416,71.68112730763711,71.68095544968025,71.68044280590603,71.67958687449682,71.6783851536351,71.67683514150328,71.67493433628377,71.672680236159,71.67007033931141,71.66710214392342,71.66377314817744,71.66008085025591,71.65602274834126,71.6515963406159,71.64679912526226,71.64162860046278,71.63608226439987,71.63015761525595,71.62385215121347,71.61716337045483,71.61008877116248,71.60262585151881,71.59477210970628,71.5865250439073,71.57788215230428,71.56884093307968,71.55939888441591,71.54955352267918,71.53930503486421,71.52865906921527,71.51762194152532,71.50619996758736,71.49439946319438,71.48222674413938,71.46968812621533,71.45678992521523,71.44353845693207,71.42994003715886,71.41600098168855,71.40172760631415,71.38712622682867,71.37220315902506,71.35696471869635,71.3414172216355,71.32556698363551,71.30942032048938,71.29298354799009,71.27626298193063,71.259264938104,71.24199573230317,71.22446168032116,71.20666909795092,71.18862430098548,71.1703336052178,71.1518033264409,71.13303978044773,71.11404928303132,71.09483814998464,71.07541269710069,71.05577924017244,71.0359440949929,71.01591357735505,70.9956940030519,70.9752916878764,70.95471294762159,70.93396409808041,70.91305145504589,70.891981334311,70.87076005166873,70.84939392291209,70.82788926383404,70.80625239022758,70.78448961788571,70.76260726260142,70.7406116401677,70.71850906637752,70.6963058570239,70.67400832789981,70.65162279479824,70.6291555735122,70.60661297983467,70.58400132955862,70.56132693847705,70.53859612238297,70.51581519706936
71.14067491630497,71.15555410282752,71.17029069989196,71.1848839217572,71.19933298268212,71.21363709692564,71.22779547874664,71.24180734240403,71.25567190215673,71.2693883722636,71.2829559669836,71.29637390057557,71.30964138729846,71.32275764141114,71.33572187717252,71.3485333088415,71.36119115067699,71.37369461693788,71.38604292188309,71.3982352797715,71.41027090486202,71.42214901141354,71.43386881368498,71.44542952593523,71.45683036242319,71.46807053740777,71.47914926514787,71.49006575990238,71.50081923593021,71.51140890749026,71.52183398884144,71.53209369424263,71.54218723795275,71.55211383423068,71.56187269733536,71.57146304152565,71.58088408106047,71.59013503019872,71.5992151031993,71.60812351432112,71.61685947782307,71.62542220796405,71.63381091900297,71.64202482519872,71.6500631408102,71.65792508009633,71.66560985731601,71.67311668672812,71.68044478259158,71.68759335916528,71.69456163070812,71.70134881147902,71.70795411573685,71.71437675774054,71.72061595174898,71.72667091202106,71.7325408528157,71.7382249883918,71.74372253300825,71.74903270092395,71.75415470639781,71.75908776444992,71.76383177045075,71.76838855113921,71.7727602736392,71.77694910507458,71.78095721256925,71.7847867632471,71.78843992423201,71.79191886264786,71.79522574561854,71.79836274026793,71.80133201371993,71.80413573309842,71.80677606552727,71.8092551781304,71.81157523803165,71.81373841235494,71.81574686822414,71.81760277276314,71.81930829309583,71.82086559634608,71.82227684963779,71.82354422009485,71.82466987484112,71.82565598100051,71.82650470569689,71.82721821605416,71.8277986791962,71.82824826224689,71.82856913233012,71.82876345656977,71.82883340208974,71.8287811360139,71.82860882546613,71.82831863757035,71.8279127394504,71.82739329823019,71.82676248103361,71.82602245498452,71.82517538720685,71.82422344482444,71.8231687949612,71.82201360474102,71.82076004128776,71.81941027172532,71.8179664631776,71.81643078276845,71.8148053976218,71.81309247486149,71.81129418161143,71.80941268499552,71.80745015213762,71.80540875016162,71.80329064619141,71.80109800735087,71.79883300076389,71.79649779355437,71.79409455284618,71.79162544576319,71.78909263942931,71.78649830096842,71.7838445948035,71.78113328867921,71.77836533916079,71.7755416036599,71.77266293958827,71.76973020435761,71.7667442553796,71.76370595006598,71.76061614582845,71.7574757000787,71.75428547022844,71.7510463136894,71.74775908787326,71.74442465019175,71.74104385805657,71.73761756887941,71.73414664007201,71.73063192904606,71.72707429321325,71.72347458998532,71.71983367677396,71.71615241099087,71.71243165004778,71.70867225135638,71.70487507232838,71.70104097037547,71.6971708029094,71.69326542734186,71.68932570108453,71.68535248154915,71.68134662614742,71.67730899229103,71.67324043739171,71.66914181886115,71.66501399411108,71.66085782055318,71.65667415559918,71.65246385666077,71.64822778114966,71.64396678647758,71.63968173005621,71.63537346929726,71.63104286161246,71.62669076441348,71.62231803511207,71.61792553111991,71.61351410984871,71.60908462871018,71.60463794511604,71.60017491647798,71.59569640020771,71.59120325371694,71.58669633441738,71.58217649972075,71.57764460703872,71.57310151378304,71.56854807736539,71.56398515519749
70.91113234866626,70.92872127985605,70.94621813271769,70.96362149476916,70.98092995352836,70.99814209651325,71.01525651124177,71.03227178523184,71.04918650600142,71.06599926106844,71.08270863795083,71.09931322416654,71.11581160723351,71.13220237466966,71.14848411399296,71.16465541272133,71.1807148583727,71.19666103846502,71.21249254051625,71.22820795204429,71.2438058605671,71.25928485360261,71.27464351866875,71.2898804432835,71.30499421496475,71.31998342123046,71.33484664959857,71.34958248758703,71.36418952271376,71.3786663424967,71.39301153445379,71.40722368610298,71.42130138496219,71.43524321854939,71.44904777438248,71.46271363997943,71.47623940285816,71.48962365053661,71.50286497053273,71.51596195036444,71.52891317754971,71.54171723960644,71.5543727240526,71.56687821840612,71.57923231018493,71.59143358690697,71.6034806360902,71.61537204525253,71.62710640191192,71.63868229358629,71.65009830779358,71.66135303205176,71.67244505387873,71.68337296079245,71.69413534031086,71.70473077995189,71.71515786723347,71.72541518967356,71.73550133479009,71.74541489010099,71.75515444312421,71.76471858459311,71.77410617630345,71.78331655261587,71.7923490953525,71.80120318633551,71.80987820738702,71.81837354032919,71.82668856698416,71.83482266917409,71.8427752287211,71.85054562744736,71.858133247175,71.86553746972618,71.87275767692303,71.87979325058771,71.88664357254237,71.89330802460913,71.89978598861016,71.9060768463676,71.9121799797036,71.91809477044029,71.92382060039984,71.92935685140436,71.93470290527604,71.939858143837,71.94482194890938,71.94959370231534,71.95417278587703,71.95855858141658,71.96275047075615,71.96674783571788,71.97055005812392,71.97415651979641,71.97756660255749,71.98077968822932,71.98379515863404,71.9866123955938,71.98923078093073,71.991649696467,71.99386852402473,71.9958866454261,71.99770344249322,71.99931829704826,72.00073059091335,72.00193970591066,72.0029450238623,72.00374592659044,72.00434179591723,72.0047320136648,72.00491596165531,72.0048930217109,72.00466257565371,72.0042240053059,72.0035766924896,72.00272001902697,72.00165336674014,72.00037611745127,71.9988876529825,71.99718735515597,71.99527460579385,71.99314878671827,71.99080941300764,71.98825816761854,71.98549849605111,71.9825338949045,71.97936786077796,71.97600389027059,71.97244547998163,71.96869612651024,71.96475932645559,71.96063857641688,71.95633737299327,71.95185921278396,71.94720759238812,71.94238600840495,71.93739795743359,71.93224693607326,71.92693644092313,71.92146996858236,71.91585101565015,71.91008307872569,71.90416965440814,71.89811423929667,71.89192032999051,71.8855914230888,71.87913101519072,71.87254260289546,71.86582968280221,71.85899575151015,71.85204430561845,71.84497884172629,71.83780285643284,71.83051984633732,71.82313330803888,71.81564673813669,71.80806363322996,71.80038748991785,71.79262180479957,71.78477007447425,71.77683579554112,71.76882246459932,71.76073357824806,71.75257263308652,71.74434312571387,71.73604855272929,71.72769241073195,71.71927819632106,71.71080940609578,71.7022895366553,71.69372208459879,71.68511054652544,71.67645841903442,71.66776919872491,71.65904638219612,71.6502934660472,71.64151394687734,71.63271132128571,71.62388908587151,71.61505073723391
