0,1,2,3,4,5,6,7,8,9,10,11,12,13,14,15,16,17,18,19,20,21,22,23,24,25,26,27,28,29,30,31,32,33,34,35,36,37,38,39,40,41,42,43,44,45,46,47,48,49,50,51,52,53,54,55,56,57,58,59,60,61,62,63,64,65,66,67,68,69,70,71,72,73,74,75,76,77,78,79,80,81,82,83,84,85,86,87,88,89,90,91,92,93,94,95,96,97,98,99,100,101,102,103,104,105,106,107,108,109,110,111,112,113,114,115,116,117,118,119,120,121,122,123,124,125,126,127,128,129,130,131,132,133,134,135,136,137,138,139,140,141,142,143,144,145,146,147,148,149,150,151,152,153,154,155,156,157,158,159,160,161,162,163,164,165,166,167,168,169,170,171,172,173,174,175,176,177,178,179
67.53002801188893,67.42526949951139,67.33108703187175,67.24716132798942,67.17317310688382,67.10880308757434,67.05373198908042,67.00764053042143,66.9702094306168,66.94111940868594,66.92005118364824,66.90668547452313,66.90070300033001,66.90178448008828,66.90961063281736,66.92386217753666,66.94421983326558,66.97036431902353,67.00197635382992,67.03873665670416,67.08032594666565,67.1264249427338,67.17671436392804,67.23087492926776,67.28858735777236,67.34953236846125,67.41339247486377,67.47990947579923,67.54889661816632,67.62017140251685,67.6935513294026,67.76885389937534,67.84589661298689,67.92449697078904,68.00447247333355,68.08564062117222,68.16781891485685,68.25082485493924,68.33447594197115,68.41858967650438,68.50298355909074,68.58747509028198,68.67188177062992,68.75602110068635,68.83971058100305,68.9227677121318,69.00500999462442,69.08625492903266,69.16632001590833,69.24502275580322,69.32218064926913,69.39761119685782,69.4711687504557,69.54293508245382,69.61307863412274,69.68176801734108,69.74917184398744,69.8154587259404,69.88079727507858,69.94535610328056,70.00930382242494,70.07280904439033,70.13604038105532,70.19916644429853,70.26235584599854,70.32577719803395,70.38959911228335,70.45399020062537,70.51911907493857,70.58515434710158,70.652264628993,70.7206185324914,70.7903846694754,70.86173165182359,70.93482809141459,71.00984260012697,71.08694378983935,71.16629906850828,71.24797095238165,71.33183715567266,71.41775658131242,71.50558813223206,71.59519071136276,71.68642322163562,71.7791445659818,71.8732136473324,71.9684893686186,72.06483063277153,72.16209634272231,72.26014540140207,72.35883671174196,72.45802917667311,72.55758169912667,72.65735318203376,72.75720252832554,72.85698864093312,72.95657042278765,73.05580677682026,73.15455660596211,73.2526788131443,73.35003230129799,73.44647597335431,73.54186873224441,73.63608379156611,73.7291349529068,73.82111581413142,73.91212088898752,74.00224469122266,74.0915817345844,74.1802265328203,74.26827359967794,74.35581744890487,74.44295259424867,74.52977354945689,74.61637482827712,74.70285094445687,74.78929641174376,74.87580574388534,74.96247345462915,75.04939405772278,75.13666206691379,75.22437199594974,75.31261835857818,75.4014956685467,75.49109843960285,75.5815211854942,75.6728584199683,75.76520465677274,75.85865419287353,75.95319120022317,76.04851088100426,76.14426161259051,76.2400917723556,76.33564973767324,76.4305838859171,76.5245425944609,76.61717424067834,76.70812720194309,76.79704985562884,76.88359057910934,76.96739774975823,77.04811974494923,77.12540494205604,77.19890171845235,77.26825845151185,77.33312351860823,77.39314529711521,77.44797216440645,77.4972524978557,77.54063467483661,77.57776707272288,77.60829806888822,77.63187604070632,77.64814936555086,77.65677752912376,77.65760660232715,77.65063747838741,77.63587573685692,77.61332695728805,77.58299671923317,77.54489060224464,77.49901418587484,77.4453730496761,77.38397277320087,77.31481893600144,77.23791711763019,77.15327289763952,77.06089185558177,76.96077957100933,76.85294162347454,76.73738359252977,76.61411105772741,76.48312959861984,76.34444479475937,76.19806222569842,76.04398747098932,75.88222611018448,75.71278372283624,75.53566588849696,75.35087818671903
67.07685291878977,66.99379546727832,66.92309438982804,66.8642408949141,66.81672619101164,66.78004148659576,66.75367799014164,66.73712691012439,66.72987945501916,66.73142683330106,66.74126025344525,66.75887092392685,66.78375005322103,66.81538884980287,66.85327852214758,66.89691027873022,66.94577532802597,66.99936487850997,67.05717013865731,67.1186823169432,67.1833926218427,67.25079226183098,67.3203724453832,67.39162438097446,67.4640392770799,67.53710834217469,67.61032958318397,67.68342560767871,67.75638970225927,67.82923126837056,67.90195970745745,67.97458442096487,68.04711481033772,68.11956027702087,68.19193022245922,68.26423404809768,68.33648115538115,68.40868094575453,68.4808428206627,68.5529761815506,68.62509042986308,68.69719496704505,68.76929919454145,68.84141251379711,68.91354432625698,68.98570403336592,69.05790103656886,69.1301447373107,69.20244453703631,69.27480983719062,69.3472500392185,69.41977454456486,69.4923921096842,69.56510751060426,69.63792400643092,69.71084485328399,69.7838733072833,69.85701262454864,69.93026606119987,70.00363687335678,70.0771283171392,70.15074364866695,70.22448612405984,70.29835899943768,70.37236553092029,70.4465089746275,70.52079258667914,70.59521962319499,70.66979334029492,70.74451699409869,70.81939384072616,70.89442713629714,70.96962013693144,71.04497609874886,71.12049827786927,71.19618993041243,71.2720543124982,71.3480947752956,71.42432295113707,71.50076506241044,71.57744881664763,71.65440192138058,71.73165208414122,71.80922701246149,71.8871544138733,71.96546199590857,72.04417746609926,72.12332853197725,72.20294290107452,72.28304828092296,72.3636723790545,72.4448429030011,72.52658756029467,72.60893405846713,72.6919101050504,72.77554340757642,72.85986167357711,72.94489261058445,73.03066392613027,73.11720332774658,73.2045385229653,73.29269721931831,73.38170712433757,73.4715928977424,73.56234925754131,73.65395392713972,73.74638443488317,73.83961830911709,73.93363307818694,74.02840627043824,74.12391541421641,74.22013803786695,74.31705166973532,74.414633838167,74.51286207150747,74.61171389810218,74.71116684629662,74.81119844443626,74.91178622086656,75.012907703933,75.11454042198105,75.2166619033562,75.31924967640387,75.4222812694696,75.52573421089882,75.629586029037,75.73381425222964,75.83839640882218,75.94330993871493,76.04848735165253,76.15374325994368,76.25887317173644,76.36367259517885,76.46793703841897,76.57146200960483,76.67404301688447,76.77547556840597,76.87555517231732,76.97407733676663,77.07083756990191,77.16563137987121,77.2582542748226,77.3485017629041,77.43616935226376,77.52105255104964,77.60294686740977,77.6816478094922,77.75695088544501,77.82865160341619,77.89654547155382,77.96042799800594,78.02009469092062,78.07534105844586,78.12596260872974,78.17177009942392,78.2128304321865,78.2494230486324,78.28183382376098,78.31034863257155,78.33525335006343,78.35683385123593,78.37537601108838,78.39116570462012,78.40448880683044,78.41563119271869,78.42487873728417,78.43251731552621,78.43883280244414,78.44411107303726,78.44863800230492,78.45269946524641,78.45658133686106,78.46056949214821,78.46494980610717,78.47000815373725,78.4760304100378,78.4833024500081,78.4921101486475,78.50273938095532,78.51547602193088
66.52581179767961,66.49881209765354,66.47918302115303,66.46664153393564,66.46090460175893,66.46168919038043,66.46871226555768,66.48169079304823,66.50034173860962,66.5243820679994,66.55352874697512,66.58749874129431,66.62600901671452,66.66877653899328,66.71551827388816,66.7659511871567,66.81979224455644,66.87675841184492,66.93656665477968,66.99893393911826,67.06357723061822,67.1302134950371,67.19855969813244,67.26833280566179,67.33924978338268,67.41102759705267,67.48338642859369,67.55615271247024,67.62928093413694,67.70273320254924,67.77647162666254,67.85045831543232,67.92465537781399,67.99902492276303,68.07352905923484,68.14812989618488,68.22278954256858,68.29747010734138,68.37213369945871,68.44674242787605,68.52125840154879,68.5956437294324,68.6698605204823,68.74387088365395,68.81763692790278,68.89112076218422,68.96428449545371,69.0370902366667,69.10950009477864,69.18147617874493,69.25298059752106,69.32397546006243,69.39443458405549,69.464404045235,69.53395745653634,69.60316848510206,69.67211079807464,69.7408580625966,69.80948394581048,69.87806211485878,69.946666236884,70.01536997902866,70.08424700843528,70.15337099224638,70.22281559760444,70.292654491652,70.36296134153156,70.43380981438563,70.50527357735675,70.57742629758738,70.6503416422201,70.72409327839736,70.79875487326171,70.87440009395567,70.95110260762172,71.0289360814024,71.10797418244022,71.18829026528326,71.26993044969021,71.35289287217535,71.43717078496508,71.52275744028574,71.60964609036373,71.6978299874254,71.7873023836971,71.87805653140524,71.97008568277616,72.06338309003624,72.15794200541187,72.2537556811294,72.35081736941518,72.44912032249563,72.54865779259708,72.64942303194593,72.75140929276851,72.85460982729123,72.95901788774043,73.06462672634251,73.1714295953238,73.27941974691072,73.38859043332958,73.4989349068068,73.61044641956875,73.72310899258822,73.83681595900336,73.95140917848249,74.06672991989383,74.18261945210548,74.29891904398562,74.4154699644024,74.53211348222396,74.64869086631847,74.76504338555407,74.88101230879893,74.99643890492118,75.11116444278899,75.22503019127052,75.33787741923389,75.44954739554728,75.55988138907884,75.66872066869672,75.77590650326908,75.88128016166408,75.98468291274983,76.08595602539455,76.18494076846633,76.28147841083336,76.37541022136378,76.46657746232691,76.55481804378024,76.63996107952462,76.72183425801107,76.80026526769052,76.87508179701396,76.94611153443235,77.01318216839667,77.07612138735789,77.13475687976697,77.18891633407488,77.2384274387326,77.2831178821911,77.32281535290136,77.35734753931433,77.386542129881,77.41022681305232,77.42822927727927,77.44037721101283,77.44649830270396,77.44642024080363,77.43997071376282,77.42697741003248,77.4072680180636,77.38067022630715,77.34701172321408,77.30613335967824,77.25809707450054,77.20314825802907,77.14153785351746,77.07351680421934,76.99933605338839,76.91924654427821,76.83349922014247,76.74234502423481,76.64603489980887,76.54481979011828,76.4389506384167,76.32867838795777,76.21425398199511,76.0959283637824,75.97395247657326,75.84857726362134,75.72005366818027,75.58863263350369,75.45456510284527,75.31810201945864,75.17949432659742,75.0389929675153,74.89684888546587,74.7533130237028,74.60863632547972
67.1138836204185,67.15321322573206,67.1894263953015,67.2228311912993,67.25373567589801,67.28244791127011,67.30927595958812,67.33452788302453,67.35851174375186,67.38153560394262,67.40390752576931,67.42593557140444,67.4479278030205,67.47019228279002,67.49303707288551,67.51677023547946,67.54169983274437,67.56813392685278,67.59638057997716,67.62674785429004,67.65954381196391,67.69507651517131,67.73365402608471,67.77558440687663,67.82117571971958,67.87073602678606,67.92456602659315,67.98272314430078,68.04497162249153,68.11105824915738,68.18072981229031,68.25373309988225,68.3298148999252,68.4087220004111,68.49020118933191,68.57399925467962,68.65986298444618,68.74753916662354,68.83677458920367,68.92731604017855,69.01891030754014,69.1113041792804,69.20424444339127,69.29747788786476,69.3907513006928,69.48381146986735,69.5764051833804,69.6682792292239,69.75918039538982,69.84885546987012,69.93705124065676,70.02351449574171,70.10803063894606,70.19062338381423,70.27140726259991,70.35049698633375,70.42800726604642,70.5040528127686,70.57874833753094,70.6522085513641,70.72454816529874,70.79588189036556,70.8663244375952,70.93599051801831,71.00499484266558,71.07345212256767,71.14147706875525,71.20918439225898,71.27668880410951,71.34410501533753,71.41154773697369,71.47913168004865,71.5469715555931,71.61518207463769,71.68387794821308,71.75317388734993,71.82318460307893,71.89402450088299,71.96578136539922,72.03849607968841,72.11220475262807,72.18694349309577,72.26274840996899,72.3396556121253,72.4177012084422,72.49692130779722,72.57735201906792,72.65902945113179,72.74198971286638,72.82626891314922,72.91190316085782,72.99892856486974,73.08738123406249,73.1772972773136,73.26871280350059,73.361663921501,73.45618674019238,73.55231736845222,73.65009191515806,73.74954648918745,73.85071719941789,73.95364015472693,74.0583514639921,74.16488045694429,74.27318986497814,74.38320461896672,74.49484921591774,74.60804815283892,74.72272592673798,74.8388070346226,74.95621597350053,75.07487724037946,75.1947153322671,75.31565474617116,75.43761997909937,75.5605355280594,75.68432589005903,75.8089155621059,75.93422904120776,76.06019082437231,76.18672540860727,76.31375729092035,76.44121096831924,76.56901093781167,76.69708169640536,76.82534774110799,76.95373356892732,77.082163676871,77.21056234395158,77.33874310761242,77.46622891767554,77.5924956369966,77.71701912843123,77.83927525483512,77.95873987906386,78.07488886397311,78.18719807241854,78.29514336725575,78.39820061134041,78.49584566752817,78.58755439867465,78.67280266763552,78.75106633726641,78.82182127042296,78.8845433299608,78.93870837873561,78.98379227960302,79.01927089541867,79.04462008903819,79.05931572331724,79.06283366111147,79.05464976527651,79.034239898668,79.00107992414159,78.95468281417028,78.89518486683093,78.82323959549215,78.73951616914242,78.64468375677018,78.53941152736387,78.42436864991194,78.30022429340285,78.16764762682504,78.02730781916699,77.87987403941712,77.72601545656389,77.56640123959575,77.40170055750114,77.23258257926854,77.05971647388635,76.88377141034307,76.70541655762712,76.52532108472698,76.34415416063106,76.16258495432784,75.98128263480577,75.80091637105328,75.62215533205884,75.44566868681089,75.27212560429788
68.32335602185154,68.11386970753577,67.92518358473515,67.75652508419631,67.60712163666594,67.47620067289068,67.36298962361718,67.26671591959214,67.18660699156217,67.12189027027395,67.07179318647414,67.03554317090939,67.0123676543264,67.00149406747175,67.00214984109218,67.01356240593427,67.03495919274474,67.06556763227022,67.10461515525739,67.15132919245289,67.20493717460337,67.26466653245552,67.329744696756,67.3993990982514,67.47285716768846,67.5493463358138,67.62810204659797,67.70862447718528,67.79073284974464,67.87426538075329,67.95906028668855,68.04495578402774,68.13179008924806,68.21940141882689,68.3076279892415,68.39630801696913,68.48527971848713,68.57438131027277,68.66345100880332,68.7523270305561,68.84084759200837,68.92885090963748,69.01617519992067,69.10265867933524,69.18813956435847,69.27245607146767,69.35544641714012,69.43694881785311,69.51680149008394,69.59484265030991,69.67091051500827,69.74484330065636,69.81651620353236,69.8860326332229,69.95358297032791,70.01935776665007,70.08354757399209,70.14634294415666,70.20793442894646,70.26851258016416,70.3282679496125,70.38739108909411,70.44607255041174,70.50450288536805,70.56287264576576,70.62137238340753,70.68019265009605,70.73952399763405,70.79955697782415,70.86048214246912,70.92249004337162,70.98577123233432,71.05051626115994,71.11691568165116,71.18516004561067,71.25543990484118,71.32794581114536,71.4028668884884,71.48026786049368,71.55999427772892,71.64186938080096,71.72571641031664,71.81135860688283,71.89861921110639,71.98732146359416,72.077288604953,72.16834387578973,72.26031051671123,72.35301176832434,72.4462708712359,72.53991106605278,72.63375559338184,72.7276276938299,72.82135060800383,72.91474757651045,73.00764183995665,73.09985663894929,73.19121521409517,73.28154080600117,73.37065665527416,73.45838600252097,73.54455208834844,73.62897815336342,73.71150915026038,73.79220333128225,73.87124001527238,73.94879991064772,74.02506372582528,74.10021216922195,74.17442594925475,74.24788577434066,74.32077235289657,74.3932663933395,74.4655486040864,74.5377996935542,74.6102003701599,74.68293134232044,74.75617331845282,74.83010700697395,74.90491311630083,74.98077235485042,75.05786543103966,75.13637305328552,75.21647593000498,75.29835476961497,75.38219028053248,75.4681631711745,75.55645414995791,75.6472436399296,75.74056709610392,75.83607957509531,75.93337449356727,76.03204526818345,76.1316853156074,76.23188805250271,76.33224689553293,76.43235526136169,76.53180656665253,76.63019422806906,76.72711166227484,76.82215228593347,76.91490951570853,77.00497676826356,77.09194746026219,77.17541500836799,77.25497282924451,77.33021433955537,77.40073295596414,77.46612209513438,77.5259751737297,77.57988560841366,77.62744681584985,77.66825221270184,77.70189521563324,77.72800277397369,77.74676508105316,77.75883969173498,77.76489830747599,77.76561262973303,77.76165435996285,77.75369519962231,77.74240685016827,77.72846101305745,77.71252938974675,77.69528368169296,77.67739559035289,77.65953681718338,77.64237906364121,77.62659403118326,77.6128534212663,77.60182893534716,77.59419227488263,77.59061514132961,77.59176923614481,77.59832626078514,77.61095791670738,77.63033590536836,77.65713192822489,77.69201768673375,77.73566488235184
66.22326540985625,66.27202431481032,66.31984809579373,66.3668596406283,66.4131818371359,66.45893757313831,66.5042497364574,66.54924121491499,66.59403489633291,66.638753668533,66.68352041933709,66.728458036567,66.77368940804458,66.81933742159165,66.86552496503006,66.91237492618164,66.9600101928682,67.00855365291159,67.05812819413364,67.10885670435619,67.16086207140104,67.21426718309007,67.26919492724508,67.32576819168793,67.38410986424041,67.4443428327244,67.50658698402016,67.57086306279132,67.63707233176991,67.70510894034511,67.77486703790606,67.84624077384191,67.91912429754181,67.99341175839493,68.0689973057904,68.1457750891174,68.22363925776506,68.30248396112255,68.382203348579,68.46269156952359,68.54384277334545,68.62555110943374,68.70771072717764,68.79021577596626,68.87296040518879,68.95583876423436,69.03874500249212,69.12157326935125,69.20421771420087,69.28657248643016,69.36853173542825,69.44998961058431,69.53085273531238,69.61110471393005,69.69075848781343,69.76982705608876,69.84832341788228,69.92626057232023,70.00365151852883,70.08050925563431,70.15684678276293,70.2326770990409,70.30801320359447,70.38286809554987,70.45725477403332,70.53118623817107,70.60467548708937,70.6777355199144,70.75037933577246,70.82261993378975,70.8944703130925,70.96594347280696,71.03705241205935,71.10781012997592,71.17822962568289,71.24832389830651,71.318105946973,71.3875892649234,71.45683039515136,71.52596172727338,71.5951233714499,71.66445543784131,71.734098036608,71.8041912779104,71.8748752719089,71.9462901287639,72.01857595863582,72.09187287168506,72.166320978072,72.24206038795707,72.31923121150065,72.39797355886317,72.47842754020503,72.56073326568662,72.64503084546836,72.73146038971062,72.82016200857385,72.91127581221842,73.00494191080475,73.10130041449324,73.2004914334443,73.30265507781832,73.40793145777572,73.51643527294159,73.62803158984232,73.74244378585945,73.85939361210032,73.97860281967219,74.09979315968239,74.22268638323824,74.34700424144701,74.47246848541603,74.59880086625259,74.725723135064,74.85295704295757,74.9802243410406,75.1072467804204,75.23374611220426,75.3594440874995,75.48406245741342,75.60732297305331,75.7289473855265,75.84865744594028,75.96617490540196,76.08122151501884,76.19351902589821,76.3027891891474,76.40875375587372,76.51113465270791,76.60974297219533,76.70462377964542,76.79586005343367,76.88353477193556,76.9677309135266,77.04853145658224,77.12601937947801,77.20027766058939,77.27138927829186,77.33943721096091,77.40450443697203,77.46667393470072,77.52602868252247,77.58265165881274,77.63662584194704,77.68803421030086,77.73695974224968,77.78348541616901,77.82769421043433,77.8696691034211,77.90949307350486,77.94724909906105,77.9830201584652,78.01688923009277,78.04893929231926,78.07927476722934,78.10836026420995,78.13695926434455,78.16584429528136,78.19578788466862,78.22756256015457,78.2619408493874,78.29969528001538,78.34159837968674,78.3884226760497,78.44094069675249,78.49992496944336,78.56614802177052,78.6403823813822,78.72340057592665,78.81597513305208,78.91887858040674,79.03288344563886,79.15876225639666,79.29728754032837,79.44923182508225,79.6153676383065,79.79646750764935,79.99330396075905,80.20664952528384,80.43727672887192
67.40654845275196,67.28948367114026,67.1913699160097,67.11130651426578,67.04839279281404,67.00172807856,66.97041169840918,66.95354297926707,66.95022124803924,66.95954583163117,66.98061605694843,67.0125312508965,67.05439074038091,67.10529385230723,67.1643399135809,67.2306282511075,67.30325819179254,67.38132906254151,67.46394019025999,67.55019090185345,67.63918052422744,67.73000838428749,67.8217738089391,67.91357612508781,68.00451465963911,68.09368873949856,68.18021194155904,68.26366862007379,68.34421048990407,68.42202304365904,68.49729177394781,68.57020217337953,68.64093973456326,68.70968995010819,68.77663831262339,68.841970314718,68.90587144900115,68.96852720808198,69.03012308456957,69.09084457107306,69.15087716020159,69.21040634456426,69.2696176167702,69.32869646942854,69.38782839514838,69.44719888653887,69.50699343620911,69.56739753676823,69.62859668082535,69.69077636098962,69.7541220698701,69.81881930007597,69.88502360589152,69.95270578332793,70.02176621789175,70.09210515648618,70.16362284601439,70.23621953337951,70.3097954654848,70.38425088923336,70.45948605152842,70.53540119927311,70.61189657937066,70.68887243872425,70.76622902423702,70.84386658281215,70.92168536135287,70.99958560676231,71.07746756594366,71.15523148580007,71.23277761323479,71.31000619515095,71.38681747845172,71.4631117100403,71.53878913681984,71.61375000569359,71.68789456356464,71.76112413648866,71.8334340716782,71.90498536624631,71.9759558790631,72.04652346899863,72.11686599492299,72.18716131570625,72.25758729021845,72.32832177732968,72.39954263591002,72.47142772482957,72.54415490295835,72.61790202916649,72.69284696232401,72.769167561301,72.84704168496756,72.92664719219374,73.00816194184961,73.09176379280524,73.17763060393074,73.26594023409615,73.35687054217152,73.45059938702698,73.54730462753258,73.64716412255837,73.75035573097446,73.85703122505907,73.96708610241237,74.08027040179849,74.19633249243964,74.31502074355808,74.4360835243761,74.5592692041159,74.68432615199976,74.81100273724991,74.9390473290886,75.0682082967381,75.19823400942064,75.32887283635847,75.45987314677384,75.59098330988903,75.72195169492622,75.85252667110771,75.98245660765573,76.11148987379258,76.23937483874042,76.36585987172157,76.49069334195823,76.6136236186727,76.73439907108718,76.85276806842396,76.96847895890232,77.08126942125716,77.19084913732794,77.29692325232304,77.3991969114507,77.49737525991932,77.59116344293722,77.68026660571266,77.764389893454,77.84323845136956,77.91651742466766,77.98393195855661,78.04518719824475,78.09998828894041,78.14804037585188,78.18904860418749,78.22271811915556,78.24875406596445,78.26686158982244,78.27674583593785,78.27811194951903,78.27066507577428,78.25411035991192,78.22815294714027,78.1924979826677,78.14685061170246,78.09096148620986,78.02534562946369,77.95115231516286,77.86955001516952,77.78170720134571,77.68879234555351,77.591973919655,77.49242039551228,77.3913002449874,77.28978193994249,77.18903395223961,77.09022475374081,76.9945228163082,76.90309661180385,76.81711461208985,76.73774528902825,76.6661571144812,76.6035185603107,76.5509980983789,76.50976420054783,76.48098533867957,76.46582998463626,76.46546661027992,76.48106368747264,76.51378968807654,76.56481308395365
66.8641182701786,66.76201891674155,66.6788117452148,66.61358519300605,66.565427697523,66.53342769617338,66.51667362636489,66.51425392550526,66.52525703100218,66.54877138026337,66.58388541069654,66.62968755970941,66.68526626470968,66.74970996310506,66.82210709230328,66.90154608971204,66.98711539273906,67.07790343879203,67.1729986652787,67.27148950960674,67.37246440918389,67.47501180141784,67.57822012371632,67.68117781348704,67.78297330813771,67.88269504507603,67.97944591074398,68.07280614486285,68.16293127277653,68.25001106939158,68.33423530961448,68.4157937683518,68.49487622051005,68.57167244099575,68.64637220471545,68.71916528657566,68.7902414614829,68.85979050434372,68.92800219006463,68.99506629355217,69.06117258971287,69.12651085345325,69.19127085967985,69.25564238329916,69.31981519921776,69.38397908234214,69.44832380757884,69.51303914983441,69.57831488401534,69.64434078502818,69.71130662777945,69.77940218717569,69.84879111329829,69.91947583219208,69.99139732818355,70.06449646465092,70.1387141049724,70.21399111252619,70.29026835069051,70.36748668284359,70.44558697236363,70.52451008262885,70.60419687701747,70.68458821890769,70.76562497167774,70.84724799870583,70.92939816337017,71.01201632904898,71.09504335912045,71.17842011696283,71.26208746595432,71.34598626947313,71.43005739089749,71.5142416936056,71.59848004097567,71.68271329638591,71.76688232321457,71.85092859251499,71.93484651903798,72.0187237956699,72.1026576102213,72.18674515050276,72.27108360432486,72.35577015949815,72.4409020038332,72.5265763251406,72.61289031123088,72.69994114991464,72.78782602900243,72.87664213630484,72.96648665963241,73.05745678679573,73.14964970560536,73.24316260387187,73.33809266940582,73.43453709001778,73.53259305351834,73.63235774771805,73.73392836042746,73.83740207945718,73.94287609261772,74.05044758771972,74.1602137525737,74.27225200245043,74.38644550718966,74.50256718494914,74.62038868844414,74.73968167038984,74.86021778350154,74.98176868049443,75.10410601408374,75.22700143698474,75.35022660191262,75.47355316158266,75.59675276871006,75.71959707601007,75.84185773619792,75.96330640198883,76.08371472609805,76.20285436124078,76.32049696013229,76.43641417548784,76.5503776600226,76.66215906645186,76.77153004749081,76.87826225585471,76.98212734425877,77.08289696541826,77.18034284483579,77.27427368401035,77.36459521003778,77.45122887209106,77.53409611934327,77.61311840096738,77.68821716613644,77.75931386402343,77.8263299438014,77.88918685464333,77.94780604572227,78.00210896621121,78.0520170652832,78.09745179211123,78.13833459586834,78.17458692572751,78.20613023086179,78.23288596044421,78.25477556364774,78.27172048964542,78.28364218761027,78.29046210671532,78.29210169613356,78.28848240503802,78.27952568260173,78.2651529779977,78.24533585473614,78.22088764058526,78.19332013188821,78.16416626697423,78.13495898417244,78.10723122181204,78.08251591822221,78.06234601173213,78.048254440671,78.04177414336797,78.04443805815225,78.05777912335299,78.08333027729941,78.12262445832064,78.17719460474592,78.24857365490439,78.33829454712523,78.44789021973764,78.57889361107081,78.7328376594539,78.91125530321608,79.11567948068657,79.34764313019451,79.6086791900691,79.90032059863952,80.22410029423497
67.36340625413621,67.22698248794713,67.11010427822112,67.01188393952417,66.93143378642226,66.86786613348136,66.82029329526746,66.78782758634654,66.76958132128458,66.76466681464755,66.77219638100146,66.79128233491228,66.82103699094598,66.86057266366855,66.90900166764597,66.96543631744423,67.02898892762929,67.09877181276715,67.17389728742378,67.25347766616518,67.33662526355732,67.42245239416617,67.51007137255773,67.59859451329798,67.68713413095288,67.77480254008844,67.86072557450555,67.94447570347023,68.0261636620836,68.10593223104077,68.1839241910368,68.26028232276673,68.33514940692564,68.40866822420861,68.4809815553107,68.55223218092699,68.62256288175254,68.6921164384824,68.76103563181167,68.82946324243538,68.89754205104863,68.96541483834648,69.03322438502398,69.10111347177622,69.16922487929826,69.23770138828516,69.306685779432,69.37632083343385,69.44674933098577,69.51811405278282,69.59055777952007,69.66422329189261,69.73922604052119,69.8155128140403,69.8929661247986,69.97146835861662,70.05090190131487,70.13114913871391,70.21209245663422,70.29361424089635,70.37559687732083,70.45792275172818,70.54047424993894,70.62313375777362,70.70578366105273,70.78830634559684,70.87058419722646,70.9524996017621,71.0339349450243,71.11477261283359,71.19489499101049,71.27418446537553,71.35252342174923,71.42979424595212,71.50587932380473,71.5806610411276,71.65402178374121,71.72584520259831,71.79612517329122,71.86504976919932,71.93282683139195,71.99966420093855,72.06576971890848,72.13135122637115,72.19661656439592,72.26177357405219,72.32703009640935,72.39259397253679,72.45867304350388,72.52547515038003,72.59320813423463,72.66207983613705,72.7322980971567,72.80407075836294,72.87760566082518,72.9531106456128,73.03079355379518,73.11086222644172,73.19352450462182,73.27898822940483,73.36746124186017,73.45915138305722,73.55426649406536,73.65298009259367,73.75512850365935,73.86035666522244,73.96830731854791,74.07862320490072,74.19094706554588,74.30492164174834,74.42018967477306,74.53639390588505,74.65317707634924,74.77018192743064,74.88705120039421,75.00342763650491,75.11895397702776,75.23327296322768,75.34602733636966,75.45685983771868,75.56541320853972,75.67133019009775,75.77425352365772,75.87382595048464,75.96969021184347,76.06148904899916,76.14886520321673,76.2314614157611,76.30892065217405,76.38099981058942,76.447754750057,76.50928977340598,76.5657091834655,76.6171172830647,76.66361837503273,76.70531676219875,76.7423167473919,76.77472263344133,76.8026387231762,76.82616931942565,76.84541872501883,76.8604912427849,76.871491175553,76.87852282615228,76.8816904974119,76.88109849216099,76.87685111322871,76.86905266344422,76.85780744563665,76.84321976263517,76.82539391726891,76.80443421236704,76.78044495075869,76.75353043527303,76.72382763086294,76.69202212409101,76.65925472986946,76.626680042444,76.59545265606029,76.566727164964,76.54165816340085,76.52140024561649,76.50710800585661,76.49993603836688,76.501038937393,76.51157129718065,76.5326877119755,76.56554277602322,76.61129108356951,76.67108722886006,76.74608580614054,76.83744140965662,76.94630863365398,77.07384207237833,77.22119632007534,77.38952597099066,77.57998561937002,77.79372985945905,78.03191328550348,78.29569049174896
67.81687002780811,67.67606902875879,67.55198445535434,67.44396075382139,67.3513423703865,67.27347375127627,67.2096993427173,67.15936359093617,67.12181094215944,67.09638584261376,67.08243273852567,67.07929607612178,67.08632030162866,67.10284986127294,67.12822920128117,67.16180276787996,67.2029150072959,67.25091036575557,67.30513328948557,67.36492822471247,67.42963961766289,67.49861191456338,67.57118956164057,67.64671700512102,67.72453869123134,67.8039990661981,67.88445041828602,67.96550411346315,68.04708374699253,68.12913150267198,68.2115895642993,68.29440011567235,68.37750534058888,68.46084742284675,68.54436854624376,68.62801089457771,68.71171665164644,68.79542800124776,68.87908712717946,68.96263621323938,69.04601744322532,69.1291730009351,69.21204507016654,69.29457583471743,69.37670747838563,69.4583821849689,69.53954213826509,69.620129522072,69.70008652018747,69.77935531640927,69.85787809453524,69.9355970383632,70.01246544745014,70.08850521999666,70.16376439682219,70.23829107020799,70.31213333243538,70.38533927578561,70.45795699253998,70.53003457497977,70.60162011538624,70.67276170604069,70.74350743922442,70.81390540721867,70.88400370230475,70.95385041676394,71.02349364287751,71.09298147292675,71.16236199919294,71.23168331395736,71.30099350950131,71.37034067810603,71.43977291205285,71.50933830362303,71.57908494509783,71.64906092875857,71.7193143468865,71.78989330171721,71.86084676275358,71.93222522748161,72.00407934892306,72.07645978009968,72.14941717403326,72.22300218374555,72.2972654622583,72.37225766259327,72.44802943777222,72.52463144081692,72.60211432474912,72.68052874259061,72.75992534736311,72.84035479208839,72.92186772978823,73.00451481348436,73.08834669619857,73.1734140309526,73.25976747076822,73.34745766866719,73.43653527767127,73.5270509508022,73.61905534108176,73.71259910153172,73.80773288517382,73.9045011305536,74.00288722520212,74.10283990473096,74.20430750702523,74.30723836997008,74.41158083145062,74.51728322935196,74.62429390155921,74.73256118595751,74.84203342043196,74.9526589428677,75.06438609114983,75.17716320316346,75.29093861679374,75.40566066992577,75.52127770044466,75.63773804623554,75.75499004518352,75.87298203517375,75.9916623540913,76.11097933982133,76.23088133024893,76.35131666325923,76.47223367673736,76.59358070856841,76.7153058491345,76.8372314572723,76.95884997026344,77.07960036473251,77.19892161730404,77.31625270460258,77.43103260325269,77.54270028987891,77.65069474110581,77.75445493355791,77.8534198438598,77.947028448636,78.03471972451108,78.11593264810959,78.19010619605606,78.25667934497508,78.31509107149117,78.36478035222889,78.4051861638128,78.43574748286743,78.45590328601736,78.46509254988712,78.46275425110127,78.44832736628436,78.42125087206094,78.38096374505557,78.32696369117456,78.25973488472897,78.18058003939451,78.09082664526267,77.9918021924249,77.88483417097268,77.77125007099747,77.65237738259074,77.52954359584398,77.40407620084862,77.27730268769616,77.15055054647806,77.02514726728577,76.90242034021081,76.78369725534459,76.67030550277862,76.56357257260434,76.46482595491324,76.37539313979678,76.29660161734643,76.22977887765366,76.17625241080994,76.13734970690672,76.1143982560355,76.10872554828772,76.12165907375488
66.45662765305582,66.42151426294254,66.3972736375989,66.38339706361413,66.37937582757745,66.38470121607807,66.39886451570524,66.42135701304814,66.451669994696,66.48929474723806,66.53372255726352,66.5844447113616,66.64095249612153,66.70273719813251,66.76929010398378,66.84010250026454,66.91466567356403,66.99247091047145,67.07300949757604,67.155772721467,67.24025186873355,67.32593822596493,67.41232307975034,67.498897716679,67.58515342334013,67.67058148632296,67.75468068149034,67.83719720811601,67.91817544951702,67.9976775413628,68.07576561932275,68.1525018190663,68.22794827626288,68.30216712658186,68.37522050569271,68.44717054926481,68.51807939296759,68.58800917247048,68.65702202344286,68.72518008155419,68.79254548247386,68.8591803618713,68.9251468554159,68.9905070987771,69.05532322762433,69.11965737762698,69.18357168445448,69.24712828377623,69.31038931126166,69.3734169025802,69.43627319340123,69.49902031939422,69.56172095352099,69.62444108453441,69.68724796481959,69.75020884924908,69.81339099269545,69.87686165003127,69.94068807612913,70.00493752586158,70.0696772541012,70.13497451572054,70.20089656559219,70.2675106585887,70.33488404958266,70.40308399344663,70.47217774505317,70.54223255927486,70.61331569098428,70.68549439505398,70.75883592635654,70.83340753976452,70.90927649015049,70.98651003238703,71.0651754213467,71.14533991190207,71.2270707589257,71.31043445776213,71.39543132987293,71.48194510916134,71.56984766190455,71.65901085437973,71.74930655286406,71.8406066236347,71.93278293296885,72.02570734714367,72.11925173243634,72.21328795512403,72.30768788148394,72.40232337779322,72.49706631032906,72.59178854536863,72.68636194918912,72.78065838806768,72.87454972828151,72.96790783610777,73.06060457782365,73.15251181970633,73.24350142803297,73.33344526908076,73.42221520912686,73.50968311444846,73.59572085132274,73.68021624183777,73.76321385796814,73.84484724129005,73.92525095455167,74.00455956050111,74.0829076218865,74.16042970145598,74.2372603619577,74.31353416613976,74.38938567675032,74.46494945653751,74.54036006824946,74.61575207463429,74.69126003844015,74.76701852241516,74.84316208930747,74.91982530186522,74.99714272283651,75.0752489149695,75.15427844101232,75.23436586371311,75.31564574581998,75.39825265008109,75.48232113924455,75.5679857760585,75.65538095674566,75.74455648260732,75.83534017653896,75.92752389194192,76.02089948221749,76.11525880076702,76.21039370099183,76.30609603629325,76.40215766007262,76.49837042573124,76.59452618667045,76.69041679629159,76.78583410799597,76.88056997518493,76.97441625125978,77.06716478962187,77.15860744367251,77.24853606681303,77.33674251244477,77.42301863396904,77.50715628478719,77.58894731830051,77.66818358791035,77.74465694701806,77.81815924902492,77.8884823473323,77.95543052641901,78.01901687401906,78.07942773600932,78.13685470262749,78.19148936411125,78.24352331069831,78.29314813262637,78.34055542013311,78.38593676345624,78.42948375283348,78.47138797850249,78.51184103070099,78.55103449966666,78.5891599756372,78.6264090488503,78.6629733095437,78.69904434795504,78.73481375432206,78.77047311888242,78.80621403187385,78.84222808353405,78.87870686410068,78.91584196381146,78.95382497290409,78.99284748161625,79.03310108018566
67.35666082685071,67.20212788961973,67.06670485145824,66.94958801085446,66.8499736662965,66.76705811627261,66.70003765927092,66.64810859377961,66.61046721828687,66.58630983128089,66.57483273124981,66.57523221668183,66.58670458606512,66.60844613788787,66.63965317063824,66.67952198280443,66.72724887287458,66.7820301393369,66.84306208067954,66.90954099539071,66.98066318195856,67.05562493887128,67.13362256461704,67.213852357684,67.29551061656038,67.37779363973432,67.4599086297828,67.54142302806869,67.62233842023136,67.70268223863931,67.78248191566101,67.86176488366493,67.94055857501954,68.01889042209334,68.09678785725475,68.17427831287227,68.25138922131435,68.3281480149495,68.40458212614615,68.48071898727281,68.55658603069793,68.63221068878997,68.70762039391741,68.78284257844871,68.85790467475238,68.93283411519684,69.00765833215061,69.08240475798212,69.15710082505987,69.23177396575232,69.30645161242794,69.38116119745519,69.45592639412646,69.53074767736194,69.60561668129165,69.68052502264263,69.7554643181418,69.83042618451617,69.90540223849271,69.98038409679836,70.05536337616013,70.13033169330495,70.20528066495982,70.28020190785173,70.35508703870761,70.42992767425446,70.50471543121921,70.57944192632891,70.65409877631046,70.72867759789085,70.80317000779709,70.87756762275612,70.95186205949489,71.02604493474041,71.10010786521966,71.17404246765955,71.2478403587871,71.32149374839702,71.39504651730866,71.46863358223587,71.54239912657539,71.61648733372411,71.69104238707885,71.76620847003645,71.84212976599372,71.9189504583475,71.99681473049458,72.07586676583185,72.1562507477561,72.23811085966418,72.32159128495292,72.40683620701913,72.49398980925966,72.58319627507132,72.67459978785095,72.76834453099536,72.86457468790141,72.96343444196594,73.06506797658574,73.16961947515765,73.27723312107852,73.38805309774514,73.50222358855439,73.61985996101765,73.74079449538795,73.8646987945412,73.99124261713666,74.1200957218336,74.25092786729124,74.38340881216882,74.51720831512566,74.65199613482096,74.78744202991396,74.92321575906396,75.05898708093017,75.19442575417185,75.32920153744828,75.46298418941868,75.5954434687423,75.72624913407842,75.85507094408624,75.98157865742508,76.10544203275413,76.2263308287327,76.34391480401999,76.45786371727527,76.5678473271578,76.67353539232681,76.77459776962797,76.87075419459026,76.96185528519342,77.04777286767623,77.12837876827746,77.20354481323588,77.2731428287903,77.33704464117949,77.39512207664225,77.4472469614173,77.49329112174351,77.53312638385961,77.56662457400438,77.59365751841665,77.61409704333514,77.62781497499867,77.63468313964603,77.63457336351598,77.62735747284731,77.61290729387878,77.59109465284922,77.56179137599739,77.52486928956208,77.48020021978203,77.42765599289609,77.367108435143,77.29850645927107,77.2230937904931,77.1431885472482,77.06114136884682,76.97930289459924,76.90002376381585,76.825654615807,76.75854608988305,76.70104882535438,76.65551346153129,76.62429063772419,76.60973099324343,76.61418516739934,76.6400037995023,76.68953752886264,76.76513699479077,76.86915283659701,77.00393569359173,77.17183620508527,77.37520501038802,77.61639274881031,77.89775005966249,78.22162758225494,78.59037595589803,79.00634581990207,79.47188781357747
66.87700815307716,66.86811707727762,66.8656955402387,66.86947974074084,66.87920587756444,66.89461014948996,66.9154287552978,66.94139789376838,66.97225376368216,67.00773256381954,67.04757049296094,67.09150374988683,67.13926853337757,67.19060104221364,67.24523747517546,67.30291403104343,67.363366908598,67.42633230661959,67.49154642388861,67.5587454591855,67.62766561129071,67.69804307898463,67.76961406104772,67.84211475626036,67.91528136340303,67.9888500812561,68.06256058800425,68.13626751103781,68.2099640095814,68.28365149033623,68.35733136000353,68.43100502528456,68.50467389288056,68.57833936949277,68.6520028618224,68.72566577657071,68.79932952043893,68.87299550012831,68.94666512234008,69.02033979377546,69.09402092113572,69.16770991112207,69.24140817043576,69.31511710577804,69.38883812385012,69.46257263135327,69.5363220349887,69.61008774145765,69.68387115746137,69.75767368970111,69.83149674487807,69.90534172969352,69.97920883475095,70.05309074575445,70.1269772883264,70.20085828245912,70.27472354814489,70.34856290537603,70.42236617414481,70.49612317444357,70.56982372626459,70.64345764960018,70.71701476444264,70.79048489078426,70.86385784861736,70.93712345793423,71.01027153872718,71.08329191098852,71.15617439471053,71.22890880988551,71.30148497650579,71.37389271456365,71.4461218440514,71.51816218496134,71.59000355728577,71.66163578101698,71.7330486761473,71.80423286377854,71.87524876167896,71.94627975792734,72.01752175793864,72.08917066712779,72.16142239090975,72.23447283469945,72.30851790391182,72.38375350396183,72.46037554026441,72.5385799182345,72.61856254328706,72.70051932083702,72.78464615629932,72.87113895508891,72.96019362262074,73.05200606430972,73.14677218557085,73.24468789181903,73.34594908846921,73.45075168093634,73.55929157463537,73.67176467498123,73.78836688738888,73.90929411727323,74.03474227004926,74.16486304792176,74.299373900759,74.43774580132947,74.57944689339624,74.72394532072231,74.87070922707078,75.01920675620464,75.16890605188695,75.31927525788079,75.46978251794914,75.6198959758551,75.76908377536168,75.91681406023193,76.06255497422892,76.20577466111564,76.34594126465515,76.48252292861054,76.61498779674481,76.74280401282103,76.86543972060221,76.98236306385141,77.09304218633169,77.19694523180605,77.2935403440376,77.38229566678932,77.46267970401956,77.53434393889471,77.5974199949045,77.65211729772167,77.6986452730189,77.73721334646892,77.76803094374444,77.79130749051814,77.80725241246276,77.816075135251,77.81798508455556,77.81319168604915,77.8019043654045,77.78433254829429,77.76068566039125,77.73117312736807,77.69600437489747,77.65538882865215,77.60953591430483,77.55865505752821,77.50295568399501,77.44264721937793,77.3779390893497,77.30904071958298,77.23616153575051,77.15951096352501,77.07928268571828,76.99540595427581,76.9075906050195,76.81553983225184,76.71895683027533,76.61754479339247,76.51100691590574,76.39904639211761,76.28136641633064,76.15767018284724,76.02766088596994,75.89104172000123,75.74751587924358,75.59678655799951,75.43855695057148,75.27253025126201,75.09840965437358,74.91589835420868,74.7246995450698,74.52451642125942,74.31505217708005,74.09601000683416,73.86709310482426,73.62800466535283,73.37844788272237,73.11812595123536
67.5852019100987,67.42871667111783,67.29464571066487,67.18194132944117,67.08955582814806,67.0164415074868,66.96155066815874,66.92383561086515,66.9022486363074,66.89574204518678,66.9032681382046,66.92377921606214,66.95622757946077,66.99956552910174,67.05274536568643,67.1147193899161,67.1844399024921,67.26085920411572,67.34292959548827,67.42960337731108,67.51983285028544,67.61257031511269,67.7067680724941,67.80137842313104,67.89535366772475,67.98764610697663,68.07722423172137,68.16359140683227,68.24689560434788,68.32732317291934,68.40506046119776,68.48029381783437,68.55320959148028,68.62399413078668,68.69283378440468,68.75991490098545,68.82542382918012,68.88954691763993,68.95247051501593,69.01438096995935,69.07546463112129,69.13590784715294,69.19589696670545,69.25561833842997,69.31525831097764,69.37500323299963,69.43503945314711,69.4955533200712,69.55673118242308,69.6187593888539,69.68182428801478,69.74611222855694,69.81178007319915,69.87880271823508,69.94708571341391,70.01653447197577,70.08705440716082,70.15855093220924,70.23092946036118,70.30409540485681,70.37795417893628,70.4524111958398,70.52737186880748,70.60274161107952,70.67842583589606,70.75432995649729,70.83035938612335,70.90641953801443,70.98241582541067,71.05825366155224,71.13383845967931,71.20907563303206,71.28387059485061,71.35812875837516,71.43175553684588,71.50465634350292,71.57673659158644,71.64790266811485,71.71814580053677,71.78760669126245,71.85644125798734,71.92480541840692,71.99285509021655,72.06074619111178,72.12863463878796,72.19667635094058,72.26502724526509,72.33384323945691,72.40328025121153,72.47349419822433,72.5446409981908,72.61687656880639,72.69035682776652,72.76523769276665,72.84167508150219,72.91982491166863,72.99984310096139,73.08188556707594,73.1661082277077,73.25266700055212,73.34171780330465,73.43341655366072,73.5279191693158,73.62536742612784,73.72576417054373,73.82903339412468,73.93509818335426,74.04388162471608,74.1553068046938,74.26929680977096,74.38577472643121,74.50466364115817,74.62588664043543,74.74936681074658,74.87502723857526,75.00279101040505,75.13258121271957,75.26432093200245,75.39793325473727,75.53334126740765,75.67046805649719,75.80923670848952,75.94957030986822,76.09139194711693,76.23462470671925,76.37919167515874,76.52501593891908,76.67202058448383,76.82012827569137,76.96904697258405,77.11792124906249,77.26580438764951,77.41174967086793,77.55481038124056,77.6940398012902,77.82849121353966,77.95721790051176,78.0792731447293,78.19371022871512,78.29958243499202,78.39594304608276,78.48184534451023,78.5563426127972,78.6184881334665,78.66733518904091,78.70193706204326,78.72134703499636,78.72461839042303,78.71080441084605,78.6789583787883,78.62813357677253,78.55738328732154,78.46576079295819,78.35231937620527,78.21623535264062,78.05875160868855,77.88282580397792,77.69146750270782,77.4876862690772,77.27449166728512,77.05489326153058,76.83190061601259,76.60852329493021,76.38777086248238,76.1726528828682,75.96617892028664,75.77135853893674,75.5912013030175,75.42871677672795,75.28691452426708,75.16880410983396,75.07739509762754,75.01569705184693,74.98671953669106,74.99347211635896,75.0389643550497,75.12620581696225,75.25820606629563,75.43797466724888,75.66852118402102
66.23327546029154,66.34050349238281,66.43913452365909,66.52971721875487,66.61280024230459,66.6889322589427,66.75866193330367,66.82253793002194,66.88110891373198,66.93492354906823,66.98453050066514,67.0304784331572,67.07331601117885,67.11359189936452,67.15185476234869,67.18865326476582,67.22453607125036,67.26005184643675,67.29574925495947,67.33217696145296,67.36988363055168,67.40941792689009,67.45132851510262,67.49616405982376,67.54447322568795,67.59680467732964,67.65369580462513,67.71531151284721,67.78136780485976,67.85155395817398,67.92555925030106,68.00307295875218,68.08378436103851,68.16738273467125,68.25355735716158,68.34199750602069,68.43239245875975,68.52443149288995,68.61780388592246,68.71219891536849,68.80730585873921,68.9028139935458,68.99841259729946,69.09379094751135,69.18863832169268,69.28264399735461,69.37549725200833,69.46688736316504,69.5565036083359,69.64403526503212,69.72917161076485,69.81160192304532,69.8910709185458,69.96766544542832,70.04160273654871,70.11310028142553,70.18237556957736,70.24964609052279,70.31512933378039,70.37904278886872,70.44160394530638,70.50303029261195,70.563539320304,70.62334851790112,70.68267537492187,70.74173738088484,70.8007520253086,70.85993679771174,70.91950918761283,70.97968668453046,71.0406867779832,71.10272695748962,71.1660247125683,71.23079753273785,71.29726290751681,71.36563832642376,71.43614127897732,71.50898788363511,71.58427480517317,71.66188825051799,71.74169300376941,71.82355384902728,71.90733557039137,71.99290295196154,72.08012077783762,72.16885383211941,72.25896689890675,72.35032476229946,72.44279220639739,72.53623401530031,72.63051497310809,72.72549986392053,72.82105347183747,72.91704058095874,73.01332597538413,73.1097744392135,73.20625075654667,73.30261971148344,73.39874608812367,73.49449467056716,73.58973024291373,73.68431758926323,73.77812149371546,73.87102577377203,73.96310123107372,74.05452479750963,74.1454746231066,74.23612885789144,74.32666565189099,74.41726315513209,74.50809951764155,74.59935288944624,74.69120142057294,74.7838232610485,74.87739656089975,74.97209947015352,75.06811013883666,75.16560671697596,75.26476735459828,75.36577020173044,75.46879340839924,75.57401512463161,75.68161350045426,75.79176668589409,75.90465283097791,76.02045008573253,76.13933660018483,76.26149052436159,76.38708957845387,76.51609312606811,76.64788755969417,76.78176642728985,76.91702327681298,77.05295165622132,77.18884511347275,77.32399719652503,77.457701453336,77.58925143186346,77.71794068006523,77.84306274589912,77.96391117732296,78.07977952229453,78.18996132877166,78.29375014471216,78.39043951807386,78.47932299681455,78.55969412889203,78.63084646226415,78.6920735448887,78.74266892472349,78.78192614972636,78.80913876785507,78.82360032706748,78.8246043753214,78.81147895796406,78.78413156868055,78.74295050852112,78.68833863212205,78.62069879411968,78.54043384915036,78.44794665185043,78.3436400568562,78.22791691880403,78.10118009233025,77.96383243207117,77.81627679266316,77.65891602874254,77.49215299494563,77.3163905459088,77.13203153626833,76.93947882066061,76.73913525372194,76.5314036900887,76.31668698439714,76.09538799128367,75.8679095653846,75.63465456133628,75.39602583377501,75.15242623733715,74.90425862665903
67.69101580171662,67.64826572843309,67.61065538244623,67.57808483233684,67.55045414668578,67.52766339407384,67.50961264308187,67.49620196229068,67.48733142028112,67.482901085634,67.48281102693014,67.48696131275037,67.49525201167553,67.50758319228643,67.5238549231639,67.54396727288878,67.56782031004187,67.59531410320402,67.62634872095603,67.66082423187875,67.698640704553,67.73969820755961,67.7838968094794,67.8311365788932,67.88131758438182,67.9343398945261,67.99010281331338,68.04848038482776,68.10931621100535,68.1724520814125,68.23772978561563,68.30499111318106,68.37407785367522,68.44483179666445,68.51709473171512,68.59070844839361,68.66551473626632,68.74135538489959,68.81807218385981,68.89550692271337,68.9735013910266,69.05189737836592,69.13053667429767,69.20926106838826,69.28791235020402,69.36633230931136,69.44436273527664,69.52184541766624,69.59862214604652,69.67453470998387,69.74942489904467,69.82313450279527,69.89553661603901,69.96669752747209,70.03675715107022,70.10585554574072,70.17413277039097,70.24172888392832,70.30878394526012,70.3754380132937,70.44183114693644,70.50810340509568,70.57439484667879,70.64084553059308,70.70759551574595,70.77478486104472,70.84255362539675,70.9110418677094,70.98038964689002,71.05073702184596,71.12222405148457,71.1949907947132,71.2691773104392,71.34492365756995,71.42236989501276,71.50165608167501,71.58292227646405,71.6663075801552,71.751867616273,71.83951093507933,71.92913111602354,72.02062173855495,72.11387638212291,72.20878862617674,72.30525205016578,72.40316023353937,72.50240675574686,72.60288519623755,72.70448913446081,72.80711214986597,72.91064782190234,73.0149897300193,73.12003145366614,73.22566657229224,73.33178866534689,73.43829131227946,73.54506809253927,73.65201258557568,73.75901837083798,73.86597902777554,73.97278813583769,74.07933927447377,74.18552602313311,74.2912479482369,74.39646343221794,74.50116424086409,74.60534252312944,74.70899042796806,74.81210010433405,74.91466370118148,75.01667336746443,75.118121252137,75.21899950415326,75.31930027246727,75.41901570603314,75.51813795380492,75.61665916473675,75.71457148778264,75.81186707189671,75.90853806603305,76.00457661914571,76.0999748801888,76.19472499811637,76.28881912188254,76.38224940044137,76.47500798274693,76.56708701775334,76.65847865441462,76.74917505049514,76.83917283935364,76.92848039837924,77.01710800796975,77.10506594852298,77.1923645004367,77.27901394410873,77.36502455993684,77.45040662831887,77.53517042965258,77.61932624433578,77.70288435276628,77.78585503534185,77.86824857246033,77.95007524451948,78.03134533191711,78.11206911505101,78.19225687431899,78.27191889011884,78.35106544284835,78.42970681290534,78.5078532806876,78.58551512659291,78.66270263101909,78.7394260743639,78.8156957370252,78.8914830225659,78.96610632521377,79.03834219331102,79.10695077403516,79.17069221456366,79.22832666207402,79.27861426374376,79.32031516675035,79.3521895182713,79.37299746548412,79.38149915556629,79.37645473569532,79.35662435304869,79.3207681548039,79.26764628813847,79.19601890022987,79.10464613825562,78.9922881493932,78.85770508082012,78.69965707971387,78.51690429325195,78.30820686861186,78.07232495297109,77.80801869350714,77.51404823739752,77.1891737318197
67.84124583008861,67.62841470674906,67.44290024750815,67.28342942738821,67.1487292214116,67.03752660460066,66.94854855197774,66.88052203856519,66.83217403938535,66.80223152946058,66.78942148381321,66.7924708774656,66.81010668544009,66.84105588275904,66.88404544444477,66.93780234551964,67.00105356100602,67.07252606592623,67.1509468353026,67.23504284415753,67.32354106751333,67.41516848039235,67.50865205781696,67.60271877480947,67.69609560639226,67.78750952758766,67.87570768611806,67.96010367594437,68.04091426334402,68.11840403136497,68.19283756305518,68.26447944146257,68.33359424963508,68.40044657062066,68.46530098746726,68.5284220832228,68.59007444093521,68.65052264365248,68.7100312744225,68.76886491629325,68.82728815231265,68.88556556552865,68.94396173898919,69.0027412557422,69.06216869883562,69.12250865131742,69.18402569623551,69.24698441663784,69.31164939557237,69.37828521608702,69.44715646122972,69.51852771404845,69.59261119746736,69.66929600457281,69.74834808519712,69.82953314676465,69.91261689669973,69.9973650424267,70.0835432913699,70.1709173509537,70.25925292860241,70.3483157317404,70.437871467792,70.52768584418155,70.61752456833341,70.7071533476719,70.79633788962138,70.8848439016062,70.9724370910507,71.0588831653792,71.14394783201607,71.22739679838564,71.30899577191227,71.38851046002029,71.46570657013403,71.54034980967785,71.61220588607611,71.68104294795292,71.74684183346447,71.80995810493529,71.8707854684367,71.92971763003999,71.9871482958165,72.04347117183751,72.09907996417436,72.15436837889837,72.20973012208083,72.26555889979305,72.32224841810635,72.38019238309205,72.43978450082146,72.50141847736587,72.56548801879663,72.63238683118502,72.70250862060237,72.77624709311998,72.85399595480918,72.93614891174127,73.02309966998756,73.11524193561937,73.21296941470798,73.31667581332476,73.426754837541,73.54354150445818,73.66679427073849,73.79594434334844,73.9304191731605,74.06964621104713,74.21305290788078,74.36006671453393,74.51011508187904,74.66262546078856,74.81702530213495,74.9727420567907,75.12920317562822,75.28583610951999,75.44206830933854,75.59732722595623,75.7510403102456,75.90263501307906,76.0515387853291,76.19717907786817,76.33898334156872,76.47637902730324,76.60879358594418,76.73565446836399,76.85638912543514,76.97042500803008,77.07719000984986,77.17633698149976,77.26810906404462,77.35284504951649,77.43088372994734,77.50256389736923,77.56822434381417,77.62820386131415,77.68284124190123,77.7324752776074,77.7774447604647,77.81808848250515,77.85474523576075,77.88775381226353,77.9174530040455,77.94418160313869,77.96827840157512,77.9900821913868,78.00993176460575,78.028165913264,78.04512342939357,78.06114310502647,78.07656373219473,78.09172410293034,78.10696300926536,78.12261924323178,78.13901700780261,78.15623545535016,78.17415040323667,78.19263151406511,78.21154845043847,78.23077087495969,78.25016845023175,78.26961083885764,78.28896770344032,78.30810870658276,78.32690351088792,78.34522177895877,78.3629331733983,78.37990735680947,78.39601399179526,78.41112274095862,78.42510326690254,78.43782523222998,78.44915829954392,78.45897213144733,78.46713639054316,78.4735207394344,78.47799484072404,78.48042835701501,78.48069095091031,78.4786522850129
66.66691532065519,66.62239831067377,66.58915866624713,66.566683916719,66.55446159143315,66.55197921973334,66.55872433096332,66.57418445446686,66.5978471195877,66.62919985566961,66.66773019205637,66.7129256580917,66.76427378311936,66.82126209648314,66.88337812752678,66.95010940559402,67.02094346002866,67.0953678201744,67.17287001537505,67.25293757497437,67.33505802831607,67.41871890474393,67.5034077336017,67.5886120442332,67.6738193659821,67.7585172281922,67.84220056390913,67.92460890255109,68.00577655055486,68.08575536387278,68.1645971984571,68.24235391026019,68.3190773552343,68.39481938933179,68.4696318685049,68.54356664870596,68.61667558588732,68.6890105360012,68.760623355,68.83156589883595,68.90189002346139,68.97164758482862,69.04089043888993,69.10967044159761,69.17803944890403,69.24604931676146,69.31375190112217,69.38119905793852,69.44844264316279,69.51553451274728,69.58252652264429,69.64947052880615,69.71641713085495,69.783409175227,69.85048655365614,69.91768915205978,69.98505685635541,70.05262955246053,70.12044712629256,70.18854946376905,70.25697645080737,70.3257679733251,70.39496391723961,70.46460416846844,70.534728612929,70.60537713653883,70.67658962521537,70.74840596487607,70.82086604143842,70.89400974081991,70.96787694893797,71.04250755171009,71.11794143505375,71.19421848488639,71.27137858712553,71.34946162768861,71.42850749249308,71.5085560172254,71.58964266119133,71.67179517322967,71.75504051731909,71.83940565743819,71.92491755756558,72.0116031816799,72.09948949375973,72.18860345778373,72.27897203773048,72.37062219757863,72.46358090130676,72.55787511289353,72.65353179631751,72.75057791555739,72.8490404345917,72.94894631739913,73.05032252795826,73.15319603024773,73.25759378824611,73.36354276593207,73.47106992728422,73.58020223628117,73.69096665690151,73.80339015312387,73.91749968892691,74.03330025773522,74.15058101425092,74.26900860536702,74.38824827186113,74.50796525451082,74.62782479409361,74.74749213138713,74.86663250716893,74.98491116221655,75.10199333730762,75.21754427321966,75.33122921073024,75.44271339061697,75.5516620536574,75.65774044062908,75.76061379230964,75.85994734947658,75.95540635290752,76.04665604338001,76.13336166167161,76.21518844855993,76.2918016448225,76.3628664912369,76.4280482285807,76.48701209763149,76.53942374540341,76.58515518708344,76.6246199511942,76.6583193133554,76.68675454918676,76.71042693430803,76.72983774433891,76.74548825489913,76.7578797416084,76.76751348008648,76.77489074595306,76.78051281482789,76.78488096233067,76.78849646408113,76.79186059569898,76.79547463280397,76.79983985101583,76.80545752595427,76.81282893323899,76.82245534848974,76.83483804732623,76.8504783053682,76.86987739823536,76.89353660154745,76.92195719092419,76.95564044198528,76.99499844857004,77.03894532929999,77.08515223173205,77.1312526798597,77.17488019767626,77.21366830917518,77.24525053834981,77.26726040919351,77.27733144569976,77.27309717186188,77.25219111167326,77.21224678912733,77.15089772821747,77.06577745293706,76.95451948727947,76.81475735523816,76.64412458080642,76.44025468797773,76.20078120074544,75.92333764310294,75.60555753904364,75.24507441256088,74.83952178764812,74.38653318829873,73.88374213850605,73.32878216226354
66.2053669245611,66.19853815023588,66.19841198991188,66.20473868035478,66.21726845833025,66.23575156060393,66.2599382239415,66.28957868510862,66.32442318087094,66.36422194799411,66.40872522324382,66.45768324338573,66.51084624518548,66.56796446540874,66.62878814082117,66.69306750818843,66.7605528042762,66.83099426585012,66.90414212967586,66.97974663251908,67.05755801114545,67.1373265023206,67.21880234281022,67.30173576937997,67.38587701879553,67.4709763278225,67.55678619382596,67.64313379767579,67.72993632558688,67.81711632223187,67.9045963322834,67.99229890041414,68.08014657129671,68.16806188960373,68.25596740000789,68.3437856471818,68.43143917579812,68.51885053052948,68.60594225604852,68.6926368970279,68.77885699814024,68.8645251040582,68.94956375945442,69.03389550900154,69.11744289737219,69.20012846923903,69.2818747692747,69.36260434215184,69.44223973254309,69.52070348512109,69.59791814455848,69.67380625552792,69.74831414139214,69.82153487085611,69.8936174365811,69.96471094131496,70.03496448780552,70.10452717880065,70.17354811704816,70.24217640529587,70.31056114629162,70.37885144278327,70.44719639751864,70.51574511324556,70.58464669271186,70.65405023866539,70.72410485385399,70.79495964102547,70.8667637029277,70.93966614230847,71.01381606191565,71.08936256449707,71.16645475280056,71.24524172957395,71.32587259756508,71.40849645952179,71.4932624181919,71.58031823702507,71.66969499311566,71.76121818128502,71.85469236982021,71.9499221270083,72.04671202113636,72.14486662049143,72.24419049336059,72.34448820803088,72.44556433278937,72.54722343592313,72.64927008571921,72.75150885046467,72.85374429844659,72.955780997952,73.05742351726798,73.15847642468158,73.25874428847987,73.35803167694992,73.45614315837877,73.55288330105348,73.64805667326112,73.74146784328876,73.83292137942344,73.92222184995225,74.00917382316221,74.09361560996943,74.1757170088774,74.25583596728902,74.33433259213541,74.41156699034775,74.48789926885718,74.56368953459481,74.63929789449183,74.71508445547937,74.79140932448857,74.8686326084506,74.94711441429656,75.02721484895764,75.10929401936497,75.19371203244968,75.28082899514295,75.3710050143759,75.46460019707969,75.56197465018546,75.66348848062434,75.76950179532751,75.88037470122609,75.99646730525123,76.11813971433409,76.2457520354058,76.37966363327605,76.51985687504792,76.66532487990544,76.81490046879523,76.96741646266385,77.12170568245791,77.276600949124,77.43093508360869,77.5835409068586,77.7332512398203,77.8788989034404,78.01931671866548,78.15333750644213,78.27979408771695,78.39751928343651,78.50534591454743,78.60210680199629,78.68663476672967,78.75776262969417,78.81432321183638,78.85514933410289,78.8790738174403,78.8849294827952,78.87154915111417,78.8377656433438,78.78241178043069,78.70443148867022,78.60463491701304,78.48538074520842,78.34907452557465,78.19812181043002,78.03492815209283,77.86189910288138,77.68144021511395,77.49595704110884,77.30785513318433,77.11954004365872,76.93341732485031,76.75189252907738,76.57737120865823,76.41225891591114,76.25896120315443,76.11988362270635,75.99743172688524,75.89401106800936,75.812027198397,75.75388567036647,75.72199203623606,75.71875184832406,75.74657065894876,75.80785402042844,75.90500748508141
66.75576609341388,66.63771945892674,66.53563906616809,66.44887725568809,66.37678636803696,66.31871874376486,66.274026723422,66.24206264755855,66.22217885672471,66.21372769147067,66.2160614923466,66.2285325999027,66.25049335468917,66.28129609725619,66.32029316815394,66.3668369079326,66.42027965714237,66.47997375633346,66.54527154605603,66.61552536686028,66.69008755929637,66.76831046391453,66.84954642126492,66.93314777189775,67.01846685636318,67.10485601521142,67.19167549610124,67.27854677413072,67.36540614446213,67.45220864503364,67.53890931378345,67.6254631886497,67.7118253075706,67.79795070848432,67.88379442932904,67.96931150804295,68.0544569825642,68.139185890831,68.2234532707815,68.30721416035391,68.39042359748638,68.47303662011711,68.55500826618427,68.63629357362603,68.71684758038057,68.7966253243861,68.87558184358076,68.95367217590275,69.03085135929025,69.10707443168143,69.18229643101446,69.25647239522755,69.32957073295444,69.40164236735313,69.47276966747678,69.54303506427996,69.61252098871721,69.68130987174307,69.74948414431208,69.81712623737879,69.88431858189774,69.95114360882349,70.01768374911059,70.08402143371356,70.15023909358698,70.21641915968536,70.28264406296326,70.34899623437522,70.41555810487583,70.48241210541957,70.54964066696101,70.61732622045471,70.68555119685522,70.75439802711708,70.8239491421948,70.89428697304297,70.96549395061612,71.03765239926071,71.11083535509309,71.18509948988748,71.26049980966658,71.33709132045311,71.41492902826982,71.4940679391394,71.57456305908457,71.65646939412807,71.73984195029263,71.82473573360096,71.9112057500758,71.99930700573984,72.08909450661582,72.18062325872648,72.27394826809453,72.36912454074269,72.46620708269367,72.56525089997024,72.66631099859507,72.76944238459089,72.87470006398047,72.98213904278649,73.09181432703167,73.20378092273876,73.31809383593045,73.43478829396216,73.55370521856102,73.67457524560501,73.7971277451374,73.92109208720146,74.04619764184045,74.17217377909762,74.29874986901623,74.42565528163956,74.55261938701085,74.67937155517339,74.8056411561704,74.93115756004516,75.05565013684094,75.17884825660099,75.30048128936858,75.42027860518695,75.53796957409938,75.65328356614916,75.7659499513795,75.87569809983367,75.98225738155494,76.08535716658659,76.18472682497185,76.28009572675401,76.37119338410594,76.45782151105976,76.5399712804631,76.61766456516668,76.69092323802127,76.7597691718776,76.82422423958644,76.8843103139985,76.94004926796455,76.99146297433532,77.03857330596159,77.08140213569408,77.11997133638351,77.1543027808807,77.18441834203634,77.21033989270117,77.23208930572596,77.24968845396145,77.26315921025841,77.27252344746753,77.2778030384396,77.27901985602537,77.27619577307556,77.26935266244092,77.25851239697224,77.24369684952018,77.22492900821678,77.20225059443291,77.17571887377136,77.1453915823441,77.11132645626313,77.07358123164042,77.03221364458801,76.98728143121784,76.93884232764196,76.88695406997232,76.83167439432094,76.77306103679979,76.7111717335209,76.64606422059623,76.5777962341378,76.5064255102576,76.43200978506758,76.3546067946798,76.27427427520621,76.19106996275883,76.10505159344964,76.01627690339063,75.92480362869381,75.83068950547116,75.73399226983469,75.63476965789636
65.99993539143233,66.16361320717937,66.31241930815072,66.44721159251098,66.56884795842473,66.67818630405654,66.77608452757099,66.86340052713267,66.94099220090614,67.00971744705599,67.07043416374681,67.12400024914317,67.17127360140964,67.21311211871081,67.25037369921127,67.28391624107557,67.31459764246833,67.34327580155409,67.37080861649746,67.398053985463,67.42586980661528,67.45511397811892,67.48664439813845,67.52131896483849,67.5599955763836,67.60353213093836,67.65277023790685,67.7080133743087,67.76891648318018,67.83509589716218,67.90616794889563,67.98174897102147,68.06145529618064,68.14490325701405,68.23170918616263,68.32148941626731,68.41386027996901,68.5084381099087,68.60483923872725,68.70267999906561,68.80157672356472,68.9011457448655,69.00100339560888,69.10076600843578,69.20004991598714,69.29847145090388,69.39564694582693,69.49119273339721,69.58472514625568,69.67586051704322,69.7642151784008,69.84940546296933,69.93111085221715,70.00940053773735,70.08449222780972,70.15660392306974,70.22595362415287,70.29275933169455,70.3572390463303,70.41961076869556,70.48009249942582,70.53890223915653,70.59625798852315,70.65237774816119,70.70747951870607,70.76178130079329,70.81550109505831,70.86885690213661,70.92206672266364,70.9753485572749,71.02892040660582,71.08300027129191,71.1378061519686,71.1935560492714,71.25046796383573,71.3087598962971,71.36864984729097,71.43035504564023,71.49402547599767,71.55969264978668,71.62737601885922,71.69709503506729,71.76886915026284,71.84271781629788,71.91866048502435,71.99671660829426,72.07690563795957,72.15924702587228,72.24376022388435,72.33046468384777,72.4193798576145,72.51052519703654,72.60392015396586,72.69958418025443,72.79753672775423,72.89779724831726,73.00038519379548,73.10532001604086,73.21262116690541,73.32230809824107,73.43440026189984,73.5489171097337,73.66587809359461,73.78528316445932,73.90694069670596,74.03055032783222,74.15581044727979,74.28241944449033,74.41007570890554,74.53847762996709,74.66732359711665,74.79631199979592,74.92514122744655,75.05350966951023,75.18111571542866,75.30765775464347,75.43283417659639,75.55634337072905,75.67788372648316,75.7971536333004,75.91385148062241,76.02767565789092,76.13832455454758,76.24549656003407,76.34889006379207,76.44820345526324,76.5431351238893,76.6333834591119,76.71864710691281,76.79875503564769,76.87387818163344,76.94424289384986,77.01007552127678,77.07160241289398,77.12904991768127,77.18264438461848,77.23261216268543,77.27917960086188,77.32257304812767,77.36301885346259,77.40074336584647,77.43597293425911,77.46893390768031,77.4998526350899,77.52895546546765,77.55646874779339,77.58261883104694,77.60763206420809,77.63173479625665,77.65515337617244,77.67811415293525,77.7008434755249,77.72356769292121,77.74651315410395,77.76990478746508,77.79394365995915,77.81881103909701,77.84468759307892,77.87175399010516,77.90019089837604,77.9301789860918,77.96189892145277,77.99553137265922,78.03125700791142,78.06925649540968,78.10971050335425,78.15279969994543,78.19870475338352,78.2476063318688,78.29968510360153,78.35512173678202,78.41409689961054,78.47679126028738,78.54338548701283,78.61406024798717,78.68899621141068,78.76837404548365,78.85237441840636,78.94117799837909,79.03496545360213
66.74525239390326,66.71152742100776,66.68547209608278,66.66681788841392,66.65529626728679,66.65063870198702,66.65257666180021,66.660841616012,66.67516503390796,66.69527838477372,66.72091313789491,66.75180076255712,66.78767272804598,66.82826050364709,66.87329555864608,66.92250936232854,66.9756333839801,67.03239909288638,67.09253795833297,67.1557814496055,67.22186103598958,67.29050818677082,67.36145437123483,67.43443105866724,67.50916971835365,67.58540181957966,67.66286111366198,67.74135674346199,67.82078871048527,67.90106242549624,67.98208329925926,68.06375674253873,68.14598816609903,68.22868298070456,68.31174659711972,68.3950844261089,68.47860187843646,68.56220436486683,68.64579729616437,68.72928608309348,68.81257613641857,68.895572866904,68.97818168531418,69.06030800241348,69.14185722896632,69.22273477573707,69.30284605349011,69.38209647298986,69.46039144500068,69.537636380287,69.61373668961316,69.68859778374359,69.76214525803942,69.83442927298907,69.90554746026217,69.97559754497561,70.04467725224626,70.11288430719101,70.18031643492671,70.24707136057023,70.31324680923848,70.3789405060483,70.44425017611657,70.50927354456016,70.57410833649595,70.63885227704081,70.70360309131163,70.76845850442525,70.83351624149857,70.89887402764846,70.96462958799178,71.03088064764542,71.09772493172623,71.1652601653511,71.2335840736369,71.30279438170051,71.3729888146588,71.4442647421171,71.51668855973818,71.59027209216414,71.66502160916923,71.74094338052778,71.8180436760141,71.89632876540246,71.97580491846719,72.05647840498258,72.13835549472294,72.22144245746257,72.30574556297577,72.39127108103685,72.4780252814201,72.56601443389984,72.65524480825036,72.74572267424595,72.83745430166096,72.93044596026964,73.0247039198463,73.12023445016528,73.21704382100086,73.31513830212732,73.414524163319,73.5152076743502,73.61719510499518,73.72048889997154,73.8250539266393,73.93083372384204,74.03777158561975,74.14581080601238,74.2548946790599,74.36496649880227,74.47596955927946,74.58784715453143,74.70054257859813,74.81399912551956,74.92816008933565,75.04296876408638,75.15836844381172,75.27430242255161,75.39071399434604,75.50754645323497,75.62474309325835,75.74224720845616,75.86000209286834,75.97795104053489,76.09603734549576,76.21420430179089,76.33239520346028,76.45055334454388,76.568621775479,76.68641979656448,76.8034419857868,76.91913030296335,77.03292670791146,77.14427316044852,77.25261162039189,77.35738404755894,77.45803240176703,77.55399864283352,77.64472473057579,77.7296526248112,77.8082242853571,77.87988167203089,77.94406674464992,78.00022146303154,78.04778778699314,78.08620767635206,78.1149230909257,78.13337599053139,78.14100833498652,78.13726208410844,78.12157919771454,78.09340163562216,78.05217135764869,77.99733032361146,77.92843024799527,77.84686638071376,77.7555636773574,77.65749339626699,77.5556267957833,77.45293513424711,77.35238966999923,77.25696166138042,77.16962236673146,77.09334304439315,77.03109495270627,76.98584935001159,76.9605774946499,76.95825064496199,76.98184005928863,77.03431699597063,77.11865271334874,77.23781846976375,77.39478552355646,77.59252513306765,77.8340085566381,78.12220705260859,78.4600918793199,78.85063429511281,79.29680555832815,79.80157692730663
66.74655084883507,66.66640363094297,66.5999313687839,66.54655214216943,66.50568403091113,66.47674511482055,66.45915347370928,66.45232718738886,66.45568433567085,66.46864299836685,66.4906212552884,66.52103718624706,66.55930887105441,66.604854389522,66.65709182146142,66.7154392466842,66.77931474500193,66.84813639622615,66.92132228016847,66.9982904766404,67.07845906545354,67.16124612641944,67.24606973934968,67.33234798405582,67.4194989403494,67.50694068804202,67.59409906497723,67.68065621138923,67.76660315211979,67.85194930141984,67.93670407354034,68.02087688273224,68.10447714324647,68.18751426933399,68.26999767524573,68.35193677523267,68.43334098354573,68.51421971443587,68.59458238215403,68.67443840095116,68.7537971850782,68.83266814878611,68.91106070632584,68.98898427194833,69.06644825990452,69.14346208444536,69.2200351598218,69.29617690028479,69.37189672008529,69.44720403347421,69.52210825470253,69.59661879802118,69.67074654093933,69.7445113911661,69.81793669777711,69.8910458166224,69.96386210355192,70.03640891441569,70.10870960506368,70.18078753134589,70.25266604911232,70.32436851421295,70.39591828249779,70.46733870981681,70.53865315202002,70.6098849649574,70.68105750447896,70.75219412643467,70.82331818667454,70.89445304104854,70.96562204540669,71.03684855559897,71.10815592747535,71.17956751688585,71.25110667968046,71.32279677170916,71.39466114882197,71.46672351773964,71.53903815480149,71.61171319501469,71.68486225574266,71.75859895434886,71.83303690819669,71.9082897346496,71.98447105107101,72.06169447482438,72.14007362327312,72.21972211378066,72.30075356371046,72.38328159042594,72.46741981129051,72.55328184366762,72.64098130492071,72.73063181241322,72.82234698350855,72.91624043557016,73.01242578596148,73.11101665204593,73.21212665118696,73.31586940074799,73.42235851809245,73.53170762058379,73.64403032558543,73.7594043453844,73.87755466079705,73.99800604593369,74.12028097697974,74.2439019301206,74.36839138154168,74.4932718074284,74.61806568396615,74.74229548734037,74.86548369373644,74.9871527793398,75.10682522033582,75.22402349290995,75.33827007324759,75.44908743753413,75.55599806195501,75.65852442269562,75.75618899594139,75.8485142578777,75.93502268468998,76.01523675256364,76.0886789376841,76.15487171623674,76.213337564407,76.26359895838027,76.30517891792795,76.33787660449437,76.36221577962246,76.37883761942473,76.3883833000137,76.39149399750191,76.38881088800187,76.3809751476261,76.36862795248713,76.35241047869748,76.33296390236964,76.31092939961619,76.28694814654959,76.26166131928241,76.23571009392714,76.20973564659633,76.18437915340247,76.16028179045811,76.13808473387576,76.11842915976794,76.10195624424718,76.08930716342599,76.08112309341689,76.0780452103324,76.08071469028508,76.0897727093874,76.10585078556876,76.1294182094636,76.16080966077878,76.20035574467518,76.2483870663137,76.30523423085516,76.37122784346049,76.44669850929054,76.53197683350618,76.62739342126828,76.73327887773773,76.8499638080754,76.97777881744217,77.11705451099888,77.26812149390643,77.43131037132571,77.60695174841756,77.79537623034287,77.99691442226249,78.21189692933734,78.44065435672826,78.68351730959614,78.94081639310187,79.21288221240627,79.50004537267026,79.80263647905466
66.74322428105118,66.78438341562733,66.82407861608387,66.86246352853136,66.89969179908039,66.93591707384151,66.97129299892532,67.00597322044237,67.04011138450325,67.07386113721851,67.10737612469876,67.14080999305452,67.17431638839639,67.20804895683496,67.24216134448076,67.2768071974444,67.31214016183642,67.34831388376743,67.38548200934797,67.42379818468862,67.46341605589997,67.50448926909256,67.54717147037698,67.59161630586381,67.6379774216636,67.68640846388695,67.73705972117463,67.78997056131384,67.84504667505406,67.90218579469794,67.96128565254806,68.02224398090704,68.08495851207748,68.149326978362,68.2152471120632,68.28261664548369,68.35133331092608,68.421294840693,68.49239896708703,68.5645434224108,68.63762593896689,68.71154424905795,68.78619608498656,68.86147917905534,68.93729126356689,69.01353007082383,69.09009333312878,69.16687878278432,69.24378415209308,69.32070717335766,69.39754557888068,69.47419710096473,69.55057115352757,69.62664924119511,69.70244034202145,69.77795348814223,69.8531977116931,69.92818204480969,70.00291551962768,70.07740716828268,70.15166602291036,70.22570111564636,70.29952147862633,70.37313614398592,70.44655414386075,70.51978451038649,70.59283627569879,70.66571847193327,70.73844013122562,70.81101028571143,70.88343796752639,70.95573220880614,71.02790204168632,71.09995649830256,71.17190461079052,71.24375541128586,71.3155179319242,71.38720168546209,71.45885805874951,71.53061221394039,71.60259682288974,71.67494455745258,71.74778808948398,71.82126009083892,71.89549323337246,71.97062018893963,72.04677362939546,72.12408622659497,72.20269065239319,72.28271957864516,72.36430567720589,72.44758161993045,72.53268007867382,72.61973372529106,72.7088752316372,72.80023726956725,72.89395251093624,72.99015362759924,73.08897329141124,73.19054417422728,73.2949989479024,73.40247028429161,73.51309085524996,73.62696104658757,73.74386406600958,73.86340309423474,73.98517924567503,74.10879363474233,74.23384737584858,74.35994158340569,74.48667737182559,74.61365585552021,74.74047814890145,74.86674536638125,74.99205862237153,75.11601903128421,75.23822770753121,75.35828576552444,75.47579431967586,75.59035448439735,75.70156737410085,75.80903410319829,75.91235578610157,76.01113353722265,76.1049684709734,76.19346170176578,76.2762143440117,76.3528275121231,76.42290271344537,76.48624106553814,76.54316746630664,76.59409168729049,76.63942350002927,76.6795726760626,76.71494898693011,76.74596220417136,76.77302209932601,76.79653844393363,76.81692100953383,76.83457956766624,76.84992388987045,76.86336374768608,76.87530891265273,76.88616915631,76.89635425019752,76.90627396585488,76.91633807482168,76.92695634863756,76.9385385588421,76.9514944769749,76.96623387457561,76.9831665231838,77.00270219433908,77.02525065958108,77.0511825233211,77.08021050461262,77.11150143065868,77.14420560503002,77.17747333129749,77.21045491303184,77.24230065380385,77.27216085718433,77.29918582674406,77.32252586605382,77.3413312786844,77.35475236820659,77.36193943819117,77.36204279220892,77.35421273383065,77.33759956662713,77.31135359416916,77.27462512002751,77.22656444777299,77.16632188097635,77.09304772320841,77.00589227803995,76.90400584904174,76.78653873978459,76.65264125383928,76.50146369477658
67.425390676318,67.26297720574316,67.1196232856845,66.99457350447105,66.88707245043186,66.79636471189595,66.72169487719235,66.6623075346501,66.61744727259821,66.58635867936573,66.56828634328168,66.56247485267511,66.56816879587504,66.5846127612105,66.6110513370105,66.6467291116041,66.69089067332033,66.74278061048821,66.80164351143677,66.86672396449505,66.93726655799207,67.01251588025688,67.09171651961849,67.17411306440594,67.25895010294826,67.34547222357449,67.43293306460043,67.52088524909061,67.60924172365755,67.69793688673433,67.786905136754,67.87608087214967,67.96539849135439,68.05479239280122,68.14419697492326,68.23354663615355,68.32277577492518,68.41181878967122,68.50061007882474,68.58908404081879,68.67717507408648,68.76481757706085,68.85194594817499,68.93849458586195,69.02439788855483,69.10959025468667,69.19400608269056,69.27757977099958,69.36024571804677,69.44193832226523,69.52259198208802,69.60214109594821,69.68053443724658,69.75780949156885,69.83403755229519,69.90928997935647,69.98363813268367,70.05715337220765,70.12990705785938,70.20197054956977,70.27341520726972,70.34431239089017,70.41473346036203,70.48474977561624,70.55443269658369,70.62385358319531,70.69308379538205,70.76219469307479,70.83125763620447,70.90034398470202,70.96952509849834,71.03887233752435,71.108457061711,71.17835063098917,71.24862440528982,71.31934974454384,71.39059800868216,71.46244034629055,71.5349294925067,71.60808574098463,71.68192608311001,71.75646751026854,71.8317270138459,71.90772158522779,71.9844682157999,72.06198389694791,72.1402856200575,72.21939037651438,72.29931515770424,72.38007695501275,72.46169275982561,72.54417956352852,72.62755435750715,72.7118341331472,72.79703588183436,72.88317659495432,72.97027326389275,73.05834288003537,73.14740243476786,73.2374689194759,73.32855932554517,73.4206906443614,73.51387986731024,73.60813705787442,73.70340421981776,73.79958472691709,73.89658150956346,73.99429749814789,74.0926356230614,74.19149881469504,74.29079000343982,74.3904121196868,74.49026809382698,74.59026085625143,74.69029333735116,74.79026846751721,74.89008917714061,74.98965839661238,75.08887905632356,75.1876540866652,75.28588641802831,75.38347898080393,75.48033470538309,75.57635652215683,75.67144736151617,75.76551015385215,75.8584478295558,75.95016331901815,76.04055954671773,76.12953643357874,76.21698601915158,76.30279906588481,76.38686633622697,76.46907859262663,76.54932659753234,76.62750111339267,76.70349290265615,76.77719272777136,76.84849135118684,76.91727953535116,76.98344804271287,77.04688763572052,77.10748907682267,77.16514312846789,77.21974055310471,77.2711721131817,77.31932857114744,77.36410068945045,77.4053792305393,77.44305495686254,77.47701863086874,77.50716101500645,77.53337287172421,77.55554496347061,77.57357448834858,77.58746674334388,77.59731672237562,77.60322213440463,77.60528068839177,77.60359009329784,77.5982480580837,77.58935229171017,77.5770005031381,77.5612904013283,77.54231969524164,77.52018609383894,77.49498730608103,77.46682104092874,77.43578500734291,77.40197691428439,77.36549447071398,77.32643538559256,77.28489736788094,77.24097812653996,77.19477537053044,77.14638680881323,77.09591015034917,77.04344310409908,76.98908337902381,76.93292868408417
67.24587997847439,67.03629615753815,66.8529662135502,66.69473704246377,66.56045554023208,66.44896860280835,66.35912312614576,66.28976600619754,66.23974413891692,66.20790442025711,66.19309374617129,66.19415901261272,66.20994711553459,66.23930495089013,66.28107941463253,66.33411740271504,66.39726581109085,66.46937153571318,66.54928147253523,66.63584251751024,66.72790156659141,66.82430551573196,66.92390126088509,67.02553569800403,67.12805572304201,67.23030823195222,67.33115583033037,67.42998012381332,67.52678819454485,67.6216243623399,67.71453294701338,67.8055582683802,67.89474464625526,67.9821364004535,68.06777785078982,68.15171331707916,68.23398711913639,68.31464357677646,68.39372700981428,68.47128173806476,68.54735208134281,68.62198235946335,68.69521689224132,68.76709999949159,68.8376760010291,68.90698921666876,68.9750839662255,69.0420045695142,69.10779534634982,69.17250061654724,69.2361646999214,69.29883191628718,69.36055899819848,69.42147928089892,69.4817552925552,69.54154961880043,69.60102484526769,69.66034355759004,69.7196683414006,69.77916178233245,69.83898646601867,69.89930497809235,69.96027990418656,70.02207382993444,70.08484934096901,70.1487690229234,70.21399546143068,70.28069124212395,70.34901895063629,70.41914117260077,70.4912204936505,70.56541949941857,70.64190077553806,70.72082690764205,70.80236048136362,70.88666408233587,70.97390029619189,71.06423010482841,71.1576747646131,71.25400935838462,71.35298391060118,71.45434844572111,71.55785298820261,71.66324756250397,71.77028219308343,71.87870690439925,71.9882717209097,72.09872666707302,72.20982176734749,72.32130704619135,72.43293252806286,72.54444823742028,72.65560419872189,72.7661504364259,72.87583697499062,72.98441383887427,73.09163105253512,73.19723864043144,73.30098662702146,73.40262503676345,73.50190389411569,73.59857322353639,73.69238304948388,73.78311729971742,73.87089296802611,73.95601609300584,74.0387948830637,74.11953754660685,74.19855229204241,74.27614732777751,74.35263086221929,74.42831110377486,74.50349626085136,74.57849454185593,74.6536141551957,74.7291633092778,74.80545021250936,74.88278307329747,74.96147010004934,75.04181950117204,75.12413948507273,75.20873826015853,75.29592403483656,75.38600501751398,75.4792894165979,75.57608544049543,75.67670129761376,75.78144519635995,75.89062475215356,76.00424634268974,76.12152589313132,76.24155124330954,76.36341023305563,76.48619070220084,76.60898049057637,76.73086743801348,76.8509393843434,76.96828416939734,77.08198963300656,77.19114361500228,77.29483395521572,77.39214849347816,77.48217506962078,77.56400152347483,77.63671569487155,77.69940542364218,77.75115854961794,77.79106291263007,77.81820635250979,77.83167670908836,77.83056182219698,77.81394953166689,77.78092767732936,77.73058409901557,77.66211636125072,77.57656506052862,77.4765000812649,77.36453759798047,77.24329378519623,77.1153848174331,76.98342686921198,76.8500361150538,76.71782872947945,76.58942088700984,76.46742876216587,76.35446852946846,76.25315636343853,76.16610843859696,76.09594092946469,76.0452700105626,76.01671185641162,76.01288264153264,76.03639854044658,76.08987572767435,76.17593037773686,76.297178665155,76.4562367644497,76.65572085014185,76.89824709675237,77.18643167880218
67.20654694956782,67.00572429103296,66.83109607342168,66.6814908862984,66.5557373192276,66.45266396177367,66.37109940350105,66.30987223397419,66.2678110427575,66.24374441941544,66.23650095351242,66.24490923461288,66.26779785228125,66.30399539608197,66.35233045557946,66.41163162033818,66.48072747992254,66.55844662389698,66.64361764182593,66.73506912327382,66.8316296578051,66.93212783498417,67.0353922443755,67.1402514755435,67.2455341180526,67.35006876146726,67.4527005458967,67.55282139241255,67.6504821789636,67.74577301441978,67.83878400765099,67.92960526752711,68.01832690291805,68.1050390226937,68.18983173572398,68.27279515087878,68.35401937702801,68.43359452304153,68.5116106977893,68.58815801014117,68.66332656896705,68.73720648313686,68.80988786152048,68.88146081298783,68.95201544640878,69.02164187065324,69.09043019459112,69.15847052709232,69.22585297702673,69.29266765326426,69.3590046646748,69.42495412012825,69.49060750452513,69.55606479465854,69.62142920354175,69.68680395055854,69.75229225509267,69.8179973365279,69.88402241424801,69.95047070763675,70.01744543607792,70.08504981895528,70.1533870756526,70.22256042555364,70.29267308804216,70.36382828250197,70.4361292283168,70.50967914487045,70.58458125154665,70.6609387677292,70.73885491280187,70.81843290614842,70.89977596715262,70.98298731519824,71.06817016966906,71.15542774994883,71.24486327542134,71.33657888480354,71.43058256371714,71.52671641542948,71.62480565778908,71.72467550864448,71.82615118584422,71.92905790723682,72.03322089067083,72.13846535399476,72.24461651505717,72.35149959170657,72.4589398017915,72.5667623631605,72.67479249366211,72.78285541114484,72.89077633345723,72.99838047844781,73.10549306396514,73.21193930785772,73.3175444279741,73.4221336421628,73.52553216827238,73.62756522415135,73.72805802764823,73.82683579661159,73.92372374888994,74.01857292519658,74.11148805006822,74.20271783633548,74.29251264949235,74.3811228550328,74.46879881845078,74.55579090524027,74.64234948089525,74.72872491090969,74.81516756077754,74.90192779599279,74.98925598204941,75.07740248444138,75.16661766866265,75.25715190020719,75.34925554456899,75.443178967242,75.53917253372022,75.6374866094976,75.7383715600681,75.84207775092572,75.94885554756442,76.05895531547814,76.17262742016091,76.29012222710665,76.4116895840072,76.53731629506262,76.6662989342081,76.79782223011469,76.93107091145335,77.0652297068951,77.19948334511093,77.33301655477186,77.46501406454888,77.594660603113,77.72114089913522,77.84363968128655,77.96134167823797,78.07343161866049,78.17909423122514,78.27751424460288,78.36787638746475,78.44936538848174,78.52116597632484,78.58246287966507,78.63244082717341,78.6702845475209,78.69517876937849,78.70630822141723,78.7028576323081,78.68401173072209,78.64904806560222,78.59880327639746,78.53540768509761,78.4610307722447,78.37784201838076,78.28801090404782,78.19370690978792,78.09709951614309,78.00035820365537,77.90565245286678,77.81515174431935,77.73102555855512,77.65544337611612,77.5905746775444,77.53858894338198,77.50165565417088,77.48194429045316,77.48162433277082,77.50286526166592,77.54783655768048,77.61870770135654,77.71764817323613,77.8468274538613,78.00841502377403,78.20458036351638,78.43749295363043
67.66941970329552,67.5184095220327,67.38830534310762,67.27816616434174,67.18705098355642,67.11401879857303,67.058128607213,67.01843940729773,66.99401019664859,66.98389997308698,66.98716773443428,67.00287247851193,67.03007320314128,67.06782890614375,67.11519858534072,67.17124123855356,67.23501586360373,67.30558145831256,67.38199702050147,67.46332154799188,67.54861403860514,67.63693349016265,67.72733890048585,67.81888926739606,67.91064358871475,68.00166086226326,68.091013856584,68.17823028403916,68.26338613569749,68.34659004433678,68.42795064273483,68.50757656366946,68.58557643991844,68.66205890425957,68.73713258947066,68.81090612832949,68.88348815361385,68.9549872981016,69.02551219457044,69.09517147579825,69.16407377456281,69.23232772364187,69.30004195581327,69.3673251038548,69.43428580054427,69.50103267865944,69.56767437097815,69.63431951027817,69.70107672933733,69.76805466093336,69.83536193784414,69.90310719284739,69.97138260436779,70.04017880614094,70.10944773370156,70.17914124640672,70.24921120361347,70.31960946467896,70.39028788896024,70.4611983358144,70.53229266459854,70.60352273466978,70.67484040538517,70.74619753610179,70.81754598617675,70.88883761496717,70.96002428183007,71.03105784612262,71.10189016720184,71.17247310442485,71.24275851714876,71.31269826473061,71.38224420652753,71.4513482018966,71.51996211019491,71.58803779077954,71.65552710300759,71.72238285847803,71.78864083286442,71.85448297097022,71.92010609637848,71.9857070326722,72.05148260343435,72.11762963224794,72.18434494269601,72.25182535836151,72.32026770282752,72.38986879967698,72.46082547249293,72.53333454485835,72.60759284035626,72.68379718256966,72.76214439508155,72.84283130147494,72.92605472533285,73.01201149023828,73.10089841977421,73.19291233752367,73.28825006706964,73.38710843199516,73.48968425588319,73.59617436231679,73.70677557487892,73.82165014385811,73.94062067149787,74.06331697935158,74.1893666762819,74.3183973711514,74.45003667282265,74.58391219015823,74.71965153202075,74.8568823072728,74.99523212477695,75.1343285933958,75.27379932199196,75.41327191942798,75.5523739945665,75.69073315627003,75.82797701340124,75.96373317482266,76.0976292493969,76.2292928459866,76.35835157345426,76.48443304066254,76.60716485647399,76.7261746297512,76.84108996935677,76.9515384841533,77.05714788717239,77.15759880930142,77.25271073871494,77.34232566409304,77.42628557411584,77.50443245746351,77.57660830281611,77.64265509885382,77.70241483425673,77.75572949770498,77.80244107787865,77.84239156345794,77.87542294312291,77.90137720555373,77.92009633943047,77.93142233343329,77.93519717624233,77.93126285653767,77.91946136299944,77.89963468430778,77.87162480914284,77.83527372618468,77.79042342411347,77.73691589160933,77.67459311735237,77.60329709002269,77.52294906474896,77.43480172528689,77.34121253151807,77.24457238385713,77.14727218271867,77.05170282851728,76.96025522166752,76.87532026258407,76.79928885168147,76.73455188937433,76.68350027607727,76.64852491220483,76.63201669817164,76.63636653439232,76.66396532128144,76.71720395925362,76.7984733487234,76.91016439010545,77.05466798381434,77.23437503026463,77.45167642987099,77.70896308304796,78.00862589021014,78.35305575177213,78.74464356814858,79.18578023975402
67.31370250096259,67.10588257839089,66.92681151665181,66.77513464046851,66.64949727456418,66.54854474366199,66.47092237248513,66.41527548575678,66.3802494082001,66.36448946453831,66.36664097949456,66.38534927779203,66.41925968415391,66.4670175233034,66.52726811996365,66.59865679885785,66.67982888470918,66.76942970224083,66.86610457617597,66.96849883123778,67.07525779214944,67.18502678363414,67.29645113041506,67.40817615721537,67.51884718875826,67.6271095497669,67.73162943347758,67.83176246696664,67.92769515329482,68.01966346162797,68.10790336113196,68.19265082097263,68.27414181031584,68.35261229832744,68.4282982541733,68.50143564701925,68.57226044603117,68.64100862037489,68.7079161392163,68.77321897172122,68.83715308705553,68.89995445438505,68.96185904287569,69.02310282169326,69.08392176000363,69.14455182697266,69.20522899176619,69.26618922355009,69.32766849149021,69.38990276475239,69.45312801250252,69.51758020390643,69.58345918263134,69.65074185118853,69.7193201502684,69.78908585331367,69.85993073376707,69.93174656507134,70.00442512066918,70.07785817400334,70.15193749851653,70.22655486765149,70.30160205485093,70.37697083355759,70.45255297721418,70.52824025926344,70.6039244531481,70.67949733231087,70.75485067019449,70.82987624024166,70.90446581589514,70.97851117059763,71.05190407779186,71.12453631092058,71.19629964342649,71.26708584875232,71.3367867003408,71.40529524276994,71.47261526828048,71.53894568838112,71.60450527606956,71.66951280434351,71.7341870462007,71.79874677463883,71.86341076265562,71.92839778324877,71.99392660941601,72.06021601415503,72.12748477046355,72.1959516513393,72.26583542977995,72.33735487878327,72.41072877134692,72.48617588046865,72.56391497914615,72.64416484037713,72.72714423715931,72.8130719424904,72.90216672936812,72.99464737079018,73.09073263975426,73.19064130925813,73.29459215229946,73.40277440641097,73.5150871527172,73.6312647825898,73.75103979713073,73.87414469744186,74.00031198462516,74.1292741597825,74.26076372401583,74.39451317842705,74.53025502411809,74.66772176219085,74.80664589374727,74.94675991988926,75.08779634171874,75.22948766033761,75.37156637684781,75.51376499235126,75.65581600794985,75.79745192474553,75.9384052438402,76.07840846633577,76.21719409333419,76.35449462593733,76.49004256524717,76.62357041236557,76.7548105497678,76.88343509757519,77.00895804654347,77.1308677640653,77.24865261753332,77.36180097434018,77.46980120187854,77.57214166754105,77.66831073872036,77.75779678280912,77.8400881672,77.91467325928562,77.98104042645865,78.03867803611175,78.08707445563755,78.12571805242872,78.1540971938779,78.17170024737776,78.17801558032093,78.17253156010007,78.15473655410783,78.12411892973687,78.08016705437983,78.02236929542937,77.95021402027814,77.86318959631879,77.76091401624278,77.64518257268223,77.51959721087123,77.38781456171681,77.25349125612598,77.12028392500578,76.9918491992632,76.87184370980529,76.76392408753904,76.67174696337149,76.59896896820965,76.54924673296054,76.52623688853117,76.53359606582859,76.57498089575978,76.6540480092318,76.77445403715163,76.93985561042632,77.15390935996285,77.4202719166683,77.74259991144963,78.1245499752139,78.56977873886811,79.08194283331926,79.66469888947442,80.32170353824058
68.01481833020148,67.8316720263079,67.66984344838279,67.52841956313785,67.40648733728473,67.30313373753513,67.21744573060073,67.14851028319322,67.09541436202427,67.05724493380558,67.0330889652488,67.02203342306562,67.02316527396775,67.03557148466685,67.05833902187459,67.09055485230266,67.13130594266276,67.17967925966656,67.23476177002573,67.29564044045196,67.36140223765693,67.43113412835234,67.50392307924984,67.57885605706113,67.65502002849789,67.7315019602718,67.80740187244744,67.88225102919263,67.95610041150361,68.02903194165759,68.10112754193177,68.17246913460336,68.24313864194954,68.31321798624755,68.38278908977456,68.45193387480778,68.52073426362443,68.58927217850169,68.65762954171677,68.7258882755469,68.79413030226922,68.862437544161,68.93089192349939,68.99957536256163,69.0685697836249,69.13795710896642,69.20781926086337,69.27823816159297,69.34929573343243,69.42107389865892,69.49365457954967,69.56711969838189,69.64153629410508,69.71687955624382,69.79308967094093,69.87010675543492,69.94787092696431,70.02632230276762,70.10540100008338,70.18504713615006,70.26520082820623,70.3458021934904,70.42679134924107,70.50810841269677,70.58969350109602,70.67148673167732,70.75342822167921,70.8354580883402,70.91751644889881,70.99954342059354,71.08147912066293,71.1632636663455,71.24483717487975,71.32613976350422,71.4071115494574,71.48769264997783,71.56782318230402,71.64744384510601,71.72654599427469,71.8052102354387,71.88352625909408,71.96158375573695,72.03947241586337,72.11728192996942,72.19510198855119,72.27302228210472,72.35113250112613,72.42952233611148,72.50828147755684,72.58749961595828,72.6672664418119,72.74767164561378,72.82880491785997,72.91075594904656,72.99361442966963,73.07747005022527,73.16241250120953,73.2485314731185,73.33591665644826,73.4246577416949,73.51484441935446,73.60656637992305,73.69991331389673,73.79495890093455,73.89161953023238,73.9897223145587,74.08909334198849,74.18955870059665,74.29094447845814,74.3930767636479,74.49578164424084,74.5988852083119,74.70221354393604,74.80559273918817,74.90884888214325,75.01180806087618,75.11429636346193,75.21613987797542,75.31716469249159,75.41719689508537,75.5160625738317,75.61358781680552,75.70959871208176,75.80392134773535,75.89638181184125,75.98680619247436,76.07502057770965,76.16085105562203,76.24412382353803,76.32472057858503,76.40266865024196,76.47801896632829,76.55082245466345,76.62113004306691,76.68899265935812,76.75446123135654,76.81758668688164,76.87841995375285,76.93701195978964,76.99341363281147,77.04767590063777,77.09984969108804,77.14998593198169,77.19813555113821,77.24434947637704,77.28867863551764,77.33117395637947,77.37188636678198,77.41086679454463,77.44816616748687,77.48383541342815,77.51792546018795,77.5504872355857,77.58157166744087,77.61122030902983,77.63931725060037,77.66561592470596,77.68986580901466,77.71181638119455,77.73121711891369,77.74781749984017,77.76136700164204,77.7716151019874,77.7783112785443,77.7812050089808,77.78004577096502,77.77458304216499,77.76456630024882,77.74974502288454,77.72986868774024,77.704686772484,77.6739487547839,77.63740411230798,77.59480232272435,77.54589286370106,77.49042521290617,77.4281488480078,77.35881324667398,77.2821678865728,77.19796224537231
67.49332110575824,67.35543728790338,67.2345330129326,67.12993290740076,67.04096159786272,66.9669437108733,66.90720387298734,66.86106671075969,66.8278568507452,66.80689891949874,66.7975175435751,66.79903734952916,66.81078296391576,66.83207901328973,66.86225012420593,66.90062092321918,66.94651603688436,66.9992600917563,67.05817771438984,67.12259353133982,67.19183216916109,67.2652182544085,67.34207641363687,67.42173127340106,67.50350746025595,67.58672960075631,67.67073030535579,67.75510594886636,67.83977078354988,67.92465798646526,68.00970073467137,68.09483220522712,68.17998557519138,68.26509402162304,68.35009072158101,68.43490885212415,68.51948159031136,68.60374211320153,68.68762359785354,68.77105922132631,68.85398216067868,68.93632559296958,69.01802269525786,69.09900664460244,69.1792106180622,69.25856779269603,69.33701134556281,69.41447445372145,69.49089029423081,69.56619204414977,69.64031288053727,69.71318598045215,69.78476262210816,69.85510579130884,69.92432104509226,69.9925140242981,70.05979036976612,70.126255722336,70.19201572284746,70.2571760121402,70.32184223105395,70.38612002042842,70.4501150211033,70.51393287391832,70.57767921971319,70.64145969932761,70.70537995360132,70.769545623374,70.83406234948538,70.89903577277514,70.96457153408303,71.03077527424875,71.097752634112,71.1656092545125,71.23445077628998,71.30438284028409,71.37551108733462,71.44794066467281,71.52173371389827,71.59687660772124,71.67334800622078,71.75112656947596,71.83019095756583,71.91051983056943,71.99209184856582,72.07488567163404,72.15887995985315,72.24405337330222,72.33038457206027,72.41785221620637,72.50643496581958,72.59611148097895,72.6868604217635,72.77866044825234,72.87149022052446,72.96532839865895,73.06015364273486,73.15594461283123,73.2526799690271,73.35033837140156,73.44889848003365,73.54833895500241,73.64863845638689,73.74977773163758,73.85175803454192,73.95459225807045,74.0582934287855,74.16287457324938,74.26834871802444,74.37472888967292,74.48202811475721,74.59025941983961,74.69943583148245,74.80957037624799,74.92067608069863,75.0327659713966,75.1458530749043,75.25995041778401,75.37507102659805,75.49122792790874,75.60843414827838,75.72670271426932,75.84604665244385,75.96647898936433,76.08801275159303,76.21066096569228,76.33443665822443,76.45935285575175,76.58542220618307,76.71246500144218,76.83979678831889,76.96665132444406,77.09226236744851,77.21586367496309,77.33668900461865,77.45397211404605,77.5669467608761,77.67484670273967,77.77690569726758,77.8723575020907,77.96043587483985,78.04037457314587,78.11140735463965,78.17276797695197,78.22369019771372,78.26340777455573,78.29115446510883,78.30616402700389,78.3076702178717,78.29490679534317,78.26710751704911,78.22350614062037,78.16333642368778,78.0858321238822,77.99032910588238,77.87787831368772,77.7509538082779,77.61207272704362,77.46375220737545,77.30850938666401,77.14886140229996,76.98732539167386,76.82641849217634,76.66865784119807,76.51656057612959,76.37264383436155,76.2394247532846,76.1194204702893,76.01514812276628,75.92912484810617,75.86386778369959,75.82189406693715,75.80572083520946,75.81786522590713,75.8608443764208,75.93717542414109,76.0493755064586,76.19996176076393,76.39145132444773,76.6263613349006
66.60630724398177,66.58724909489194,66.57674406386718,66.57439166985435,66.57979143180029,66.59254286865186,66.61224549935585,66.63849884285919,66.67090241810867,66.70905574405113,66.75255833963345,66.80100972380245,66.85400941550499,66.9111569336879,66.97205179729805,67.03629352528226,67.1034816365874,67.1732156501603,67.24509508494779,67.31871945989676,67.39368829395401,67.4696011060664,67.5460574151808,67.62265674024403,67.69899860020293,67.77468251400437,67.84931445148482,67.92271350076064,67.99495559092455,68.0661319420669,68.13633377427804,68.20565230764835,68.27417876226818,68.34200435822787,68.40922031561779,68.4759178545283,68.54218819504976,68.60812255727252,68.67381216128695,68.7393482271834,68.80482197505223,68.8703246249838,68.93594739706846,69.00178151139657,69.06791818805851,69.13444864714461,69.20146410874524,69.26905579295075,69.33731491985152,69.40633270953789,69.47620038210022,69.54700915762886,69.61883618671449,69.69167179289643,69.76547321033506,69.84019760805424,69.9158021550778,69.99224402042957,70.06948037313337,70.14746838221305,70.22616521669245,70.30552804559538,70.38551403794571,70.46608036276724,70.54718418908382,70.62878268591929,70.71083302229746,70.79329236724219,70.8761178897773,70.95926675892663,71.04269614371401,71.12636321316329,71.21022513629828,71.29423908214282,71.37836221972076,71.4625517180559,71.54676474617212,71.63095853341517,71.71509556468075,71.79914758428394,71.88308727907027,71.96688733588525,72.05052044157443,72.13395928298333,72.2171765469575,72.30014492034245,72.38283708998372,72.46522574272686,72.54728356541737,72.62898324490081,72.7102974680227,72.79119892162856,72.87166029256396,72.95165426767439,73.0311535338054,73.11013077780251,73.18855868651127,73.26640994677722,73.34365724544585,73.42027326936274,73.49623070537338,73.57150224032333,73.64606056105812,73.71989738309942,73.7931913596835,73.86622724794483,73.93929102285321,74.01266865937838,74.0866461324901,74.16150941715817,74.23754448835234,74.31503732104238,74.39427389019804,74.47554017078912,74.55912213778537,74.64530576615654,74.73437703087244,74.8266219069028,74.9223263692174,75.02177639278602,75.12525795257841,75.23305702356436,75.3454595807136,75.46275159899594,75.58521905338111,75.7131479188389,75.84682417033908,75.9865337828514,76.1325619063668,76.2847746016235,76.4419382325608,76.60264096768776,76.76547097551338,76.92901642454669,77.09186548329673,77.25260632027252,77.40982710398312,77.56211600293751,77.70806118564475,77.84625082061388,77.97527307635389,78.09371612137384,78.20016812418275,78.29321725328967,78.3714516772036,78.43345956443358,78.47782908348863,78.5031484028778,78.5080056911101,78.49098911669456,78.45068684814024,78.38568705395612,78.29457790265128,78.17594756273472,78.02861422144092,77.8552596617835,77.66177155276212,77.45413460252621,77.23833351922524,77.02035301100862,76.80617778602583,76.6017925524263,76.41318201835949,76.24633089197484,76.10722388142179,76.0018456948498,75.93618104040831,75.91621462624677,75.94793116051463,76.03731535136134,76.19035190693633,76.41302553538907,76.71132094486897,77.09122284352551,77.55871593950816,78.11978494096631,78.78041455604945,79.54658949290699,80.42429445968841,81.41951416454316
67.58688314909462,67.58308456352289,67.57910882756768,67.57512430253009,67.57129934971123,67.56780233041219,67.56480160593411,67.56246553757805,67.56096248664514,67.5604608144365,67.5611288822532,67.56313505139636,67.56664768316709,67.57183513886649,67.57886577979568,67.58790796725573,67.59913006254779,67.61270042697294,67.62878742183227,67.64755940842691,67.66918474805796,67.69383180202652,67.7216689316337,67.7528644981806,67.78758686296833,67.82600438729798,67.86828061139552,67.91441980144818,67.9642342734284,68.01752491557492,68.07409261612648,68.13373826332177,68.19626274539957,68.26146695059857,68.32915176715753,68.39911808331516,68.4711667873102,68.54509876738136,68.6207149117674,68.69781610870702,68.77620324643897,68.85567721320197,68.93603889723475,69.01708918677605,69.09862897006458,69.18045913533908,69.26238057083829,69.34419416480092,69.42570080546572,69.5067013810714,69.5869967798567,69.66638789006035,69.74470625979538,69.82197264834353,69.89827992246872,69.97372109087868,70.0483891622812,70.12237714538402,70.19577804889492,70.26868488152165,70.34119065197198,70.41338836895368,70.48537104117449,70.55723167734219,70.62906328616454,70.70095887634928,70.7730114566042,70.84531403563705,70.91795962215559,70.99104122486759,71.0646518524808,71.13888451370299,71.21383221724193,71.28958797180536,71.36624478610106,71.44389566883679,71.52263362872031,71.60255096903258,71.68367853274478,71.76593887981454,71.84924354790579,71.93350407468245,72.01863199780843,72.10453885494768,72.1911361837641,72.2783355219216,72.36604840708414,72.45418637691562,72.54266096907996,72.6313837212411,72.72026617106292,72.80921985620938,72.89815631434439,72.98698708313187,73.07562370023575,73.16397770331994,73.25196063004837,73.33948401808496,73.42645940509364,73.51279832873831,73.5984123266829,73.68321293659136,73.76711169612759,73.85003444199081,73.93204748460323,74.01329686580799,74.09392954258644,74.17409247191998,74.25393261078999,74.33359691617783,74.4132323450649,74.49298585443259,74.57300440126227,74.65343494253531,74.73442443523312,74.81611983633704,74.8986681028285,74.98221619168883,75.06691105989944,75.15289966444172,75.24032896229703,75.32934591044676,75.42009746587229,75.512730585555,75.60739222647628,75.70422934561749,75.80338889996004,75.9050178464853,76.00926273254981,76.11606201610957,76.22480812525617,76.33480500912356,76.44535661684559,76.55576689755618,76.66533980038922,76.7733792744786,76.87918926895823,76.982073732962,77.0813366156238,77.17628186607753,77.2662134334571,77.35043526689635,77.42825131552925,77.49896552848968,77.5618818549115,77.61630424392864,77.66153664467498,77.69688300628441,77.72164727789084,77.73513340862817,77.73664534763029,77.72548704403107,77.70096244696445,77.6623755055643,77.60907921471126,77.54125038456333,77.45974940037368,77.36545733856998,77.25925527557986,77.14202428783089,77.01464545175074,76.87799984376701,76.73296854030735,76.58043261779937,76.4212731526707,76.25637122134896,76.08660790026177,75.91286426583676,75.73602139450155,75.55696036268377,75.37656224681105,75.19570812331101,75.01527906861128,74.83615615913946,74.6592204713232,74.4853530815901,74.31543506636783,74.15034750208397,73.99097146516617,73.83818803204204
67.7611277055526,67.53532274061527,67.3353914785983,67.16023914504542,67.00877096550049,66.87989216550724,66.77250797060952,66.6855236063511,66.61784429827577,66.56837527192734,66.53602175284959,66.51968896658633,66.51828213868133,66.53070649467841,66.55586726012135,66.59266966055395,66.64001892152001,66.69682026856331,66.76197892722766,66.83440012305684,66.91298908159466,66.99665102838489,67.08429118897135,67.17481478889783,67.26712705370811,67.360133208946,67.45275319142023,67.54439295454387,67.63504417801893,67.72473341269392,67.81348720941732,67.90133211903765,67.9882946924034,68.07440148036305,68.15967903376513,68.24415390345811,68.32785264029052,68.41080179511083,68.49302791876755,68.57455756210918,68.6554172759842,68.73563361124116,68.8152331187285,68.89424234929476,68.9726878537884,69.05059618305796,69.12799388795192,69.20490751931877,69.28136362800701,69.35738876486515,69.43300948074169,69.50825232648512,69.5831403893347,69.65767538157081,69.731850869578,69.8056604037056,69.87909753430297,69.95215581171942,70.02482878630431,70.09711000840696,70.16899302837669,70.24047139656287,70.3115386633148,70.38218837898185,70.45241409391333,70.5222093584586,70.59156772296696,70.66048273778776,70.72894795327035,70.79695691976404,70.8645031876182,70.93158030718213,70.99818182880517,71.06430130283668,71.12993227962598,71.1950683095224,71.25970294287528,71.32383059101755,71.38752067847896,71.45097479077292,71.51440796628171,71.57803524338763,71.64207166047296,71.70673225592002,71.77223206811104,71.83878613542835,71.90660949625425,71.975917188971,72.04692425196089,72.11984572360622,72.19489664228927,72.27229204639234,72.35224697429771,72.43497646438769,72.52069555504454,72.60961928465056,72.70196269158804,72.79794081423927,72.89776869098652,73.00166136021211,73.10983386029831,73.22250122962743,73.33987850658173,73.46214114277883,73.58907568946032,73.72024796206797,73.85522124249061,73.99355881261712,74.13482395433633,74.27857994953708,74.42439008010822,74.57181762793861,74.72042587491708,74.8697781029325,75.0194375938737,75.16896762962953,75.31793149208885,75.46589246314048,75.61241382467328,75.75705885857612,75.89939084673782,76.03897307104724,76.1753688133932,76.3081413556646,76.43685397975025,76.561069967539,76.6803526009197,76.7942651617812,76.90237116874019,77.00435439815486,77.10021418459097,77.1900009958272,77.27376529964225,77.35155756381481,77.42342825612353,77.48942784434713,77.54960679626429,77.60401557965366,77.65270466229398,77.6957245119639,77.73312559644211,77.7649583835073,77.79127334093815,77.81212093651335,77.8275516380116,77.83761591321155,77.84236422989191,77.84184705583135,77.83611485880859,77.82521810660226,77.8092072669911,77.78813280775374,77.76204519666892,77.73099490151529,77.69509109433663,77.65542899537925,77.61392201558405,77.57250833175375,77.53312612069107,77.49771355919874,77.46820882407948,77.44655009213602,77.43467554017109,77.4345233449874,77.44803168338768,77.47713873217467,77.52378266815107,77.58990166811962,77.67743390888305,77.78831756724406,77.9244908200054,78.0878918439698,78.28045881593994,78.50412991271858,78.76084331110846,79.05253718791226,79.38114971993275,79.74861908397261,80.1568834568346,80.60788101532145
66.1756520481263,66.27605238385351,66.37298824963626,66.46661248627433,66.55707793456745,66.64453743531534,66.72914382931779,66.81104995737452,66.89040866028529,66.96737277884984,67.04209515386792,67.11472862613927,67.18542603646364,67.25434022564077,67.32162403447042,67.38743030375234,67.45191187428625,67.51522158687193,67.5775122823091,67.63893680139752,67.69964798493695,67.75979867372709,67.81954170856774,67.87902993025861,67.93841617959947,67.99785329739005,68.05749235910399,68.11742611907022,68.17767704548483,68.23826342206716,68.29920353253657,68.36051566061238,68.42221809001393,68.48432910446056,68.54686698767162,68.60985002336643,68.67329649526434,68.73722468708469,68.80165288254683,68.86659936537008,68.9320824192738,68.9981203279773,69.06473137519995,69.13193384466106,69.19974602008001,69.2681861851761,69.33727262366868,69.40702361927711,69.4774574557207,69.5485924167188,69.62044678599077,69.69303884725592,69.76637611513475,69.84039964494787,69.9150251646908,69.99016835250217,70.06574488652053,70.1416704448845,70.21786070573266,70.2942313472036,70.37069804743594,70.44717648456823,70.5235823367391,70.59983128208712,70.67583899875089,70.751521164869,70.82679345858006,70.90157155802264,70.97577114133533,71.04930788665676,71.12209747212547,71.1940555758801,71.26509787605922,71.3351400508014,71.40409777824527,71.47188673652941,71.53842260379243,71.6036222923399,71.66751024127996,71.73030033435964,71.79222573918591,71.8535196233657,71.91441515450592,71.97514550021351,72.03594382809543,72.09704330575858,72.1586771008099,72.22107838085633,72.28448031350479,72.34911606636221,72.41521880703554,72.4830217031317,72.55275792225761,72.62466063202024,72.69896300002648,72.77589819388328,72.85569938119757,72.93859972957628,73.02483240662636,73.11463057995472,73.20822741716829,73.30585608587401,73.40774975367881,73.51410720575068,73.62478945417729,73.73946579456667,73.85780332205083,73.97946913176168,74.10413031883122,74.23145397839141,74.3611072055742,74.49275709551158,74.62607074333548,74.76071524417789,74.89635769317077,75.03266518544606,75.16930481613576,75.30594368037181,75.44224887328619,75.57788749001085,75.71252662567777,75.84583337541889,75.97747483436619,76.10711809765164,76.23443026040718,76.35907841776479,76.48072966485645,76.5990510968141,76.71370991887105,76.82442926774304,76.93107904523659,77.03355293504832,77.1317446208749,77.22554778641299,77.31485611535922,77.39956329141027,77.47956299826281,77.55474891961346,77.6250147391589,77.69025414059577,77.75036080762074,77.80522842393047,77.85475067322159,77.89882123919078,77.93733380553468,77.97018205594995,77.99725967413326,78.01846034378126,78.03367774859058,78.0428055722579,78.04573749847988,78.04236721095317,78.03258839337443,78.01629472944029,77.99337794255266,77.96369682928714,77.92708286461097,77.88336669649199,77.83237897289806,77.77395034179703,77.70791145115678,77.63409294894515,77.55232548313002,77.46243970167923,77.36426625256065,77.25763578374213,77.14237894319153,77.01832637887672,76.88530873876554,76.74315667082587,76.59170082302556,76.43077184333247,76.26020037971446,76.07981708013938,75.88945259257508,75.68893756498944,75.47810264535033,75.25677848162559,75.02479572178306,74.78198501379065
66.72085994524858,66.70410107789509,66.69367707796533,66.68934218541308,66.69085064019211,66.69795668225619,66.71041455155911,66.72797848805463,66.75040273169654,66.77744152243858,66.80884910023457,66.84437970503824,66.8837875768034,66.9268269554838,66.97325208103324,67.02281719340546,67.07527653255426,67.13038433843342,67.18789485099668,67.24756231019785,67.30914095599069,67.37238502832896,67.43704876716646,67.50288641245695,67.56965220415421,67.63710038221201,67.70498801315397,67.77316554499598,67.84159596510848,67.91024896087927,67.97909421969618,68.04810142894699,68.11724027601953,68.1864804483016,68.25579163318102,68.32514351804558,68.3945057902831,68.4638481372814,68.53314024642827,68.60235180511154,68.67145250071901,68.74041202063849,68.80920005225776,68.87778628296469,68.94614040014704,69.01423209119264,69.0820310434893,69.1495069444248,69.21662948138699,69.28336834176366,69.34969321294263,69.4155737823117,69.4809928656383,69.54601429781047,69.61073278972017,69.67524311303892,69.7396400394382,69.80401834058951,69.86847278816438,69.9330981538343,69.99798920927076,70.06324072614528,70.12894747612937,70.1952042308945,70.26210576211221,70.329746841454,70.39822224059135,70.46762673119578,70.53805508493878,70.60960207349187,70.68236246852655,70.75643104171431,70.83190256472666,70.90887180923511,70.98743354691116,71.06768254942631,71.14971358845206,71.23362059266684,71.31942404497566,71.40701502884355,71.49627145596841,71.58707123804815,71.67929228678071,71.77281251386397,71.86750983099584,71.96326214987423,72.05994738219707,72.15744343966225,72.25562823396768,72.35437967681128,72.45357567989096,72.55309415490461,72.65281301355017,72.75261016752555,72.85236352852863,72.95195100825732,73.05125051840957,73.15013997068326,73.24849727677629,73.3462003483866,73.44312709721208,73.53915543495064,73.63416327330022,73.72804570079961,73.820866551273,73.91278543660958,74.00396306801636,74.09456015670035,74.18473741386858,74.27465555072804,74.36447527848576,74.45435730834873,74.54446235152399,74.63495111921854,74.72598432263939,74.81772267299357,74.91032688148807,75.00395765932993,75.09877571772613,75.1949417678837,75.29261652100966,75.39196068831103,75.49313498099478,75.59630011026798,75.7016167873376,75.80924572341068,75.91934762969422,76.03208321739523,76.14761278898774,76.26588901059321,76.3863197072739,76.508224417769,76.63092268081762,76.75373403515894,76.8759780195321,76.99697417267625,77.11604203333053,77.23250114023409,77.3456710321261,77.4548712477457,77.55942132583202,77.65864080512424,77.75184922436146,77.83836612228289,77.91751103762765,77.98860350913489,78.05096307554376,78.10390927559341,78.14676164802299,78.17883973157164,78.19946306497853,78.20795118698278,78.20362363632357,78.18579995174004,78.15384887307276,78.10796556491314,78.04903093220388,77.97794663660238,77.89561433976604,77.80293570335225,77.7008123890184,77.5901460584219,77.47183837322012,77.34679099507049,77.21590558563037,77.08008380655718,76.9402273195083,76.79723778614114,76.65201686811308,76.50546622708151,76.35848752470385,76.21198242263746,76.06685258253978,75.92399966606816,75.78432533488002,75.64873125063275,75.51811907498373,75.39339046959039,75.2754470961101,75.16519061620025
67.40835821770807,67.30390854968522,67.214838757766,67.14050183552514,67.08025077653743,67.03343857437756,66.9994182226203,66.97754271484041,66.96716504461263,66.96763820551169,66.97831519111234,66.99854899498933,67.02769261071742,67.06509903187136,67.11012125202585,67.16211226475568,67.22042506363557,67.2844126422403,67.35342799414458,67.42682411292317,67.50395399215081,67.58417062540227,67.66682700625226,67.75127612827556,67.8368709850469,67.92296457014102,68.00891816094337,68.09436670740034,68.17927497784734,68.2636273763192,68.3474083068508,68.43060217347694,68.51319338023251,68.59516633115233,68.67650543027125,68.75719508162412,68.83721968924579,68.9165636571711,68.9952113894349,69.07314729007203,69.15035576311735,69.22682121260569,69.30252804257191,69.37746065705085,69.45160346007735,69.52494085568627,69.59745724791244,69.66913704079072,69.73996463835596,69.80992444464299,69.87900086368666,69.94717829952182,70.0144524428938,70.08088863818234,70.14657877443815,70.2116147929652,70.27608863506745,70.3400922420489,70.40371755521349,70.4670565158652,70.530201065308,70.59324314484589,70.65627469578281,70.71938765942275,70.78267397706968,70.84622559002756,70.91013443960038,70.97449246709209,71.03939161380669,71.10492382104813,71.1711810301204,71.23825518232745,71.30623821897328,71.37522208136183,71.4452987107971,71.51656004858305,71.58909803602364,71.6630037589575,71.73829377080203,71.814853311039,71.89255425250361,71.97126846803104,72.05086783045651,72.13122421261522,72.21220948734235,72.2936955274731,72.37555420584269,72.4576573952863,72.53987696863915,72.62208479873642,72.70415275841331,72.78595272050504,72.86735655784678,72.94823614327375,73.02846334962113,73.10791004972414,73.18644811641798,73.26394942253783,73.34028584091891,73.41532924439639,73.4889515058055,73.56102449798142,73.63142009375937,73.70003406581719,73.76699697888712,73.8325726632241,73.89702647867298,73.96062378507864,74.02362994228594,74.08631031013975,74.14893024848493,74.21175511716635,74.27505027602886,74.33908108491737,74.40411290367669,74.47041109215172,74.53824101018733,74.60786801762838,74.67955747431971,74.75357474010622,74.83018517483276,74.9096541383442,74.9922469904854,75.07822909110124,75.16786580003658,75.26142247713626,75.3591644822452,75.46135717520822,75.5682655043735,75.67994537776119,75.79590417827878,75.91556040554471,76.03833255917742,76.16363913879535,76.29089864401689,76.41952957446051,76.54895042974464,76.67857970948768,76.8078359133081,76.9361375408243,77.06290309165473,77.18755106541784,77.30949996173202,77.42816828021571,77.54297452048736,77.65333718216539,77.75867476486823,77.85840576821433,77.9519486918221,78.03872203530997,78.11814429829639,78.18963398039976,78.25260958123856,78.30648960043118,78.35071657571845,78.3851368101783,78.40993163821946,78.42529253533358,78.43141097701232,78.4284784387473,78.41668639603019,78.39622632435261,78.36728969920624,78.33006799608268,78.2847526904736,78.23153525787065,78.17060717376545,78.10215991364966,78.02638495301494,77.9434737673529,77.85361783215521,77.7570086229135,77.65383761511944,77.54429628426465,77.42857610584078,77.30686855533946,77.17936510825237,77.04625724007113,76.90773642628739,76.76399414239278
66.96998616357875,66.86855051061485,66.78343641649616,66.71392687357472,66.65930487420258,66.61885341073175,66.5918554755143,66.57759406090224,66.57535215924763,66.58441276290249,66.60405886421887,66.63357345554878,66.6722395292443,66.71934007765742,66.7741580931402,66.83597656804467,66.90407849472288,66.97774686552685,67.05626467280864,67.13891490892026,67.22498056621374,67.31374463704115,67.40449011375452,67.49649998870586,67.58905725424724,67.68144490273066,67.77295563227446,67.86320279075679,67.9521861593426,68.03992852545768,68.12645267652776,68.21178139997863,68.29593748323605,68.37894371372576,68.46082287887356,68.54159776610517,68.62129116284638,68.69992585652295,68.77752463456063,68.8541102843852,68.92970559342241,69.00433334909802,69.07801633883781,69.15077735006753,69.22263917021293,69.29362458669979,69.36375638695388,69.43305735840094,69.50155028846676,69.56925796457708,69.63620317415767,69.70240870463428,69.76790173604206,69.83273655650996,69.89697778493336,69.96069006054384,70.02393802257298,70.08678631025231,70.14929956281343,70.21154241948786,70.2735795195072,70.33547550210298,70.3972950065068,70.45910267195019,70.52096313766472,70.58294104288197,70.64510102683349,70.70750772875084,70.77022578786558,70.83331984340927,70.8968545346135,70.9608945007098,71.02550438092973,71.09074881450489,71.15669244066682,71.22339989864706,71.2909358276772,71.35936471410501,71.42873772427713,71.4990825568769,71.57042452177826,71.64278892885517,71.71620108798155,71.79068630903136,71.86626990187854,71.94297717639704,72.0208334424608,72.09986400994377,72.1800941887199,72.26154928866315,72.34425461964742,72.42823549154669,72.5135172142349,72.60012509758599,72.6880844514739,72.77742058577259,72.86815881035601,72.96032443509809,73.05394276987278,73.14903912455402,73.24563880901577,73.34376713313196,73.44344940677655,73.5447060591777,73.64750957209947,73.751805212825,73.85753793627619,73.96465269737487,74.0730944510429,74.18280815220214,74.29373875577446,74.40583121668168,74.51903048984566,74.63328153018828,74.74852929263139,74.86471873209682,74.98179480350646,75.09970246178213,75.2183866618457,75.33779235861903,75.45786450702397,75.57854806198237,75.6997879784161,75.821529211247,75.94371671539692,76.06629544578773,76.18921035734128,76.31240640497943,76.43582825614416,76.55927453851363,76.68216066912572,76.8038399693707,76.92366576063881,77.04099136432032,77.1551701018055,77.26555529448459,77.37150026374788,77.47235833098559,77.567482817588,77.65622704494538,77.73794433444797,77.81198800748606,77.87771138544987,77.9344677897297,77.98161054171578,78.01849296279838,78.04446837436777,78.05889009781419,78.06111145452792,78.0504857658992,78.02636635331831,77.98810653817549,77.93505964186102,77.86657898576514,77.78210849650154,77.68261398529557,77.57032407367372,77.44750560724111,77.31642543160281,77.17935039236393,77.03854733512955,76.8962831055048,76.75482454909476,76.61643851150453,76.48339183833919,76.35795137520385,76.24238396770362,76.1389564614436,76.04993570202885,75.9775885350645,75.92418180615564,75.89198236090736,75.88325704492478,75.90027270381297,75.94529618317704,76.02059432862208,76.1284339857532,76.2710820001755,76.45080521749406,76.66987048331399
67.10485371598963,66.99075972803176,66.8934834217129,66.81227835478609,66.74639808500436,66.69509617012078,66.65762616788838,66.63324163606023,66.62119613238934,66.62074321462882,66.63113644053165,66.65162936785092,66.68147555433964,66.7199285577509,66.76624193583771,66.81966924635316,66.87946404705025,66.94487989568206,67.01517035000163,67.08958896776201,67.16738930671623,67.24782492461736,67.33014937921843,67.4136162282725,67.49747902953261,67.58099134075181,67.66341764655188,67.74438342292146,67.82394919710413,67.90220139706935,67.97922645078657,68.05511078622524,68.12994083135479,68.2038030141447,68.2767837625644,68.34896950458335,68.420446668171,68.4913016812968,68.56162097193021,68.63149096804065,68.70099809759762,68.77022878857052,68.83926946892883,68.908206566642,68.97712650967947,69.0461157260107,69.11526064360513,69.18464769043221,69.25436329446141,69.32449388366217,69.39512588600394,69.46634572945615,69.53822871767113,69.6107815028438,69.68398457442325,69.75781837035703,69.83226332859272,69.90729988707788,69.98290848376011,70.05906955658699,70.13576354350606,70.21297088246493,70.29067201141116,70.36884736829234,70.44747739105603,70.52654251764979,70.60602318602123,70.68589983411792,70.76615289988742,70.84676282127731,70.92771003623517,71.00897498270858,71.09053809864511,71.17237982199234,71.25448059069782,71.33682084270916,71.41938101597393,71.50214192375246,71.58511707843104,71.66837760290753,71.752000484342,71.83606270989453,71.92064126672517,72.005813141994,72.09165532286104,72.1782447964864,72.26565855003012,72.35397357065227,72.44326684551294,72.53361536177215,72.62509610658998,72.71778606712651,72.81176223054177,72.90710158399587,73.00388111464883,73.10217780966074,73.20206865619167,73.30363064140167,73.4069407524508,73.51207597649912,73.6191133007067,73.72812971223361,73.83920219823992,73.95238983904969,74.06757579823008,74.18454339083074,74.30307478586383,74.42295215234145,74.54395765927576,74.66587347567888,74.78848177056295,74.9115647129401,75.03490447182249,75.15828321622222,75.28148311515143,75.40428633762227,75.52647505264687,75.64783142923736,75.76813763640588,75.88717584316457,76.00472821852556,76.12057693150098,76.23450415110295,76.34629204634363,76.45572278623516,76.56257853978965,76.66664147601927,76.7676937639361,76.86551753813359,76.95987744849188,77.05049226472815,77.13707332211462,77.21933195592342,77.29697950142678,77.36972729389686,77.43728666860584,77.49936896082593,77.55568550582932,77.60594763888815,77.64986669527465,77.68715401026098,77.71752091911934,77.7406787571219,77.75633885954086,77.76421256164839,77.76401119871669,77.75544610601793,77.7382286188243,77.71207007240798,77.67668180204117,77.63177514299606,77.5770614305448,77.5122519999596,77.43705818651264,77.35130153601001,77.25665478681944,77.15632673662489,77.05357267817936,76.95164790423581,76.8538077075472,76.76330738086654,76.68340221694676,76.61734750854086,76.56839854840182,76.53981062928258,76.53483904393616,76.5567390851155,76.60876604557357,76.69417521806336,76.81622189533785,76.97816137014999,77.18324893525276,77.43473988339913,77.73588950734211,78.08995309983463,78.50018595362968,78.96984336148023,79.50218061613924,80.1004530103597,80.76791583689462
67.37803564450195,67.13516886788035,66.92460062009683,66.7448188676195,66.59431157691655,66.47156671445612,66.37507224670635,66.30331614013542,66.25478636121144,66.2279708764026,66.22135765217702,66.23343465500287,66.26268985134828,66.30761120768143,66.36668669047044,66.4384042661835,66.52125190128871,66.61371756225427,66.71428921554829,66.82145482763895,66.93370236499437,67.04951979408274,67.16739508137218,67.28581619333085,67.4032710964269,67.51824775712849,67.629257173905,67.73557125430398,67.83737892073724,67.93492368998999,68.0284490788474,68.11819860409464,68.20441578251689,68.28734413089933,68.36722716602712,68.44430840468546,68.5188313636595,68.59103955973443,68.66117650969542,68.72948573032765,68.7962107384163,68.86159505074654,68.92588218410354,68.98931565527249,69.05213898103855,69.1145956781869,69.17692926350273,69.2393832537712,69.30220116577749,69.36562651630678,69.42990282214423,69.49527360007502,69.56194926541491,69.62993595450386,69.69916195392965,69.76955539703249,69.84104441715264,69.91355714763034,69.9870217218058,70.06136627301927,70.13651893461096,70.21240783992113,70.28896112228999,70.3661069150578,70.44377335156476,70.52188856515112,70.6003806891571,70.67917785692296,70.75820820178892,70.83739985709519,70.91668095618203,70.99597963238968,71.07522401905835,71.15434224952828,71.2332624571397,71.31191277523286,71.39022133714795,71.46811700855604,71.54559245944662,71.62275277258287,71.69971447339621,71.7765940873181,71.85350813977999,71.93057315621334,72.00790566204958,72.08562218272016,72.16383924365654,72.24267337029016,72.3222410880525,72.40265892237495,72.48404339868902,72.56651104242613,72.65017837901772,72.73516193389526,72.8215782324902,72.90954380023396,72.99917516255803,73.09058884489383,73.18390137267284,73.27922927132647,73.37668906628618,73.47639728298344,73.57847044684969,73.68300131948837,73.78984920665665,73.89874090700677,74.00940169830595,74.12155685832143,74.23493166482045,74.34925139557025,74.46424132833806,74.57962674089114,74.6951329109967,74.81048511642202,74.92540863493427,75.03962874430073,75.15287072228864,75.26485984666523,75.37532139519773,75.48398064565339,75.59056287579944,75.69479336340312,75.79639738623167,75.89510022205232,75.99062714863231,76.0827034437389,76.17105438513929,76.25540525060072,76.33548146287328,76.41108209598063,76.48219948604832,76.54885728549145,76.61107914672512,76.66888872216445,76.72230966422454,76.7713656253205,76.81608025786743,76.85647721428045,76.89258014697465,76.92441270836517,76.95199855086707,76.9753613268955,76.99452468886554,77.00951228919232,77.02034778029092,77.02705481457646,77.02965704446406,77.02817812236881,77.02264170070582,77.01307143189021,76.99949096833707,76.98192396246152,76.96039406667866,76.93492493340361,76.90554769352967,76.87241909301389,76.83580010910342,76.79595487402838,76.7531475200189,76.7076421793051,76.65970298411713,76.6095940666851,76.55757955923916,76.50392359400941,76.44889030322601,76.39274381911908,76.33574827391874,76.27816779985514,76.22026652915838,76.16230859405862,76.10455812678596,76.04727925957056,75.99073612464254,75.93519285423203,75.88091358056914,75.82816243588402,75.77720355240679,75.72830106236759,75.68171909799655,75.63772179152379
67.13697791374359,67.11708609249494,67.10236162303671,67.09265290015519,67.08780831863666,67.08767627326739,67.09210515883368,67.10094337012178,67.114039301918,67.13124134900859,67.15239790617986,67.17735736821808,67.20596812990952,67.23807858604047,67.2735371313972,67.312192160766,67.35389206893315,67.39848525068493,67.44582010080761,67.49574501408746,67.5481083853108,67.60275860926387,67.65954408073299,67.71831319450439,67.77891434536438,67.84119592809925,67.90500732176895,67.97023042291984,68.03678631677303,68.1045984216428,68.17359015584347,68.2436849376893,68.3148061854946,68.38687731757365,68.45982175224077,68.53356290781022,68.60802420259631,68.68312905491334,68.75880088307558,68.83496310539735,68.91153914019291,68.9884524057766,69.06562632046267,69.14298430256542,69.22044977039916,69.29794614227816,69.37539683651674,69.45272527142917,69.52985486532975,69.60670903653279,69.68321120335256,69.75928478410336,69.83486379576856,69.90994766285887,69.98456073638448,70.05872741642354,70.13247210305414,70.20581919635443,70.27879309640251,70.35141820327652,70.42371891705459,70.49571963781483,70.56744476563537,70.63891870059433,70.71016584276984,70.78121059224001,70.85207734908299,70.9227905133769,70.99337448519982,71.06385366462992,71.1342524517453,71.2045952466241,71.27490644934444,71.34521045998443,71.41553167862222,71.48589450533589,71.5563233402036,71.62684295093014,71.6975101346923,71.76843811935801,71.83974587696159,71.91155237953741,71.98397659911983,72.05713750774318,72.13115407744179,72.20614528025001,72.28223008820221,72.35952747333272,72.43815640767589,72.51823586326606,72.59988481213756,72.68322222632474,72.76836707786198,72.8554383387836,72.94455498112394,73.03583597691737,73.1294002981982,73.2253669170008,73.32385480535952,73.42498293530868,73.52887027888265,73.63563580811577,73.74539849504237,73.85824737332572,73.97397736207162,74.09221644402867,74.21259068588974,74.33472615434772,74.45824891609547,74.58278503782589,74.70796058623182,74.83340162800619,74.95873422984181,75.08358445843162,75.20757838046843,75.33034206264517,75.45150157165472,75.5706829741899,75.68751233694363,75.80161572660877,75.9126192098782,76.02014885344481,76.12383072400145,76.22329088824101,76.31815541285637,76.40805036454039,76.49260180998596,76.57143581588595,76.64417893013365,76.71070215043338,76.77151791464316,76.82724259991076,76.87849258338393,76.92588424221043,76.970033953538,77.01155809451444,77.05107304228747,77.08919517400486,77.12654086681435,77.16372649786372,77.20136844430073,77.24008308327312,77.28048679192865,77.32319594741509,77.36882692688017,77.41799610747168,77.47131986633737,77.52941458062499,77.59289662748229,77.66238238405704,77.73848822749699,77.82183053494991,77.91302568356353,78.01269005048563,78.12131322500798,78.23725515665377,78.3571086892034,78.47741317781049,78.59470797762866,78.70553244381155,78.80642593151276,78.89392779588594,78.9645773920847,79.0149140752627,79.04147720057352,79.04080612317082,79.00944019820822,78.94391878083935,78.84078122621783,78.69656688949729,78.50781512583134,78.27106529037364,77.98285673827783,77.63972882469749,77.23822090478625,76.77487233369774,76.24622246658562,75.64881065860351,74.979176264905,74.23385864064375
66.43207152024377,66.47215473562046,66.51085455786159,66.54836008724081,66.58486042403173,66.620544668508,66.65560192094328,66.6902212816112,66.7245918507854,66.75890272873953,66.7933430157472,66.82810181208208,66.86336821801781,66.89933133382802,66.93618025978635,66.97410409616646,67.01329194324197,67.05393290128653,67.09621607057377,67.14033055137735,67.18646544397089,67.23480984862805,67.28555286562245,67.33888359522776,67.39499113771758,67.45406459336559,67.51628794821897,67.58167622943668,67.65004084219905,67.72118106907564,67.794896192636,67.87098549544967,67.9492482600862,68.02948376911512,68.111491305106,68.19507015062837,68.28001958825178,68.36613890054576,68.45322737007987,68.54108427942367,68.62950891114669,68.71830054781846,68.80725847200854,68.89618196628648,68.98487031322182,69.07312279538411,69.1607386953429,69.2475172956677,69.33325787892811,69.41775972769364,69.50082212453384,69.58224435201825,69.66185826811646,69.73969676324359,69.81586934032963,69.89048565311663,69.96365535534663,70.03548810076167,70.10609354310378,70.17558133611502,70.2440611335374,70.31164258911299,70.37843535658384,70.44454908969195,70.51009344217938,70.57517806778819,70.63991262026039,70.70440675333803,70.76877012076315,70.83311237627781,70.89754317362403,70.96217216654385,71.02710900877932,71.09246335407246,71.15834485616534,71.2248631688,71.29212794571845,71.36024848695669,71.42930327591031,71.49931650209483,71.5703068283686,71.64229291758998,71.71529343261732,71.78932703630898,71.86441239152327,71.9405681611186,72.0178130079533,72.0961655948857,72.17564458477418,72.25626864047707,72.33805642485275,72.42102660075956,72.50519783105584,72.59058877859997,72.67721810625027,72.76510447686509,72.85426655330282,72.94472299842178,73.03649247508035,73.12959364613685,73.22404517444964,73.3198657228771,73.41707395427754,73.51568166558673,73.61563320291651,73.71683462799425,73.8191915631282,73.92260963062665,74.02699445279791,74.13225165195023,74.23828685039189,74.3450056704312,74.45231373437643,74.56011666453585,74.66832008321778,74.77682961273045,74.8855508753822,74.99438949348126,75.10325108933596,75.21204128525454,75.32066570354532,75.42902996651657,75.53703969647655,75.64460051573357,75.75161804659591,75.85799791137184,75.96364573236967,76.06846713189765,76.1723676239954,76.2751977222178,76.37666361798154,76.47644811667047,76.5742340236684,76.66970414435917,76.76254128412661,76.85242824835454,76.93904784242682,77.02208287172722,77.10121614163963,77.17613045754784,77.24650862483568,77.31203344888702,77.37238773508564,77.42725428881539,77.47631591546009,77.5192554204036,77.5557556090297,77.58549928672225,77.60816925886509,77.62344833084202,77.63101930803688,77.63056499583351,77.62176819961572,77.60431172476736,77.5779036040459,77.54267561125104,77.49911112670301,77.44770417352034,77.3889487748215,77.32333895372501,77.25136873334941,77.17353213681317,77.09032318723482,77.00223590773287,76.90976432142581,76.81340245143217,76.71364432087044,76.61098395285916,76.5059153705168,76.3989325969619,76.29052965531295,76.18120056868847,76.07143936020697,75.96174005298694,75.85259667014691,75.74450323480538,75.63795377008087,75.53344229909187,75.4314628449569,75.33250943079447
66.73063747741195,66.66046843151587,66.60199758951582,66.55475007788058,66.518251023079,66.49202555157989,66.47559878985203,66.46849586436427,66.4702419015854,66.48036202798426,66.49838137002963,66.52382505419035,66.55621820693524,66.5950859547331,66.63995342405273,66.69034574136296,66.74578803313261,66.8058054258305,66.86992304592542,66.9376660198862,67.00855947418165,67.08212853528057,67.15789832965181,67.23539398376415,67.31414062408642,67.39366337708744,67.47349322654418,67.55335466434101,67.63320539000286,67.71301698704441,67.79276103898037,67.87240912932543,67.95193284159429,68.03130375930164,68.11049346596216,68.18947354509058,68.26821558020157,68.34669115480985,68.42487185243007,68.50272925657698,68.58023495076525,68.65736051850956,68.73407754332463,68.81035760872514,68.8861722982258,68.96149319534129,69.03629188358633,69.11053994647558,69.18420896752376,69.25727053024556,69.32969621815568,69.40145761476882,69.47253910328014,69.54300405750571,69.61294595421384,69.68245832943062,69.75163471918215,69.82056865949451,69.88935368639383,69.95808333590618,70.02685114405766,70.09575064687436,70.1648753803824,70.23431888060786,70.30417468357682,70.3745363253154,70.4454973418497,70.5171512692058,70.5895916434098,70.6629120004878,70.73720587646588,70.81256680737016,70.88908832922674,70.96686397806168,71.0459872899011,71.1265518007711,71.20865104669777,71.2923776535567,71.3777449503596,71.46462655801375,71.5528818763246,71.6423703050976,71.73295124413819,71.8244840932518,71.91682825224386,72.00984312091984,72.10338809908515,72.19732258654525,72.2915059831056,72.3857976885716,72.48005710274872,72.57414362544239,72.66791665645805,72.76123559560114,72.85395984267711,72.9459487974914,73.03706185984943,73.12715842955667,73.21609790641855,73.30373969024052,73.38994318082798,73.47456777798644,73.55747288152128,73.6385414064867,73.71788728174045,73.7957555571672,73.87239278762756,73.94804552798216,74.02296033309158,74.09738375781644,74.17156235701734,74.24574268555487,74.32017129828967,74.39509475008232,74.47075959579344,74.54741239028363,74.62529968841349,74.70466804504363,74.78576401503467,74.8688341532472,74.95412501454184,75.0418831537792,75.13235512581984,75.22578748552442,75.32242678775353,75.42251958736777,75.52631243922775,75.63405189819407,75.7459841419573,75.86216374581258,75.98214251735239,76.10539079543416,76.23137891891533,76.35957722665331,76.48945605750554,76.62048575032944,76.75213664398244,76.88387907732196,77.01518338920545,77.14551991849032,77.27435900403401,77.40117098469393,77.52542619932753,77.64659498679222,77.76414768594545,77.87755463564463,77.98628617474719,78.08981264211056,78.18760437659216,78.27913171704944,78.36386500233981,78.4412745713207,78.51083076284954,78.57200391578377,78.62422050314952,78.66617018908804,78.69593125771699,78.7115634872565,78.71112665592669,78.69268054194765,78.6542849235395,78.59399957892234,78.50988428631628,78.39999882394144,78.26240297001794,78.09515650276586,77.89631920040534,77.66395084115646,77.39611120323936,77.09086006487411,76.74625720428085,76.36036239967969,75.93123542929074,75.45693607133408,74.93552410402985,74.36505930559815,73.74360145425906,73.06921032823277,72.33994570573931,71.55386736499882
67.7714282215193,67.54863978606856,67.3524250399519,67.18163040167417,67.03510228974028,66.9116871226551,66.81023131892351,66.72958129705043,66.66858347554073,66.62608427289929,66.600930107631,66.59196739824075,66.59804256323343,66.61800202111392,66.65069219038712,66.6949594895579,66.74965033713116,66.81361115161178,66.88568835150464,66.96472835531465,67.04957758154667,67.13908244870561,67.23208937529634,67.32744477982376,67.42399508079276,67.52058669670821,67.61608177132489,67.70986196406008,67.80193503224281,67.89234600786845,67.98113992293239,68.06836180942999,68.15405669935664,68.2382696247077,68.32104561747857,68.40242970966462,68.48246693326121,68.56120232026373,68.63868090266757,68.71494771246809,68.79004778166068,68.8640261422407,68.93692782620354,69.00879786554458,69.0796812922592,69.14962313834276,69.21866843579065,69.28686221659824,69.35424951276092,69.42087535627405,69.48678477913302,69.55202281333321,69.61663839341308,69.6807045376608,69.74430344256771,69.80751732269252,69.8704283925939,69.93311886683053,69.9956709599611,70.0581668865443,70.12068886113882,70.18331909830331,70.2461398125965,70.30923321857705,70.37268153080365,70.43656696383498,70.50097173222971,70.56597805054658,70.6316681333442,70.69812419518131,70.76542845061657,70.83366311420868,70.90291040051629,70.97325252409813,71.04477169951286,71.11755014131917,71.19167006407574,71.26721315208188,71.3442148907891,71.42262937083522,71.5024023975554,71.58347977628478,71.6658073123585,71.74933081111172,71.83399607787958,71.9197489179972,72.00653513679976,72.0943005396224,72.18299093180025,72.27255211866846,72.36292990556218,72.45407009781657,72.54591850076675,72.63842091974786,72.73152316009508,72.82517102714353,72.91931032622836,73.01388686268471,73.10884644184775,73.2041348690526,73.29969794963439,73.39548148892831,73.4914312922695,73.5875030608602,73.68374971290147,73.7802793459495,73.87720069089595,73.97462247863248,74.07265344005081,74.1714023060426,74.2709778074995,74.37148867531324,74.47304364037545,74.57575143357784,74.67972078581207,74.78506042796981,74.89187909094277,75.00028550562259,75.11038840290097,75.22229651366958,75.3361185688201,75.45196329924421,75.56993943583359,75.69015570947992,75.81272085107486,75.9377435915101,76.06533266167732,76.1955967924682,76.32864418307012,76.46431292690188,76.60173235559175,76.73991695264593,76.8778812015705,77.0146395858717,77.14920658905567,77.28059669462857,77.40782438609659,77.52990414696588,77.64585046074261,77.75467781093295,77.85540068104306,77.94703355457912,78.02859091504729,78.09908724595374,78.15753703080463,78.20295475310614,78.23435489636444,78.25075194408566,78.25116037977601,78.23459468694165,78.20006934908872,78.14659884972342,78.0731976723519,77.97888030048033,77.86277684605317,77.72595961743927,77.57111249436612,77.40096813730864,77.21825920674173,77.02571836314031,76.82607826697928,76.62207157873353,76.41643095887802,76.21188906788763,76.01117856623722,75.81703211440177,75.63218237285614,75.45936200207527,75.30130366253404,75.16074001470737,75.04040371907017,74.94302743609735,74.87134382626381,74.82808555004446,74.81598526791421,74.83777564034799,74.89618932782066,74.99395899080716,75.13381728978239,75.31849688522126
67.70036459930309,67.55739773861927,67.43289360782815,67.32605607137495,67.2360889937049,67.16219623926322,67.10358167249517,67.05944915784598,67.02900255976085,67.01144574268505,67.00598257106381,67.01181690934234,67.0281526219659,67.05419357337969,67.08914362802898,67.13220665035898,67.18258650481492,67.23948705584205,67.3021121678856,67.36966570539079,67.44135153280286,67.51637351456704,67.59393551512856,67.67324139893266,67.75349503042459,67.83390027404955,67.91367242420905,67.99240438719306,68.07014415088351,68.14696679639205,68.22294740483031,68.29816105730993,68.37268283494254,68.44658781883975,68.51995109011322,68.59284772987456,68.66535281923542,68.73754143930744,68.80948867120222,68.8812695960314,68.95295929490663,69.02463284893953,69.09636533924174,69.16823184692488,69.2403074531006,69.31266723888051,69.38538628537626,69.45853967369948,69.53220248496177,69.60644980027482,69.6813567007502,69.75699826749958,69.83343570664155,69.91064459760146,69.9885678878766,70.06714846072816,70.14632919941737,70.22605298720538,70.30626270735343,70.3869012431227,70.4679114777744,70.54923629456971,70.63081857676987,70.71260120763603,70.79452707042942,70.87653904841123,70.95858002484268,71.04059288298492,71.1225205060992,71.2043057774467,71.28589158028863,71.36722079788616,71.44823631350053,71.52888101039291,71.60909777182451,71.68882948105652,71.76801902135014,71.84661005607506,71.9246142155514,72.00216287674945,72.07939960583438,72.15646796897131,72.23351153232541,72.3106738620618,72.38809852434566,72.46592908534211,72.54430911121631,72.6233821681334,72.70329182225854,72.78418163975684,72.86619518679349,72.94947602953361,73.03416773414237,73.1204138667849,73.20835799362635,73.29814368083186,73.38991449456658,73.48381400099566,73.57998576628425,73.6785733565975,73.77972033810052,73.88357027695851,73.99026673933659,74.09993231424761,74.2124835111602,74.32771987094179,74.44543959192204,74.5654408724306,74.68752191079714,74.81148090535135,74.93711605442284,75.06422555634133,75.19260760943645,75.32206041203789,75.45238216247527,75.58337105907829,75.71482530017663,75.8465430840999,75.97832260917782,76.10996207374002,76.24125967611617,76.37201361463596,76.50202208762902,76.63108329342502,76.75899543035364,76.88555669674452,77.01056529092735,77.13381941123178,77.25511713345043,77.37419428455293,77.49062334961712,77.60395034571742,77.7137212899282,77.81948219932383,77.92077909097873,78.01715798196723,78.10816488936378,78.19334583024273,78.27224682167846,78.34441388074538,78.40939302451787,78.4667302700703,78.51597163447705,78.55666313481255,78.58835078815113,78.61058061156722,78.62289862213518,78.62485083692941,78.61598327302428,78.5958419474942,78.56397287741352,78.51992207985666,78.463235571898,78.3934593706119,78.3102076080738,78.21423853551694,78.10725975700137,77.99100761260323,77.86721844239858,77.73762858646356,77.60397438487426,77.4679921777068,77.33141830503729,77.19598910694182,77.0634409234965,76.93551009477746,76.81393296086077,76.70044586182257,76.59678513773896,76.50468712868604,76.42588817473992,76.36212461597671,76.31513279247253,76.28664904430345,76.2784097115456,76.2921511342751,76.32960965256804,76.39252160650052,76.48262333614868,76.6016511815886
67.52007221557838,67.35654516089409,67.21331214198023,67.08953847079769,66.9843894593074,66.89703041947024,66.82662666324715,66.77234350259903,66.7333462494868,66.70880021587134,66.69787071371357,66.69972305497443,66.7135225516148,66.73843451559559,66.7736242588777,66.81825709342209,66.87149833118963,66.93251328414124,67.00046726423781,67.07452558344029,67.15385355370955,67.23761648700652,67.32497969529211,67.41510849052722,67.50716818467278,67.60032408968968,67.69375162735912,67.78696021797006,67.87986180243442,67.9723922856827,68.06448757264536,68.1560835682529,68.24711617743574,68.33752130512437,68.42723485624927,68.5161927357409,68.60433084852973,68.69158509954623,68.77789139372086,68.8631856359841,68.94740373126642,69.03048158449829,69.11235510061016,69.19296018453252,69.27223274119584,69.35010867553058,69.42652389246719,69.50141429693618,69.574715793868,69.6463642881931,69.71629568484198,69.7844458887451,69.85078138477448,69.91545737568222,69.9787009837126,70.0407394726837,70.1018001064136,70.1621101487204,70.22189686342217,70.28138751433698,70.34080936528295,70.40038968007812,70.46035572254061,70.52093475648847,70.5823540457398,70.64484085411269,70.70862244542519,70.77392608349543,70.84097903214146,70.91000855518136,70.98124191643322,71.05490637971515,71.13122920884518,71.21043766764146,71.292759019922,71.37842052950492,71.46764946020832,71.56067115867484,71.65754393763979,71.75803182341343,71.86186888644029,71.96878919716485,72.07852682603166,72.19081584348521,72.30539031997002,72.42198432593058,72.54033193181144,72.6601672080571,72.78122422511208,72.9032370534209,73.02593976342804,73.14906642557804,73.27235111031541,73.39552788808467,73.51833082933031,73.64049400449687,73.76175148402885,73.88183733837076,74.00048563796713,74.11743045326247,74.23240585470128,74.34514591272807,74.4553846977874,74.56288474379639,74.66768820982774,74.76999596727771,74.87001070920485,74.96793512866762,75.06397191872456,75.15832377243419,75.25119338285504,75.34278344304562,75.43329664606442,75.52293568497,75.61190325282084,75.70040204267546,75.78863474759241,75.87680406063018,75.96511267484729,76.05376328330226,76.14295857905358,76.23290125515983,76.32379400467948,76.41583952067104,76.50924049619306,76.60419962430402,76.70091959806248,76.7996031105269,76.90045228106337,77.00337779325034,77.10752559857028,77.21191773092676,77.31557622422329,77.41752311236343,77.51678042925067,77.61237020878858,77.7033144848807,77.78863529143052,77.86735466234161,77.9384946315175,78.0010772328617,78.05412450027778,78.09665846766924,78.12770116893964,78.14627463799249,78.15140090873133,78.1421020150597,78.11739999088115,78.07631687009918,78.01787468661735,77.94109547433916,77.84500126716819,77.72861409900793,77.59095600376196,77.4312504604407,77.25210459633519,77.05893317991433,76.85723596430155,76.65251270262023,76.45026314799378,76.2559870535456,76.07518417239909,75.91335425767767,75.77599706250473,75.66861234000368,75.59669984329791,75.56575932551084,75.58129053976586,75.64879323918638,75.7737671768958,75.96171210601756,76.218127779675,76.54851395099152,76.9583703730906,77.4531967990956,78.03849298212991,78.71975867531695,79.5024936317801,80.3921976046428,81.39437034702846
67.2124772132955,67.09928549018096,67.00162455089591,66.91885770465164,66.85034826065944,66.7954595281306,66.7535548162764,66.72399743430816,66.70615069143712,66.69937789687458,66.70304235983185,66.7165073895202,66.73913629515093,66.7702923859353,66.80933897108463,66.8556393598102,66.90855686132328,66.96745478483518,67.03169643955718,67.10064513470056,67.17366417947662,67.25011688309662,67.3293665547719,67.41077650371369,67.49371003913332,67.57753047024207,67.6616092268831,67.74558602051633,67.82942388405675,67.91310509932462,67.99661194814018,68.0799267123237,68.16303167369539,68.2459091140755,68.3285413152843,68.41091055914201,68.49299912746889,68.57478930208518,68.65626336481114,68.737403597467,68.818192281873,68.8986116998494,68.97864413321645,69.05827186379437,69.13747717340344,69.21624234386388,69.29454965699595,69.37238139461988,69.44971983855594,69.52654727062435,69.60284597264537,69.67859822643923,69.75379373372593,69.82846798662509,69.90267392776126,69.97646453411035,70.04989278264833,70.1230116503511,70.19587411419461,70.26853315115477,70.34104173820754,70.41345285232883,70.48581947049459,70.55819456968074,70.63063112686321,70.70318211901792,70.77590052312084,70.84883931614787,70.92205147507495,70.99558997687801,71.06950779853298,71.14385791701581,71.2186933093024,71.29406695236871,71.37003182319064,71.44664089874415,71.52394715600518,71.60200332900702,71.68084098540811,71.76045440117622,71.84083405630088,71.92197043077155,72.00385400457778,72.08647525770903,72.16982467015481,72.25389272190463,72.338669892948,72.4241466632744,72.51031351287335,72.59716092173434,72.68467936984688,72.77285933720044,72.86169130378457,72.95116574958874,73.04127315460246,73.13200399881522,73.22334876221655,73.31529792479591,73.40784196654285,73.50097136744682,73.59467660749735,73.68894816668394,73.7837765249961,73.87915582766314,73.97511622723067,74.07170831362158,74.1689829113342,74.26699084486677,74.3657829387176,74.46541001738495,74.56592290536712,74.66737242716239,74.76980940726902,74.87328467018533,74.97784904040958,75.08355334244006,75.19044840077504,75.29858503991281,75.40801408435166,75.51878635858988,75.63095268712571,75.74456389445749,75.85967080508345,75.9763242435019,76.09457503421113,76.21447400170942,76.33607197049503,76.45941976506626,76.58456778442346,76.71135027461852,76.83903429296262,76.96679498921405,77.09380751313108,77.21924701447202,77.34228864299513,77.46210754845869,77.57787888062101,77.68877778924035,77.79397942407502,77.89265893488329,77.98399147142344,78.06715218345376,78.14131622073255,78.20565873301807,78.25935487006862,78.30157978164247,78.33150861749793,78.34831652739327,78.35117866108676,78.33927016833671,78.31176619890141,78.26784190253912,78.20667242900812,78.12743292806672,78.02940389276418,77.91363525424028,77.78264516575273,77.63899622226015,77.48525101872114,77.32397215009428,77.15772221133817,76.98906379741143,76.82055950327265,76.6547719238804,76.49426365419332,76.34159728916997,76.19933542376897,76.07004065294893,75.95627557166841,75.86060277488605,75.78558485756042,75.73378441465013,75.70776404111376,75.71008633190995,75.74331388199725,75.81000928633428,75.91273513987964,76.05405403759192,76.23652857442973,76.46272134535167
66.91467085134487,66.86646460414121,66.82797603718545,66.7987739351271,66.77842708261572,66.76650426430082,66.76257426483197,66.76620586885868,66.7769678610305,66.79442902599698,66.81815814840762,66.847724012912,66.88269540415963,66.92264110680007,66.96712990548284,67.0157305848575,67.06801192957354,67.12354272428055,67.18189175362804,67.24262780226556,67.30531965484263,67.36953609600882,67.43484591041363,67.50081788270663,67.56702079753732,67.63302343955529,67.69840157155288,67.76296149348629,67.82678733877698,67.88997978162949,67.95263949624837,68.01486715683815,68.07676343760335,68.13842901274852,68.19996455647819,68.26147074299689,68.32304824650917,68.38479774121956,68.44681990133257,68.50921540105278,68.57208491458469,68.63552911613286,68.69964867990181,68.76454428009608,68.83031659092019,68.89706628657869,68.96489404127612,69.03390052921701,69.1041864246059,69.1758524016473,69.24899913454578,69.32372729750585,69.40011743382914,69.4781258530505,69.55766151980346,69.63863330552296,69.72095008164388,69.80452071960114,69.88925409082967,69.97505906676433,70.06184451884006,70.14951931849178,70.23799233715438,70.32717244626276,70.41696851725186,70.50728942155656,70.59804403061179,70.68914121585243,70.78048984871343,70.87199880062965,70.96357694303605,71.0551331473675,71.14657628505893,71.23781522754524,71.32875884626134,71.41931601264213,71.50939559812252,71.59890714701008,71.68781882763972,71.7762020942943,71.86413891489143,71.9517112573487,72.03900108958373,72.12609037951412,72.21306109505745,72.29999520413136,72.38697467465342,72.47408147454125,72.56139757171246,72.64900493408463,72.73698552957538,72.8254213261023,72.91439429158301,73.00398639393511,73.09427960107621,73.18535588092388,73.27729720139575,73.37018553040943,73.46410283588251,73.55913108573259,73.65535224787727,73.75284829023417,73.8517011807209,73.95198516044547,74.05369856233888,74.15679663464199,74.26123413107989,74.36696580537765,74.47394641126033,74.582130702453,74.69147343268074,74.80192935566862,74.9134532251417,75.02599979482507,75.13952381844378,75.25398004972291,75.36932324238755,75.48550815016273,75.60248952677355,75.72022212594509,75.83866070140239,75.95776000687054,76.0774747960746,76.19775982273967,76.3185698405908,76.43985960335304,76.5615838647515,76.68369737851121,76.80615463909805,76.92877843729036,77.05104597131646,77.17237843941155,77.29219703981083,77.40992297074952,77.52497743046283,77.63678161718596,77.74475672915412,77.84832396460251,77.94690452176637,78.03991959888086,78.12679039418123,78.20693810590267,78.27978393228037,78.34474907154956,78.40125472194545,78.44872208170322,78.48657234905812,78.51422672224534,78.53110639950006,78.53663257905752,78.53022645915293,78.51130923802148,78.47930211389838,78.43362628501886,78.37376937189052,78.30033468162809,78.21485128176819,78.11887626174362,78.01396671098716,77.9016797189316,77.78357237500974,77.66120176865435,77.53612498929824,77.40989912637421,77.28408126931502,77.16022850755348,77.03989793052239,76.92464662765451,76.81603168838267,76.71561020213963,76.62493925835818,76.54557594647113,76.47907735591127,76.42700057611138,76.39090269650426,76.37234080652269,76.37287199559947,76.39405335316738,76.43744196865921,76.50459493150778
66.52840994494204,66.44185908121977,66.37029908635283,66.31307181649485,66.26951912779947,66.23898287642032,66.22080491851105,66.2143271102253,66.21889130771669,66.23383936713887,66.25851314464546,66.29225449639014,66.3344052785265,66.38430734720822,66.44130255858892,66.50473276882221,66.57393983406178,66.64826561046122,66.7270519541742,66.80964072135434,66.8953737681553,66.98359295073068,67.07364012523416,67.16485714781935,67.2565858746399,67.34816816184943,67.4389549898968,67.52859877890913,67.61711523113703,67.70454167679014,67.79091544607807,67.87627386921044,67.96065427639684,68.04409399784689,68.12663036377022,68.20830070437644,68.28914234987516,68.369192630476,68.44848887638855,68.52706841782245,68.6049685849873,68.68222670809274,68.75888011734835,68.83496614296376,68.9105221151486,68.98558536411244,69.06019322006493,69.13438301321568,69.2081920737743,69.28165773195039,69.35481731795359,69.4277081619935,69.5003672949531,69.5728299004821,69.64513045825831,69.71730344657375,69.78938334372052,69.8614046279906,69.93340177767607,70.00540927106896,70.0774615864613,70.14959320214517,70.22183859641258,70.2942322475556,70.36680863386624,70.43960223363658,70.51264752515863,70.58597898672446,70.65963109662609,70.73363833315558,70.80803517460497,70.8828560992663,70.95813558543162,71.03390811139296,71.11020815544238,71.1870701958719,71.26452871097358,71.34261823798124,71.42137844943072,71.50085806542012,71.58110672701274,71.66217407527192,71.74410975126095,71.82696339604315,71.91078465068185,71.99562315624033,72.08152855378194,72.16855048436996,72.25673858906772,72.34614250893854,72.43681188504571,72.52879635845257,72.62214557022241,72.71690916141857,72.81313677310435,72.91087804634304,73.01018262219799,73.11110014173249,73.21368024600986,73.31797257609342,73.42402677304646,73.53189247793233,73.64161933181431,73.75323506055956,73.86655209514808,73.98126066742606,74.09704960666713,74.21360774214487,74.33062390313296,74.44778691890498,74.56478561873459,74.68130883189538,74.797045387661,74.91168411530506,75.02491384410119,75.13642340332301,75.24590162224416,75.35303733013824,75.45751935627888,75.55903652993972,75.65727768039436,75.75193163691645,75.8426872287796,75.92923328525742,76.01125863562356,76.08845210915163,76.16050253511527,76.22709874278807,76.28792985705176,76.3428351716861,76.39204802602438,76.43586561074238,76.47458511651588,76.50850373402065,76.53791865393246,76.56312706692711,76.58442616368036,76.60211313486798,76.61648517116576,76.62783946324947,76.63647320179489,76.64268357747778,76.64676778097395,76.64902300295914,76.64974643410915,76.64923526509975,76.64778668660672,76.64569788930584,76.64326606387287,76.6407884009836,76.6385620913138,76.63688432553926,76.63605229433574,76.63636318837902,76.63810024290153,76.64131228529801,76.6458536389714,76.65157273987198,76.65831802395,76.66593792715577,76.67428088543952,76.68319533475153,76.6925297110421,76.70213245026147,76.71185198835994,76.72153676128777,76.73103520499521,76.74019575543255,76.74886684855007,76.75689692029805,76.76413440662672,76.7704277434864,76.77562536682731,76.77957571259977,76.78212721675402,76.78312831524035,76.78242744400902,76.77987303901031,76.77531353619449,76.76859737151183
67.62955278697328,67.40544918209261,67.20686709333982,67.03274307425953,66.88201367839639,66.75361545929502,66.64648497050007,66.55955876555618,66.49177339800798,66.44206542140012,66.40937138927724,66.39262785518396,66.39077137266493,66.40273849526479,66.42746577652818,66.46388976999972,66.51094702922408,66.56757410774588,66.63270755910976,66.70528393686035,66.78423979454232,66.86851168570027,66.95703616387884,67.0487497826227,67.14258909547647,67.23749065598479,67.33240471666588,67.42673410353572,67.52042706470677,67.61346431993259,67.70582658896673,67.79749459156278,67.88844904747428,67.9786706764548,68.06814019825791,68.15683833263714,68.24474579934608,68.33184331813827,68.41811160876728,68.50353139098668,68.58808338455002,68.67174830921087,68.75450688472279,68.83633983083932,68.91722786731405,68.99715171390052,69.0760920903523,69.15402971642297,69.23094531186605,69.30681959643513,69.38163328988377,69.45536711196551,69.52801644406563,69.59966714884268,69.67043957094091,69.74045412288247,69.8098312171895,69.87869126638414,69.94715468298854,70.01534187952485,70.08337326851522,70.1513692624818,70.21945027394673,70.28773671543216,70.35634899946025,70.42540753855313,70.49503274523295,70.56534503202187,70.63646481144201,70.70851249601556,70.78160849826463,70.8558732307114,70.93142710587797,71.00839053628654,71.08688393445924,71.1670277129182,71.24894228418559,71.33274695744083,71.41846491312933,71.5059499685898,71.59503870143101,71.68556768926173,71.77737350969076,71.87029274032687,71.96416195877885,72.05881774265545,72.15409666956548,72.2498353171177,72.34587026292091,72.44203808458387,72.53817535971537,72.63411866592419,72.72970458081912,72.8247696820089,72.91915054710236,73.01268375370825,73.10520587943535,73.19655350189245,73.28656319868833,73.37507154743176,73.46191512573151,73.5469305111964,73.62995428143516,73.71084977769752,73.78974326724152,73.86691025138694,73.94262794432659,74.01717356025328,74.09082431335982,74.16385741783901,74.23655008788366,74.30917953768659,74.38202298144058,74.45535763333848,74.52946070757307,74.60460941833713,74.68108097982353,74.75915260622504,74.83910151173447,74.92120491054465,75.00574001684834,75.09298404483839,75.1832142087076,75.27670772264877,75.3737418008547,75.47459365751823,75.57954050683213,75.68885956298922,75.80282745043193,75.92142120040596,76.04383170689077,76.16912247778222,76.29635702097615,76.42459884436839,76.55291145585478,76.68035836333115,76.80600307469338,76.92890909783725,77.04813994065863,77.16275911105338,77.27183011691729,77.37441646614624,77.46958166663605,77.55638922628256,77.63390265298162,77.70118545462907,77.75730113912073,77.80131321435245,77.83228518822007,77.84928056861942,77.85136286344635,77.83759558059671,77.80704222796632,77.75876631345102,77.69192682039194,77.60728642125038,77.50693847750634,77.39301662934338,77.26765451694497,77.13298578049468,76.991144060176,76.84426299617245,76.69447622866755,76.54391739784484,76.39472014388782,76.24901810698002,76.10894492730495,75.97663424504613,75.85421970038709,75.74383493351134,75.6476135846024,75.5676892938438,75.50619570141905,75.46526644751167,75.44703517230518,75.4536355159831,75.48720111872895,75.54986562072625,75.64376266215852,75.77102588320928
67.28962081519191,67.26049603911872,67.23580848931536,67.21547059938987,67.19939480295034,67.18749353360482,67.17967922496132,67.17586431062796,67.17596122421276,67.17988239932379,67.1875402695691,67.19884726855676,67.21371582989482,67.23205838719136,67.25378737405438,67.278815224092,67.30705437091225,67.33841724812319,67.37281628933286,67.41016392814936,67.4503725981807,67.49335473303498,67.53902276632022,67.5872891316445,67.6380662626159,67.69126659284242,67.74680235707001,67.80457922022879,67.86449492958963,67.92644676104649,67.99033199049336,68.05604789382423,68.12349174693307,68.19256082571385,68.26315240606056,68.33516376386714,68.40849217502759,68.48303491543587,68.558689260986,68.63535248757188,68.71292187108756,68.79129468742696,68.8703682124841,68.95003972215292,69.03020649232741,69.11076579890153,69.1916149177693,69.27265112482465,69.35377169596157,69.43487390707404,69.51585503405602,69.59661235280149,69.6770532495139,69.75714750411211,69.836888674465,69.91627036524844,69.99528618113834,70.07392972681055,70.15219460694098,70.2300744262055,70.30756278928001,70.38465330084037,70.46133956556247,70.5376151881222,70.61347377319544,70.68890892545804,70.76391424958595,70.83848335025499,70.9126098321411,70.9862872999201,71.05950935826792,71.13226961186044,71.20456166537352,71.27637912348303,71.34771559086491,71.418564672195,71.48891997214918,71.55877574325794,71.62818268238158,71.6972909320578,71.76626075755198,71.83525242412952,71.90442619705584,71.97394234159634,72.0439611230164,72.11464280658143,72.18614765755686,72.2586359412081,72.3322679228005,72.40720386759949,72.48360404087049,72.56162870787887,72.64143813389006,72.72319258416945,72.80705232398245,72.89317761859445,72.98172873327087,73.07286593327709,73.16674948387853,73.26353965034062,73.36339669792869,73.46648089190822,73.57295249754458,73.68294299640161,73.7963010989591,73.91271501777706,74.0318711232585,74.15345578580647,74.27715537582401,74.40265626371419,74.52964481988008,74.65780741472469,74.78683041865108,74.9164002020623,75.04620313536142,75.17592558895149,75.30525393323552,75.4338745386166,75.56147377549777,75.68773801428208,75.81235362537257,75.93500697917233,76.05538444608433,76.17317239651172,76.28805720085748,76.39972522952468,76.50786285291636,76.61215644143559,76.71229240419709,76.80797681584352,76.8989673536725,76.9850300567023,77.0659309639511,77.14143611443711,77.2113115471785,77.27532330119354,77.33323741550038,77.38481992911727,77.42983688106239,77.46805431035395,77.49923825601016,77.52315475704924,77.53956985248936,77.54824958134876,77.54895998264564,77.54146709539819,77.52553695862463,77.50093561134318,77.46742909257202,77.42478344132937,77.37276469663342,77.31113889750242,77.23967208295454,77.15813029200797,77.06633638315174,76.96506760442313,76.85589312523348,76.74040608570837,76.62019962597336,76.49686688615401,76.37200100637594,76.2471951267647,76.12404238744585,76.00413592854497,75.88906889018764,75.78043441249946,75.67982563560597,75.58883569963274,75.50905774470536,75.4420849109494,75.38951033849042,75.35292716745403,75.33392853796576,75.33410759015123,75.355057464136,75.3983713000456,75.46564223800564,75.55846341814171,75.67842798057936,75.82712906544415
67.23646837756309,67.02005060765924,66.83068563780822,66.66718531245183,66.52836147603182,66.41302597299,66.31999064776811,66.24806734480795,66.1960679085513,66.1628041834399,66.14708801391558,66.14773124442009,66.1635457193952,66.1933432832827,66.23593578052436,66.29013505556196,66.35475295283727,66.42860131679208,66.51049199186815,66.5992368225073,66.69364765315123,66.79253632824177,66.8947146922207,66.99899458952977,67.1041878646108,67.2091063619055,67.31257854673672,67.41398198908882,67.5133560162459,67.6107793531358,67.70633072468647,67.8000888558258,67.89213247148169,67.98254029658204,68.07139105605481,68.15876347482782,68.24473627782905,68.32938818998639,68.41279793622775,68.495044241481,68.57620583067407,68.6563614287349,68.73558976059135,68.81396955117134,68.89157952540279,68.9684984082136,69.04480492453169,69.12057779928494,69.19589575740127,69.27083752380858,69.34548182343482,69.41990738120782,69.49418892420769,69.56837650761057,69.64251078424672,69.71663238843789,69.79078195450577,69.86500011677205,69.93932750955844,70.01380476718663,70.08847252397834,70.16337141425527,70.23854207233916,70.31402513255165,70.38986122921449,70.46609099664937,70.54275506917801,70.61989408112208,70.69754866680333,70.77575946054344,70.85456709666411,70.93401220948704,71.01413543333396,71.09497740252655,71.17657875138653,71.25898011423561,71.34222212539547,71.42634534818896,71.51138416016252,71.59736204053635,71.6843013591733,71.77222448593625,71.86115379068801,71.95111164329151,72.04212041360958,72.13420247150506,72.22738018684086,72.32167592947982,72.41711206928483,72.51371097611872,72.61149501984437,72.71048657032463,72.81070799742238,72.91218167100047,73.01492996092176,73.11897523704914,73.22433986924545,73.33104622737358,73.43911668129635,73.54857360087667,73.65943935597736,73.77173631646133,73.8854868521914,74.00069289456431,74.11715558748537,74.23456210997264,74.35259833298238,74.47095012747081,74.5893033643942,74.70734391470876,74.82475764937075,74.94123043933644,75.05644815556204,75.17009666900378,75.28186185061796,75.39142957136076,75.49848570218845,75.60271611405727,75.70380667792347,75.80144326474326,75.89531174547292,75.98509799106873,76.07048787248684,76.15116726068354,76.22682202661508,76.2971380412377,76.36180117550762,76.42049730038113,76.47291265549191,76.51892076864942,76.55888661478534,76.59325480317378,76.62246994308882,76.64697664380458,76.66721951459516,76.68364316473463,76.69669220349715,76.70681124015675,76.71444488398757,76.72003774426372,76.72403443025928,76.72687955124837,76.72901771650507,76.7308935353035,76.73295161691772,76.73563657062186,76.73939300569006,76.74466553139635,76.75189875701486,76.7615372918197,76.77402574508497,76.78980872608477,76.80933084409318,76.8330367083843,76.86135555762098,76.89445845222954,76.9323022247415,76.97483722321178,77.02201379569522,77.07378229024675,77.13009305492125,77.1908964377736,77.2561427868587,77.32578245023146,77.39976577594672,77.4780431120594,77.5605648066244,77.64728120769655,77.73814266333082,77.83309952158206,77.93210213050517,78.03510083815502,78.14204599258653,78.25288794185454,78.367577034014,78.48606361711975,78.60829803922672,78.73423064838977,78.86381179266382,78.99699182010372
66.9294964327546,66.87744050063066,66.8348266119398,66.80130204814151,66.77651409069517,66.76011002106029,66.75173712069628,66.75104267106258,66.75767395361868,66.77127824982398,66.79150284113794,66.81799500902002,66.85040203492966,66.8883712003263,66.9315497866694,66.97958507541836,67.03212434803268,67.0888148859718,67.14930397069514,67.21323888366217,67.28026690633232,67.35003532016503,67.42219140661979,67.49638244715598,67.5722557232331,67.64945851631057,67.72764171536852,67.80657539118124,67.88617324729069,67.96635753839891,68.047050519208,68.12817444441998,68.20965156873697,68.291404146861,68.37335443349411,68.45542468333844,68.53753715109599,68.61961409146883,68.70157775915905,68.7833504088687,68.86485429529986,68.94601167315457,69.02674479713491,69.10697592194293,69.18662730228073,69.26562119285035,69.34387984835385,69.42132552349332,69.49788047297079,69.57346695148834,69.64800721374803,69.72142351445194,69.79365470362504,69.8647420459472,69.93476583583916,70.00380644455194,70.0719442433365,70.13925960344383,70.20583289612495,70.27174449263077,70.33707476421236,70.40190408212064,70.46631281760659,70.53038134192124,70.59419002631552,70.65781924204046,70.72134936034703,70.7848607524862,70.84843378970896,70.9121488432663,70.97608628440918,71.04032648438863,71.10494981445558,71.17003664586105,71.23566734985599,71.30192229769142,71.3688818606183,71.43662637538401,71.5052331726082,71.57477428660525,71.64532121257048,71.71694544569922,71.78971848118681,71.86371181422857,71.93899694001982,72.01564535375587,72.09372855063211,72.17331802584383,72.25448527458636,72.33730179205506,72.4218390734452,72.50816861395214,72.59636190877123,72.6864904530978,72.77862574212713,72.8728392710546,72.96920253507551,73.06778702938519,73.16866424917899,73.27190568965224,73.37758284600022,73.48576721341834,73.59653028710187,73.70992311947768,73.82579593321509,73.94388496210644,74.06392513160688,74.18565136717146,74.30879859425539,74.43310173831378,74.55829572480175,74.68411547917444,74.81029592688694,74.93657199339444,75.06267860415204,75.18835068461487,75.31332316023807,75.43733095647679,75.56010899878609,75.68139221262119,75.80091552343715,75.91841385668913,76.03362213783227,76.1462752923217,76.25610824561251,76.3628559231599,76.46625325041894,76.56603515284478,76.66193672406716,76.75377849041675,76.84160515497703,76.92549774654674,77.00553729392468,77.08180482590964,77.15438137130036,77.22334795889569,77.28878561749437,77.35077537589518,77.40939826289693,77.46473530729841,77.51686753789838,77.56587598349563,77.61184167288894,77.65484563487712,77.69496889825894,77.73229249183316,77.76689744439861,77.79886478475404,77.82827554169825,77.85521074402999,77.8797514205481,77.90197860005134,77.92197331133849,77.93981658320834,77.9555696788592,77.96896186116925,77.97944690996019,77.98647026644107,77.98947737182101,77.98791366730902,77.98122459411417,77.96885559344548,77.9502521065121,77.92485957452297,77.89212343868724,77.85148914021391,77.80240212031208,77.74430782019078,77.67665168105907,77.59887914412602,77.51043565060067,77.41076664169208,77.29931755860932,77.17553384256146,77.03886093475751,76.88874427640656,76.72462930871767,76.54596147289989,76.35218621016226,76.14274896171385
66.87904259341147,66.73580501842785,66.61451392500014,66.51414328155056,66.43366705650132,66.37205921827467,66.3282937352928,66.30134457597795,66.29018570875235,66.2937911020382,66.31113472425773,66.34119054383316,66.38293252918672,66.43533464874064,66.49737087091711,66.56801516413839,66.64624149682666,66.7310238374042,66.82133615429316,66.91615241591582,67.01444659069438,67.11519264705106,67.21736455340809,67.31993627818767,67.42188178981206,67.52217505670345,67.61980575878025,67.71428263724191,67.80573998359857,67.8943493314254,67.98028221429755,68.06371016579016,68.14480471947839,68.22373740893738,68.30067976774232,68.37580332946833,68.44927962769057,68.5212801959842,68.59197656792438,68.66154027708625,68.73014285704495,68.79795584137567,68.86515076365353,68.93189915745371,68.99837255635134,69.0647424939216,69.13118050373961,69.19785811938054,69.26494687441956,69.3326183024318,69.40104393699241,69.47039531167657,69.54081913678473,69.61230893083437,69.68479983167839,69.75822686224718,69.8325250454711,69.90762940428054,69.98347496160585,70.0599967403774,70.13712976352556,70.21480905398072,70.29296963467323,70.37154652853346,70.45047475849178,70.52968934747857,70.60912531842419,70.68871769425903,70.76840149791343,70.84811175231776,70.92778348040244,71.00735170509778,71.08675144933417,71.16591773604199,71.2447855881516,71.32329002859336,71.40136608029768,71.47894930892578,71.55602256556874,71.63265201051091,71.708912284207,71.78487802711174,71.86062387967985,71.936224482366,72.01175447562491,72.08728849991131,72.1629011956799,72.23866720338538,72.31466116348246,72.39095771642586,72.46763150267029,72.54475716267044,72.62240933688105,72.7006626657568,72.77959178975242,72.8592713493226,72.93977598492206,73.02118033700553,73.10355904602768,73.18698675244325,73.27153809670693,73.35728771927344,73.44431026059749,73.53266973436497,73.62232575688496,73.71317868960358,73.80512821385382,73.89807401096859,73.99191576228087,74.08655314912359,74.18188585282972,74.2778135547322,74.37423593616397,74.47105267845801,74.56816346294723,74.66546797096461,74.76286588384309,74.86025688291562,74.95754064951517,75.05461686497465,75.15138521062704,75.24774536780528,75.34359701784233,75.43883984207112,75.53337352182461,75.62709773843576,75.71991217323753,75.81171650756283,75.9024103514132,75.99185707841153,76.07982497735273,76.16606692943769,76.25033581586723,76.33238451784226,76.41196591656362,76.48883289323216,76.56273832904876,76.63343510521428,76.70067610292959,76.76421420339555,76.82380228781302,76.87919323738286,76.93013993330595,76.97639525678315,77.0177120890153,77.0538433112033,77.08454180454797,77.10956045025021,77.12865212951087,77.14156972353082,77.14806611351091,77.14789418065202,77.140806806155,77.12655687122073,77.10493214947232,77.0763064981883,77.04154008778262,77.00150780890986,76.95708455222461,76.90914520838147,76.85856466803504,76.8062178218399,76.75297956045064,76.69972477452185,76.64732835470814,76.59666519166409,76.54861017604429,76.50403819850334,76.46382414969581,76.42884292027632,76.39996940089945,76.37807848221979,76.36404505489195,76.35874400957049,76.36305023691001,76.37783862756514,76.40398407219043,76.44236146144047,76.49384568596989,76.55931163643325
67.4020769226135,67.35117258703548,67.30892830908726,67.2749927597215,67.24901460989085,67.23064253054787,67.21952519264522,67.21531126713555,67.2176494249714,67.22618833710547,67.24057667449034,67.26046310807865,67.28549630882304,67.31532494767609,67.34959769559043,67.38796322351871,67.43007020241356,67.47556730322754,67.52410319691333,67.57532655442353,67.62888604671076,67.68443034472767,67.74160811942684,67.80006804176094,67.85945878268254,67.91942901314428,67.97963240801789,68.0398879568352,68.10021387923979,68.1606402560167,68.22119716795109,68.28191469582805,68.34282292043264,68.40395192255,68.46533178296517,68.5269925824633,68.58896440182946,68.65127732184877,68.7139614233063,68.77704678698714,68.84056349367643,68.90454162415924,68.96901125922065,69.03400247964578,69.09954536621973,69.16566999972758,69.23240646095442,69.29978483068538,69.36783518970552,69.43658761879996,69.5060721987538,69.57631901035214,69.6473521595752,69.71915888011253,69.79171235379769,69.86498573480333,69.9389521773019,70.01358483546596,70.0888568634681,70.16474141548082,70.24121164567663,70.31824070822813,70.39580175730782,70.47386794708825,70.55241243174197,70.6314083654415,70.7108289023594,70.79064719666817,70.87083640254042,70.95136967414862,71.03222016566534,71.11336103126314,71.1947654251145,71.27640650139202,71.3582574142682,71.44029131791561,71.52248136650675,71.60480100882134,71.68724936128626,71.76987076252456,71.85271415439598,71.93582847876016,72.0192626774768,72.10306569240558,72.18728646540615,72.27197393833822,72.35717705306149,72.44294475143562,72.52932597532026,72.61636966657511,72.70412476705988,72.79264021863423,72.88196496315786,72.97214794249041,73.06323809849158,73.15528437302106,73.24833570793851,73.34244104510364,73.43764932637609,73.5340094936156,73.6315704886818,73.73038125343439,73.83049072973304,73.93194303734654,74.03473492382278,74.13883624873074,74.24421656302565,74.35084541766273,74.45869236359721,74.56772695178427,74.67791873317915,74.78923725873707,74.90165207941322,75.01513274616286,75.12964880994116,75.24516982170334,75.36166533240467,75.47910489300028,75.59745805444544,75.71669436769534,75.83678338370521,75.95769465343028,76.07939772782575,76.20186215784682,76.32505749444871,76.44895328858667,76.57351909121587,76.69872445329153,76.82453869039341,76.9508115473628,77.0770790135401,77.20282623716443,77.32753836647484,77.4507005497104,77.57179793511017,77.69031567091321,77.80573890535862,77.9175527866854,78.02524246313268,78.12829308293948,78.22618979434489,78.318417745588,78.4044620849078,78.48380796054343,78.55594052073394,78.62034491371838,78.6765062877358,78.72390979102533,78.76204057182596,78.79038377837679,78.8084245589169,78.81564806168532,78.81153943492114,78.79558382686344,78.76732082365098,78.72720439801907,78.67644725093027,78.61628504933594,78.54795346018756,78.47268815043651,78.3917247870342,78.3062990369321,78.2176465670816,78.12700304443413,78.03560413594113,77.94468550855396,77.85548282922412,77.76923176490297,77.68716798254195,77.61052714909252,77.54054493150605,77.47845699673397,77.42549901172774,77.38290664343873,77.3519155588184,77.33376142481816,77.32967990838944,77.34090667648363,77.36867739605219,77.4142277340465
67.07016568249797,66.96969457691229,66.88527121857672,66.81617936127051,66.76170275877293,66.7211251648632,66.69373033332059,66.67880201792435,66.67562397245374,66.68347995068798,66.70165370640636,66.7294289933881,66.76608956541247,66.81091917625871,66.86320157970607,66.92222052953382,66.9872597795212,67.05760308344745,67.13253419509184,67.2113368682336,67.293294856652,67.37769191412627,67.46381179443568,67.5509382513595,67.63835503867693,67.72534591016726,67.81120500940878,67.8955697281561,67.97849112608925,68.06004489056015,68.14030670892065,68.21935226852267,68.2972572567181,68.37409736085881,68.44994826829672,68.5248856663837,68.59898524247163,68.67232268391243,68.74497367805796,68.81701391226014,68.88851907387084,68.95956485024196,69.03022692872538,69.100580996673,69.17070274143671,69.24066785036841,69.31055201081998,69.38043091014329,69.45038023569026,69.52047567481277,69.59079291486272,69.66140764319198,69.73238413672745,69.80371625528248,69.87537102304123,69.94731541136181,70.01951639160238,70.09194093512104,70.16455601327596,70.2373285974252,70.31022565892695,70.38321416913931,70.4562610994204,70.52933342112837,70.60239810562135,70.67542212425744,70.74837244839478,70.8212160493915,70.89391989860573,70.96645096739559,71.03877622711923,71.11086264913473,71.18267720480027,71.25418686547395,71.32535860251392,71.39615938727829,71.46655619112519,71.53651672001946,71.60607268253754,71.67536854938919,71.74456026951441,71.81380379185315,71.88325506534542,71.95307003893117,72.02340466155042,72.0944148821431,72.16625664964923,72.23908591300876,72.31305862116169,72.38833072304799,72.46505816760764,72.54339690378062,72.6235028805069,72.70553204672647,72.78964035137932,72.8759837434054,72.96471817174472,73.05599958533723,73.14998393312294,73.2468271640418,73.3466852270338,73.44971407103893,73.55606964499715,73.66587996182132,73.7789985908937,73.89512333030927,74.01395019025728,74.13517518092692,74.25849431250747,74.38360359518812,74.51019903915812,74.63797665460673,74.76663245172314,74.89586244069662,75.02536263171638,75.15482903497164,75.28395766065168,75.41244451894569,75.53998562004293,75.66627697413261,75.79101459140398,75.91389448204627,76.03461265624871,76.15286512420055,76.268347896091,76.38075698210929,76.48978839244468,76.59513813728638,76.69650237670588,76.7936534109543,76.88656333331326,76.97523661162896,77.05967771374756,77.13989110751527,77.21588126077826,77.28765264138272,77.35520971717487,77.41855695600086,77.4776988257069,77.53263979413916,77.58338432914384,77.62993689856714,77.67230197025522,77.71048401205428,77.74448749181052,77.77431687737011,77.79997663657925,77.82147123728413,77.83880514733093,77.85198283456583,77.86100876683504,77.86588741198474,77.8666232378611,77.86322071231034,77.85568066861498,77.84394289074643,77.82789650594536,77.80742910812087,77.78242829118211,77.7527816490382,77.71837677559824,77.67910126477138,77.63484271046673,77.58548870659342,77.53092684706058,77.47104472577735,77.4057299366528,77.33487007359612,77.25835273051639,77.17606550132274,77.08789597992431,76.9937317602302,76.89346043614958,76.78696960159154,76.67414685046519,76.55487977667968,76.42905597414415,76.29656303676768,76.15728855845943,76.0111201331285
66.86289843265175,66.80312144866019,66.7539369746535,66.71491961371223,66.6856439689169,66.6656846433481,66.65461624008643,66.65201336221241,66.65745061280663,66.67050259494968,66.69074391172208,66.71774916620441,66.75109296147724,66.79034990062118,66.8350945867167,66.88490162284447,66.93934561208499,66.99800115751887,67.06044286222664,67.12624532928888,67.19498316178615,67.26623096279906,67.33956333540812,67.41455488269389,67.490780207737,67.56781391361798,67.6452356956587,67.72279348174598,67.80043794641159,67.87813183468518,67.95583789159647,68.0335188621751,68.11113749145082,68.18865652445325,68.26603870621213,68.3432467817571,68.42024349611785,68.49699159432413,68.57345382140554,68.64959292239178,68.72537164231258,68.8007527261976,68.87569891907651,68.95017296597902,69.0241376119348,69.09755560197357,69.17038968112496,69.24260259441868,69.31415708688442,69.38501590355185,69.45514178945066,69.52449748961055,69.59305664382958,69.66086012674953,69.72797443589329,69.79446611922256,69.86040172469905,69.92584780028443,69.99087089394038,70.0555375536286,70.11991432731077,70.18406776294856,70.24806440850364,70.31197081193775,70.37585352121252,70.43977908428965,70.50381404913082,70.56802496369775,70.63247837595208,70.69724083385549,70.76237888536971,70.82795907845639,70.8940479610772,70.96071208119386,71.02801798676805,71.09603222576143,71.16482134613571,71.23445192717492,71.3049932771226,71.37651951220272,71.44910523805089,71.52282506030275,71.59775358459393,71.67396541656007,71.75153516183676,71.8305374260596,71.9110468148643,71.99313793388643,72.07688538876164,72.16236378512554,72.24964772861372,72.33881182486189,72.42993067950559,72.5230788981805,72.61833108652223,72.71576185016642,72.81544579474868,72.91745752590461,73.02187164926988,73.12876277048011,73.23820549517092,73.35027442897791,73.46504417753673,73.58256810732416,73.70269093132083,73.82513893295763,73.94963703635943,74.07591016565101,74.2036832449572,74.33268119840281,74.46262895011267,74.59325142421159,74.72427354482434,74.85542023607579,74.98641642209074,75.11698702699397,75.24685697491034,75.37575118996463,75.50339459628168,75.62951211798628,75.75382867920325,75.87606920405744,75.99595861667359,76.1132218411766,76.2275838016912,76.33876942234227,76.44650362725457,76.55051134055296,76.65051762155898,76.74631620953988,76.83788106102207,76.92521533502858,77.00832219058233,77.0872047867064,77.16186628242372,77.23230983675728,77.29853860873013,77.36055575736523,77.41836444168561,77.47196782071421,77.52136905347405,77.56657129898815,77.60757771627948,77.64439146437101,77.67701570228579,77.70545358904678,77.72970828367701,77.74978294519943,77.76568073263707,77.77740480501288,77.7849583213499,77.78834444067112,77.78756632199952,77.78262712435813,77.77355139952851,77.76072303078485,77.74482406297457,77.72654556601526,77.70657860982436,77.68561426431944,77.66434359941798,77.64345768503753,77.62364759109556,77.60560438750963,77.59001914419721,77.57758293107585,77.56898681806305,77.56492187507635,77.56607917203323,77.57314977885122,77.58682476544783,77.60779520174057,77.63675215764698,77.67438670308454,77.7213899079708,77.77845284222326,77.84626657575944,77.92552217849686,78.016910720353,78.12112327124541
66.48200133181497,66.56172064601382,66.63521128579822,66.70289945748645,66.7652113673968,66.82257322184759,66.87541122715712,66.92415158964367,66.96922051562555,67.01104421142107,67.05004888334851,67.08666073772618,67.12130598087239,67.15441081910542,67.18640145874359,67.21770410610519,67.24874496750851,67.27995024927186,67.31174615771354,67.34455889915186,67.3788146799051,67.41493970629158,67.45336018462957,67.49450232123739,67.53879232243335,67.58665639453574,67.63851176613043,67.69447906812499,67.75432148467338,67.81778091937865,67.88459927584384,67.954518457672,68.0272803684662,68.10262691182945,68.18029999136483,68.26004151067538,68.34159337336416,68.42469748303421,68.50909574328857,68.5945300577303,68.68074232996244,68.76747446358806,68.8544683622102,68.9414659294319,69.02820906885621,69.1144396840862,69.19989967872488,69.28433095637533,69.36747542064059,69.44907497512372,69.52887152342775,69.60660696915575,69.68206820354293,69.75531974983227,69.82653193551282,69.89587529634969,69.96352036810795,70.02963768655272,70.0943977874491,70.1579712065622,70.22052847965709,70.2822401424989,70.34327673085275,70.40380878048369,70.46400682715685,70.52404140663734,70.58408305469024,70.64430230708065,70.7048696995737,70.76595576793446,70.82773104792805,70.89036607531958,70.95403138587412,71.01889751535678,71.08513499953268,71.15291437416693,71.22240617502459,71.29377985601144,71.36711061403808,71.44230758060613,71.51926298316495,71.59786904916396,71.67801800605254,71.75960208128006,71.84251350229597,71.9266444965496,72.01188729149038,72.09813411456769,72.18527719323092,72.27320875492947,72.36182102711271,72.45100623723006,72.5406566127309,72.63066438106462,72.7209217696806,72.81132100602825,72.90175431755696,72.99211393171613,73.08229207595512,73.17218097772336,73.26167286447021,73.35065996364509,73.43903450269737,73.52671238421081,73.61384209528929,73.7007041355859,73.78758051996238,73.87475326328041,73.96250438040174,74.05111588618807,74.14086979550112,74.23204812320262,74.32493288415425,74.41980609321776,74.51694976525485,74.61664591512724,74.71917655769666,74.8248237078248,74.9338693803734,75.04659559020416,75.16328435217879,75.28421768115905,75.4096775920066,75.53994609958318,75.67530521875051,75.81603696437031,75.96242335130428,76.11474639441415,76.27328728354935,76.43790810231941,76.6073711929602,76.78026069505448,76.95516074818492,77.13065549193429,77.30532906588526,77.47776560962053,77.64654926272287,77.81026416477492,77.96749445535947,78.1168242740592,78.2568377604568,78.38611905413502,78.50325229467656,78.60682162166414,78.69541117468044,78.7676050933082,78.82198751713018,78.85714258572902,78.87165443868746,78.86410721558822,78.83308505601399,78.77717209954751,78.69495248577151,78.58501035426865,78.44611758306108,78.28019946927016,78.0917979145163,77.88553402257413,77.6660288972182,77.43790364222305,77.20577936136327,76.97427715841344,76.74801813714815,76.53162340134195,76.32971405476941,76.1469112012051,75.9878359444236,75.85710938819949,75.75935263630733,75.69918679252169,75.68123296061714,75.71011224436826,75.79044574754963,75.9268545739358,76.12395982730136,76.38638261142087,76.71874403006892,77.12566518702006,77.61176718604888,78.18167113092996
66.71049727718858,66.65427672646423,66.61102664726417,66.58014587974829,66.56103326407656,66.55308764040889,66.55570784890526,66.56829272972557,66.5902411230298,66.62095186897785,66.65982380772968,66.70625577944523,66.75964662428444,66.81939518240723,66.88490029397357,66.9555607991434,67.03077553807663,67.10994335093322,67.1924630778731,67.27773355905622,67.36515363464251,67.45412214479191,67.54403792966437,67.63429982941983,67.72430668421822,67.81345733421948,67.90115954151163,67.98711582225076,68.07138391750684,68.15404271662382,68.23517110894562,68.3148479838162,68.39315223057945,68.4701627385793,68.54595839715972,68.62061809566461,68.69422072343791,68.76684516982354,68.83857032416545,68.90947507580753,68.97963831409376,69.04913892836805,69.11805580797433,69.18646784225652,69.25445392055856,69.32209293222438,69.38946376659791,69.45664531302309,69.52371646084381,69.59075609940406,69.65784311804774,69.72505640611877,69.79246581179504,69.86008538753991,69.92790792233357,69.99592616329903,70.06413285755924,70.1325207522372,70.20108259445587,70.26981113133822,70.33869911000724,70.4077392775859,70.4769243811972,70.54624716796407,70.61570038500952,70.68527677945652,70.75496909842803,70.82477008904706,70.89467249843656,70.9646690737195,71.03475256201888,71.10491571045768,71.17515126615884,71.24545197624536,71.31581058784022,71.38621984806637,71.45667250404684,71.5271617266389,71.59771760455456,71.66843526972757,71.73941647494075,71.81076297297699,71.88257651661911,71.95495885864997,72.02801175185242,72.10183694900931,72.17653620290349,72.25221126631781,72.32896389203512,72.40689583283827,72.4861088415101,72.56670467083349,72.64878507359126,72.73245180256627,72.81780661054138,72.90495125029942,72.99398747462325,73.08501703629572,73.1781416880997,73.273463182818,73.3710832732335,73.47110371212905,73.57362625228748,73.67872641355117,73.78622200335515,73.89578455425828,74.00708391991127,74.11978995396477,74.23357251006951,74.34810144187614,74.46304660303535,74.57807784719785,74.6928650280143,74.8070779991354,74.92038661421182,75.03246072689426,75.14297019083341,75.25158485967994,75.35797458708454,75.46180922669791,75.5627586321707,75.66049265715364,75.75468115529738,75.84499398025262,75.93110098567007,76.01267202520036,76.08937695249423,76.16088562120233,76.2268681350212,76.28712162093626,76.34177651704331,76.39101727134052,76.43502833182605,76.47399414649806,76.50809916335473,76.53752783039423,76.5624645956147,76.58309390701433,76.59960021259127,76.61216796034371,76.6209815982698,76.62622557436768,76.62808433663557,76.62674233307159,76.62238401167393,76.61519382044077,76.60535620737022,76.5930556204605,76.57847650770977,76.56180331711617,76.54322049667788,76.52291249439307,76.50106375825989,76.47785873627653,76.4534819008664,76.42811813472085,76.40195266095822,76.37517071300124,76.34795752427267,76.32049832819524,76.2929783581917,76.26558284768477,76.23849703009721,76.21190613885173,76.18599540737111,76.16095006907805,76.13695535739532,76.11419650574564,76.09285874755176,76.07312731623642,76.05518744522236,76.0392243679323,76.02542331778902,76.01396952821521,76.00504823263365,75.99884466446707,75.9955440571382,75.99533164406978,75.99839265868457,76.00491233440528
66.50896810980228,66.54180011918325,66.57528932142057,66.60946576837591,66.64435951191089,66.68000060388718,66.71641909616642,66.75364504061027,66.79170848908035,66.83063949343835,66.87046810554591,66.91122437726466,66.95293836045626,66.99564010698236,67.0393596687046,67.08412709748467,67.12997244518417,67.17692576366477,67.22501710478811,67.27427652041585,67.32473406240965,67.37641978263113,67.42936373294198,67.48359596520382,67.5391465312783,67.59604548302707,67.65432186902956,67.71397159239211,67.77495061072403,67.83721250348401,67.90071085013079,67.9653992301231,68.03123122291962,68.0981604079791,68.16614036476025,68.23512467272181,68.30506691132248,68.37592066002102,68.44763949827609,68.52017700554647,68.59348676129085,68.66752234496795,68.74223733603651,68.81758531395525,68.89351985818287,68.96999454817811,69.04696296339968,69.12437868330632,69.20219528735674,69.28036635500966,69.3588454657238,69.43758619895789,69.5165468652867,69.59571497240395,69.67508915488746,69.75466806921833,69.83445037187762,69.91443471934647,69.99461976810598,70.07500417463721,70.15558659542133,70.23636568693938,70.3173401056725,70.39850850810177,70.4798695507083,70.56142188997319,70.64316418237755,70.72509508440247,70.80721325252905,70.8895173432384,70.97200601301161,71.05467791832979,71.13753171567406,71.22056606152547,71.30377961236519,71.38717102467426,71.47073895493381,71.55448204466502,71.63839763200501,71.72248075874148,71.80672623291318,71.89112886255884,71.97568345571725,72.06038482042713,72.14522776472725,72.23020709665634,72.31531762425317,72.40055415555649,72.48591149860505,72.57138446143759,72.65696785209288,72.74265647860965,72.82844514902668,72.91432867138269,73.00030185371645,73.0863595040667,73.17249643047222,73.25870744097173,73.344987343604,73.43133094640777,73.5177330574218,73.60418848468483,73.69069203623562,73.77723556605574,73.86378190746906,73.95027742197661,74.0366682820198,74.12290066003999,74.20892072847856,74.2946746597769,74.3801086263764,74.46516880071844,74.54980135524441,74.63395246239567,74.71756829461363,74.80059502433966,74.88297882401514,74.96466586608145,75.04560232297999,75.12573436715213,75.20500817103925,75.28336990708276,75.360765747724,75.43714186540439,75.5124444325653,75.58661962164811,75.65961360509421,75.73137255534498,75.80184252276509,75.87090754274995,75.93828892243907,76.00368160040234,76.06678051520964,76.12728060543085,76.1848768096359,76.23926406639463,76.29013731427695,76.33719149185275,76.3801215376919,76.41862239036433,76.4523889884399,76.48111627048851,76.50449917508004,76.5222326407844,76.53401160617143,76.53953100981107,76.5384857902732,76.53057088612769,76.51548123594443,76.49291177829333,76.46255745174427,76.42411319486713,76.37727394623181,76.3217346444082,76.2572817434111,76.18523887074427,76.10820515042509,76.02881831454926,75.94971609521247,75.87353622451042,75.8029164345388,75.74049445739334,75.68890802516971,75.65079486996362,75.62879272387076,75.62553931898684,75.64367238740756,75.68582966122861,75.75464887254569,75.8527677534545,75.98282403605074,76.14745545243012,76.34929973468832,76.59099461492104,76.875177825224,77.20448709769288,77.5815601644234,78.00903475751119,78.48954860905204,79.02573945114162
68.79754004915782,68.4309310650006,68.10392283865113,67.81479767586627,67.56183788240295,67.34332576401808,67.15754362646852,67.00277377551123,66.87729851690307,66.77940015640097,66.7073609997618,66.6594633527425,66.63398952109996,66.62922181059108,66.64344252697275,66.6749339760019,66.7219784634354,66.78285829503018,66.85585577654314,66.93925321373118,67.03133291235117,67.13037717816006,67.23466831691474,67.34248863437209,67.45212043628905,67.56184602842248,67.6699713932595,67.77558472229907,67.87871689166774,67.97945490011172,68.07788574637725,68.17409642921054,68.26817394735784,68.36020529956537,68.45027748457933,68.53847750114598,68.62489234801154,68.70960902392223,68.79271452762427,68.8742958578639,68.95444001338733,69.03323399294081,69.11076479527055,69.18711941912278,69.26238486324372,69.33664812637961,69.40999620727668,69.48251610468114,69.55429481733921,69.62541934399715,69.69597668340116,69.76605383429747,69.83573180488567,69.90505463392714,69.974052271305,70.04275463916844,70.11119165966657,70.17939325494858,70.2473893471636,70.31520985846079,70.38288471098929,70.45044382689825,70.51791712833682,70.58533453745416,70.65272597639941,70.72012136732172,70.78755063237027,70.85504369369416,70.92263047344258,70.99034089376465,71.05820487680954,71.12625234472641,71.19451321966439,71.26301742377262,71.33179487920029,71.4008755080965,71.47028923261045,71.54006608159175,71.61024538017075,71.68088283200385,71.7520358079427,71.82376167883899,71.89611781554434,71.96916158891042,72.04295036978888,72.1175415290314,72.19299243748961,72.26936046601517,72.34670298545974,72.42507736667498,72.50454098051256,72.5851511978241,72.6669653894613,72.75004092627579,72.83443517911921,72.92020551884325,73.00740931629956,73.09610394233978,73.18634676781558,73.27819516357862,73.37170650048054,73.46693814937301,73.56394748110768,73.66278375063769,73.76341648232906,73.8657699462977,73.96976789324196,74.0753340738602,74.18239223885082,74.29086613891216,74.4006795247426,74.51175614704053,74.62401975650427,74.73739410383223,74.85180293972277,74.96717001487427,75.08341907998509,75.2004738857536,75.31825818287817,75.43669572205717,75.55571025398896,75.67522552937193,75.79516529890444,75.91545331328486,76.03601332321155,76.1567690793829,76.27764433249727,76.39856283325302,76.5194480381559,76.640073953848,76.7598224281758,76.87801176337449,76.99396026167922,77.10698622532519,77.21640795654754,77.32154375758147,77.42171193066216,77.51623077802476,77.60441860190446,77.68559370453642,77.75907438815582,77.82417895499786,77.88022570729767,77.92653294729045,77.96241897721137,77.9872020992956,78.00020061577833,78.0007328288947,77.98811704087991,77.96167155396914,77.92071467039754,77.86456469240031,77.7925399222126,77.7039586620696,77.59827374851733,77.47719777410484,77.34431840333892,77.20328005738878,77.05772715742363,76.9113041246127,76.76765538012518,76.6304253451303,76.50325844079727,76.38979908829529,76.29369170879357,76.21858072346136,76.16811055346783,76.1459256199822,76.15567034417369,76.20098914721152,76.28552645026488,76.412926674503,76.58683424109508,76.81089357121034,77.08874908601801,77.42404520668728,77.82042635438737,78.28153695028746,78.81102141555681,79.41252417136462
67.55957277360987,67.49033512393387,67.42943618159904,67.37661831667845,67.33162389924512,67.2941952993721,67.26407488713245,67.24100503259922,67.22472810584541,67.21498647694412,67.21152251596835,67.21407859299117,67.22239707808563,67.23622034132475,67.2552907527816,67.27935068252921,67.30814250064063,67.34140857718891,67.37889128224708,67.4203329858882,67.4654760581853,67.51406286921144,67.56583578903965,67.620537187743,67.6779094353945,67.73769490206722,67.79963788775822,67.8635464514359,67.92930549163614,67.99680448152958,68.06593289428679,68.13658020307838,68.20863588107494,68.2819894014471,68.35653023736546,68.43214786200059,68.50873174852313,68.58617137010367,68.66435619991279,68.74317571112113,68.82251937689927,68.90227667041782,68.98233706484739,69.06259003335856,69.14292504912194,69.22323158530816,69.3033991150878,69.38331711163146,69.46287504810974,69.54196239769325,69.6204686335526,69.6982832288584,69.7753167573399,69.85161001052592,69.92725340533325,70.00233745636646,70.0769526782301,70.15118958552875,70.22513869286699,70.29889051484935,70.3725355660804,70.44616436116472,70.51986741470685,70.59373524131138,70.66785835558287,70.74232727212586,70.81723250554492,70.89266457044465,70.96871398142957,71.04547125310425,71.12302690007327,71.20147143694119,71.28089537831258,71.36138923879199,71.44304353298398,71.5259487754931,71.61019548092396,71.69587344215843,71.78300957199104,71.87151999878691,71.96130957399453,72.05228314906235,72.14434557543882,72.2374017045724,72.33135638791158,72.42611447690479,72.5215808230005,72.61766027764718,72.71425769229329,72.81127791838728,72.90862580737762,73.00620621071278,73.1039239798412,73.20168396621135,73.2993910212717,73.39694999647068,73.49426574325682,73.5912431130785,73.68778695738425,73.78380212762247,73.87919347524166,73.97386585169028,74.06772410841678,74.1606887052539,74.25283343880147,74.34431913801006,74.43530763076679,74.52596074495878,74.61644030847322,74.70690814919723,74.79752609501793,74.8884559738225,74.97985961349804,75.07189884193171,75.16473548701066,75.25853137662202,75.35344833865292,75.44964820099051,75.54729279152194,75.64654393813434,75.74756346871484,75.85051321115063,75.95555499332879,76.0628506431365,76.17256198846087,76.28485085718907,76.39987907720823,76.51780847640546,76.6388004282967,76.76278548579936,76.88908852494549,77.01693627757582,77.14555547553093,77.27417285065144,77.40201513477804,77.52830905975132,77.65228135741195,77.77315875960055,77.89016799815775,78.00253580492421,78.10948891174054,78.2102540504474,78.30405795288542,78.39012735089523,78.46768897631745,78.53596956099275,78.59419583676177,78.6415945354651,78.67739238894342,78.70081612903735,78.71109248758754,78.70744819643461,78.68910998741922,78.65530459238195,78.60535599961752,78.54022180192148,78.4622151039172,78.37369004029459,78.27700074574352,78.17450135495392,78.06854600261565,77.96148882341865,77.85568395205277,77.75348552320793,77.65724767157403,77.56932453184095,77.4920702386986,77.42783892683687,77.37898473094566,77.34786178571487,77.33682422583439,77.34822618599411,77.38442180088393,77.44776520519375,77.54061053361346,77.66531192083298,77.82422350154218,78.01969941043095,78.25409378218922,78.52976075150686
67.47667172954732,67.2974530159012,67.14213951655503,67.00966444672113,66.89896102161191,66.80896245643969,66.73860196641684,66.68681276675571,66.65252807266867,66.6346810993681,66.63220506206632,66.6440331759757,66.66909865630862,66.7063347182774,66.75467457709443,66.81305144797207,66.88039854612265,66.95564908675857,67.03773628509214,67.12559335633577,67.21815351570177,67.31434997840253,67.4131159596504,67.51338467465774,67.61408933863692,67.71416316680026,67.8125546204322,67.90871584586418,68.002706008963,68.09462041443294,68.18455436697822,68.27260317130315,68.35886213211197,68.44342655410895,68.52639174199837,68.60785300048445,68.68790563427152,68.76664494806379,68.84416624656552,68.92056483448101,68.99593601651452,69.07037509737029,69.14397738175259,69.2168381743657,69.28905277991387,69.36071650310137,69.43192464863247,69.50277252121143,69.5733554255425,69.64376866632995,69.71410754827804,69.78446737609106,69.85493354372637,69.9255302829859,69.99625851706315,70.06711912326855,70.13811297891257,70.2092409613056,70.28050394775806,70.35190281558043,70.42343844208311,70.49511170457654,70.56692348037114,70.63887464677737,70.71096608110562,70.78319866066636,70.85557326276998,70.92809076472695,71.00075204384768,71.07355797744262,71.14650944282218,71.21960731729679,71.2928524781769,71.36624580277294,71.43978816839532,71.51348045235449,71.58732353196089,71.66131874864837,71.73550788060763,71.81000394898095,71.8849272268397,71.96039798725532,72.03653650329922,72.11346304804277,72.19129789455741,72.27016131591455,72.35017358518556,72.43145497544188,72.51412575975489,72.59830621119602,72.68411660283667,72.77167720774821,72.86110829900211,72.95253014966974,73.0460630328225,73.14182722153183,73.23994298886907,73.3405306079057,73.4437103517131,73.54960249336264,73.65832730592578,73.77000506247387,73.88475603607839,74.00267470294071,74.12360211081162,74.24723546409496,74.37327031619479,74.50140222051527,74.6313267304605,74.76273939943462,74.89533578084173,75.02881142808597,75.16286189457142,75.29718273370224,75.43146949888254,75.56541774351642,75.69872302100802,75.83108088476145,75.96218688818082,76.09173658467029,76.21942552763392,76.34494927047587,76.46800336660024,76.58828336941116,76.70548483231275,76.81930330870911,76.92943435200439,77.03557351560269,77.13741661433343,77.23479226707354,77.32787757261211,77.41690609760094,77.50211140869183,77.58372707253662,77.66198665578708,77.73712372509503,77.80937184711229,77.87896458849066,77.94613551588193,78.01111819593794,78.07414619531048,78.13545308065136,78.1952724186124,78.25383777584538,78.31138271900213,78.36814081473446,78.42434562969416,78.48023073053304,78.53602968390291,78.5919760564556,78.6483034148429,78.70524532571662,78.76303535572856,78.82190707153052,78.88202265109467,78.94234516566456,79.00084270676095,79.05545324880543,79.1041147662196,79.144765233425,79.17534262484321,79.19378491489582,79.1980300780044,79.18601608859049,79.15568092107571,79.10496254988163,79.0317989494298,78.93412809414181,78.80988795843925,78.65701651674365,78.47345174347663,78.25713161305973,78.00599409991457,77.71797717846269,77.39101882312565,77.02305700832505,76.61202970848245,76.15587489801946,75.65253055135761,75.09993464291848
65.99257390431382,65.93328000373558,65.88937715484072,65.86010347590754,65.84469708521434,65.8423961010394,65.85243864166105,65.8740628253576,65.9065067704073,65.9490085950885,66.00080641767948,66.06113835645854,66.12924252970399,66.20435705569412,66.28572005270723,66.37256963902163,66.46414393291563,66.5596810526675,66.65841911655556,66.75959624285812,66.86245054985346,66.9662201558199,67.07014317903572,67.17345773777923,67.27540195032874,67.37521393496255,67.47214366994194,67.56583295222602,67.6563957818009,67.74397427120499,67.82871053297673,67.91074667965452,67.99022482377679,68.06728707788197,68.14207555450847,68.21473236619471,68.28539962547912,68.35421944490011,68.42133393699612,68.48688521430556,68.55101538936684,68.6138665747184,68.67558088289864,68.73630042644601,68.79616731789892,68.85532366979577,68.91391159467501,68.97207320507505,69.02995061353431,69.0876859325912,69.14542127478417,69.2032987526516,69.26145432388826,69.31998596282462,69.37897716851064,69.43851141150165,69.49867216235293,69.55954289161978,69.6212070698575,69.68374816762142,69.7472496554668,69.81179500394897,69.87746768362322,69.94435116504486,70.01252891876919,70.08208441535152,70.15310112534713,70.22566251931133,70.29985206779943,70.37575324136674,70.45344951056853,70.53302434596013,70.61456121809682,70.69814359753394,70.78385495482675,70.87177876053057,70.96199848520071,71.05459630107832,71.14954126478624,71.24660314172863,71.34553141115148,71.44607555230075,71.54798504442242,71.65100936676241,71.7548979985667,71.85940041908127,71.96426610755206,72.06924454322505,72.17408520534619,72.27853757316144,72.38235112591677,72.48527534285815,72.58705970323152,72.68745368628285,72.78620677125811,72.88306843740325,72.97778816396425,73.07011543018706,73.15979971531763,73.24659049860196,73.33023725928597,73.41048947661564,73.48709662983694,73.55985209877166,73.62898054249851,73.69495140970703,73.75823695872366,73.81930944787474,73.8786411354867,73.93670427988594,73.99397113939884,74.05091397235181,74.10800503707124,74.16571659188354,74.22452089511508,74.28489020509228,74.34729678014153,74.41221287858923,74.48011075876178,74.55146267898557,74.626740897587,74.70641767289246,74.79096526322836,74.88085592692109,74.97656192229704,75.07855550768261,75.18730894140423,75.30329448178824,75.42698369620504,75.55849714636238,75.69703434958159,75.84164557668186,75.99138109848226,76.14529118580201,76.3024261094602,76.46183614027598,76.62257154906851,76.7836826066569,76.94421958386032,77.10323275149788,77.25977238038874,77.41288874135206,77.56163210520694,77.70505274277255,77.84220092486802,77.9721269223125,78.09388100592513,78.20651344652502,78.30907451493135,78.40061448196326,78.48018361843987,78.54683219518033,78.59961048300377,78.63756875272935,78.65984895434491,78.66713296137526,78.66138042575912,78.64458967658452,78.61875904293946,78.58588685391197,78.54797143859008,78.50701112606181,78.46500424541517,78.4239491257382,78.3858440961189,78.3526874856453,78.32647762340544,78.30921283848731,78.30289145997895,78.30951181696838,78.33107223854361,78.36957105379268,78.42700659180359,78.50537718166439,78.60668115246307,78.73291683328766,78.8860825532262,79.06817664136669,79.28119742679718,79.52714323860565
67.72714049627123,67.64032008928592,67.56693557415116,67.50641678469228,67.45819355473463,67.42169571810356,67.39635310862448,67.38159556012272,67.37685290642361,67.38155498135254,67.3951316187349,67.41701265239598,67.44662791616119,67.48340724385588,67.52678046930541,67.57617742633511,67.6310279487704,67.6907618704366,67.75480902515906,67.82259924676316,67.89356236907426,67.96712822591772,68.0427266511189,68.11978747850316,68.19774054189583,68.27601567512232,68.35405046178863,68.43153851529209,68.50848200511257,68.5849014705804,68.66081745102596,68.73625048577958,68.81122111417162,68.88574987553244,68.95985730919242,69.03356395448185,69.10689035073113,69.17985703727061,69.25248455343063,69.32479343854155,69.39680423193371,69.4685374729375,69.54001370088326,69.61125345510132,69.68227727492206,69.75310569967581,69.82375926869292,69.89425852130378,69.96462399683872,70.03487623462811,70.10503577400229,70.17512315429161,70.24515906389468,70.31516511115439,70.38516325500007,70.45517545505115,70.52522367092715,70.59532986224744,70.66551598863154,70.73580400969888,70.80621588506892,70.87677357436112,70.94749903719492,71.01841423318982,71.0895411219652,71.16090166314058,71.23251781633539,71.30441154116906,71.37660479726111,71.44911954423094,71.52197774169804,71.59520134928184,71.6688123266018,71.74283263327737,71.81728422892803,71.89218907317323,71.9675691256324,72.0434463433782,72.1198424615919,72.19677882451845,72.27427673660881,72.35235750231394,72.43104242608479,72.51035281237233,72.59030996562751,72.67093519030126,72.75224979084456,72.83427507170839,72.91703233734367,73.00054289220137,73.08482804073242,73.16990908738782,73.25580733661852,73.34254409287544,73.43014066060957,73.51861834427186,73.60799844831325,73.69830227718472,73.7895511353372,73.8817663272217,73.97496915728908,74.06918092999041,74.16442294977657,74.2607133458512,74.35803905378827,74.4563693039826,74.55567312361327,74.6559195398593,74.75707757989971,74.85911627091355,74.96200464007987,75.06571171457767,75.17020652158601,75.2754580882839,75.38143544185041,75.48810760946455,75.59544361830541,75.70341249555193,75.81198326838324,75.92112496397831,76.03080660951622,76.14099723217598,76.25166585913661,76.36278151757719,76.47431323467671,76.58623003761426,76.69850095356884,76.81109500971945,76.92398094327052,77.03698018427679,77.14952762651308,77.26099552921818,77.37075615163081,77.4781817529898,77.58264459253388,77.68351692950179,77.7801710231324,77.87197913266439,77.95831351733656,78.03854643638766,78.11205014905653,78.17819691458186,78.23635899220244,78.28590864115708,78.32621812068453,78.35665969002352,78.37660560841289,78.38542813509133,78.38249952929769,78.36719205027069,78.33887795724914,78.29692950947177,78.24071896617735,78.16961858660468,78.08313188387368,77.98296702613914,77.87266153252432,77.75580829488365,77.63600020507153,77.51683015494234,77.40189103635046,77.29477574115032,77.1990771611963,77.1183881883428,77.0563017144442,77.01641063135494,77.00230783092937,77.01758620502187,77.0658386454869,77.15065804417881,77.27563729295201,77.4443692836609,77.66044690815986,77.92746305830329,78.24901062594563,78.62868250294119,79.07007158114445,79.57677075240971,80.1523729085915,80.80047094154412
66.96361741149887,66.93144430204919,66.90884144859078,66.895387227129,66.89066001366923,66.89423818421682,66.90570011477713,66.92462418135553,66.95058875995736,66.98317222658801,67.02195295725284,67.0665093279572,67.11641971470645,67.17126249350598,67.23061604036113,67.29405873127726,67.36116894225974,67.43152504931392,67.50470542844519,67.58028845565889,67.6578525069604,67.73697595835505,67.81723718584823,67.8982145654453,67.97948647315162,68.06063128497256,68.14123325215864,68.22107072665304,68.30015598219771,68.3785152190417,68.45617463743412,68.53316043762398,68.60949881986038,68.68521598439237,68.76033813146904,68.83489146133941,68.90890217425257,68.9823964704576,69.05540055020353,69.12794061373944,69.2000428613144,69.27173349317746,69.3430387095777,69.41398471076417,69.48459769698594,69.55490386849209,69.62492942553166,69.69470056835372,69.76424349720735,69.8335844123416,69.90274951400552,69.9717650024482,70.04065799018974,70.10946121964518,70.1782095787559,70.24693795968678,70.31568125460265,70.3844743556684,70.45335215504889,70.52234954490896,70.59150141741351,70.66084266472738,70.73040817901544,70.80023285244255,70.87035157717357,70.94079924537337,71.0116107492068,71.08282098083873,71.15446483243403,71.22657719615756,71.29919296417418,71.37234702864875,71.44607428174614,71.52040961563121,71.59538792246882,71.67104409442383,71.74741302366111,71.82452933394387,71.902404264541,71.98100785506716,72.06030595136113,72.14026439926167,72.22084904460758,72.30202573323761,72.38376031099055,72.46601862370517,72.54876651722024,72.63196983737457,72.71559443000689,72.79960614095599,72.88397081606064,72.96865430115963,73.05362244209174,73.13884108469573,73.22427607481038,73.30989325827446,73.39565848092674,73.48153758860602,73.56749642715106,73.65350084240063,73.73951668019352,73.82550978636849,73.91144600676432,73.99730160127721,74.08315513750331,74.1691432518229,74.25540324711594,74.34207242626236,74.42928809214214,74.51718754763523,74.60590809562159,74.69558703898115,74.78636168059388,74.87836932333974,74.97174727009866,75.06663282375061,75.16316328717555,75.2614759632534,75.36170815486416,75.46399716488774,75.56848029620413,75.67529485169327,75.78457813423509,75.89646744670958,76.01110009199667,76.1286133729763,76.24914459252847,76.37283105353309,76.49980957950135,76.6299734745934,76.76257704435751,76.89677105068097,77.03170625545096,77.16653342055473,77.30040330787953,77.43246667931258,77.56187429674115,77.68777692205244,77.8093253171337,77.92567024387216,78.03596246415505,78.13935273986964,78.23499183290312,78.32203050514276,78.39961951847579,78.46690963478943,78.52305161597094,78.56719622390754,78.59849422048647,78.61609636759496,78.61915342712027,78.6068161609496,78.57823533097022,78.53256169906933,78.46903262287528,78.38833999785464,78.29238264761518,78.18309592834294,78.06241519622394,77.93227580744421,77.7946131181898,77.65136248464673,77.50445926300102,77.35583880943872,77.20743648014584,77.06118763130844,76.91902761911253,76.78289179974414,76.6547155293893,76.53643416423407,76.42998306046444,76.33729757426647,76.26031306182618,76.2009648793296,76.16118838296278,76.14291892891171,76.14809187336246,76.17864257250105,76.2365063825135,76.32361865958585
66.20019727540077,66.19790093796931,66.2021643273576,66.2127141445205,66.22927709041306,66.25157986599015,66.27934917220679,66.31231171001787,66.35019418037837,66.39272328424323,66.4396257225674,66.4906281963058,66.54545740641345,66.60384005384523,66.66550283955613,66.73017246450107,66.79757562963502,66.86743903591292,66.93948938428974,67.01345337572039,67.08905771115985,67.16602909156305,67.24409421788496,67.32297979108051,67.40241251210466,67.48211908191237,67.56182981964278,67.64139457852096,67.72080726910642,67.80007037839533,67.87918639338389,67.95815780106827,68.03698708844462,68.11567674250912,68.19422925025796,68.27264709868729,68.35093277479334,68.4290887655722,68.50711755802013,68.58502163913323,68.66280349590772,68.74046561533979,68.81801048442554,68.89544059016123,68.97275841954297,69.04996645956695,69.12706719722937,69.20406311952641,69.28095671345417,69.35775046600892,69.43444686418678,69.51104839498393,69.58755692624018,69.66397050479787,69.74028572133528,69.81649916366425,69.89260741959657,69.9686070769441,70.04449472351862,70.12026694713194,70.19592033559593,70.27145147672235,70.34685695832306,70.42213336820987,70.49727729419459,70.57228532408902,70.64715404570501,70.72188004685438,70.79645991534892,70.87089023900046,70.94516760562084,71.01928860302186,71.09324981901534,71.16704784141308,71.24067925802692,71.31414065666868,71.38742862515019,71.46054000198495,71.53349346807508,71.60634618703867,71.67915923970844,71.75199370691703,71.82491066949723,71.89797120828166,71.97123640410305,72.04476733779413,72.11862509018755,72.19287074211601,72.26756537441227,72.34277006790896,72.4185459034388,72.49495396183451,72.5720553239288,72.64991107055431,72.72858228254378,72.8081300407299,72.8886154259454,72.97009951902294,73.05264340079523,73.13630815209498,73.22115485375488,73.30724458660762,73.39463843148593,73.48339359948213,73.57352928535931,73.66504310620829,73.75793243145662,73.8521946305317,73.94782707286106,74.04482712787211,74.1431921649924,74.24291955364933,74.34400666327042,74.44645086328313,74.55024952311493,74.6554000121933,74.76189969994573,74.86974595579963,74.97893614918254,75.08946764952194,75.20133782624524,75.31454404877994,75.42908368655353,75.54495410899347,75.66215268552725,75.78067678558233,75.90052377858618,76.02169103396628,76.14417551983203,76.2677703347199,76.3917336201963,76.51523683312735,76.63745143037917,76.75754886881785,76.8747006053095,76.98807809672024,77.09685279991618,77.20019617176342,77.2972796691281,77.38727474887631,77.46935286787414,77.54268548298771,77.60644405108314,77.65980002902654,77.70192487368405,77.7319900419217,77.74916699060569,77.75262717660206,77.74154205677695,77.71508308799648,77.67242172712673,77.61272943103384,77.53517765658393,77.43893786064305,77.32332436725216,77.19005122252864,77.04282368383849,76.88540728063714,76.72156754237994,76.55506999852227,76.38968017851951,76.22916361182703,76.07728582790025,75.93781235619448,75.81450872616517,75.71114046726768,75.63147310895738,75.57927218068963,75.55830321191985,75.57233173210341,75.62512327069564,75.72044335715199,75.8620575209278,76.05373129147847,76.29923019825935,76.60231977072587,76.96676553833336,77.39633303053722,77.89478777679284,78.46589530655558
67.08843962930638,66.96219630301107,66.85590401761326,66.7686235695034,66.69941575507201,66.64734137070948,66.61146121280632,66.59083607775301,66.58452676193997,66.59159406175769,66.61109877359664,66.64210169384728,66.68366361890008,66.73484534514552,66.79470766897404,66.8623113867761,66.93671729494218,67.01698618986276,67.1021788679283,67.19135612552927,67.2835787590561,67.37790756489929,67.4734033394493,67.56912687909659,67.66413898023163,67.7575004392449,67.84828626684458,67.93604107268061,68.02087540683155,68.10293351257357,68.18235963318287,68.25929801193561,68.33389289210794,68.40628851697608,68.47662912981619,68.54505897390445,68.61172229251699,68.67676332893004,68.74032632641976,68.80255552826233,68.86359517773391,68.92358951811067,68.98268279266881,69.04101924468449,69.09874311743391,69.15599865419321,69.21293009823859,69.26968169284618,69.32639768129224,69.38322230685287,69.44029981280426,69.49777444242261,69.55577476448346,69.61433261577463,69.67344296898057,69.7331007242187,69.79330078160632,69.85403804126076,69.91530740329947,69.97710376783968,70.03942203499884,70.10225710489422,70.16560387764324,70.22945725336322,70.29381213217152,70.35866341418546,70.42400599952245,70.48983478829979,70.55614468063484,70.62293057664499,70.69018737644754,70.75790998015987,70.82609328789934,70.89473219978328,70.96382161592902,71.03335643645397,71.10333156147544,71.17374244880841,71.24463314567117,71.31613330586362,71.38838129721066,71.46151548753713,71.53567424466794,71.61099593642797,71.68761893064209,71.76568159513519,71.84532229773214,71.92667940625779,72.00989128853709,72.09509631239484,72.182432845656,72.27203925614538,72.3640539116879,72.45861518010844,72.55586142923184,72.65593102688302,72.75896234088685,72.86509373906821,72.974463589252,73.08721025926303,73.20347211692626,73.32338753006653,73.4470948665087,73.57469492440757,73.70591941747804,73.84029057095435,73.9773282056118,74.11655214222563,74.25748220157118,74.39963820442367,74.54253997155843,74.68570732375073,74.82866008177587,74.97091806640913,75.11200109842576,75.25142899860109,75.38872158771042,75.52339868652896,75.65498011583207,75.782985696395,75.90693524899302,76.02634859440147,76.14074555339559,76.24964594675069,76.35256959524202,76.44903631964489,76.5385659407346,76.62067827928641,76.69489366211945,76.76098948631842,76.81941770539328,76.87073957832125,76.91551636407955,76.9543093216454,76.98767970999602,77.01618878810862,77.04039781496044,77.0608680495287,77.0781607507906,77.09283717772337,77.10545858930423,77.11658624451042,77.12678140231911,77.13660532170756,77.14661926165299,77.1573844811326,77.16946223912362,77.18341379460327,77.19980040654877,77.21918333393735,77.24212383574621,77.26918317095259,77.30092259853369,77.33790337746673,77.38059730806268,77.42797356459693,77.47775449118348,77.5276246915614,77.5752687694698,77.61837132864781,77.6546169728345,77.681690305769,77.69727593119038,77.69905845283776,77.68472247445024,77.65195259976693,77.59843343252693,77.52184957646934,77.41988563533324,77.29022621285776,77.13055591278201,76.93855933884507,76.71192109478608,76.44832578434408,76.14545801125823,75.8010023792676,75.4126434921113,74.97806595352844,74.49495436725809,73.96099333703941
67.4044678133856,67.27847696191085,67.17275739879432,67.08633518354637,67.01823637567747,66.96748703469811,66.93311322011866,66.91414099144961,66.90959640820137,66.91850552988441,66.93989441600914,66.97278912608601,67.01621571962548,67.06920025613798,67.13076879513392,67.1999473961238,67.27576211861802,67.35723902212703,67.44340416616129,67.5332836102312,67.62590341384723,67.7202896365198,67.8154683377594,67.9104655770764,68.00430741398131,68.09601990798453,68.18464472634315,68.26973917001848,68.35148195951444,68.43008881147514,68.50577544254475,68.57875756936735,68.64925090858713,68.71747117684816,68.7836340907946,68.84795536707057,68.91065072232021,68.97193587318765,69.03202653631698,69.0911384283524,69.14948726593798,69.20728876571789,69.26475864433624,69.32211261843713,69.37956640466476,69.4373357196632,69.49563628007661,69.5546838025491,69.61469400372485,69.67588260024792,69.73846530876247,69.80265784591262,69.86864236477041,69.93639388765945,70.00580850035416,70.07678213324203,70.14921071671057,70.22299018114725,70.29801645693956,70.37418547447498,70.45139316414105,70.52953545632519,70.60850828141497,70.68820756979781,70.76852925186125,70.84936925799275,70.93062351857984,71.01218796400997,71.09395852467063,71.17583113094935,71.25770171323359,71.33946620191082,71.4210205273686,71.50226061999439,71.58308241017565,71.66338182829989,71.74305480475462,71.82199830257909,71.90019925459666,71.97780310567524,72.05497143586632,72.13186582522144,72.20864785379206,72.28547910162976,72.36252114878607,72.43993557531243,72.51788396126045,72.59652788668157,72.67602893162737,72.75654867614932,72.83824870029898,72.92129058412786,73.00583590768747,73.0920462510293,73.18008319420494,73.27010831726582,73.36228320026356,73.4567694232496,73.55372856627548,73.65332220939271,73.75571193265284,73.86105931610737,73.96952593980782,74.08124244501084,74.19603553025252,74.3135593793487,74.43346619603255,74.5554081840371,74.67903754709542,74.80400648894056,74.92996721330559,75.05657192392363,75.18347282452766,75.31032211885082,75.43677201062616,75.56247470358673,75.68708240146563,75.81024730799587,75.93162162691058,76.05085756194282,76.16760731682561,76.28152309529207,76.39225710107527,76.49946153790825,76.60278860952405,76.70189051965582,76.79641947203655,76.88602767039936,76.97036749911666,77.04918310736616,77.12245943661964,77.19022044645502,77.25249009645017,77.3092923461831,77.36065115523172,77.40659048317391,77.44713428958767,77.48230653405085,77.51213117614145,77.53663217543735,77.5558334915165,77.56975908395682,77.57843291233624,77.5818789362327,77.5801211152241,77.57318340888841,77.56108977680353,77.54386417854738,77.52153057369793,77.49411292183305,77.4616351825307,77.42412131536884,77.38159527992534,77.33408103577815,77.28168976007552,77.22599761259201,77.16979634798841,77.11591451583797,77.06718066571398,77.02642334718965,76.99647110983832,76.98015250323317,76.98029607694752,76.99973038055461,77.0412839636277,77.10778537574006,77.20206316646497,77.32694588537564,77.48526208204538,77.67984030604742,77.91350910695505,78.1890970343415,78.50943263778004,78.87734446684397,79.29566107110651,79.76721100014095,80.29482280352053,80.88132503081849,81.52954623160815,82.24231495546277
67.52650630717494,67.35596030548153,67.20873343558452,67.08375580525133,66.97995752224939,66.89626869434615,66.83161942930903,66.7849398349055,66.75516001890296,66.74121008906886,66.74202015317063,66.75652031897572,66.78364069425156,66.82231138676559,66.87146250428525,66.93002415457795,66.99692644541116,67.07109948455229,67.1514733797688,67.23697823882812,67.32654416949768,67.41910127954492,67.51357967673727,67.60890946884217,67.70402076362706,67.79784366885937,67.88932422242475,67.9779347461135,68.06378181642182,68.14700977012598,68.2277629440023,68.30618567482705,68.38242229937657,68.45661715442714,68.52891457675507,68.59945890313666,68.66839447034823,68.73586561516606,68.80201667436646,68.86699198472574,68.9309358830202,68.99399270602612,69.05630679051984,69.11802247327765,69.17928409107583,69.24023598069071,69.30102247889859,69.36178792247576,69.42267664819853,69.4838329928432,69.54540129318609,69.60752588600347,69.67034060840916,69.73391450098863,69.79829191067661,69.86351713579832,69.92963447467896,69.99668822564375,70.06472268701789,70.13378215712657,70.20391093429501,70.27515331684842,70.347553603112,70.42115609141096,70.4960050800705,70.57214486741583,70.64961975177215,70.72847403146467,70.8087520048186,70.89049797015915,70.97375622581151,71.05857107010091,71.14498680135253,71.23304771789158,71.3227981180433,71.41428230013284,71.50754456248545,71.60262840209104,71.69950749960461,71.79803253071789,71.8980416502591,71.99937301305651,72.10186477393833,72.2053550877328,72.30968210926817,72.41468399337265,72.5201988948745,72.62606496860194,72.73212036938321,72.83820325204655,72.9441517714202,73.04980408233237,73.15499833961132,73.25957269808528,73.36336531258249,73.46621433793116,73.56795792895957,73.66843424049591,73.76748142736845,73.8649376444054,73.96064104643501,74.05442978828552,74.14614202478515,74.2356415583616,74.32304415345968,74.40860858553877,74.49259527150463,74.575264628263,74.65687707271967,74.73769302178036,74.81797289235084,74.89797710133688,74.97796606564421,75.05820020217861,75.13893992784583,75.2204456595516,75.30297781420171,75.3867968087019,75.47216305995794,75.55933698487556,75.64857900036053,75.74014952331862,75.83430897065556,75.93131775927712,76.03143630608906,76.13492502799713,76.24204434190709,76.35305466472468,76.46821601802365,76.58758759470564,76.71070161007417,76.83700488771395,76.9659442512096,77.09696652414587,77.22951853010743,77.36304709267893,77.4969990354451,77.63082118199058,77.7639603559001,77.8958633807583,78.0259770801499,78.15374827765956,78.27862379687198,78.40005046137185,78.51747509474383,78.6303445205726,78.7381055624429,78.84020504393935,78.93608978864667,79.02520662014953,79.1070023620326,79.18092383788061,79.24641787127821,79.30293128581009,79.34991986940807,79.38698998302192,79.41387292818946,79.43030378828239,79.43601764667244,79.43074958673131,79.41423469183073,79.3862080453424,79.34640473063807,79.29455983108944,79.23040843006824,79.15368561094616,79.06412645709496,78.96146605188632,78.84543947869197,78.71578182088365,78.57222816183305,78.4145135849119,78.24237317349193,78.05554201094483,77.85375518064234,77.63674776595617,77.40425485025804,77.15601151691968,76.8917528493128,76.6112139308091
67.70704651525371,67.54207694446758,67.39418033800244,67.2627522751984,67.14718833539558,67.04688409793414,66.96123514215418,66.88963704739584,66.83148539299924,66.78617575830451,66.75310372265177,66.73166486538118,66.72125476583282,66.72126900334685,66.73110315726339,66.75015280692257,66.77781353166452,66.81348091082937,66.85655052375722,66.90641794978823,66.96247876826251,67.0241285585202,67.09076289990142,67.16177737174631,67.23656755339498,67.31452902418755,67.3950631461133,67.47776232275483,67.5624491927988,67.64896010195206,67.73713139592144,67.82679942041378,67.91780052113592,68.00997104379468,68.10314733409692,68.19716573774944,68.29186260045911,68.38707426793275,68.48263708587719,68.57838739999927,68.67416155600584,68.76979589960372,68.86512677649976,68.95999053240077,69.05422351301361,69.1476620640451,69.24014253120208,69.33150126019139,69.42157459671985,69.51019888649432,69.59721047522163,69.6824457086086,69.76577263480752,69.84725494715488,69.92703089844221,70.00523888823162,70.08201731608519,70.15750458156504,70.23183908423329,70.30515922365203,70.37760339938337,70.44931001098944,70.5204174580323,70.5910641400741,70.6613884566769,70.73152880740285,70.80162359181405,70.8718112094726,70.94223005994058,71.01301854278013,71.08431505755335,71.15625800382234,71.22898578114922,71.30263678909607,71.37734942722501,71.45326209509815,71.53051319227761,71.60924029038388,71.68950882662674,71.77125714918233,71.85441066963952,71.93889479958717,72.02463495061414,72.1115565343093,72.19958496226151,72.28864564605962,72.37866399729252,72.46956542754904,72.56127534841806,72.65371917148843,72.74682230834902,72.84051017058871,72.93470816979632,73.02934171756075,73.12433622547086,73.21961710511547,73.31510976808349,73.41073962596376,73.50643209034514,73.60211257281651,73.6977064849667,73.7931392383846,73.88833624465907,73.98323218155392,74.07785275773577,74.17227535006283,74.2665779284285,74.36083846272615,74.4551349228492,74.54954527869101,74.64414750014501,74.73901955710458,74.8342394194631,74.92988505711399,75.02603443995064,75.12276553786641,75.22015632075474,75.318284758509,75.41722882102259,75.5170664781889,75.61787569990132,75.71973445605329,75.82272071653814,75.92691245124928,76.03238763008012,76.13922422292404,76.24750019967445,76.35729353022474,76.46868189871385,76.58159782602772,76.6955929223902,76.81015707506724,76.92478017132467,77.03895209842844,77.15216274364441,77.26390199423848,77.37365973747657,77.48092586062455,77.58519025094833,77.68594279571379,77.78267338218683,77.87487189763337,77.96202822931926,78.04363226451044,78.11917389047277,78.18814299447216,78.25002946377451,78.30432318564571,78.35051404735167,78.38809193615826,78.41654673933138,78.43536834413695,78.44404663784083,78.44207150770893,78.4289884640317,78.40527731008994,78.37219309506901,78.33101433411777,78.28301954238506,78.22948723501975,78.17169592717066,78.11092413398666,78.04845037061659,77.9855531522093,77.92351099391367,77.8636024108785,77.80710591825267,77.75530003118503,77.70946326482441,77.67087413431969,77.64081115481969,77.62055284147327,77.61137770942928,77.61456427383658,77.631391049844,77.6631365526004,77.71107929725464,77.77649779895556,77.860670572852,77.96487613409283
66.81210453442873,66.736937185362,66.6716938542304,66.6160567756022,66.56970818404568,66.53233031412904,66.50360540042058,66.48321567748854,66.47084337990114,66.46617074222667,66.46887999903336,66.47865338488947,66.49517313436323,66.51812148202293,66.5471806624368,66.58203291017307,66.62236045980003,66.66784554588591,66.71817040299896,66.77301726570744,66.8320683685796,66.89500594618369,66.96151223308797,67.03126946386067,67.10395987307004,67.17926569528436,67.2568712778467,67.33653076792092,67.41808243240999,67.50136954627578,67.58623538448018,67.67252322198502,67.76007633375218,67.84873799474352,67.93835147992093,68.02876006424628,68.11980702268141,68.21133563018819,68.30318916172851,68.39521089226423,68.48724409675722,68.57913205016933,68.67071802746244,68.76184530359839,68.85235715353912,68.94209685224644,69.0309076746822,69.1186328958083,69.20511579058663,69.29019963397903,69.37372770094734,69.45554326645347,69.53552042185083,69.61372343557599,69.69028905165305,69.76535415677458,69.83905563763321,69.9115303809215,69.98291527333208,70.05334720155753,70.12296305229043,70.19189971222337,70.26029406804895,70.32828300645977,70.39600341414842,70.46359217780747,70.53118618412955,70.59892231980726,70.66693747153315,70.7353685259998,70.80435236989987,70.87402588992592,70.94452597277055,71.01598950512633,71.08855337368587,71.16235446514173,71.23752966618659,71.31421500002301,71.39247125829428,71.4722266869405,71.55339603987179,71.63589407099823,71.71963553422995,71.80453518347707,71.89050777264967,71.97746805565788,72.0653307864118,72.15401071882152,72.2434226067972,72.33348120424887,72.4241012650867,72.51519754322078,72.6066847925612,72.69847776701809,72.79049122050154,72.8826399069217,72.97483858018862,73.0670019942124,73.15904490290322,73.25088206017114,73.34242821992629,73.43359813607873,73.52430656253864,73.61448068455502,73.70416981285086,73.79349257529515,73.88256839536254,73.97151669652774,74.06045690226543,74.14950843605024,74.2387907213569,74.32842318166007,74.4185252404344,74.50921632115461,74.60061584729536,74.69284324233132,74.78601792973717,74.88025933298758,74.97568687555722,75.07241998092078,75.17057807255296,75.27028057392843,75.37164690852183,75.47479649980787,75.5798487712612,75.68692314635652,75.7961390485685,75.9076159013718,76.02147277772855,76.1376506901988,76.25562341804385,76.37478902980288,76.49454559401511,76.61429117921963,76.73342385395571,76.85134168676248,76.96744274617913,77.08112510074486,77.19178681899882,77.29882596948019,77.40164062072819,77.49962884128198,77.59218869968075,77.67871826446364,77.75861560416988,77.83127878733862,77.89610588250903,77.95249495822034,77.99984408301168,78.03755132542227,78.06501475399128,78.08163243725787,78.0868024437612,78.07992284204053,78.06044389414521,78.028692549992,77.98572320654651,77.93261227991155,77.87043618618995,77.80027134148443,77.72319416189785,77.64028106353297,77.55260846249257,77.46125277487948,77.36729041679646,77.2717978043463,77.17585135363183,77.08052748075579,76.98690260182104,76.89605313293029,76.80905549018641,76.72698608969213,76.65092134755028,76.58193767986364,76.52111150273501,76.46951923226717,76.42823728456295,76.39834207572508,76.38091002185638,76.37701753905966
66.9482993977684,66.96139413183649,66.97610746783438,66.99245318895233,67.01044507838056,67.03009691930929,67.05142249492876,67.0744355884292,67.09914998300084,67.12557946183391,67.15373780811865,67.18363880504526,67.21529623580402,67.24872388358511,67.2839355315788,67.32094496297532,67.35976596096486,67.4004123087377,67.44289778948404,67.48723618639411,67.53344128265816,67.58152686146641,67.63150670600909,67.68339459947643,67.73720432505867,67.79294966594604,67.85064292759606,67.91024759555616,67.97166831971984,68.03480624720677,68.0995625251366,68.165838300629,68.23353472080363,68.30255293278015,68.37279408367823,68.44415932061752,68.51654979071769,68.58986664109841,68.66401101887934,68.73888407118012,68.81438694512046,68.89042078781998,68.96688674639837,69.04368596797528,69.12071959967037,69.19788878860331,69.27509468189376,69.35223842666139,69.42922117002584,69.50594405910681,69.58230824102394,69.65821486289688,69.73358154405454,69.80842755870955,69.88281092127026,69.95678972240529,70.03042205278325,70.10376600307276,70.17687966394243,70.24982112606084,70.32264848009662,70.39541981671839,70.46819322659474,70.54102680039428,70.61397862878562,70.68710680243738,70.76046941201815,70.83412454819657,70.90813030164122,70.98254476302071,71.05742602300367,71.13283217225869,71.20882130145438,71.28545150125936,71.36278086234223,71.44086747537159,71.51976943101607,71.59954459570649,71.68023129915714,71.76183345058317,71.8443514554844,71.92778571936067,72.01213664771183,72.0974046460377,72.18359011983813,72.27069347461295,72.358715115862,72.4476554490851,72.53751487978211,72.62829381345286,72.71999265559715,72.81261181171489,72.90615168730585,73.00061268786989,73.09599521890686,73.19229968591657,73.28952649439887,73.38767604985361,73.4867487577806,73.5867450236797,73.68766525305072,73.78950985139352,73.89227922420793,73.99597122978153,74.10055870258871,74.20600027384837,74.31225441175779,74.41927958451427,74.52703426031509,74.63547690735756,74.74456599383893,74.85425998795655,74.96451735790767,75.07529657188961,75.18655609809963,75.29825440473505,75.41034995999316,75.52280123207123,75.63556668916658,75.74860479947648,75.86187403119823,75.97533285252914,76.08893973166646,76.20265313680753,76.31643153614961,76.43023339788999,76.54401719022599,76.65774138135488,76.77136429900114,76.88477291069157,76.99766693367062,77.10971574305148,77.2205887139473,77.32995522147124,77.43748464073647,77.54284634685617,77.64570971494348,77.74574412011155,77.8426189374736,77.93600354214277,78.02556730923222,78.11097961385512,78.19190983112465,78.26802733615395,78.3390015040562,78.40450170994455,78.4641973289322,78.5177577361323,78.564852306658,78.60515041562248,78.63832143813889,78.66403474932041,78.68195972428022,78.69176573813145,78.69315443773372,78.6863695344375,78.67210452705912,78.65106652905799,78.62396265389346,78.59150001502495,78.55438572591181,78.51332690001345,78.46903065078926,78.4222040916986,78.37355433620087,78.32378849775544,78.27361368982172,78.22373702585908,78.1748656193269,78.12770658368456,78.08296703239145,78.04135407890696,78.00357483669048,77.97033641920136,77.94234593989903,77.92031051224285,77.9049372496922,77.89693326570648,77.89700567374506,77.90586158726734
67.65412677582319,67.41654700259471,67.20992336048768,67.0327958468843,66.88370445916678,66.76118919471735,66.66379005091821,66.59004702515158,66.53850011479965,66.50768931724465,66.4961546298688,66.5024360500543,66.52507357518336,66.56260720263819,66.61357692980101,66.67652275405405,66.74998467277949,66.83250268335955,66.92261678317645,67.0188669696124,67.11979324004962,67.22393559187032,67.32983402245668,67.43602852919095,67.54105910945533,67.64346576063204,67.74181104856645,67.83540313425776,67.92444873788713,68.00920807525216,68.08994136215044,68.16690881437955,68.2403706477371,68.31058707802066,68.37781832102782,68.44232459255616,68.50436610840329,68.5642030843668,68.62209573624425,68.67830427983326,68.7330889309314,68.78670990533628,68.83942741884547,68.89150168725656,68.94319292636715,68.99476135197482,69.04646717987715,69.09857062587176,69.15133190575622,69.20501123532812,69.25986883038503,69.31616490672457,69.37412593517068,69.43377013631648,69.49503636757639,69.55786333013805,69.62218972518912,69.68795425391727,69.75509561751018,69.82355251715548,69.89326365404085,69.96416772935395,70.03620344428245,70.109309500014,70.18342459773628,70.25848743863693,70.33443672390364,70.41121115472404,70.48874943228583,70.56699025777664,70.64587233238414,70.725334357296,70.8053150336999,70.88575306278346,70.96658714573438,71.04775598374029,71.12919827798889,71.21085318027953,71.29269910195762,71.37478362326738,71.45716136526113,71.53988694899122,71.62301499550999,71.70660012586978,71.7906969611229,71.87536012232172,71.96064423051855,72.04660390676574,72.13329377211562,72.22076844762053,72.30908255433279,72.39829071330475,72.48844754558876,72.57960767223713,72.67182571430222,72.76515629283632,72.85965402889182,72.95537354352105,73.05236945777631,73.15069639270996,73.25040896937433,73.35156180882177,73.4542095321046,73.55840080369316,73.66412577059633,73.77134136592177,73.88000414155593,73.9900706493852,74.10149744129603,74.21424106917488,74.32825808490811,74.44350504038222,74.55993848748359,74.67751497809867,74.79619106411388,74.91592329741566,75.03666822989042,75.1583824134246,75.28102239990464,75.40454474121697,75.52890598924797,75.65406269588414,75.77997141301185,75.90658869251757,76.0338710862877,76.16177514620868,76.29025742416695,76.41927447204891,76.54878263892714,76.67863524441503,76.80841525720294,76.9376618381797,77.06591414823407,77.19271134825492,77.31759259913103,77.44009706175125,77.55976389700437,77.67613226577923,77.78874132896463,77.89713024744941,78.00083818212235,78.09940429387231,78.19236774358806,78.27926769215847,78.35964330047231,78.43303372941843,78.49897813988562,78.55701569276273,78.60668554893854,78.6475268693019,78.67907881474162,78.7008805461465,78.71247122440535,78.71339001040702,78.70320184859611,78.68190476658087,78.64985615027838,78.60742426304336,78.55497736823044,78.49288372919433,78.42151160928972,78.3412292718713,78.25240498029372,78.15540699791168,78.05060358807988,77.93836301415298,77.81905353948568,77.69304342743264,77.56070094134857,77.42239434458814,77.27849190050603,77.12936187245693,76.97537252379553,76.81689211787648,76.6542889180545,76.48793118768425,76.31818719012044,76.14542518871774,75.9700134468308,75.79232022781436
66.74855100781035,66.73134887870624,66.72020762590367,66.71489747536843,66.7151886530663,66.72085138496307,66.73165589702452,66.74737241521645,66.76777116550461,66.79262237385481,66.82169626623283,66.85476306860447,66.8915930069355,66.93195630719168,66.97562319533884,67.02236389734274,67.07194863916918,67.12414764678392,67.17873114615277,67.23546936324149,67.2941325240159,67.35449085444175,67.41631458048485,67.47937392811096,67.54343912328589,67.60828039197541,67.67367081724936,67.73947787242996,67.80568278590816,67.87227355846971,67.93923819090034,68.0065646839858,68.07424103851184,68.1422552552642,68.21059533502861,68.27924927859083,68.34820508673657,68.41745076025161,68.48697429992167,68.55676370653251,68.62680698086986,68.69709212371947,68.76760713586707,68.8383400180984,68.90927877119924,68.9804113959553,69.05172589315231,69.12321026357606,69.19485250801223,69.26664062724662,69.33856262206494,69.41060649325294,69.4827592267464,69.55500154554126,69.62731178585669,69.69966827921348,69.77204935713245,69.84443335113436,69.91679859274,69.98912341347018,70.06138614484568,70.13356511838731,70.20563866561584,70.27758511805207,70.3493828072168,70.42101006463082,70.49244522181492,70.56366661028989,70.63465256157652,70.7053814071956,70.77583147866794,70.84598110751432,70.91580862525552,70.98529236341236,71.0544106535056,71.12314182705606,71.19146421558452,71.25935690079297,71.32686432391985,71.39414607901676,71.46137348171646,71.5287178476517,71.59635049245523,71.6644427317598,71.73316588119816,71.80269125640305,71.87319017300723,71.94483394664346,72.01779389294447,72.09224132754302,72.16834756607184,72.24628392416372,72.32622171745139,72.4083322615676,72.49278687214507,72.57975686481662,72.66941355521493,72.76192825897279,72.85747229172293,72.95621696909812,73.05833360673108,73.16399352025459,73.27336802530138,73.38659541851662,73.5034896180113,73.62368042802153,73.74679553956828,73.87246264367248,74.00030943135506,74.12996359363696,74.26105282153911,74.39320480608247,74.52604723828793,74.65920780917646,74.792314209769,74.92499413108648,75.05687526414984,75.18758529997999,75.31675192959788,75.44400284402448,75.56896573428068,75.69126829138744,75.81053820636569,75.92640317023637,76.03849087402041,76.14642900873876,76.24984526541235,76.34836733506211,76.44162305323113,76.52931367271938,76.61133309436497,76.68760643579239,76.75805881462614,76.82261534849074,76.88120115501066,76.9337413518104,76.98016105651446,77.02038538674736,77.05433946013358,77.0819483942976,77.10313730686394,77.11783131545711,77.12595553770157,77.12743509122186,77.12219509364243,77.11016066258782,77.09125691568251,77.06540897055099,77.03254194481777,76.99258095610735,76.9454511220442,76.89107756025287,76.8293853883578,76.76029972398354,76.6838085680197,76.60095616370026,76.51366318976723,76.42387685384008,76.33354436353834,76.24461292648145,76.15902975028892,76.07874204258025,76.0056970109749,75.94184186309238,75.88912380655216,75.84949004897376,75.82488779797664,75.8172642611803,75.82856664620421,75.86074216066788,75.9157380121908,75.99550140839244,76.1019795568923,76.23711966530988,76.40286894126464,76.60117459237608,76.8339838262637,77.10324385054697,77.4109018728454,77.75890510077846
66.16752466674166,66.20128874402606,66.23843619255649,66.27883671235423,66.32236000344051,66.36887576583656,66.41825369956365,66.47036350464303,66.52507488109593,66.58225752894363,66.64178114820733,66.70351543890833,66.76733010106783,66.83309483470711,66.9006793398474,66.96995331650997,67.04078646471605,67.11304848448688,67.18660907584373,67.26133793880783,67.33710477340044,67.4137792796428,67.49123115755616,67.56933010716176,67.64794582848087,67.72694802153472,67.80620755740028,67.88563399536562,67.96518352008535,68.04481509204982,68.12448767174942,68.20416021967452,68.28379169631549,68.3633410621627,68.44276727770654,68.52202930343736,68.60108609984556,68.67989662742148,68.75841984665553,68.83661471803805,68.91444020205942,68.99185525921003,69.06881884998023,69.14528993486041,69.22122747434094,69.2965904289122,69.37133775906453,69.44542842528834,69.51882138807399,69.59147560791185,69.66335004529229,69.7344036607057,69.80461117704954,69.87404459170581,69.94281297290289,70.0110254618432,70.07879119972922,70.14621932776339,70.21341898714815,70.28049931908595,70.34756946477926,70.41473856543053,70.48211576224217,70.54981019641669,70.61793100915651,70.68658734166408,70.75588833514185,70.82594313079228,70.89686086981783,70.96875069342092,71.04172174280403,71.1158831591696,71.19134408372008,71.26821365765792,71.34660102218558,71.4266153185055,71.50836568782015,71.59196044528564,71.67743593677352,71.76470171004698,71.85365440589564,71.94419066510913,72.03620712847709,72.12960043678912,72.22426723083485,72.32010415140392,72.41700783928594,72.51487493527056,72.61360208014737,72.71308591470601,72.81322307973612,72.91391021602732,73.01504396436921,73.11652096555144,73.21823786036364,73.32009128959542,73.42197789403642,73.52379431447625,73.62543719170455,73.72680316651093,73.82778887968502,73.92829097201646,74.02820608429485,74.1274391964196,74.2259772117045,74.32385353233943,74.42110209421725,74.51775683323088,74.61385168527322,74.70942058623714,74.80449747201557,74.89911627850135,74.99331094158742,75.08711539716666,75.18056358113195,75.2736894293762,75.3665268777923,75.45910986227315,75.55147231871165,75.64364818300068,75.73567139103312,75.82757587870191,75.9193955818999,76.01116443652002,76.10291637845513,76.19468534359815,76.28650526784197,76.37841008707946,76.47043361829036,76.56254927055123,76.65457194164968,76.74629084412315,76.83749519050909,76.92797419334492,77.01751706516812,77.1059130185161,77.19295126592634,77.27842101993626,77.36211149308332,77.44381189790495,77.52331144693859,77.60039935272172,77.67486482779177,77.74649708468617,77.81508533594237,77.88041879409782,77.94228667168997,78.00047818125624,78.05478253533411,78.10498894646102,78.15088662717439,78.19226479001169,78.22891264751034,78.26061941220782,78.28715483303675,78.30796173119305,78.3222116538808,78.32906793709586,78.32769391683404,78.31725292909115,78.29690830986306,78.26582339514557,78.22316152093454,78.16808602322575,78.09976023801508,78.01734750129833,77.92001114907134,77.80691451732994,77.67722094206995,77.5300937592872,77.36469630497753,77.18019191513676,76.97574392576072,76.75051567284525,76.50367049238616,76.2343717203793,75.94178269282048,75.62506674570557,75.28338721503034,74.91590743679066
66.11720683864326,66.18059330536312,66.24376365634464,66.30672095584654,66.36946826812755,66.43200865744642,66.49434518806186,66.55648092423257,66.61841893021733,66.68016227027485,66.74171400866385,66.80307720964308,66.86425493747123,66.92525025640705,66.98606623070928,67.04670592463664,67.10717240244784,67.16746872840164,67.22759796675676,67.28756318177192,67.34736743770583,67.40701379881726,67.4665053293649,67.52584509360753,67.5850361558038,67.64408158021251,67.70298500241773,67.76176893290082,67.82047862935681,67.87916070373342,67.9378617679784,67.99662843403948,68.05550731386437,68.11454501940082,68.1737881625966,68.2332833553994,68.29307720975694,68.35321633761703,68.41374735092731,68.47471686163559,68.53617148168956,68.59815782303696,68.66072249762556,68.72391211740305,68.78777329431716,68.85235264031567,68.91769676734629,68.98385228735674,69.05086581229477,69.11878395410812,69.1876533247445,69.25752053615169,69.32841856837604,69.40029627496179,69.47307044924078,69.54665782143417,69.62097512176311,69.69593908044881,69.77146642771243,69.84747389377512,69.9238782088581,70.00059610318249,70.07754430696951,70.1546395504403,70.23179856381606,70.30893807731792,70.3859748211671,70.46282552558475,70.53940692079203,70.61563573701014,70.69142870446024,70.7667025533635,70.8413740139411,70.91535981641422,70.98857669100403,71.06094136793166,71.13237057741836,71.20278224198944,71.27219816367517,71.34082316320284,71.4088806910532,71.47659419770696,71.54418713364484,71.61188294934757,71.67990509529587,71.74847702197043,71.81782217985199,71.88816401942128,71.959725991159,72.03273154554589,72.10740413306264,72.18396720419,72.26264420940868,72.34365859919939,72.42723382404284,72.51359333441977,72.6029605808109,72.69555901369694,72.79161208355862,72.89134324087664,72.99497593613171,73.10273361980461,73.214839742376,73.33147897067794,73.45245496097775,73.57735511191765,73.7057643399864,73.83726756167272,73.97144969346533,74.10789565185296,74.24619035332432,74.38591871436819,74.52666565147325,74.66801608112823,74.80955491982189,74.95086708404293,75.09153749028007,75.23115105502207,75.36929269475763,75.5055473259755,75.63949986516437,75.77073522881302,75.89883833341014,76.02339409544447,76.14398743140472,76.26020325777965,76.37162649105798,76.47784204772842,76.57843513797036,76.67314016681561,76.76208302893829,76.8454530561939,76.92343958043789,76.99623193352573,77.06401944731292,77.12699145365491,77.18533728440715,77.23924627142517,77.2889077465644,77.33451104168034,77.37624548862843,77.41430041926418,77.44886516544304,77.48012905902048,77.508281431852,77.53351161579303,77.5560089426991,77.57596274442562,77.5935623528281,77.60899709976201,77.62245631708282,77.634129336646,77.64420549030703,77.65287410992138,77.6603028239727,77.66629471212107,77.67035036328181,77.67196121026025,77.67061868586173,77.66581422289156,77.65703925415508,77.64378521245763,77.62554353060453,77.60180564140111,77.57206297765272,77.53580697216466,77.49252905774227,77.4417206671909,77.38287323331585,77.31547818892247,77.2390269668161,77.15301099980204,77.05692172068564,76.95025056227223,76.83248895736713,76.70312833877568,76.56166013930323,76.40757579175505,76.24036672893654,76.05952438365298
67.48352677383218,67.41080462510817,67.34933363840352,67.29862652034349,67.2581959775533,67.22755471665815,67.20621544428329,67.19369086705393,67.18949369159532,67.19313662453267,67.2041323724912,67.22199364209614,67.24623313997273,67.27636357274618,67.31189764704172,67.35234806948458,67.39722754669998,67.44604878531315,67.49832449194932,67.5535673732337,67.61129013579153,67.67100548624805,67.73222613122846,67.794464777358,67.85723413126189,67.92004689956535,67.98242330167552,68.04413175705375,68.10523980518178,68.16583279361704,68.22599606991697,68.28581498163898,68.34537487634049,68.40476110157891,68.46405900491168,68.52335393389619,68.58273123608988,68.64227625905018,68.70207435033448,68.76221085750022,68.82277112810482,68.8838405097057,68.94550434986027,69.00784799612596,69.07095679606019,69.13491609722037,69.19981124716392,69.26572759344828,69.33275048363085,69.40096526526904,69.4704572859203,69.54131189314202,69.61359809741994,69.68728408832963,69.76229963307435,69.83857442322272,69.91603815034341,69.99462050600506,70.07425118177632,70.15485986922585,70.23637625992227,70.31873004543426,70.40185091733045,70.4856685671795,70.57011268655006,70.65511296701077,70.74059910013027,70.82650077747722,70.91274769062028,70.99926953112808,71.08599599056927,71.17285676051252,71.25978153252646,71.34669999817974,71.43354184904102,71.52023677667893,71.60671447266212,71.6929052186335,71.77879070645407,71.86444320438063,71.94994420057999,72.03537518321895,72.12081764046427,72.20635306048278,72.29206293144127,72.37802874150653,72.46433197884535,72.55105413162455,72.6382766880109,72.72608113617122,72.81454896427228,72.9037616604809,72.99380071296386,73.08474760988796,73.17668383942,73.26969088972677,73.36385024897507,73.4592434053317,73.55595184696345,73.65405706203713,73.75364053871951,73.8547837651774,73.9575682295776,74.06206330062605,74.16821928544516,74.2759189130436,74.38504413678451,74.49547691003109,74.60709918614646,74.71979291849381,74.8334400604363,74.9479225653371,75.06312238655933,75.1789214774662,75.29520179142087,75.41184528178647,75.52873390192619,75.64574960520318,75.7627743449806,75.87969007462164,75.99637874748942,76.11272231694713,76.22860273635791,76.34390195908496,76.45850193849142,76.57228462794045,76.68513198079522,76.79692595041888,76.90754833356625,77.01680136994842,77.12427854034094,77.22953949811493,77.33214389664148,77.43165138929174,77.52762162943682,77.61961427044785,77.70718896569595,77.78990536855223,77.86732313238782,77.93900191057384,78.00450135648141,78.06338112348166,78.11520086494569,78.15952023424465,78.19589888474964,78.22389646983177,78.2430726428622,78.25298705721202,78.25319936625236,78.24326922335435,78.22275628188909,78.19122019522773,78.14822061674137,78.09331719980112,78.02610852718499,77.9468470740518,77.8563278941685,77.75536246464553,77.64476226259337,77.52533876512248,77.39790344934332,77.26326779236634,77.12224327130201,76.9756413632608,76.82427354535317,76.66895129468956,76.51048608838045,76.34968940353632,76.18737271726758,76.02434750668473,75.86142524889824,75.69941742101854,75.53913550015612,75.38139096342142,75.22699528792491,75.07675995077705,74.9314964290883,74.79201619996913,74.65913074052999,74.53365152788135
67.17719306512932,67.03036705456583,66.9042410520429,66.79791105060039,66.71047304327817,66.64102302311612,66.58865698315408,66.55247091643194,66.53156081598956,66.52502267486683,66.53195248610359,66.55144624273971,66.58259993781506,66.62450956436953,66.67627111544296,66.73698058407524,66.80573396330621,66.88162724617577,66.96375642572377,67.05121749499008,67.14310644701456,67.2385192748371,67.33655197149756,67.4363005300358,67.53686094349167,67.63732920490509,67.7368135595146,67.8348270289017,67.931370453671,68.02647371667588,68.12016670076979,68.21247928880612,68.30344136363829,68.39308280811969,68.48143350510377,68.5685233374439,68.65438218799355,68.73903993960607,68.82252647513491,68.90487167743348,68.98610542935516,69.06625761375342,69.14535811348162,69.2234368113932,69.30052359034157,69.37664833318013,69.45184092276229,69.52613124194148,69.5995491735711,69.67212460050457,69.7438874055953,69.81486747169672,69.88510054293381,69.95465853507544,70.02362714873293,70.09209211165314,70.16013915158292,70.22785399626912,70.29532237345857,70.36263001089816,70.4298626363347,70.49710597751508,70.56444576218611,70.63196771809467,70.6997575729876,70.76790105461176,70.83648389071398,70.90559180904111,70.97531053734004,71.04572580335758,71.1169233348406,71.18898885953595,71.26200810519047,71.33606679955102,71.41125067036445,71.48764544537761,71.56533685233735,71.64441015067611,71.72490979793325,71.80680836538603,71.89007110689904,71.97466327633686,72.06055012756407,72.14769691444525,72.23606889084499,72.32563131062787,72.41634942765847,72.50818849580139,72.60111376892118,72.69509050088244,72.79008394554977,72.88605935678773,72.98298198846089,73.08081709443387,73.17952992857123,73.27908574473754,73.37944979679742,73.48058733861542,73.58246362405615,73.68504390698416,73.78829344126405,73.8921774807604,73.9966612793378,74.10171272586106,74.20732559543731,74.31350835593496,74.42026964386245,74.52761809572824,74.63556234804076,74.74411103730844,74.85327280003975,74.9630562727431,75.07347009192694,75.18452289409971,75.29622331576986,75.40857999344581,75.52160156363604,75.63529666284896,75.74967392759301,75.86474199437664,75.98050949970829,76.0969850800964,76.21417737204942,76.33209501207577,76.4507466366839,76.57014088238226,76.69028638567929,76.8111917830834,76.93286551927334,77.05521858941431,77.17790627961374,77.30054244075284,77.42274092371281,77.54411557937489,77.66428025862027,77.78284881233017,77.89943509138581,78.01365294666839,78.12511622905913,78.23343878943926,78.33823447868997,78.43911714769249,78.53570064732801,78.62759882847777,78.71442554202298,78.79579463884484,78.87131996982458,78.9406153858434,79.00329473778251,79.05897187652313,79.1072606529465,79.14777491793379,79.18012852236622,79.20393531712503,79.21878655611866,79.22389393472865,79.21815420302866,79.20045457799446,79.16968227660182,79.12472451582649,79.06446851264425,78.98780148403085,78.89361064696209,78.78078321841372,78.64820641536149,78.49476745478118,78.31935355364855,78.1208519289394,77.89814979762946,77.6501343766945,77.37569288311029,77.07371253385261,76.74308054589724,76.38268413621991,75.9914105217964,75.56814691960247,75.1117805466139,74.62119861980648,74.09528835615592,73.53293697263803
68.28756575837815,68.13893518014166,68.0033424181255,67.8804094949146,67.76975843309387,67.67101125524826,67.58378998396262,67.5077166418219,67.44241325141101,67.38750183531488,67.34260441611838,67.30734301640643,67.28133965876398,67.26421636577592,67.25559516002716,67.25509806410261,67.26234710058719,67.27696429206583,67.29857166112339,67.32679123034484,67.36124502231505,67.40155505961897,67.44734336484146,67.4982319605675,67.55384286938195,67.61379811386973,67.67772136488696,67.7452907472856,67.8162500115292,67.8903468150946,67.9673288154585,68.0469436700977,68.1289390364889,68.21306257210892,68.29906193443449,68.38668478094235,68.4756787691093,68.56579155641208,68.65677080032742,68.74836415833212,68.84031928790293,68.93238384651659,69.02430549164987,69.11583188077955,69.20671067138235,69.29668952093505,69.38551608691438,69.47293802679715,69.55870299806008,69.64255865817995,69.7242526646335,69.8035326748975,69.88018844029494,69.95426948574641,70.02592433466268,70.09530170533347,70.16255031604854,70.22781888509758,70.29125613077034,70.35301077135654,70.4132315251459,70.47206711042818,70.52966624549308,70.58617764863033,70.64175003812963,70.69653213228077,70.7506726493734,70.80432030769731,70.85762382554222,70.91073192119782,70.9637933129539,71.01695671910011,71.07037085792624,71.12418444772194,71.17854620677704,71.2336048533812,71.28950910582415,71.34640746145482,71.40442916815198,71.46366955937657,71.52422051638897,71.5861739204496,71.64962165281884,71.71465559475709,71.78136762752476,71.84984963238225,71.92019349058995,71.99249108340825,72.06683429209758,72.14331499791831,72.22202508213087,72.30305642599563,72.38650091077301,72.4724504177234,72.56099682810719,72.65223202318478,72.74624788421661,72.84313629246302,72.94298912918444,73.04589827564129,73.15195561309392,73.26125302280275,73.37388238602821,73.48991596640829,73.60923330405896,73.73160455123386,73.85679860465879,73.9845843610596,74.11473071716208,74.24700656969208,74.38118081537536,74.51702235093776,74.65430007310513,74.79278287860325,74.93223966415795,75.07243932649502,75.21315076234032,75.35414286841961,75.49518454145877,75.6360446781836,75.77649217531987,75.91629592959345,76.05522483773012,76.19304779645572,76.32953370249604,76.46445145257692,76.59756994342419,76.72865807176362,76.85748463369075,76.98376730510168,77.1070896216844,77.2270133829791,77.34310038852595,77.45491243786518,77.56201133053696,77.66395886608149,77.76031684403895,77.85064706394957,77.9345113253535,78.01147142779095,78.08108917080213,78.14292635392721,78.19654477670639,78.2415062386799,78.27737253938787,78.30370547837055,78.32006685516808,78.32601846932073,78.32112212036861,78.30493960785196,78.27703273131098,78.23696329028584,78.18429308431675,78.11858391294388,78.03950815007695,77.94859547348821,77.84891669122473,77.74358925989577,77.63573063611048,77.52845827647812,77.42488963760786,77.32814217610894,77.24133334859056,77.16758061166195,77.11000142193228,77.0717132360108,77.05583351050672,77.0654797020292,77.10376926718752,77.17381966259086,77.27874834484842,77.42167277056942,77.60571039636307,77.8339786788386,78.10959507460521,78.43567704027211,78.81534203244851,79.25170750774359,79.7478909227666,80.30700973412675
68.18132930284747,67.91566517011054,67.6827973552675,67.48122233254196,67.30943657615762,67.16593656033811,67.04921875930708,66.95777964728825,66.89011569850521,66.84472338718169,66.82009918754127,66.81473957380769,66.82714102020458,66.85580000095558,66.89921299028435,66.95587646241461,67.02428689156997,67.10294075197407,67.19033451785063,67.2849646634233,67.38532766291567,67.4899199905515,67.59723812055438,67.70577852714803,67.81403768455604,67.92051206700214,68.02372074661793,68.12292936345887,68.21830328910278,68.31006146053909,68.39842281475717,68.48360628874647,68.5658308194964,68.64531534399637,68.7222787992358,68.79694012220409,68.86951824989066,68.94023211928493,69.0093006673763,69.07694283115418,69.14337754760803,69.20882375372719,69.27350038650113,69.33762638291924,69.40142067997095,69.46510221464567,69.52888992393278,69.59300274482172,69.6576596143019,69.72307946936277,69.78948124699369,69.85708388418408,69.9260762721299,69.99646188053316,70.06817351584087,70.14114384539911,70.21530553655401,70.29059125665168,70.3669336730382,70.44426545305967,70.52251926406225,70.60162777339198,70.68152364839503,70.76213955641745,70.84340816480537,70.92526214090489,71.00763415206214,71.0904568656232,71.17366294893418,71.25718506934118,71.34095589419033,71.42490809082773,71.50897432659946,71.59308726885166,71.67717958493043,71.76118394218184,71.84503300795203,71.92865980269525,72.01202811141226,72.09515592120317,72.17806673648263,72.26078406166539,72.34333140116615,72.42573225939961,72.50801014078047,72.59018854972348,72.67229099064329,72.75434096795465,72.83636198607226,72.91837754941085,73.00041116238506,73.08248632940968,73.1646265548994,73.24685534326889,73.32919619893289,73.41167262630611,73.49430812980324,73.57712621383902,73.66015038282814,73.7434041411853,73.82691099332521,73.9106944436626,73.99477799661216,74.07919105885634,74.16402102095543,74.24938818451452,74.3354132288838,74.42221683341342,74.50991967745364,74.59864244035461,74.68850580146656,74.77963044013964,74.87213703572405,74.96614626757,75.06177881502768,75.15915535744728,75.25839657417899,75.35962314457299,75.46295574797949,75.56851506374869,75.67642177123074,75.78679654977589,75.89976007873432,76.01543303745618,76.1339361052917,76.25538996159105,76.37991528570447,76.50763275698208,76.63866255405162,76.77287048850343,76.9094549088162,77.04750600740553,77.18611397668701,77.32436900907621,77.46136129698871,77.59618103284012,77.72791840904603,77.85566361802196,77.97850685218356,78.0955383039464,78.20584816572605,78.30852662993814,78.4026638889982,78.48735013532183,78.56167556132465,78.62473035942219,78.67560472203004,78.71338884156384,78.73717291043917,78.74604712107154,78.73910166587663,78.71542673726995,78.67411252766712,78.61424922948373,78.53503962459882,78.43757764603541,78.32452644246348,78.1985966612329,78.06249894969352,77.91894395519523,77.77064232508789,77.62030470672136,77.47064174744551,77.32436409461019,77.18418239556527,77.05280729766062,76.93294944824612,76.82731949467163,76.73862808428697,76.66958586444207,76.62290348248678,76.60129158577092,76.6074608216444,76.64412183745708,76.7139852805588,76.81976179829948,76.96416203802892,77.14989664709702,77.37967627285366,77.65621156264865
66.4350666891641,66.43640641903899,66.44161055953391,66.45059861064247,66.46329007235826,66.47960444467483,66.49946122758578,66.52277992108469,66.54948002516515,66.57948103982075,66.61270246504505,66.64906380083164,66.68848454717411,66.73088420406604,66.77618227150103,66.82429824947263,66.87515163797444,66.92866193700006,66.98474864654304,67.04333126659698,67.10432929715546,67.16766223821206,67.23324958976036,67.30101085179398,67.37086552430645,67.44273310729137,67.51653218207535,67.5921509799496,67.66944115564921,67.7482521863283,67.82843354914097,67.90983472124132,67.99230517978346,68.07569440192147,68.15985186480947,68.24462704560156,68.32986942145185,68.41542846951441,68.50115366694338,68.58689449089285,68.6725004185169,68.75782092696966,68.84270549340522,68.92700359497769,69.01056470884116,69.09323831214974,69.17487388205753,69.25532089571863,69.33442883028714,69.41204716291716,69.4880253707628,69.56221293097816,69.63449138990451,69.70494020233913,69.7737142450565,69.84096854329958,69.90685812231133,69.97153800733471,70.0351632236127,70.09788879638822,70.15986975090425,70.22126111240374,70.28221790612966,70.34289515732496,70.40344789123259,70.46403113309552,70.5247999081567,70.5859092416591,70.64751415884565,70.70976968495934,70.77283084524312,70.83685266493994,70.90199016929277,70.96839838354455,71.03623233293825,71.10564704271683,71.17679753812324,71.24983816741775,71.32486429674351,71.40186737540029,71.48082827483327,71.56172786648769,71.64454702180872,71.72926661224157,71.81586750923144,71.90433058422353,71.99463670866304,72.08676675399516,72.18070159166511,72.27642209311807,72.37390912979924,72.47314357315385,72.57410629462707,72.67677816566412,72.78114005771018,72.88717284221045,72.99485739061014,73.10417457435446,73.21510526488859,73.32763033365774,73.44173065210711,73.55738709168189,73.6745805238273,73.7932812050395,73.91335511055539,74.0346090266561,74.156849060266,74.27988131830948,74.40351190771091,74.52754693539468,74.65179250828515,74.77605473330675,74.90013971738382,75.02385356744075,75.14700239040192,75.26939229319171,75.39082938273452,75.5111197659547,75.63006954977665,75.74748484112475,75.86317174692337,75.9769363740969,76.08858482956971,76.1979232202662,76.30475765311076,76.40889423502772,76.51013907294151,76.60829827377648,76.70317796607472,76.79459526015863,76.88239608271523,76.96643102984999,77.04655069766835,77.12260568227576,77.19444657977768,77.26192398627954,77.32488849788682,77.38319071070494,77.43668122083936,77.48521062439555,77.52862951747893,77.56678849619499,77.59953815664913,77.62672909494684,77.64821190719354,77.66383718949471,77.67345553795579,77.67691754868223,77.67407381777946,77.66477494135296,77.64887151550816,77.62621413635053,77.59665339998551,77.56003990251854,77.51626360154991,77.46587560478835,77.40997562077678,77.3496799636887,77.2861049476977,77.22036688697726,77.15358209570095,77.08686688804232,77.0213375781749,76.9581104802722,76.89830190850778,76.84302817705517,76.79340560008792,76.75055049177958,76.71557916630364,76.68960793783367,76.67375312054321,76.66913102860579,76.67685797619495,76.69805027748421,76.73382424664715,76.78529619785726,76.85358244528811,76.93979930311322,77.04506308550614,77.1704901066404
67.94443857114162,67.65688788006922,67.4055633388863,67.18876452314642,67.00479100840315,66.85194237021005,66.7285181841207,66.63281802568869,66.56314147046757,66.51778809401092,66.4950574718723,66.49324917960529,66.51066279276345,66.54559788690038,66.59635403756961,66.66123082032475,66.73852781071933,66.82654458430696,66.92358071664118,67.02793578327558,67.13790935976373,67.25180102165919,67.36791034451554,67.48453690388635,67.59998027532518,67.71254003438563,67.82054179862925,67.92317153640109,68.02065207377285,68.11326796602044,68.20130376841973,68.28504403624666,68.36477332477708,68.44077618928692,68.51333718505207,68.5827408673484,68.64927179145185,68.7132145126383,68.77485358618365,68.83447356736379,68.89235901145462,68.94879447373204,69.00406450947195,69.05845367395023,69.1122465224428,69.16572761022555,69.21918149257438,69.27289272476517,69.32714586207383,69.38222545977628,69.43841607314839,69.49600225746605,69.55522852740889,69.61609229527288,69.67849680380345,69.74234511037295,69.80754027235366,69.87398534711791,69.941583392038,70.01023746448624,70.07985062183495,70.15032592145644,70.22156642072301,70.293475177007,70.36595524768069,70.43890969011639,70.51224156168645,70.58585391976315,70.6596498217188,70.73353232492573,70.80740448675624,70.88116936458265,70.95473001577726,71.0279894977124,71.10085086776036,71.17321718329345,71.244991501684,71.316078048501,71.38648282844939,71.45639116442483,71.52600663239618,71.59553280833227,71.66517326820193,71.735131587974,71.80561134361731,71.87681611110071,71.94894946639305,72.02221498546314,72.09681624427982,72.17295681881194,72.25084028502832,72.33067021889782,72.41265019638927,72.4969837934715,72.58387458611334,72.67352615028364,72.76614206195124,72.86192589708497,72.96108123165367,73.06381164162616,73.1703207029713,73.28081199165793,73.39548908365487,73.5145092915463,73.63757543642554,73.76413237475302,73.89362200213259,74.02548621416807,74.1591669064633,74.29410597462211,74.42974531424832,74.5655268209458,74.70089239031834,74.8352839179698,74.96814329950402,75.09891243052479,75.227033206636,75.35194752344144,75.47309727654495,75.58992436155039,75.70187067406154,75.8083781096823,75.90888856401645,76.00284393266784,76.08968611124031,76.16885699533768,76.23979848056379,76.30195246252248,76.35476152276944,76.39801670640286,76.43242343234421,76.45883528511565,76.47810584923941,76.49108870923769,76.49863744963264,76.5016056549465,76.50084690970145,76.49721479841968,76.49156290562338,76.48474481583479,76.47761411357605,76.47102438336938,76.46582920973698,76.46288217720104,76.46303687028376,76.46714687350732,76.47606577139393,76.4906471484658,76.5117445892451,76.54021167825404,76.57690200001481,76.62266913904962,76.67836667988064,76.74484820703007,76.82283281904307,76.91078067031867,77.00527751695057,77.10285237876084,77.20003427557162,77.293352227205,77.3793352534831,77.45451237422799,77.51541260926179,77.55856497840661,77.58049850148454,77.5777421983177,77.54682508872817,77.48427619253808,77.3866245295695,77.25039911964457,77.07212898258537,76.84834313821402,76.57557060635261,76.25034040682324,75.86918155944802,75.42862308404906,74.92519400044844,74.35542332846832,73.71584008793073,73.0029732986578
67.22590241682565,67.05347690318459,66.90427603266919,66.77726639041892,66.67141456157327,66.58568713127171,66.51905068465372,66.4704718068588,66.4389170830264,66.423353098296,66.42274643780712,66.43606368669919,66.46227143011173,66.50033625318419,66.54922474105605,66.60790347886682,66.67533905175596,66.75049804486294,66.83234704332726,66.91985263228838,67.0119813968858,67.10769992225899,67.20597479354741,67.30577259589057,67.40605991442794,67.50580333429899,67.60398363464493,67.70005052236726,67.79401883591724,67.88593705878719,67.97585367446945,68.06381716645635,68.14987601824023,68.23407871331344,68.31647373516829,68.39710956729714,68.47603469319232,68.55329759634616,68.628946760251,68.70303066839918,68.77559780428304,68.8466966513949,68.91637569322711,68.98468341327201,69.05166829502193,69.1173788219692,69.18186347760616,69.24517074542516,69.30734910891852,69.36844705157858,69.42851305689769,69.48759560836815,69.54575492731001,69.60312367265571,69.65986210896945,69.7161305551572,69.77208933012498,69.82789875277878,69.88371914202459,69.9397108167684,69.99603409591622,70.05284929837401,70.11031674304779,70.16859674884356,70.2278496346673,70.28823571942499,70.34991532202265,70.41304876136627,70.47779635636184,70.54431842591535,70.6127752889328,70.68332726432017,70.75613467098347,70.83135782782868,70.90915705376182,70.98969266768884,71.07312498851577,71.1596129576927,71.2491955058239,71.34170012403216,71.43693278069169,71.53469944417674,71.63480608286154,71.73705866512034,71.84126315932735,71.94722553385682,72.05475175708298,72.16364779738007,72.27371962312232,72.38477320268396,72.49661450443924,72.60904949676237,72.7218841480276,72.83492442660916,72.94797630088131,73.06084573921825,73.17333870999424,73.2852611815835,73.39641912236026,73.50661850069876,73.61566528497325,73.72336544355794,73.82952494482709,73.93396488743672,74.0366550099313,74.13764941730662,74.23700318289654,74.3347713800349,74.43100908205551,74.52577136229223,74.61911329407887,74.71108995074931,74.80175640563733,74.89116773207682,74.97937900340158,75.06644529294546,75.1524216740423,75.23736322002593,75.32132500423018,75.4043620999889,75.48652958063592,75.56788251950509,75.64847598993022,75.72836506524516,75.80760481878376,75.88625032387982,75.96435665386723,76.04197888207977,76.11917200612177,76.1959525529855,76.27223610217156,76.3479218755975,76.42290909518087,76.49709698283922,76.57038476049009,76.64267165005101,76.71385687343955,76.78383965257323,76.85251920936965,76.91979476574629,76.98556554362072,77.04973076491052,77.11218965153319,77.17284142540629,77.23158530844738,77.288320522574,77.34294628970368,77.39536183175399,77.44546637064245,77.49315912828663,77.53833932660407,77.58090618751231,77.6207589329289,77.65779678477138,77.69187779578718,77.72216850531925,77.74726165740192,77.76573262782587,77.77615679238176,77.77710952686029,77.76716620705211,77.74490220874793,77.70889290773842,77.65771367981422,77.58993990076605,77.50414694638458,77.39891019246048,77.27280501478442,77.12440678914709,76.95229089133916,76.75503269715131,76.53120758237421,76.27939092279857,75.99815809421501,75.68608447241425,75.34174543318696,74.96371635232381,74.5505726056155,74.10088956885266,73.61324261782602
67.30112856919936,67.17414423729304,67.06057006317408,66.95994252648939,66.87179810688588,66.79567328401045,66.73110453751,66.67762834703147,66.63478119222177,66.60209955272778,66.57911990819643,66.56537873827463,66.5604125226093,66.56375774084732,66.57495087263563,66.59352839762113,66.61902679545072,66.65098254577133,66.68893212822985,66.73241202247321,66.7809587081483,66.83410866490206,66.89139837238137,66.95236431023315,67.01654295810432,67.08347079564179,67.15268872381611,67.22388371103136,67.29691875987434,67.37166735310645,67.44800297348905,67.52579910378361,67.60492922675148,67.68526682515407,67.7666853817528,67.84905837930904,67.9322593005842,68.0161616283397,68.10063884533692,68.18556443433727,68.27081187810212,68.35625465939292,68.44176626097104,68.52722016559788,68.61248985603486,68.69744881504334,68.78197052538476,68.86592846982052,68.94919613111198,69.03164699202057,69.1131545353077,69.19359224373474,69.2728578035172,69.35099826755706,69.42811761169465,69.50431992382329,69.57970929183632,69.6543898036271,69.72846554708892,69.80204061011514,69.8752190805991,69.94810504643414,70.02080259551357,70.09341581573076,70.16604879497902,70.23880562115168,70.3117903821421,70.3851071658436,70.45886006014953,70.53315315295322,70.60809053214798,70.68377628562719,70.76031450128416,70.83780926701222,70.91636467070471,70.99608480025498,71.07707374355634,71.15943472322552,71.24319557465158,71.32825131325879,71.41448343452385,71.50177343392346,71.59000280693434,71.67905304903314,71.76880565569661,71.85914212240142,71.94994394462428,72.04109261784188,72.13246963753093,72.22395649916812,72.31543469823016,72.40678573019375,72.49789109053557,72.58863227473235,72.67889077826077,72.76854809659751,72.8574857252193,72.94558515960284,73.03272789522481,73.11879542756192,73.20366925209088,73.28723086428836,73.36936175963108,73.44996816995081,73.52919933703149,73.60734243257292,73.68468621140164,73.76151942834419,73.83813083822707,73.91480919587683,73.99184325611999,74.06952177378311,74.14813350369268,74.22796720067524,74.30931161955732,74.39245551516545,74.47768764232617,74.565296755866,74.65557161061149,74.74880096138912,74.84527356302547,74.94527817034705,75.04910353818039,75.15703842135201,75.26937157468846,75.38639175301626,75.50838771116193,75.635648203952,75.76846127179294,75.9067520296877,76.04949327066515,76.19550347301575,76.34360111502987,76.49260467499793,76.64133263121033,76.78860346195748,76.93323564552982,77.0740476602177,77.20985798431157,77.33948509610181,77.46174747387886,77.57546359593312,77.67945194055496,77.77253098603484,77.85351921066314,77.92123509273027,77.97449711052664,78.01212374234265,78.03293346646873,78.03574476119528,78.0193761048127,77.98264597561138,77.92437285188177,77.84337521191425,77.73859918707231,77.61113508143144,77.46385236377324,77.29967435651953,77.1215243820921,76.93232576291278,76.73500182140339,76.53247587998571,76.32767126108159,76.12351128711282,75.92291928050122,75.7288185636686,75.54413245903676,75.37178428902754,75.21469737606273,75.07579504256414,74.9580006109536,74.86423740365291,74.7974287430839,74.76049795166834,74.75636835182809,74.78796326598494,74.8582060165607,74.97001992597718,75.12632831665621,75.33005451101958
67.24864200338469,67.1023650434505,66.97661794140659,66.87049894787893,66.78310631349349,66.71353828887626,66.66089312465323,66.62426907145037,66.60276437989367,66.5954773006091,66.60150608422266,66.61994898136031,66.64990424264805,66.69047011871184,66.74074486017767,66.79982671767154,66.8668139418194,66.94080478324724,67.02089749258107,67.10619032044684,67.19578151747054,67.28876933427814,67.38425202149566,67.48132782974903,67.57909500966426,67.67665181186733,67.77310874605817,67.86798132541654,67.96127315588103,68.05301690193588,68.14324522806528,68.23199079875349,68.31928627848468,68.40516433174311,68.489657623013,68.57279881677856,68.65462057752401,68.73515556973358,68.81443645789149,68.89249590648195,68.9693665799892,69.04508114289744,69.11967225969092,69.19317259485382,69.26561481287041,69.33703157822487,69.40745555540144,69.47691940888434,69.54545580315781,69.61309740270603,69.67987687201325,69.7458268755637,69.81098538152196,69.87542308863574,69.93922316912331,70.00246881975697,70.06524323730903,70.12762961855182,70.18971116025766,70.25157105919885,70.31329251214773,70.3749587158766,70.43665286715779,70.49845816276361,70.56045779946639,70.62273497403844,70.68537288325207,70.7484547238796,70.81206369269337,70.87628298646567,70.94119580196882,71.00688533597516,71.07343478525699,71.14092734658664,71.20944621673641,71.27907459247862,71.34989567058561,71.4219924936276,71.49543466931958,71.57026813535889,71.64653642003553,71.72428305163953,71.80355155846088,71.88438546878962,71.96682831091573,72.05092361312924,72.13671490372018,72.22424571097852,72.31355956319432,72.40469998865754,72.49771051565824,72.59263467248641,72.68951598743206,72.7883979887852,72.88932420483586,72.99233816387404,73.09748339418975,73.204803424073,73.31434178181382,73.42614199570221,73.54024759402817,73.65670210508173,73.7755490571529,73.89681131848789,74.02030879306265,74.14574618444897,74.27282687397577,74.401254242972,74.53073167276662,74.66096254468857,74.79165024006682,74.9224981402303,75.05320962650796,75.18348808022877,75.31303688272166,75.44155941531558,75.5687590593395,75.69433919612234,75.81800320699308,75.93945447328066,76.05839637631402,76.17453229742213,76.28756561793392,76.39719971917835,76.50313798248436,76.60508378918091,76.70274052059695,76.79581155806143,76.88400046189189,76.96710171861068,77.04514840653351,77.11821226551199,77.1863650353977,77.24967845604228,77.3082242672973,77.36207420901441,77.41130002104518,77.45597344324122,77.49616621545414,77.53195007753554,77.56339676933705,77.59057803071023,77.61356560150674,77.63243122157814,77.64724663077605,77.6580835689521,77.66501377595785,77.66810899164493,77.66744095586496,77.66308140846952,77.65510208931022,77.64357473823868,77.6285710951065,77.61016289976527,77.58843222029361,77.56363460670802,77.53616955868881,77.50644093313709,77.47485258695392,77.44180837704037,77.40771216029756,77.37296779362656,77.33797913392844,77.3031500381043,77.26888436305522,77.23558596568229,77.20365870288659,77.1735064315692,77.1455330086312,77.12014229097369,77.09773813549774,77.07872439910443,77.06350493869486,77.05248361117012,77.04606427343127,77.0446507823794,77.04864699491561,77.05845676794097,77.07448395835657,77.09713242306348
66.50610973419118,66.55782001314364,66.60905409229522,66.6598791281875,66.710362277362,66.76057069636028,66.8105715417239,66.86043196999441,66.91021913771336,66.9600002014223,67.00984231766279,67.05981264297638,67.1099783339046,67.16040654698905,67.21116443877123,67.26231916579273,67.31393788459508,67.36608775171985,67.41883592370857,67.4722495571028,67.52639580844411,67.58134183427401,67.63715479113411,67.69390183556591,67.751650124111,67.8104668133109,67.87041734149575,67.93151038238119,67.99368619941315,68.05688098324008,68.12103092451045,68.18607221387273,68.25194104197541,68.31857359946694,68.38590607699581,68.45387466521046,68.52241555475939,68.59146493629106,68.66095900045393,68.73083393789648,68.80102593926716,68.87147119521448,68.94210589638688,69.01286623343283,69.08368839700083,69.1545085777393,69.22526296629675,69.29588775332164,69.36631912946243,69.4364932853676,69.50634641168563,69.57581469906496,69.64484775384433,69.71347797456204,69.78176931147233,69.84978577693913,69.91759138332637,69.985250142998,70.05282606831791,70.12038317165008,70.1879854653584,70.25569696180682,70.32358167335927,70.39170361237967,70.46012679123197,70.52891522228008,70.59813291788794,70.66784389041948,70.73811215223863,70.80900171570931,70.88057659319547,70.95290079706102,71.02603833966992,71.10005323338608,71.17500949057342,71.25097112359589,71.3280021448174,71.40616632137228,71.48550605476288,71.56602610374266,71.64772739535202,71.73061085663139,71.81467741462117,71.89992799636178,71.98636352889365,72.07398493925714,72.16279315449272,72.25278910164077,72.34397370774172,72.43634789983597,72.52991260496393,72.62466875016601,72.72061726248263,72.81775906895422,72.91609509662116,73.01562627252387,73.11635352370278,73.2182777771983,73.32139996005083,73.42572099930078,73.53124182198856,73.6379633551546,73.74588652583931,73.8550054718992,73.96524763424839,74.07650259731157,74.18865951100581,74.30160752524803,74.41523578995526,74.52943345504447,74.64408967043263,74.75909358603678,74.87433435177387,74.9897011175609,75.10508303331484,75.2203692489527,75.33544891439146,75.4502111795481,75.56454519433963,75.67834010868302,75.79148507249526,75.90386923569335,76.01538174819427,76.125911759915,76.23534842077254,76.34358088068387,76.450498289566,76.55598979733588,76.65994455132893,76.76225038743094,76.86279170026319,76.9614523268228,77.0581161041068,77.15266686911231,77.24498845883637,77.33496471027608,77.42247946042852,77.50741654629073,77.58965980485982,77.66909307313286,77.7456001881069,77.81906498677907,77.88937130614639,77.95640298320596,78.02004385495485,78.08017775839014,78.1366885305089,78.18946000830822,78.23837602878515,78.28332042893679,78.32417704576021,78.36082971625247,78.39316227741067,78.42105856623186,78.44441219075482,78.46328088198395,78.47785855481706,78.48834324631014,78.4949329935192,78.49782583350026,78.4972198033093,78.49331294000234,78.48630328063538,78.47638886226443,78.46376772194547,78.44863789673452,78.43119742368759,78.41164433986069,78.3901766823098,78.36699248809094,78.34228979426011,78.31626663787333,78.28912105598657,78.26105108565585,78.23225476393719,78.20293012788657,78.17327521456001,78.14348806101351,78.11376670430307,78.0843091814847
67.51646955833294,67.53752182527147,67.5579643742021,67.57790028552414,67.59743263963685,67.61666451693954,67.63569899783147,67.65463916271193,67.67358809198022,67.69264886603563,67.7119245652774,67.73151827010487,67.75153306091728,67.77207201811395,67.79323822209415,67.81513475325715,67.83786469200226,67.86153111872875,67.8862371138359,67.912085757723,67.93918013078935,67.96762331343423,67.9975183860569,68.02896842905666,68.06207652283281,68.09694574778462,68.1336774243533,68.17231472918002,68.21283076650126,68.25519446880095,68.2993747685631,68.34534059827166,68.39306089041061,68.44250457746391,68.49364059191555,68.5464378662495,68.60086533294974,68.65689192450021,68.71448657338492,68.77361821208781,68.83425577309289,68.8963681888841,68.95992439194544,69.02489331476085,69.09124388981432,69.15894504958983,69.22796572657136,69.29827485324284,69.3698413620883,69.44263418559166,69.51662225623693,69.59177450650806,69.66805498149695,69.7453975647508,69.82372464539468,69.90295858992685,69.98302176484556,70.06383653664908,70.14532527183566,70.22741033690356,70.31001409835105,70.39305892267636,70.47646717637777,70.56016122595354,70.64406343790189,70.72809617872113,70.8121818149095,70.89624271296523,70.98020123938663,71.0639797606719,71.14750064331935,71.2306862538272,71.31345895869372,71.39574112441717,71.47745511749582,71.55852330442791,71.6388680517117,71.71841246227162,71.79714380016267,71.87516237085782,71.95257998648904,72.02950845918828,72.10605960108751,72.1823452243187,72.2584771410138,72.33456716330477,72.4107271033236,72.48706877320221,72.5637039850726,72.64074455106675,72.71830228331656,72.79648899395406,72.87541649511117,72.95519659891985,73.03594111751211,73.11776186301987,73.20077064757511,73.2850792833098,73.37079958235589,73.45804335684534,73.54692241891013,73.6375485806822,73.73003365429355,73.8244786314167,73.92087820353066,74.01916672723273,74.11927786661073,74.22114528575251,74.32470264874593,74.4298836196788,74.53662186263901,74.64485104171438,74.75450482099275,74.86551686456198,74.97782083650992,75.0913504009244,75.20603922189328,75.32182096350438,75.43862928984558,75.55639786500471,75.67506035306961,75.79455041812814,75.91480172426813,76.03574793557743,76.15732271614388,76.27945973005535,76.40209264139966,76.52515511426466,76.64858057972039,76.77218409578036,76.89547010769375,77.01789272885895,77.13890607267436,77.25796425253836,77.37452138184933,77.48803157400567,77.59794894240578,77.70372760044802,77.80482166153081,77.9006852390525,77.99077244641153,78.07453739700625,78.15143420423506,78.22091698149634,78.28243984218851,78.33545689970991,78.37942226745898,78.41379005883407,78.43801438723358,78.45154936605591,78.45384910869944,78.44436772856255,78.42255933904366,78.38787805354112,78.33985574448772,78.27933039309703,78.20822374712434,78.12849035891766,78.04208478082495,77.95096156519419,77.85707526437335,77.76238043071042,77.66883161655336,77.57838337425014,77.49299025614874,77.41460681459714,77.34518760194331,77.28668717053522,77.24106007272086,77.21026086084818,77.19624408726517,77.20096430431981,77.22637606436007,77.27443391973391,77.34709242278932,77.44630612587427,77.57402958133673,77.73221734152469,77.9228239587861,78.14780398546895
67.69965215362416,67.48950683957592,67.30414035769861,67.14248156590499,67.00345932210787,66.88600248422001,66.78903991015424,66.71150045782332,66.65231298514004,66.6104063500172,66.58470941036757,66.57415102410395,66.57766004913913,66.5941653433859,66.62259576475705,66.66188017116536,66.71094742052362,66.76872637074463,66.83414587974116,66.90613480542602,66.983622005712,67.06553633851186,67.15080666173841,67.23836183330444,67.32713071112272,67.41604215310606,67.50404028478904,67.59057362869257,67.6756985848716,67.75950774329941,67.84209369394922,67.92354902679432,68.00396633180793,68.08343819896332,68.16205721823376,68.23991597959245,68.31710707301269,68.39372308846774,68.46985661593081,68.54560024537518,68.6210465667741,68.69628817010083,68.77141764532861,68.84652758243071,68.92171057138036,68.99705920215084,69.07266606471538,69.14862374904723,69.22502484511968,69.30196194290595,69.3795276323793,69.45781450351298,69.536897837853,69.61674610151235,69.69728705374735,69.77844837368266,69.86015774044301,69.9423428331531,70.02493133093763,70.10785091292128,70.19102925822874,70.27439404598474,70.35787295531397,70.4413936653411,70.52488385519086,70.60827120398794,70.69148339085703,70.77444809492283,70.85709299531005,70.93934577114338,71.02113410154753,71.10238566564718,71.18302814256703,71.26298921143179,71.34219655136614,71.4205778414948,71.49806076094247,71.57457371918487,71.65010875753201,71.72477002617835,71.79867308705333,71.87193350208643,71.9446668332071,72.01698864234476,72.08901449142888,72.16085994238891,72.2326405571543,72.3044718976545,72.37646952581896,72.44874900357713,72.52142589285846,72.59461575559241,72.66843415370843,72.74299664913596,72.81841880380445,72.89481617964336,72.97230433858213,73.05099884255021,73.13101525347709,73.21246913329216,73.29547604392491,73.38015154730478,73.46661120536122,73.55496365240421,73.64524946580998,73.7374705945486,73.83162854422245,73.92772482043394,74.02576092878547,74.12573837487946,74.22765866431827,74.33152330270434,74.43733379564004,74.5450916487278,74.65479836757001,74.76645545776906,74.88006442492735,74.9956267746473,75.11314401253131,75.23261764418176,75.35404917520107,75.47744011119163,75.60279195775584,75.73010622049611,75.85938440501485,75.99062801691444,76.12383856179729,76.25901754526579,76.3961660300476,76.53506009848788,76.67488548086531,76.81473224650856,76.95369046474626,77.09085020490707,77.22530153631965,77.35613452831264,77.48243925021472,77.60330577135451,77.71782416106069,77.8250844886619,77.92417682348679,78.01419123486403,78.09421779212225,78.16334656459013,78.22066762159629,78.26527103246943,78.29624686653816,78.31268519313114,78.31367608157706,78.29830960120454,78.26567582134223,78.21486481131879,78.1449666404629,78.05507137810318,77.9444267891353,77.8149294311823,77.67067374383254,77.51582069449174,77.35453125056561,77.19096637945987,77.02928704858024,76.87365422533244,76.72822887712219,76.5971719713552,76.48464447543716,76.39480735677384,76.33182158277093,76.29984812083414,76.3030479383692,76.34558200278182,76.43161128147773,76.56529674186264,76.75079935134224,76.99228007732228,77.29389988720847,77.65981974840653,78.09420062832217,78.60120349436109,79.18498931392904,79.84971905443173
67.05945722895584,66.99610630818903,66.94515235165058,66.90602707881553,66.8781622091589,66.86098946215576,66.8539405572811,66.85644721400999,66.86794115181745,66.88785409017851,66.9156177485682,66.95066384646157,66.99242410333363,67.04033023865944,67.09381397191402,67.1523070225724,67.21524111010963,67.28204795400075,67.35215927372074,67.42500678874471,67.50002221854764,67.57663728260458,67.65428370039056,67.73239319138062,67.8103974750498,67.88772827087313,67.96382603153894,68.03841972922726,68.11158604738887,68.18342237042465,68.25402608273546,68.3234945687222,68.39192521278568,68.4594153993268,68.52606251274645,68.59196393744546,68.65721705782472,68.7219192582851,68.78616792322745,68.85006043705265,68.91369418416157,68.97716654895508,69.04057491583406,69.10401666919934,69.16758919345183,69.23138987299237,69.29551609222185,69.36006523554111,69.42513468735106,69.49082183205253,69.5572240540464,69.62443873773356,69.6925532350959,69.76159298508547,69.83155983189124,69.90245557325579,69.9742820069217,70.04704093063152,70.12073414212787,70.1953634391533,70.2709306194504,70.34743748076174,70.42488582082991,70.50327743739749,70.58261412820704,70.66289769100115,70.74412992352241,70.82631262351337,70.90944758871665,70.99353661687478,71.07858150573037,71.164584053026,71.25154605650424,71.33946931390767,71.42835562297886,71.51820678146039,71.60902458709486,71.70081048408163,71.79353511416876,71.88711485022311,71.981460540999,72.07648303525077,72.17209318173276,72.26820182919933,72.36471982640478,72.46155802210347,72.55862726504975,72.65583840399795,72.75310228770238,72.8503297649174,72.94743168439737,73.04431889489659,73.14090224516943,73.2370925839702,73.33280076005326,73.42793762217293,73.52241401908357,73.6161407995395,73.70902881229507,73.8009889061046,73.89193192972245,73.98176873190295,74.07041016140045,74.15778058786005,74.24393721015805,74.3290126196578,74.41314027305968,74.496453627064,74.57908613837114,74.66117126368147,74.74284245969532,74.82423318311308,74.90547689063507,74.98670703896168,75.06805708479324,75.14966048483012,75.23165069577269,75.31416117432128,75.39732537717627,75.481276761038,75.56614878260685,75.65207489858315,75.73918856566728,75.82762324055957,75.91751237996041,76.00898944057013,76.1021878790891,76.19724115221769,76.2942824340034,76.39330131086575,76.49391059302683,76.59566203770157,76.6981074021049,76.80079844345173,76.90328691895697,77.00512458583553,77.10586320130236,77.20505452257234,77.30225030686043,77.3970023113815,77.48886229335051,77.57738200998234,77.66211321849194,77.74260767609421,77.81841714000407,77.88909336743644,77.95418811560624,78.01325314172838,78.06584020301779,78.11150105668936,78.14978745995803,78.18025117003873,78.20244394414635,78.21591753949583,78.22026283451888,78.21572782183597,78.20310574602692,78.1832063559349,78.15683940040309,78.12481462827463,78.08794178839274,78.04703062960057,78.00289090074129,77.95633235065807,77.9081647281941,77.85919778219251,77.81024126149653,77.76210491494929,77.71559849139398,77.67153173967377,77.63071440863182,77.59395624711131,77.56206700395542,77.53585642800732,77.51613426811018,77.50371027310716,77.49939419184145,77.50399577315622,77.51832476589463,77.54319091889985
67.02604341713052,66.87381536276621,66.74320910785781,66.6332352762688,66.54290449186269,66.47122737850296,66.41721456005311,66.37987666037665,66.35822430333707,66.35126811279785,66.35801871262251,66.37748672667452,66.4086827788174,66.4506174929146,66.50230149282967,66.56274540242609,66.63095984556735,66.70595544611695,66.78674282793835,66.8723326148951,66.96173543085067,67.05396189966854,67.14802264521222,67.24292829134524,67.33768946193103,67.43131678083313,67.52283550454592,67.61175430833322,67.69816446294877,67.78219192390112,67.8639626466988,67.94360258685035,68.02123769986426,68.09699394124911,68.17099726651341,68.2433736311657,68.3142489907145,68.38374930066836,68.45200051653578,68.51912859382531,68.5852594880455,68.65051915470485,68.71503354931193,68.77892862737522,68.84233034440328,68.90536465590463,68.96815751738782,69.03083488436138,69.09352271233384,69.1563469568137,69.21943357330954,69.28290851732984,69.34688657774402,69.41141363078228,69.47650929039393,69.5421931188308,69.60848467834471,69.67540353118753,69.74296923961106,69.81120136586719,69.88011947220772,69.9497431208845,70.02009187414941,70.09118529425425,70.16304294345086,70.2356843839911,70.3091291781268,70.38339688810981,70.45850707619195,70.5344793046251,70.61133313566106,70.6890881315517,70.76776385454883,70.84737986690432,70.92795573087,71.00951100869771,71.0920652626393,71.17563775990435,71.2602220621459,71.34576644203077,71.43221456219047,71.51951008525658,71.60759667386064,71.69641799063419,71.78591769820879,71.87603945921597,71.9667269362873,72.05792379205431,72.14957368914855,72.24162029020158,72.33400725784492,72.42667825471015,72.5195769434288,72.61264698663243,72.70583204695257,72.79907578702077,72.89232186946859,72.98551395692758,73.07859571202926,73.1715107974052,73.26420287568695,73.35661560950606,73.44869266149406,73.54039111956106,73.63179996155367,73.72308302467164,73.81440500533259,73.90593059995417,73.997824504954,74.09025141674967,74.1833760317588,74.27736304639905,74.37237715708798,74.46858306024325,74.56614545228247,74.66522902962325,74.76599848868322,74.86861852588,74.97325383763118,75.08006912035441,75.1892290704673,75.30089838438748,75.41524175853255,75.53242388932011,75.65260947316784,75.77596320649332,75.90264978571415,76.03283390724798,76.16667973761233,76.30408225407464,76.4442300770711,76.5861973686166,76.72905829072596,76.87188700541408,77.01375767469585,77.15374446058613,77.29092152509979,77.4243630302517,77.55314313805677,77.67633601052984,77.79301580968578,77.9022566975395,78.00313283610585,78.0947183873997,78.17608751343595,78.24631437622944,78.30447313779507,78.3496379601477,78.38088300530222,78.3972824352735,78.3979104120764,78.38184109772581,78.3481486542366,78.29590724362365,78.2243153891865,78.13466049517857,78.02996325125852,77.91329681200216,77.78773433198515,77.65634896578324,77.52221386797214,77.3884021931276,77.25798709582531,77.13404173064103,77.01963925215044,76.91785281492929,76.8317555735533,76.7644206825982,76.71892129663969,76.69833057025352,76.70572165801539,76.74416771450103,76.81674189428618,76.92651735194656,77.07656724205786,77.26996471919584,77.50978293793621,77.79909505285468,78.14097421852699,78.53849358952888
65.9632420309187,66.01174661664592,66.06256507646597,66.11556185102772,66.17060138098003,66.22754810697177,66.28626646965182,66.34662090966904,66.4084758676723,66.47169578431046,66.53614510023239,66.60168825608697,66.66818969252306,66.73551385018952,66.80352516973521,66.87208809180903,66.94106705705983,67.01032650613647,67.07973087968782,67.14914461836275,67.21843216281013,67.28745795367884,67.35608643161773,67.42418203727567,67.49160921130152,67.55823239434417,67.62391876919526,67.68862611091868,67.75242137248503,67.81537800675882,67.8775694666046,67.93906920488688,67.99995067447023,68.06028732821915,68.12015261899819,68.17961999967187,68.23876292310476,68.29765484216135,68.3563692097062,68.41497947860384,68.47355910171879,68.5321815319156,68.5909202220588,68.64984862501292,68.7090401936425,68.76856838081206,68.82850663938615,68.8889284222293,68.94990718220605,69.0115163721809,69.07382944501843,69.13691985358315,69.20085136591743,69.26562798215646,69.33123092516847,69.39764137298455,69.46484050363583,69.53280949515339,69.60152952556832,69.67098177291173,69.74114741521471,69.81200763050836,69.8835435968238,69.95573649219209,70.02856749464435,70.10201778221168,70.17606853292516,70.2507009248159,70.325896135915,70.40163534425356,70.47789972786268,70.55467046477345,70.63192873301698,70.70965571062435,70.78783257562667,70.86644050605501,70.94546067994052,71.02487434536788,71.10466885384213,71.18484231009678,71.26539391345285,71.34632286323145,71.42762835875358,71.50930959934034,71.59136578431276,71.6737961129919,71.75659978469884,71.8397759987546,71.92332395448027,72.00724285119689,72.09153188822552,72.17619026488721,72.26121718050304,72.34661183439405,72.4323734258813,72.51850115428583,72.60499421892872,72.69185181913103,72.7790731542138,72.8666574234981,72.95460382630496,73.04291156195548,73.13157982977069,73.22061652573858,73.31011498190298,73.40021702292253,73.49106503004253,73.58280138450829,73.67556846756509,73.76950866045826,73.86476434443307,73.96147790073486,74.0597917106089,74.15984815530052,74.26178961605503,74.36575847411768,74.47189711073383,74.58034790714876,74.69125324460776,74.80475550435617,74.92099706763926,75.04012031570235,75.16226762979073,75.28758139114971,75.4162039810246,75.54827778066068,75.6839451713033,75.82334853419769,75.96662979318788,76.11369851223446,76.26385453930507,76.41629892367673,76.57023271462651,76.72485696143146,76.87937271336864,77.03298101971508,77.18488292974787,77.33427949274403,77.48037175798065,77.62236077473476,77.75944759228341,77.89083325990367,78.01571882687257,78.1333053424672,78.24279385596459,78.3433854166418,78.43428107377588,78.51468187664388,78.58378887452287,78.6408031166899,78.684925652422,78.71535753099626,78.7312998016897,78.7319535137794,78.71658395423837,78.68553540258918,78.64004745124194,78.5813867928848,78.51082012020589,78.42961412589334,78.3390355026353,78.24035094311988,78.13482714003523,78.02373078606946,77.90832857391072,77.78988719624715,77.66967334576687,77.54895371515802,77.42899499710872,77.31106388430712,77.19642706944134,77.08635124519952,76.9821031042698,76.8849493393403,76.79615664309914,76.71699170823449,76.64872122743445,76.59261189338716,76.54993039878076,76.52194343630339
66.97897128421607,66.85650139445634,66.75108797002527,66.66202585537593,66.5886098949614,66.53013493323473,66.48589581464903,66.45518738365735,66.43730448471277,66.43154196226837,66.43719466077722,66.45355742469239,66.47992509846696,66.51559252655402,66.5598545534066,66.61200602347782,66.67134178122073,66.7371566710884,66.80874553753394,66.88540322501038,66.96642457797081,67.05110444086833,67.13873765815597,67.22861907428684,67.320043533714,67.41230588089051,67.50470944970884,67.5968380399838,67.68861345698609,67.7799776291019,67.87087248471741,67.96123995221882,68.05102195999233,68.14016043642411,68.22859730990037,68.31627450880728,68.40313396153107,68.48911759645789,68.57416734197395,68.65822512646542,68.74123287831853,68.82313252591943,68.90386599765435,68.98337522190945,69.06160212707093,69.13848864152499,69.21397669365781,69.28800821185558,69.3605251245045,69.43146935999076,69.50078284670055,69.56840751302005,69.63431153595833,69.6986250805535,69.76154004471599,69.8232484478776,69.88394230947016,69.94381364892548,70.00305448567539,70.06185683915169,70.1204127287862,70.17891417401076,70.23755319425715,70.29652180895721,70.35601203754275,70.41621589944559,70.47732541409755,70.53953260093044,70.60302947937609,70.6680080688663,70.73466038883289,70.8031784587077,70.87375429792252,70.94657992590918,71.02184736209949,71.09974862592526,71.18047573681834,71.26421909181998,71.35102773719623,71.44070168226622,71.53301558649697,71.62774410935556,71.72466191030898,71.8235436488243,71.92416398436853,72.02629757640872,72.12971908441193,72.23420316784517,72.33952448617548,72.4454576988699,72.55177746539547,72.65825844521925,72.76467529780822,72.87080268262949,72.97641525915004,73.08128768683693,73.1851946251572,73.28791073357787,73.389210671566,73.48886909858864,73.58666067411278,73.68236005760548,73.7757419085338,73.86661159956375,73.95507622982844,74.0414141552586,74.12590569742969,74.2088311779172,74.29047091829662,74.37110524014342,74.45101446503307,74.53047891454106,74.60977891024285,74.68919477371392,74.76900682652978,74.84949539026584,74.93094078649766,75.01362333680065,75.09782336275032,75.18382118592214,75.27189712789159,75.36233151023414,75.45540465452528,75.55139688234048,75.65058851525521,75.75325987484496,75.8596912826852,75.97016306035141,76.08495495737864,76.20405612676932,76.32669319164783,76.45196921440821,76.57898725744441,76.70685038315045,76.83466165392032,76.961524132148,77.08654088022752,77.20881496055281,77.32744943551793,77.44154736751688,77.55021181894358,77.65254585219209,77.74765252965638,77.83463491373044,77.91259606680828,77.98063905128387,78.03786692955124,78.08338276400437,78.11628961703725,78.13569055104387,78.14068862841823,78.13038691155431,78.10388846284614,78.06029634468767,77.99879998925593,77.92003957117664,77.82585904392602,77.71813879823247,77.59875922482443,77.46960071443033,77.33254365777856,77.18946844559758,77.04225546861582,76.89278511756167,76.74293778316355,76.59459385614991,76.44963372724916,76.30993778718972,76.17738642670001,76.05386003650847,75.94123900734348,75.84140372993352,75.75623459500697,75.68761199329226,75.63741631551783,75.60752795241207,75.59982729470345,75.61619473312034,75.65851065839121,75.72865546124444
67.17949401340461,67.03993373208613,66.92031983102494,66.81974184524744,66.73728930977998,66.672051759649,66.62311872988083,66.5895797555019,66.57052437153858,66.56504211301726,66.57222251496431,66.59115511240614,66.62092944036912,66.66063503387966,66.70936142796411,66.76619815764889,66.83023475796037,66.90056076392494,66.976265710569,67.0564391329189,67.14017056600106,67.22654954484184,67.31466560446766,67.40360827990489,67.49246710617992,67.58033161831912,67.66630531043553,67.74995284350464,67.83139465695164,67.91078427840709,67.98827523550155,68.0640210558656,68.13817526712977,68.21089139692467,68.28232297288083,68.35262352262885,68.42194657379926,68.49044565402265,68.55827429092957,68.6255860121506,68.6925343453163,68.75927281805724,68.82595495800396,68.89273429278707,68.95976435003709,69.0271986573846,69.09519074246019,69.1638941328944,69.23346235631779,69.30404894036094,69.37580741265442,69.44889130082879,69.52342409062489,69.59934387038078,69.67651807436057,69.75481399774552,69.83409893571691,69.91424018345599,69.99510503614405,70.07656078896235,70.15847473709216,70.24071417571476,70.32314640001141,70.40563870516338,70.48805838635195,70.57027273875838,70.65214905756393,70.7335546379499,70.81435677509754,70.8944227641881,70.9736199004029,71.05181547892317,71.12887679493019,71.20467114360525,71.27906582012959,71.35192811968449,71.42312533745122,71.4925263890109,71.56014136728022,71.62622909655052,71.69107371986053,71.75495938024902,71.81817022075474,71.88099038441644,71.94370401427287,72.00659525336276,72.0699482447249,72.134047131398,72.19917605642085,72.26561916283218,72.33366059367073,72.40358449197527,72.47567500078453,72.55021626313729,72.62749242207227,72.70778762062822,72.79138600184393,72.87857170875812,72.96962888440954,73.06484167183694,73.16449421407908,73.26887065417472,73.37825513516259,73.49288527105269,73.61254157467644,73.73674511300088,73.86501397513523,73.99686625018867,74.13182002727042,74.2693933954897,74.40910444395568,74.55047126177759,74.69301193806461,74.83624456192598,74.97968722247089,75.1228580088085,75.2652750100481,75.40645631529881,75.54592001366991,75.68318419427054,75.81776694620993,75.94918635859729,76.07696052054182,76.20060752115272,76.31964544953918,76.43359239481045,76.54196644607568,76.64428569244411,76.74006838949784,76.82891736104706,76.91065733926438,76.9851490144667,77.05225307697081,77.11183021709364,77.16374112515199,77.20784649146275,77.24400700634273,77.27208336010882,77.29193624307786,77.3034263455667,77.30641435789222,77.30076097037126,77.28632687332065,77.26297275705728,77.230559311898,77.18894722815965,77.13799719615908,77.07756990621318,77.00752604863875,76.9277263137527,76.83803139187187,76.73830197331309,76.62839874839322,76.50818240742915,76.37758430927458,76.23772282336417,76.09070126186562,75.9386527502357,75.78371041393112,75.62800737840863,75.47367676912495,75.32285171153688,75.17766533110111,75.0402507532744,74.91274110351348,74.7972695072751,74.69596909001598,74.61097297719289,74.54441429426255,74.4984261666817,74.47514171990709,74.47669407939544,74.50521637060352,74.56284171898804,74.65170325000577,74.77393408911342,74.93166736176777,75.12703619342551,75.36217370954341,75.63921303557824
66.8543918169265,66.72487975081918,66.61353747195366,66.51957590563116,66.44220597715284,66.38063861181992,66.33408473493357,66.30175527179499,66.28286114770538,66.27661328796592,66.2822226178778,66.29890006274225,66.32585654786041,66.36230299853352,66.40745034006274,66.46050949774927,66.5206913968943,66.58720696279904,66.65926712076468,66.73608279609239,66.81686491408338,66.90082440003884,66.98717217925997,67.07511917704794,67.16387631870397,67.25265452952922,67.34067582852698,67.42752873774633,67.51324347292952,67.59787654600144,67.68148446888704,67.76412375351117,67.84585091179878,67.92672245567475,68.006794897064,68.08612474789143,68.16476852008196,68.24278272556047,68.3202238762519,68.39714848408114,68.4736130609731,68.54967411885266,68.62538816964478,68.70081172527432,68.7760012976662,68.85101339874534,68.92590454043663,69.00073123466498,69.07554999335531,69.1504173284325,69.22538975182148,69.30052377544716,69.37586997646339,69.45144230679364,69.52724076065913,69.60326530480522,69.67951590597738,69.755992530921,69.83269514638152,69.90962371910435,69.9867782158349,70.0641586033186,70.14176484830088,70.21959691752713,70.29765477774278,70.37593839569325,70.45444773812397,70.53318277178035,70.6121434634078,70.69132977975174,70.7707416875576,70.8503791535708,70.93024214453675,71.01033062720086,71.09064456830856,71.17118393460528,71.25194869283641,71.33293889007373,71.41416157182158,71.49563611367785,71.5773831463395,71.65942330050353,71.74177720686693,71.82446549612668,71.90750879897976,71.99092774612318,72.0747429682539,72.1589750960689,72.2436447602652,72.32877259153975,72.41437922058955,72.50048527811158,72.58711139480285,72.67427820136031,72.76200632848096,72.85031640686178,72.93922906719978,73.0287649401919,73.11894465653518,73.20978884692656,73.30131814206305,73.39355317264162,73.48651456935927,73.5802165482911,73.67461030826703,73.76961128018542,73.8651344844088,73.96109494129975,74.05740767122083,74.15398769453462,74.25075003160366,74.34760970279054,74.44448172845777,74.54128112896798,74.63792292468368,74.73432213596746,74.83039378318188,74.92605288668948,75.02121446685284,75.11579354403453,75.2097051385971,75.30286427090313,75.39518596131515,75.48658523019574,75.57697709790747,75.6662765848129,75.75439871127459,75.84125849765509,75.92677101556167,76.01087736890126,76.0935869707452,76.1749203030167,76.25489784763892,76.33354008653502,76.41086750162823,76.4869005748417,76.56165978809861,76.63516562332215,76.70743856243551,76.77849908736187,76.84836768002438,76.91706482234626,76.98461099625068,77.05102668366082,77.11633236649985,77.18054852669097,77.24369564615735,77.30579420682218,77.36686469060864,77.4269275794399,77.48600335523915,77.54411249992958,77.60127549543435,77.65751282367667,77.712825608543,77.76688981939705,77.81911162296599,77.86888901930523,77.9156200084702,77.95870259051631,77.99753476549898,78.03151453347365,78.06003989449572,78.0825088486206,78.09831939590374,78.10686953640055,78.10755727016644,78.09978059725684,78.08293751772716,78.05642603163282,78.01964413902927,77.9719898399719,77.91286113451613,77.8416560227174,77.7577725046311,77.66060858031268,77.54956224981755,77.42403151320114,77.28341437051886,77.12710882182611
67.53641596676572,67.49383878710884,67.45665159104611,67.42474196198796,67.39799748334482,67.37630573852715,67.35955431094537,67.34763078400994,67.34042274113128,67.33781776571985,67.33970344118606,67.34596735094038,67.35649707839326,67.3711802069551,67.38990432003636,67.4125570010475,67.43902583339893,67.4691984005011,67.50296228576445,67.54020507259942,67.58081434441647,67.62467768462601,67.67168267663848,67.72171690386435,67.77466794971403,67.83042339759798,67.88887050335022,67.9498857006503,68.0133323807832,68.0790731585564,68.1469706487774,68.2168874662537,68.28868622579279,68.36222954220216,68.43738003028932,68.51400030486175,68.59195298072696,68.67110067269245,68.7513059955657,68.83243156415422,68.9143399932655,68.99689389770704,69.07995589228632,69.16338859181086,69.24705461108815,69.33081656492567,69.41453706813093,69.49807873551143,69.58130418187466,69.66407602202811,69.74625687077928,69.82770934293568,69.90831248402971,69.9880467384656,70.06693119327842,70.1449850115714,70.22222735644779,70.29867739101078,70.37435427836363,70.44927718160956,70.52346526385179,70.59693768819358,70.66971361773814,70.7418122155887,70.81325264484849,70.88405406862076,70.95423565000871,71.0238165521156,71.09281593804465,71.16125297089908,71.22914681378214,71.29651662979704,71.36338158204703,71.42976083363531,71.49567354766515,71.56113888723975,71.62617601546236,71.69080485596858,71.75511159377675,71.81929915562407,71.883582351566,71.94817599165802,72.01329488595557,72.07915384451417,72.14596767738924,72.21395119463627,72.28331920631072,72.35428652246809,72.4270679531638,72.50187830845336,72.57893239839221,72.65844503303585,72.74063102243971,72.82570517665928,72.91388230575005,73.00537721976745,73.10040472876697,73.19917964280408,73.30191677193424,73.40883092621294,73.52013691569562,73.63604955043775,73.75678364049483,73.88250658755909,74.01292005356255,74.14746135140396,74.28556475984679,74.42666455765456,74.57019502359076,74.71559043641884,74.86228507490232,75.00971321780469,75.15730914388942,75.30450713192002,75.45074146065998,75.59544640887277,75.73805625532191,75.87800527877086,76.01472775798312,76.1476579717222,76.27623019875156,76.39987871783471,76.51803780773513,76.6301417472163,76.73562481504173,76.8339212899749,76.92446545077931,77.00669157621843,77.08003440434537,77.14416199233865,77.19935463043608,77.24599181543276,77.28445304412377,77.31511781330418,77.3383656197691,77.35457596031361,77.3641283317328,77.36740223082174,77.36477715437552,77.35663259918923,77.34334806205796,77.32530303977678,77.3028770291408,77.2764495269451,77.24640002998474,77.21310803505484,77.17695303895047,77.13831453846672,77.09757203039865,77.0551050115414,77.01129297869001,76.96651542863957,76.92115185818518,76.87558176412193,76.83018809156661,76.78541170666495,76.74174153654657,76.6996679631019,76.65968136822134,76.62227213379529,76.58793064171414,76.55714727386828,76.53041241214812,76.50821643844405,76.4910497346465,76.47940268264581,76.47376566433243,76.47462906159673,76.48248325632912,76.49781863042,76.52112556575975,76.55289444423879,76.5936156477475,76.64377955817629,76.70387655741557,76.77439702735572,76.85583134988713,76.94866990690021,77.05340308028536,77.17052125193298
67.4569785786613,67.28270800003341,67.12875099583866,66.99429207210221,66.8785157348494,66.78060649010538,66.69974884389543,66.63512730224477,66.58592637117869,66.55133055672238,66.53052436490108,66.52269230174005,66.52701887326452,66.54268858549975,66.56888594447096,66.60479545620339,66.6496016267223,66.70248896205291,66.76264196822044,66.82924515125018,66.90148301716732,66.97854007199714,67.05960082176486,67.14384977249571,67.23047143021495,67.31865030094784,67.40758095545314,67.49679047346564,67.58620666022367,67.67578117811172,67.76546568951437,67.85521185681617,67.94497134240166,68.03469580865541,68.12433691796193,68.2138463327058,68.30317571527155,68.39227672804375,68.48110103340696,68.56960029374568,68.6577261714445,68.74543032888792,68.83266442846056,68.91938013254693,69.00552910353156,69.09106300379904,69.17593349573391,69.26009224172068,69.34349090414395,69.42608114538825,69.50781462783812,69.58864301387808,69.66852831158488,69.7474963753667,69.82559739116687,69.90288159282557,69.97939921418285,70.05520048907889,70.13033565135379,70.20485493484762,70.27880857340054,70.35224680085264,70.42521985104403,70.49777795781486,70.56997135500518,70.64185027645516,70.71346495600488,70.78486562749447,70.85610252476403,70.9272258816537,70.99828593200357,71.06933290965375,71.14041704844436,71.21158858221554,71.28289774480737,71.35439477005997,71.42612989181345,71.49815323944742,71.57050584122112,71.64321269070811,71.71629714928676,71.78978257833543,71.86369233923256,71.93804979335647,72.0128783020856,72.08820122679828,72.1640419288729,72.24042376968788,72.31737011062154,72.39490431305231,72.47304973835855,72.55182974791865,72.63126770311095,72.71138696531389,72.79221089590584,72.87376285626516,72.95606620777022,73.03914431179942,73.12302052973115,73.20771822294378,73.29326075281568,73.37967148072525,73.46697376805088,73.55519311974302,73.64437609920495,73.73458122239799,73.82586714247222,73.91829251257764,74.01191598586428,74.10679621548215,74.20299185458128,74.30056155631175,74.39956397382349,74.5000577602666,74.60210156879108,74.70575405254695,74.81107386468423,74.91811965835296,75.02695008670315,75.13762380288486,75.25019946004807,75.3647357113428,75.4812912099191,75.59992460892701,75.72069456151652,75.8436597208377,75.96887874004054,76.09641027227505,76.22631266971389,76.35849138801377,76.49245067996584,76.62762978724429,76.76346795152321,76.89940441447678,77.03487841777914,77.16932920310444,77.30219601212687,77.43291808652054,77.56093466795963,77.68568499811823,77.80660831867058,77.92314387129076,78.03473089765296,78.14080863943133,78.2408163383,78.33419323593313,78.42037857400487,78.49881159418936,78.56893153816077,78.63017764759326,78.68198916416097,78.72380532953801,78.75506538539861,78.77520857341685,78.7837265084056,78.78099051024122,78.76810184942025,78.74618389135716,78.71636000146637,78.67975354516236,78.63748788785949,78.59068639497227,78.5404724319151,78.48796936410247,78.43430055694873,78.3805893758684,78.32795918627588,78.2775333535856,78.23043524321201,78.18778822056956,78.15071565107269,78.12034090013583,78.09778733317341,78.08417831559987,78.08063721282966,78.08828739027723,78.10825221335699,78.14165504748337,78.18961925807085,78.25326821053383
66.432543358712,66.44754167010765,66.466126411732,66.48816989391904,66.51354442700267,66.5421223213169,66.57377588719572,66.60837743497308,66.64579927498298,66.68591371755937,66.72859307303622,66.77370965174754,66.82113576402728,66.87074372020942,66.9224058306279,66.97599440561675,67.03138175550993,67.08844019064139,67.1470420213451,67.20705955795506,67.26836511080526,67.33083099022963,67.39432950656217,67.45873297013685,67.52391369128765,67.58974398034852,67.65609761173084,67.72289672862414,67.79012176618724,67.85775662998464,67.92578522558071,67.99419145853994,68.06295923442673,68.13207245880557,68.20151503724088,68.27127087529709,68.34132387853865,68.41165795252996,68.48225700283555,68.5531049350198,68.62418565464716,68.69548306728205,68.76698107848898,68.83866359383231,68.91051451887654,68.98251775918607,69.05465722032537,69.12691680785886,69.199280427351,69.27173198436623,69.34425538446897,69.41683453322366,69.48945458784621,69.56210842986425,69.63479188450418,69.70750078278706,69.78023095573403,69.85297823436608,69.92573844970434,69.99850743276986,70.07128101458372,70.14405502616702,70.21682529854081,70.28958766272615,70.36233794974416,70.43507199061588,70.50778561636238,70.58047465800476,70.65313494656411,70.72576231306144,70.7983525885179,70.87090160395451,70.94340519039235,71.01585917885254,71.08825940035612,71.16060168592415,71.23288186657777,71.30509634707641,71.37729151914147,71.44960184334519,71.52217074492299,71.59514164911036,71.66865798114267,71.74286316625543,71.817900629684,71.8939137966639,71.9710460924305,72.04944094221923,72.12924177126561,72.210592004805,72.29363506807286,72.3785143863046,72.4653733847357,72.5543554886016,72.6456041231377,72.73926271357945,72.8354746851623,72.93438346312166,73.036132472693,73.14086513911175,73.24872488761332,73.35985514343318,73.47439933180675,73.5924748305176,73.71394312718226,73.83852046882566,73.96592143543586,74.09586060700087,74.22805256350873,74.36221188494747,74.4980531513051,74.6352909425697,74.77363983872925,74.91281441977179,75.0525292656854,75.19249895645802,75.33243807207779,75.47206119253266,75.61108289781069,75.74921776789989,75.88618038278833,76.02168532246401,76.15544716691497,76.28718049612922,76.41659989009483,76.5434199287998,76.66735519223221,76.78812026038,76.90542978079628,77.01903272404897,77.12876812483779,77.23448961190033,77.33605081397411,77.43330535979669,77.52610687810568,77.6143089976386,77.69776534713304,77.77632955532653,77.84985525095667,77.91819606276098,77.98120561947707,78.03873754984247,78.09064548259474,78.13678304647146,78.17700387021017,78.21116158254847,78.23910981222389,78.26070218797398,78.27579233853632,78.2842338926485,78.28588047904805,78.28058572647254,78.2682032636595,78.24858671934658,78.22161893684407,78.18767347299016,78.14753106273167,78.10198476591333,78.0518276423798,77.99785275197584,77.94085315454618,77.88162190993546,77.82095207798847,77.75963671854987,77.69846889146442,77.63824165657678,77.57974807373171,77.5237812027739,77.47113410354808,77.42259983589895,77.37897145967122,77.34104203470963,77.30960462085886,77.28545227796363,77.26937806586866,77.26217504441868,77.2646362734584,77.2775548128325,77.30172372238573,77.33793606196281
67.10201774730872,66.99338580543383,66.90114084608666,66.8245602009157,66.76292120156938,66.71550117969619,66.68157746694457,66.66042739496302,66.65132829539996,66.65355749990387,66.66639234012321,66.68911014770644,66.72098825430204,66.76130399155846,66.80933469112416,66.8643576846476,66.92565030377725,66.99248988016157,67.06415374544902,67.13991923128806,67.21906366932717,67.30086439121479,67.38459872859939,67.46954401312944,67.5549775764534,67.64017675021972,67.72442940657561,67.80737164451504,67.88905923103682,67.96957291802566,68.04899345736622,68.12740160094322,68.2048781006413,68.28150370834516,68.3573591759395,68.43252525530899,68.50708269833832,68.58111225691218,68.65469468291525,68.72791072823222,68.80084114474775,68.87356668434657,68.94616809891333,69.01872614033272,69.09132156048943,69.16403511126815,69.23694754455356,69.31013961223034,69.38369206618319,69.45768565829678,69.5322011404558,69.60731926454494,69.68310592666921,69.75953534351568,69.8365467931785,69.91407948497506,69.99207262822279,70.07046543223903,70.14919710634123,70.22820685984675,70.30743390207302,70.38681744233742,70.46629668995733,70.54581085425018,70.62529914453336,70.70470077012425,70.78395494034025,70.86300086449879,70.94177775191721,71.02022481191297,71.09828125380342,71.17588628690598,71.25297912053804,71.329498964017,71.40538502666027,71.48057651778522,71.55501264670926,71.6286334009148,71.70144656550988,71.77357937393018,71.84517121843946,71.91636149130149,71.98728958478007,72.05809489113898,72.12891680264197,72.19989471155286,72.27116801013538,72.34287609065336,72.41515834537056,72.48815416655076,72.56200294645772,72.63684407735524,72.7128169515071,72.79006096117708,72.86871549862894,72.94891995612647,73.03081372593347,73.1145362003137,73.20022677153092,73.28802483184894,73.37806977353154,73.47050098884247,73.56545787004555,73.66305370764634,73.76314536847798,73.86544417596991,73.96965978303909,74.07550184260243,74.18268000757689,74.2909039308794,74.39988326542687,74.50932766413625,74.61894677992447,74.72845026570847,74.8375477744052,74.94594895893155,75.05336347220451,75.15950096714097,75.26407109665787,75.36678351367217,75.46734787110078,75.56547382186066,75.6608710188687,75.75324911504188,75.84231776329712,75.92778661655134,76.0093653277215,76.0867635497245,76.1596913555544,76.22807221737378,76.29238957012404,76.353217585401,76.41113043480036,76.46670228991793,76.52050732234947,76.57311970369074,76.6251136055375,76.67706319948553,76.7295426571306,76.78312615006845,76.83838784989487,76.89590192820563,76.9562425565965,77.01998390666321,77.08770015000157,77.15996545820731,77.23735400287623,77.32043995560407,77.40979748798662,77.50600077161963,77.60962397809887,77.7212412790201,77.8414268459791,77.97075485057164,78.10964669400829,78.25595771243636,78.40541400475982,78.55367721987645,78.69640900668402,78.8292710140803,78.94792489096305,79.04803228623005,79.12525484877906,79.17525422750785,79.19369207131419,79.17623002909583,79.11852974975056,79.01625288217616,78.86506107527036,78.66061597793095,78.39857923905568,78.07461250754234,77.68437743228871,77.22353566219252,76.68774884615155,76.07267863306357,75.37398667182636,74.5873346113377,73.70838410049531,72.73279678819698
66.67003167449384,66.60569221908919,66.55140840548815,66.5067983994033,66.47148036654727,66.44507247263267,66.42719288337214,66.41745976447827,66.41549128166368,66.42090560064099,66.4333208871228,66.45235530682174,66.47762702545042,66.50875420872146,66.54535502234745,66.58704763204103,66.63345020351481,66.6841809024814,66.73885789465342,66.79709934574348,66.85852342146418,66.92274828752818,66.98939210964805,67.05807305353642,67.1284092849059,67.2000189694691,67.2725247723387,67.3456980054733,67.41948912361103,67.49385924673464,67.56876949482688,67.64418098787044,67.72005484584805,67.79635218874245,67.87303413653635,67.95006180921247,68.02739632675356,68.10499880914232,68.18283037636147,68.26085214839375,68.33902524522189,68.4173107868286,68.4956698931966,68.57406368430864,68.65245328014743,68.73079980069566,68.80906436593611,68.88720809585149,68.9651921104245,69.04297752963788,69.12052547347436,69.19779706191666,69.27476331504387,69.35145634936319,69.42793156494179,69.50424440768062,69.58045032348065,69.65660475824282,69.7327631578681,69.80898096825744,69.8853136353118,69.96181660493214,70.0385453230194,70.11555523547456,70.19290178819855,70.27064042709235,70.3488265980569,70.42751574699317,70.5067633198021,70.58662476238466,70.6671555206418,70.74841104047447,70.83044676778366,70.91331814847028,70.99708062843531,71.0817896535797,71.16750066980441,71.25426834354667,71.34207943046644,71.43080103854145,71.5202880966287,71.61039553358522,71.70097827826798,71.791891259534,71.88298940624026,71.97412764724378,72.06516091140156,72.15594412757059,72.24633222460788,72.33618013137045,72.42534277671527,72.51367508949936,72.6010319985797,72.68726843281331,72.7722393210572,72.85579959216835,72.93780417500378,73.01810799842048,73.09656599127545,73.1730330824257,73.24736420072821,73.31941427504002,73.3890382342181,73.45612969195481,73.52096230176504,73.58402542380556,73.64581089406265,73.70681054852257,73.7675162231716,73.82841975399599,73.89001297698199,73.9527877281159,74.01723584338393,74.08384915877241,74.15311951026756,74.22553873385564,74.30159866552295,74.38179114125572,74.46660799704023,74.55654106886274,74.65208219270951,74.75372320456682,74.86195594042091,74.97727223625807,75.10016392806455,75.2311228518266,75.37064084353051,75.51920973916252,75.67732029755553,75.84491608362308,76.02050481681712,76.2023615514586,76.38876134186839,76.57797924236743,76.76829030727664,76.95796959091693,77.14529214760921,77.3285330316744,77.5059672974334,77.67586999920715,77.83651619131655,77.9861809280825,78.12313926382595,78.24566625286778,78.35203694952892,78.44052640813028,78.50940968299278,78.55696182843734,78.58145789878486,78.58117294835627,78.55438203147247,78.49936020245437,78.4143825156229,78.29772402529899,78.1479131377703,77.96773378064171,77.76350097455514,77.54163662301359,77.30856262951995,77.07070089757721,76.83447333068828,76.60630183235611,76.39260830608366,76.19981465537384,76.03434278372964,75.90261459465398,75.81105199164979,75.76607687822005,75.77411115786768,75.84157673409563,75.97489551040684,76.18048939030426,76.46478027729081,76.83419007486947,77.29514068654318,77.85405401581487,78.51735196618748,79.29145644116394,80.18278934424725,81.19777257894033
67.4333807370083,67.32706661586005,67.2355212974669,67.15811631670178,67.09422320843754,67.04321350754708,67.00445874890328,66.977330467379,66.96120019784715,66.9554394751806,66.95941983425223,66.97251280993494,66.99408993710158,67.02352275062505,67.06018278537823,67.103441576234,67.15267065806525,67.20724156574484,67.26652583414567,67.32989499814063,67.39672059260258,67.4663741524044,67.538227212419,67.61165130751924,67.686017972578,67.76069874246818,67.83507385315859,67.90881099904728,67.98192430705625,68.05444852892754,68.1264184164032,68.19786872122526,68.26883419513578,68.3393495898768,68.40944965719035,68.47916914881849,68.54854281650323,68.61760541198666,68.68639168701077,68.75493639331765,68.82327428264931,68.89144010674781,68.95946861735517,69.02739456621346,69.09525270506472,69.16307778565097,69.23090455971426,69.29876777899665,69.36670219524017,69.43474256018686,69.50292362557876,69.57128014315792,69.63984582486658,69.70864796573427,69.77771141533543,69.84706101843062,69.9167216197804,69.98671806414531,70.05707519628591,70.12781786096275,70.1989709029364,70.27055916696739,70.34260749781627,70.41514074024361,70.48818373900997,70.56176133887588,70.63589838460192,70.71061972094861,70.78595019267654,70.86191464454623,70.93853792131826,71.01584486775316,71.09386032861151,71.17260914865383,71.25211617264071,71.33240624533268,71.41350421149028,71.49543481259686,71.57821379210625,71.66184104041612,71.74631483421724,71.83163345020044,71.91779516505648,72.00479825547616,72.09264099815027,72.1813216697696,72.27083854702497,72.36118990660714,72.45237402520691,72.54438917951506,72.63723364622243,72.73090570201977,72.8254036235979,72.92072568764756,73.0168701708596,73.11383534992477,73.2116195015339,73.31022090237776,73.40963782914716,73.50986855853287,73.61091136722568,73.71276453191642,73.81542632929585,73.91888721407288,74.02306079780637,74.12781707668414,74.23302554628721,74.33855570219662,74.44427703999334,74.55005905525839,74.65577124357277,74.7612831005175,74.86646412167359,74.97118380262204,75.07531163894383,75.17871712622001,75.28126976003158,75.38283903595952,75.48329444958485,75.5825054964886,75.68034167225174,75.7766724724553,75.87136739268031,75.96429592850772,76.05532757551858,76.1443318292939,76.23117818541466,76.31573613946186,76.39787529196163,76.47751855552458,76.55472873451113,76.62959130141216,76.70219172871849,76.77261548892103,76.8409480545106,76.90727489797807,76.97168149181432,77.0342533085102,77.09507582055657,77.1542345004443,77.21181482066423,77.26790225370722,77.32258227206417,77.37594034822591,77.42806195468332,77.47903256392722,77.52893764844852,77.57786268073805,77.62589313328668,77.67311447858528,77.7196121891247,77.76547173739583,77.81077859588946,77.85561823709652,77.90003675608806,77.943418830337,77.98460031452775,78.0224004509959,78.05563848207696,78.08313365010638,78.1037051974197,78.11617236635242,78.11935439924007,78.11207053841814,78.09314002622212,78.06138210498757,78.01561601704994,77.95466100474478,77.87733631040759,77.78246117637384,77.6688548449791,77.53533655855883,77.38072555944858,77.20384108998381,77.00350239250007,76.77852870933283,76.52773928281762,76.24995335528997,75.94399016908535,75.60866896653927
68.05339981908577,67.71905095741592,67.42554289951082,67.17094896823711,66.95334248646144,66.77079677705042,66.62138516287072,66.50318096678897,66.41425751167182,66.35268812038588,66.3165461157978,66.30390482077425,66.31283755818183,66.3414176508872,66.38771842175697,66.44981319365783,66.52577528945639,66.6136780320193,66.71159474421319,66.81759874890469,66.92976336896044,67.04616192724711,67.16486774663133,67.2839541499797,67.40149446015891,67.51556200003557,67.624260592105,67.726701676225,67.8232110293213,67.91418672373575,68.00002683181029,68.08112942588676,68.15789257830707,68.23071436141308,68.29999284754668,68.36612610904976,68.4295122182642,68.49054924753186,68.54963526919465,68.60716835559445,68.66354657907314,68.71916801197261,68.77443072663473,68.82973279540138,68.88547229061444,68.94204728461582,68.99985584974739,69.05929605835101,69.1207659827686,69.18466369534201,69.25138726841314,69.32133477432387,69.39483244375123,69.47176315117198,69.55184081011036,69.63477900149033,69.72029130623582,69.80809130527078,69.89789257951912,69.98940870990481,70.08235327735177,70.17643986278395,70.2713820471253,70.36689341129974,70.46268753623121,70.55847800284369,70.65397839206105,70.74890228480729,70.84296326200632,70.93587490458209,71.02735079345854,71.1171045095596,71.20484963380923,71.29029974713136,71.37316843044991,71.45316926468885,71.5300158307721,71.60342436795256,71.67334272239182,71.7401267937435,71.80417401805086,71.86588183135719,71.92564766970574,71.98386896913976,72.04094316570257,72.09726769543741,72.15323999438755,72.20925749859627,72.26571764410683,72.32301786696249,72.38155560320654,72.44172828888223,72.50393336003285,72.56856825270165,72.63603040293191,72.70671724676689,72.78102622024986,72.85935475942411,72.94210030033288,73.02966027901945,73.1224321315271,73.2208132938991,73.3252012021787,73.43593839292495,73.55282807016367,73.67536731839658,73.80304970855843,73.93536881158393,74.07181819840778,74.21189143996475,74.3550821071895,74.50088377101682,74.6487900023814,74.79829437221797,74.94889045146125,75.10007181104596,75.25133202190685,75.4021646549786,75.55206328119598,75.70052147149369,75.84703279680645,75.991090828069,76.13218913621606,76.26982129218234,76.40348086690257,76.53266143131148,76.6568565563438,76.77555981293423,76.88826501076579,76.99458724364234,77.094459856811,77.18786776514506,77.27479588351781,77.35522912680258,77.42915240987264,77.4965506476013,77.55740875486187,77.61171164652764,77.65944423747192,77.70059144256798,77.73513817668916,77.76306935470876,77.78436989150005,77.79902470193636,77.80701870089096,77.80833680323718,77.80296392384832,77.79088497759766,77.7720848793585,77.74654854400416,77.71426088640794,77.67520682144313,77.62937126398302,77.57673912890094,77.51732554327478,77.45165310480695,77.38066549380171,77.30531913633716,77.2265704584914,77.14537588634249,77.06269184596857,76.97947476344773,76.89668106485803,76.81526717627759,76.7361895237845,76.66040453345687,76.58886863137278,76.52253824361031,76.46236979624757,76.40931971536267,76.36434442703367,76.3284003573387,76.30244393235583,76.28743157816318,76.28431972083882,76.29406478646085,76.31762320110738,76.35595139085648,76.41000578178625,76.48074279997482
67.51319845182903,67.39586069933776,67.29497241506868,67.20982618853074,67.1397146092329,67.08393026668415,67.04176575039347,67.01251364986979,66.99546655462214,66.98991705415943,66.9951577379907,67.01048119562486,67.0351800165709,67.06854679033782,67.10987410643457,67.15845455437011,67.21358072365342,67.27454520379351,67.34064058429928,67.41115945467976,67.4853944044439,67.56263802310065,67.64218290015901,67.72332162512797,67.80534678751647,67.88755097683347,67.96923657863326,68.05002961078011,68.12994611886648,68.20902536874013,68.28730662624889,68.36482915724051,68.44163222756285,68.5177551030637,68.59323704959084,68.66811733299213,68.7424352191153,68.81622997380822,68.88954086291864,68.96240715229442,69.03486810778332,69.10696299523318,69.17873108049176,69.25021162940692,69.32144390782642,69.39246718159808,69.46332071656971,69.53404377858911,69.60467563350406,69.67525554716241,69.74582278541195,69.81641661410046,69.88707022159025,69.95777929027969,70.02852520922156,70.09928933933216,70.17005304152781,70.24079767672475,70.3115046058393,70.38215518978774,70.45273078948634,70.52321276585144,70.59358247979927,70.66382129224615,70.73391056410836,70.80383165630221,70.87356592974396,70.94309474534992,71.01239946403638,71.0814614467196,71.1502620543159,71.21878264774153,71.28700458791283,71.35490923574608,71.42247795215755,71.48969209806353,71.5565330343803,71.62298271116825,71.68907440766486,71.75493183672242,71.8206879165694,71.88647556543415,71.95242770154513,72.01867724313075,72.0853571084194,72.1526002156395,72.22053948301948,72.28930782878774,72.3590381711727,72.42986342840277,72.50191651870637,72.57533036031188,72.65023787144776,72.72677197034241,72.80506557522423,72.88525160432167,72.9674629758631,73.05183260807692,73.1384934191916,73.22757832743554,73.31922025103714,73.41355210822479,73.51070681722695,73.61079887174091,73.71376176287046,73.81942624653402,73.92762189947996,74.03817829845667,74.15092502021255,74.26569164149603,74.38230773905548,74.50060288963928,74.62040666999587,74.74154865687362,74.86385842702094,74.98716555718622,75.11129962411783,75.23609020456422,75.36136687527377,75.48695921299486,75.61269679447591,75.73840919646528,75.86392599571141,75.98907676896269,76.11369109296749,76.23759854447421,76.36062870023127,76.48261113698706,76.60337523222695,76.72264913781574,76.83989538799572,76.95453347619421,77.06598289583847,77.17366314035577,77.27699370317339,77.37539407771861,77.46828375741872,77.55508223570097,77.63520900599265,77.70808356172105,77.77312539631345,77.82975400319711,77.8773888757993,77.91544950754732,77.94335539186845,77.96052602218994,77.9663808919391,77.96033949454318,77.94182132342948,77.91024587202526,77.8650326337578,77.8056011020544,77.73137077034231,77.64176113204881,77.53634063711657,77.41717973945738,77.28842497441605,77.15428571836733,77.01897134768595,76.88669123874665,76.76165476792416,76.64807131159321,76.55015024612857,76.47210094790496,76.41813279329709,76.39245515867972,76.3992774204276,76.44280895491545,76.52725913851799,76.65683734760998,76.83575295856618,77.06821534776128,77.35843389157002,77.71061796636718,78.12897694852747,78.61772021442562,79.1810571404364,79.82319710293446,80.54834947829464,81.36072364289164
67.3025899620725,67.20850427909771,67.1278478815448,67.06007532964068,67.00464118361234,66.96100000368668,66.92860635009066,66.90691478305123,66.89537986279534,66.8934561495499,66.9005982035419,66.91626058499827,66.93989785414593,66.97096457121184,67.00891529642294,67.05320459000619,67.10328701218852,67.15861712319688,67.21864948325819,67.28283865259944,67.35063919144753,67.42150566002941,67.49489261857205,67.57025462730238,67.64704624644735,67.72472203623389,67.80274330178307,67.88079417953321,67.95882735263339,68.03681149212991,68.11471526906904,68.19250735449705,68.27015641946026,68.34763113500496,68.4249001721774,68.5019322020239,68.57869589559071,68.65515992392416,68.73129295807051,68.80706366907604,68.88244072798707,68.95739280584985,69.03188857371069,69.10589670261587,69.17938586361166,69.25232472774437,69.32468196606028,69.39642624960567,69.46752624942684,69.53795063657005,69.60766808208162,69.6766472570078,69.74486816221247,69.81238071822061,69.87926149160958,69.94558710140967,70.01143416665113,70.07687930636419,70.14199913957911,70.20687028532615,70.27156936263556,70.33617299053759,70.40075778806249,70.46540037424052,70.53017736810192,70.59516538867696,70.66044105499587,70.72608098608892,70.79216180098636,70.85876011871844,70.9259525583154,70.99381573880751,71.06242627922502,71.13186079859818,71.20219591595723,71.27350825033244,71.34587442075406,71.41937067082168,71.49404053473998,71.5698699181096,71.64683886042738,71.72492740119013,71.80411557989467,71.88438343603782,71.96571100911643,72.04807833862729,72.13146546406726,72.21585242493313,72.30121926072174,72.38754601092991,72.47481271505447,72.56299941259222,72.65208614304002,72.74205294589467,72.832879860653,72.92454692681183,73.01703418386798,73.11032167131829,73.20438942865955,73.29921749538863,73.39478591100232,73.49107471499745,73.58806394687085,73.68572803584676,73.78398629583161,73.88272675785191,73.98183709387676,74.08120497587522,74.18071807581637,74.2802640656693,74.37973061740308,74.4790054029868,74.57797609438951,74.67653036358031,74.77455588252828,74.87194032320248,74.96857135757202,75.06433665760595,75.15912389527335,75.25282074254332,75.34531487138493,75.43649395376724,75.52624566165933,75.61445766703031,75.70101764184923,75.78581325808517,75.86873218770722,75.94966210268446,76.02849076898572,76.10515370445866,76.17971172863297,76.25224596498681,76.32283753699836,76.39156756814577,76.45851718190721,76.52376750176083,76.58739965118481,76.6494947536573,76.71013393265648,76.76939831166048,76.82736901414751,76.88412716359569,76.93975388348322,76.99433029728824,77.04793752848893,77.10065670056343,77.15256893698994,77.20375536124656,77.25429709681153,77.30427526716296,77.35377099577903,77.40286540613792,77.45163962171776,77.50017476599675,77.54851361532218,77.59605483407819,77.6416626235129,77.6841850071786,77.7224700086276,77.75536565141218,77.78171995908467,77.80038095519735,77.81019666330253,77.8100151069525,77.79868430969958,77.77505229509605,77.73796708669423,77.68627670804639,77.61882918270486,77.53447253422193,77.4320547861499,77.31042396204107,77.16842808544776,77.00491517992222,76.81873326901679,76.60873037628377,76.37375452527546,76.11265373954414,75.82427604264214,75.50746945812173
68.08433488442478,67.73996303748834,67.43814395005694,67.17687480485071,66.95415278458981,66.76797507199436,66.61633884978448,66.49724130068037,66.40867960740212,66.34865095266989,66.31515251920379,66.30618148972403,66.31973504695068,66.35381037360395,66.4064046524039,66.47551506607073,66.55913879732455,66.65527302888552,66.76191494347378,66.87706172380945,66.99871055261269,67.12485861260365,67.25350308650246,67.38264115702924,67.51027000690414,67.63438681884733,67.75301989666937,67.8652256927981,67.97129974011389,68.07161134000768,68.16652979387052,68.25642440309335,68.34166446906715,68.42261929318292,68.49965817683167,68.57315042140436,68.64346532829197,68.71097219888551,68.77604033457595,68.83903903675429,68.90033760681149,68.96030534613854,69.01931155612647,69.07772553816622,69.13591659364877,69.19425402396516,69.25310713050632,69.31284521466327,69.37383757782698,69.43645352138842,69.50106234673862,69.56803335526854,69.63767504137138,69.70992064144002,69.78456038281703,69.86138421133103,69.9401820728107,70.02074391308469,70.10285967798166,70.18631931333024,70.27091276495909,70.3564299786969,70.44266090037229,70.52939547581394,70.61642365085046,70.70353537131055,70.79052058302284,70.87716923181603,70.96327126351869,71.04861662395956,71.13299525896724,71.2161971143704,71.29801213599771,71.3782302696778,71.45664146123934,71.53303565651098,71.60720280132139,71.67893473703776,71.7481884538239,71.81521190701176,71.88028266972319,71.94367831508012,72.00567641620444,72.06655454621796,72.12659027824262,72.18606118540023,72.24524484081275,72.30441881760203,72.36386068888993,72.42384802779833,72.4846584074491,72.54656940096413,72.60985858146535,72.67480352207454,72.74168179591365,72.81077097610452,72.88234863576906,72.95669234802915,73.03407968600663,73.11478822282342,73.19909553160136,73.28727918546235,73.37961675752828,73.47634423190817,73.577289022249,73.68204664186209,73.79020994236205,73.9013717753634,74.01512499248074,74.13106244532858,74.24877698552152,74.36786146467406,74.48790873440083,74.60851164631632,74.72926305203512,74.84975580317177,74.96958275134085,75.0883367481569,75.20561064523446,75.32099729418812,75.4340895466324,75.5444802541819,75.65176226845114,75.75552844105471,75.85537162360711,75.95088466772296,76.04166042501677,76.12729174710313,76.2073718249263,76.28166622892434,76.35039285604171,76.41384289844075,76.47230754828377,76.52607799773304,76.57544543895088,76.62070106409959,76.66213606534151,76.70004163483893,76.73470896475413,76.76642924724945,76.7954936744872,76.82219343862965,76.84681973183916,76.86966374627798,76.89101667410844,76.91116970749286,76.93041403859354,76.94904085957279,76.96734136259292,76.9856067398162,77.00412818340499,77.02319688552154,77.04310403832821,77.0641408339873,77.08658430851028,77.11047371881332,77.13565102046095,77.16195219689146,77.18921323154322,77.2172701078546,77.24595880926393,77.27511531920959,77.30457562112994,77.33417569846333,77.36375153464809,77.39313911312257,77.42217441732518,77.45069343069426,77.47853213666812,77.50552651868514,77.5315125601837,77.55632624460213,77.57980355537879,77.60178047595204,77.62209298976023,77.64057708024171,77.65706873083485,77.671403924978,77.68341864610952,77.69294887766773
67.32668466042301,67.25377818590876,67.19201756764902,67.1409530032492,67.10013469031476,67.06911282645113,67.04743760926375,67.03465923635805,67.03032790533949,67.03399381381348,67.04520715938547,67.0635181396609,67.0884769522452,67.11963379474382,67.15653886476218,67.19874235990574,67.24579447777992,67.29724541599016,67.35264537214191,67.41154454384059,67.47349312869164,67.53804132430052,67.60473932827264,67.67313733821345,67.74278555172839,67.81323416642289,67.8840389549329,67.9549398723837,68.0258988427078,68.09689100472481,68.16789149725436,68.23887545911609,68.3098180291296,68.38069434611455,68.45147954889055,68.52214877627722,68.5926771670942,68.66303986016109,68.73321199429755,68.8031687083232,68.87288514105765,68.94233643132054,69.0114977179315,69.08034413971015,69.14885083547611,69.21699294404901,69.28474560424849,69.35208395489417,69.41898313480566,69.48541828280261,69.55136453770463,69.61679703833136,69.68170324320106,69.7461466393425,69.81021968789055,69.87401490701569,69.93762481488838,70.00114192967914,70.0646587695584,70.1282678526967,70.19206169726446,70.25613282143222,70.32057374337043,70.38547698124957,70.45093505324014,70.51704047751261,70.58388577223747,70.65156345558518,70.72016604572624,70.78978606083115,70.86051601907035,70.93244843861436,71.00567583763363,71.08029073429867,71.15638564677995,71.23405309324795,71.31338559187316,71.39447510840375,71.47736547879552,71.56201574218203,71.6483763060985,71.73639757808017,71.82602996566224,71.91722387637995,72.00992971776851,72.10409789736315,72.19967882269908,72.29662290131155,72.39488054073576,72.49440214850692,72.59513813216027,72.69703889923105,72.80005485725444,72.90413641376568,73.00923397630001,73.11529795239264,73.22227874957878,73.33012677539367,73.43879243737251,73.54822614305054,73.65837829996299,73.76919931564505,73.88063959763198,73.99264395513738,74.10510219946339,74.2178729256709,74.33081437052822,74.44378477080362,74.5566423632654,74.66924538468184,74.78145207182126,74.89312066145196,75.00410939034221,75.1142764952603,75.22348021297455,75.33157878025322,75.43843043386465,75.5438934105771,75.64782594715886,75.75008628037826,75.85053264700356,75.94902328380306,76.04541642754506,76.13957031499785,76.23134318292975,76.32059326810901,76.40717880730395,76.49095803728287,76.57178924666661,76.64955706517293,76.72421524197284,76.79572872638875,76.86406246774304,76.92918141535822,76.99105051855663,77.04963472666074,77.10489898899297,77.1568082548757,77.20532747363137,77.25042159458246,77.29205556705134,77.33019434036044,77.36480286383218,77.39584608678899,77.42328895855329,77.44709642844751,77.46723344579408,77.48366495991539,77.49635592013388,77.505271275772,77.51037597615212,77.5116349705967,77.50901320842817,77.50247563896895,77.491991401841,77.47760002060508,77.4593994211225,77.4374892970373,77.41196934199345,77.38293924963503,77.35049871360602,77.3147474275504,77.27578508511226,77.23371137993556,77.18862600566433,77.14062865594258,77.08981902441437,77.03629680472363,76.98016169051441,76.92151337543075,76.86045155311663,76.79707591721609,76.73148616137317,76.66378197923183,76.59406306443609,76.52242911062999,76.44897981145752,76.37381486056273,76.29703395158961,76.21873677818218
67.4441815732093,67.1786549505671,66.94629886118558,66.74560742493493,66.57507476168537,66.43319499130705,66.31846223367018,66.22937060864493,66.16441423610152,66.12208723591012,66.10088372794092,66.09929783206412,66.11582366814991,66.14895535606847,66.19718701568999,66.25901276688468,66.3329267295227,66.41742302347426,66.51099576860953,66.61213908479874,66.71934709191204,66.83111390981963,66.94593365839171,67.06230045749847,67.17870842701008,67.29365168679675,67.40564628007611,67.51393253250762,67.61862364376967,67.7198847799939,67.81788110731196,67.91277779185549,68.0047399997561,68.09393289714546,68.18052165015519,68.26467142491693,68.34654738756232,68.426314704223,68.5041385410306,68.58018406411676,68.65461643961312,68.72760083365132,68.799302412363,68.86988634187978,68.93951778833332,69.00836191785524,69.07658389657719,69.1443488906308,69.2118220661477,69.27916858925956,69.34655362609797,69.4141423427946,69.48208352390608,69.5504248584359,69.61917550835005,69.6883445597739,69.75794109883277,69.82797421165208,69.89845298435716,69.96938650307338,70.04078385392609,70.11265412304067,70.18500639654248,70.25784976055687,70.3311933012092,70.40504610462483,70.47941725692915,70.5543158442475,70.62975095270525,70.70573166842775,70.78226707754037,70.85936626616848,70.93703832043742,71.01529232647258,71.09413737039931,71.17358253834296,71.25363691642889,71.33430922161523,71.41557600716209,71.49735715915448,71.57956679543885,71.66211903386169,71.74492799226945,71.82790778850861,71.91097254042566,71.99403636586703,72.07701338267924,72.15981770870873,72.24236346180197,72.32456475980544,72.40633572056562,72.48759046192897,72.56824310174196,72.64820775785107,72.72739854810276,72.8057295903435,72.88311500241977,72.95946890217805,73.03470540746478,73.10873863612646,73.18148270600955,73.25285173496053,73.32275984082585,73.39115071494072,73.45825857859342,73.52448255484526,73.5902236594609,73.65588290820493,73.72186131684198,73.78855990113667,73.8563796768536,73.92572165975743,73.99698686561273,74.07057631018415,74.1468910092363,74.22633197853379,74.30930023384127,74.39619679092331,74.48742266554456,74.58337887346963,74.68446643046315,74.79108635228972,74.90363965471397,75.02252735350051,75.14815046441397,75.28091000321896,75.42120698568012,75.56944242756202,75.72601636821133,75.89083282663833,76.0624942566793,76.23939220588584,76.41991822180945,76.60246385200175,76.78542064401427,76.96718014539856,77.1461339037062,77.32067346648874,77.48919038129773,77.65007619568476,77.80172245720135,77.9425207133991,78.07086251182953,78.18513940004422,78.28374292559474,78.36506463603261,78.42749607890944,78.46942880177676,78.48925435218612,78.4853642776891,78.45615012583725,78.40000344418213,78.31531578027531,78.20047868166833,78.05406493869381,77.87769165402247,77.67550200158593,77.45171561711416,77.21055213633706,76.95623119498458,76.69297242878665,76.42499547347317,76.15651996477413,75.8917655384194,75.63495183013895,75.39029847566268,75.16202511072053,74.95435137104246,74.77149689235836,74.61768131039817,74.49712426089182,74.41404537956926,74.37266430216039,74.37720066439516,74.43187410200349,74.54090425071531,74.70851074626056,74.93891322436916,75.23633132077104,75.60498467119615
66.66534835031663,66.62867447322964,66.59806936185743,66.57337224252109,66.55442234154174,66.54105888524043,66.53312109993828,66.53044821195638,66.53287944761578,66.54025403323757,66.55241119514287,66.56919015965272,66.59043015308822,66.61597040177048,66.64565013202056,66.67930857015955,66.71678494250855,66.7579184753886,66.80254839512085,66.85051392802634,66.9016543004262,66.95580873864145,67.01281646899321,67.07251671780259,67.13474871139061,67.19935167607844,67.26616523662003,67.33504218081285,67.40585115998772,67.47846176990902,67.5527436063411,67.62856626504839,67.70579934179526,67.7843124323461,67.8639751324653,67.94465703791727,68.02622774446638,68.10855684787703,68.1915139439136,68.27496862834047,68.35879049692204,68.44284914542271,68.52701416960687,68.6111551652389,68.69514172808317,68.7788434539041,68.86212993846607,68.94487077753348,69.02693556687069,69.1081939022421,69.18851537941214,69.26776959414514,69.34584851704113,69.42278220044025,69.49865331898116,69.57354465088977,69.64753897439198,69.72071906771367,69.79316770908076,69.86496767671909,69.93620174885461,70.00695270371318,70.0773033195207,70.14733637450308,70.2171346468862,70.28678091489593,70.35635795675819,70.4259485506989,70.4956354749439,70.56550150771912,70.63562942725042,70.70610201176373,70.77700203948493,70.8484122886399,70.92041553745457,70.99309456415477,71.06653214696647,71.14081077131479,71.21598741236184,71.29207410035869,71.36907829054502,71.4470074381606,71.5258689984451,71.60567042663828,71.68641917797987,71.76812270770958,71.85078847106709,71.9344239232922,72.01903651962456,72.10463371530395,72.19122296557006,72.27881172566262,72.36740745082136,72.457017596286,72.54764961729626,72.63931096909187,72.73200910691253,72.82575148599798,72.92054556158794,73.01639878892212,73.11331862324027,73.2113125197821,73.31038793378733,73.41055107393595,73.51179590270488,73.61410943175395,73.71747859296309,73.8218903182123,73.92733153938153,74.03378918835074,74.14125019699989,74.24970149720895,74.35913002085789,74.46952269982665,74.58086646599523,74.69314825124357,74.80635498745164,74.92047360649943,75.03549104026683,75.1513942206339,75.26817007948051,75.3858055486867,75.50428756013241,75.62360304569759,75.74373893726221,75.86468216670625,75.98641966590964,76.10893836675237,76.23222482561204,76.35607484366341,76.47978367742499,76.60256547490391,76.72363438410721,76.84220455304205,76.95749012971544,77.0687052621345,77.17506409830634,77.27578078623802,77.37006947393664,77.4571443094093,77.53621944066307,77.60650901570506,77.66722718254235,77.71758808918202,77.75680588363116,77.78409471389685,77.79866872798624,77.79974207390634,77.78652889966429,77.75824335326715,77.71409958272204,77.65331173603602,77.57509396121617,77.47866040626963,77.36334226215462,77.23043667564974,77.08287207966549,76.92362628460737,76.75567710088089,76.58200233889153,76.40557980904481,76.22938732174623,76.05640268740132,75.88960371641551,75.73196821919436,75.58647400614336,75.45609888766802,75.34382067417386,75.25261717606631,75.18546620375093,75.14534556763323,75.13523307811869,75.15810654561281,75.21694378052112,75.31472259324909,75.45442079420226,75.63901619378609,75.8714866024061,76.1548098304678,76.49196368837667
66.84713361989334,66.81066583439627,66.78521526293349,66.77024510718405,66.76521856882708,66.76959884954165,66.78284915100686,66.8044326749018,66.83381262290558,66.87045219669727,66.91381459795598,66.96336302836079,67.01856068959081,67.07887078332512,67.14375651124281,67.21268107502299,67.28510767634474,67.36049951688716,67.43831979832933,67.51803172235036,67.59909849062934,67.68098330484536,67.7631493666775,67.84505987780487,67.92617803990657,68.00596705466168,68.08389906032791,68.15974143324149,68.23361735796114,68.3056712020467,68.37604733305803,68.44489011855497,68.51234392609737,68.5785531232451,68.643662077558,68.70781515659593,68.77115672791874,68.83383115908626,68.89598281765836,68.9577560711949,69.01929528725572,69.08074483340066,69.14224907718959,69.20395238618237,69.26599912793881,69.32853367001881,69.3917003799822,69.45564362538883,69.52050777379856,69.58643719277123,69.65357624986669,69.7220693126448,69.79203571448878,69.86344029546018,69.93618901894585,70.01018773243372,70.08534228341166,70.16155851936759,70.23874228778938,70.31679943616493,70.39563581198215,70.47515726272893,70.55526963589317,70.63587877896276,70.71689053942559,70.79821076476958,70.8797453024826,70.96140000005256,71.04308070496735,71.12469326471488,71.20614352678302,71.2873373386597,71.36818054783278,71.44857900179018,71.52843854801979,71.6076650340095,71.68616430724722,71.76384310915513,71.84068606518109,71.91681501968755,71.99236578476035,72.0674741724854,72.14227599494855,72.21690706423564,72.29150319243254,72.36620019162513,72.44113387389925,72.51644005134077,72.59225453603555,72.66871314006947,72.74595167552836,72.82410595449811,72.90331178906457,72.9837049913136,73.06542137333106,73.14859674720283,73.23336692501475,73.3198677188527,73.40823494080253,73.49860440295011,73.5911119173813,73.68589329618194,73.78308435143794,73.88280077344396,73.98496057601837,74.08936957387202,74.19583229392114,74.30415326308193,74.4141370082706,74.5255880564034,74.63831093439651,74.75211016916617,74.86679028762859,74.98215581669999,75.09801128329657,75.21416121433457,75.33041013673021,75.44656257739967,75.5624230632592,75.67779612122501,75.79248627821333,75.90629806114036,76.0190359969223,76.1305046124754,76.24050843471586,76.34885199055991,76.45533980692375,76.5597764107236,76.66196643584848,76.76176885836612,76.85918524907699,76.95424028490481,77.04695864277329,77.13736499960618,77.22548403232713,77.3113404178599,77.39495883312819,77.47636395505572,77.5555804605662,77.63263302658339,77.70754633003094,77.78034504783258,77.85105385691205,77.91969743419304,77.98630045659928,78.05088760105448,78.11348354448236,78.17411296380664,78.23280053595101,78.28957093783922,78.34444884639495,78.39745893854194,78.44862589120387,78.49797438130452,78.54552207676909,78.59116891625146,78.63471715048925,78.67596607329884,78.7147149784966,78.75076315989884,78.78390991132201,78.81395452658242,78.84069629949641,78.86393452388043,78.8834684935508,78.89909750232388,78.91062084401602,78.91783781244365,78.92054770142309,78.91854980477069,78.91164341630284,78.89962782983594,78.88230233918628,78.85946623817028,78.83091882060432,78.79645938030473,78.75588721108787,78.70900160677013,78.65560186116787,78.59548726809743
67.59156858704686,67.37175868597569,67.17977608897225,67.014363866804,66.87426509023842,66.75822283004298,66.66498015698514,66.59328014183238,66.54186585535216,66.50948036831194,66.49486675147921,66.49676807562143,66.51392741150607,66.5450878299006,66.58899240157248,66.6443841972892,66.7100062878182,66.78460174392697,66.86691363638298,66.95568503595368,67.04965901340655,67.14757863950908,67.24818698502871,67.35022712073291,67.45244211738917,67.55357504576494,67.6523875930545,67.74825647803337,67.84129962906216,67.93167910232799,68.01955695401792,68.10509524031903,68.18845601741839,68.2698013415031,68.34929326876023,68.42709385537685,68.50336515754006,68.57826923143692,68.65196813325453,68.72462391917996,68.79639864540029,68.86745436810259,68.93795314347396,69.00805702770145,69.07792807697219,69.1477283474732,69.21761989539162,69.28776477691449,69.35832504822889,69.4294627655219,69.50133998498063,69.57411876279214,69.64793889440179,69.72280279762207,69.79866053629881,69.8754620712189,69.95315736316921,70.03169637293658,70.11102906130787,70.19110538906997,70.27187531700973,70.35328880591402,70.4352958165697,70.51784630976364,70.6008902462827,70.68437758691374,70.76825829244363,70.85248232365923,70.93699964134741,71.02176020629503,71.10671397928895,71.19181092111606,71.27700099256319,71.36223415441722,71.44746036746503,71.53262959249345,71.61769179028937,71.70259691682014,71.78729450815382,71.87173336056458,71.95586219502182,72.03962973249496,72.12298469395341,72.20587580036658,72.28825177270389,72.37006133193474,72.45125319902853,72.53177609495471,72.61157874068266,72.69060985718181,72.76881816542155,72.84615238637132,72.92256124100051,72.99799345027854,73.07239773517482,73.14572281665876,73.21791741569977,73.28893025326727,73.35871005033066,73.42720552785937,73.4943654068228,73.56013840819034,73.62447325293144,73.6873470639785,73.74901598514847,73.80989452960401,73.87039902823342,73.93094581192499,73.991951211567,74.05383155804776,74.11700318225554,74.18188241507866,74.24888558740538,74.31842903012402,74.39092907412285,74.46680205029018,74.54646428951429,74.63033212268348,74.71882188068604,74.81234989441025,74.91133249474441,75.01618601257682,75.12732677879576,75.24517112428954,75.37013537994643,75.50263587665474,75.64308894530274,75.79191091677873,75.94951720274463,76.11585624785724,76.28965116799817,76.46942652614929,76.65370688529238,76.84101680840928,77.02988085848183,77.21882359849182,77.40636959142114,77.59104340025154,77.77136958796488,77.945872717543,78.1130773519677,78.27150805422083,78.41968938728421,78.55614591413963,78.67940219776897,78.78798280115399,78.88041228727658,78.95521521911853,79.01091615966166,79.04603967188783,79.05911031877883,79.0486526633165,79.01319126848267,78.95125069725917,78.86149802252031,78.74499403799116,78.60478576902361,78.44398036233046,78.26568496462448,78.07300672261849,77.86905278302527,77.65693029255762,77.43974639792833,77.22060824585019,77.00262298303599,76.78889775619852,76.58253971205058,76.38665599730496,76.20435375867446,76.03874014287184,75.89292229660994,75.77000736660152,75.67310249955939,75.60531484219634,75.56975154122514,75.56951974335861,75.60772659530954,75.6874792437907,75.8118848355149,75.98405051719494
67.8370455087149,67.65556270353314,67.4972845002166,67.36118085773086,67.24622173504154,67.15137709111423,67.07561688491451,67.017911075408,66.97722962156027,66.95254248233692,66.94281961670357,66.94703098362578,66.96414654206917,66.99313625099934,67.03297006938185,67.08261795618233,67.14104987036636,67.20723577089954,67.28014561674748,67.35874936687574,67.44201698024995,67.52891841583568,67.61842363259852,67.7095025895041,67.801125245518,67.8922615596058,67.98189623660264,68.06950114118128,68.15513524207891,68.23889246120497,68.32086672046883,68.40115194177991,68.47984204704763,68.55703095818137,68.63281259709058,68.70728088568461,68.78052974587293,68.85265309956489,68.92374486866993,68.99389897509745,69.06320934075686,69.13176988755757,69.19967453740897,69.26701721222048,69.33389183390152,69.40039232436148,69.46661260550975,69.53264659925578,69.59858822750896,69.66453141217868,69.73057007517436,69.7967981384054,69.86330013940616,69.93010270195187,69.99721037915789,70.0646276806934,70.13235911622762,70.2004091954297,70.26878242796882,70.33748332351418,70.40651639173495,70.47588614230033,70.54559708487949,70.61565372914163,70.68606058475591,70.75682216139153,70.82794296871766,70.8994275164035,70.97128031411825,71.04350587153104,71.1161086983111,71.18909330412758,71.2624641986497,71.3362258915466,71.41038289248752,71.48493971114159,71.55990085717802,71.63527126615375,71.7110929790969,71.78747341080694,71.86452663057956,71.94236670771049,72.02110771149545,72.10086371123013,72.18174877621028,72.26387697573158,72.34736237908977,72.43231905558056,72.51886107449967,72.60710250514279,72.69715741680567,72.78913987878398,72.8831639603735,72.97934373086989,73.07779325956889,73.1786266157662,73.28195786875756,73.38790108783867,73.49657034230523,73.608079701453,73.72254323457763,73.84007501097489,73.96078909994047,74.08476941394173,74.21180360476407,74.34151116971789,74.47350967607662,74.6074166911136,74.74284978210227,74.87942651631602,75.0167644610282,75.15448118351225,75.29219425104154,75.42952123088946,75.56607969032943,75.70148719663482,75.83536131707903,75.96731961893545,76.09697966947749,76.22395903597852,76.34787528571192,76.46834598595115,76.58498870396953,76.6974210070405,76.80526046243742,76.90812463743372,77.00563109930278,77.09739741531796,77.18304136540078,77.26228875470605,77.33514884830191,77.40167684324551,77.46192793659398,77.51595732540444,77.56382020673404,77.6055717776399,77.64126723517916,77.67096177640894,77.69471059838638,77.71256889816863,77.7245918728128,77.73083471937602,77.73135263491545,77.72620081648819,77.7154344611514,77.6991087659622,77.67727892797771,77.6500001442551,77.61732761185147,77.57931652782395,77.53602208922968,77.4874994931258,77.43380393656946,77.37499061661775,77.31117256137293,77.24343417977288,77.17366590094656,77.10378255149507,77.03569895801954,76.97132994712106,76.91259034540074,76.8613949794597,76.81965867589906,76.78929626131992,76.77222256232338,76.77035240551055,76.78560061748254,76.81988202484048,76.87511145418546,76.9532037321186,77.05607368524102,77.1856361401538,77.34380592345806,77.53249786175492,77.7536267816455,78.00910750973088,78.30085487261218,78.63078369689052,79.00080880916701,79.41284503604277
67.34362410855024,67.15557821553395,66.99329246619479,66.85555671707112,66.74116082470132,66.64889464562373,66.57754803637673,66.52591085349863,66.49277295352783,66.47692419300267,66.47715442846155,66.49225351644273,66.52101131348465,66.56221767612567,66.6146624609041,66.6771355243583,66.74842672302668,66.82732591344754,66.91262295215927,67.00310769570021,67.0975700006087,67.19479972342316,67.29358672068187,67.39272084892326,67.49099196468566,67.58718992450738,67.68012357713488,67.76922921759476,67.85469931215937,67.93677134566838,68.01568280296132,68.09167116887784,68.1649739282575,68.2358285659399,68.30447256676464,68.37114341557131,68.4360785971995,68.4995155964888,68.56169189827881,68.62284498740914,68.68321234871937,68.7430314670491,68.80253982723792,68.86197491412543,68.92157421255118,68.98157520735484,69.04221538337595,69.10373222545414,69.16636321842896,69.23034584714006,69.29591759642699,69.36331595112935,69.43273402812608,69.50409113646495,69.57720223832322,69.65188209047105,69.72794544967846,69.80520707271555,69.88348171635243,69.96258413735922,70.04232909250595,70.12253133856274,70.20300563229966,70.28356673048685,70.36402938989434,70.44420836729225,70.52391841945067,70.60297430313969,70.68119077512938,70.75838259218986,70.8343645110912,70.9089512886035,70.98195768149685,71.05319844654133,71.122488340507,71.18964212016402,71.25447454228245,71.31680250371843,71.37662935632835,71.4342869551825,71.4901405941963,71.54455556728522,71.59789716836465,71.65053069135001,71.70282143015675,71.75513467870027,71.80783573089602,71.8612898806594,71.91586242190584,71.97191864855077,72.0298238545096,72.08994333369779,72.15264238003073,72.21828628742384,72.28724034979257,72.35986986105232,72.43654011511853,72.51761640590661,72.603464027332,72.69444827331012,72.79093443775639,72.89328781458622,73.00187369771507,73.11700093106936,73.23842379388378,73.36558180025446,73.49791085147828,73.63484684885205,73.77582569367263,73.92028328723688,74.06765553084159,74.21737832578367,74.3688875733599,74.52161917486717,74.67500903160231,74.82849304486214,74.98150711594357,75.13348714614335,75.2838690367584,75.43208868908553,75.57758200442157,75.71978488406342,75.85813322930787,75.99206294145176,76.121009921792,76.24441007162534,76.36169929224869,76.47231348495887,76.57568899052939,76.6714854038658,76.75994814223225,76.84141754984671,76.91623397092704,76.98473774969122,77.04726923035719,77.10416875714287,77.15577667426618,77.20243332594507,77.24447905639747,77.28225420984134,77.31609913049456,77.34635416257512,77.3733596503009,77.39745593788987,77.41898336955998,77.43828228952913,77.45569304201524,77.47155597123631,77.48621142141019,77.49999973675489,77.51326126148828,77.52633633982836,77.539565315993,77.55328853420016,77.56783264855005,77.58329436194603,77.59957957127534,77.61658839790667,77.63422096320875,77.65237738855032,77.67095779530013,77.6898623048269,77.70899103849939,77.7282441176863,77.74752166375634,77.76672379807832,77.7857506420209,77.80450231695286,77.82287894424292,77.84078064525983,77.85810754137228,77.87475975394901,77.89063740435881,77.90564061397035,77.91966950415241,77.93262419627368,77.94440481170295,77.95491147180888,77.96404429796027,77.97170341152582
67.17925346874678,67.09084196387701,67.01439889594475,66.94949281500314,66.89569227110532,66.85256581430441,66.8196819946536,66.79660936220601,66.78291646701479,66.77817185913307,66.78194408861401,66.79380170551075,66.81331325987642,66.84004730176417,66.87357238122716,66.91345704831853,66.9592698530914,67.01057934559894,67.06695407589429,67.12796259403058,67.19317345006095,67.26215519403857,67.33447637601655,67.40970554604807,67.48741125418626,67.56716205048426,67.64853046758515,67.73122061110378,67.81509515273633,67.90002620439228,67.985885877981,68.07254628541196,68.1598795385946,68.24775774943832,68.33605302985256,68.42463749174676,68.51338324703036,68.60216240761277,68.69084708540342,68.77930939231177,68.86742144024723,68.95505534111922,69.04208320683719,69.12837714931057,69.21380928044879,69.29825171216127,69.38157655635746,69.46365592494678,69.54436192983864,69.62356668294252,69.70114229616782,69.77696088142396,69.85092258211114,69.92310053226448,69.99363379183252,70.06266155053925,70.1303229981086,70.19675732426454,70.26210371873105,70.32650137123208,70.39008947149159,70.45300720923355,70.51539377418193,70.57738835606067,70.63913014459375,70.70075832950512,70.76241210051876,70.82423064735863,70.88635315974868,70.94891882741287,71.01206684007518,71.07593638745958,71.14066665928999,71.20639684529043,71.27326613518481,71.34141371869713,71.41097878555132,71.48209995015961,71.554865702896,71.62927622377748,71.70532270357457,71.78299633305781,71.86228830299774,71.94318980416489,72.0256920273298,72.109786163263,72.19546340273502,72.2827149365164,72.37153195537768,72.46190565008938,72.55382721142203,72.64728783014618,72.74227869703238,72.83879100285114,72.93681593837299,73.03634469436847,73.13736846160812,73.23987843086249,73.34386579290208,73.44932173849745,73.5562374584191,73.66460414343761,73.7744129843235,73.88564294991289,73.9981529407583,74.11173370790605,74.22617522019864,74.34126744647853,74.45680035558823,74.57256391637021,74.68834809766699,74.80394286832106,74.91913819717487,75.03372405307096,75.1474904048518,75.26022722135987,75.37172447143767,75.4817721239277,75.59016014767245,75.69667851151442,75.80111718429607,75.90326613485992,76.00291533204845,76.09985474470413,76.1938743416695,76.28476409178701,76.37231396389916,76.45631392684845,76.53655409958812,76.61290085732892,76.68542067290234,76.75421244306035,76.81937506455495,76.88100743413811,76.93920844856184,76.99407700457813,77.04571199893897,77.09421232839632,77.1396768897022,77.1822045796086,77.2218942948675,77.25884493223087,77.29315538845073,77.32492456027906,77.35425134446784,77.38123463776908,77.40597333693475,77.42856633871683,77.44911253986734,77.46771083713826,77.48446012728155,77.49945930704924,77.51280727319329,77.5246029224657,77.53495084957446,77.54405135708205,77.55218416281261,77.55963138841543,77.56667515553978,77.573597585835,77.58068080095038,77.58820692253519,77.59645807223875,77.60571637171036,77.6162639425993,77.6283829065549,77.64235538522644,77.6584635002632,77.67698937331451,77.69821512602965,77.72242288005793,77.74989475704864,77.78091287865108,77.81575936651454,77.85471634228834,77.89806592762176,77.94609024416411,77.99907141356466,78.05729155747275,78.12103279753765
67.72618560205821,67.57356274579583,67.43909122388312,67.32203781014726,67.22166927841545,67.1372524025148,67.06805395627252,67.01334071351577,66.97237944807172,66.94443693376753,66.92877994443037,66.92467525388743,66.93138963596584,66.94818986449279,66.97434271329546,67.00911495620099,67.05177336703656,67.10158471962936,67.15781578780653,67.21973334539524,67.28660416622267,67.35769502411598,67.43227269290236,67.50960394640894,67.58895555846293,67.66959430289147,67.75079576977171,67.83212681195775,67.91350529966381,67.99487000088183,68.07615968360372,68.15731311582145,68.23826906552694,68.31896630071212,68.39934358936893,68.4793396994893,68.5588933990652,68.63794345608851,68.7164286385512,68.79428771444522,68.87145945176246,68.9478826184949,69.02349598263446,69.09823831217307,69.17204837510266,69.24486493941518,69.31662677310256,69.38727264415674,69.45674132056965,69.52497157033322,69.5919021614394,69.65747186188013,69.72164018931964,69.78449471379821,69.84617180551136,69.90680793071789,69.96653955567666,70.02550314664647,70.08383516988617,70.14167209165456,70.19915037821049,70.25640649581277,70.31357691072024,70.37079808919171,70.42820649748603,70.485938601862,70.54413086857846,70.60291976389423,70.66244175406815,70.72283330535905,70.78423088402572,70.84677095632702,70.91058998852176,70.97582444686878,71.0426107976269,71.11108550705494,71.18138504141173,71.25364490426489,71.32791672470928,71.4041043587372,71.48209662029062,71.56178232331149,71.64305028174176,71.72578930952339,71.80988822059834,71.89523582890853,71.98172094839596,72.06923239300255,72.15765897667028,72.24688951334109,72.33681281695694,72.42731770145977,72.51829298079156,72.60962746889423,72.70120997970977,72.79292932718013,72.88467432524725,72.97633378785308,73.06779652893958,73.15895136244872,73.24968710232243,73.33989256250268,73.42945655693143,73.51827883411575,73.6063665637306,73.6937878865861,73.78061164330452,73.86690667450819,73.95274182081938,74.03818592286038,74.12330782125349,74.20817635662101,74.2928603695852,74.37742870076839,74.46195019079285,74.54649368028088,74.63112800985476,74.7159220201368,74.80094455174928,74.8862644453145,74.97195054145473,75.0580716807923,75.14469670394948,75.23189445154854,75.31973376421182,75.40828348256157,75.49761244722012,75.58778949880971,75.67888321951658,75.77083090598333,75.86322535951882,75.95560355923232,76.04750248423304,76.13845911363023,76.22801042653316,76.31569340205105,76.40104501929316,76.48360225736872,76.56290209538697,76.63848151245718,76.70987748768854,76.77662700019037,76.83826702907184,76.89433455344225,76.94436655241081,76.98790000508677,77.02447189057939,77.0536191879979,77.07487887645154,77.08778793504955,77.09188334290118,77.0867020791157,77.0717811228023,77.04665745307028,77.01092765749446,76.96518955959591,76.91087177588535,76.84942807019497,76.78231220635698,76.71097794820353,76.63687905956685,76.5614693042791,76.48620244617248,76.41253224907919,76.3419124768314,76.2757968932613,76.21563926220108,76.16289334748295,76.11901291293907,76.08545172240163,76.06366353970284,76.05510212867487,76.06122125314992,76.08347467696017,76.12331616393782,76.18219947791503,76.26157838272403,76.36290664219698,76.48763802016607,76.63722628046351
67.32895615584462,67.20869499164543,67.1045066166535,67.01570230818173,66.94159334354303,66.88149100005032,66.83470655501651,66.80055128575451,66.77833646957723,66.76737338379758,66.76697330572847,66.77644751268282,66.79510728197354,66.82226389091353,66.85722861681572,66.89931273699301,66.9478275287583,67.00208426942451,67.06139423630457,67.12506870671137,67.19241895795783,67.26275626735683,67.33539191222134,67.40963716986423,67.48480331759842,67.56020163273682,67.63515348534034,67.70931367995891,67.78273886203458,67.85550960056015,67.92770646452844,67.99941002293225,68.0707008447644,68.1416594990177,68.21236655468499,68.28290258075904,68.35334814623268,68.42378382009872,68.49429017134997,68.56494776897925,68.63583718197938,68.70703897934315,68.7786337300634,68.85070200313291,68.92332436754452,68.99658139229102,69.07055364636524,69.14532169875999,69.22096611846807,69.2975674744823,69.37520633579551,69.45396327140048,69.53389896423744,69.6149513745238,69.69701169342734,69.77997102005078,69.86372045349685,69.94815109286826,70.03315403726774,70.11862038579798,70.20444123756172,70.29050769166167,70.37671084720058,70.46294180328113,70.54909165900605,70.63505151347807,70.72071246579992,70.80596561507429,70.89070206040391,70.9748129008915,71.05818923563977,71.14072216375146,71.22230278432929,71.30282219647596,71.38217149929419,71.46024179188672,71.53692417335624,71.61211087821106,71.6857930631692,71.7581361697028,71.82932337999586,71.89953787623246,71.96896284059663,72.03778145527241,72.10617690244386,72.17433236429501,72.24243102300991,72.31065606077262,72.37919065976716,72.44821800217758,72.51792127018793,72.58848364598225,72.66008831174459,72.732918449659,72.80715724190951,72.88298787068015,72.96059351815501,73.04015736651812,73.1218625979535,73.2058923946452,73.29242993877727,73.38165841253377,73.47376099809874,73.56890404558592,73.66708854685074,73.76822163812467,73.87220937838677,73.97895782661604,74.08837304179153,74.20036108289224,74.31482800889721,74.43167987878546,74.55082275153602,74.67216268612792,74.79560574154016,74.92105797675177,75.04842545074182,75.17761422248927,75.30853035097317,75.44107989517256,75.57516891406645,75.71070346663389,75.84758961185385,75.9857334087054,76.12504091616755,76.26541819321932,76.40677129883976,76.54900629200786,76.6920290043873,76.8356297914351,76.97929599722363,77.12246586570586,77.2645776408348,77.40506956656343,77.54337988684475,77.67894684563176,77.81120868687746,77.93960365453484,78.06356999255688,78.18254594489659,78.29596975550695,78.40327966834099,78.50391392735166,78.59731077649198,78.68290845971494,78.76014522097353,78.82845930422074,78.88728895340958,78.93607241249305,78.97424792542411,79.00125373615579,79.01652808864107,79.01950922683294,79.0096353946844,78.98640818604304,78.95039327501723,78.90303927487125,78.8458215246062,78.7802153632231,78.70769612972308,78.62973916310717,78.54781980237647,78.46341338653204,78.37799525457494,78.29304074550627,78.21002519832707,78.13042395203844,78.05571234564144,77.98736571813714,77.92685940852662,77.87566875581095,77.83526909899119,77.80713577706842,77.79274412904371,77.79356949391816,77.81108721069279,77.8467726183687,77.90210105594697,77.97854786242867,78.07758837681486
67.24668422199227,67.15950226932645,67.08307313527598,67.01704140165313,66.96105165027024,66.91474846293954,66.87777642147341,66.84978010768413,66.83040410338398,66.81929299038532,66.81609135050039,66.82044376554148,66.83199481732098,66.85038908765111,66.87527115834422,66.90628561121261,66.94307702806853,66.98528999072437,67.03256908099235,67.08455888068482,67.14090397161411,67.20124893559245,67.26523835443217,67.33251680994559,67.40272888394503,67.47551915824272,67.55053492204578,67.6275129088616,67.70629764661783,67.78674008077041,67.86869115677536,67.95200182008855,68.03652301616603,68.12210569046366,68.20860078843745,68.29585925554335,68.38373203723728,68.47207007897524,68.56072432621312,68.64954572440695,68.73838521901266,68.82709375548615,68.91552227928344,69.00352173586046,69.09094307067318,69.17763722917752,69.26345515682945,69.34824779908493,69.43186610139992,69.51416100923035,69.59498346803218,69.67418442326141,69.75163857055267,69.82736717493088,69.90144735832277,69.97395635260963,70.04497138967272,70.11456970139338,70.18282851965282,70.24982507633234,70.31563660331324,70.38034033247678,70.44401349570424,70.5067333248769,70.56857705187608,70.629621908583,70.68994512687897,70.74962393864527,70.80873557576317,70.86735727011398,70.92556625357892,70.98343975803934,71.04105501537649,71.09848925747164,71.15581971620605,71.21312362346106,71.27047821111793,71.32796105883992,71.38568004679755,71.44379643969918,71.50247693634702,71.56188823554328,71.62219703609014,71.6835700367898,71.74617393644448,71.8101754338563,71.87574122782755,71.94303801716038,72.012232500657,72.0834913771196,72.15698134535037,72.23286910415155,72.31132135232528,72.39250478867379,72.47658611199927,72.5637320211039,72.65410921478994,72.74788439185951,72.84522425111484,72.94629549135814,73.05126481139158,73.16029891001736,73.27356448603771,73.39119341848729,73.51297551700472,73.63850643620492,73.76737960223772,73.89918844125296,74.03352637940046,74.16998684283004,74.30816325769152,74.44764905013474,74.58803764630949,74.72892247236561,74.86989695445291,75.01055451872125,75.15048859132042,75.28929259840027,75.42655996611057,75.5618841206012,75.69485848802199,75.82507649452273,75.95213156625323,76.07561712936334,76.19512661000286,76.31025343432165,76.42059102846952,76.52573281859628,76.6252726252863,76.71900464187735,76.80724884296748,76.89041040101847,76.96889448849194,77.04310627784969,77.11345094155337,77.18033365206472,77.24415958184548,77.30533390335731,77.36426178906197,77.42134841142115,77.47699894289659,77.53161855594996,77.58561242304302,77.63938571663746,77.69334360919501,77.74789127317737,77.80343388104626,77.86037660526338,77.91912461829048,77.98008309258924,78.0436572006214,78.11025211484866,78.18027300773272,78.25412505173531,78.33213734363082,78.41336114638275,78.49578741806238,78.5773750223102,78.6560828227669,78.72986968307305,78.79669446686927,78.85451603779617,78.90129325949434,78.93498499560438,78.95355010976691,78.95494746562252,78.93713592681183,78.89807435697543,78.83572161975394,78.74803657878795,78.63297809771808,78.48850504018495,78.31257626982912,78.10315065029124,77.85818704521188,77.57564431823164,77.25348133299116,76.88965695313104,76.48213004229186,76.02885946411422
67.06306648816486,67.04589963233161,67.03361709216578,67.02611140141559,67.02327509382921,67.02500070315489,67.03118076314081,67.04170780753518,67.05647437008619,67.07537298454207,67.09829618465103,67.12513650416125,67.15578647682095,67.19013863637834,67.2280855165816,67.26951965117897,67.31433357391865,67.36241981854882,67.4136709188177,67.4679794084735,67.52523782126443,67.58533869093867,67.64817455124445,67.71363793592997,67.78162137874344,67.85201741343305,67.92471736435776,67.99957260123854,68.07638634218672,68.15495893861316,68.2350907419287,68.31658210354422,68.39923337487055,68.48284490731854,68.56721705229906,68.65215016122295,68.73744458550105,68.82290067654424,68.90831878576336,68.99349926456925,69.07824246437279,69.16234873658482,69.24561843261617,69.32785190387773,69.40884950178032,69.48841157773481,69.56633848315205,69.64243056944291,69.7164881880182,69.78831169028881,69.85770142766557,69.92445775155934,69.98843157499336,70.04978584168202,70.10880240876145,70.16576336744927,70.22095080896315,70.27464682452073,70.32713350533965,70.37869294263756,70.4296072276321,70.48015845154094,70.5306287055817,70.58130008097204,70.63245466892961,70.68437456067204,70.737341847417,70.79163862038212,70.84754697078505,70.90534898984343,70.96532676877491,71.02776239879715,71.09293797112778,71.16113557698446,71.23263730758484,71.30772525414653,71.38668150788723,71.46978606731717,71.5571366038163,71.64850955818206,71.74364867265902,71.84229768949183,71.94420035092512,72.04910039920348,72.15674157657155,72.26686762527393,72.37922228755528,72.49354930566018,72.60959242183328,72.72709537831919,72.84580191736252,72.9654557812079,73.08580071209994,73.20658045228328,73.32753874400252,73.4484193295023,73.56896595102724,73.68892235082193,73.80803227113103,73.92603945419911,74.04268764227085,74.15772057759084,74.2708820024037,74.3819347405515,74.49082907348973,74.5976216816613,74.70237046673132,74.80513333036494,74.90596817422728,75.00493289998347,75.10208540929865,75.19748360383795,75.29118538526652,75.38324865524945,75.47373131545191,75.56269126753902,75.65018641317592,75.73627465402772,75.82101389175959,75.90446202803663,75.98667696452398,76.06771660288679,76.14763884479017,76.22650159189925,76.30436274587917,76.38128020839508,76.4573118811121,76.53251566569536,76.60694930764967,76.68059122303167,76.75321166617685,76.82454716078917,76.89433423057261,76.96230939923113,77.02820919046873,77.09177012798936,77.152728735497,77.21082153669565,77.26578505528924,77.31735581498177,77.36527033947719,77.40926515247952,77.44907677769268,77.48444173882068,77.51509655956748,77.54077776363705,77.56122187473338,77.57616541656043,77.58534491282217,77.58849688722258,77.58535786346563,77.5756643652553,77.55915291629557,77.53556004029039,77.50467056786191,77.46708073489799,77.42406005495818,77.37689842108315,77.32688572631353,77.27531186369,77.22346672625319,77.17264020704376,77.12412219910233,77.0792025954696,77.03917128918619,77.00531817329275,76.97893314082994,76.96130608483841,76.95372689835881,76.95748547443179,76.973871706098,77.0041754863981,77.04968670837272,77.11169526506252,77.19149104950816,77.29036395475029,77.40960387382954,77.55050069978658,77.71434432566207,77.90242464449663
67.11709561008732,66.9892499206859,66.88059686955557,66.79027333092128,66.71741617900796,66.66116228804049,66.62064853224385,66.59501178584296,66.5833889230627,66.58491681812805,66.59873234526393,66.62397237869524,66.65977379264694,66.70527346134395,66.75960825901117,66.82191505987359,66.89133073815606,66.96699216808355,67.04803622388098,67.13359977977328,67.2228197099854,67.31483288874222,67.4087761902687,67.50378648878976,67.59900065853031,67.69355557371532,67.78660019206856,67.87768267431446,67.96683228344824,68.05410692483284,68.13956450383125,68.2232629258065,68.30526009612149,68.38561392013926,68.46438230322278,68.541623150735,68.61739436803893,68.69175386049756,68.76475953347384,68.83646929233075,68.90694104243127,68.97623268913839,69.0444021378151,69.11150729382436,69.17760606252918,69.2427563492925,69.30701605947732,69.3704430984466,69.43309537156335,69.49503078419053,69.55630724169114,69.61698264942814,69.67712209611136,69.73683500101248,69.79624767757073,69.85548647248163,69.91467773244068,69.97394780414336,70.03342303428516,70.09322976956162,70.15349435666818,70.21434314230035,70.27590247315362,70.33829869592353,70.40165815730552,70.46610720399511,70.53177218268777,70.59877944007906,70.66725532286443,70.73732617773936,70.80911835139938,70.88275819053996,70.95837204185659,71.03608625204481,71.11602716780007,71.19832113581788,71.28309450279374,71.37047249409088,71.46048263899701,71.55298034229389,71.6478034879463,71.74478995991907,71.84377764217697,71.94460441868478,72.04710817340725,72.15112679030923,72.25649815335547,72.36306014651072,72.47065065373985,72.57910755900758,72.68826874627871,72.79797209951803,72.90805550269036,73.01835683976043,73.12871399469304,73.23896485145298,73.34894729400506,73.45849920631403,73.5674584723447,73.67566297606183,73.78295060143023,73.8891592324147,73.99412675297998,74.09770221940656,74.19984444480409,74.3005745391144,74.39991432730758,74.49788563435365,74.5945102852227,74.68981010488474,74.78380691830989,74.87652255046814,74.96797882632958,75.05819757086425,75.14720060904224,75.23500976583355,75.32164686620828,75.40713373513648,75.4914921975882,75.57474407853348,75.65691120294238,75.73801539578497,75.8180784820313,75.89712228665141,75.97516863461539,76.05223935089325,76.12835626045509,76.20354118827095,76.2778159224874,76.3511835449425,76.42359805182568,76.495005485463,76.56535188818043,76.63458330230395,76.70264577015962,76.76948533407335,76.83504803637123,76.89927991937918,76.96212702542326,77.02353539682943,77.0834510759237,77.14182010503208,77.19858852648056,77.25370238259515,77.30710771570182,77.35875056812657,77.40857698219543,77.45653300023437,77.5025646645694,77.54661801752653,77.58863910143174,77.62857395861104,77.66636863139041,77.70196916209588,77.73530266710753,77.76597836605845,77.79334169821107,77.81673011844435,77.8354810816374,77.84893204266919,77.85642045641876,77.85728377776513,77.8508594615873,77.83648496276433,77.81349773617521,77.78123523669896,77.73903491921465,77.68623423860123,77.62217064973777,77.54618160750329,77.45760456677678,77.3557769824373,77.24003630936389,77.1097200024355,76.96416551653118,76.80271030652997,76.6246918273109,76.42944753375298,76.21631488073521,75.98463132313663
66.91893475884163,66.78891930506904,66.67721632247691,66.58301466795052,66.50550319837512,66.44387077063595,66.39730624161828,66.36499846820732,66.3461363072883,66.33990861574654,66.34550425046723,66.36211206833565,66.388920926237,66.42511968105657,66.46989718967961,66.52244230899134,66.58194389587703,66.64759080722192,66.71857189991124,66.79407603083024,66.87329205686422,66.95540883489835,67.03961522181791,67.12510007450817,67.21105224985436,67.29666060474173,67.3811262148748,67.46405382954325,67.54553468806378,67.62568899288019,67.70463694643632,67.78249875117606,67.85939460954322,67.93544472398165,68.01076929693517,68.08548853084764,68.15972262816291,68.23359179132481,68.30721622277719,68.3807161249639,68.45421170032876,68.52782315131563,68.60167068036836,68.67587448993075,68.7505547824467,68.82583176035999,68.90182562611452,68.97865658215412,69.0564448309226,69.13531057486384,69.21537401642166,69.29675535803992,69.37954924816387,69.46369263394206,69.54906236330422,69.63553516587447,69.72298777127696,69.81129690913585,69.90033930907529,69.9899917007194,70.08013081369234,70.17063337761826,70.26137612212128,70.35223577682561,70.44308907135533,70.53381273533464,70.62428349838765,70.71437809013852,70.80397324021138,70.8929456782304,70.98117213381974,71.06852933660352,71.15489401620587,71.24014290225097,71.32415272436296,71.40680021216599,71.48796209528419,71.56751627874681,71.6454430747512,71.72190322017545,71.79707581760206,71.87113996961361,71.94427477879265,72.01665934772171,72.08847277898334,72.15989417516008,72.23110263883447,72.30227727258904,72.37359717900637,72.44524146066897,72.5173892201594,72.5902195600602,72.66391158295394,72.73864439142312,72.8145970880503,72.89194877541806,72.97087855610889,73.05156553270535,73.13418880779003,73.21892748394538,73.30596066375404,73.39546744979847,73.48762694466132,73.58259708809538,73.68032791621533,73.78065146119769,73.88339840079792,73.98839941277149,74.09548517487386,74.20448636486049,74.31523366048685,74.42755773950836,74.54128927968054,74.6562589587588,74.77229745449864,74.88923544465547,75.00690360698482,75.1251326192421,75.24375315918277,75.36259590456231,75.48149153313616,75.60027072265981,75.71876415088869,75.8368024955783,75.95421643448407,76.07083664536145,76.18649380596591,76.30101859405295,76.41424148168653,76.52588844969077,76.63541129223026,76.74221737412353,76.8457140601891,76.94530871524549,77.04040870411123,77.13042139160478,77.2147541425447,77.29281432174949,77.36400929403766,77.4277464242277,77.48343307713819,77.53047661758757,77.5682844103944,77.59626382037717,77.61382221235442,77.62036695114463,77.61530540156633,77.59804492843804,77.56799289657826,77.52455667080554,77.46714361593831,77.39516109679516,77.30801647819462,77.20511712495511,77.08601355894885,76.95266089318312,76.80900949210022,76.65907011452444,76.50685351928001,76.35637046519122,76.21163171108236,76.07664801577772,75.95543013810155,75.85198883687812,75.77033487093175,75.71447899908665,75.68843198016717,75.69620457299752,75.741807536402,75.82925162920489,75.96254761023047,76.145706238303,76.38273827224677,76.67765447088607,77.03446559304516,77.45718239754828,77.94981564321978,78.51637608888387,79.16087449336484,79.88732161548701
66.79341999653003,66.75252979761389,66.72057185992514,66.6971577285156,66.68189894843701,66.67440706474116,66.67429362247982,66.68117016670477,66.69464824246779,66.71433939482066,66.73985516881514,66.77080710950301,66.80680676193606,66.84746567116606,66.89239538224477,66.941207440224,66.9935133901555,67.04892477709105,67.10705314608242,67.1675100421814,67.22990701043976,67.29385559590928,67.35896734364174,67.4248537986889,67.49112650610255,67.55739701093447,67.62328293678942,67.68860272465302,67.75341683197321,67.81780012461984,67.88182746846276,67.94557372937184,68.00911377321697,68.07252246586798,68.13587467319475,68.19924526106715,68.26270909535504,68.32634104192827,68.39021596665671,68.45440873541024,68.51899421405871,68.58404726847199,68.64964276451995,68.71585556807244,68.78276054499932,68.85043256117048,68.91894648245575,68.98837717472503,69.05879950384816,69.13028833569501,69.20291853613544,69.27676497103933,69.35188341485059,69.42821182316699,69.50564325138086,69.58407066649826,69.66338703552532,69.7434853254681,69.8242585033327,69.90559953612521,69.9874013908517,70.0695570345183,70.15195943413107,70.23450155669612,70.3170763692195,70.39957683870735,70.48189593216573,70.56392661660072,70.64556185901844,70.72669462642496,70.80721788582636,70.88702460422877,70.96600774863823,71.04406028606087,71.12107518350275,71.19694540796998,71.27156392646863,71.34482512150309,71.41674670086554,71.48756365133445,71.55753307684894,71.62691208134814,71.69595776877115,71.76492724305713,71.83407760814517,71.9036659679744,71.97394942648397,72.04518508761296,72.11763005530054,72.1915414334858,72.26717632610786,72.34479183710586,72.42464507041892,72.50699312998616,72.5920931197467,72.68020214363966,72.77157730560418,72.86647570957938,72.96515445950438,73.06787065931829,73.17488141296023,73.28644382436934,73.40281499748475,73.52420337768991,73.65033938871758,73.78068213419418,73.9146876035986,74.05181178640967,74.19151067210629,74.33324025016732,74.47645651007161,74.62061544129807,74.76517303332552,74.90958527563286,75.05330815769896,75.19579766900266,75.33650979902285,75.47490053723838,75.61042587312815,75.74254179617101,75.87070429584583,75.99436936163147,76.11299298300679,76.22603114945069,76.33293985044202,76.43317507545964,76.52619281398243,76.61144905548926,76.68840018058971,76.75670126429718,76.81652875886975,76.8681436008002,76.91180672658129,76.9477790727058,76.97632157566649,76.99769517195614,77.01216079806753,77.01997939049342,77.02141188572658,77.01671922025979,77.00616233058582,76.99000215319744,76.96849962458741,76.94191568124853,76.91051125967354,76.87454729635523,76.83428472778637,76.78998449045973,76.74190752086808,76.6903147555042,76.63546713086086,76.57762558343082,76.51705104970685,76.45400446618173,76.38877943273478,76.32221819206595,76.25561823282504,76.19029082352803,76.1275472326909,76.06869872882962,76.01505658046017,75.96793205609855,75.9286364242607,75.89848095346262,75.8787769122203,75.8708355690497,75.87596819246681,75.8954860509876,75.93070041312805,75.98292254740414,76.05346372233186,76.14363520642718,76.25474826820606,76.3881141761845,76.54504419887849,76.72684960480397,76.93484166247696,77.1703316404134,77.4346308071293,77.72905043114064
66.96048284263397,66.88388494055577,66.81998747070938,66.76827404373716,66.72822827028149,66.69933376098474,66.6810741264893,66.67293297743755,66.67439392447186,66.6849405782346,66.70405654936818,66.73122544851493,66.76593088631726,66.80765647341757,66.85588582045818,66.91010253808152,66.96979023692994,67.03443252764583,67.10351302087156,67.17651532724952,67.25292305742208,67.3322198220316,67.4138892317205,67.49741489713114,67.58228042890589,67.66796943768712,67.75397151101686,67.83997369549122,67.92590100685798,68.01169262833064,68.09728774312266,68.18262553444761,68.26764518551896,68.35228587955022,68.4364867997549,68.52018712934651,68.60332605153856,68.68584274954453,68.76767640657796,68.84876620585234,68.92905133058117,69.00847096397798,69.08696428925624,69.1644704896295,69.24092874831122,69.31627824851495,69.39045817345416,69.46340770634238,69.53506603039311,69.60537232881985,69.67426578483612,69.7416855816554,69.80759659990504,69.872122306567,69.93544660513349,69.99775351806628,70.05922706782708,70.12005127687765,70.1804101676797,70.24048776269498,70.30046808438524,70.3605351552122,70.42087299763762,70.4816656341232,70.5430970871307,70.60535137912187,70.66861253255841,70.7330645699021,70.79889151361465,70.86627738615779,70.93540620999329,71.00646200758285,71.07962880138822,71.15509061387117,71.23303146749338,71.31363538471662,71.39708638800263,71.48356690468944,71.57312038696166,71.6655454355142,71.76061572723395,71.8581049390078,71.95778674772265,72.05943483026539,72.1628228635229,72.26772452438209,72.37391348972984,72.48116343645306,72.58924804143862,72.69794098157342,72.80701593374437,72.91624657483834,73.02540658174223,73.13426963134293,73.24260940052734,73.35019956618234,73.45681380519486,73.56222579445173,73.66620921083991,73.76853773124624,73.86898503255765,73.967324791661,74.06333068544319,74.15680564747163,74.24784002894283,74.33668731630372,74.42360286842882,74.5088420441926,74.59266020246959,74.67531270213426,74.75705490206113,74.83814216112467,74.91882983819939,74.99937329215977,75.08002788188033,75.16104896623554,75.24269190409994,75.32521205434797,75.40886477585417,75.49390542749303,75.58058936813902,75.66917195666666,75.75990855195043,75.85305451286484,75.9488651982844,76.04759596708357,76.14950217813687,76.25483919031878,76.363861722513,76.47649937826641,76.59182865336237,76.70878780556698,76.82631509264635,76.94334877236663,77.05882710249391,77.1716883407943,77.28087074503397,77.38531257297898,77.48395208239546,77.57572753104957,77.65957717670737,77.73443927713502,77.79925209009863,77.85295387336431,77.89448288469818,77.92277738186637,77.93677562263498,77.93541586477015,77.91763636603797,77.88237538420458,77.8285711770361,77.75516200229863,77.66108611775832,77.54528178118125,77.40686824897605,77.2480049891246,77.07337413818848,76.88773419153173,76.69584364451828,76.5024609925121,76.31234473087717,76.13025335497744,75.96094536017691,75.80917924183949,75.6797134953292,75.57730661600996,75.50671709924578,75.47270344040061,75.4800241348384,75.53343767792315,75.6377025650188,75.79757729148932,76.01782035269868,76.30319024401085,76.65844546078979,77.08834449839948,77.59764585220388,78.19110801756692,78.87348948985263,79.64954876442494
66.94078636641642,66.87953238908452,66.82877488790955,66.78811543663988,66.7571556090239,66.73549697880995,66.72274111974642,66.71848960558167,66.72234401006405,66.73390590694194,66.75277686996371,66.77855847287773,66.81085228943238,66.84925989337599,66.89338285845693,66.9428227584236,66.99718116702437,67.05605965800756,67.11905980512157,67.18578318211476,67.25583136273549,67.32880592073215,67.40430842985309,67.48194046384667,67.56130359646127,67.64199940144526,67.72363390741087,67.8059603184732,67.88890920832748,67.97242171034637,68.05643895790247,68.1409020843684,68.22575222311679,68.31093050752021,68.39637807095133,68.48203604678274,68.56784556838704,68.65374776913688,68.73968378240485,68.82559474156359,68.91142177998567,68.99710603104377,69.08258862811044,69.16781070455835,69.25271339376009,69.33723782908827,69.42132514391551,69.50491647161444,69.58795294555766,69.67037569911778,69.75212586566744,69.83314457857924,69.91337964409054,69.99282004866413,70.07147047235209,70.14933562609943,70.22642022085111,70.30272896755211,70.37826657714743,70.45303776058203,70.52704722880092,70.60029969274906,70.67279986337142,70.74455245161302,70.81556216841881,70.88583372473377,70.9553718315029,71.02418119967118,71.09226654018359,71.15963256398508,71.22628398202068,71.29222550523535,71.35746184457408,71.42199771098183,71.4858378154036,71.54898686878435,71.6114495820691,71.67323137214791,71.73439916137718,71.79512823468538,71.85560490739299,71.91601549482056,71.97654631228859,72.03738367511764,72.09871389862819,72.16072329814078,72.22359818897594,72.2875248864542,72.35268970589604,72.41927896262203,72.48747897195268,72.5574760492085,72.62945650971002,72.70360666877777,72.78011284173226,72.85916134389402,72.94093849058358,73.02563059712143,73.11342397882814,73.2045049510242,73.29905982903014,73.3972749281665,73.49933656375377,73.60540177729303,73.71534002428272,73.82885752940396,73.94565864381335,74.06544771866749,74.18792910512305,74.31280715433661,74.43978621746481,74.5685706456643,74.69886479009166,74.83037300190354,74.96279963225656,75.09584903230733,75.2292255532125,75.36263354612866,75.49577736221245,75.6283613526205,75.76008986850943,75.89066726103586,76.01979788135641,76.1471860806277,76.27253621000636,76.39555262064903,76.5159396637123,76.63340169035283,76.7476429945037,76.85833880056457,76.96508805402117,77.06747734008522,77.1650932439684,77.2575223508824,77.34435124603888,77.42516651464953,77.49955474192608,77.56710251308016,77.62739641332348,77.68002302786775,77.7245689419246,77.76062074070578,77.78776500942291,77.80558833328773,77.8136772975119,77.81161848730711,77.79899848788504,77.77540388445739,77.74042126223584,77.69363720643207,77.63463830225777,77.56301113492462,77.47834228964433,77.38021835162856,77.26825356172574,77.1425266890579,77.00350195318427,76.85165524088589,76.68746243894373,76.51139943413881,76.3239421132521,76.12556636306464,75.9167480703574,75.69796312191139,75.46968740450761,75.23239680492706,74.98656720995076,74.7326745063597,74.47119458093488,74.2026033204573,73.92737661170796,73.64599034146786,73.35892039651803,73.06664266363943,72.76963302961308,72.46836738121998,72.16332160524112,71.85497158845753,71.54379321765019,71.2302623796001
67.19931056610766,67.04835289113456,66.91606665469102,66.8017210907343,66.70458543322171,66.62392891611051,66.55902077335799,66.50913023892141,66.47352654675808,66.45147893082526,66.44225662508025,66.4451288634803,66.45936487998273,66.4842339085448,66.5190051831238,66.56294793767698,66.61533140616166,66.6754248225351,66.7424974207546,66.81581843477743,66.89465709856084,66.97828264606217,67.06596431123866,67.15697132804759,67.25057293044627,67.34603835239196,67.44264489264279,67.53993628708103,67.63777737014107,67.73605209282225,67.83464440612389,67.93343826104534,68.03231760858593,68.13116639974501,68.2298685855219,68.32830811691596,68.42636894492651,68.5239350205529,68.62089029479445,68.71711871865051,68.81250424312043,68.90693081920352,69.00028239789913,69.0924429302066,69.18329636712527,69.27272665965447,69.36061775879354,69.44685361554183,69.53131818089865,69.61389540586336,69.69446924143529,69.77292363861378,69.84917289769105,69.92331861343806,69.99553375766642,70.06599144269376,70.13486478083767,70.20232688441578,70.26855086574568,70.333709837145,70.39797691093132,70.46152519942227,70.52452781493545,70.58715786978847,70.64958847629896,70.71199274678449,70.7745437935627,70.83741472895119,70.90077866526757,70.96480871482945,71.02967798995442,71.09555960296011,71.16262666616413,71.23105229188407,71.30100959243757,71.3726716801422,71.44621166731561,71.5218016588693,71.59952598945989,71.67931435691041,71.76108071832383,71.84473903080313,71.93020325145129,72.01738733737129,72.1062052456661,72.19657093343874,72.28839835779215,72.38160147582931,72.47609424465323,72.57179062136686,72.6686045630732,72.76645002687522,72.8652409698759,72.96489134917823,73.06531512188518,73.16642624509973,73.26813867592487,73.37036637146358,73.47302328881881,73.57602338509358,73.67928061739084,73.7827089428136,73.88622231846482,73.9897401346358,74.0932351572598,74.19671044772812,74.30016941515612,74.40361546865913,74.5070520173525,74.61048247035161,74.71391023677177,74.81733872572835,74.92077134633668,75.02421150771212,75.12766261897004,75.23112808922573,75.33461132759462,75.43811574319199,75.54164474513321,75.64520174253363,75.7487901445086,75.85241336017349,75.95607479864361,76.05977786903433,76.16352598046099,76.26732254203895,76.37117096288355,76.47507465211014,76.57903679119784,76.68294492241658,76.78638314893041,76.88888640447584,76.9899896227894,77.08922773760759,77.18613568266693,77.28024839170394,77.37110079845513,77.45822783665703,77.54116444004616,77.61944554235902,77.69260607733213,77.76018097870202,77.8217051802052,77.87671361557818,77.92474121855749,77.96532292287964,77.99799366228113,78.02228837049852,78.03774198126827,78.04388942832695,78.04026564541105,78.02640556625708,78.00184412460159,77.96611625418106,77.9188281945092,77.86078389932584,77.79378114664021,77.71964779658639,77.64021170929837,77.55730074491021,77.4727427635559,77.3883656253695,77.30599719048502,77.2274653190365,77.15459787115796,77.08922270698343,77.03316768664695,76.98826067028253,76.9563295180242,76.939202090006,76.93870624636196,76.9566698472261,76.99492075273244,77.05528682301501,77.13959591820786,77.24967589844499,77.38735462386045,77.55445995458825,77.75281975076244,77.98426187251702
67.8534057043677,67.53918996007219,67.2609533278781,67.01709179086356,66.80600133210679,66.62607793468595,66.47571758167923,66.35331625616485,66.25726994122095,66.18597461992574,66.1378262753574,66.11122089059411,66.10455444871405,66.11622293279541,66.14462232591639,66.18814861115514,66.24519777158987,66.31416579029877,66.39344865036001,66.48144233485178,66.57654282685226,66.67714610943965,66.7816481656921,66.88844497868783,66.99593253150502,67.10250680722184,67.20658702056356,67.30735989104011,67.40493710188737,67.49948540394912,67.59117154806908,67.68016228509106,67.76662436585875,67.85072454121595,67.9326295620064,68.01250617907385,68.09052114326207,68.1668412054148,68.2416331163758,68.31506362698883,68.38729948809764,68.45850745054598,68.52885426517763,68.5985066828363,68.66763145436579,68.73639533060984,68.8049650624122,68.87350740061662,68.94218909606685,69.01117689960668,69.08063756207983,69.15073783433007,69.2216238840741,69.29331485445287,69.36578148014189,69.43899440052435,69.51292425498352,69.5875416829026,69.66281732366481,69.7387218166534,69.81522580125159,69.89229991684262,69.9699148028097,70.04804109853606,70.12664944340494,70.20571047679957,70.28519483810317,70.36507316669895,70.44531610197018,70.52589428330005,70.6067783500718,70.68793894166869,70.7693466974739,70.85097225687069,70.93278625924228,71.01475934397187,71.09686215044275,71.17906581831808,71.26138507415604,71.34391143749458,71.42674424474663,71.50998283232516,71.59372653664312,71.67807469411343,71.76312664114907,71.84898171416296,71.93573924956806,72.02349858377733,72.11235905320368,72.2024199942601,72.29378074335949,72.38654063691484,72.48079901133909,72.57665520304516,72.67420854844603,72.77355838395464,72.87480404598391,72.97804487094682,73.08338019525631,73.19090935532532,73.30073168756678,73.41294652839368,73.52765321421893,73.644924316296,73.76456946495139,73.8862490479823,74.00962174021565,74.1343462164784,74.26008115159752,74.38648522039995,74.51321709771261,74.63993545836252,74.76629897717656,74.89196632898171,75.01659618860495,75.13984723087319,75.26137813061345,75.38084756265258,75.4979142018176,75.61223672293542,75.72347380083303,75.8312841103374,75.93532632627543,76.03525912347408,76.13074117676035,76.22143116096112,76.3069877509034,76.3870696214141,76.46133588069597,76.52966579182606,76.59251630773915,76.65043799052916,76.70398140228997,76.75369710511558,76.80013566109983,76.84384763233669,76.88538358092006,76.92529406894391,76.96412965850212,77.00244091168861,77.04077839059735,77.07969265732223,77.11973427395719,77.16145380259613,77.205401805333,77.2521288442617,77.30218548147619,77.35612227907038,77.41448979913818,77.4778386037735,77.54671925507031,77.62168231512251,77.70327834602404,77.79205790986879,77.88849707502953,77.99182064815605,78.10021517965927,78.21183579291136,78.32483761128464,78.43737575815132,78.54760535688365,78.65368153085387,78.75375940343426,78.84599409799702,78.92854073791446,78.99955444655876,79.05719034730222,79.09960356351706,79.12494921857555,79.1313824358499,79.11705833871241,79.08013205053527,79.01875869469077,78.93109339455114,78.81529127348861,78.66950745487546,78.49189706208392,78.28061521848628,78.0338170474547,77.74965767236151
66.71512396263132,66.61030911239096,66.5224178637243,66.45068984264442,66.3943646751644,66.35268198729733,66.3248814050563,66.31020255445438,66.30788506150468,66.31716855222025,66.33729265261421,66.36749698869963,66.40702118648957,66.45510487199716,66.51098767123545,66.57390921021756,66.64310911495654,66.71782701146549,66.79730252575749,66.88077528384562,66.96748491174299,67.05667103546264,67.1475732810177,67.23943127442124,67.33148464168633,67.42297300882606,67.51314716971078,67.60162687112373,67.6884765060158,67.77378693929575,67.85764903587226,67.94015366065409,68.02139167854999,68.10145395446868,68.18043135331891,68.25841474000939,68.33549497944888,68.41176293654611,68.4873094762098,68.56222546334871,68.63660176287156,68.71052923968709,68.78409875870403,68.85740118483113,68.93052738297712,69.00356821805073,69.07661455496068,69.14975725861575,69.22308719392464,69.2966952257961,69.37067221913885,69.44510903886164,69.52008319662787,69.5955897972673,69.67159254075496,69.74805506524523,69.82494100889255,69.9022140098513,69.97983770627594,70.05777573632085,70.13599173814043,70.21444934988912,70.29311220972131,70.37194395579144,70.45090822625389,70.52996865926309,70.60908889297345,70.68823256553937,70.76736331511528,70.84644477985557,70.92544059791469,71.00431440744701,71.08302984660696,71.16155055354896,71.23984016642741,71.31786232339672,71.39558066261131,71.47295929983096,71.55000396218321,71.62679368921968,71.7034149830759,71.7799543458874,71.8564982797897,71.93313328691835,72.00994586940884,72.08702252939669,72.16444976901747,72.24231409040665,72.32070199569979,72.3996999870324,72.47939456654002,72.55987223635816,72.64121949862235,72.7235228554681,72.80686880903097,72.89134386144644,72.97703451485008,73.06402727137737,73.15240863316387,73.24226510234509,73.33368318105653,73.42674937143376,73.52155017561228,73.61816618299572,73.71661989630952,73.81690084888604,73.91899819564279,74.0229010914973,74.12859869136709,74.23608015016968,74.34533462282259,74.45635126424334,74.56911922934945,74.68362767305844,74.79986575028784,74.91782261595515,75.03748742497791,75.15884933227362,75.28189749275982,75.40662106135403,75.53300919297376,75.66105104253654,75.79073576495988,75.9220525151613,76.05499044805833,76.18953871856849,76.3256864816093,76.46342289209827,76.60273687529244,76.74350068892316,76.88528045329706,77.02759268205631,77.16995388884307,77.31188058729953,77.45288929106783,77.59249651379015,77.73021876910867,77.86557257066553,77.99807443210292,78.127240867063,78.25258838918793,78.3736335121199,78.48989274950105,78.60088261497357,78.70611962217961,78.80512028476134,78.89740111636095,78.98247863062058,79.0598693411824,79.1290897616886,79.18965640578134,79.24108578710276,79.28289441929506,79.3145988160004,79.3357198021065,79.34585061795379,79.34464459186768,79.33175687098029,79.3068426024237,79.26955693333007,79.21955501083147,79.15649198206005,79.0800229941479,78.98980319422714,78.88548772942987,78.76673174688823,78.63319039373431,78.48451881710024,78.32037216411811,78.14040558192006,77.9442742176382,77.73163321840461,77.50213773135147,77.25544290361081,76.9912038823148,76.70907581459555,76.40871384758515,76.08977312841573,75.7519088042194,75.39477602212826
67.40531351252565,67.14501015131843,66.92034348110644,66.72959681311983,66.57105345858871,66.44299672874321,66.3437099348135,66.2714763880297,66.22457939962193,66.20130228082033,66.19992834285505,66.2187408969562,66.25602325435393,66.31005872627838,66.37913062395968,66.46152225862797,66.55551694151335,66.65939798384599,66.77144869685603,66.88995239177358,67.0131923798288,67.13945197225179,67.2670144802727,67.39416321512168,67.51918148802886,67.64035261022435,67.75598697864169,67.86528982159989,67.96854477968188,68.06609969661935,68.15830241614398,68.24550078198747,68.3280426378815,68.40627582755772,68.48054819474785,68.55120758318355,68.61860183659653,68.68307879871844,68.74498631328096,68.80467222401582,68.86248437465464,68.91877060892915,68.97387877057102,69.02815670331192,69.08195225088355,69.13561325701757,69.18948756544569,69.24392301989957,69.2992674641109,69.35586874181136,69.41407469673264,69.47423317260642,69.5366376235594,69.60124584935035,69.66788773344489,69.73639290750482,69.80659100319204,69.87831165216836,69.95138448609565,70.02563913663575,70.1009052354505,70.17701241420177,70.25379030455139,70.33106853816122,70.4086767466931,70.48644456180888,70.56420161517042,70.64177753843954,70.71900196327812,70.79570452134799,70.871714844311,70.94686256382901,71.02097731156385,71.0938887191774,71.16542641833148,71.23542004068793,71.30369921790863,71.37009530191301,71.43458952206461,71.49742716726979,71.55888040545996,71.6192214045666,71.67872233252118,71.73765535725511,71.79629264669987,71.8549063687869,71.91376869144767,71.97315178261363,72.03332781021622,72.09456894218691,72.15714734645714,72.22133519095837,72.28740464362205,72.35562787237966,72.4262770451626,72.49962432990237,72.57594189453042,72.65550190697817,72.7385765351771,72.82543794705867,72.9163583105543,73.01160979359548,73.11146456411366,73.21615405145006,73.32550946903577,73.43913487192285,73.55663170789363,73.67760142473038,73.80164547021543,73.92836529213109,74.05736233825964,74.18823805638341,74.32059389428467,74.45403129974576,74.58815172054898,74.72255660447661,74.856847399311,74.99062555283439,75.12349251282913,75.25504972707752,75.38489864336185,75.51264070946445,75.63787737316758,75.7602100822536,75.87924028450477,75.99456942770342,76.10579895963185,76.21253032807235,76.3143652904201,76.41106288739932,76.50279487366666,76.5897998802549,76.67231653819684,76.75058347852527,76.82483933227296,76.89532273047271,76.96227230415732,77.02592668435958,77.08652450211224,77.14430438844813,77.19950497440001,77.2523648910007,77.30312276928296,77.3520172402796,77.39928693502338,77.4451704845471,77.48990651988358,77.53373367206557,77.57689057212585,77.61961585109725,77.66214814001253,77.7047260699045,77.74758827180591,77.79097337674959,77.83505174816179,77.87884706701564,77.92043153451853,77.95784855148129,77.9891415187148,78.01235383702992,78.02552890723751,78.02671013014843,78.01394090657355,77.98526463732372,77.93872472320982,77.8723645650427,77.78422756363322,77.67235711979227,77.53479663433068,77.36958950805932,77.17477914178906,76.94840893633075,76.68852229249529,76.3931626110935,76.06037329293626,75.68819773883442,75.27467934959886,74.81786152604045,74.31578766897002,73.76650117919846
66.93557269925978,66.85819406722783,66.79618799569155,66.74882924682751,66.71539258281226,66.69515276582237,66.68738455803435,66.69136272162478,66.70636201877022,66.73165721164722,66.76652306243233,66.81023433330208,66.86206578643302,66.92129218400177,66.9871882881848,67.05902886115871,67.13608866510006,67.21764246218535,67.3029650145912,67.39133108449411,67.48201543407063,67.57429282549737,67.66743802095084,67.76072578260758,67.8534308726442,67.94482805323716,68.0342033727332,68.12121574109807,68.2059734250696,68.28861144378877,68.36926481639654,68.44806856203391,68.52515769984183,68.60066724896129,68.67473222853323,68.74748765769868,68.81906855559859,68.88960994137395,68.9592468341657,69.02811425311486,69.09634721736236,69.16408074604922,69.23144985831641,69.29858957330487,69.36563491015559,69.43272088800958,69.49998252600776,69.56755484329116,69.63557285900069,69.70417159227739,69.77348606226221,69.84365128809614,69.91477886928311,69.98683587580786,70.05973429813835,70.13338601831845,70.20770291839187,70.28259688040242,70.35797978639386,70.43376351840993,70.50985995849447,70.58618098869118,70.66263849104391,70.73914434759635,70.81561044039233,70.89194865147562,70.96807086288999,71.04388895667921,71.11931481488702,71.19426031955726,71.26863735273363,71.34235779645999,71.41533353278004,71.48747644373759,71.55869841137638,71.62891131774023,71.69802704487287,71.76595849381872,71.83270734604946,71.89843169962916,71.96330557450611,72.02750299062873,72.09119796794542,72.15456452640456,72.21777668595448,72.2810084665436,72.3444338881203,72.40822697063294,72.47256173402994,72.53761219825964,72.60355238327043,72.67055630901072,72.73879799542885,72.80845146247322,72.8796907300922,72.95268981823418,73.02762274684753,73.10466353588066,73.18398620528191,73.2657647749997,73.35017326498235,73.4373856951783,73.52757608553594,73.62089093396494,73.71720636186757,73.81624502775855,73.91772782874222,74.02137566192283,74.12690942440469,74.23405001329209,74.34251832568935,74.45203525870076,74.56232170943056,74.67309857498313,74.78408675246271,74.8950071389736,75.00558063162009,75.11552812750651,75.2245705237371,75.3324287174162,75.43882360564811,75.5434760855371,75.64610705418744,75.74643740870349,75.84418804618949,75.93907986374975,76.03083375848857,76.11917062751027,76.20381156391883,76.28457722868035,76.36154955039896,76.43485279362014,76.5046112228894,76.57094910275217,76.63399069775394,76.69386027244025,76.75068209135651,76.80458041904822,76.85567952006087,76.90410365893996,76.94997710023094,76.99342410847927,77.03456894823049,77.07353588403004,77.11044918042342,77.14543310195606,77.17861191317351,77.21010987862124,77.24005126284467,77.26856033038936,77.29576134580074,77.3217785736243,77.3467362784055,77.37075872468986,77.39398127523319,77.41672570804295,77.43946848243314,77.46269073977518,77.4868736214406,77.51249826880081,77.5400458232273,77.56999742609153,77.60283421876494,77.63903734261905,77.6790879390253,77.72346714935512,77.77265611498001,77.82713597727144,77.88738787760084,77.95389295733972,78.0271323578595,78.10758722053168,78.19573868672771,78.29206789781904,78.39705599517717,78.51118412017354,78.63493341417959,78.76878501856683,78.91322007470671,79.06871972397067
67.40631966001393,67.29094397006074,67.19051092820168,67.10442009586882,67.03207103449424,66.97286330551,66.92619647034817,66.89147009044083,66.86808372722004,66.85543694211788,66.85292929656642,66.85996035199771,66.87592966984386,66.9002368115369,66.93228133850891,66.97146281219199,67.01718079401819,67.06883484541956,67.1258245278282,67.18754940267617,67.25340903139555,67.32280297541838,67.39513079617677,67.46979205510276,67.54618631362844,67.62371313318587,67.70177927935879,67.78002952155607,67.8583954611508,67.93682577602368,68.0152691440554,68.09367424312667,68.1719897511182,68.25016434591069,68.32814670538484,68.40588550742136,68.48332942990095,68.56042715070431,68.63712734771215,68.71337869880519,68.7891298818641,68.8643295747696,68.9389264554024,69.01286920164318,69.08610649137268,69.15858700247156,69.23025941282057,69.3010724003004,69.37097464279172,69.43991481817528,69.50784160433176,69.57470367914186,69.64046722434372,69.705206443166,69.76903670531688,69.83207346154086,69.8944321625825,69.95622825918636,70.01757720209697,70.07859444205886,70.13939542981659,70.2000956161147,70.26081045169771,70.32165538731019,70.38274587369666,70.44419736160168,70.50612530176979,70.5686451449455,70.6318723418734,70.69592234329801,70.76091059996386,70.82695256261552,70.8941636819975,70.96265940885436,71.03255519393065,71.1039664879709,71.17700874171963,71.25179679275195,71.32839205625102,71.40676182588332,71.48686381454206,71.56865573512042,71.65209530051156,71.73714022360869,71.82374821730498,71.91187699449361,72.00148426806778,72.09252775092067,72.18496515594546,72.27875419603534,72.37385258408348,72.4702180329831,72.56780825562734,72.66658096490941,72.7664938737225,72.86750469495978,72.96957114151442,73.07265092627965,73.17670176214862,73.28168136201452,73.38754743877054,73.49425770530986,73.60176987452567,73.71004429403226,73.81906719494405,73.92883949958036,74.03936229888266,74.15063668379241,74.26266374525107,74.37544457420012,74.488980261581,74.60327189833521,74.71832057540416,74.83412738372938,74.95069341425229,75.06801975791436,75.18610750565706,75.30495774842186,75.42457157715022,75.5449500827836,75.66609435626347,75.78800548853131,75.91068457052856,76.03413269319668,76.15835094747716,76.28334042431145,76.40910221464102,76.53563740940733,76.66294678570377,76.79087168579778,76.91883509246286,77.04619219728663,77.17229819185673,77.29650826776081,77.41817761658653,77.5366614299215,77.6513148993534,77.76149321646983,77.86655157285847,77.96584516010695,78.05872916980292,78.144558793534,78.22268922288787,78.29247564945213,78.35327326481445,78.40443726056247,78.44532282828384,78.47528515956617,78.49367944599713,78.49986087916437,78.49318465065551,78.4730059520582,78.43867997496011,78.38956191094884,78.3250866875555,78.24602854698645,78.15427305115998,78.05173940059547,77.94034679581236,77.82201443733007,77.69866152566802,77.57220726134561,77.4445708448823,77.31767147679747,77.19342835761054,77.07376068784095,76.9605876680081,76.85582849863142,76.76140238023032,76.67922851332425,76.61122609843258,76.55931433607476,76.5254124267702,76.51143957103832,76.51931496939855,76.5509578223703,76.60828733047298,76.69322269422601,76.80768311414883,76.95358779076084
66.41754943462381,66.29674584243503,66.1972303554332,66.11796116917795,66.0578964792289,66.0159944811457,65.99121337048794,65.98251134281529,65.98884659368736,66.00917731866377,66.04246171330416,66.08765797316816,66.14372429381541,66.20961887080553,66.28429989969814,66.36672557605287,66.45585409542937,66.55064365338725,66.65005244548614,66.75303866728568,66.85856051434548,66.9655761822252,67.07304386648444,67.17992176268285,67.28516806638004,67.38774097313565,67.48661559454128,67.58132589776278,67.67207935864583,67.75912355029703,67.84270604582298,67.92307441833024,68.00047624092547,68.07515908671522,68.14737052880609,68.21735814030471,68.28536949431764,68.3516521639515,68.41645372231288,68.48002174250838,68.54260379764459,68.60444746082811,68.66580030516556,68.7269099037635,68.78802382972856,68.8493896561673,68.91125495618635,68.9738673028923,69.03747426939175,69.1023234287913,69.16866235419751,69.23673861871703,69.30675525799232,69.37864045377866,69.45221764231385,69.52731005364379,69.60374091781433,69.68133346487134,69.75991092486069,69.83929652782824,69.91931350381986,69.99978508288143,70.0805344950588,70.16138497039786,70.24215973894447,70.32268203074447,70.40277507584376,70.48226210428821,70.56096634612366,70.63871103139601,70.71531939015111,70.79061465243483,70.86442004829303,70.93655880777159,71.00685416091638,71.07512933777325,71.14120756838808,71.20491427028236,71.26626544479039,71.32561287075323,71.38334250631836,71.43984030963325,71.49549223884543,71.55068425210237,71.60580230755157,71.6612323633405,71.7173603776167,71.77457230852762,71.83325411422076,71.89379175284364,71.95657118254371,72.0219783614685,72.09039924776549,72.16221979958216,72.23782597506602,72.31760373236455,72.40193902962524,72.4912178249956,72.5858260766231,72.68614974265526,72.79257478123955,72.90548715052347,73.02527280865452,73.15224938216296,73.28606320777162,73.42597960510572,73.57125952056701,73.7211639005572,73.87495369147805,74.0318898397313,74.19123329171866,74.3522449938419,74.51418589250271,74.67631693410287,74.8378990650441,74.99819323172811,75.15646038055668,75.31196145793152,75.46395741025435,75.61170918392695,75.75447772535102,75.89152398092833,76.02210889706058,76.1454934201495,76.26093849659686,76.36770507280438,76.46505409517381,76.55224651010687,76.62854398680122,76.69357537479306,76.74793301060907,76.79236535469943,76.8276208675143,76.85444800950381,76.87359524111817,76.8858110228075,76.89184381502197,76.89244207821176,76.888354272827,76.88032885931788,76.86911429813455,76.85545904972714,76.84011157454586,76.82382033304084,76.80733378566225,76.79140039286025,76.776768615085,76.76418691278666,76.75440374641539,76.74816757642134,76.74622686325469,76.74933006736559,76.75822564920419,76.77366206922068,76.79633197711892,76.82599057647427,76.861615208586,76.90215966959487,76.94657775564161,76.99382326286695,77.04284998741163,77.09261172541636,77.14206227302192,77.190155426369,77.23584498159838,77.27808473485075,77.31582848226687,77.34803001998746,77.37364314415326,77.39162165090502,77.40091933638347,77.40048999672932,77.38928742808332,77.36626542658621,77.33037778837873,77.2805783096016,77.21582078639554,77.13505901490133,77.03724679125966,76.92133791161129
67.53765933312064,67.43987594018346,67.35581808474463,67.28489287838964,67.22650743270394,67.18006885927299,67.14498426968228,67.12066077551725,67.10650548836338,67.10192551980613,67.10632798143097,67.11911998482336,67.13970864156876,67.16750106325264,67.20190436146046,67.24232564777772,67.28817203378983,67.33885063108231,67.39376855124058,67.45233290585014,67.51395080649642,67.57802936476493,67.64397569224109,67.71119690051039,67.77910010115829,67.84709240577027,67.91459003608756,67.98131018640551,68.04733277018501,68.11275929533025,68.17769126974548,68.2422302013349,68.30647759800274,68.37053496765321,68.43450381819055,68.49848565751896,68.56258199354265,68.62689433416585,68.69152418729277,68.75657306082766,68.8221424626747,68.88833390073815,68.95524888292218,69.02298891713104,69.09165551126895,69.16135017324011,69.23217441094876,69.3042297322991,69.37761764519537,69.45243965754177,69.52879727724252,69.60679201220185,69.68650190224794,69.76786015875814,69.85074479967173,69.93503373427949,70.02060487187215,70.10733612174052,70.19510539317533,70.28379059546737,70.37326963790737,70.46342042978614,70.55412088039442,70.64524889902299,70.7366823949626,70.82829927750403,70.91997745593804,71.01159483955539,71.10302933764684,71.19415885950319,71.28486131441517,71.37501461167356,71.46449666056913,71.55318537039263,71.64095865043484,71.72769440998651,71.81327055833843,71.89756589387397,71.98053667717214,72.06227564453094,72.1428894243208,72.22248464491209,72.30116793467523,72.37904592198063,72.45622523519869,72.5328125026998,72.60891435285437,72.6846374140328,72.76008831460553,72.83537368294292,72.91060014741538,72.98587433639332,73.06130287824715,73.13699240134726,73.21304953406407,73.28958090476796,73.36669314182936,73.44449287361866,73.52308672850626,73.60258133486256,73.68308332105798,73.7646993154629,73.84753594644775,73.93170219701759,74.01733018210848,74.10456514609936,74.19355248406583,74.28443759108346,74.37736586222785,74.47248269257457,74.5699334771992,74.66986361117733,74.77241848958452,74.87774350749639,74.98598405998848,75.09728554213639,75.21179334901572,75.32965287570202,75.45100951727089,75.57600866879791,75.70479572535865,75.83751608202871,75.97431513388366,76.1153382759991,76.26073090345056,76.41063841131367,76.56520619466401,76.72457964857715,76.88890337154356,77.05791729682446,77.23029950974663,77.40455603325599,77.57919289029836,77.75271610381962,77.92363169676564,78.09044569208227,78.2516641127154,78.40579298161087,78.55133832171455,78.68680615597232,78.81070250733002,78.92153339873354,79.01780485312872,79.09802289346146,79.16069354267759,79.20432282372298,79.2274167595435,79.22848137308502,79.2060226872934,79.1585467251145,79.08455950949421,78.98256706337835,78.85107540971282,78.68859057144347,78.49386650163551,78.2698216045774,78.02282981059587,77.75936964553678,77.48591963524592,77.20895830556917,76.93496418235235,76.67041579144129,76.42179165868184,76.19557030991982,75.99823027100105,75.83625006777139,75.71610822607668,75.64428327176276,75.62725373067543,75.67149812866055,75.78349499156396,75.96972284523149,76.23666021550895,76.5907856282422,77.03857760927708,77.58651468445943,78.24107537963506,79.00873822064979,79.89598173334952,80.90928444358005
66.43972648169441,66.32056229047303,66.22565766815016,66.15376716886563,66.10364534675922,66.07404675597077,66.0637259506401,66.07143748490702,66.09593591291136,66.1359757887929,66.19031166669149,66.25769810074692,66.33688964509903,66.42664085388763,66.52570628125254,66.63284048133356,66.74679800827052,66.86633341620322,66.99020125927149,67.11715609161516,67.24595246737401,67.37534494068788,67.50408806569659,67.63093639653994,67.75464448735777,67.87396689228986,67.98767865247527,68.09523163880458,68.19689340824794,68.29298007955143,68.38380777146106,68.4696926027229,68.55095069208299,68.62789815828737,68.70085112008209,68.77012569621321,68.83603800542677,68.89890416646881,68.95904029808538,69.01676251902254,69.07238694802632,69.12622970384278,69.17860690521798,69.22983467089793,69.2802291196287,69.33010637015633,69.37978254122689,69.4295737515864,69.47979611998092,69.53076576515649,69.58279880585917,69.63621136083499,69.69127979362545,69.74803512662535,69.80641488387803,69.86635640537493,69.92779703110753,69.99067410106728,70.05492495524564,70.12048693363407,70.18729737622402,70.25529362300698,70.32441301397438,70.3945928891177,70.46577058842838,70.5378834518979,70.6108688195177,70.68466403127925,70.75920642717402,70.83443334719345,70.91028213132901,70.98669011957216,71.06359465191436,71.14093306834707,71.21864270886175,71.29666091344986,71.37492502210284,71.45337269134293,71.53196915543444,71.61072823611262,71.68966870090584,71.76880931734244,71.84816885295078,71.92776607525917,72.007619751796,72.08774865008957,72.16817153766824,72.24890718206038,72.3299743507943,72.41139181139836,72.49317833140091,72.57535267833029,72.65793361971484,72.7409399230829,72.82439035596283,72.90830368588298,72.99269868037167,73.07759410695728,73.16300873316811,73.24896132653254,73.33547065457888,73.42255548483553,73.51023458483078,73.59853235420734,73.687528522499,73.77733422390904,73.8680609530961,73.95982020471877,74.05272347343565,74.14688225390536,74.2424080407865,74.3394123287377,74.43800661241754,74.53830238648465,74.64041114559761,74.74444438441506,74.8505135975956,74.95873027979782,75.06920592568035,75.1820520299018,75.29738008712074,75.41530159199584,75.53592803918565,75.65937092334882,75.78574173914393,75.9151519812296,76.04771314426443,76.18353672290705,76.32273349608627,76.46505065200365,76.60928131106652,76.75406399605016,76.89803722972984,77.0398395348808,77.17810943427833,77.31148545069767,77.43860610691415,77.55810992570296,77.66863542983941,77.76882114209876,77.85730558525627,77.93272728208721,77.99372475536686,78.03893652787046,78.0670011223733,78.07655706165063,78.06624286847773,78.03469706562986,77.9805581758823,77.9024647220103,77.79905522678912,77.66896821299405,77.51084220340034,77.32331572078327,77.10524936166087,76.85923386744936,76.59095513235481,76.30619273794363,76.01072626578214,75.71033529743669,75.41079941447363,75.11789819845932,74.8374112309601,74.57511809354233,74.33679836777233,74.1282316352165,73.95519747744115,73.82347547601266,73.73884521249735,73.70708626846158,73.73397822547172,73.8253006650941,73.98683316889506,74.22435531844097,74.5436466952982,74.95048688103304,75.4506554572119,76.04993200540108,76.75409610716697,77.56892734407592
67.04791022206345,67.03451358739721,67.02742100568707,67.02636986284602,67.03109754478697,67.04134143742289,67.05683892666673,67.07732739843146,67.10254423863003,67.1322268331754,67.16611256798052,67.20393882895834,67.24544300202183,67.29036247308392,67.3384346280576,67.38939685285581,67.44298653339149,67.49894105557763,67.55699780532714,67.61689416855302,67.67836753116822,67.74115527908566,67.80499479821833,67.86962347447917,67.93477869378117,68.00019784203724,68.06562220047175,68.13092173985686,68.19612152206753,68.2612558423096,68.32635899578881,68.391465277711,68.456608983282,68.52182440770753,68.58714584619341,68.65260759394545,68.71824394616945,68.7840891980712,68.85017764485647,68.9165435817311,68.98322130390085,69.05024510657154,69.11764928494895,69.18546813423887,69.25373594964714,69.32248702637949,69.39175565964177,69.46157614463976,69.53198277657924,69.60300985066601,69.67469166210589,69.74706250610464,69.82014954104756,69.89393588188585,69.9683878588261,70.04347176903411,70.1191539096757,70.19540057791662,70.27217807092268,70.34945268585966,70.42719071989339,70.50535847018958,70.58392223391408,70.6628483082327,70.74210299031114,70.82165257731526,70.90146336641084,70.98150165476366,71.0617337395395,71.1421259179042,71.22264448702347,71.30325574406314,71.38392598618901,71.46462151056687,71.54530861436248,71.62595359474165,71.70652274887019,71.78698283785232,71.86734104343367,71.94767576191865,72.02807263865054,72.10861731897282,72.18939544822877,72.27049267176179,72.35199463491526,72.43398698303253,72.51655536145697,72.59978541553195,72.68376279060084,72.76857313200702,72.85430208509382,72.94103529520461,73.0288584076828,73.11785706787174,73.20811692111477,73.29972361275529,73.39276278813665,73.4873200926022,73.58348117149538,73.68133167015947,73.78095723393787,73.88244350817396,73.9858761382111,74.09132406951116,74.19869218790001,74.30779226066434,74.41843498629834,74.53043106329622,74.6435911901522,74.75772606536046,74.87264638741524,74.98816285481075,75.10408616604121,75.2202270196008,75.33639611398377,75.45240414768432,75.56806181919664,75.68317982701497,75.79756886963351,75.91103964554648,76.02340285324806,76.13446919123251,76.24404935799403,76.35195405202681,76.45799397182508,76.56197981588303,76.6637222826949,76.7630320707549,76.85971997766836,76.95364714950016,77.04480684746575,77.13321374078704,77.21888249868589,77.30182779038418,77.38206428510381,77.45960665206663,77.53446956049454,77.60666767960942,77.67621567863314,77.74312822678759,77.80741999329464,77.86910564737619,77.92819985825409,77.98471729515025,78.03867262728652,78.0900805238848,78.13895565416696,78.1853126873549,78.22916629267047,78.27053113933559,78.30942189657209,78.34585323360189,78.37983981964685,78.41139632392886,78.44050299894441,78.46656200375595,78.48849581431598,78.505212387021,78.51561967826747,78.51862564445189,78.51313824197072,78.49806542722048,78.47231515659763,78.43479538649865,78.38441407332004,78.32007917345828,78.24069864330986,78.14518043927124,78.03243251773893,77.9013628351094,77.75087934777912,77.5798900121446,77.38730278460234,77.17202562154877,76.93296647938041,76.66903331449373,76.37913408328524,76.0621767421514,75.71706924748871,75.3427195556936
67.77318930718785,67.65757691131152,67.55801109528234,67.47378292913213,67.40418348289273,67.34850382659599,67.30603503027373,67.27606816395783,67.2578942976801,67.25080450147239,67.25408984536655,67.2670413993944,67.28895023358781,67.3191074179786,67.35680402259862,67.40133111747971,67.45197977265373,67.50804105815249,67.56880604400784,67.63356580025165,67.70161139691571,67.7722339040319,67.84472439163207,67.91837392974803,67.99247358841163,68.06631443765473,68.13919797513991,68.2107701965536,68.28109227177008,68.35025008801064,68.41832953249654,68.4854164924491,68.5515968550896,68.61695650763932,68.68158133731953,68.74555723135153,68.80897007695661,68.87190576135605,68.93445017177113,68.99668919542316,69.05870871953339,69.12059463132313,69.18243281801365,69.24430916682626,69.30630956498221,69.36851989970283,69.43102605820937,69.49391392772313,69.5572693954654,69.62117834865744,69.68572667452057,69.75100026027606,69.81707842882196,69.88399999267273,69.95178832602708,70.02046677269335,70.09005867647984,70.1605873811949,70.23207623064684,70.304548568644,70.3780277389947,70.45253708550727,70.52809995199003,70.60473968225132,70.68247962009946,70.76134310934277,70.84135349378958,70.92253411724823,71.00490832352703,71.08849945643432,71.17333085977843,71.25942587736766,71.34680785301038,71.43550013051487,71.52552605368949,71.61690896634255,71.7096722122824,71.80383834220562,71.899360806951,71.99607131470957,72.0937891813019,72.19233372254855,72.29152425427009,72.39118009228706,72.49112055242003,72.59116495048956,72.69113260231623,72.79084282372058,72.89011493052318,72.9887682385446,73.08662206360536,73.18349572152607,73.27920852812726,73.3735797992295,73.46642885065339,73.55757499821941,73.64683755774817,73.73403584506025,73.81898917597616,73.9015168663165,73.9814382319018,74.05857258855266,74.13273925208962,74.20378842460117,74.271873734872,74.33732103351677,74.40045814787132,74.46161290527145,74.52111313305302,74.57928665855182,74.6364613091037,74.69296491204447,74.74912529470996,74.80527028443598,74.86172770855838,74.91882539441295,74.97689116933556,75.03625286066197,75.09723829572808,75.16017530186966,75.22539170642254,75.29321533672255,75.36397402010553,75.4379955839073,75.51560785546366,75.59713866211045,75.68291583118351,75.77326719001863,75.86852012385269,75.96877743164698,76.07355259443891,76.18226359988891,76.29432843565739,76.40916508940475,76.5261915487914,76.64482580147777,76.76448583512425,76.88458963739126,77.00455519593922,77.12380049842854,77.2417435325196,77.35780228587288,77.47139474614872,77.58193890100758,77.68885273810983,77.79155424511592,77.88946140968625,77.98199221948123,78.06856466216125,78.14859672538677,78.22150639681814,78.28671166411583,78.34363051494022,78.39168093695173,78.4302634181924,78.45848450780196,78.47520685398912,78.47928572231109,78.46957637832507,78.44493408758827,78.40421411565787,78.34627172809111,78.26996219044517,78.17414076827727,78.05766272714462,77.9193833326044,77.75815785021383,77.57284154553012,77.36228968411046,77.12535753151208,76.86090035329215,76.5677734150079,76.24483198221655,75.89093132047526,75.50492669534125,75.08567337237176,74.63202661712394,74.14284169515504,73.61697387202226,73.05327841328275
67.11706447850288,67.0396758002563,66.97538505387539,66.92361676062168,66.88379544175675,66.85534561854213,66.8376918122394,66.8302585441101,66.83247033541578,66.84375170741801,66.86352718137832,66.89122127855828,66.92625852021943,66.96806342762335,67.01606052203157,67.06967432470566,67.12832935690716,67.19145013989764,67.25846119493865,67.32878704329173,67.40185220621844,67.47708120498034,67.55389856083899,67.63172879505592,67.70999642889271,67.78812598361091,67.8655504458128,67.9419824718763,68.01747176415333,68.09208809098861,68.16590122072695,68.2389809217131,68.31139696229181,68.38321911080786,68.45451713560601,68.52536080503103,68.59581988742768,68.66596415114073,68.73586336451494,68.8055872958951,68.87520571362593,68.94478838605222,69.01440508151875,69.08412556837027,69.15401961495154,69.22415698960732,69.2946074606824,69.36544079652153,69.43672676546947,69.508535135871,69.58093567607087,69.65399815441386,69.7277793977615,69.80225636724786,69.87737558755573,69.95308352345363,70.02932663971005,70.10605140109351,70.18320427237252,70.26073171831558,70.33858020369124,70.41669619326795,70.49502615181427,70.5735165440987,70.65211383488973,70.7307644889559,70.80941497106569,70.88801174598764,70.96650127849024,71.04483003334201,71.12294447531146,71.20079106916708,71.27831627967743,71.35546657161098,71.43218840973624,71.50842825882175,71.58413258363599,71.65924853665628,71.73378318698823,71.80784916703666,71.88156985465625,71.95506862770169,72.02846886402764,72.1018939414888,72.17546723793981,72.24931213123537,72.32355199923016,72.39831021977885,72.47371017073611,72.54987522995664,72.62692877529508,72.70499418460614,72.78419483574447,72.86465410656477,72.94649537492171,73.02984201866994,73.11481741566416,73.20154494375906,73.29014798080931,73.38074990466956,73.4734740931945,73.56844392423882,73.66578277565719,73.7655951950431,73.86780074150424,73.972213976612,74.078648256801,74.18691693850592,74.29683337816138,74.40821093220205,74.52086295706258,74.63460280917761,74.74924384498179,74.86459942090978,74.98048289339624,75.0967076188758,75.21308695378313,75.32943425455285,75.44556287761965,75.56128617941815,75.676417516383,75.79077024494887,75.9041577215504,76.01639330262225,76.12729034459906,76.23666220391549,76.34432223700617,76.45008380030578,76.5537602323077,76.65515575735084,76.75405068408924,76.85022144586715,76.94344447602877,77.03349620791839,77.12015307488022,77.2031915102585,77.2823879473975,77.35751881964141,77.42836056033453,77.49468960282105,77.55628238044524,77.61291532655133,77.66436487448357,77.71040745758619,77.75081950920344,77.78537746267955,77.81385775135875,77.83603680858532,77.85169106770347,77.86059696205746,77.8625309249915,77.85726938984986,77.84458878997677,77.82426555871648,77.79612764856532,77.76086837277798,77.71989909279175,77.6746529046863,77.62656290454125,77.5770621884362,77.52758385245083,77.47956099266476,77.4344267051576,77.39361408600902,77.35855623129862,77.33068623710605,77.31143719951095,77.30224221459292,77.30453437843163,77.3197467871067,77.34931253669774,77.39466472328442,77.45723644294634,77.53846079176316,77.63977086581451,77.76259976118,77.90838057393928,78.07854640017199,78.27453033595775,78.49776547737619
65.67864738318778,65.72670500482482,65.7749391978135,65.82340822767175,65.87217035991753,65.92128386006878,65.97080699364345,66.02079802615948,66.07131522313482,66.1224168500874,66.17416117253518,66.2266064559961,66.2798109659881,66.33383296802914,66.38873072763717,66.4445625103301,66.5013865816259,66.55926120704251,66.61824465209787,66.67839518230994,66.73977106319664,66.80243056027595,66.86643193906579,66.93183346508411,66.99869340384885,67.06707002087796,67.13701967848607,67.20853586278935,67.28153628421632,67.35593414189877,67.4316426349685,67.50857496255732,67.58664432379697,67.66576391781929,67.74584694375606,67.82680660073905,67.90855608790007,67.99100860437089,68.07407734928331,68.15767552176914,68.24171632096015,68.32611294598813,68.41077859598488,68.49562647008217,68.58056976741182,68.66552168710561,68.75039542829532,68.83510419011274,68.91956117168968,69.0036795721579,69.08737259064922,69.17055342629543,69.2531431567453,69.33511148031033,69.41644662440687,69.4971368529258,69.57717042975806,69.65653561879455,69.7352206839262,69.81321388904391,69.89050349803863,69.96707777480124,70.04292498322268,70.11803338719386,70.1923912506057,70.26598683734912,70.33880841131503,70.41084423639434,70.48208257647799,70.55251169545689,70.62211985722195,70.69089532566409,70.75882636467422,70.82590123814326,70.89210820996215,70.95743554402178,71.02187150421307,71.08540538124758,71.14811592758379,71.21023951264618,71.27202854993146,71.33373545293635,71.39561263515759,71.45791251009189,71.52088749123595,71.58478999208654,71.64987242614035,71.71638720689413,71.78458674784457,71.85472346248842,71.92704976432239,72.0018180668432,72.07928078354757,72.15969032793225,72.24329911349395,72.33035955372937,72.42112406213525,72.51584505220832,72.6147749374453,72.71816613134291,72.82627104739787,72.93934209910691,73.05763169996673,73.18134171968389,73.31017748576977,73.44356249356157,73.58091700359394,73.72166127640143,73.86521557251874,74.0110001524804,74.1584352768211,74.30694120607541,74.45593820077795,74.60484652146336,74.75308642866622,74.90007818292118,75.04524204476286,75.18799827472583,75.32776713334474,75.4639688811542,75.59602377868883,75.72335208648325,75.84537406507205,75.96150997498988,76.07118007677133,76.17380463095103,76.26880389806358,76.35559813864361,76.43360813338391,76.50251890332353,76.56270884033158,76.61466869044008,76.65888919968114,76.6958611140868,76.7260751796891,76.75002214252015,76.768192748612,76.7810777439967,76.78916787470632,76.79295388677293,76.79292652622861,76.7895765391054,76.78339467143536,76.77487166925057,76.76449827858309,76.75276524546499,76.74016331592831,76.72718323600516,76.71431575172755,76.7020516091276,76.69088155423734,76.68129633308882,76.67378669171414,76.66884337614535,76.66692738725666,76.6680001002239,76.67160831708534,76.67728629114073,76.68456827568981,76.69298852403236,76.70208128946814,76.71138082529693,76.72042138481847,76.72873722133252,76.73586258813886,76.74133173853724,76.74467892582744,76.74543840330921,76.7431444242823,76.7373312420465,76.72753310990156,76.71328428114724,76.69411900908331,76.66957154700953,76.63917614822564,76.60246706603145,76.55897855372669,76.50824486461113,76.44980025198453,76.38317896914666
67.01942222223073,66.94066786858266,66.87397452727515,66.81885777319411,66.77483318122543,66.74141632625506,66.7181227831689,66.70446812685284,66.69996793219283,66.70413777407478,66.71649322738457,66.73654986700814,66.76382326783141,66.79782900474027,66.83808265262064,66.88409978635843,66.93539598083959,66.99148681095,67.05188785157557,67.11611467760221,67.18368286391586,67.25410798540244,67.32690561694781,67.40159133343795,67.47768070975872,67.55468932079606,67.63213870759094,67.70974751527078,67.7874719303226,67.86528228123075,67.9431488964795,68.02104210455315,68.09893223393604,68.17678961311242,68.25458457056664,68.33228743478298,68.40986853424576,68.48729819743926,68.56454675284778,68.64158452895566,68.71838185424716,68.79490905720661,68.87113646631832,68.94703441006655,69.02257321693565,69.09772321540993,69.17245473397364,69.2467381011111,69.32054364530663,69.39384169504453,69.4666025788091,69.53879662508464,69.61040487513606,69.68147448197135,69.7520777934715,69.82228720711359,69.89217512037476,69.96181393073209,70.03127603566276,70.10063383264384,70.16995971915247,70.23932609266575,70.30880535066086,70.37846989061484,70.44839211000487,70.51864440630806,70.5892991770015,70.66042881956233,70.73210573146764,70.80440231019463,70.87739095322033,70.95114405802192,71.0257340220765,71.10123324286118,71.1777141178531,71.25524904452936,71.33391042036712,71.4137701741306,71.49485939797805,71.5771372366469,71.66055551123654,71.74506604284633,71.83062065257556,71.91717116152367,72.00466939078996,72.09306716147378,72.18231629467451,72.27236861149152,72.36317593302414,72.45469008037173,72.54686287463363,72.63964613690925,72.73299168829786,72.8268513498989,72.92117694281166,73.01592028813553,73.11103320696986,73.20646752041401,73.30217504956732,73.39810761552917,73.49421703939888,73.5904551422758,73.68677374525936,73.78312943484832,73.87952561282609,73.97599225284358,74.07255963353728,74.16925803354366,74.26611773149918,74.36316900604032,74.46044213580359,74.55796739942545,74.65577507554238,74.75389544279085,74.85235877980736,74.95119536522833,75.05043547769031,75.15010939582973,75.25024739828311,75.35087976368689,75.45203677067755,75.55374869789159,75.65604582396546,75.75895842753565,75.86251678723866,75.96675118171095,76.07169188958898,76.17736918950925,76.28381303176337,76.39088656746233,76.49801526404013,76.60455366644453,76.70985631962327,76.81327776852416,76.91417255809489,77.01189523328327,77.10580033903702,77.19524242030391,77.27957602203173,77.3581556891682,77.43033596666109,77.49547139945813,77.55291653250711,77.6020259107558,77.64215407915191,77.67265558264322,77.6928849661775,77.70219677470249,77.69994555316595,77.68548584651566,77.65817219969932,77.61735915766477,77.56240126535968,77.49265306773188,77.40758523353645,77.30861894860575,77.19879387433747,77.08119866186058,76.95892196230406,76.83505242679686,76.71267870646795,76.5948894524463,76.48477331586088,76.38541894784063,76.29991499951453,76.23135012201155,76.18281296646066,76.15739218399082,76.158176425731,76.18825434281015,76.25071458635728,76.3486458075013,76.48513665737119,76.6632757870959,76.88615184780446,77.15685349062576,77.47846936668884,77.8540881271226,78.28679842305601,78.77968890561809
66.78520752029878,66.77321026954425,66.76811886833706,66.7696267494545,66.77742734567384,66.79121408977237,66.81068041452737,66.8355197527161,66.86542553711585,66.9000912005039,66.93921017565752,66.98247589535401,67.02958179237064,67.08022129948468,67.1340878494734,67.1908748751141,67.25027580918405,67.31198408446053,67.37569313372083,67.4410963897422,67.50788728530195,67.57575925317732,67.64440572614564,67.71352013698414,67.78279591847014,67.8519265033809,67.92061027917293,67.98870932122419,68.05628297454889,68.12340232858615,68.190138472775,68.25656249655454,68.32274548936385,68.388758540642,68.45467273982808,68.52055917636116,68.58648893968032,68.65253311922464,68.71876280443321,68.78524908474508,68.85206304959935,68.91927578843509,68.98695839069138,69.0551819458073,69.12401754322194,69.19353627237435,69.26380922270363,69.33490748364886,69.4069021446491,69.47986429514344,69.55386502457097,69.62897542237076,69.70524776869429,69.78261826600631,69.86097888011369,69.94022148974328,70.02023797362195,70.10092021047656,70.18216007903395,70.26384945802097,70.3458802261645,70.42814426219138,70.51053344482845,70.59293965280261,70.67525476484067,70.75737065966952,70.83917921601599,70.92057231260694,71.00144182816923,71.08167964142973,71.16117763111527,71.23982767595272,71.31752165466894,71.39415144599076,71.46960892864506,71.54378598135868,71.6165744828585,71.68786761588817,71.75767217565728,71.82619512395806,71.89366379784562,71.96030553437511,72.02634767060162,72.0920175435803,72.15754249036625,72.22314984801461,72.28906695358052,72.35552114411907,72.4227397566854,72.49095012833463,72.56037959612189,72.6312554971023,72.70380516833097,72.77825594686306,72.85483516975364,72.93377017405787,73.01528829683087,73.09961687512777,73.18698324600368,73.27761474651372,73.37173871371301,73.4695824846567,73.57137339639989,73.67730514046174,73.78724087461588,73.9008561491273,74.01782436094673,74.13781890702487,74.26051318431239,74.38558058976002,74.51269452031845,74.6415283729384,74.77175554457052,74.90304943216557,75.03508343267423,75.16753094304718,75.30006536023517,75.43236008118883,75.56408850285892,75.69492402219613,75.82454003615113,75.95260994167468,76.07880713571741,76.20280501523007,76.32427697716335,76.44289641846795,76.55833673609457,76.6702713269939,76.77837373559046,76.88239242300132,76.98227243292459,77.07799066340013,77.16952401246778,77.25684937816739,77.3399436585388,77.41878375162187,77.49334655545644,77.56360896808236,77.62954788753947,77.69114021186762,77.74836283910666,77.80119266729643,77.84960659447678,77.89358151868757,77.93309433796863,77.9681219503598,77.99864125390096,78.02462914663191,78.04606252659254,78.06291829182267,78.07517334036216,78.08280457025086,78.0857888795286,78.08410316623524,78.07772121687347,78.06656455384545,78.05051133250437,78.02943839552363,78.00322258557665,77.97174074533689,77.93486971747775,77.89248634467266,77.84446746959505,77.79068993491835,77.73103058331598,77.66536625746139,77.59357380002797,77.51553005368916,77.4311118611184,77.34019606498912,77.24265950797471,77.13837903274863,77.02723148198432,76.90909369835516,76.78384252453462,76.6513548031961,76.51150737701303,76.36417708865886,76.209240780807,76.04657529613085
68.06368035814054,67.90738810472422,67.76923001899695,67.64846972753887,67.54437085693016,67.45619703375093,67.38321188458136,67.32467903600158,67.27986211459177,67.24802474693203,67.22843055960257,67.22034317918349,67.22302623225494,67.23574334539708,67.25775814519008,67.28833425821406,67.32673531104919,67.37222493027559,67.42406674247346,67.48152437422289,67.54386145210407,67.6103416026971,67.68022845258221,67.75278562833947,67.82727675654908,67.90296546379116,67.97912462112384,68.05533250976683,68.13153547811874,68.20770178741498,68.28379969889087,68.35979747378181,68.43566337332314,68.51136565875021,68.58687259129843,68.6621524322031,68.73717344269963,68.81190388402337,68.88631201740967,68.96036610409388,69.03403440531142,69.10728518229757,69.18008669628779,69.25240720851735,69.32421498022165,69.39547827263607,69.46616534699595,69.53624446453665,69.60568388649355,69.674451874102,69.74251668859736,69.809846591215,69.87642133503019,69.94229159266732,70.00753506385567,70.07222950152763,70.13645265861544,70.20028228805148,70.263796142768,70.32707197569732,70.39018753977177,70.45322058792368,70.51624887308529,70.57935014818895,70.642602166167,70.70608267995169,70.76986944247534,70.8340402066703,70.89867272546886,70.96384475180332,71.02963403860596,71.09611833880916,71.16337540534519,71.23148299114635,71.30051884914494,71.3705607322733,71.44168639346375,71.51397343585023,71.5874864113886,71.66226687799323,71.7383540529799,71.81578715366433,71.89460539736231,71.97484800138957,72.05655418306188,72.13976315969498,72.22451414860464,72.31084636710656,72.39879903251654,72.48841136215032,72.57972257332366,72.67277188335228,72.76759850955196,72.86424166923845,72.96274057972752,73.06313445833487,73.16546252237629,73.26976398916753,73.37607807602433,73.48444400026247,73.59490097919763,73.70748823014566,73.82224497042225,73.93919602028757,74.05822476332764,74.17913430514648,74.30172682993657,74.42580452189037,74.55116956520035,74.677624144059,74.80497044265877,74.93301064519216,75.0615469358516,75.19038149882957,75.31931651831854,75.448154178511,75.57669666359945,75.70474615777627,75.832104845234,75.95857491016511,76.08395853676203,76.20805790921725,76.33067521172325,76.45161262847247,76.57067234365744,76.68765654147057,76.80236740610437,76.91460712175129,77.02417798273089,77.1309382279199,77.23489289559413,77.33607081147892,77.43450080129958,77.53021169078141,77.6232323056498,77.71359147163002,77.80131801444742,77.88644075982731,77.96898853349501,78.04899016117585,78.12647446859515,78.20147028147824,78.27400642555045,78.34411172653711,78.41181501016351,78.477145102155,78.5401308282369,78.60080101413452,78.65918448557319,78.71531006827827,78.76920658797503,78.82090287038882,78.87042774124494,78.91781002626877,78.96309699261528,79.00664566582873,79.04907009887964,79.09099212471664,79.1330335762884,79.17581628654357,79.21996208843079,79.26609281489873,79.31483029889601,79.36679637337133,79.42261287127332,79.48290162555061,79.5482844691519,79.6193832350258,79.69681975612097,79.78121586538609,79.87319339576979,79.97337418022072,80.08238005168754,80.20083284311889,80.32935438746345,80.46856651766986,80.61909106668675,80.7815498674628,80.95656475294665,81.14475755608696
67.4580080397935,67.3116460639666,67.18568358282636,67.07920502583906,66.9912948224711,66.9210374021888,66.86751719445851,66.82981862874658,66.80702613451936,66.79822414124317,66.80249707838439,66.81892937540937,66.8466054617844,66.8846097669759,66.93202672045018,66.98794075167359,67.05143629011246,67.12159776523316,67.19750960650202,67.27825624338541,67.36292210534964,67.4505916218611,67.54034922238608,67.63127933639097,67.72246639334213,67.81299482270586,67.90196251715997,67.98891215399735,68.07392244578128,68.15710401787257,68.23856749563197,68.31842350442031,68.39678266959837,68.47375561652694,68.54945297056682,68.6239853570788,68.69746340142365,68.76999772896221,68.84169896505523,68.91267773506351,68.98304466434786,69.05291037826905,69.12238550218785,69.19158066146514,69.26060648146162,69.32957358753814,69.39859260505543,69.46777415937436,69.53722887585567,69.60706737986015,69.67740029674863,69.74833825188188,69.81997775519702,69.89232820616954,69.9653658068896,70.03906669409824,70.11340700453644,70.18836287494526,70.26391044206568,70.34002584263871,70.41668521340537,70.49386469110672,70.5715404124837,70.64968851427736,70.7282851332287,70.80730640607874,70.88672846956848,70.96652746043898,71.04667951543121,71.12716077128619,71.20794736474491,71.28901543254844,71.37034111143774,71.45190053815386,71.53366984943781,71.61562518203058,71.6977426726732,71.7799985003924,71.86237252835846,71.94485111060018,72.0274212618607,72.11006999688314,72.19278433041063,72.27555127718637,72.35835785195349,72.44119106945513,72.52403794443447,72.60688549163461,72.68972072579874,72.77253066166998,72.8553023139915,72.93802269750645,73.02067882695795,73.1032577170892,73.18574638264332,73.26813183836344,73.35040109899276,73.43254117927438,73.51453909395147,73.5963818577672,73.67805648546468,73.75954999178708,73.84084939147755,73.92194414332903,74.00284771647947,74.08358720808849,74.16418987173483,74.24468296099727,74.32509372945455,74.40544943068542,74.48577731826865,74.56610464578301,74.64645866680726,74.72686663492016,74.80735580370046,74.88795342672691,74.9686867575783,75.04958304983339,75.13066955707089,75.21197353286962,75.29352223080832,75.37534290446575,75.45746280742065,75.53990919325182,75.62270931553797,75.70589042785792,75.78947978379037,75.87350463691413,75.95799217881674,76.0429381095575,76.12825549492968,76.2138440106279,76.29960333234678,76.38543313578094,76.47123309662499,76.55690289057358,76.64234219332135,76.72745068056287,76.8121280279928,76.89627391130577,76.97978800619634,77.06256998835923,77.14451953348899,77.22553631728027,77.3055200154277,77.3843703036259,77.46198685756949,77.53826935295305,77.61311746547128,77.68643087081878,77.75810924469013,77.82805226278,77.896159600783,77.96233093439375,78.0264247382747,78.08760743850061,78.14447122176011,78.19559089305633,78.2395412573924,78.27489711977148,78.30023328519673,78.31412455867127,78.31514574519821,78.30187164978076,78.27287707742201,78.2267368331251,78.16202572189323,78.07731854872947,77.97119011863703,77.84221523661898,77.6889687076785,77.51002533681876,77.30395992904286,77.06934728935394,76.80476222275519,76.5087795342497,76.1799740288406,75.81692051153112,75.41819378732433,74.98236866122335
66.92579380268864,66.8984034878894,66.87923607014713,66.867916170995,66.86406841196617,66.86731741459381,66.87728780041107,66.89360419095112,66.91589120774711,66.94377347233223,66.97687560623962,67.01482223100244,67.05723796815386,67.10374743922705,67.15397526575515,67.20754606927136,67.2640844713088,67.32321509340068,67.3845625570801,67.44775148388028,67.51240649533436,67.5781522129755,67.64461325833686,67.71141425295161,67.77817981835291,67.84453457607393,67.9101094890894,67.97474502281389,68.03853412598365,68.10158477890009,68.16400496186459,68.22590265517857,68.28738583914344,68.34856249406059,68.40954060023144,68.47042813795738,68.53133308753983,68.59236342928018,68.65362714347985,68.71523221044025,68.77728661046277,68.83989832384881,68.9031753308998,68.96722561191712,69.03215714720218,69.09807791705641,69.16509590178119,69.23331908167793,69.30285543704804,69.37381294819292,69.44629959541398,69.52042335901261,69.59626704312771,69.67375808233956,69.75276470062398,69.83315500540049,69.91479710408858,69.99755910410778,70.0813091128776,70.16591523781756,70.25124558634717,70.33716826588592,70.42355138385335,70.51026304766896,70.59717136475227,70.68414444252278,70.77105038840001,70.85775730980347,70.9441333141527,71.03004650886716,71.1153650013664,71.19995689906993,71.28369030939724,71.36643333976788,71.44805409760133,71.5284206903171,71.60740122533473,71.68486545418259,71.76082637137439,71.83554934213547,71.90932542089224,71.98244566207114,72.05520112009859,72.12788284940102,72.20078190440485,72.2741893395365,72.34839620922241,72.42369356788902,72.50037246996273,72.57872396986997,72.65903912203717,72.74160898089076,72.82672460085716,72.9146770363628,73.00575734183413,73.10025657169751,73.19846578037944,73.3006760223063,73.40717835190455,73.51826382360058,73.63422349182083,73.75534841099173,73.88192963553972,74.01420154641959,74.15184176440093,74.2942118989756,74.4406699325333,74.59057384746363,74.74328162615629,74.89815125100094,75.05454070438724,75.21180796870486,75.36931102634344,75.52640785969268,75.68245645114222,75.83681478308172,75.98884083790087,76.13789259798929,76.2833280457367,76.42450516353271,76.560781933767,76.69151633882927,76.81606636110912,76.93378998299627,77.04404518688035,77.14618995515104,77.239582270198,77.32358011441089,77.39754208689178,77.46114007665061,77.51486805034918,77.55935318453136,77.59522265574104,77.6231036405221,77.64362331541841,77.65740885697384,77.66508744173228,77.66728624623761,77.6646324470337,77.65775322066443,77.64727574367367,77.63382719260532,77.61803474400325,77.60052557441134,77.58192686037344,77.56286577843346,77.54396950513527,77.52586521702274,77.50918009063976,77.4945413025302,77.48257602923795,77.47391144730686,77.46917473328084,77.46899306370375,77.47396251993149,77.48415688133446,77.49921653810061,77.51876876213551,77.54244082534468,77.56985999963369,77.60065355690809,77.63444876907339,77.67087290803516,77.70955324569896,77.75011705397031,77.79219160475478,77.8354041699579,77.87938202148524,77.92375243124229,77.96814267113467,78.01218001306788,78.05549172894749,78.097705090679,78.13844737016802,78.17734583932005,78.21402777004067,78.2481204342354,78.2792511038098,78.30704705066941,78.33113554671979
68.0400339614112,67.77382969901464,67.53766325706613,67.33024636238486,67.15029074179,66.99650812210074,66.86761023013624,66.76230879271569,66.67931553665827,66.61734218878316,66.57510047590955,66.5513021248566,66.5446588624435,66.55388241548944,66.57768451081357,66.61477687523511,66.6638712355732,66.72367931864704,66.79291285127582,66.8702835602787,66.95450317247486,67.04428341468349,67.13833601372376,67.23537269641486,67.33410518957596,67.43324522002625,67.53152198047252,67.62824168479747,67.72340594796466,67.81705778556012,67.9092402131699,67.99999624638001,68.0893689007765,68.17740119194544,68.26413613547282,68.3496167469447,68.43388604194712,68.5169870360661,68.5989627448877,68.67985618399794,68.75971036898287,68.83856831542852,68.91647303892094,68.99346755504614,69.06959487939018,69.1448980275391,69.21942001507892,69.2932038575957,69.36629257067544,69.43872916990422,69.51055667086806,69.58181808915299,69.65255776162464,69.72282817915631,69.79268494007518,69.8621836488254,69.93137990985115,70.0003293275966,70.06908750650594,70.13771005102335,70.20625256559298,70.27477065465902,70.34331992266566,70.41195597405707,70.48073441327739,70.54971084477084,70.61894087298158,70.6884801023538,70.75838413733165,70.82870858235931,70.89950904188098,70.97084112034081,71.04276042218298,71.11532255185168,71.18858311379107,71.26259771244534,71.33742195225865,71.41311145900971,71.48972371724679,71.56731948636616,71.64595985911592,71.72570592824412,71.80661878649886,71.88875952662819,71.97218924138019,72.05696902350294,72.14315996574452,72.23082316085299,72.32001970157644,72.41081068066293,72.50325719086055,72.59742032491735,72.69336117558143,72.79114083560086,72.89082039772369,72.99246095469802,73.0961235992719,73.20186942419345,73.3097595222107,73.41985498607174,73.53221690852463,73.64690638231748,73.76398450019833,73.88349005778794,74.00524280372807,74.12893815787842,74.25427011308263,74.38093266218424,74.50861979802684,74.63702551345402,74.76584380130934,74.89476865443642,75.02349406567882,75.15171402788012,75.27912253388389,75.40541357653373,75.53028114867324,75.65341924314595,75.77452185279549,75.89328297046542,76.00939658899931,76.12255670124078,76.23245730003337,76.33879237822069,76.44125592864631,76.53954194415381,76.63334441758678,76.72235734178881,76.80627501078945,76.88494472110958,76.95861525021661,77.0276004317553,77.09221409937047,77.15277008670688,77.2095822274093,77.26296435512256,77.31323030349145,77.36069390616072,77.40566899677518,77.4484694089796,77.48940897641879,77.52880153273756,77.56696091158062,77.60420094659284,77.64083547141894,77.67717831970378,77.71354332509208,77.75024432122865,77.78759514175832,77.8259096203258,77.86550159057595,77.9066848861535,77.94977334070327,77.99508078787005,78.04283231367458,78.09176232139038,78.13936829428107,78.18311027520647,78.22044830702629,78.24884243260036,78.2657526947884,78.26863913645022,78.25496180044559,78.22218072963426,78.16775596687597,78.08914755503056,77.98381553695779,77.84921995551738,77.68282085356915,77.48207827397283,77.24445225958823,76.9674028532751,76.64839009789327,76.2848740363024,75.87431471136233,75.41417216593283,74.90190644287364,74.33497758504458,73.71084563530538,73.02697063651581
66.26855183352707,66.30344272428638,66.3414829712562,66.38253864351255,66.42647581013144,66.47316054018894,66.52245890276106,66.57423696692383,66.62836080175332,66.68469647632553,66.7431100597165,66.80346762100226,66.86563522925886,66.92947895356231,66.99486486298866,67.06165902661395,67.1297275135142,67.19893639276545,67.26915173344372,67.34023960462507,67.41206607538551,67.48449721480108,67.55739909194783,67.63063777590176,67.70407933573894,67.77758984053538,67.85103702886973,67.9243437947401,67.99749950308173,68.07049747616941,68.14333103627789,68.21599350568194,68.28847820665631,68.36077846147579,68.43288759241514,68.50479892174913,68.57650577175251,68.64800146470006,68.71927932286653,68.7903326685267,68.86115482395535,68.9317391114272,69.00207885321707,69.07216737159969,69.14199798884984,69.21156402724228,69.28085880905178,69.34987565655311,69.41860789202102,69.48704883773028,69.55519181595568,69.62303014897196,69.69056668012149,69.75786301007584,69.82500313164698,69.89207108172594,69.95915089720377,70.02632661497148,70.09368227192009,70.16130190494063,70.22926955092412,70.29766924676157,70.36658502934402,70.4361009355625,70.50630100230802,70.5772692664716,70.64908976494428,70.72184653461707,70.79562361238101,70.8705050351271,70.94657483974638,71.02391706312986,71.10261574216858,71.18275491375356,71.26441861477582,71.34769088212637,71.43265575269626,71.51939650070537,71.60792995265153,71.69815586501437,71.78996207753708,71.88323642996292,71.97786676203512,72.07374091349689,72.17074672409149,72.2687720335621,72.36770468165201,72.46743250810441,72.56784335266255,72.66882505506965,72.77026545506892,72.87205239240363,72.97407370681698,73.07621723805222,73.17837082585257,73.28042230996124,73.3822595301215,73.48377032607655,73.58484253756963,73.68536400434397,73.78522256614279,73.88430606270933,73.98250233378683,74.07971175963849,74.1759579185958,74.27133431492973,74.36593525550448,74.45985504718425,74.55318799683326,74.64602841131573,74.73847059749585,74.83060886223785,74.92253751240592,75.0143508548643,75.10614319647719,75.19800884410878,75.29004210462332,75.38233728488498,75.474988691758,75.56809063210659,75.66173741279493,75.75602334068729,75.85104272264782,75.94688986554077,76.04365907623033,76.14144466158072,76.24034092845616,76.34044218372085,76.4418424190126,76.5444754909539,76.64785505936531,76.75142669516323,76.85463596926408,76.95692845258424,77.05774971604014,77.15654533054816,77.25276086702472,77.34584189638622,77.43523398954906,77.52038271742967,77.60073365094442,77.67573236100975,77.74482441854201,77.80745539445768,77.8630708596731,77.9111163851047,77.95103754166891,77.9822799002821,78.00428903186068,78.01651050732107,78.01838989757965,78.00937277355285,77.98890470615707,77.95643126630871,77.91148321901913,77.85502232386368,77.78919773311631,77.71619454030977,77.63819783897691,77.55739272265042,77.47596428486312,77.3960976191478,77.3199778190372,77.24978997806414,77.18771918976138,77.1359505476617,77.09666914529785,77.07206007620265,77.06430843390885,77.07559931194923,77.10811780385659,77.16404900316368,77.2455780034033,77.35488989810821,77.49416978081119,77.66560274504502,77.87137388434249,78.11366829223635,78.39467106225939,78.71656728794441
67.35497175614981,67.22275250774105,67.10843641717875,67.01124311371647,66.93039222660785,66.86510338510641,66.81459621846578,66.77809035593953,66.75480542678123,66.74396106024449,66.74477688558287,66.75647253204997,66.77826762889937,66.80938180538465,66.8490346907594,66.89644591427721,66.95083510519164,67.01142189275632,67.07742590622479,67.14806677485063,67.22256412788747,67.30013759458886,67.38000680420839,67.46139138599965,67.54351096921623,67.6255851831117,67.70684472092883,67.78688579733085,67.86574513766148,67.94348569301656,68.02017041449193,68.09586225318347,68.17062416018703,68.24451908659844,68.31760998351356,68.38995980202826,68.46163149323836,68.53268800823973,68.60319229812822,68.6732073139997,68.74279600694997,68.81202132807495,68.88094622847044,68.9496336592323,69.01814657145641,69.0865479162386,69.15490064467473,69.22326770786063,69.29171205689217,69.36029664286521,69.42908441687558,69.49813833001915,69.56751755997036,69.63725799750213,69.70738665885928,69.77793054281706,69.84891664815075,69.9203719736356,69.99232351804687,70.06479828015983,70.13782325874976,70.21142545259191,70.28563186046154,70.3604694811339,70.4359653133843,70.51214635598797,70.58903960772017,70.66667206735617,70.74507073367126,70.82426260544067,70.90427468143967,70.98513396044355,71.06686744122754,71.14950212256693,71.23306500323696,71.31758308201292,71.40308335767006,71.48959238761515,71.577098275025,71.66552137301274,71.7547751383088,71.84477302764361,71.93542849774757,72.02665500535112,72.11836600718469,72.21047495997867,72.30289532046352,72.39554054536966,72.48832409142749,72.58115941536745,72.67395997391995,72.76663922381543,72.85911062178431,72.95128762455701,73.04308368886394,73.13441227143555,73.22518682900225,73.31532081829447,73.40472769604261,73.49332091897712,73.5810139438284,73.6677202273269,73.75335322620302,73.83783734422758,73.92120452889601,74.00354776840089,74.0849607515454,74.16553716713267,74.24537070396589,74.32455505084822,74.4031838965828,74.48135092997283,74.55914983982144,74.63667431493182,74.7140180441071,74.79127471615048,74.86853801986511,74.94590164405413,75.02345927752073,75.10130460906807,75.17953132749929,75.2582331216176,75.33750368022609,75.41743669212799,75.49812584612644,75.57966483102459,75.66214733562562,75.74566704873268,75.83031742999397,75.91607552832862,76.00261292906953,76.08955172007424,76.17651398920032,76.2631218243053,76.34899731324673,76.43376254388218,76.51703960406923,76.59845058166536,76.67761756452818,76.75416264051522,76.82770789748403,76.89787542329218,76.9642873057972,77.02656563285665,77.08433249232807,77.13720997206904,77.18482015993709,77.22678514378978,77.26272701148466,77.29226785087928,77.3150297498312,77.33063479619796,77.3387050778371,77.33886268260622,77.33076688409842,77.3147015600597,77.29146886442605,77.26188663886566,77.22677272504676,77.18694496463752,77.1432211993062,77.09641927072096,77.04735702055002,76.9968522904616,76.9457229221239,76.89478675720514,76.8448616373735,76.7967654042972,76.75131589964447,76.70933096508347,76.67162844228244,76.63902617290958,76.61234199863311,76.59239376112122,76.57999930204211,76.575976463064,76.5811430858551,76.59631701208362,76.62231608341774,76.6599581415257
66.77213921713876,66.68700805669624,66.61577737277858,66.55783949037952,66.51258673449283,66.4794114301123,66.45770590223167,66.4468624758447,66.44627347594518,66.45533122752687,66.47342805558354,66.49995628510894,66.53430824109684,66.57587624854102,66.62405263243524,66.67822971777325,66.73779982954885,66.80215529275577,66.87068843238781,66.94279157343871,67.01785704090224,67.09527715977218,67.17444425504227,67.25475065170632,67.33558867475806,67.41635064919126,67.49643776210668,67.57554397836137,67.65371610596046,67.73102195938485,67.80752935311546,67.88330610163318,67.95842001941894,68.03293892095364,68.10693062071819,68.18046293319348,68.25360367286045,68.32642065419998,68.398981691693,68.47135459982039,68.5436071930631,68.615807285902,68.68802269281801,68.76032122829204,68.83277070680502,68.90543894283782,68.97839375087138,69.05170294538658,69.12543434086436,69.1996557517856,69.27443499263121,69.34983987788212,69.42592669484327,69.50268059320135,69.5800596124329,69.65802173864796,69.73652495795652,69.81552725646858,69.89498662029418,69.97486103554328,70.05510848832594,70.13568696475215,70.21655445093192,70.29766893297524,70.37898839699214,70.46047082909263,70.5420742153867,70.62375654198439,70.70547579499568,70.78718996053058,70.86885702469912,70.9504349736113,71.03188179337711,71.11315547010658,71.19421398990971,71.27501533889652,71.35551750317701,71.43567889742599,71.51549527502627,71.59502817405715,71.67434582892288,71.7535164740277,71.83260834377589,71.9116896725717,71.99082869481936,72.07009364492315,72.14955275728731,72.2292742663161,72.30932640641377,72.38977741198458,72.47069551743279,72.55214895716264,72.63420596557839,72.7169347770843,72.80040362608462,72.8846807469836,72.9698343741855,73.05593274209457,73.14304408511508,73.23123663765125,73.32057863410736,73.41113830888767,73.50298389639643,73.59617237570362,73.6906501534755,73.78630087663453,73.88300747176173,73.98065286543816,74.07911998424485,74.17829175476287,74.27805110357325,74.37828095725702,74.47886424239525,74.57968388556897,74.68062281335924,74.78156395234708,74.88239022911357,74.98298457023972,75.0832299023066,75.18300915189523,75.28220524558668,75.380701109962,75.47837967160221,75.57512385708837,75.67081659300152,75.7653408059227,75.85857942243297,75.95041536911337,76.04073163189672,76.129441347425,76.21653676827567,76.30202296701283,76.3859050162005,76.46818798840273,76.54887695618359,76.62797699210711,76.70549316873736,76.78143055863839,76.85579423437424,76.92858926850897,76.99982073360663,77.06949370223127,77.13761324694694,77.2041844403177,77.26921235490761,77.33270206328069,77.39465863800102,77.45508715163264,77.51399267673959,77.57138028588595,77.62725505163576,77.68162204655306,77.73448634320192,77.78585301414638,77.83570346409283,77.88362155170113,77.928861264865,77.9706666066008,78.0082815799248,78.04095018785331,78.06791643340267,78.08842431958918,78.10171784942912,78.10704102593884,78.10363785213464,78.09075233103282,78.06762846564969,78.03351025900157,77.98764171410475,77.92926683397557,77.85762962163034,77.77197408008534,77.6715442123569,77.55558402146133,77.42333751041492,77.27404868223402,77.1069615399349,76.92132008653391,76.71636832504731,76.49135025849147
66.12904247889837,66.18160500774816,66.23397971651991,66.28622449016946,66.33839721365267,66.39055577192536,66.44275804994341,66.49506193266262,66.54752530503887,66.600206052028,66.65316205858585,66.70645120966826,66.76013139023108,66.81426048523016,66.86889637962133,66.92409695836047,66.97992010640338,67.03642370870594,67.09366565022398,67.15170381591335,67.21059609072988,67.27040035962945,67.33117450756787,67.392976419501,67.45586398038468,67.51989507517476,67.58512610740384,67.65156453876973,67.71915884837792,67.78785400381209,67.85759497265593,67.92832672249314,67.99999422090741,68.07254243548245,68.14591633380192,68.22006088344955,68.294921052009,68.37044180706398,68.4465681161982,68.52324494699532,68.60041726703905,68.67803004391308,68.75602824520112,68.83435683848684,68.91296079135394,68.99178507138612,69.07077464616707,69.14987448328047,69.22902955031003,69.30818481483944,69.38728524445239,69.46627580673258,69.54511044679948,69.62379851280602,69.70237046673925,69.78085681214894,69.85928805258483,69.93769469159666,70.01610723273419,70.09455617954715,70.17307203558532,70.25168530439844,70.33042648953624,70.40932609454848,70.48841462298489,70.56772257839525,70.6472804643293,70.72711878433677,70.80726804196742,70.887758740771,70.96862138429725,71.04988647609593,71.1315845197168,71.21374601870957,71.29640147662403,71.37958139700989,71.46331628341693,71.54763622954299,71.63253562074104,71.7179459301006,71.80379222677561,71.88999957992003,71.9764930586878,72.06319773223285,72.15003866970912,72.23694094027056,72.32382961307111,72.41062975726473,72.49726644200533,72.58366473644688,72.66974970974329,72.75544643104853,72.84067996951653,72.92537539430124,73.0094577745566,73.09285217943653,73.17548367809499,73.25727733968594,73.33815823336329,73.418051428281,73.496881993593,73.57457499845324,73.65105551201567,73.72625711617157,73.80019702194387,73.87293990737899,73.94455099533847,74.01509550868388,74.08463867027682,74.15324570297884,74.22098182965149,74.28791227315638,74.35410225635506,74.4196170021091,74.48452173328008,74.54888167272956,74.61276204331912,74.67622806791033,74.73934496936475,74.80217797054397,74.86479229430952,74.92725316352303,74.98962580104602,75.0519754297401,75.1143672724668,75.17686655208772,75.23953849146443,75.30244831345848,75.36566139395865,75.42932084666359,75.49377377050939,75.55940031830411,75.62658064285577,75.69569489697238,75.76712323346199,75.8412458051326,75.91844276479229,75.99909426524903,76.0835804593109,76.17228149978588,76.26557753948204,76.3638487312074,76.46747522776997,76.57683718197781,76.69231474663891,76.81428807456133,76.9431373185531,77.07924263142223,77.22298416597677,77.37474207502473,77.53489651137411,77.70382762783304,77.88191557720944,78.06954051231139,78.26694362413147,78.4720319794183,78.68077586461774,78.88908694165964,79.09287687247394,79.2880573189905,79.47053994313924,79.6362364068501,79.78105837205291,79.90091750067764,79.99172545465414,80.04939389591235,80.06983448638215,80.04895888799344,79.98267876267614,79.86690577236014,79.69755157897535,79.47052784445167,79.18174623071901,78.82711839970726,78.40255601334631,77.9039707335661,77.32727422229651,76.66837814146744,75.9231941530088,75.08763391885047
67.39898915024379,67.27070424665118,67.15971217734702,67.06527680979787,66.98666201147034,66.92313164983103,66.87394959234653,66.83837970648342,66.81568585970831,66.80513191948778,66.8059817532884,66.81749922857682,66.83894821281957,66.86959257348329,66.90869617803455,66.95552289393993,67.00933658866605,67.06940112967948,67.1349803844468,67.20533822043465,67.27973850510959,67.35744510593821,67.43772189038712,67.5198327259229,67.60304148001214,67.68661202012142,67.7698182084648,67.85226410409726,67.93395170509187,68.01490670077483,68.09515478047234,68.17472163351063,68.25363294921591,68.33191441691437,68.40959172593223,68.4866905655957,68.56323662523099,68.6392555941643,68.71477316172185,68.78981501722986,68.86440685001452,68.93857434940205,69.01234320471865,69.08573910529053,69.15878774044391,69.231514799505,69.3039459718,69.37610694665513,69.44802341339658,69.5197210613506,69.59122557984335,69.66256265820107,69.73375820079968,69.80483943915075,69.87583411053089,69.94676995321234,70.01767470546736,70.08857610556818,70.15950189178704,70.23047980239618,70.30153757566785,70.37270294987428,70.44400366328773,70.51546745418042,70.5871220608246,70.6589952214925,70.73111467445638,70.80350815798847,70.87620341036101,70.94922816984626,71.02261017471643,71.09637716324379,71.17055687370055,71.24517704435898,71.32026541349131,71.39584971936976,71.47195770026661,71.54861733740044,71.62587777869126,71.70382546432494,71.78255063052418,71.86214351351174,71.94269434951033,72.02429337474265,72.10703082543145,72.19099693779943,72.2762819480693,72.36297609246381,72.45116960720566,72.54095272851757,72.63241569262227,72.72564873574247,72.82074209410091,72.91778600392028,73.01687070142331,73.11808642283273,73.22152340437127,73.32727188226163,73.43542209272653,73.5460642719887,73.65928865627085,73.7751854817957,73.89384498478599,74.01533279837984,74.1394728550127,74.26595190032037,74.39445510534134,74.52466764111404,74.65627467867694,74.78896138906846,74.92241294332707,75.05631451249124,75.19035126759938,75.32420837968996,75.45757101980143,75.59012435897223,75.72155356824085,75.85154381864568,75.9797802812252,76.10594812701787,76.22973252706211,76.3508186523964,76.46889167405918,76.5836367630889,76.69473909052401,76.80188382740296,76.90475614476418,77.00304121364616,77.09642431209667,77.18464507891211,77.26758579634918,77.34515186068376,77.4172486681916,77.48378161514859,77.5446560978305,77.59977751251319,77.64905125547244,77.6923827229841,77.72967731132401,77.76084041676795,77.78577743559175,77.80439376407125,77.81659479848224,77.82228593510058,77.82137257020207,77.81376010006254,77.79935392095778,77.77805942916366,77.74978202095596,77.71442709261052,77.67190004040317,77.62210626060971,77.56495114950597,77.50034010336779,77.42823353517285,77.34951596656367,77.26583871446549,77.17887630597464,77.09030326818751,77.00179412820042,76.91502341310976,76.83166565001189,76.75339536600315,76.6818870881799,76.61881534363849,76.56585465947529,76.52467956278666,76.49696458066894,76.48438424021852,76.4886130685317,76.51132559270489,76.55419633983443,76.61889983701668,76.70711061134799,76.82050318992474,76.96075209984322,77.12953186819988,77.328517022091,77.55938208861299,77.82380159486218
66.69270600765951,66.66989167398206,66.65198558000608,66.63890106890658,66.63055148385847,66.62685016803677,66.62771046461643,66.63304571677243,66.64276926767972,66.65679446051331,66.67503463844814,66.69740314465919,66.72381332232145,66.75417851460985,66.7884120646994,66.82642731576505,66.86813761098178,66.91345629352455,66.96229670656835,67.01457219328813,67.07019609685888,67.12908176045556,67.19114252725315,67.25629174042662,67.32444274315094,67.39550887860106,67.4694017072409,67.54597389404199,67.62500712566394,67.70627886308084,67.78956656726673,67.87464769919569,67.96129971984178,68.04930009017906,68.13842627118161,68.2284557238235,68.31916590907878,68.41033428792153,68.50173832132579,68.59315547026566,68.68436319571518,68.77513895864844,68.86526022003947,68.95450444086238,69.0426490820912,69.12947160470003,69.2147494696629,69.2982601379539,69.37978107054708,69.45908972841653,69.53596357253629,69.61018006388043,69.68156290626227,69.75022118175761,69.8163727287494,69.88023559970775,69.94202784710282,70.00196752340473,70.06027268108365,70.11716137260967,70.17285165045297,70.22756156708367,70.28150917497192,70.33491252658784,70.38798967440158,70.44095867088328,70.49403756850309,70.54744441973112,70.60139727703753,70.65611419289246,70.71181321976604,70.76871241012842,70.82702981644971,70.88698349120008,70.94879148684966,71.01267185586858,71.07884265072698,71.14752079992888,71.21882530642976,71.29270264438502,71.36908172597941,71.4478914633977,71.5290607688246,71.61251855444489,71.6981937324433,71.78601521500455,71.87591191431343,71.96781274255466,72.06164661191296,72.15734243457312,72.25482912271987,72.35403558853794,72.4548907442121,72.55732350192707,72.6612627738676,72.76663747221845,72.87337650916434,72.98140879689004,73.09066324758028,73.2010687734198,73.31255428659337,73.42504869928571,73.53848092368158,73.65277954582369,73.76786994773566,73.88367569287321,74.000120323819,74.11712738315568,74.23462041346589,74.35252295733227,74.47075855733748,74.58925075606416,74.70792309609494,74.8266991200125,74.94550237039948,75.06425638983849,75.18288472091224,75.30131090620331,75.4194584882944,75.53725100976813,75.65461201320716,75.77146504119412,75.88773363631167,76.00334134114244,76.1182116982691,76.2322682502743,76.34543453974067,76.45763410925085,76.56879021133435,76.67867875151373,76.78668899444511,76.89214755330134,76.99438104125525,77.09271607147971,77.18647925714757,77.27499721143165,77.35759654750483,77.43360387853994,77.50234581770984,77.56314897818737,77.61533997314538,77.65824541575674,77.69119191919427,77.71350609663084,77.72451456123927,77.72354392619245,77.7099208046632,77.68297180982438,77.64202355484885,77.58640265290943,77.51543571717899,77.42844936083037,77.32477019703643,77.20372483897002,77.06478542839581,76.90986853264471,76.74291902379642,76.56794316880537,76.38894723462599,76.2099374882127,76.0349201965199,75.86790162650203,75.71288804511352,75.57388571930875,75.45490091604216,75.35993990226818,75.29300894494123,75.25811431101572,75.25926226744606,75.3004590811867,75.38571101919203,75.51902434841648,75.70440533581447,75.94586024834042,76.24739535294876,76.6130169165939,77.04673120623026,77.55254448881225,78.13446303129432,78.79649310063087
66.85415594190258,66.78051959543046,66.7195411396761,66.67067838954884,66.63338915995809,66.60713126581325,66.59136252202373,66.58554074349891,66.58912374514817,66.60156934188092,66.62233534860657,66.65087958023449,66.68665985167411,66.72913397783478,66.77775977362592,66.83199505395694,66.89129763373721,66.95512532787613,67.0229359512831,67.09418731886754,67.1683372455388,67.2448435462063,67.32316403577943,67.40275652916759,67.48307884128018,67.56358878702659,67.64375200024355,67.72329242896026,67.80224533035039,67.88066449534128,67.95860371486035,68.03611677983493,68.11325748119242,68.19007960986019,68.26663695676562,68.34298331283608,68.41917246899897,68.49525821618161,68.57129434531141,68.64733464731577,68.72343291312202,68.79964293365755,68.87601849984975,68.95261340262599,69.02948143291363,69.10667638164006,69.18425203973264,69.26226219811876,69.3407606477258,69.41980117948111,69.49943758431209,69.57972365314612,69.66069955456398,69.74232138960951,69.82451322158556,69.90719905072855,69.99030287727487,70.07374870146094,70.15746052352317,70.24136234369797,70.32537816222175,70.40943197933093,70.49344779526191,70.57734961025112,70.66106142453494,70.74450723834981,70.82761105193212,70.91029686551829,70.99248867934475,71.07411049364788,71.1550863086641,71.23534012462983,71.31479594178148,71.39337776035546,71.47100958058819,71.54761540271605,71.62311922697548,71.69744603805,71.77060659057821,71.84276275183116,71.9140917710661,71.9847708975403,72.05497738051102,72.12488846923549,72.194681412971,72.26453346097477,72.33462186250411,72.40512386681623,72.47621672316839,72.54807768081788,72.62088398902193,72.6948128970378,72.77004165412275,72.84674750953404,72.92510771252893,73.00529951236467,73.08750015829851,73.17188689958772,73.25863698548956,73.34792766526127,73.4399361881601,73.53483980344335,73.63281576036825,73.73401999724705,73.8383990936684,73.94578079939164,74.05599150027565,74.1688575821793,74.28420543096144,74.40186143248094,74.52165197259669,74.64340343716754,74.76694221205234,74.89209468311,75.01868723619936,75.14654625717927,75.27549813190865,75.40536924624632,75.53598598605117,75.66717473718207,75.79876188549787,75.93057381685745,76.06243691711967,76.19417757214342,76.32562216778753,76.4565970899109,76.58692872437238,76.71644345703085,76.84496749133218,76.97223436492408,77.09773445894051,77.22091875330997,77.3412382279609,77.45814386282177,77.57108663782103,77.67951753288713,77.78288752794856,77.88064760293376,77.9722487377712,78.05714191238934,78.13477810671664,78.20460830068156,78.26608347421256,78.31865460723812,78.36177267968665,78.39488867148667,78.4174535625666,78.42891833285493,78.42873396228012,78.4163514307706,78.39122171825485,78.35279580466133,78.30052466991852,78.23385929395484,78.15232121100915,78.05661704725247,77.94843677955664,77.82950014989332,77.70152690023404,77.56623677255044,77.42534950881408,77.28058485099656,77.1336625410695,76.98630232100444,76.840223932773,76.69714711834678,76.55879161969736,76.42687717879635,76.3031235376153,76.18925043812584,76.08697762229956,75.99802483210803,75.92411180952286,75.86695829651563,75.82828403505793,75.80980876712138,75.81325223467753,75.84033417969802,75.89277434415439,75.97229247001827
66.72187244200317,66.65489175212677,66.60164661484903,66.56150803243612,66.53384700715416,66.51803454126929,66.51344163704762,66.51943929675531,66.53539852265847,66.56069031702324,66.59468568211575,66.63675562020214,66.68627113354854,66.74260322442107,66.80512289508587,66.87320114780908,66.94620898485682,67.02351740849522,67.10449742099043,67.18852002460856,67.27495622161577,67.36317701427815,67.45255340486187,67.54245639563305,67.63225698885782,67.7213261868023,67.80904401886299,67.8950887440758,67.97949803499955,68.06233096183534,68.14364659478429,68.22350400404748,68.30196225982604,68.37908043232108,68.45491759173368,68.52953280826496,68.60298515211603,68.675333693488,68.74663750258196,68.81695564959902,68.88634720474029,68.95487123820688,69.02258682019989,69.08955302092043,69.1558289105696,69.22147355934851,69.28654603745827,69.35110541509998,69.41521076247474,69.47892114978367,69.54229564722787,69.60539332500845,69.66827616889496,69.73102415749383,69.79372412639654,69.85646292469261,69.91932740147149,69.98240440582272,70.04578078683578,70.10954339360015,70.17377907520535,70.23857468074087,70.30401705929619,70.37019305996083,70.43718953182426,70.50509332397598,70.57399128550551,70.64397026550233,70.71511711305594,70.78751867725583,70.8612618071915,70.93643335195243,71.01312016062813,71.0914090823081,71.17138696608184,71.25314066103883,71.33675701626856,71.42232221665718,71.50986457837165,71.59931046236079,71.69057585139565,71.78357672824727,71.87822907568669,71.97444887648498,72.07215211341317,72.17125476924232,72.27167282674347,72.37332226868769,72.476119077846,72.57997923698946,72.68481872888913,72.79055353631604,72.89709964204124,73.0043730288358,73.11228967947075,73.22076557671714,73.32971670334604,73.43905904212846,73.54870857583548,73.65858128723814,73.76859315910747,73.87866017421455,73.98869831533041,74.09862289207774,74.2083426010697,74.31776238544415,74.42678714525752,74.53532178056615,74.64327119142645,74.75054027789479,74.85703394002755,74.96265707788115,75.06731459151193,75.1709113809763,75.27335234633064,75.37454238763134,75.47438640493478,75.57278929829734,75.66965596777541,75.76489131342538,75.85840023530362,75.95008763346652,76.03985840797048,76.12761745887187,76.21326968622708,76.29671999009248,76.37787327052449,76.45663442757946,76.53290835035506,76.60659436091872,76.67757717336278,76.74573913469591,76.81096259192671,76.87312989206383,76.9321233821159,76.98782540909156,77.04011831999945,77.08888446184821,77.13400618164644,77.17536582640282,77.21284574312597,77.2463282788245,77.27569578050708,77.30083059518233,77.3216150698589,77.33793155154538,77.34966238725046,77.35668992398276,77.35889650875089,77.35616448856351,77.34837621042924,77.33541402135673,77.31716026835461,77.29349729843152,77.26430558312228,77.22943409186277,77.18870565467277,77.14194231035657,77.08896609771845,77.02959905556268,76.96366322269355,76.89098063791535,76.81137334003235,76.72466336784882,76.63067276016905,76.52922355579732,76.42013779353792,76.30323751219512,76.1783447505732,76.04528154747645,75.90386994170915,75.75393197207556,75.59528967738,75.42776509642671,75.25118026802,75.06535723096412,74.87011802406339,74.66528468612206,74.45067925594442,74.22612377233476
67.16109006112927,67.12676461458376,67.09700853371369,67.07175835438845,67.05095061247751,67.03452184385029,67.0224085843762,67.0145473699247,67.01087473636521,67.01132721956718,67.01584135540001,67.02435367973317,67.03680072843606,67.05311903737814,67.07324514242882,67.09711557945754,67.12466688433373,67.15583559292685,67.19055824110629,67.2287713647415,67.27041149970192,67.31541518185698,67.36371894707611,67.41525933122873,67.4699728701843,67.52779609981222,67.58866403042713,67.65246127253236,67.71901169694847,67.78813555836604,67.85965311147561,67.93338461096778,68.00915031153313,68.08677046786222,68.16606533464564,68.24685516657395,68.32896021833774,68.41220074462758,68.49639700013405,68.58136923954773,68.66693771755918,68.75292268885899,68.83914440813773,68.92542313008596,69.01157910939429,69.09743260075328,69.18280385885349,69.26751313838551,69.35138069403992,69.4342267805073,69.5158716524782,69.59613556464322,69.67487142842837,69.7521336896502,69.82805359792891,69.9027625540734,69.9763919588925,70.04907321319506,70.12093771778991,70.19211687348592,70.26274208109193,70.33294474141677,70.40285625526931,70.47260802345839,70.54233144679284,70.61215792608154,70.68221886213331,70.75264565575701,70.82356970776148,70.89512241895558,70.96743519014812,71.040639422148,71.11486651576404,71.19024787180507,71.26691489107996,71.34499897439756,71.42463152256671,71.50594325122309,71.5890051802905,71.67378315561216,71.76023231720058,71.84830780506826,71.93796475922775,72.02915831969156,72.1218436264722,72.21597581958218,72.31151003903405,72.4084014248403,72.50660511701348,72.60607625556607,72.70676998051061,72.80864143185963,72.91164574962563,73.01573807382114,73.12087354445866,73.22700730155074,73.33409448510987,73.4420902351486,73.55094969167942,73.66062799471486,73.77108028426744,73.88226170034967,73.99412738297409,74.10662590592327,74.21964133633696,74.33302112805683,74.44661231468581,74.56026192982684,74.67381700708286,74.78712458005681,74.90003168235164,75.01238534757029,75.12403260931568,75.23482050119077,75.3445960567985,75.45320630974179,75.56049829362361,75.66631904204688,75.77051558861456,75.87293496692956,75.97342421059484,76.07183035321336,76.16800042838803,76.26178146972178,76.35302051081759,76.44156458527837,76.52726072670708,76.60995596870664,76.68949745936318,76.7657905042165,76.8388930148806,76.9088876313357,76.97585699356195,77.03988374153954,77.10105051524863,77.15943995466942,77.21513469978207,77.26821739056676,77.31877066700365,77.36687716907294,77.41261953675479,77.45608041002939,77.49734242887689,77.5364882332775,77.57360046321135,77.60876175865866,77.64205475959959,77.6735621060143,77.70336643788299,77.73155039518582,77.75819661790297,77.78338774601461,77.80720641950093,77.82973527834208,77.85103140220005,77.87072253726673,77.88808018279887,77.90236505479398,77.91283786924954,77.9187593421631,77.91939018953212,77.91399112735412,77.90182287162662,77.88214613834711,77.8542216435131,77.81731010312208,77.77067223317158,77.71356874965907,77.64526036858209,77.56500780593812,77.47207177772466,77.36571299993925,77.24519218857937,77.10977005964251,76.9587073291262,76.79126471302793,76.6067029273452,76.40428268807554,76.18326471121642,75.94290971276537
66.26955667128848,66.1762481556188,66.10065183220584,66.04192067661799,65.99920766442358,65.97166577119089,65.95844797248827,65.95870724388405,65.97159656094655,65.99626889924414,66.0318772343451,66.07757454181777,66.1325137972305,66.19584797615161,66.2667300541494,66.34431300679225,66.42774980964845,66.51619343828634,66.60879686827423,66.70471307518048,66.8030950345734,66.90309572202133,67.00386811309261,67.1045651833555,67.20433990837844,67.30234526372968,67.39774762770719,67.49015616508464,67.57971366783448,67.66659469736237,67.75097381507399,67.83302558237503,67.91292456067117,67.99084531136808,68.06696239587143,68.14145037558691,68.21448381192019,68.28623726627697,68.35688530006291,68.4266024746837,68.49556335154503,68.56394249205255,68.63191445761194,68.6996538096289,68.7673351095091,68.83513291865822,68.90322179848195,68.97177631038593,69.04097101577588,69.11098047605748,69.18197925263635,69.25414190691825,69.32761143659434,69.40233605032174,69.47818972357717,69.55504628570912,69.63277956606603,69.71126339399638,69.79037159884862,69.86997800997119,69.94995645671258,70.03018076842125,70.11052477444565,70.19086230413424,70.27106718683547,70.3510132518978,70.43057432866973,70.50962424649967,70.5880368347361,70.66568592272748,70.74244533982227,70.81818891536892,70.89279047871588,70.96612385921165,71.03806288620467,71.10848138904339,71.17725319707628,71.24425375667926,71.30949939774433,71.3732546638764,71.4358093647341,71.49745330997612,71.55847630926115,71.61916817224787,71.67981870859492,71.74071772796103,71.80215504000486,71.86442045438505,71.92780378076034,71.99259482878938,72.05908340813082,72.12755932844337,72.19831239938569,72.27163243061648,72.3478092317944,72.42713261257813,72.50989238262636,72.59637835159774,72.68688032915097,72.78168812494474,72.88109154863767,72.98538040988853,73.09484451835593,73.2097304862121,73.32986055352251,73.4548160911682,73.58417570539106,73.717518002433,73.85442158853593,73.99446506994175,74.1372270528924,74.28228614362976,74.42922094839571,74.57761007343223,74.72703212498115,74.87706570928441,75.02728943258396,75.17728190112163,75.32662172113939,75.47488749887913,75.62165784058271,75.7665113524921,75.90902664084919,76.04878231189588,76.18535697187409,76.31832922702571,76.44727768359266,76.57178094781682,76.69141779038682,76.80585052091232,76.91496065644733,77.018665234532,77.11688129270644,77.20952586851087,77.29651599948537,77.37776872317008,77.4532010771052,77.52273009883083,77.58627282588716,77.64374629581428,77.69506754615239,77.74015361444157,77.77892153822202,77.81128835503387,77.83717110241724,77.85648681791233,77.86915253905923,77.8750853033981,77.8742021484691,77.86642011181235,77.85165623096802,77.82982754347626,77.80085108687717,77.76464389871094,77.721149323448,77.67075257977851,77.61420553923361,77.55227117158066,77.48571244658694,77.41529233401985,77.34177380364673,77.26591982523487,77.18849336855169,77.11025740336444,77.03197489944051,76.95440882654725,76.87832215445201,76.80447785292208,76.73363889172484,76.66656824062761,76.60402886939775,76.54678374780258,76.49559584560947,76.45122813258575,76.41444357849875,76.3860051531158,76.3666758262043,76.3572185675315,76.35839634686482,76.37097213397158
68.40382123296727,68.09723734756427,67.82584984048869,67.58808495575806,67.38236893738994,67.20712802940187,67.0607884758114,66.94177652063611,66.84851840789351,66.77944038160116,66.73296868577663,66.70752956443744,66.70154926160116,66.71345402128533,66.74167008750752,66.78462370428524,66.84074111563608,66.90844856557756,66.98617229812724,67.07233855730269,67.16537358712142,67.26370363160102,67.36575493475901,67.46995374061295,67.57472629318039,67.67849883647888,67.77972058867266,67.87759976566099,67.972259294739,68.06387656043847,68.15262894729113,68.23869383982874,68.32224862258305,68.40347068008579,68.48253739686874,68.55962615746361,68.63491434640218,68.7085793482162,68.78079854743741,68.85174932859758,68.9216090762284,68.99055517486168,69.05876500902916,69.12641596326256,69.19368542209365,69.26075077005419,69.32778939167589,69.39497867149055,69.46249599402988,69.53051874382565,69.5992243054096,69.6687900633135,69.73936555851202,69.81092850113941,69.88339111740875,69.95666550462771,70.03066376010396,70.10529798114521,70.18048026505916,70.25612270915349,70.33213741073588,70.40843646711404,70.48493197559564,70.5615360334884,70.63816073809997,70.71471818673807,70.79112047671038,70.86727970532459,70.9431079698884,71.01851736770949,71.09341999609555,71.16772795235427,71.24135333379334,71.31420823772046,71.38620476144332,71.45725500226959,71.527271057507,71.59616633985958,71.66396886594252,71.7309085657178,71.79723592221612,71.86320141846818,71.9290555375047,71.99504876235638,72.06143157605389,72.12845446162798,72.19636790210932,72.26542238052862,72.33586837991659,72.40795638330391,72.48193687372131,72.55806033419947,72.63657724776911,72.71773809746092,72.80179336630562,72.88899353733387,72.97958909357642,73.07383051806396,73.17196829382718,73.27425290389677,73.38093483130346,73.49226455907794,73.60849257025092,73.72982312529345,73.8560063942507,73.98653481017527,74.12089784787598,74.2585849821616,74.39908568784094,74.54188943972278,74.68648571261592,74.83236398132917,74.97901372067129,75.12592440545112,75.27258551047741,75.41848651055898,75.56311688050464,75.70596609512313,75.8465236292233,75.98427895761392,76.11872155510379,76.2493408965017,76.37562645661644,76.49706771025681,76.61315413223163,76.72337519734964,76.82722038041969,76.92417915625053,77.01374162450695,77.09571531168403,77.17074067727853,77.23959314967573,77.30304815726083,77.36188112841911,77.4168674915358,77.46878267499616,77.51840210718545,77.56650121648889,77.61385543129175,77.66124017997926,77.70943089093669,77.75920299254928,77.81133191320227,77.86659308128091,77.92576192517046,77.98961387325616,78.05892435392327,78.13446879555701,78.21702262654266,78.30736127526545,78.40626017011063,78.51449473946346,78.63284041170917,78.76207261523302,78.90286160867109,79.05411112752905,79.21325910393364,79.3776991015236,79.54482468393778,79.71202941481496,79.87670685779395,80.03625057651357,80.18805413461257,80.32951109572977,80.458015023504,80.57095948157405,80.66573803357869,80.73974424315674,80.79037167394699,80.81501388958824,80.81106445371933,80.77591692997902,80.7069648820061,80.60160187343939,80.45722146791772,80.27121722907984,80.04098272056456,79.76391150601069,79.43739714905703,79.0588332133424
66.42521287492781,66.46037017987948,66.49667279807738,66.53411409419027,66.57268743288682,66.61238617883575,66.65320369670579,66.69513335116561,66.73816850688397,66.78230252852953,66.82752878077105,66.87384062827721,66.92123143571672,66.96969456775832,67.01922338907067,67.06981126432254,67.12145155818263,67.1741376353196,67.22786286040221,67.28262059809916,67.33840421307914,67.39520707001088,67.45302253356311,67.51184396840452,67.57166473920381,67.6324782106297,67.6942772549169,67.75703847574022,67.82071887060636,67.88527426977103,67.95066050349004,68.01683340201913,68.08374879561404,68.15136251453058,68.21963038902442,68.2885082493514,68.35795192576725,68.4279172485277,68.49836004788855,68.56923615410557,68.64050139743446,68.71211160813101,68.78402261645101,68.85619025265015,68.92857034698423,69.00111872970902,69.07379123108025,69.14654368135369,69.21933191078509,69.29211174963024,69.36483902814484,69.4374695765847,69.50996832683511,69.58235637963406,69.65467624140385,69.72697046070397,69.79928158609388,69.87165216613306,69.94412474938098,70.0167418843971,70.08954611974093,70.16258000397193,70.23588608564955,70.30950691333331,70.38348503558264,70.45786300095702,70.53268335801596,70.60798865531889,70.68382144142532,70.76022426489469,70.83723967428651,70.91491021816022,70.9932784450753,71.07238690359125,71.15227814226753,71.23299470966361,71.31457915433896,71.3970738454999,71.48050552620825,71.56487340881503,71.65017390327806,71.73640341955516,71.82355836760416,71.91163515738288,72.00063019884911,72.09053990196071,72.18136067667548,72.27308893295125,72.36572108074584,72.45925353001708,72.55368269072277,72.64900497282075,72.74521678626883,72.84231454102483,72.94029464704658,73.03915351429188,73.13888755271859,73.2394931722845,73.34096678294743,73.44330479466522,73.54650361739567,73.65055966109662,73.75546933572588,73.86122197489203,73.96773739414873,74.07489595132625,74.18257755136854,74.2906620992195,74.3990294998231,74.50755965812324,74.6161324790639,74.72462786758896,74.83292572864238,74.9409059671681,75.04844848811004,75.15543319641213,75.26173999701832,75.36724879487254,75.47183949491871,75.57539200210077,75.67778622136265,75.7789020576483,75.87861941590161,75.97681820106656,76.07337831808708,76.16817967190707,76.2611021674705,76.35202570972127,76.44083016332647,76.52737493230177,76.61146573159147,76.69289957633532,76.77147348167313,76.84698446274463,76.91922953468962,76.98800571264785,77.05311001175909,77.11433944716312,77.1714910339997,77.22436178740858,77.2727487225296,77.31644885450245,77.35525919846697,77.38897676956284,77.41739858292993,77.44032165370794,77.45754299703665,77.46885962805587,77.47406856190534,77.47296681372481,77.4653513986541,77.4510193318329,77.42976762840107,77.40139330349834,77.36575447703757,77.32373563816739,77.27707292381155,77.22752824946997,77.17686353064256,77.12684068282924,77.07922162152991,77.03576826224447,76.99824252047287,76.96840631171499,76.94802155147073,76.93885015524005,76.94265403852282,76.96119511681897,76.9962353056284,77.04953652045103,77.12286067678677,77.21796969013553,77.33662547599724,77.48058994987178,77.65162502725909,77.85149262365906,78.0819546545716,78.34477303549664,78.64170968193412,78.97452650938385
67.21692850178134,67.16930155719012,67.1290728317205,67.09600792889059,67.06987245221846,67.0504320052222,67.03745219141992,67.0306986143297,67.02993687746961,67.03493258435775,67.04545133851222,67.0612587434511,67.0821204026925,67.10780191975446,67.13806889815513,67.17268694141255,67.21142165304482,67.25403863657006,67.30030349550633,67.34998183337171,67.4028392536843,67.45864135996221,67.51715375572351,67.57814204448628,67.64137182976863,67.70660871508865,67.7736200515497,67.8422309252951,67.91233600225286,67.98383409077537,68.05662399921505,68.13060453592425,68.20567450925537,68.28173272756082,68.35867799919299,68.43640913250427,68.51482493584705,68.5938242175737,68.67330578603665,68.75316844958827,68.83331101658096,68.91363229536712,68.99403109429913,69.07440622172938,69.15465648601028,69.2346806954942,69.31437765853354,69.39364618348071,69.47238507868808,69.55049315250805,69.62786921329302,69.70441206939537,69.7800375603195,69.8547666298551,69.92866027653824,70.00177957775293,70.07418561088313,70.14593945331286,70.21710218242612,70.28773487560687,70.35789861023916,70.42765446370694,70.49706351339422,70.566186836685,70.63508551096328,70.70382061361303,70.77245322201829,70.841044413563,70.90965526563119,70.97834685560686,71.04718026087397,71.11621655881656,71.18551682681858,71.25514214226408,71.325153582537,71.39561222502137,71.46657914710117,71.53811560966753,71.61029886166942,71.6832343203989,71.75703027044669,71.8317949964036,71.9076367828604,71.98466391440783,72.0629846756367,72.14270735113777,72.2239402255018,72.3067915833196,72.3913697091819,72.4777828876795,72.56613940340316,72.65654754094365,72.74911558489174,72.84395181983822,72.94116453037387,73.04086200108942,73.14315251657568,73.24814436142343,73.35594582022341,73.4666651775664,73.58041071804318,73.69729072624455,73.81741348676123,73.9408609714091,74.06745665530298,74.1968772935247,74.32879795713846,74.46289371720849,74.59883964479899,74.73631081097416,74.87498228679823,75.01452914333538,75.15462645164988,75.29494928280587,75.43517270786762,75.57497179789931,75.71402162396518,75.8519972571294,75.9885737684562,76.12342622900982,76.25622970985441,76.38665928205424,76.5143900166735,76.63909698477639,76.76045525742714,76.87813990568992,76.991826000629,77.10118861330858,77.20590283808934,77.3056556039601,77.40016489415999,77.48915372397471,77.57234510868997,77.64946206359156,77.72022760396513,77.78436474509641,77.84159650227113,77.89164589077501,77.93423592589377,77.96908962291312,77.9959299971188,78.01448006379647,78.0244628382319,78.0256013357108,78.01761857151888,78.00023756094186,77.97318131926548,77.93617286177542,77.88893520375743,77.8311913604972,77.76266434728046,77.68307717939294,77.59215287212035,77.48961444074843,77.37526801448183,77.25031577663324,77.1171183107611,76.97807126410851,76.83557028391849,76.69201101743406,76.54978911189835,76.41130021455433,76.27893997264513,76.15510403341372,76.04218804410323,75.94258765195667,75.85869850421707,75.79291624812754,75.74763653093109,75.72525499987077,75.72816730218966,75.75876908513078,75.8194559959372,75.91262368185198,76.04066779011816,76.2059839679788,76.41096786267693,76.6580151214556,76.94952139155791,77.28788232022686
66.8575120607108,66.69553347325939,66.55724459064592,66.4415745478599,66.34745247989079,66.2738075217281,66.2195688083613,66.18366547477987,66.1650266559733,66.16258148693109,66.17525910264268,66.20198863809759,66.2416992282853,66.29332000819527,66.355780112817,66.42800867713999,66.50893483615368,66.5974877248476,66.69259647821121,66.793190231234,66.89819811890543,67.00654927621501,67.11717283815223,67.22899793970655,67.34095371586746,67.45196930162446,67.56098904523441,67.6674598962327,67.77143451757888,67.87300163331082,67.97224996746634,68.06926824408332,68.16414518719957,68.25696952085296,68.34782996908132,68.43681525592251,68.52401410541437,68.60951524159474,68.69340738850146,68.7757792701724,68.85671961064538,68.93631713395827,69.0146605641489,69.09183862525512,69.16794004131476,69.24305353636571,69.31726783444577,69.3906716595928,69.46335373584466,69.53540278723918,69.60690753781421,69.67795671160759,69.7486357217018,69.81900954829275,69.88913538469984,69.95907040891393,70.02887179892592,70.09859673272672,70.1683023883072,70.23804594365826,70.3078845767708,70.37787546563571,70.44807578824387,70.51854272258619,70.58933344665354,70.66050513843683,70.73211497592696,70.8042201371148,70.87687779999123,70.95014514254719,71.02407934277352,71.09873757866116,71.17417702820096,71.25045486938384,71.32762828020068,71.40575443864238,71.48489052269981,71.56509325667439,71.6463798371695,71.72869781944978,71.81198766988136,71.89618985483038,71.98124484066298,72.06709309374529,72.15367508044345,72.24093126712359,72.32880212015185,72.41722810589438,72.50614969071731,72.59550734098676,72.68524152306888,72.77529270332981,72.8656013481357,72.95610792385264,73.04675289684683,73.13747673348435,73.22821990013136,73.318922863154,73.40952608891841,73.49997004379073,73.59019519413707,73.68014200632359,73.76975094671641,73.85896568300502,73.94776133267929,74.03613086380798,74.12406744934458,74.21156426224252,74.29861447545528,74.38521126193635,74.47134779463916,74.5570172465172,74.64221279052391,74.7269275996128,74.8111548467373,74.89488770485086,74.978119346907,75.06084294585914,75.14305167466075,75.22473870626533,75.30589721362631,75.38652036969717,75.46660134743136,75.54613331978238,75.62510945970367,75.70352294014869,75.78136693407092,75.85863461442382,75.93531901513006,76.01134254247094,76.08644227468442,76.16032525935783,76.23269854407849,76.30326917643373,76.37174420401084,76.43783067439716,76.50123563518001,76.56166613394669,76.61882921828455,76.67243193578086,76.72218133402298,76.76778446059821,76.80894836309386,76.84538008909728,76.87678668619576,76.90287520197663,76.9233526840272,76.93792617993479,76.94630273728671,76.94818940367031,76.94329322667288,76.93132125388173,76.91198053288421,76.88497811126763,76.85007904520857,76.80802275390701,76.76035715127617,76.70865462360291,76.65448755717408,76.59942833827654,76.54504935319714,76.49292298822273,76.44462162964017,76.4017176637363,76.36578347679799,76.33839145511209,76.32111398496544,76.31552345264491,76.32319224443734,76.34569274662958,76.3845973455085,76.44147842736095,76.51790837847376,76.61545958513382,76.73570443362796,76.88021531024303,77.05056460126589,77.2483246929834,77.4750679716824,77.73236682364977
66.79748987219426,66.76670658336143,66.7417023612829,66.72234208796084,66.70849064539732,66.70001291559451,66.69677378055451,66.69863812227945,66.70547082277146,66.71713676403263,66.73350082806513,66.75442789687105,66.77978285245251,66.80943057681166,66.8432359519506,66.88106385987146,66.92277918257638,66.96824680206745,67.01733160034681,67.06989845941658,67.1258122612789,67.18493788793586,67.2471402213896,67.31228414364226,67.38023453669594,67.45085628255276,67.52401386823809,67.59955873191447,67.67732658581694,67.75715220593918,67.83887036827491,67.92231584881785,68.00732342356167,68.09372786850011,68.18136395962688,68.27006647293567,68.35967018442021,68.45000987007418,68.54092030589132,68.63223626786532,68.72379253198989,68.81542387425874,68.90696507066559,68.99825089720412,69.08911612986807,69.17939554465113,69.26892391754703,69.35753602454946,69.44506664165212,69.53135054484873,69.61622251013301,69.69951731349866,69.78109891200222,69.86101134768529,69.93936729212612,70.0162795520005,70.09186093398421,70.16622424475302,70.23948229098272,70.3117478793491,70.3831338165279,70.45375290919495,70.52371796402598,70.5931417876968,70.66213718688317,70.73081696826091,70.79929393850574,70.8676809042935,70.93609067229991,71.0046360492008,71.07342984167192,71.14258485638905,71.21221390002799,71.2824297792645,71.35334530077438,71.42507327123337,71.49772649731727,71.57141729057463,71.64621482459037,71.72211227091336,71.7990950647288,71.87714864122192,71.95625843557792,72.03640988298204,72.11758841861946,72.19977947767542,72.28296849533513,72.36714090678382,72.45228214720666,72.5383776517889,72.62541285571577,72.71337319417245,72.80224410234418,72.89201101541616,72.98265936857361,73.07417459700174,73.16654213588579,73.25974742041096,73.35377588576245,73.4486129671255,73.5442440996853,73.64065471862708,73.73783025913606,73.83575534616749,73.93440664497743,74.03375630297968,74.13377641573331,74.23443907879738,74.33571638773098,74.43758043809316,74.540003325443,74.64295714533957,74.74641399334193,74.85034596500917,74.95472515590035,75.05952366157453,75.1647135775908,75.27026699950822,75.37615602288587,75.4823527432828,75.5888292562581,75.69555765737083,75.80251004218006,75.90965850624487,76.01697514512432,76.12443205437748,76.23200132956343,76.33965506624124,76.44736517100432,76.55500755589067,76.66220624171324,76.76854443270234,76.8736053330883,76.97697214710145,77.07822807897212,77.1769563329306,77.27274011320726,77.3651626240324,77.45380706963634,77.53825665424941,77.61809458210193,77.69290405742424,77.76226828444665,77.8257704673995,77.88299381051307,77.93352151801774,77.9769367941438,78.01282284312158,78.0407628691814,78.06034007655362,78.07113766946851,78.07273885215642,78.06472682884768,78.04668480377262,78.01824728554867,77.9799105361708,77.93288587252958,77.87840625555388,77.81770464617259,77.75201400531454,77.68256729390863,77.61059747288375,77.53733750316874,77.46402034569249,77.39187896138387,77.32214631117176,77.25605535598501,77.19483905675253,77.13973037440316,77.09196226986579,77.0527677040693,77.02337963794254,77.0050310324144,76.99895484841375,77.00638404686944,77.02855158871039,77.06669043486544,77.12203354626347,77.19581388383335,77.28926440850397
67.14713818102085,67.04163382227487,66.95048596900311,66.87309085713432,66.8088447225972,66.75714380132047,66.71738432923289,66.68896254226314,66.67127467633998,66.66371696739212,66.6656856513483,66.67657696413723,66.69578714168765,66.72271241992827,66.75674903478782,66.79729322219504,66.84374121807863,66.89548925836733,66.95193357898988,67.01247041587499,67.07649600495137,67.14340658214778,67.21259838339292,67.28346764461553,67.35541060174432,67.42782767790789,67.50035580739147,67.57299029388236,67.64575632711046,67.71867909680579,67.79178379269824,67.86509560451782,67.93863972199446,68.01244133485812,68.08652563283877,68.16091780566634,68.23564304307082,68.31072653478213,68.38619347053026,68.46206904004515,68.53837843305675,68.61514683929502,68.69239944848994,68.77016145037143,68.84845803466948,68.92731439111401,69.00675570943501,69.08680717936242,69.1674939906262,69.2488413329563,69.33086944452874,69.41354441449714,69.49679895224621,69.5805652767023,69.66477560679172,69.74936216144081,69.83425715957587,69.91939282012324,70.00470136200921,70.09011500416014,70.17556596550234,70.26098646496213,70.34630872146583,70.43146495393977,70.51638738131027,70.60100822250364,70.68525969644621,70.76907402206432,70.85238341828426,70.93512010403238,71.01721629823497,71.0986042198184,71.17921608770895,71.25898412083298,71.33784053873444,71.41575768577303,71.49285658923154,71.56929270755805,71.64522149920063,71.72079842260733,71.79617893622623,71.8715184985054,71.94697256789289,72.02269660283679,72.09884606178515,72.17557640318604,72.25304308548753,72.3314015671377,72.4108073065846,72.4914157622763,72.57338239266086,72.65686265618638,72.74201201130089,72.82898591645247,72.91793983008918,73.0090292106591,73.10240951661028,73.19823620639082,73.29666473844875,73.39784691871708,73.50176079875229,73.60813840140423,73.7166930917592,73.82713823490349,73.93918719592338,74.05255333990516,74.16695003193514,74.2820906370996,74.39768852048483,74.51345704717714,74.6291095822628,74.7443594908281,74.85892013795936,74.97250488874283,75.08482710826485,75.19560016161167,75.3045374138696,75.41135223012493,75.51575797546396,75.61746801497297,75.71619571373826,75.81165443684613,75.90355754938282,75.99161841643469,76.07558280232166,76.1555204239977,76.23168742907556,76.30434219933122,76.37374311654065,76.44014856247985,76.50381691892478,76.56500656765144,76.6239758904358,76.68098326905384,76.73628708528156,76.79014572089493,76.84281755766992,76.89456097738253,76.94563436180873,76.9962960927245,77.04680455190584,77.09741812112873,77.14839518216912,77.19999411680303,77.25247330680641,77.30609113395528,77.36110598002558,77.41777622679331,77.4763602250555,77.53684563714795,77.59829064678657,77.65955409253412,77.71949481295337,77.7769716466071,77.83084343205803,77.87996900786897,77.92320721260263,77.95941688482182,77.98745686308926,78.00618598596775,78.01446309202002,78.01114701980886,77.99509660789701,77.96517069484725,77.92022811922232,77.85912771958499,77.78072833449802,77.6838888025242,77.56746796222625,77.43032465216696,77.27131771090907,77.08930597701537,76.8831482890486,76.65371984881214,76.41954557624143,76.18537130367072,75.9511970311,75.7170227585293,75.48284848595857,75.24867421338786
66.68789811945007,66.6905650071894,66.69806865718164,66.7102011804053,66.72675468783893,66.74752129046101,66.77229309925008,66.80086222518463,66.8330207792432,66.86856087240429,66.90727461564641,66.9489541199481,66.99339149628786,67.0403788556442,67.08970830899565,67.1411719673207,67.1945619415979,67.24967034280573,67.30628928192274,67.36421086992743,67.42322721779831,67.4831304365139,67.54371263705272,67.60476593039328,67.6660824275141,67.72745423939368,67.78867719523417,67.84966996332918,67.91049925235723,67.97124058456393,68.03196948219491,68.09276146749579,68.15369206271218,68.21483679008972,68.276271171874,68.33807073031065,68.4003109876453,68.46306746612353,68.52641568799103,68.59043117549336,68.65518945087618,68.72076603638507,68.78723645426567,68.85467622676362,68.92316087612448,68.99276592459393,69.06356689441756,69.13563930784099,69.20905868710986,69.28390055446974,69.36024043216631,69.43815384244516,69.51769338622731,69.59877021014833,69.68124155328402,69.76496454859307,69.84979632903406,69.93559402756557,70.0222147771463,70.1095157107348,70.19735396128968,70.28558666176963,70.37407094513321,70.46266394433903,70.55122279234573,70.63960462211193,70.72766656659621,70.81526575875725,70.90225933155361,70.98850441794394,71.07385815088682,71.15817766334092,71.24132008826481,71.32314255861715,71.40350220735652,71.48225616744153,71.55926157183086,71.63437686786114,71.70757501806133,71.7790307419991,71.84893929639989,71.91749593798929,71.98489592349273,72.05133450963572,72.11700695314383,72.1821085107425,72.24683443915725,72.31137999511361,72.37594043533707,72.44071101655311,72.50588699548729,72.57166362886505,72.63823617341194,72.70579988585345,72.77455002291507,72.84468184132234,72.91639059780073,72.98987154907576,73.06531995187294,73.14293106291777,73.22290013893576,73.3054224366524,73.39069321279322,73.4788797787674,73.56987491119722,73.66341556362127,73.75923690107805,73.85707408860594,73.95666229124339,74.05773667402883,74.1600324020007,74.26328464019741,74.36722855365741,74.47159930741915,74.57613206652101,74.68056199600144,74.78462426089891,74.88805402625181,74.99058645709857,75.09195671847766,75.19189997542745,75.29015139298644,75.386446136193,75.4805193700856,75.57210625970265,75.6609419700826,75.7467616662639,75.82930051328492,75.90829391548763,75.98359884339814,76.05539125912412,76.12389881433194,76.1893491606879,76.2519699498583,76.31198883350947,76.36963346330774,76.42513149091943,76.47871056801088,76.53059834624835,76.58102247729823,76.6302106128268,76.67839040450042,76.72578950398534,76.77263556294795,76.81915623305454,76.86557916597144,76.91213201336498,76.95904242690145,77.0065380582472,77.05484655906855,77.1041955810318,77.15481277580326,77.2069257950493,77.26076229043622,77.31653497012366,77.37420553805785,77.43352742306092,77.49424774966315,77.55611364239473,77.61887222578599,77.68227062436713,77.74605596266844,77.80997536522017,77.87377595655258,77.93720486119591,78.0000092036804,78.06193610853637,78.12273270029402,78.18214610348363,78.23992344263547,78.29581184227976,78.34955842694677,78.40091032116675,78.44961464946996,78.4954185363867,78.53806910644715,78.57731348418164,78.61289879412035,78.64457216079362,78.67208070873164
67.44108340546438,67.33289164165079,67.23866518988937,67.15783003192476,67.08981214950153,67.03403752436431,66.98993213825771,66.95692197292634,66.93443301011479,66.92189123156768,66.91872261902962,66.92435315424522,66.9382088189591,66.95971559491583,66.98829946386006,67.02338640753638,67.06440240768939,67.1107734460637,67.16192550440394,67.2172845644547,67.27627660796058,67.33832761666622,67.40286357231619,67.46931045665514,67.53709425142765,67.60564093837831,67.67438443216318,67.74302072732601,67.81156166580898,67.8800378934924,67.94848005625657,68.01691879998181,68.08538477054843,68.1539086138367,68.22252097572698,68.29125250209955,68.36013383883474,68.42919563181282,68.49846852691412,68.56798317001895,68.63777020700762,68.70786028376043,68.77828404615768,68.84907214007968,68.92025521140677,68.99186390601922,69.06392886979734,69.13648074862145,69.20955018837186,69.28316783492888,69.3573643341728,69.43217033198394,69.50761027640915,69.58367036682856,69.66032222623618,69.73753744893239,69.81528762921752,69.89354436139195,69.97227923975599,70.05146385861003,70.13106981225441,70.21106869498949,70.2914321011156,70.37213162493313,70.4531388607424,70.53442540284377,70.6159628455376,70.69772278312422,70.77967680990402,70.86179652017732,70.9440535082445,71.02641936840588,71.10886569496185,71.19136408221273,71.2738861244589,71.35640341600069,71.43888755113845,71.5213103190045,71.60366048346431,71.68595671508689,71.7682207286904,71.85047423909295,71.93273896111269,72.0150366095678,72.09738889927638,72.1798175450566,72.2623442617266,72.34499076410451,72.42777876700849,72.51072998525669,72.59386613366722,72.67720892705826,72.76078008024793,72.84460130805438,72.92869432529577,73.01308084679022,73.09778258735588,73.1828212618109,73.26821858497343,73.3539962716616,73.44017603669356,73.52677959488744,73.61382866106142,73.70134918645584,73.78940874092322,73.87809851660644,73.96750997677945,74.05773458471616,74.14886380369049,74.24098909697638,74.33420192784774,74.42859375957853,74.52425605544265,74.62128027871404,74.7197578926666,74.8197803605743,74.92143914571103,75.02482571135073,75.13003152076733,75.23714803723475,75.34626672402692,75.45747904441777,75.57087646168121,75.68655043909119,75.80459243992163,75.92509392744645,76.04814636493958,76.17384121567494,76.30226945256388,76.43327294432162,76.56603990632988,76.69965263565082,76.83319342934652,76.96574458447917,77.09638839811085,77.22420716730369,77.34828318911985,77.46769876062143,77.58153617887056,77.6888777409294,77.78880574386004,77.88040248472461,77.96275026058527,78.03493136850412,78.0960281055433,78.14512276876494,78.18129765523115,78.20363506200408,78.21121728614584,78.20312662471858,78.17844537478442,78.13625583340546,78.07564029764387,77.99568106456177,77.89555822370976,77.77609447284365,77.63947549252767,77.4879282195321,77.3236795906272,77.14895654258326,76.9659860121706,76.77699493615948,76.58421025132021,76.38985889442306,76.19616780223829,76.00536391153624,75.81967415908716,75.64132548166135,75.4725448160291,75.31555909896068,75.1725952672264,75.04588025759652,74.93764100684135,74.85010445173117,74.78549752903625,74.74604717552691,74.7339803279734,74.75152392314604,74.80090489781509,74.88435018875084
67.55340961262684,67.38140671345366,67.23225964790485,67.10493495710799,66.99839918219064,66.91161886428036,66.8435605445047,66.79319076399125,66.75947606386757,66.7413829852612,66.73787806929971,66.74792785711068,66.77049888982167,66.80455770856022,66.84907085445394,66.90300486863035,66.96532629221703,67.03500166634154,67.11099753213145,67.19228043071433,67.27781690321771,67.3665734907692,67.45751673449632,67.54961317552667,67.6418293549878,67.73313181400727,67.8225024114337,67.90942905823366,67.99400953760103,68.07637794140186,68.1566683615022,68.23501488976805,68.3115516180655,68.38641263826054,68.4597320422192,68.53164392180756,68.60228236889164,68.67178147533745,68.74027533301106,68.80789803377849,68.87478366950579,68.94106633205898,69.0068801133041,69.0723591051072,69.1376373993343,69.20284908785143,69.26812826252467,69.33360901522,69.3994254378035,69.46571162214119,69.53260166009909,69.60022964354326,69.66870880351071,69.73802363268166,69.80810956215694,69.87890192645953,69.95033606011236,70.02234729763838,70.09487097356053,70.16784242240176,70.24119697868502,70.31486997693325,70.38879675166942,70.46291263741644,70.53715296869728,70.61145308003488,70.68574830595219,70.75997398097215,70.83406543961772,70.90795801641183,70.98158704587743,71.0548878625375,71.12779580091492,71.20024619553271,71.27217438091377,71.34351569158105,71.41420546205751,71.484180033124,71.55346341578127,71.62223408161827,71.69068622500379,71.75901404030654,71.82741172189532,71.89607346413882,71.96519346140582,72.03496590806505,72.10558499848527,72.17724492703522,72.25013988808365,72.32446407599929,72.40041168515091,72.47817690990723,72.55795394463703,72.63993698370903,72.72432022149201,72.81129785235466,72.90106407066577,72.99381307079406,73.08973904710831,73.18903619397724,73.2918987057696,73.39852077685416,73.50909660159962,73.6237810486441,73.7423426506476,73.86433065999594,73.98929181222815,74.11677284288328,74.24632048750041,74.37748148161856,74.50980256077679,74.64283046051418,74.77611191636973,74.90919366388252,75.04162243859159,75.17294497603598,75.30270801175479,75.43045828128703,75.55574252017175,75.67810746394801,75.79709984815486,75.91226640833136,76.02315388001654,76.12930899874945,76.23027850006915,76.3256091195147,76.41484759262516,76.49754065493954,76.5732354165198,76.64166924503968,76.70307874714285,76.75778142641025,76.80609478642285,76.84833633076161,76.88482356300744,76.91587398674136,76.94180510554432,76.96293442299722,76.97957944268109,76.99205766817684,77.00068660306545,77.00578375092786,77.00766661534507,77.00665269989798,77.00305950816758,76.99720454373485,76.9894053101807,76.97997931108611,76.96924405003205,76.95751703059946,76.94511575636932,76.93235773092255,76.91956045784016,76.90704144070307,76.89510032181758,76.88373672989266,76.872701352122,76.86173734047401,76.85058784691714,76.83899602341987,76.8267050219506,76.81345799447783,76.79899809296995,76.78306846939546,76.76541227572278,76.74577266392035,76.72389278595662,76.69951579380006,76.6723848394191,76.64224307478219,76.60883365185776,76.57189972261429,76.5311844390202,76.48643095304396,76.43738241665397,76.38378198181874,76.3253728005067,76.26189802468625,76.1931008063259,76.11872429739404
67.90308033503229,67.75730536887463,67.62733426477809,67.51255213844568,67.41234410558049,67.32609528188553,67.25319078306386,67.19301572481854,67.14495522285257,67.10839439286904,67.08271835057099,67.06731221166145,67.06156109184346,67.06485010682009,67.07656437229436,67.09608900396933,67.12280911754803,67.15610982873352,67.19537625322884,67.23999350673705,67.28934670496116,67.34282096360425,67.39980139836935,67.45967312495951,67.52182125907777,67.58563091642718,67.65049503710812,67.71606505612544,67.7823039354149,67.84919318363185,67.91671430943161,67.98484882146954,68.05357822840098,68.12288403888127,68.19274776156576,68.26315090510977,68.33407497816866,68.40550148939778,68.47741194745244,68.54978786098802,68.62261073865984,68.69586208912327,68.76952342103363,68.84357624304624,68.91800206381649,68.99278239199968,69.0678987362512,69.14333260522635,69.2190655075805,69.29507895196896,69.37135444704711,69.44787350147027,69.5246158630168,69.60155041257137,69.67864188969685,69.7558550258039,69.83315455230316,69.91050520060529,69.98787170212093,70.06521878826076,70.14251119043541,70.21971364005556,70.29679086853184,70.37370760727491,70.45042858769544,70.52691854120405,70.60314219921143,70.6790642931282,70.75464955436506,70.8298627143326,70.90466850444153,70.97903165610249,71.05291690072612,71.12628896972308,71.19911259450402,71.27135250647959,71.34297343706046,71.41394109690253,71.48430651340395,71.55427102810849,71.62405128326692,71.69386392113002,71.76392558394856,71.83445291397331,71.90566255345504,71.97777114464454,72.05099532979254,72.12555175114987,72.20165705096727,72.2795278714955,72.35938085498536,72.44143264368762,72.52589987985304,72.61299920573241,72.70294726357648,72.79596069563601,72.89225614416182,72.99205025140466,73.09555965961529,73.2030010110445,73.31459094794306,73.43054611256173,73.5510831471513,73.67637356031602,73.80614546771682,73.93987531980166,74.07703667846513,74.21710310560185,74.3595481631064,74.50384541287337,74.64946841679736,74.79589073677296,74.94258593469476,75.08902757245737,75.23468921195537,75.37904441508336,75.52156674373595,75.66172975980768,75.7990070251932,75.9328721017871,76.06279855148395,76.18825993617835,76.30872981776491,76.4236817581382,76.53258931919284,76.6349260628234,76.7301655509245,76.8177813453907,76.89724747313304,76.9682741893966,77.03119161629535,77.0864303194869,77.13442086462882,77.17559381737875,77.21037974339426,77.23920920833292,77.26251277785238,77.28072101761022,77.29426449326401,77.30357377047139,77.30907941488992,77.31121199217722,77.31040206799088,77.3070802079885,77.30167697782768,77.29462294316602,77.28634866966111,77.27728472297053,77.26786166875192,77.25851007266284,77.2496605003609,77.2417435175037,77.23518968974885,77.23042958275393,77.22785794763487,77.22726796312841,77.22795364279698,77.22919389094328,77.23026761187002,77.23045370987991,77.22903108927564,77.22527865435993,77.21847530943545,77.20789995880494,77.19283150677109,77.1725488576366,77.14633091570416,77.1134565852765,77.0732047706563,77.0248543761463,76.96768430604914,76.90097346466757,76.8240007563043,76.73604508526199,76.63638535584339,76.52430047235116,76.39906933908803,76.2599708603567,76.10628394045986,75.93728748370023
66.99220928554178,66.92877673157848,66.87540783089607,66.83171145983765,66.79729649474632,66.77177181196517,66.75474628783728,66.74582879870576,66.74462822091368,66.75075343080417,66.76381330472029,66.78341671900515,66.80917255000182,66.84068967405344,66.87757696750305,66.91944330669378,66.96589756796871,67.01654862767093,67.07100536214354,67.12887664772963,67.18977136077228,67.25329837761461,67.3190665745997,67.38668482807064,67.45576201437053,67.52590700984246,67.59673356585304,67.6680164901018,67.73972468844732,67.81183862235949,67.8843387533082,67.95720554276333,68.0304194521948,68.1039609430725,68.17781047686631,68.25194851504615,68.32635551908189,68.40101195044345,68.4758982706007,68.55099494102353,68.62628242318188,68.7017411785456,68.77735166858461,68.8530943547688,68.92894969856806,69.00489816145229,69.08092020489137,69.15699629035522,69.23310687931372,69.30923243323677,69.38535341359426,69.46145028185609,69.53750957411204,69.613555314731,69.6896258146879,69.7657594130809,69.84199444900815,69.91836926156783,69.99492218985806,70.07169157297703,70.14871575002289,70.22603306009378,70.30368184228789,70.38170043570334,70.46012717943832,70.53900041259097,70.61835847425944,70.69823970354192,70.77868243953652,70.85972502134145,70.94140578805482,71.02376307877482,71.10683523259961,71.19066058862732,71.27527748595612,71.36072426368418,71.44703926090965,71.53426042538702,71.62239160905541,71.71137659260378,71.80115304197659,71.89165862311829,71.98283100197337,72.07460784448625,72.16692681660142,72.2597255842633,72.35294181341638,72.44651317000512,72.54037731997397,72.63447192926738,72.72873466382983,72.82310318960575,72.91751517253962,73.0119082785759,73.10622017365904,73.2003885237335,73.29435099474374,73.38804525263421,73.4814089633494,73.57437979283372,73.66689540703166,73.75889347188767,73.85031165334622,73.94109847118436,74.03130907323045,74.12105912828339,74.21046499978738,74.29964305118656,74.38870964592513,74.47778114744729,74.56697391919718,74.65640432461899,74.7461887271569,74.8364434902551,74.92728497735776,75.01882955190905,75.11119357735316,75.20449341713426,75.29884543469652,75.39436599348414,75.49117145694127,75.58937818851213,75.68910255164086,75.79046090977164,75.89356962634868,75.99854506481611,76.10550358861816,76.21456156119896,76.32583495879264,76.43924305490665,76.55418897199623,76.6699921951368,76.78597220940372,76.90144849987244,77.01574055161835,77.12816784971685,77.23804987924335,77.34470612527325,77.44745607288195,77.54561920714488,77.63851501313742,77.72546297593499,77.80578258061298,77.87879331224681,77.9438146559119,78.00016609668361,78.04716711963738,78.0841372098486,78.1103958523927,78.12526253234506,78.12805673478108,78.11809794477618,78.09470564740577,78.05719932774525,78.00496662820106,77.93854002134935,77.85940192256756,77.76906350110715,77.66903592621962,77.56083036715643,77.44595799316903,77.32592997350892,77.20225747742757,77.07645167417644,76.950023733007,76.82448482317072,76.70134611391909,76.58211877450356,76.46831397417562,76.36144288218672,76.26301666778835,76.17454650023197,76.09754354876907,76.03351898265109,75.98398397112952,75.95044968345584,75.93442728888151,75.937427956658,75.96096285603679,76.00654315626933
66.73430907422805,66.71347863206665,66.70055428279504,66.69519997453708,66.69707965541659,66.7058572735574,66.72119677708335,66.74276211411825,66.77021723278595,66.80322608121028,66.84145260751507,66.88456075982414,66.93221448626133,66.98407773495046,67.03981445401539,67.09908859157993,67.16156409576791,67.22690491470316,67.29477499650952,67.36483828931081,67.43675874123086,67.51020030039354,67.58482691492263,67.66030253294198,67.73629110257542,67.81245657194678,67.88846732979638,67.96413846967565,68.03946188745877,68.11444000492577,68.18907524385656,68.26337002603114,68.33732677322945,68.41094790723143,68.48423584981708,68.55719302276634,68.62982184785918,68.70212474687554,68.77410414159542,68.84576245379876,68.9171021052655,68.98812551777563,69.0588351131091,69.12923331304586,69.19932253936591,69.26910521384917,69.3385837582756,69.40776059442521,69.47663814407791,69.54521882901368,69.61350507101247,69.68149929185427,69.74920849178532,69.81666792612418,69.88392361806382,69.9510216119939,70.01800795230399,70.08492868338374,70.15182984962271,70.21875749541059,70.28575766513693,70.35287640319137,70.42015975396353,70.487653761843,70.55540447121945,70.62345792648242,70.69186017202156,70.76065725222648,70.82989521148681,70.89962009419213,70.96987794473209,71.04071480749629,71.11217672687434,71.18430974725584,71.25715991303042,71.3307732685877,71.40519585831728,71.48047365411125,71.55664631151188,71.6337423576864,71.71178918702765,71.79081419392848,71.87084477278175,71.9519083179803,72.03403222391697,72.11724388498462,72.20157069557612,72.2870400500843,72.373679342902,72.46151596842208,72.5505773210374,72.64089079514079,72.73248378512513,72.82538368538324,72.91961789030799,73.01521379429224,73.11219879172879,73.21060027701054,73.31044564453032,73.41176228868099,73.51457760385539,73.61891898444637,73.72481382484679,73.83227884181636,73.94122585504695,74.05150714574808,74.16297431176076,74.27547895092604,74.38887266108489,74.50300704007833,74.61773368574737,74.73290419593303,74.84837016847632,74.96398320121827,75.07959489199986,75.19505683866211,75.31022063904605,75.42493789099267,75.53906019234299,75.65243914093803,75.76492633461879,75.8763733712263,75.98663184860152,76.09555336458553,76.20298951701932,76.30879190374387,76.41281212260023,76.5149017714294,76.61491246515622,76.7127044972977,76.80816093413327,76.9011685320524,76.99161404744453,77.07938423669918,77.16436585620582,77.24644566235389,77.32551041153289,77.40144686013228,77.47414176454154,77.54348188115013,77.60935396634753,77.67164477652324,77.73024106806668,77.78502959736736,77.83589712081474,77.88273039479829,77.9254161757075,77.96384121993184,77.99789228386075,78.02745612388374,78.05241949639026,78.0726691577698,78.08809186441182,78.09857437270581,78.10402368385407,78.10468684864958,78.10109307996424,78.09378013145044,78.08328575676049,78.07014770954673,78.05490374346152,78.0380916121572,78.02024906928611,78.0019138685006,77.983623763453,77.96591650779564,77.94932985518089,77.93440155926108,77.92166937368856,77.91167105211566,77.90494434819475,77.90202701557813,77.90345680791818,77.90977147886723,77.92150878207762,77.93920647120169,77.9634022998918,77.99463402180027,78.03343939057943,78.08035615988167
66.51174916148096,66.49565279478716,66.48709920715348,66.48577156904827,66.49135305093984,66.50352682329654,66.52197605658671,66.5463839212787,66.57643358784082,66.61180822674143,66.65219100844885,66.69726510343142,66.74671368215749,66.80021991509537,66.85746697271344,66.91813802547998,66.98191624386337,67.04848479833191,67.117526859354,67.1887255973979,67.26176418293201,67.33632578642462,67.4120935783441,67.48875072915874,67.56598040933693,67.643465789347,67.72089457500059,67.79810430641561,67.87511309756545,67.95194981286696,68.02864331673706,68.10522247359262,68.18171614785055,68.25815320392775,68.33456250624107,68.41097291920744,68.48741330724371,68.56391253476681,68.64049946619357,68.71720296594094,68.79405189842578,68.871075128065,68.94830151927545,69.02575993647406,69.10347924407768,69.18148830650324,69.25981598816759,69.33849115348767,69.41754266688031,69.49699939276243,69.57689019555093,69.65724393966266,69.73807991944906,69.81935836955176,69.90101701723623,69.98299354546202,70.06522563718869,70.14765097537583,70.23020724298297,70.3128321229697,70.39546329829557,70.47803845192016,70.56049526680306,70.64277142590379,70.72480461218194,70.80653250859709,70.88789279810877,70.96882316367657,71.04926128826008,71.1291448548188,71.20841154631239,71.28699904570033,71.36484503594224,71.44188719999767,71.51806322082618,71.59331078138732,71.6675675646407,71.74077207013832,71.81293394304763,71.88418817547418,71.95468251878032,72.02456472432826,72.09398254348031,72.16308372759875,72.23201602804585,72.30092719618392,72.36996498337521,72.439277140982,72.50901142036659,72.57931557289123,72.65033734991826,72.7222245028099,72.79512478292844,72.86918594163618,72.9445557302954,73.02138190026838,73.09981220291738,73.1799943896047,73.2620762116926,73.34620542054338,73.43252976751933,73.5211970039827,73.6123548812958,73.70613721165151,73.80254086884264,73.9014850018535,74.00288786756155,74.10666772284426,74.2127428245791,74.32103142964354,74.431451794915,74.54392217727101,74.658360833589,74.77468602074643,74.89281599562077,75.0126690150895,75.13416333603007,75.25721721531991,75.38174890983655,75.50767667645744,75.63491877205999,75.76339345352173,75.89301897772009,76.02371360153256,76.15539558183659,76.28798317550962,76.42139463942914,76.55554823047262,76.69036193612689,76.8256168934411,76.96073514176067,77.09508053205607,77.22801691529762,77.35890814245576,77.48711806450086,77.61201053240327,77.73294939713347,77.84929850966174,77.96042172095855,78.06568288199426,78.16444584373923,78.25607445716392,78.33993257323866,78.41538404293385,78.48179271721986,78.53852244706712,78.58493708344602,78.62040047732691,78.6442764796802,78.6559289414763,78.65472171368555,78.64001864727837,78.61118359322515,78.56758040249625,78.50866720139672,78.43548564724244,78.35039135982544,78.25577973134452,78.15404615399845,78.047586019986,77.93879472150601,77.83006765075723,77.72380019993847,77.62238776124849,77.52822572688609,77.44370948905006,77.3712344399392,77.3131959717523,77.27198947668813,77.25001034694549,77.24965397472315,77.27331575221993,77.32339107163457,77.40227532516593,77.51236390501273,77.65605220337378,77.83573561244788,78.05380952443383,78.31266933153037,78.61471042593632
67.17289218795042,67.00435151570403,66.85857183891375,66.73454077675814,66.63124594841581,66.54767497306536,66.48281546988537,66.43565505805442,66.40518135675111,66.39038198515405,66.39024456244181,66.403756707793,66.42990604038617,66.46768017939995,66.51606674401292,66.57405335340367,66.64062762675078,66.71477718323287,66.79548964202851,66.88175262231628,66.9725537432748,67.06688062408264,67.1637208839184,67.26206214196067,67.36089201738804,67.4591981293791,67.5559822668281,67.65071434404993,67.7434284399641,67.83419222096418,67.92307335344375,68.01013950379642,68.09545833841577,68.17909752369539,68.26112472602887,68.34160761180979,68.42061384743177,68.49821109928837,68.57446703377319,68.64944931727983,68.72322561620186,68.79586359693289,68.8674309258665,68.93799526939628,69.00762429391582,69.07638566581872,69.14434705149857,69.21157611734894,69.27814052976343,69.34410795513564,69.40954605985917,69.47452251032757,69.53910562899841,69.60336778709429,69.66738289880297,69.73122488134962,69.79496765195935,69.85868512785734,69.92245122626869,69.98633986441857,70.05042495953208,70.11478042883438,70.17948018955059,70.24459815890587,70.31020825412536,70.37638439243416,70.44320049105745,70.51073046722034,70.57904823814799,70.64822772106551,70.71834283319805,70.78946749177076,70.86167561400876,70.93504111713719,71.0096379183812,71.08553993496591,71.16282108411647,71.24155473299983,71.32176632496406,71.40339686942662,71.48637878114592,71.5706444748804,71.65612636538846,71.74275686742854,71.83046839575904,71.91919336513838,72.00886419032499,72.09941328607728,72.19077306715367,72.28287594831258,72.37565434431241,72.4690406699116,72.56296733986859,72.65736676894176,72.75217137188953,72.84731356347032,72.94272575844258,73.03834037156469,73.1340898175951,73.2299065112922,73.32572286741441,73.42147130072019,73.5170842259679,73.61250360040894,73.70776512674519,73.80295771661918,73.89817089239293,73.9934941764285,74.08901709108794,74.18482915873331,74.28101990172665,74.37767884243002,74.47489550320545,74.57275940641499,74.67136007442072,74.77078702958465,74.87112979426887,74.97247789083539,75.07492084164629,75.1785481690636,75.28344939544937,75.38971404316567,75.49743163457453,75.60669169203801,75.71758373791815,75.830197294577,75.94462188437663,76.06094702967906,76.17926190993398,76.2994815051022,76.4210636929424,76.54339228213932,76.66585108137767,76.78782389934216,76.9086945447175,77.02784682618838,77.14466455243956,77.25853153215571,77.36883157402156,77.47494848672181,77.57626607894117,77.67216815936439,77.76203853667612,77.84526101956111,77.92121941670406,77.98929753678968,78.0488791885027,78.0993481805278,78.14008832154971,78.17048342025313,78.1899172853228,78.1977737254434,78.19343654929965,78.17628956557627,78.14578550231988,78.10253471748429,78.04810813263002,77.98410574467341,77.91212755053077,77.83377354711843,77.75064373135272,77.66433810014998,77.57645665042652,77.48859937909867,77.40236628308277,77.31935735929513,77.24117260465208,77.16941201606996,77.10567559046508,77.05156332475379,77.0086752158524,76.97861126067724,76.96297145614463,76.96335579917091,76.98136428667242,77.01859691556544,77.07665368276633,77.15713458519143,77.26163961975705,77.39176878337952
67.4257129238852,67.22455898724272,67.04766312995481,66.89400771438898,66.76257510291275,66.65234765789363,66.56230774169916,66.49143771669686,66.43871994525423,66.40313678973881,66.38367061251812,66.37930377595966,66.38901864243097,66.41179757429957,66.44662293393297,66.49247708369869,66.54834238596426,66.61320120309719,66.68603589746502,66.76582883143524,66.8515623673754,66.942218867653,67.03678069463557,67.13423021069063,67.23354977818569,67.33372175948828,67.43374142197433,67.53303037626056,67.63152404348365,67.7291884344299,67.82598955988556,67.92189343063691,68.01686605747022,68.11087345117176,68.2038816225278,68.29585658232462,68.38676434134848,68.47657091038566,68.56524230022242,68.65274452164505,68.7390435854398,68.82410550239295,68.90789628329078,68.99038193891954,69.07152848006552,69.15130191751499,69.2296682620542,69.30659352446945,69.38204371554698,69.4559848460731,69.52838292683404,69.5992039686161,69.66843410461756,69.73618364940347,69.80261024247089,69.86787161647614,69.93212550407559,69.99552963792556,70.05824175068241,70.1204195750025,70.18222084354215,70.24380328895774,70.30532464390559,70.36694264104207,70.4288150130235,70.49109949250624,70.55395381214664,70.61753570460105,70.68200290252581,70.74751313857726,70.81422414541177,70.88229365568566,70.9518794020553,71.02313911717702,71.09623053370717,71.17131138430211,71.24853940161817,71.32807127386879,71.40997269217694,71.49414902567564,71.58048932407708,71.66888263709346,71.75921801443697,71.85138450581981,71.94527116095416,72.04076702955224,72.13776116132624,72.23614260598833,72.33580041325074,72.43662363282564,72.53850131442525,72.64132250776174,72.74497626254733,72.84935162849418,72.95433765531452,73.05982339272053,73.1656978904244,73.27185019813835,73.37816936557454,73.4845444424452,73.59086447846249,73.69701852333864,73.80289562678583,73.90839193814037,74.01347335344579,74.11814535624966,74.2224138844755,74.3262848760468,74.4297642688871,74.5328580009199,74.63557201006871,74.73791223425704,74.8398846114084,74.9414950794463,75.04274957629426,75.14365403987577,75.24421440811437,75.34443661893356,75.44432661025684,75.54389032000772,75.64313368610973,75.74206264648637,75.84068313906116,75.9390011017576,76.0370224724992,76.13475318920948,76.23219918981195,76.32936641223012,76.42626060454278,76.52279107371842,76.61861406373325,76.7133448121071,76.8065985563598,76.89799053401121,76.98713598258117,77.0736501395895,77.15714824255606,77.23724552900069,77.31355723644323,77.38569860240351,77.45328486440138,77.51593125995669,77.57325302658926,77.62486540181895,77.67038362316558,77.70942292814901,77.74159855428908,77.76652573910562,77.78381972011847,77.79309573484748,77.7939690208125,77.78605481553335,77.76896835652988,77.74232488132193,77.7057988781272,77.6600600617288,77.60660395351114,77.5469510712468,77.48262193270831,77.41513705566824,77.34601695789917,77.27678215717361,77.20895317126418,77.1440505179434,77.08359471498385,77.02910628015806,76.98210573123862,76.94411358599808,76.916650362209,76.90123657764393,76.89939275007545,76.9126393972761,76.94249703701844,76.99048618707504,77.05812736521845,77.14694108922124,77.25844787685597,77.39416824589517,77.55562271411145,77.74433179927733
66.95022195212294,66.8781679422875,66.81942942519137,66.77342470050311,66.73957206789127,66.71728982702436,66.70599627757095,66.70510971919956,66.71404845157873,66.73223077437703,66.75907498726298,66.79399938990511,66.83642228197198,66.88576196313213,66.94143673305409,67.0028648914064,67.06946473785761,67.14065457207626,67.2158526937309,67.29447740249005,67.37594699802224,67.45967977999605,67.54509404808,67.63160810194265,67.7186402412525,67.80560876567813,67.89194021922223,67.9773335142614,68.06181580981101,68.14543380701194,68.2282342070051,68.31026371093135,68.39156901993158,68.47219683514669,68.55219385771755,68.63160678878505,68.71048232949006,68.78886718097348,68.86680804437619,68.94435162083907,69.021544611503,69.09843371750887,69.17506563999756,69.25148708010995,69.32774473898695,69.40388531776941,69.47995551759824,69.5560020396143,69.63207158495848,69.70821085477168,69.78446655019478,69.86088537236864,69.93750614546764,70.0143190825717,70.09129587130244,70.168408162814,70.2456276082606,70.32292585879638,70.40027456557551,70.47764537975218,70.55500995248052,70.63233993491474,70.70960697820898,70.78678273351744,70.86383885199427,70.94074698479365,71.01747878306973,71.09400589797671,71.17029998066874,71.2463326823,71.32207565402464,71.39750054699687,71.47257901237082,71.54728270130067,71.6215832649406,71.69545235444477,71.76886162096737,71.84178349815555,71.91425859436015,71.9864476306092,72.05852355438411,72.13065931316623,72.20302785443695,72.27580212567763,72.34915507436963,72.42325964799434,72.49828879403314,72.57441545996738,72.65181259327845,72.73065314144772,72.81111005195655,72.89335627228633,72.97756474991841,73.06390843233419,73.15256026701502,73.24369320144228,73.33748018309736,73.4340941594616,73.53370807801639,73.6364948862431,73.7426275316231,73.85227896163778,73.96562212376848,74.08279890378655,74.20364603722366,74.32782705951625,74.45500351815127,74.5848369606157,74.71698893439653,74.85112098698069,74.98689466585516,75.12397151850695,75.26201309242299,75.40068093509026,75.53963659399574,75.67854161662639,75.8170575504692,75.95484594301112,76.09156834173913,76.2268862941402,76.3604613477013,76.49195504990941,76.62102894825149,76.74734459021451,76.87056352328543,76.99034729495125,77.10635745269892,77.21825554401542,77.3257031984077,77.42840371152298,77.52616971161689,77.61883154325676,77.70621955100978,77.78816407944328,77.86449547312449,77.9350440766207,77.99964023449917,78.05811429132714,78.11029659167193,78.15601748010079,78.19510730118097,78.22739639947974,78.25271511956439,78.27089380600216,78.28176280336035,78.28515245620622,78.28089310910701,78.26881510663003,78.24874879334251,78.22052451381174,78.183972612605,78.13892343428952,78.0852073234326,78.02265462460147,77.95113695566178,77.87121919691228,77.78404147524728,77.69076132973396,77.59253629943942,77.4905239234308,77.38588174077523,77.27976729053984,77.17333811179174,77.06775174359805,76.96416572502594,76.86373759514248,76.76762489301484,76.67698515771012,76.59297592829544,76.51675474383795,76.44947914340476,76.392306666063,76.3463948508798,76.31290123692229,76.29298336325759,76.28779876895281,76.2985049930751,76.32625957469158,76.37222005286937,76.43754396667559
67.47953455467925,67.33711605723975,67.21440696043759,67.1105269023232,67.024595520947,66.95573245435945,66.90305734061097,66.86568981775201,66.84274952383299,66.83335609690435,66.83662917501653,66.85168839621996,66.87765339856509,66.91364382010232,66.95877929888213,67.01217947295494,67.07296398037117,67.14025245918127,67.21316454743567,67.29081988318481,67.37233810447913,67.45683884936906,67.54344175590504,67.63126646213749,67.71943260611685,67.80705982589357,67.89328054738364,67.9776496696904,68.06023123841554,68.14111961113831,68.22040914543793,68.29819419889364,68.37456912908469,68.44962829359032,68.52346604998976,68.59617675586226,68.66785476878704,68.73859444634336,68.80849014611044,68.87763622566754,68.94612704259389,69.01405695446873,69.08152031887128,69.14861149338081,69.21542483557654,69.28205470303773,69.34859545334358,69.41514144407337,69.48178703280631,69.54862657712164,69.61575443459863,69.6832649628165,69.75124121155491,69.81969644681212,69.88861734031698,69.95799051144748,70.02780257958159,70.09804016409726,70.16868988437247,70.23973835978518,70.31117220971338,70.38297805353501,70.45514251062806,70.5276522003705,70.60049374214029,70.67365375531539,70.74711885927377,70.82087567339342,70.89491081705229,70.96921090962834,71.04376257049957,71.11855241904392,71.19356707463936,71.26879315666389,71.34421728449543,71.41982607751198,71.49560615509151,71.57154445009813,71.64765520787729,71.72400079389932,71.80064847185572,71.87766550543805,71.95511915833778,72.03307669424645,72.11160537685556,72.19077246985665,72.27064523694123,72.35129094180081,72.43277684812692,72.51517021961106,72.59853831994475,72.68294841281953,72.76846776192689,72.85516363095834,72.94310328360542,73.03235398355964,73.12298299451253,73.21505758015557,73.30864500418032,73.40381253027827,73.50062742214094,73.59915694345986,73.69946835792653,73.80161851536701,73.90556195979306,74.01119516750259,74.11841394830617,74.22711411201429,74.33719146843754,74.44854182738644,74.56106099867151,74.67464479210332,74.78918901749239,74.90458948464926,75.02074200338448,75.13754238350859,75.25488643483213,75.37266996716562,75.49078879031961,75.60913871410466,75.72761554833127,75.84611510281003,75.96453318735144,76.08276561176604,76.20070818586439,76.31825671945701,76.43530702235445,76.55175490436726,76.66749591229497,76.78229198335359,76.89555446110785,77.00663787874836,77.11489676946574,77.21968566645062,77.32035910289358,77.41627161198525,77.50677772691627,77.59123198087723,77.66898890705876,77.73940303865146,77.80182890884596,77.85562105083287,77.90013399780281,77.9347222829464,77.95874043945423,77.97154300051696,77.97248449932516,77.9609194690695,77.93620244294053,77.89768795412891,77.84473053582526,77.77668472122016,77.69290504350428,77.59274603586819,77.47568625201303,77.34328740265259,77.19883973436598,77.04568581488526,76.8871682119424,76.72662949326943,76.56741222659835,76.41285897966121,76.26631232018998,76.1311148159167,76.01060903457338,75.90813754389201,75.82704291160464,75.77066770544327,75.7423544931399,75.74544584242655,75.78328432103524,75.85921249669798,75.97657293714677,76.13870821011365,76.34896088333062,76.6106735245297,76.92718870144289,77.3018489818022,77.73799693333966,78.23897512378727
67.2911596074121,67.13895580306438,67.00679718760507,66.89381369774216,66.79913527018361,66.72189184163742,66.66121334881151,66.61622972841391,66.58607091715257,66.56986685173545,66.56674746887055,66.57584270526583,66.59628249762925,66.62719678266882,66.66771549709247,66.71696857760821,66.774085960924,66.83819758374781,66.90843338278762,66.98392329475139,67.06379725634712,67.14718520428275,67.23321707526628,67.32102280600569,67.40973233320892,67.49847559358396,67.58639494912457,67.67304325645043,67.75846808263297,67.84274644727284,67.9259553699707,68.00817187032715,68.08947296794285,68.16993568241845,68.24963703335459,68.32865404035189,68.40706372301102,68.48494310093261,68.56236919371729,68.6394190209657,68.71616960227851,68.79269795725634,68.86908110549982,68.9453960666096,69.02171986018634,69.09812950583067,69.17470202314321,69.25151443172464,69.32864375117558,69.40616700109665,69.48416120108853,69.56270337075183,69.64185461499582,69.7215778244536,69.8017984607619,69.88244191187826,69.96343356576024,70.04469881036542,70.12616303365135,70.2077516235756,70.28938996809575,70.37100345516934,70.45251747275395,70.53385740880714,70.61494865128645,70.6957165881495,70.7760866073538,70.85598409685696,70.9353344446165,71.01406303859,71.09209526673504,71.16935651700916,71.24577217736996,71.32126763577496,71.39576828018176,71.4691994985479,71.54148667883095,71.61255610195943,71.68241184895432,71.75119507187482,71.81906087545096,71.88616436441275,71.95266064349019,72.01870481741332,72.08445199091213,72.15005726871665,72.21567575555689,72.28146255616286,72.3475727752646,72.41416151759209,72.48138388787538,72.54939499084446,72.61834993122935,72.68840381376006,72.75971174316663,72.83242882417905,72.90671016152734,72.98271085994152,73.0605860241516,73.14049075888762,73.22258016887955,73.30700935885744,73.39393343355128,73.4834893800959,73.5756361983707,73.67023186454418,73.76713319525874,73.86619700715679,73.96728011688073,74.07023934107296,74.1749314963759,74.28121339943195,74.3889418668835,74.49797371537298,74.60816576154278,74.71937482203529,74.83145771349295,74.94427125255814,75.05767225587327,75.17151754008076,75.28566392182297,75.39996821774236,75.5142872444813,75.62847781868221,75.74239675698749,75.85590087603954,75.96884699248078,76.08109192295359,76.19249227964026,76.30280080897634,76.41149771204225,76.51801902653008,76.62180079013187,76.7222790405397,76.81888981544564,76.91106915254176,76.9982530895201,77.07987766407275,77.15537891389178,77.22419287666925,77.28575559009721,77.33950309186775,77.38487141967292,77.4212966112048,77.44821470415543,77.46506173621691,77.47127374508129,77.46628676844063,77.449536843987,77.42046000941248,77.37849230240913,77.323069760669,77.25362842188417,77.16960432374671,77.07050708975923,76.95708235508614,76.83110135712647,76.69436637729314,76.54867969699902,76.395843597657,76.23766036068,76.0759322674809,75.91246159947258,75.74905063806794,75.58750166467988,75.42961696072128,75.27719880760505,75.13204948674407,74.99597127955123,74.87076646743944,74.75823733182158,74.66018615411053,74.5784152157192,74.5147267980605,74.47092318254727,74.44880665059245,74.45017948360892,74.47684396300956,74.53060237020728,74.61325698661496
66.53647085142049,66.43746835298904,66.35566375501053,66.2902640223925,66.2404761200426,66.20550701286838,66.18456366577746,66.17685304367743,66.18158211147585,66.19795783408037,66.22518717639853,66.26247710333797,66.30903457980625,66.36406657071099,66.42678004095976,66.49638195546018,66.57207927911982,66.65307897684627,66.73858801354717,66.82781335413006,66.91996196350257,67.01424080657226,67.10985684824675,67.20601705343364,67.3019283870405,67.39679781397494,67.48984430008849,67.58068328686214,67.66940803113746,67.75614023643803,67.8410016062873,67.92411384420886,68.0055986537262,68.08557773836287,68.16417280164237,68.24150554708822,68.31769767822398,68.39287089857316,68.46714691165927,68.54064742100584,68.61349413013643,68.68580874257452,68.75771296184367,68.82932849146738,68.90077703496917,68.97218029587259,69.04365997770117,69.11533778397842,69.18733541822785,69.25977458397301,69.33277698473742,69.40646432404459,69.48094164535641,69.55621117795788,69.63223596913716,69.70897898905245,69.78640320786202,69.86447159572408,69.94314712279686,70.0223927592386,70.10217147520751,70.18244624086185,70.26318002635982,70.34433580185967,70.42587653751963,70.50776520349793,70.58996476995279,70.67243820704243,70.75514848492513,70.83805857375906,70.92113144370248,71.00433006491363,71.08761740755074,71.170956441772,71.2543101377357,71.3376414656,71.4209133955232,71.50408943525392,71.58717993010555,71.67027774552,71.75348414678929,71.83690039920555,71.92062776806085,72.00476751864727,72.08942091625688,72.17468922618175,72.260673713714,72.34747564414567,72.43519628276886,72.52393689487565,72.61379874575809,72.70488310070832,72.79729122501834,72.8911243839803,72.98648384288623,73.08347086702825,73.18218672169841,73.28273267218881,73.38520998379153,73.48971992179862,73.59636375150217,73.7052427381943,73.81645814716704,73.93008229358549,74.04590308656682,74.16354700932,74.28263869224585,74.4028027657452,74.52366386021885,74.6448466060676,74.76597563369232,74.88667557349379,75.00657105587284,75.12528671123029,75.24244716996695,75.35767706248365,75.4706010191812,75.58084367046041,75.68802964672211,75.79178357836713,75.89173009579628,75.98749382941037,76.07869940961021,76.16497146679664,76.24593463137049,76.32121353373253,76.39043280428362,76.45321707342455,76.50919131046155,76.55815264862858,76.6003499820174,76.63610540827966,76.66574102506695,76.68957893003093,76.70794122082324,76.72114999509546,76.72952735049924,76.73339538468619,76.73307619530794,76.72889188001614,76.7211645364624,76.71021626229833,76.69636915517555,76.67994531274573,76.66126683266043,76.64065581257134,76.61843435013003,76.59492454298817,76.57044848879738,76.54532828520925,76.51988602987544,76.49444382044754,76.4693237545772,76.44484792991605,76.42134754715178,76.39930670953157,76.3793363938681,76.36205141731742,76.34806659703563,76.33799675017872,76.3324566939028,76.33206124536395,76.33742522171818,76.34916344012157,76.36789071773018,76.39422187170007,76.42877171918732,76.47215507734796,76.52498676333809,76.58788159431373,76.66145438743095,76.7463199598458,76.84309312871437,76.95238871119273,77.07482152443687,77.21100638560291,77.36155811184692,77.52709152032493,77.708221428193,77.90556265260717
66.83473933021205,66.76985125958393,66.71526040794978,66.67056750912252,66.63537329691502,66.60927850514017,66.59188386761085,66.58279011813994,66.58159799054033,66.58790821862493,66.6013215362066,66.62143867709824,66.64786037511274,66.68018736406296,66.71802037776183,66.76096015002219,66.80860741465693,66.86056290547899,66.9164273563012,66.97580150093646,67.03828607319767,67.10348180689769,67.17098943584944,67.24040969386579,67.31134331475963,67.38339103234381,67.4561584227963,67.52941103968851,67.60310723445949,67.67721683674691,67.75170967618851,67.82655558242195,67.90172438508495,67.97718591381519,68.05290999825041,68.12886646802826,68.20502515278648,68.28135588216273,68.35782848579476,68.4344127933202,68.51107863437682,68.58779583860223,68.66453423563422,68.74126365511046,68.81795392666862,68.89457487994642,68.97109634458155,69.04748815021173,69.12372012647464,69.199762103008,69.27558390944947,69.35115537543675,69.42644999652362,69.50146389171769,69.57620180171807,69.65066848419568,69.72486869682135,69.79880719726606,69.87248874320065,69.94591809229604,70.01910000222315,70.09203923065286,70.16474053525607,70.23720867370369,70.30944840366664,70.38146448281577,70.45326166882202,70.52484471935631,70.59621839208947,70.66738744469248,70.73835663483618,70.80913072019149,70.87971445842933,70.95011260722058,71.02032992423614,71.09037116714691,71.16024109362382,71.2299449447273,71.29953007683304,71.36911804661372,71.43883796370403,71.50881893773848,71.57919007835167,71.65008049517823,71.7216192978527,71.7939355960097,71.86715849928379,71.94141711730958,72.01684055972166,72.09355793615461,72.17169835624298,72.25139092962144,72.33276476592451,72.41594897478683,72.50107266584294,72.58826494872744,72.6776549330749,72.76937172851999,72.8635444446972,72.96030219124117,73.05977407778647,73.1620892139677,73.26737670941944,73.37574095635259,73.48704352300763,73.60100815327053,73.71735700911213,73.83581225250327,73.9560960454148,74.07793054981755,74.20103792768239,74.32514034098014,74.44995995168165,74.5752189217578,74.70063941317935,74.82594358791721,74.95085360794221,75.07509163522519,75.19837983173699,75.32044035944847,75.44099538033043,75.55976705635376,75.6764775494893,75.79084902170786,75.90260363498032,76.0114635512775,76.11715093257024,76.21938794082942,76.31789683284691,76.41244803451784,76.50293836822267,76.58928513769285,76.67140564665979,76.74921719885498,76.82263709800978,76.89158264785567,76.95597115212408,77.01571991454642,77.07074623885414,77.12096742877868,77.1663007880515,77.20666362040396,77.24197322956758,77.27214691927372,77.29710199325388,77.31675575523943,77.33102550896186,77.33982855815256,77.34308220654299,77.34070375786459,77.33261051584876,77.31871978422697,77.29894886673065,77.27321506709123,77.24144078699956,77.20363405793404,77.15987396418268,77.11024174073519,77.05481862258128,76.99368584471063,76.92692464211291,76.85461624977785,76.77684190269514,76.69368283585447,76.60522028424552,76.51153548285798,76.41270966668156,76.30882407070595,76.19995992992085,76.08619847931593,75.9676209538809,75.84430858860546,75.71634261847927,75.58380427849207,75.44677480363353,75.30533542889336,75.15956738926121,75.00955191972682,74.85537025527987,74.69710363091005
66.74849661626195,66.72489890892248,66.70814657225499,66.6979576899864,66.69405034584365,66.6961426235537,66.7039526068435,66.71719837943999,66.73559802507013,66.75886962746085,66.7867312703391,66.81890103743183,66.85509701246599,66.89503727916852,66.93843992126638,66.98502302248649,67.03450466655582,67.08660293720132,67.14103591814992,67.19752169312858,67.25577834586423,67.31552396008382,67.37647661951432,67.43835440788266,67.50087540891579,67.56375770634064,67.62672341349928,67.68962777027708,67.75248645493846,67.81532469742803,67.87816772769045,67.94104077567034,68.00396907131234,68.06697784456112,68.13009232536129,68.1933377436575,68.25673932939438,68.32032231251658,68.38411192296874,68.44813339069549,68.51241194564147,68.57697281775133,68.6418412369697,68.70704243324121,68.77260163651052,68.83854407672224,68.90489498382105,68.97167958775155,69.0389231184584,69.10665080588625,69.1748878799797,69.24365957068342,69.31298859477779,69.38288215956192,69.45334156174486,69.52436808640073,69.59596301860357,69.66812764342745,69.74086324594647,69.81417111123466,69.88805252436612,69.9625087704149,70.03754113445508,70.11315090156074,70.18933935680593,70.26610778526474,70.34345747201122,70.42138970211946,70.49990576066351,70.57900693271746,70.65869450335536,70.7389697576513,70.81983398067933,70.90128845751354,70.983334473228,71.06597331289676,71.1492062615939,71.23303473964026,71.3174719507304,71.40255185893619,71.48831054156007,71.5747840759045,71.66200853927192,71.75002000896478,71.83885456228552,71.9285482765366,72.01913722902046,72.11065749703955,72.20314515789632,72.2966362888932,72.39116696733265,72.48677327051713,72.58349127574907,72.68135706033092,72.78040670156514,72.88067627675417,72.98220186320044,73.08501953820642,73.18916537907455,73.2946754631073,73.40158586760705,73.50993266987633,73.61975194721754,73.73106565157067,73.84375696731493,73.95763031580843,74.07248921438611,74.18813718038288,74.30437773113368,74.42101438397341,74.53785065623703,74.65469006525944,74.77133612837558,74.88759236292036,75.00326228622872,75.11814941563557,75.23205726847587,75.3447893620845,75.45614921379642,75.56594034094654,75.67396626086978,75.78003049090108,75.88393654837536,75.98548795062754,76.08448821499256,76.18074085880532,76.27404939940078,76.36421735411385,76.4510481842138,76.53431686963062,76.61372365481122,76.68895667402681,76.75970406154855,76.8256539516476,76.88649447859511,76.94191377666228,76.99159998012027,77.03524122324025,77.07252564029338,77.10314136555083,77.12677653328376,77.14311927776338,77.1518577332608,77.15268003404724,77.14527431439383,77.12932870857178,77.10453135085221,77.07057037550632,77.02713391680528,76.97391010902025,76.9105870864224,76.83685298328288,76.7523959338729,76.6569040724636,76.55010950932196,76.4324830140192,76.30510827156793,76.169087519354,76.02552299476315,75.87551693518127,75.72017157799412,75.56058916058755,75.39787192034737,75.23312209465938,75.0674419209094,74.90193363648325,74.73769947876674,74.57584168514569,74.41746249300591,74.26366413973322,74.11554886271342,73.97421889933236,73.84077648697581,73.71632386302961,73.60196326487957,73.49879692991152,73.40792709551124,73.33045599906458,73.26748587795734,73.22011896957534
66.99629764491188,66.88151799576436,66.78496089332849,66.70577812900906,66.64312149421085,66.59614278033862,66.56399377879718,66.5458262809913,66.54079207832577,66.54804296220536,66.56673072403485,66.59600715521904,66.6350240471627,66.6829331912706,66.73888637894756,66.80203540159832,66.87153205062768,66.94652811744041,67.0261753934413,67.10962567003514,67.19603073862672,67.28454239062079,67.37431241742215,67.46449261043558,67.55423476106587,67.64269066071778,67.7290251526159,67.81283427343892,67.89423371565377,67.97337010937434,68.05039008471451,68.12544027178815,68.19866730070916,68.27021780159141,68.3402384045488,68.40887573969518,68.47627643714443,68.54258712701048,68.60795443940715,68.67252500444837,68.73644545224799,68.79986241291992,68.86292251657802,68.92577239333617,68.98855867330826,69.05142798660816,69.11452696334977,69.17800223364696,69.24200042761362,69.30666817536361,69.37215210701083,69.43859885266917,69.50613690631796,69.57478283847671,69.64451056616332,69.71529392243214,69.78710674033749,69.85992285293372,69.93371609327515,70.0084602944161,70.08412928941091,70.16069691131392,70.23813699317945,70.31642336806185,70.39552986901542,70.47543032909452,70.55609858135347,70.6375084588466,70.71963379462824,70.80244842175273,70.88592617327438,70.97004088224756,71.05476638172657,71.14007650476574,71.22594508441944,71.31234595374195,71.39925294578762,71.48663991564719,71.57448263833099,71.66276027143378,71.75145231686878,71.8405382765492,71.92999765238824,72.0198099462991,72.109954660195,72.20041129598914,72.29115935559473,72.38217834092497,72.47344775389308,72.56494709641225,72.6566558703957,72.74855357775664,72.84061972040826,72.93283380026378,73.0251753192364,73.11762377923934,73.21015868218579,73.30275952998896,73.39540582456208,73.48807706781832,73.58075276167091,73.67341240803306,73.76603550881796,73.85860659632662,73.95115962138972,74.04375658428022,74.13645980721596,74.22933161241471,74.32243432209434,74.41583025847261,74.50958174376737,74.6037511001964,74.69840064997753,74.79359271532856,74.88938961846732,74.98585368161159,75.0830472269792,75.18103257678797,75.2798720532557,75.3796279786002,75.48036267503927,75.58213846479076,75.68501767007244,75.78906261310215,75.89433561609766,76.00089900127684,76.10881509085745,76.21814620705733,76.32895430693286,76.4411158455368,76.55402051774318,76.66697914355832,76.77930254298856,76.89030153604023,76.99928694271966,77.10556958303316,77.2084602769871,77.30726984458776,77.40130910584152,77.48988888075469,77.5723199893336,77.64791325158458,77.71597948751399,77.77582951712812,77.82677416043332,77.86812423743592,77.89919056814226,77.91928397255865,77.92771527069144,77.92379528254695,77.90683482813151,77.87614472745146,77.83103580051313,77.77081886732284,77.69488601216213,77.60399430518461,77.50003343737927,77.38492738310116,77.26060011670532,77.1289756125468,76.99197784498062,76.85153078836187,76.7095584170456,76.56798470538685,76.42873362774066,76.29372915846209,76.16489527190618,76.04415594242798,75.93343514438256,75.83465685212494,75.74974504001018,75.68062368239335,75.62921675362948,75.59744822807362,75.58724208008081,75.60052228400612,75.63921281420458,75.70523764503126,75.80052075084119,75.92698610598943
66.79630133205359,66.6556320255199,66.53836656079008,66.44335947382669,66.36946530059237,66.31553857704975,66.28043383916142,66.26300562289003,66.2621084641982,66.27659689904857,66.3053254634037,66.34714869322627,66.40092112447886,66.46549729312412,66.53973173512463,66.62247898644307,66.71259358304201,66.80893006088408,66.91034295593192,67.01568680414815,67.12381614149535,67.23358550393621,67.3438494274333,67.45346244794922,67.56127910144667,67.6661539238882,67.76695981613702,67.86317640095706,67.95501449622785,68.04272845144519,68.12657261610488,68.20680133970274,68.2836689717345,68.35742986169598,68.42833835908297,68.49664881339123,68.56261557411659,68.6264929907548,68.68853541280168,68.748997189753,68.80813267110452,68.8661962063521,68.92344214499144,68.9801248365184,69.03649863042872,69.09281787621822,69.14933692338269,69.20631012141789,69.26399181981964,69.32263636808369,69.38249811570583,69.44383141218191,69.5068556243605,69.57157423080946,69.6379084360932,69.7057792828194,69.77510781359572,69.84581507102982,69.91782209772941,69.99104993630215,70.06541962935572,70.14085221949779,70.21726874933606,70.29459026147816,70.37273779853183,70.4516324031047,70.53119511780449,70.61134698523881,70.6920090480154,70.7731023487419,70.85454793002603,70.93626683447542,71.01818010469776,71.10020878330073,71.18227391289201,71.26429653607929,71.34619769547024,71.42789922228613,71.50939165570927,71.59078658711152,71.67220792995246,71.75377959769165,71.83562550378863,71.91786956170296,72.0006356848942,72.08404778682194,72.1682297809457,72.25330558072505,72.33939909961958,72.42663425108881,72.51513494859233,72.60502510558968,72.69642863554043,72.78946945190415,72.88427146814038,72.98095859770868,73.07965475406863,73.18048385067976,73.28356980100168,73.3890365184939,73.49700791661598,73.60760790882753,73.72096040858807,73.83715977598473,73.9560100387738,74.07715043510683,74.20021831171957,74.32485101534769,74.450685892727,74.57736029059316,74.70451155568193,74.83177703472904,74.9587940744702,75.08520002164116,75.21063222297761,75.3347280252153,75.45712477508997,75.57745981933732,75.6953705046931,75.81049417789305,75.92246818567284,76.03092987476825,76.135516591915,76.2358656838488,76.3316144973054,76.42240037902047,76.50786067572983,76.58763273416912,76.66135423036329,76.72883011922897,76.79030429812912,76.84609179088463,76.8965076213164,76.94186681324535,76.98248439049232,77.01867537687826,77.050754796224,77.07903767235047,77.10383902907856,77.12547389022916,77.14425727962313,77.16050422108142,77.17452973842487,77.1866488554744,77.19717659605087,77.2064279839752,77.2147180430683,77.22236179715102,77.22967427004428,77.23697048556895,77.24456546754593,77.25277423979611,77.26191182614039,77.27229325039966,77.28421754846252,77.29771520891757,77.31259388854721,77.32865449922497,77.34569795282431,77.36352516121877,77.38193703628178,77.4007344898869,77.41971843390758,77.43868978021732,77.4574494406896,77.47579832719796,77.49353735161586,77.51046742581681,77.52638946167428,77.5411043710618,77.55441306585286,77.56611645792091,77.57601545913948,77.58391098138205,77.58960393652214,77.59289523643321,77.59358579298876,77.59147651806231,77.58636832352732,77.57806212125732
67.47748293116342,67.21522848200415,66.98540694883393,66.78652298548216,66.6170812457783,66.47558638355169,66.36054305263175,66.27045590684793,66.20382960002958,66.15916878600612,66.13497811860697,66.12976225166152,66.14202583899916,66.17027353444932,66.2130099918414,66.26873986500479,66.33596780776891,66.41319847396316,66.49893651741695,66.59168659195966,66.68995335142071,66.7922414496295,66.89705554041545,67.00290027760795,67.10828031503641,67.21171113593492,67.31231991515118,67.4101606825735,67.50536476271745,67.59806348009853,67.68838815923232,67.77647012463432,67.86244070082009,67.94643121230514,68.02857298360506,68.10899733923534,68.18783560371155,68.26521910154919,68.34127915726384,68.41614709537102,68.48995424038627,68.56283191682512,68.63491144920312,68.7063241620358,68.77720137983869,68.84767442712734,68.91787462841731,68.98793330822409,69.05798179106326,69.12815140145032,69.19856615509015,69.26927014026329,69.34025817457402,69.41152435167862,69.48306276523337,69.55486750889453,69.62693267631839,69.69925236116123,69.7718206570793,69.84463165772888,69.91767945676627,69.99095814784769,70.06446182462948,70.13818458076786,70.2121205099191,70.28626370573953,70.36060826188537,70.43514827201292,70.50987782977845,70.58479102883821,70.6598819628485,70.7351447254656,70.81057341034577,70.88616211114527,70.96190492180735,71.03781457735747,71.11397288754586,71.19047765806373,71.26742669460226,71.34491780285268,71.42304878850616,71.50191745725395,71.58162161478721,71.66225906679716,71.74392761897501,71.82672507701193,71.91074924659917,71.99609793342789,72.08286894318931,72.17116008157464,72.26106915427508,72.35269396698182,72.44613232538607,72.54148203517903,72.63884090205191,72.73830673169591,72.83997732980222,72.94395050206208,73.05032405416664,73.15919192194214,73.27046394725069,73.38378930283753,73.49879739341826,73.61511762370856,73.73237939842402,73.8502121222803,73.96824519999305,74.08610803627788,74.20343003585043,74.31984060342636,74.43496914372126,74.54844506145082,74.65989776133064,74.76895664807637,74.87525112640364,74.97841060102809,75.07806447666536,75.17384215803108,75.26537304984087,75.35228655681041,75.4342120836553,75.51077903509118,75.58161681583368,75.64635483059847,75.7046794586101,75.75684675436503,75.80344061330022,75.84504885966018,75.8822593176894,75.91565981163241,75.9458381657337,75.9733822042378,75.99887975138917,76.02291863143238,76.04608666861188,76.06897168717221,76.09216151135787,76.11624396541337,76.14180687358322,76.16943806011191,76.19972534924396,76.23325656522388,76.27061953229618,76.31240207470535,76.3591920166959,76.41157718251236,76.47014539639922,76.53548448260098,76.60818222710063,76.68849209359144,76.77551956399087,76.86812391272107,76.96516441420422,77.06550034286249,77.16799097311801,77.27149557939296,77.37487343610951,77.4769838176898,77.576685998556,77.67283925313029,77.7643028558348,77.84993608109171,77.92859820332319,77.99914849695139,78.06044623639846,78.11135069608659,78.15072115043792,78.17741687387462,78.19029714081884,78.18822122569277,78.17004840291854,78.13463794691833,78.0808491321143,78.00911246179872,77.93369310454514,77.85827374729156,77.78285439003798,77.70743503278442,77.63201567553084,77.55659631827726
67.9434781417721,67.61214324232374,67.32216707335449,67.07163531870319,66.85863366220867,66.68124778770975,66.53756337904525,66.42566612005402,66.34364169457487,66.28957578644662,66.26155407950809,66.25766225759813,66.27598600455556,66.3146110042192,66.37162294042787,66.4451074970204,66.53315035783564,66.63383720671237,66.74525372748946,66.86548560400571,66.99261852009995,67.12473815961101,67.25993020637773,67.3962803442389,67.5318742570334,67.6647976286,67.79316432464377,67.91601925622747,68.03352939019818,68.1459284948636,68.25345033853142,68.35632868950935,68.45479731610511,68.5490899866264,68.63944046938092,68.72608253267636,68.80924994482044,68.88917647412086,68.96609588888533,69.04024195742156,69.11184844803724,69.18114912904008,69.24837776873778,69.31376813543807,69.37755399744862,69.43996912307715,69.50124728063138,69.56162223841898,69.62132776474768,69.68059762792518,69.73966559625917,69.79876543805739,69.85811094875311,69.91779266525378,69.97785415122524,70.03833887786627,70.09929031637564,70.16075193795217,70.22276721379464,70.28537961510185,70.34863261307258,70.41256967890565,70.47723428379983,70.54266989895392,70.60891999556671,70.67602804483698,70.74403751796356,70.81299188614521,70.88293462058074,70.95390919246894,71.0259590730086,71.0991277333985,71.17345864483745,71.24899527852425,71.32578110565767,71.40385959743652,71.48327422505959,71.56406824574103,71.64626627328258,71.72986007484265,71.81483807406951,71.90118869461146,71.9889003601168,72.07796149423378,72.1683605206107,72.26008586289585,72.35312594473751,72.44746918978397,72.5431040216835,72.64001886408441,72.73820214063497,72.83764227498347,72.93832769077818,73.0402468116674,73.1433880612994,73.2477398633225,73.35329064138496,73.46002881913506,73.56794282022109,73.67702106829134,73.78725198699408,73.89862399997762,74.01112553089023,74.12473710217596,74.2393616148485,74.35485791280676,74.47108433427259,74.58789921746776,74.70516090061416,74.82272772193359,74.94045801964786,75.05821013197884,75.17584239714833,75.29321315337818,75.41018073889019,75.52660349190622,75.64233975064808,75.7572478533376,75.8711861381966,75.98401294344696,76.09558660731044,76.2057654680089,76.31440786376417,76.42137213279808,76.52651661333246,76.62969964358913,76.73077956178994,76.82961470615669,76.92606330853432,77.01992956130655,77.11087585645976,77.1985416085716,77.28256623221978,77.36258914198196,77.43824975243578,77.50918747815895,77.57504173372915,77.63545193372403,77.69005749272125,77.73849782529852,77.78041234603349,77.81544046950384,77.84322161028724,77.86339518296137,77.87560060210389,77.87947728229248,77.87466463810482,77.86080208411856,77.8375290349114,77.804484905061,77.76130910914503,77.70764106174117,77.6431201774271,77.56738587078047,77.48020676232412,77.38352172869067,77.28107045437314,77.17664713262273,77.07404595669057,76.97706111982784,76.88948681528566,76.81511723631522,76.75774657616765,76.72116902809412,76.70917878534578,76.7255700411738,76.77413698882931,76.8586738215635,76.9829747326275,77.15083391527247,77.36604556274958,77.63240386830995,77.95370302520476,78.33373722668519,78.77630066600237,79.28518753640745,79.86419203115159,80.51710834348592,81.24773066666167,82.05985319392994
66.03031476533405,66.00537774202203,65.98992849979136,65.98354611221815,65.98580965287857,65.99629819534874,66.01459081320483,66.04026658002296,66.07290456937928,66.11208385484991,66.15738351001103,66.20838260843875,66.26466022370924,66.32579542939862,66.39136729908304,66.46095490633864,66.53413732474156,66.61049362786795,66.68960288929395,66.7710441825957,66.85439658134933,66.939239159131,67.02515098951685,67.11171114608301,67.19849870240563,67.28509273206085,67.37107804986891,67.45622914434463,67.54054909057407,67.62405457251826,67.70676227413823,67.78868887939502,67.86985107224966,67.95026553666317,68.02994895659658,68.10891801601093,68.18718939886725,68.26477978912655,68.34170587074988,68.41798432769826,68.49363184393273,68.56866510341432,68.64310079010404,68.71695558796296,68.79024618095207,68.86298925303241,68.93520148816502,69.0068995703109,69.07810018343115,69.14882001148673,69.2190757384387,69.28888404824811,69.35826282973669,69.42723740727897,69.49583593890343,69.56408658821661,69.63201751882505,69.6996568943353,69.7670328783539,69.83417363448741,69.90110732634236,69.96786211752529,70.03446617164275,70.10094765230129,70.16733472310744,70.23365554766777,70.29993828958881,70.36621111247709,70.43250217993918,70.4988396555816,70.56525170301092,70.63176648583367,70.69841216765639,70.76521691208562,70.83220888272794,70.89941624318985,70.96686715707791,71.03459010634172,71.10264130856808,71.17112584700027,71.2401537789915,71.30983516189502,71.38028005306406,71.45159850985185,71.52390058961163,71.59729634969662,71.67189584746006,71.74780914025521,71.82514628543528,71.9040173403535,71.98453236236311,72.06680140881735,72.15093453706946,72.23704180447267,72.32523326838019,72.41561898614528,72.50830901512116,72.60341341266108,72.70104223611825,72.80130554284594,72.90431339019734,73.01017583552573,73.11900293618432,73.23088480862758,73.3457156699205,73.46327854667653,73.58335518929167,73.70572734816183,73.830176773683,73.95648521625108,74.08443442626206,74.2138061541119,74.3443821501965,74.47594416491185,74.6082739486539,74.74115325181859,74.87436382480188,75.0076874179997,75.14090578180803,75.2738006666228,75.40615382283998,75.53774700085552,75.66836195106534,75.79778042386543,75.9257841696517,76.05215493882015,76.17667448176671,76.2991245488873,76.41928687743791,76.53693652954769,76.65183105170816,76.76372515216795,76.87237353917567,76.97753092097996,77.07895200582944,77.17639150197273,77.26960411765849,77.35834456113531,77.44236754065184,77.5214277644567,77.59527994079853,77.66367877792594,77.72637898408756,77.78313526753203,77.83370233650795,77.87783489926399,77.91528766404873,77.94581533911085,77.96917263269893,77.98511425306162,77.99339490844754,77.99376930710534,77.98599215728362,77.96981816723101,77.94496511958721,77.91053056215421,77.86509739205938,77.80723292843885,77.73550449042871,77.64847939716506,77.544724967784,77.42280852142167,77.28129737721414,77.11875885429754,76.93376027180796,76.72486894888151,76.49065220465428,76.22967735826242,75.940511728842,75.62172263552911,75.2718773974599,74.88954333377045,74.47328776359689,74.02167800607528,73.53328138034175,73.0066652055324,72.44039680078336,71.83304348523073,71.18317257801058,70.48935139825905
66.19830877533687,66.15679812989114,66.12582211776271,66.10488982965074,66.09351035625446,66.09119278827305,66.09744621640574,66.1117797313517,66.13370242381016,66.1627233844803,66.19835170406134,66.24009647325244,66.28746678275284,66.33997172326173,66.3971203854783,66.45842186010178,66.52338523783133,66.59151960936619,66.66233406540553,66.73533769664854,66.81003959379447,66.8859488475425,66.96257454859179,67.03942578764159,67.1160116553911,67.19184124253951,67.26643154032172,67.33956055026417,67.41132083226017,67.48182367339894,67.55118036076954,67.6195021814612,67.68690042256307,67.75348637116426,67.81937131435396,67.88466653922131,67.9494833328555,68.01393298234561,68.07812677478086,68.14217599725035,68.20619193684331,68.27028588064883,68.33456911575607,68.3991529292542,68.46414860823239,68.52966743977976,68.59582071098549,68.66271970893871,68.7304757207286,68.79920003344432,68.869003934175,68.93999871000977,69.01227808513559,69.08582739786553,69.16059068116857,69.23651188670388,69.31353496613065,69.39160387110809,69.47066255329537,69.55065496435168,69.63152505593621,69.71321677970818,69.79567408732674,69.8788409304511,69.96266126074045,70.04707902985399,70.13203818945092,70.21748269119038,70.30335648673162,70.38960352773381,70.47616776585613,70.56299315275777,70.65002364009794,70.73720317953584,70.82447572273063,70.91178522134149,70.99907562702765,71.08629116756373,71.17340012728141,71.26041317423145,71.34734529076815,71.43421145924583,71.52102666201884,71.6078058814415,71.69456409986816,71.78131629965316,71.86807746315083,71.95486257271546,72.04168661070145,72.12856455946309,72.21551140135475,72.30254211873071,72.38967169394533,72.47691510935297,72.56428734730795,72.65180339016459,72.73947822027722,72.82732682000017,72.9153641716878,73.00360525769443,73.09206506037441,73.18075856208202,73.26970074517166,73.35890727863628,73.4484005770071,73.53820688351249,73.62835248532565,73.71886366961982,73.80976672356829,73.90108793434425,73.99285358912093,74.08508997507161,74.17782337936953,74.27108008918788,74.36488639169991,74.45926857407889,74.55425292349804,74.64986572713059,74.74613327214979,74.84308184572888,74.94073773504107,75.03912722725963,75.13827660955778,75.23821216910878,75.33896019308582,75.4405469686622,75.54299878301111,75.64634192330584,75.75060244438862,75.85568837697897,75.96119805463957,76.0666796274478,76.17168124548104,76.2757510588167,76.37843721753217,76.47928787170483,76.57785117141205,76.67367526673124,76.76630830773979,76.85529844451509,76.9401938271345,77.02054260567544,77.09589293021531,77.16579295083147,77.22979081760133,77.28743468060225,77.33827268991163,77.38185299560689,77.4177237477654,77.44543309646451,77.46452919178165,77.47456018379421,77.4750742225796,77.46561945821514,77.44581335596268,77.41643765957244,77.37924019317745,77.33599802325429,77.28848821627946,77.2384878387295,77.18777395708088,77.1381236378102,77.09131394739396,77.04912195230864,77.01332471903083,76.98569931403702,76.96802280380373,76.96207225480751,76.96962473352485,76.9924573064323,77.03234704000639,77.09107100072362,77.17040625506053,77.27212986949363,77.39801891049947,77.54985044455455,77.72940153813542,77.93844925771859,78.17877066978056,78.4521428407979
67.62057125403727,67.57068969497793,67.52630244628556,67.48730815721456,67.45360547701932,67.42509305495423,67.40166954027373,67.38323358223215,67.36968383008394,67.36091893308347,67.35683754048515,67.35733830154334,67.36231986551249,67.37168088164694,67.38531999920113,67.40313586742944,67.42502713558628,67.45089245292601,67.48063046870305,67.5141398321718,67.55131919258663,67.59206719920198,67.6362825012722,67.68386374805172,67.73470958879491,67.78871867275618,67.84578869182923,67.90578570954688,67.96853767230296,68.03387025719192,68.10160914130819,68.17158000174618,68.24360851560033,68.31752035996504,68.39314121193478,68.47029674860393,68.54881264706694,68.62851458441824,68.70922823775223,68.79077928416336,68.87299340074605,68.95569626459474,69.03871355280381,69.12187094246772,69.2049941106809,69.28790873453775,69.37044049113273,69.45241505756024,69.5336581109147,69.61399532829057,69.69325238678223,69.77125496348415,69.84785819699951,69.92309904163164,69.99708374078787,70.06991867427135,70.1417102218853,70.21256476343291,70.28258867871736,70.35188834754186,70.42057014970959,70.48874046502377,70.55650567328755,70.62397215430413,70.69124628787671,70.75843445380849,70.82564303190267,70.89297840196241,70.96054694379093,71.0284550371914,71.09680906196704,71.165715397921,71.23528042485651,71.30561052257676,71.37681207088491,71.44899144958418,71.52225503847777,71.59670876333831,71.67241899252906,71.74938240072777,71.82758856838521,71.90702707595221,71.98768750387956,72.06955943261806,72.15263244261851,72.2368961143317,72.32234002820843,72.40895376469953,72.49672690425577,72.58564902732795,72.67570971436689,72.76689854582338,72.85920510214821,72.95261896379219,73.04712971120611,73.1427269248408,73.23940018514702,73.33713907257561,73.43593316757733,73.53577205060301,73.63664530210345,73.73854250252941,73.84145323233174,73.94536204855164,74.05020415825464,74.15588675797447,74.26231672274665,74.36940092760668,74.47704624759008,74.58515955773238,74.69364773306907,74.80241764863568,74.91137617946772,75.0204302006007,75.12948658707013,75.23845221391153,75.34723395616044,75.45573868885232,75.56387328702272,75.67154462570714,75.7786595799411,75.88512502476013,75.99084783519972,76.09573488629539,76.19969305308265,76.30262921059703,76.40445023387403,76.50506299794917,76.6043742081203,76.70220434295584,76.79814762072814,76.89176159637586,76.98260382483755,77.0702318610519,77.15420325995743,77.23407557649281,77.30940636559663,77.37975318220748,77.444673581264,77.50372511770476,77.5564653464684,77.60245182249352,77.64124210071873,77.67239373608263,77.69546428352382,77.71001129798094,77.71559233439257,77.71176494769733,77.69808669283381,77.67411512474067,77.63940779835644,77.59352226861981,77.53601609046932,77.46644681884362,77.38447870451438,77.29156815482489,77.19065865029216,77.08473868373784,76.97679674798351,76.86982133585084,76.76680094016142,76.67072405373688,76.58457916939886,76.51135477996897,76.45403937826883,76.41562145712007,76.39908950934431,76.40743202776318,76.4436375051983,76.51069443447129,76.61159130840377,76.74931661981738,76.92685886153372,77.14720652637442,77.41334810716114,77.72827209671544,78.09496698785901,78.51642127341341,78.99562344620031,79.5355619990413
66.89806688231067,66.87301511724331,66.8557302827322,66.84590632482666,66.84323718957602,66.8474168230296,66.85813917123677,66.87509818024682,66.8979877961091,66.92650196487295,66.96033463258769,66.99917974530264,67.04273124906715,67.09068308993055,67.14272921394216,67.19856356715133,67.25788009560736,67.32037274535962,67.38573546245742,67.4536621929501,67.52384688288699,67.59598347831741,67.66976592529069,67.74488816985618,67.82104415806322,67.8979278359611,67.97523666322907,68.05278417946705,68.13052381879825,68.20841734395002,68.28642651764976,68.36451310262484,68.44263886160263,68.52076555731051,68.59885495247588,68.67686880982608,68.75476889208849,68.8325169619905,68.9100747822595,68.98740411562284,69.0644667248079,69.14122437254208,69.21763882155273,69.29367183456723,69.36928517431298,69.44444060351734,69.51909988490767,69.59322478121138,69.6667770551558,69.73971846946836,69.81201078687641,69.88361577010733,69.95450730312052,70.02473407358977,70.09437327653085,70.16350216307633,70.23219798435883,70.30053799151095,70.36859943566526,70.43645956795436,70.50419563951084,70.5718849014673,70.63960460495633,70.70743200111053,70.77544434106247,70.84371887594476,70.91233285688999,70.98136353503075,71.05088816149964,71.12098398742924,71.19172826395216,71.26319824220097,71.33547117330828,71.40862430840667,71.48273489862875,71.55788019510709,71.6341374489743,71.7115834031364,71.79025052125924,71.87009325422974,71.95105811189464,72.03309160410065,72.1161402406945,72.20015053152292,72.28506898643259,72.37084211527029,72.45741642788272,72.5447384341166,72.63275464381864,72.72141156683558,72.81065571301414,72.90043359220105,72.99069171424303,73.08137658898679,73.17243472627905,73.26381263596656,73.35545682789602,73.44731381191417,73.53933009786772,73.63145219560339,73.7236266149679,73.815799865808,73.90791845797038,73.99993564951754,74.09187099298337,74.18378166895279,74.27572528989653,74.36775946828526,74.45994181658973,74.55232994728064,74.6449814728287,74.73795400570464,74.83130515837915,74.92509254332296,75.01937377300676,75.1142064599013,75.20964821647726,75.30575665520536,75.40258938855632,75.50020402900086,75.59865818900967,75.69800948105348,75.798315517603,75.89963391112894,76.00202227410202,76.10553821899293,76.21023935827243,76.31618330441118,76.42342738417084,76.5318837840919,76.64108384048909,76.75049717651224,76.85959341531118,76.96784218003576,77.07471309383581,77.17967577986117,77.28219986126167,77.38175496118714,77.47781070278744,77.56983670921238,77.65730260361181,77.73967800913557,77.81643254893349,77.88703584615541,77.95095752395115,78.00766720547057,78.05663451386349,78.09732907227975,78.12922050386918,78.15177843178164,78.16447247916693,78.16677226917493,78.15814742495543,78.1380675696583,78.10606908043673,78.06280959309399,78.00987712735513,77.94888786479034,77.88145798696985,77.80920367546385,77.73374111184253,77.65668647767613,77.57965595453486,77.5042657239889,77.43213196760846,77.36487086696374,77.30409860362496,77.25143135916232,77.20848531514604,77.1768766531463,77.1582215547333,77.15413620147729,77.16623677494843,77.19613945671695,77.24546042835306,77.31581587142693,77.40882196750883,77.52609489816889,77.66925084497737,77.83990598950447
67.58946561019202,67.40483464280545,67.2435099428186,67.10444618423583,66.98659804106148,66.88892018729999,66.81036729695568,66.74989404403294,66.70645510253613,66.67900514646962,66.66649884983781,66.66789088664505,66.68213593089573,66.70818865659419,66.74500373774481,66.791535848352,66.84673966242008,66.90956985395346,66.97898109695649,67.05392806543355,67.133365433389,67.21624787482723,67.30153006375261,67.3881666741695,67.47511238008227,67.56132185549532,67.645765852138,67.72794628213651,67.80800518926117,67.88612272744523,67.96247905062202,68.03725431272485,68.110628667687,68.18278226944176,68.25389527192246,68.32414782906237,68.39372009479482,68.46279222305307,68.53154436777044,68.60015668288023,68.66880932231572,68.73768244001025,68.8069561898971,68.87681072590955,68.9474262019809,69.0189827720445,69.09166059003357,69.16563980988147,69.24110058552148,69.3182230708869,69.39718741991102,69.47817378652715,69.56131727129173,69.6464749370234,69.73339788767304,69.82183701861103,69.91154322520782,70.00226740283381,70.09376044685936,70.18577325265494,70.2780567155909,70.3703617310377,70.46243919436571,70.55404000094538,70.64491504614706,70.7348152253412,70.8234914338982,70.91069456718844,70.99617552058237,71.07968518945037,71.16097446916288,71.23979425509026,71.31589544260295,71.38902892707135,71.45894560386586,71.5253963683569,71.58813211591487,71.64690663767428,71.70172601821446,71.75304084190014,71.80134693940961,71.84714014142122,71.89091627861326,71.93317118166408,71.974400681252,72.01510060805535,72.05576679275245,72.0968950660216,72.13898125854115,72.18252120098944,72.22801072404476,72.27594565838544,72.32682183468982,72.38113508363622,72.43938123590294,72.50205612216834,72.56965557311074,72.64267541940843,72.72161149173976,72.80695962078308,72.89921563721666,72.99887537171884,73.10643465496797,73.22231940927826,73.34626877719495,73.47763209222508,73.61575421374037,73.75998000111254,73.90965431371329,74.06412201091436,74.22272795208745,74.38481699660431,74.54973400383662,74.71682383315613,74.88543134393453,75.05490139554354,75.2245788473549,75.3938085587403,75.5619353890715,75.72830419772018,75.89225984405806,76.05314718745689,76.21031108728835,76.36309640292419,76.5108479937361,76.65291071909583,76.78862943837507,76.91734901094554,77.0384146681021,77.15136057808992,77.25621668268718,77.35309325906826,77.44210058440753,77.52334893587938,77.59694859065822,77.66300982591838,77.72164291883428,77.77295814658027,77.81706578633077,77.85407611526013,77.88409941054275,77.90724594935301,77.92362600886528,77.93334986625396,77.93652779869342,77.93327008335802,77.9236869974222,77.90788881806029,77.88598582244668,77.85808828775576,77.82430649116193,77.78475070983954,77.73953122096299,77.68875830170666,77.63256984149902,77.57156752934905,77.50673790005722,77.43907913734365,77.36958942492849,77.29926694653187,77.22910988587394,77.16011642667482,77.09328475265468,77.02961304753364,76.97009949503185,76.91574227886943,76.86753958276655,76.82648959044333,76.79359048561992,76.76984045201645,76.75623767335307,76.75378033334991,76.76346661572711,76.78629470420482,76.82326278250318,76.87536903434231,76.94361164344238,77.02898879352351,77.13249866830584,77.25513945150952
66.86121141229138,66.79133393574072,66.73444301829396,66.68997159971353,66.65735261976197,66.63601901820171,66.62540373479524,66.62493970930507,66.63405988149364,66.65219719112345,66.67878457795696,66.71325498175668,66.75504134228507,66.8035765993046,66.85829369257776,66.91862556186703,66.98400514693489,67.05386538754382,67.1276392234563,67.20475959443479,67.28465944024178,67.36677170063976,67.4505293153912,67.53536522425857,67.62071236700437,67.70600368339106,67.79068005104169,67.87444459097252,67.95731646864792,68.03933366520172,68.12053416176781,68.20095593948001,68.28063697947216,68.35961526287814,68.43792877083175,68.51561548446686,68.59271338491733,68.669260453317,68.74529467079968,68.82085401849928,68.89597647754958,68.97070002908448,69.04506265423781,69.1191023341434,69.19285704993511,69.2663647827468,69.3396635137123,69.41279122396546,69.48578589464012,69.55868550687013,69.63152804178934,69.7043514805316,69.77718822039017,69.85003619912358,69.92288022212456,69.99570506893473,70.06849551909566,70.141236352149,70.21391234763631,70.28650828509923,70.35900894407935,70.43139910411828,70.50366354475764,70.57578704553903,70.64775438600404,70.71955034569429,70.7911597041514,70.86256724091693,70.93375773553254,71.00471596753981,71.07542671648034,71.14587476189575,71.21604488332765,71.28592186031763,71.35549047240731,71.4247354991383,71.49364172005218,71.56219445709675,71.63042628935801,71.69845305527015,71.76639906836391,71.83438864217003,71.90254609021923,71.97099572604223,72.03986186316979,72.10926881513262,72.17934089546146,72.25020241768703,72.3219776953401,72.39479104195135,72.46876677105153,72.5440291961714,72.62070263084165,72.69891138859303,72.77877978295628,72.86043212746212,72.94399273564127,73.02958592102449,73.11733599714249,73.20736727752602,73.2998040757058,73.39477070521255,73.49239147957702,73.59277442583704,73.69586757252414,73.80152813468546,73.90961228503258,74.01997619627706,74.1324760411305,74.24696799230448,74.36330822251055,74.48135290446032,74.60095821086534,74.72198031443722,74.84427538788752,74.9676996039278,75.09210913526968,75.2173601546247,75.34330883470444,75.46981134822052,75.59672386788448,75.72390256640792,75.85120361650239,75.97848319087949,76.10559746225078,76.23240260332787,76.35875478682232,76.48451018544569,76.60952480484683,76.7335697828,76.85619356244004,76.97690850134882,77.0952269571082,77.21066128730007,77.3227238495063,77.43092700130876,77.53478310028933,77.63380450402987,77.72750357011226,77.81539265611838,77.89698411963009,77.97179031822927,78.0393236094978,78.09909635101754,78.15062090037036,78.19340961513815,78.22697485290277,78.25082897124611,78.26448432775001,78.26745327999639,78.25924818556707,78.23938140204396,78.20736528700893,78.16271219804383,78.10501170691035,78.03515034229622,77.95509080551994,77.86682837263217,77.77235831968348,77.67367592272448,77.5727764578058,77.47165520097805,77.37230742829183,77.27672841579776,77.18691343954644,77.1048577755885,77.03255669997455,76.97200548875519,76.92519941798102,76.89413376370268,76.88080380197077,76.8872048088359,76.91533206034867,76.9671808325597,77.04474640151963,77.15002404327902,77.28500903388851,77.45169664939871,77.65208216586024,77.88816085932369
66.53080619598845,66.60915756994297,66.68003705036102,66.74396395277387,66.80145759271271,66.85303728570878,66.89922234729333,66.94053209299757,66.97748583835275,67.0106028988901,67.04040259014083,67.06740422763617,67.09212712690739,67.11509060348568,67.13681397290229,67.15781655068845,67.17861765237538,67.19973659349434,67.22169268957651,67.24500525615318,67.27019360875553,67.29777706291483,67.32827493416228,67.36220653802914,67.40009119004661,67.44244820574595,67.48978597686404,67.54225200534007,67.59955886426502,67.66139323329148,67.72744179207203,67.79739122025927,67.87092819750579,67.94773940346418,68.02751151778703,68.10993122012692,68.19468519013645,68.2814601074682,68.36994265177478,68.45981950270877,68.55077733992275,68.64250284306931,68.73468269180104,68.82700356577054,68.9191521446304,69.0108151080332,69.10167913563154,69.191430907078,69.27975710202517,69.36634440012564,69.45087948103202,69.53304902439686,69.61259200588937,69.6895701353922,69.76416811527145,69.83657089000441,69.9069634040684,69.97553060194073,70.04245742809867,70.10792882701952,70.17212974318059,70.23524512105918,70.29745990513258,70.3589590398781,70.41992746977304,70.48055013929468,70.54101199292033,70.6014979751273,70.66219303039287,70.72328210319435,70.78495013800902,70.84738207931422,70.9107628715872,70.97527745930529,71.04111078694578,71.10844779898596,71.17747343990314,71.24837155708045,71.32123041357126,71.39596986847353,71.47249263878878,71.55070144151853,71.63049899366429,71.71178801222759,71.79447121420993,71.87845131661284,71.96363103643783,72.04991309068643,72.13720019636015,72.22539507046051,72.31440042998902,72.40411899194721,72.49445347333659,72.58530659115868,72.676581062415,72.76817960410706,72.86000493323638,72.95195976680449,73.0439468218129,73.13586881526311,73.22762846415665,73.31912848549506,73.41027159627984,73.50097622143318,73.59131510049016,73.68144856035158,73.7715379332252,73.86174455131875,73.95222974683996,74.04315485199659,74.13468119899638,74.22697012004704,74.32018294735636,74.41448101313203,74.51002564958183,74.60697818891349,74.70549996333476,74.80575230505335,74.90789654627702,75.0120940192135,75.11850605607057,75.22729398905594,75.33861915037733,75.45264287224252,75.56952648685923,75.68943132643521,75.8125187231782,75.93895000929594,76.06888614174704,76.20229745093924,76.33865406020877,76.47734503908275,76.61775945708835,76.75928638375274,76.90131488860304,77.04323404116644,77.18443291097012,77.32430056754117,77.4622260804068,77.59759851909415,77.72980695313038,77.85824045204265,77.9822880853581,78.10133892260392,78.21478203330724,78.32200648699524,78.42240135319506,78.51535570143385,78.60025860123879,78.67649912213703,78.74346633365572,78.80054930532204,78.84713710666311,78.88261880720611,78.90641240136515,78.91842173126481,78.91895377964157,78.90832773191855,78.8868627735189,78.85487808986575,78.81269286638224,78.76062628849151,78.6989975416167,78.62812581118098,78.54833028260744,78.45993014131923,78.36324457273952,78.25859276229143,78.14629389539809,78.02666715748263,77.90003173396823,77.76670681027801,77.62701157183511,77.48126520406265,77.3297868923838,77.17289582222168,77.01091117899942,76.84415214814018,76.67293791506711,76.49758766520331
67.06377057979401,66.95950907399107,66.87191970646576,66.8002482884515,66.74374063118172,66.70164254588984,66.67319984380929,66.65765833617348,66.65426383421584,66.6622621491698,66.68089909226877,66.70942047474618,66.74707210783546,66.79309980277003,66.8467493707833,66.90726662310871,66.97389737097967,67.04588742562962,67.12248259829195,67.20292870020012,67.28647154258753,67.37235693668762,67.4598306937338,67.5481386249595,67.63652654159816,67.72424025488316,67.81053683228129,67.8950452138567,67.97784250451917,68.05903249062038,68.13871895851204,68.21700569454586,68.29399648507355,68.36979511644681,68.44450537501736,68.51823104713688,68.5910759191571,68.66314377742972,68.73453840830646,68.80536359813901,68.87572313327907,68.94572080007836,69.01546038488858,69.08504567406146,69.15458045394867,69.22416851090195,69.29391363127299,69.36391960141349,69.43429020767516,69.50512923640972,69.57654047396888,69.64862770670432,69.72147899211016,69.79508532023988,69.86940068920403,69.94437902429443,70.01997425080287,70.09614029402117,70.1728310792411,70.25000053175447,70.32760257685308,70.40559113982874,70.48392014597324,70.56254352057839,70.64141518893597,70.72048907633777,70.79971910807564,70.87905920944132,70.95846330572665,71.03788532222342,71.11727918422342,71.19659881701845,71.27579814590032,71.35483109616084,71.43365159309177,71.51221356198494,71.59047092813213,71.66837816474971,71.7459374829789,71.82323520037683,71.90036619582139,71.97742534819052,72.05450753636211,72.1317076392141,72.2091205356244,72.2868411044709,72.36496422463155,72.44358477498426,72.52279763440694,72.60269768177751,72.68337979597388,72.76493885587398,72.8474697403557,72.93106732829699,73.01582649857575,73.1018421300699,73.18920910165735,73.27802229221602,73.36837658062382,73.46036684575867,73.5540879664985,73.64963482172122,73.74710229030474,73.84656261673285,73.94786568520163,74.05073517052553,74.15489329891778,74.26006229659167,74.3659643897604,74.47232180463726,74.57885676743547,74.68529150436828,74.79134824164895,74.89674920549072,75.00121662210685,75.10447271771056,75.20623971851514,75.30623985073379,75.40419534057979,75.49982841426637,75.59286129800681,75.68301621801432,75.77001540050215,75.85358107168358,75.93343545777182,76.00930078498014,76.08089927952179,76.14795316761,76.21018489696822,76.26742944249636,76.31981705217747,76.36752582019562,76.41073384073488,76.44961920797931,76.484360016113,76.51513435932002,76.54212033178442,76.56549602769029,76.58543954122169,76.6021289665627,76.61574239789739,76.62645792940981,76.63445365528406,76.6399076697042,76.64299806685429,76.64390294091841,76.64280038608064,76.63986849652503,76.63528536643565,76.62922908999661,76.62187776139193,76.61340947480572,76.60400232442203,76.59383440442492,76.58309773351593,76.57221821877542,76.56181584024559,76.55251645237442,76.54494590960992,76.53973006640007,76.53749477719285,76.53886589643625,76.54446927857828,76.5549307780669,76.57087624935012,76.59293154687593,76.62172252509231,76.65787503844726,76.70201494138875,76.75476808836478,76.81676033382335,76.88861753221245,76.97096553798005,77.06443020557414,77.16963738944274,77.2872129440338,77.41778272379534,77.56197258317533,77.72040837662176,77.89371595858265
66.98228093497193,66.84712674480626,66.7342287629972,66.64249008906391,66.57081382252554,66.51810306290125,66.48326090971018,66.46519046247151,66.46279482070439,66.47497708392797,66.50064035166142,66.53868772342389,66.58802229873456,66.64754717711256,66.71616545807704,66.7927802411472,66.87629462584215,66.96561171168109,67.05963459818315,67.1572663848675,67.25741017125328,67.35896905685968,67.46084614120583,67.56194452381091,67.66116730419405,67.75741758187444,67.84961664866232,67.93728681576337,68.02067471708504,68.10007010900267,68.17576274789153,68.24804239012694,68.31719879208421,68.38352171013864,68.44730090066554,68.50882612004023,68.56838712463798,68.62627367083412,68.68277551500395,68.7381824135228,68.79278412276592,68.84687039910868,68.90073099892635,68.95465567859424,69.00893419448765,69.0638563029819,69.11971176045229,69.17679032327413,69.23538174782271,69.29577579047336,69.35826220760137,69.42313075558205,69.49062468581732,69.56070025373907,69.6332043419714,69.70798361783764,69.78488474866109,69.86375440176504,69.9444392444728,70.0267859441077,70.11064116799304,70.1958515834521,70.28226385780822,70.36972465838468,70.45808065250482,70.5471785074919,70.63686489066929,70.72698646936024,70.81738991088808,70.90792188257613,70.99842905174768,71.08875808572603,71.1787556518345,71.2682684173964,71.35714304973503,71.4452262161737,71.53236458403572,71.61840585853365,71.70328817098174,71.78710896869549,71.86998191601006,71.9520206772606,72.03333891678233,72.11405029891036,72.19426848797987,72.27410714832602,72.353679944284,72.43310054018895,72.51248260037605,72.59193978918044,72.67158577093733,72.75153420998184,72.83189877064918,72.91279311727448,72.9943309141929,73.07662582573964,73.15979151624984,73.24394165005867,73.3291898915013,73.4156499049129,73.5034353546286,73.59265990498362,73.6834372203131,73.77586722095273,73.8699148061877,73.96546823876218,74.06241490180447,74.1606421784428,74.26003745180543,74.3604881050206,74.46188152121657,74.56410508352161,74.66704617506394,74.77059217897185,74.87463047837358,74.97904845639736,75.08373349617149,75.18857298082419,75.29345429348372,75.39826481727835,75.50289193533631,75.60722303078586,75.71114548675527,75.81454668637276,75.91731401276661,76.01933484906507,76.12049657839641,76.22068658388886,76.31979218180912,76.41766672274001,76.51407443077515,76.6087650879064,76.70148847612562,76.79199437742461,76.88003257379525,76.96535284722935,77.04770497971879,77.12683875325537,77.20250394983097,77.27445035143741,77.34242774006653,77.4061858977102,77.46547460636023,77.52004364800848,77.56964280464679,77.614021858267,77.65293059086095,77.68611878442049,77.71333622093745,77.73433268240369,77.74885795081103,77.75666180815134,77.75749403641643,77.75110441759817,77.7372610503997,77.71603969703425,77.68777140887885,77.65279496467308,77.61144914315649,77.5640727230687,77.51100448314928,77.4525832021378,77.38914765877385,77.321036631797,77.24858889994684,77.17214324196294,77.09203843658491,77.0086132625523,76.92220649860471,76.8331569234817,76.74180331592287,76.64848445466778,76.55353911845604,76.45730608602722,76.36012413612089,76.26233204747662,76.16426859883403,76.06627256893267,75.96868273651214,75.87183788031201
67.57058441099022,67.28706345276271,67.03855403899951,66.82344899746354,66.64014115591776,66.48702334212508,66.36248838384844,66.26492910885078,66.19273834489502,66.14430891974408,66.1180336611609,66.1123053969084,66.12551695474951,66.15606116244719,66.20233084776433,66.26271883846388,66.33561796230877,66.41942104706193,66.5125209204863,66.61331041034478,66.72018234440034,66.83152955041588,66.94574485615432,67.06122108937863,67.1763510778517,67.2895276493365,67.39916753707467,67.50447724049461,67.60561505123395,67.7027959257689,67.79623482057562,67.8861466921303,67.9727464969091,68.0562491913882,68.1368697320438,68.21482307535204,68.29032417778913,68.36358799583122,68.43482948595451,68.50426360463516,68.57210530834934,68.63856955357323,68.70387129678303,68.7682254944549,68.831847103065,68.89495107908954,68.95775237900467,69.02046595928658,69.08330677641145,69.14648978685544,69.21022994709473,69.2747422136055,69.34021577894414,69.40668083888416,69.47410699627657,69.54246373469503,69.61172053771313,69.68184688890449,69.75281227184274,69.82458617010151,69.8971380672544,69.97043744687504,70.04445379253706,70.11915658781406,70.19451531627968,70.27049946150751,70.34707850707122,70.42422193654438,70.50189923350065,70.58007988151364,70.65873336415694,70.73782916500421,70.81733676762906,70.89722565560508,70.97746531250594,71.05802522190523,71.13887486737657,71.21998404250027,71.30134955018914,71.38301577938219,71.46503196287293,71.54744733345485,71.63031112392147,71.71367256706628,71.79758089568278,71.88208534256445,71.96723514050483,72.05307952229737,72.1396677207356,72.22704896861303,72.31527249872313,72.40438754385941,72.49444333681538,72.58548911038453,72.67757409736036,72.77074753053637,72.86505864270605,72.96055666666291,73.05729083520046,73.15531038111219,73.25466453719157,73.35540253623215,73.4575736110274,73.56120971708461,73.66617307785145,73.77222957862766,73.87914399896671,73.98668111842204,74.09460571654712,74.20268257289538,74.3106764670203,74.41835217847535,74.52547448681392,74.63180817158951,74.73711801235558,74.84116878866556,74.94372528007291,75.04455226613109,75.14341452639356,75.24007684041375,75.33430398774513,75.42586074794116,75.51451190055529,75.60002222514096,75.68215650125164,75.76067950844077,75.83535602626182,75.90595083426824,75.97222897979464,76.03409154300991,76.09179655638223,76.14565989311248,76.19599742640153,76.24312502945024,76.28735857545949,76.32901393763014,76.36840698916306,76.40585360325913,76.44166965311919,76.47617101194415,76.50967355293484,76.54249314929216,76.57494567421695,76.6073470009101,76.64001300257247,76.67325955240494,76.70740252360837,76.74275778938362,76.77964122293156,76.81836869745308,76.85925608614903,76.90261926222028,76.94877409886772,76.99803646929219,77.0506792684376,77.10625349083799,77.16371112157093,77.22198601426189,77.28001202253633,77.33672300001969,77.39105280033743,77.44193527711502,77.48830428397788,77.52909367455149,77.56323730246129,77.58966902133274,77.60732268479128,77.61513214646239,77.6120312599715,77.59695387894406,77.56883385700556,77.5266050477814,77.46920130489708,77.39555648197802,77.3046044326497,77.19527901053756,77.06651406926704,76.91724346246363,76.74640104375274,76.55292066675986
67.3014170541746,67.1396267923749,67.00182271179038,66.88687334677374,66.79364723167764,66.72101290085472,66.66783888865767,66.63299372943914,66.61534595755178,66.61376410734827,66.6271167131813,66.65427230940348,66.6940994303675,66.74546661042604,66.80724238393174,66.87829528523727,66.9574938486953,67.04370660865847,67.13580209947948,67.23264885551097,67.33311541110561,67.43607030061607,67.54038205839498,67.64491921879505,67.74855031616893,67.85014388486927,67.94858578487147,68.04333426339085,68.13453738410335,68.22238427882772,68.30706407938268,68.38876591758698,68.46767892525934,68.54399223421849,68.61789497628318,68.68957628327213,68.75922528700407,68.82703111929776,68.8931829119719,68.95786979684524,69.02128090573653,69.08360537046447,69.14503232284781,69.20575089470529,69.26595021785565,69.32581942411758,69.38554764530987,69.44532401325121,69.50533765976036,69.56577771665604,69.626833315757,69.68869358888195,69.75152444634972,69.81534849172273,69.88013371503581,69.94584799881686,70.01245922559376,70.0799352778944,70.14824403824669,70.21735338917851,70.28723121321777,70.35784539289234,70.42916381073013,70.50115434925901,70.57378489100691,70.64702331850168,70.72083751427125,70.7951953608435,70.87006474074632,70.9454135365076,71.02120963065524,71.09742090571712,71.17401524422114,71.2509605286952,71.3282246416672,71.40577546566502,71.48358088321653,71.56160895152844,71.63984294669498,71.71829295800121,71.79697180408792,71.87589230359592,71.95506727516597,72.03450953743888,72.11423190905545,72.19424720865645,72.2745682548827,72.35520786637495,72.43617886177404,72.51749405972073,72.59916627885583,72.68120833782011,72.76363305525439,72.84645324979944,72.92968174009606,73.01333134478503,73.09741488250715,73.18194517190322,73.26693503161403,73.35239728028037,73.43834473654302,73.52479021904277,73.61174654642045,73.69922945915111,73.7872834018102,73.87596911112122,73.9653475108051,74.05547952458278,74.14642607617517,74.23824808930321,74.33100648768782,74.42476219504994,74.51957613511047,74.61550923159035,74.71262240821052,74.8109765886919,74.91063269675541,75.01165165612198,75.11409439051253,75.218021823648,75.32349487924931,75.4305744810374,75.53932155273317,75.64979701805757,75.7620618007315,75.87617682447592,75.99220301301175,76.11020129005989,76.23023224204397,76.35218510834694,76.47549951101873,76.59954221588727,76.72367998878046,76.84727959552623,76.96970780195254,77.09033137388725,77.20851707715833,77.3236316775937,77.43504194102125,77.54211463326894,77.64421652016468,77.74071436753637,77.83097494121196,77.91436500701938,77.99025133078653,78.05800067834133,78.11697981551173,78.16655550812563,78.20609452201096,78.23496362299565,78.2525295769076,78.25815914957475,78.25121910682503,78.23107621448635,78.19717422249589,78.15024997325081,78.09211327517087,78.02460641434699,77.94957167687002,77.86885134883083,77.7842877163203,77.69772306542932,77.61099968224873,77.52595985286943,77.4444458633823,77.36829999987819,77.299364548448,77.23948179518257,77.1904940261728,77.15424352750956,77.13257258528374,77.12732348558617,77.14033851450777,77.17345995813939,77.22853010257191,77.3073912338962,77.41188563820315,77.5438556015836,77.70514341012847,77.8975913499286
68.04883920129916,67.75790753142346,67.5007492658417,67.27585809789107,67.08172772090875,66.91685182823188,66.77972411319769,66.66883826914332,66.58268798940597,66.51976696732281,66.47856889623102,66.45758746946778,66.45531638037028,66.47024932227566,66.50087998852115,66.54570207244389,66.60320926738108,66.67189526666988,66.75025376364748,66.83677845165106,66.9299630240178,67.02830117408486,67.13028659518945,67.23441298066871,67.33917402385985,67.44306341810004,67.54459658439465,67.64300676152818,67.7383922713709,67.83090293841403,67.92068858714876,68.00789904206631,68.09268412765789,68.17519366841469,68.25557748882794,68.33398541338882,68.41056726658856,68.48547287291836,68.55885205686943,68.63085464293297,68.7016304556002,68.7713293193623,68.84010105871052,68.90809549813602,68.97546246213004,69.04235177518376,69.10891326178842,69.17529674643521,69.24165205361533,69.30812900782,69.37487743354042,69.4420471552678,69.5097671377259,69.57803761383295,69.64680975742442,69.71603464576286,69.78566335611079,69.85564696573071,69.92593655188517,69.99648319183666,70.06723796284771,70.13815194218084,70.20917620709858,70.28026183486342,70.35135990273791,70.42242148798455,70.49339766786586,70.56423951964437,70.63489812058259,70.70532454794304,70.77546987898825,70.84528519098072,70.91472156118297,70.98373006685755,71.05226178526695,71.12026779367368,71.18769916934029,71.25450794250149,71.3207291710948,71.38654419429032,71.45214924144871,71.51774054193065,71.58351432509681,71.64966682030789,71.71639425692454,71.78389286430746,71.85235887181732,71.92198850881479,71.99297800466056,72.06552358871528,72.13982149033966,72.21606793889435,72.29445916374004,72.37519139423742,72.45846085974715,72.5444637896299,72.63339641324637,72.72545495995722,72.82083565912313,72.91973474010479,73.02234843226286,73.12887296495802,73.23950456755095,73.35440921275027,73.47345563191467,73.59634384531094,73.72277193678012,73.85243799016324,73.98504008930138,74.12027631803556,74.25784476020684,74.39744349965626,74.53877062022487,74.68152420575372,74.82540234008384,74.97010310705627,75.1153245905121,75.26076487429233,75.40612204223804,75.55109417819027,75.69537936599004,75.83867568947842,75.98068123249645,76.12109407888518,76.25961231248564,76.3959340171389,76.52975727668601,76.66078017496798,76.78870083500107,76.91323728078768,77.03415975683158,77.15124696947316,77.26427762505281,77.37303042991093,77.47728409038791,77.57681731282415,77.67140880356006,77.760837268936,77.84488141529239,77.92331994896963,77.99593157630812,78.06249500364825,78.1227889373304,78.176592083695,78.2236831490824,78.26384083983305,78.29684386228732,78.32247092278558,78.34050072766827,78.35071198327577,78.35288339594848,78.34679367202679,78.3322215178511,78.30894563976179,78.27679899259778,78.2365257364462,78.18962611984199,78.13762327740544,78.0820403437568,78.02440045351638,77.96622674130441,77.90904234174118,77.85437038944696,77.803734019042,77.75865636514659,77.720660562381,77.6912697453655,77.67200704872035,77.66439560706581,77.66995855502219,77.69021902720972,77.72670015824869,77.78092508275935,77.854416935362,77.94869885067689,78.0652939633243,78.20572540792448,78.37151631909772,78.56418983146429,78.78526907964445
67.1547386508248,67.03877074185286,66.9425853307813,66.86522971560895,66.8057511943346,66.76319706495708,66.7366146254752,66.72505117388775,66.72755400819355,66.7431704263914,66.77094772648013,66.80993320645854,66.85917416432544,66.91771789807963,66.98461170571993,67.05890288524516,67.13963873465411,67.2258665519456,67.31663363511844,67.41098728217143,67.50797479110341,67.60664345991316,67.70604058659949,67.80521346916122,67.90320940559715,67.99907569390611,68.09187474390471,68.18116821509415,68.26711944120318,68.34992757656569,68.4297917755156,68.5069111923868,68.58148498151321,68.65371229722871,68.72379229386723,68.79192412576268,68.85830694724892,68.9231399126599,68.9866221763295,69.04895289259164,69.11033121578022,69.17095630022915,69.23102730027232,69.29074337024363,69.35030366447701,69.40990733730634,69.46975354306554,69.53004143608851,69.59097017070916,69.65273890126137,69.71554678207909,69.77959296749617,69.84504498085688,69.91187514129602,69.97998137654672,70.0492614679024,70.11961319665642,70.19093434410219,70.26312269153308,70.33607602024252,70.40969211152387,70.48386874667051,70.55850370697586,70.63349477373329,70.70873972823618,70.78413635177795,70.85958242565196,70.93497573115162,71.01021404957034,71.08519516220146,71.15981685033839,71.23397689527454,71.30757307830326,71.380503180718,71.45266498381208,71.52395626887895,71.59427481721197,71.66351953215883,71.73168707604901,71.79894634654862,71.86548377342228,71.93148578643472,71.9971388153506,72.06262928993456,72.12814363995132,72.19386829516553,72.25998968534186,72.32669424024502,72.39416838963965,72.46259856329043,72.53217119096203,72.60307270241915,72.67548952742646,72.74960809574863,72.82561483715033,72.90369618139623,72.984038558251,73.06682839747936,73.15225212884593,73.24049618211541,73.33174698705247,73.4261909734218,73.52401457098804,73.62537806854928,73.73018494604739,73.83819292139432,73.9491580394802,74.06283634519511,74.17898388342915,74.29735669907244,74.41771083701505,74.53980234214713,74.66338725935874,74.78822163354,74.914061509581,75.04066293237186,75.16778194680268,75.29517459776352,75.42259693014454,75.54980498883582,75.67655481872744,75.80260246470952,75.92770397167217,76.0516153845055,76.17409274809957,76.29489210734451,76.41376950713043,76.5304809923474,76.64478260780835,76.75643035910196,76.86518014889205,76.97078786316449,77.07300938790509,77.1716006090997,77.26631741273414,77.35691568479425,77.44315131126586,77.52478017813482,77.60155817138696,77.6732411770081,77.73958508098407,77.80034576930073,77.8552791279439,77.90414104289943,77.94668740015312,77.98267408569085,78.01185698549841,78.03399198556167,78.04883497186644,78.05614183039856,78.05566844714387,78.04717070808822,78.03040449921741,78.00512570651729,77.97112809724555,77.92884172564796,77.87922461619665,77.82325077452536,77.7618942062678,77.69612891705768,77.62692891252871,77.55526819831462,77.48212078004912,77.40846066336593,77.33526185389876,77.26349835728132,77.19414417914733,77.12817332513052,77.0665598008646,77.01027761198327,76.96030076412026,76.9176032629093,76.88315911398406,76.8579423229783,76.84292689552572,76.83908683726004,76.84739615381497,76.86882885082423,76.90435893392153,76.95496040874059
66.40544642568285,66.37634646788808,66.35723415263664,66.34766480923199,66.34719376697755,66.35537635517679,66.37176790313316,66.3959237401501,66.42739919553107,66.4657495985795,66.51053027859885,66.56129656489257,66.61760378676412,66.67900727351692,66.74506235445443,66.81532435888012,66.88934861609741,66.96669045540975,67.04690520612061,67.12954819753342,67.21417475895164,67.3003402196787,67.38759990901808,67.4755091562732,67.56362329074753,67.6514976417445,67.73869364830655,67.82497459714934,67.91034703311483,67.9948319833893,68.07845047515899,68.16122353561018,68.24317219192909,68.32431747130198,68.40468040091514,68.48428200795479,68.56314331960719,68.64128536305861,68.71872916549529,68.79549575410348,68.87160615606946,68.94708139857947,69.02194250881976,69.09621051397659,69.16990644123621,69.24305131778488,69.31566617080885,69.38777202749438,69.45938991502773,69.53054086059515,69.60124589138289,69.6715260345772,69.74140604197434,69.81093365104245,69.88016535898053,69.94915768023121,70.01796712923709,70.08665022044079,70.15526346828487,70.22386338721198,70.2925064916647,70.36124929608565,70.43014831491742,70.4992600626026,70.56864105358383,70.6383478023037,70.7084368232048,70.77896463072975,70.84998773932115,70.9215626634216,70.9937459174737,71.06659401592007,71.14016347320332,71.21451080376602,71.2896925220508,71.36576514250027,71.442785179557,71.52080865893666,71.59984902601808,71.67984470659094,71.76072649008616,71.84242516593461,71.9248715235672,72.0079963524148,72.09173044190833,72.17600458147862,72.26074956055662,72.34589616857319,72.43137519495923,72.51711742914561,72.60305366056325,72.68911467864301,72.77523127281579,72.86133423251249,72.94735434716398,73.03322240620116,73.11886919905493,73.20422551515615,73.28922214393573,73.37378987482457,73.45785949725352,73.54136180065352,73.62422757445542,73.70640560810061,73.78802152313341,73.86930130915658,73.95047210777358,74.03176106058784,74.11339530920279,74.19560199522188,74.27860826024853,74.36264124588621,74.44792809373833,74.53469594540834,74.6231719424997,74.7135832266158,74.80615693936012,74.90112022233609,74.99870021714713,75.09912406539671,75.20261890868824,75.30941188862518,75.41973014681095,75.533800824849,75.65185106434276,75.77410800689567,75.9007987941112,76.03215056759274,76.1683899071095,76.3094579806243,76.45454703102547,76.60272794500024,76.7530716092358,76.90464891041938,77.0565307352382,77.20778797037944,77.35749150253035,77.50471221837812,77.64852100460996,77.78798874791309,77.92218633497473,78.0501846524821,78.17105458712238,78.28386702558282,78.38769285455061,78.48160296071298,78.56466823075712,78.63595955137025,78.6945478092396,78.73950389105235,78.76989868349575,78.784803073257,78.7832879470233,78.76442419148187,78.7273573334335,78.67248662033668,78.60125159623287,78.51512329396145,78.41557274636175,78.30407098627316,78.18208904653504,78.05109795998676,77.9125687594677,77.76797247781718,77.61878014787463,77.46646280247936,77.31249147447076,77.1583371966882,77.00547100197102,76.8553639231586,76.70948699309034,76.56931124460556,76.43630771054364,76.31194742374396,76.19770141704588,76.09504072328875,76.00543637531194,75.93035940595483,75.87128084805678,75.82967173445715
66.77446174923993,66.6434833873666,66.53249065058635,66.44059095944633,66.36689173449365,66.31050039627543,66.27052436533879,66.24607106223084,66.23624790749872,66.24016232168955,66.25692172535044,66.28563353902851,66.32540518327087,66.37534407862468,66.43455764563701,66.50215330485503,66.57723847682581,66.65892058209651,66.74630704121422,66.8385052747261,66.93462270317923,67.03376674712075,67.13504482709777,67.23756436365743,67.34043277734683,67.4427574887131,67.54365841861275,67.6426684610869,67.73981820768044,67.83516788030136,67.92877770085758,68.02070789125705,68.11101867340773,68.19977026921755,68.28702290059447,68.37283678944644,68.4572721576814,68.54038922720731,68.6222482199321,68.70290935776374,68.78243286261016,68.86087895637931,68.93830786097915,69.0147797983176,69.09035499030266,69.16509365884221,69.23905602584425,69.31230231321672,69.38489274286754,69.45688753670468,69.52834691663608,69.5993311045697,69.66989934320647,69.7401048322707,69.80999846853688,69.87963114424615,69.94905375163961,70.01831718295841,70.08747233044366,70.1565700863365,70.22566134287803,70.2947969923094,70.36402792687171,70.43340503880611,70.50297922035372,70.57280136375564,70.64292236125303,70.713393105087,70.78426448749865,70.85558740072914,70.92741273701958,70.9997913886111,71.07277424774482,71.14641220666186,71.22075615760336,71.29585699281043,71.3717656045242,71.4485325929501,71.52618311468277,71.60469749883617,71.68405151146645,71.76422091862966,71.84518148638193,71.92690898077934,72.00937916787798,72.09256781373396,72.17645068440338,72.26100354594233,72.34620216440692,72.43202230585322,72.51843973633734,72.6054302219154,72.69296952864346,72.78103342257764,72.86959766977404,72.95863803628873,73.04813028817784,73.13805019149746,73.22837351230366,73.31907601665257,73.41013347060027,73.50152164020288,73.59321629151647,73.68518599033342,73.77732856705529,73.8695017034131,73.96156262032106,74.05336853869326,74.14477667944391,74.23564426348712,74.32582851173709,74.41518664510795,74.50357588451385,74.59085345086899,74.67687656508748,74.7615024480835,74.84458832077122,74.92599140406476,75.00556891887831,75.08317808612601,75.15867612672203,75.23192026158051,75.30276771161563,75.37107569774153,75.43670144087237,75.4995021619223,75.55933508180549,75.6160574214361,75.66952649548884,75.7196472490105,75.76644960989421,75.8099837583172,75.8502998744568,75.88744813849024,75.92147873059484,75.95244183094788,75.98038761972661,76.00536627710835,76.02742798327034,76.0466229183899,76.06300126264428,76.07661319621077,76.08750889926667,76.09573855198923,76.10135233455574,76.10440042714349,76.10493300992975,76.10300026309181,76.09865236680696,76.09193950125245,76.0829118466056,76.07161958304366,76.05811289074391,76.04244194988364,76.02468474981306,76.00538638708387,75.98547954859539,75.96590865324183,75.94761811991734,75.93155236751609,75.91865581493227,75.90987288106005,75.90614798479359,75.9084255450271,75.91764998065472,75.93476571057063,75.96071715366901,75.99644872884403,76.04290485498989,76.10102995100073,76.17176843577073,76.25606472819408,76.35486324716493,76.46910841157748,76.5997446403259,76.74771635230435,76.91396796640701,77.09944390152806,77.30508857656167,77.53184641040204
67.34059227183211,67.2243721229926,67.12365853663083,67.03781307020876,66.96619728118836,66.90817272703164,66.86310096520056,66.8303435531571,66.80926204836325,66.79921800828099,66.7995729903723,66.80968855209915,66.82892625092352,66.8566476443074,66.89221428971275,66.93498774460159,66.98432956643586,67.03960131267756,67.10016454078867,67.16538080823116,67.23461167246701,67.30721869095821,67.38256342116674,67.46000742055456,67.53891224658368,67.61863945671605,67.69855908569045,67.77832123235203,67.85791351675044,67.93734365322105,68.01661935609917,68.09574833972013,68.17473831841929,68.25359700653195,68.33233211839345,68.41095136833914,68.48946247070432,68.56787313982437,68.64619109003458,68.72442403567028,68.80257969106684,68.88066577055956,68.95868998848378,69.03666005917485,69.11458369696808,69.19246861619881,69.27032253120237,69.34815315631408,69.42596820586931,69.50377539420336,69.58158243565157,69.65939704454927,69.73722500632717,69.81506020257399,69.89289197838052,69.97070966990745,70.04850261331548,70.12626014476528,70.20397160041755,70.28162631643293,70.35921362897217,70.43672287419591,70.51414338826486,70.5914645073397,70.66867556758109,70.74576590514975,70.82272485620635,70.89954175691157,70.97620594342611,71.05270675191065,71.12903351852586,71.20517557943245,71.28112227079109,71.35686292876247,71.43238688950727,71.50768348918618,71.58274206395988,71.65755237190633,71.73214093064497,71.80659902209504,71.88102452063302,71.95551530063535,72.03016923647854,72.10508420253903,72.1803580731933,72.25608872281781,72.33237402578905,72.40931185648348,72.48700008927756,72.56553659854777,72.64501925867057,72.72554594402244,72.80721452897986,72.89012288791926,72.97436889521715,73.06005042525,73.14726535239424,73.23611155102638,73.32668689552287,73.41908926026018,73.51341651961478,73.60976654796315,73.70823721968175,73.8089141614273,73.91176267825762,74.01667978194519,74.1235617004084,74.23230466156565,74.34280489333537,74.45495862363595,74.56866208038576,74.68381149150328,74.80030308490684,74.91803308851489,75.0368977302458,75.156793238018,75.27761583974988,75.39926176335986,75.52162723676632,75.64460848788768,75.76810174464234,75.8920032349487,76.01620918672516,76.14061582789014,76.26511938636203,76.38961609005925,76.51400216690018,76.63817384480323,76.76202710916841,76.88533474604074,77.00754626441771,77.12805878931917,77.24626944576488,77.36157535877469,77.47337365336837,77.58106145456574,77.68403588738664,77.78169407685084,77.87343314797816,77.95865022578842,78.0367424353014,78.10710690153694,78.16914074951482,78.22224110425488,78.2658050907769,78.2992298341007,78.32191245924608,78.33325009123286,78.33263985508084,78.31947887580984,78.29316427843965,78.25309318799007,78.19866272948096,78.12927002793207,78.04443055700307,77.94564767766333,77.83607423504994,77.71891300263239,77.59736675388022,77.47463826226291,77.35393030125,77.23844564431099,77.13138706491539,77.03595733653269,76.95535923263243,76.89279552668411,76.85146899215725,76.83458240252135,76.84533853124591,76.88694015180046,76.96259003765451,77.07549096227757,77.22884569913913,77.42585702170872,77.66972770345586,77.96366051785006,78.3108582383608,78.7145236384576,79.17785949161001,79.7040685712875
67.28061871805578,67.15910831480535,67.05265827186587,66.96067692465792,66.88257260860213,66.8177536591191,66.76562841162946,66.72560520155383,66.69709236431281,66.67949823532702,66.67223115001707,66.67469944380358,66.68631145210715,66.70647551034841,66.73459995394796,66.77009311832644,66.81236333890443,66.86081895110257,66.91486829034147,66.97391969204175,67.03738149162399,67.10466202450884,67.1751696261169,67.24831263186879,67.32349937718512,67.4001381974865,67.4776444866008,67.55566682721744,67.63413483120318,67.7129948414642,67.79219320090664,67.87167625243669,67.95139033896048,68.03128180338419,68.11129698861399,68.19138223755601,68.27148389311644,68.35154829820144,68.43152179571715,68.51135072856975,68.5909814396654,68.67036027191025,68.74943356821049,68.82814767147225,68.9064489246017,68.98428367050502,69.06159825208834,69.13833901225786,69.2144522939197,69.28988443998006,69.36458179334507,69.43849069692091,69.5115727203238,69.58388340170941,69.65551409019969,69.72655620541057,69.79710116695804,69.86724039445805,69.93706530752658,70.00666732577956,70.07613786883299,70.1455683563028,70.21505020780498,70.28467484295548,70.35453368137026,70.42471814266528,70.49531964645652,70.56642961235993,70.63813945999148,70.71054060896712,70.78372447890283,70.85778248941455,70.93280606011827,71.00888661062993,71.08611556056552,71.16458432954096,71.24438433717225,71.32560621260096,71.40827171488692,71.4922812652703,71.5775229338288,71.66388479064018,71.75125490578212,71.83952134933236,71.92857219136862,72.01829550196861,72.10857935121007,72.1993118091707,72.29038094592822,72.38167483156037,72.47308153614485,72.5644891297594,72.65578568248172,72.74685926438954,72.83759794556057,72.92788979607256,73.0176228860032,73.10668528543022,73.19496506443134,73.28235029308429,73.36872904146676,73.4539893796565,73.53801937773125,73.62072426749071,73.70217787749205,73.78254973005444,73.86201044584736,73.94073064554021,74.01888094980244,74.09663197930347,74.17415435471273,74.25161869669965,74.32919562593366,74.40705576308422,74.48536972882073,74.56430814381264,74.64404162872937,74.72474080424034,74.80657629101502,74.8897187097228,74.97433868103313,75.06060682561545,75.14869376413918,75.23877011727376,75.3310065056886,75.42557355005316,75.52264187103685,75.62238208930911,75.72496442494128,75.83035559416523,75.93798831593344,76.04720878000683,76.15736317614629,76.26779769411274,76.37785852366709,76.48689185457022,76.59424387658306,76.69926077946653,76.80128875298149,76.8996739868889,76.99376267094961,77.08290099492459,77.16643514857469,77.24371132166087,77.31407570394398,77.37687448518497,77.43145385514474,77.47716000358417,77.51333912026419,77.53933739494572,77.55450101738963,77.55817617735684,77.54970906460828,77.52844586890483,77.49382568219792,77.44684806292072,77.3898073937869,77.32503725062182,77.25487120925082,77.18164284549928,77.10768573519255,77.03533345415595,76.96691957821486,76.90477768319462,76.85124134492057,76.80864413921807,76.77931964191248,76.76560142882913,76.76982307579338,76.7943181586306,76.84142025316612,76.91346293522527,77.01277978063345,77.14170436521597,77.30257026479822,77.49771105520551,77.72946031226323,78.00015161179668,78.31211852963126,78.66769464159232
67.08696286566763,67.03557627497185,66.99334069051625,66.95988612812545,66.93484260362408,66.91784013283672,66.908508731588,66.90647841570251,66.91137920100488,66.92284110331971,66.94049413847162,66.96396832228521,66.99289367058509,67.02690019919586,67.06561792394217,67.10867686064861,67.15570702513978,67.20633843324032,67.2602011007748,67.31692504356784,67.37614027744405,67.43747681822808,67.50056468174449,67.56503388381793,67.63051444027298,67.69663636693426,67.7630349885876,67.82952102236655,67.89611656071168,67.96285628026791,68.02977485768011,68.09690696959322,68.16428729265212,68.23195050350171,68.29993127878689,68.36826429515253,68.43698422924359,68.50612575770492,68.57572355718142,68.64581230431804,68.71642667575964,68.7876013481511,68.85937099813736,68.93177030236328,69.00483393747382,69.07859658011381,69.15309290692818,69.22835759456186,69.30442531965969,69.38133075886662,69.45910858882752,69.5377934861873,69.61740574209003,69.69787687049191,69.7791045527824,69.86098640375138,69.9434200381888,70.02630307088452,70.10953311662851,70.19300779021063,70.27662470642079,70.36028148004894,70.443875725885,70.52730505871881,70.61046709334033,70.69325944453945,70.7755797271061,70.85732555583022,70.93839454550164,71.01868431091032,71.09809246684617,71.17651662809911,71.253854409459,71.3300034257158,71.40486129165942,71.47832562207975,71.5502940317667,71.62066534161045,71.68944345398782,71.75681740766805,71.82299508673722,71.88818437528138,71.95259315738664,72.01642931713903,72.0799007386247,72.14321530592966,72.20658090313998,72.2702054143418,72.33429672362115,72.3990627150641,72.46471127275677,72.53145028078521,72.59948762323546,72.66903118419364,72.74028884774583,72.81346849797808,72.8887780189765,72.9664252948271,73.04661820961604,73.12956464742933,73.21547249235306,73.30454962847335,73.39700393987621,73.49301123781319,73.59243225000873,73.69494886606174,73.80024092290958,73.9079882574897,74.01787070673953,74.1295681075965,74.24276029699803,74.35712711188154,74.47234838918448,74.58810396584425,74.70407367879827,74.81993736498399,74.93537486133886,75.05006600480024,75.16369063230559,75.27592858079234,75.38645968719791,75.49496378845973,75.60112072151523,75.70461032330181,75.80511243075694,75.902306880818,75.99587351042246,76.08549215650771,76.17084291601367,76.25173796713457,76.32833607135598,76.40085215069692,76.4695011271763,76.53449792281307,76.59605745962622,76.6543946596347,76.70972444485744,76.7622617373134,76.81222145902154,76.85981853200084,76.90526787827022,76.94878441984866,76.9905830787551,77.03087877700847,77.06988643662777,77.10782097963192,77.14489732803992,77.18133040387067,77.21733512914315,77.25312642587633,77.28891921608914,77.32492842180054,77.3613689650295,77.39845576779496,77.4363755200819,77.47484070192934,77.51317030940265,77.5506714281778,77.58665114393077,77.62041654233755,77.65127470907413,77.67853272981651,77.70149769024067,77.7194766760226,77.73177677283829,77.7377050663637,77.73656864227488,77.72767458624776,77.71032998395836,77.68384192108269,77.64751748329667,77.60066375627633,77.54258782569767,77.47259677723665,77.38999769656928,77.29409766937152,77.18420378131941,77.0596231180889,76.91966276535598,76.76362980879665
67.45061271390809,67.19375836555561,66.96807359449483,66.77217420391273,66.60467599699632,66.4641947769326,66.3493463469086,66.25874651011132,66.19101106972776,66.14475582894494,66.11859659094986,66.11114915892954,66.12102933607098,66.14685292556118,66.18723573058716,66.24079355433594,66.3061421999945,66.38189747074988,66.46667516978906,66.55909110029906,66.65776106546689,66.76130086847957,66.86832631252408,66.97745320078745,67.08729733645669,67.1964745227188,67.30362015809416,67.40801701285746,67.50972804185275,67.60886264812171,67.70553023470602,67.79984020464732,67.89190196098734,67.98182490676773,68.06971844503016,68.15569197881631,68.23985491116785,68.32231664512645,68.4031865837338,68.48257413003158,68.56058868706144,68.63733965786507,68.71293644548416,68.78748845296035,68.86110508333535,68.93389573965081,69.00596982494841,69.07743674226984,69.14840589465675,69.21898668515084,69.28928851679376,69.35942079262722,69.42948400986975,69.4995237052668,69.56956447038718,69.6396308555691,69.7097474111507,69.77993868747022,69.85022923486581,69.92064360367566,69.99120634423794,70.06194200689085,70.13287514197256,70.20403029982127,70.27543203077514,70.34710488517236,70.41907341335113,70.49136216564962,70.563995692406,70.63699854395847,70.71039527064521,70.78421042280439,70.8584685507742,70.93319420489284,71.00841193549849,71.08414629292929,71.16042182752346,71.23726313940094,71.31469916591625,71.39276648592202,71.47150245611058,71.55094443317435,71.63112977380567,71.71209583469691,71.79387997254045,71.87651954402865,71.96005190585392,72.04451441470859,72.12994442728504,72.21637930027566,72.30385639037281,72.39241305426887,72.48208664865619,72.57291453022717,72.66493405567417,72.75818258168955,72.8526974649657,72.94851606219498,73.04567573006977,73.14421382528245,73.24416770452537,73.34557472449092,73.44847224187146,73.55288651412204,73.65873475979035,73.76587230807677,73.87415377783053,73.9834337879008,74.09356695713682,74.20440790438779,74.31581124850292,74.42763160833142,74.53972360272249,74.65194185052535,74.7641409705892,74.87617558176325,74.9879003028967,75.09916975283878,75.20983855043869,75.31976131454563,75.42879266400881,75.53678721767744,75.64359959440074,75.7490844130279,75.85309629240815,75.95548985139068,76.05611970882471,76.15484048355943,76.25150672220806,76.34593627549008,76.43785070352195,76.52695596344174,76.61295801238751,76.69556280749732,76.77447630590922,76.84940446476125,76.92005324119148,76.98612859233796,77.04733647533875,77.1033828473319,77.15397366545548,77.19881488684752,77.23761246864606,77.2700723679892,77.29590054201498,77.31480294786142,77.32648554266663,77.33065428356863,77.32701512770548,77.31527403221524,77.29513695423596,77.2663098509057,77.2284986793625,77.18140939674444,77.12483297450392,77.05998835890463,76.98927938321658,76.91514574612361,76.84002714630952,76.76636328245819,76.6965938532534,76.63315855737903,76.5784970935189,76.53504916035683,76.50525445657668,76.49155268086226,76.49638353189741,76.52218670836598,76.57140190895178,76.64646883233868,76.74982717721048,76.88391664225104,77.05117692614415,77.25404772757372,77.49496874522352,77.7763796777774,78.1007202239192,78.47043008233275,78.8879489517019,79.35571653071047
67.39077049642307,67.20634316901024,67.0448673955828,66.90534163635809,66.78676435155342,66.68813400138612,66.60844904607359,66.54670794583308,66.50190916088198,66.4730511514376,66.45913237771728,66.45915129993833,66.47210637831813,66.496996073074,66.53281884442325,66.57857315258323,66.6332574577713,66.69587022020474,66.76540990010093,66.84087495767719,66.92126385315083,67.00557504673921,67.09280699865965,67.18195816912953,67.27202701836612,67.36201200658678,67.45092574347848,67.53824829528051,67.6240230867453,67.70832708210892,67.79123724560736,67.87283054147665,67.9531839339528,68.03237438727189,68.1104788656699,68.18757433338286,68.2637377546468,68.33904609369776,68.41357631477177,68.48740538210484,68.56061025993299,68.63326791249224,68.70545530401864,68.77724939874821,68.84872716091698,68.91996555476098,68.99104154451621,69.0620320944187,69.13301416870448,69.2040647316096,69.27526074737008,69.34667918022191,69.41838963268447,69.4904162759421,69.56276596751218,69.63544553083003,69.70846178933098,69.78182156645036,69.85553168562348,69.92959897028567,70.00403024387225,70.07883232981857,70.15401205155996,70.22957623253174,70.3055316961692,70.38188526590773,70.45864376518261,70.5358140174292,70.61340284608278,70.69141707457874,70.76986352635234,70.84874902483898,70.92808039347392,71.00786445569253,71.08810803493012,71.168817954622,71.25000103820355,71.33166395748998,71.41380017439766,71.49637987716176,71.5793708849537,71.66274101694503,71.7464580923072,71.83048993021168,71.91480434983,71.99936917033361,72.08415221089402,72.16912129068268,72.25424422887113,72.33948884463078,72.42482295713316,72.51021438554977,72.59563094905207,72.68104046681151,72.76641075799967,72.85170964178792,72.93690493734783,73.02196446385085,73.1068560404685,73.1915474863722,73.27600662073348,73.36020126272382,73.44409923151471,73.52767456293964,73.61096236531998,73.69403241108452,73.7769548705285,73.85979991394711,73.94263771163557,74.02553843388904,74.10857225100276,74.19180933327195,74.27531985099174,74.3591739744574,74.4434418739641,74.52819371980704,74.61349968228146,74.69942993168252,74.78605463830547,74.87344397244544,74.96166810439772,75.05079720445744,75.14090144291984,75.23205099008013,75.32431601623347,75.4177666916751,75.51247318670022,75.60850567160401,75.70593409353233,75.80471503975645,75.90450763945142,76.00492282153074,76.10557151490785,76.20606464849624,76.30601315120936,76.40502795196065,76.50271997966361,76.59870016323168,76.69257943157832,76.78396871361701,76.87247893826121,76.95772103442438,77.03930593101997,77.11684455696145,77.1899478411623,77.25822671253594,77.32129209999589,77.37875493245558,77.43022613882846,77.47531664802803,77.51363738896771,77.544799290561,77.56841328172133,77.5840902913622,77.59146959483712,77.5906665991101,77.58219178965359,77.56656761059445,77.5443165060595,77.51596092017562,77.48202329706962,77.44302608086838,77.39949171569872,77.3519426456875,77.30090131496158,77.24689016764778,77.19043164787296,77.13204819976396,77.07226226744764,77.01159629505084,76.9505727267004,76.88971400652316,76.829542578646,76.77058088719573,76.71335137629923,76.65837649008331,76.60617867267484,76.55728036820067,76.51220402078764,76.47147207456258
67.94170701110073,67.77948673055677,67.63901618881663,67.5193036107152,67.41935722108741,67.33818524476818,67.27479590659243,67.22819743139507,67.19739804401104,67.18140596927523,67.17922943202257,67.18987665708799,67.21235586930639,67.24567529351272,67.28884315454187,67.34086767722876,67.40075708640832,67.46751960691546,67.5401634635851,67.61769688125217,67.69912808475158,67.78346529891824,67.8697167485871,67.95689065859304,68.043995253771,68.13004603757182,68.21446964115304,68.29731564975374,68.37868559956688,68.45868102678544,68.5374034676024,68.61495445821075,68.69143553480343,68.76694823357346,68.84159409071377,68.91547464241737,68.98869142487723,69.06134597428631,69.1335398268376,69.20537451872408,69.27695158613872,69.34837256527449,69.41973899232437,69.49115240348134,69.56271433493836,69.63452632288843,69.70668990352452,69.7793066130396,69.85247798762663,69.92630556347862,70.00088137445782,70.0761935391865,70.15216611849708,70.22872223200268,70.30578499931643,70.38327754005147,70.46112297382093,70.53924442023795,70.61756499891565,70.69600782946718,70.77449603150566,70.85295272464423,70.93130102849601,71.00946406267416,71.08736494679178,71.16492680046201,71.24207274329801,71.31872589491289,71.39480937491979,71.47024630293183,71.54495979856216,71.6188729814239,71.69190897113019,71.76399088729417,71.83504185032787,71.90503687797204,71.97414329406067,72.04257295560433,72.11053771961362,72.17824944309908,72.24591998307132,72.3137611965409,72.38198494051841,72.45080307201441,72.52042744803948,72.5910699256042,72.66294236171916,72.73625661339491,72.81122453764206,72.88805799147117,72.9669688318928,73.04816891591756,73.131870100556,73.21828424281871,73.30762319971626,73.40009882825923,73.49592298545821,73.59530752832376,73.69846431386645,73.80560072933537,73.91671153024355,74.03149039473222,74.14960816852401,74.2707356973416,74.39454382690764,74.52070340294473,74.64888527117556,74.77876027732276,74.90999926710897,75.04227308625687,75.17525258048909,75.30860859552826,75.44201197709704,75.57513357091808,75.70764422271404,75.83921477820755,75.96951608312126,76.09821898317782,76.22499432409988,76.3495129516101,76.47144571143109,76.59046344928552,76.70623701089605,76.81843724198531,76.92674250270967,77.03090628835426,77.13072533352407,77.22599689099904,77.31651821355914,77.40208655398426,77.48249916505439,77.55755329954947,77.6270462102494,77.69077514993418,77.74853737138372,77.80013012737797,77.84535067069687,77.88399625412039,77.91586413042843,77.94075155240097,77.95845577281794,77.96877404445928,77.97150362010493,77.96644175253485,77.95338569452896,77.93213269886724,77.90248001832958,77.86422490569598,77.8171646552152,77.76145890820047,77.69851151803046,77.62999318407621,77.55757460570877,77.48292648229916,77.40771951321845,77.33362439783768,77.26231183552787,77.19545252566009,77.13471716760536,77.08177646073473,77.03830110441926,77.00596179802999,76.98642924093794,76.98137413251416,76.99246717212972,77.02137905915563,77.06978049296298,77.13934217292275,77.23173479840602,77.34862906878384,77.49169568342724,77.66260534170725,77.86302874299494,78.09213497512238,78.32711348779532,78.56209200046824,78.79707051314115,79.03204902581406,79.26702753848699,79.50200605115991
67.70163745683831,67.56913257114157,67.45396246461894,67.35537597338028,67.27262193353545,67.20494918119432,67.15160655246675,67.1118428834626,67.08490701029172,67.070047769064,67.0665139958893,67.07355452687744,67.09041819813834,67.11635384578183,67.15061030591778,67.19243641465604,67.2410810081065,67.29579292237901,67.35582099358341,67.42041405782959,67.48882095122741,67.56029050988673,67.6340715699174,67.7094129674293,67.78556353853229,67.86177211933622,67.93729816770909,68.01175205293569,68.0851670476338,68.15760160192198,68.22911416591879,68.29976318974275,68.36960712351244,68.4387044173464,68.50711352136317,68.57489288568131,68.64210096041937,68.7087961956959,68.77503704162945,68.84088194833856,68.9063893659418,68.9716177445577,69.03662553430482,69.10147118530172,69.16621314766692,69.230909871519,69.2956198069765,69.36040140415798,69.42531311318197,69.49041338416703,69.5557606672317,69.62141341249455,69.68743078212833,69.75387633260343,69.82081529503617,69.88831290383956,69.95643439342652,70.02524499820996,70.09480995260282,70.16519449101807,70.23646384786863,70.30868325756745,70.38191795452744,70.45623317316156,70.53169414788275,70.60836611310393,70.68631430323805,70.76560395269803,70.84630029589687,70.92846856724742,71.01217400116266,71.09748183205556,71.18445729433901,71.27316562242598,71.36367205072938,71.45604181366215,71.55034014563725,71.64663124122805,71.74488869898633,71.84492650209168,71.94654238623042,72.04953408708903,72.15369934035391,72.25883588171143,72.36474144684803,72.47121377145012,72.57805059120412,72.68504964179638,72.7920086589134,72.89872537824152,73.0049975354672,73.1106228662768,73.21539910635676,73.3191239913935,73.42159525707339,73.5226106390829,73.62196787310839,73.71946469483626,73.81489883995297,73.9080680441449,73.99877004309846,74.08680257250009,74.17196336803616,74.25408013540414,74.3332750056901,74.4098372227617,74.48405794856734,74.55622834505542,74.6266395741743,74.69558279787242,74.76334917809811,74.83022987679982,74.89651605592587,74.96249887742474,75.02846950324471,75.09471909533426,75.16153881564173,75.22921982611555,75.29805328870407,75.36833036535572,75.44034221801883,75.51438000864184,75.59073489917313,75.66969805156108,75.75156062775409,75.83661378970052,75.92514869934882,76.01745651864732,76.11382795274969,76.21432165508139,76.31838737167868,76.4253761809139,76.53463916115933,76.64552739078732,76.75739194817018,76.86958391168025,76.98145435968982,77.0923543705712,77.20163502269673,77.30864739443874,77.41274256416952,77.5132716102614,77.6095856110867,77.70103564501774,77.78697279042683,77.8667481256863,77.93971272916846,78.00521767924565,78.06261405429015,78.11125293267432,78.15048539277043,78.17966251295086,78.19813537158788,78.20525504705383,78.2004350094195,78.1841367143162,78.15769120167285,78.1224558329162,78.07978796947299,78.03104497276995,77.97758420423379,77.9207630252913,77.86193879736915,77.8024688818941,77.7437106402929,77.68702143399227,77.63375862441895,77.58527957299967,77.54294164116116,77.50810219033016,77.4821185819334,77.46634817739763,77.46214833814958,77.47087642561598,77.49388980122353,77.53254582639904,77.58820186256916,77.66221527116069,77.75594341360035,77.87074365131485
67.70084505906141,67.63669752394458,67.58192629828957,67.5361595399732,67.49902540687226,67.47015205686354,67.44916764782384,67.43570033762995,67.42937828415864,67.42982964528676,67.43668257889104,67.44956524284832,67.46810579503537,67.491932393329,67.520673195606,67.55395635974315,67.59141004361726,67.6326624051051,67.67734160208349,67.72507579242921,67.77549313401906,67.82822178472983,67.88288990243834,67.93912564502133,67.99655717035564,68.05481263631805,68.11352527714972,68.17249603513012,68.23172796704668,68.29123616255055,68.3510357112929,68.41114170292491,68.47156922709775,68.53233337346255,68.59344923167052,68.6549318913728,68.71679644222056,68.77905797386495,68.84173157595717,68.90483233814837,68.96837535008972,69.03237570143239,69.09684848182752,69.1618087809263,69.22727168837989,69.29325229383946,69.35976568695617,69.42682695738118,69.49445119476567,69.56265348876082,69.63144892901775,69.70085260518766,69.77087573424768,69.8415056337561,69.91272051331562,69.98449856459987,70.05681797928254,70.12965694903727,70.2029936655377,70.27680632045751,70.35107310547033,70.42577221224985,70.5008818324697,70.57638015780354,70.65224537992502,70.7284556905078,70.80498928122555,70.88182434375189,70.9589390697605,71.03631165092503,71.11392027891915,71.1917431454165,71.26975844209072,71.34794436061549,71.42627909266446,71.50474082991127,71.5833077640296,71.66195825229283,71.7406850798514,71.81950645141528,71.89844315919035,71.9775159953825,72.0567457521976,72.1361532218415,72.21575919652008,72.29558446843923,72.37564982980481,72.4559760728227,72.53658398969874,72.61749437263884,72.69872801384886,72.78030570553469,72.86224823990216,72.94457640915718,73.0273110055056,73.11047282115331,73.19408264830616,73.27816127917005,73.36272950595084,73.4478081208544,73.53341791608659,73.61957968385332,73.70631421636043,73.79364720893955,73.88165252522953,73.97043136869837,74.06008525661414,74.15071570624488,74.2424242348586,74.33531235972339,74.42948159810723,74.52503346727823,74.62206948450441,74.72069116705379,74.82100003219443,74.92309759719438,75.0270853793217,75.1330648958444,75.24113766403053,75.35140520114815,75.46396902446529,75.57893065125,75.69639159877032,75.81645338429429,75.93921752508996,76.06478553842537,76.19325894156856,76.32473925178758,76.45932752228988,76.59688906349663,76.73667059304539,76.87781859148353,77.01947953935837,77.16079991721728,77.3009262056076,77.43900488507664,77.57418243617181,77.70560533944042,77.83242007542982,77.95377312468736,78.06881096776038,78.17668008519627,78.2765269575423,78.36749806534587,78.4487398891543,78.51939890951496,78.57862160697518,78.6255544620823,78.6593439553837,78.67913656742671,78.68407877875866,78.67331706992692,78.64599792147882,78.6012678139617,78.53834216143349,78.45759424551221,78.36035810861932,78.247996874501,78.12187366690345,77.98335160957288,77.83379382625549,77.67456344069748,77.50702357664505,77.33253735784442,77.15246790804174,76.96817835098327,76.78103181041516,76.59239141008365,76.40362027373493,76.21608152511519,76.03113828797063,75.85015368604746,75.67449084309192,75.50551288285013,75.34458292906834,75.19306410549274,75.05231953586954,74.92371234394494,74.80860565346512,74.7083625881763
66.8087366727533,66.74264173736479,66.69044013131962,66.65151503400949,66.62524962482614,66.61102708316128,66.60823058840658,66.61624331995382,66.63444845719467,66.66222917952086,66.6989686663241,66.7440500969961,66.7968566509286,66.85677150751329,66.92317784614187,66.99545884620609,67.07299768709765,67.15517754820826,67.24138160892964,67.3309930486535,67.42339504677156,67.51797078267553,67.61410343575712,67.71117618540806,67.80857221102005,67.9056746919848,68.00187517308386,68.09684156679188,68.19057485202985,68.28309583679093,68.37442532906825,68.46458413685495,68.5535930681442,68.6414729309291,68.72824453320283,68.8139286829585,68.8985461881893,68.98211785688834,69.06466449704875,69.14620691666373,69.22676592372638,69.30636232622984,69.38501693216729,69.46275054953185,69.53958398631666,69.61553805051486,69.69063355011961,69.76489129312405,69.83833208752132,69.91097674130457,69.98284606246693,70.05396085900156,70.12434545519547,70.19404587542708,70.26311641387704,70.33161138100519,70.39958508727135,70.46709184313531,70.53418595905688,70.60092174549591,70.66735351291217,70.73353557176551,70.79952223251574,70.86536780562265,70.93112660154608,70.99685293074583,71.06260110368173,71.12842543081356,71.19438022260117,71.26051978950436,71.32689844198293,71.39357049049673,71.46059024550554,71.5280120174692,71.5958901168475,71.66427885410026,71.73323253968731,71.8028055975434,71.87306233810807,71.94408449022524,72.01595555578488,72.088759036677,72.16257843479157,72.23749725201854,72.31359899024793,72.39096715136967,72.46968523727378,72.54983674985021,72.63150519098897,72.71477406258002,72.79972686651334,72.8864471046789,72.97501827896669,73.0655238912667,73.15804744346887,73.25267243746322,73.3494823751397,73.44856075838831,73.54999108909901,73.65385686916179,73.76024160046663,73.8692287849035,73.98090192436239,74.09531439083801,74.21222356023415,74.33121880415864,74.45188756590603,74.5738172887709,74.69659541604776,74.81980939103117,74.94304665701569,75.06589465729586,75.18794083516623,75.30877263392136,75.4279774968558,75.54514286726408,75.65985618844077,75.7717049036804,75.88027645627754,75.98515828952674,76.08593784672253,76.18220257115946,76.2735399061321,76.359537294935,76.43978218086268,76.51386200720972,76.58136421727066,76.64187625434003,76.69498599770297,76.74050280984545,76.77881722866053,76.81041396600072,76.83577773371852,76.8553932436664,76.8697452076969,76.87931833766248,76.88459734541566,76.88606694280892,76.88421184169478,76.87951675392571,76.87246639135424,76.86354546583283,76.853238689214,76.84203077335026,76.83040643009407,76.81885037129796,76.8078473088144,76.7978819544959,76.78943902019498,76.7830032177641,76.77905925905578,76.77809185592253,76.7805857202168,76.78702556379113,76.79786331116426,76.81300016210838,76.83188034293161,76.8539342477856,76.87859227082205,76.90528480619263,76.93344224804898,76.96249499054281,76.99187342782577,77.02100795404954,77.04932896336581,77.07626684992623,77.1012520078825,77.12371483138624,77.14308571458918,77.15879505164297,77.17027323669927,77.17695066390978,77.17825772742616,77.17362482140008,77.16248233998323,77.14426067732725,77.11839022758384,77.08430138490468,77.04142454344141,76.98919009734573
67.03112239727619,66.96245757089076,66.90529243528421,66.85915248455098,66.82356321278556,66.79805011408241,66.78213868253604,66.77535441224089,66.77722279729144,66.78726933178218,66.80501950980758,66.8299988254621,66.86173277284023,66.89974684603642,66.94356653914518,66.99271734626096,67.04672476147825,67.1051142788915,67.16741139259521,67.23314159668384,67.30183038525186,67.37300325239376,67.44618569220401,67.52090319877708,67.59668126620744,67.67304538858957,67.74952752486783,67.82587321347147,67.9020853896305,67.97818231266355,68.05418224188921,68.1301034366261,68.20596415619283,68.28178265990805,68.35757720709033,68.4333660570583,68.50916746913057,68.58499970262577,68.66088101686249,68.73682967115937,68.812863924835,68.88900203720802,68.96526226759701,69.04166287532061,69.11822211969744,69.19495826004608,69.27188955568518,69.34903426593333,69.42641065010916,69.50403696753128,69.58193147751828,69.66011243938881,69.73859122631788,69.81733671504806,69.89630158713238,69.97543849224357,70.05470008005435,70.13403900023745,70.21340790246559,70.29275943641152,70.37204625174793,70.45122099814759,70.53023632528318,70.60904488282748,70.68759932045317,70.76585228783301,70.8437564346397,70.921264410546,70.99832886522461,71.07490244834825,71.15093780958968,71.2263875986216,71.30120446511675,71.37534105874786,71.44875002918765,71.52138402610883,71.59319569918416,71.66413884558945,71.73426723870658,71.8038107936407,71.87301735523263,71.94213476832319,72.01141087775316,72.0810935283634,72.15143056499467,72.22266983248781,72.29505917568363,72.36884643942295,72.44427946854655,72.52160610789528,72.60107420230992,72.68293159663129,72.7674261357002,72.85480566435749,72.94531802744393,73.03921106980034,73.13673263626757,73.23813057168638,73.34365272089761,73.45354692874207,73.56806104006056,73.68744289969389,73.81194035248289,73.94175104556916,74.07657948389735,74.21585027004132,74.35898479392223,74.50540444546122,74.65453061457941,74.80578469119799,74.95858806523802,75.11236212662071,75.26652826526716,75.42050787109852,75.57372233403592,75.7255930440005,75.87554139091344,76.02298876469581,76.1673565552688,76.30806615255352,76.44453894647111,76.57619632694275,76.70245968388953,76.8227504072326,76.93648988689311,77.0430995127922,77.142000674851,77.23261476299065,77.31436364495671,77.38691192329814,77.4505611405107,77.50571604916402,77.5527814018277,77.5921619510714,77.62426244946477,77.6494876495774,77.66824230397894,77.68093116523903,77.6879589859273,77.68973051861336,77.68665051586687,77.67912373025746,77.66755491435475,77.65234882072838,77.63391020194798,77.61264381058318,77.58895439920362,77.56324672037891,77.53592552667872,77.50739557067266,77.47806160493035,77.44832838202143,77.41860065451556,77.38928317498234,77.36074776105974,77.33281302645541,77.30483855426692,77.27617003316752,77.24615315183046,77.21413359892901,77.17945706313643,77.14146923312599,77.09951579757092,77.05294244514451,77.00109486452,76.94331874437067,76.87895977336977,76.80736364019054,76.72787603350628,76.63984264199023,76.54260915431563,76.43552125915576,76.3179246451839,76.18916500107328,76.04858801549716,75.8955393771288,75.72936477464148,75.54940989670845,75.35502043200297,75.14554206919829
