0,1,2,3,4,5,6,7,8,9,10,11,12,13,14,15,16,17,18,19,20,21,22,23,24,25,26,27,28,29,30,31,32,33,34,35,36,37,38,39,40,41,42,43,44,45,46,47,48,49,50,51,52,53,54,55,56,57,58,59,60,61,62,63,64,65,66,67,68,69,70,71,72,73,74,75,76,77,78,79,80,81,82,83,84,85,86,87,88,89,90,91,92,93,94,95,96,97,98,99,100,101,102,103,104,105,106,107,108,109,110,111,112,113,114,115,116,117,118,119,120,121,122,123,124,125,126,127,128,129,130,131,132,133,134,135,136,137,138,139,140,141,142,143,144,145,146,147,148,149,150,151,152,153,154,155,156,157,158,159,160,161,162,163,164,165,166,167,168,169,170,171,172,173,174,175,176,177,178,179
69.27956518492152,69.38095671476106,69.47581270558928,69.56437591632474,69.64688910588595,69.72359503319146,69.79473645715981,69.86055613670953,69.92129683075919,69.9772012982273,70.02851229803238,70.07547258909301,70.1183249303277,70.157312080655,70.19267679899346,70.22466184426159,70.25350997537797,70.27946395126108,70.3027665308295,70.32366047300178,70.34238853669643,70.35919348083198,70.37431806432699,70.3880050461,70.40049718506955,70.41203724015418,70.42286509674679,70.43312570746895,70.44284961605274,70.45206055491045,70.46078225645422,70.46903845309635,70.476852877249,70.48424926132444,70.49125133773484,70.49788283889245,70.50416749720947,70.51012904509815,70.5157912149707,70.52117773923933,70.52631235031626,70.53121878061373,70.53592076254395,70.54044202851912,70.54480631095149,70.54903734225329,70.55315885483668,70.55719458111395,70.56116825349727,70.5651036043989,70.56902436623102,70.57295427140588,70.57691313613654,70.58089660861069,70.58489112669571,70.58888311012853,70.59285897864606,70.59680515198511,70.60070804988263,70.60455409207546,70.60832969830048,70.61202128829459,70.61561528179467,70.61909809853762,70.62245615826032,70.62567588069962,70.62874368559241,70.6316459926756,70.63436922168606,70.63689979236065,70.63922412443628,70.64132863764982,70.64319975173817,70.64482388643822,70.64618746148679,70.64727689662084,70.6480786115772,70.64857928611457,70.64878825439055,70.64875476390839,70.64853212501185,70.64817364804469,70.64773264335071,70.64726242127367,70.64681629215735,70.64644756634553,70.64620955418198,70.64615556601052,70.64633891217485,70.64681290301883,70.64763084888617,70.64884606012066,70.6505118470661,70.65268152006627,70.65540838946492,70.65874576560583,70.6627469588328,70.66746527948956,70.67295403791996,70.67926654446771,70.68645610947661,70.69457604329045,70.703679656253,70.71381043336632,70.72491533547552,70.73688653732029,70.74961558481854,70.76299402388807,70.77691340044677,70.79126526041247,70.80594114970305,70.82083261423637,70.83583119993023,70.8508284527025,70.8657159184711,70.8803851431538,70.8947276726685,70.90863505293305,70.92199882986529,70.93471054938306,70.94666175740426,70.95774399984671,70.96784882262827,70.9768677716668,70.98469239288013,70.99121423218617,70.99632483550272,70.99991574874764,71.0018785194026,71.00210548935428,71.00049108502085,70.99693007059898,70.99131721028533,70.98354726827657,70.9735150087694,70.96111519596047,70.94624259404648,70.92879196722407,70.90865807968993,70.88573569564073,70.85991957927314,70.83110449478386,70.79918520636954,70.76405647822685,70.72561307455248,70.68374975954308,70.63836129739533,70.58934245230594,70.53658798847155,70.47999267008885,70.41945126135451,70.3548585264652,70.28610922961755,70.21309813500832,70.13576953066405,70.0548995501918,69.97195456557807,69.88842184167501,69.80578864333486,69.72554223540979,69.649169882752,69.57815885021367,69.513996402647,69.45816980490417,69.41216632183739,69.37747321829886,69.35557775914074,69.34796720921528,69.35612883337464,69.381549896471,69.42571766335658,69.49011939888354,69.57624236790411,69.68557383527047,69.8196010658348,69.97981132444932,70.1676918759662,70.38472998523764,70.63241291711583,70.91222793645298
69.42203196380947,69.43185604268976,69.44988257447156,69.47553893712112,69.50825250860487,69.54745066688906,69.59256078994011,69.64301025572428,69.69822644220795,69.75763672735746,69.82066848913914,69.88674910551933,69.95530595446436,70.02576641394057,70.09755786191428,70.17010767635185,70.2428432352196,70.31519191648385,70.38658109811098,70.45643815806733,70.5241904743192,70.58926542483292,70.65109038757487,70.70909274051138,70.76269986160875,70.81133912883334,70.85444454376886,70.89179124578075,70.92365309071533,70.9503435054838,70.9721759169972,70.98946375216667,71.00252043790331,71.0116594011183,71.01719406872266,71.01943786762754,71.01870422474406,71.01530656698336,71.00955832125649,71.0017729144746,70.99226377354881,70.98134432539021,70.96932799690995,70.95652821501912,70.94325840662881,70.92983199865017,70.91656241799427,70.9037630915723,70.89174744629528,70.88082890907441,70.87132090682073,70.8635368664454,70.85776321563142,70.85401774516865,70.85216424095839,70.85206466517249,70.85358097998284,70.85657514756127,70.86090913007959,70.8664448897097,70.87304438862344,70.88056958899261,70.88888245298912,70.89784494278479,70.90731902055145,70.917166648461,70.92724978868523,70.93743040339601,70.94757045476518,70.95753190496464,70.96717671616616,70.97636685054164,70.9849642702629,70.99283093750182,70.9998288144302,71.00581986321993,71.01066604604284,71.01422933673388,71.0164210093032,71.01731430305188,71.01701566837787,71.01563155567908,71.01326841535345,71.01003269779886,71.00603085341331,71.00136933259463,70.99615458574078,70.99049306324972,70.98449121551931,70.97825549294751,70.97189234593222,70.96550822487137,70.95920958016288,70.95310286220467,70.94729452139464,70.94189100813077,70.93699877281094,70.93272426583306,70.92917393759507,70.9264542384949,70.92467161893043,70.92393252929963,70.92434342000041,70.926007682094,70.92892342168284,70.93295938539745,70.93797638153396,70.94383521838861,70.9503967042576,70.95752164743706,70.96507085622324,70.97290513891227,70.98088530380039,70.98887215918379,70.99672651335865,71.00430917462114,71.01148095126746,71.01810265159384,71.02403508389642,71.02913905647142,71.03327537761501,71.0363048556234,71.03808829879276,71.0384865154193,71.03736031379918,71.03457050222866,71.02997788900385,71.023443282421,71.01482749077624,71.00400600140608,70.99097136362298,70.9757721480735,70.95845727540879,70.93907566627985,70.9176762413378,70.89430792123372,70.86901962661864,70.84186027814368,70.8128787964599,70.78212410221838,70.74964511607018,70.71549075866636,70.67970995065807,70.64235161269627,70.60346466543214,70.56309802951668,70.52130062560101,70.47812137433618,70.43360919637328,70.38781301236338,70.34078174295757,70.2925643088069,70.24320963056246,70.19276662887532,70.14128510080687,70.0893662512683,70.03910500132838,69.99284674561224,69.95293687874502,69.92172079535186,69.90154389005787,69.8947515574882,69.90368919226799,69.93070218902238,69.9781359423765,70.04833584695547,70.14364729738446,70.26641568828859,70.41898641429302,70.60370487002285,70.82291645010321,71.07896654915925,71.37420056181608,71.7109638826989,72.0916019064328,72.5184600276429,72.99388364095441,73.52021814099237,74.09980892238198,74.73500137974835
69.5797557961948,69.74655978848536,69.89884793662095,70.03724365371761,70.16237035289133,70.27485144725811,70.375310349934,70.46437047403496,70.54265523267703,70.61078803897622,70.66939230604852,70.71909144700994,70.76050887497651,70.79426800306422,70.82099224438907,70.84130501206708,70.85582971921427,70.86518977894663,70.87000860438017,70.87090960863092,70.86851620481488,70.86345180604805,70.85633982544643,70.84780367612605,70.8384667712029,70.828952523793,70.81987966924825,70.81162602289466,70.80421719401724,70.79765084582628,70.79192464153209,70.78703624434496,70.7829833174752,70.7797635241331,70.77737452752896,70.77581399087309,70.77507957737576,70.77516895024729,70.77607977269797,70.7778097079381,70.78035641917799,70.78371756962792,70.7878908224982,70.7928738409991,70.79866428834097,70.80525982773408,70.81265812238871,70.82085683551519,70.8298536303238,70.83964617002485,70.85023211782863,70.86160913694542,70.87376808923206,70.88663216444483,70.90008575709436,70.914012802277,70.92829723508918,70.94282299062726,70.95747400398763,70.97213421026666,70.98668754456077,71.00101794196632,71.0150093375797,71.02854566649731,71.04151086381553,71.05378886463073,71.06526360403933,71.07581901713768,71.08533903902219,71.09370760478923,71.1008086495352,71.10652610835648,71.11074391634945,71.1133460086105,71.11421632023604,71.11323878632243,71.11029734196605,71.10527593808703,71.09812541287768,71.0890163485061,71.07816438579715,71.06578516557566,71.05209432866651,71.03730751589454,71.02164036808459,71.00530852606153,70.98852763065018,70.97151332267543,70.95448124296212,70.93764703233508,70.92122633161918,70.90543478163927,70.8904880232202,70.87660169718681,70.86399144436398,70.85287290557653,70.84346172164932,70.83597353340721,70.83062398167505,70.82762870727768,70.82720335103997,70.82956355378676,70.83492495634289,70.84349569473312,70.85522563247288,70.86974730384205,70.88667376974529,70.90561809108726,70.92619332877261,70.948012543706,70.97068879679209,70.99383514893553,71.01706466104099,71.0399903940131,71.06222540875655,71.08338276617597,71.10307552717603,71.12091675266137,71.13651950353666,71.14949684070656,71.15946182507571,71.16602751754877,71.16880697903042,71.16741327042529,71.16145945263804,71.15055858657335,71.13432373313584,71.11236795323019,71.08430430776104,71.04982459325032,71.00924850469136,70.96319622500066,70.91228981445308,70.85715133332342,70.79840284188654,70.73666640041726,70.67256406919043,70.60671790848087,70.5397499785634,70.47228233971289,70.40493705220413,70.338336176312,70.27310177231129,70.20985590047685,70.14922062108351,70.0918179944061,70.03827008071949,69.98919894029846,69.94522663341787,69.90697522035256,69.87506676137737,69.8501233167671,69.8327669467966,69.8236197117407,69.82330273927138,69.8318503947679,69.84770755532475,69.86905256494613,69.89406376763627,69.92091950739938,69.94779812823968,69.97287797416138,69.99433738916872,70.01035471726588,70.0191083024571,70.0187764887466,70.00753762013858,69.98357004063725,69.94505209424683,69.89016212497157,69.81707847681565,69.72397949378329,69.60904351987872,69.47044889910615,69.3063739754698,69.11499709297387,68.8944965956226,68.64305082742018,68.35883813237085,68.04003685447881
69.903031212787,69.99942534310094,70.08469581026822,70.15945183783879,70.22430264936258,70.27985746838957,70.32672551846966,70.36551602315281,70.39683820598896,70.42130129052805,70.43951450032004,70.45208705891486,70.45962818986244,70.46274711671275,70.4620530630157,70.45815525232126,70.45166290817936,70.44318525413993,70.43333151375295,70.42271091056833,70.41193266813603,70.40160601000598,70.39234015972812,70.38474434085241,70.37942777692878,70.37699969150717,70.37806278451127,70.38288376794983,70.39123816604892,70.40286252934057,70.41749340835679,70.43486735362963,70.4547209156911,70.47679064507324,70.50081309230809,70.52652480792766,70.55366234246398,70.58196224644908,70.611161070415,70.64099536489375,70.67120168041738,70.7015165675179,70.73167657672735,70.76141825857775,70.79047816360114,70.81859284232954,70.84549884529497,70.87093272302947,70.89463102606507,70.91633030493381,70.93576711016769,70.95267799229876,70.9668271381743,70.97825371042434,70.98715451054315,70.99372820678813,70.99817346741668,71.0006889606862,71.00147335485411,71.0007253181778,70.99864351891468,70.99542662532212,70.99127330565757,70.98638222817841,70.98095206114205,70.97518147280589,70.96926913142732,70.96341370526376,70.95781386257262,70.95266827161127,70.94817560063714,70.94453451790764,70.94194369168015,70.94060179021209,70.94070748176084,70.94245943458382,70.94605631693845,70.95169677945948,70.95950498154095,70.9693603573718,70.98109216006561,70.99452964273594,71.00950205849637,71.02583866046047,71.0433687017418,71.06192143545394,71.08132611471048,71.10141199262496,71.12200832231095,71.14294435688204,71.16404934945179,71.18515255313379,71.20608322104157,71.22667060628875,71.24674396198888,71.26613254125552,71.28466559720225,71.30217238294263,71.31848215159026,71.33342415625869,71.34682765006148,71.35852188611223,71.36833611752449,71.3761028663218,71.38176715180516,71.385412214239,71.38712977602039,71.38701155954645,71.38514928721428,71.38163468142098,71.37655946456367,71.37001535903944,71.36209408724541,71.35288737157866,71.34248693443628,71.33098449821544,71.31847178531318,71.30504051812663,71.29078241905292,71.2757892104891,71.26015261483231,71.24396435447962,71.22731615182816,71.21029972927506,71.19300680921738,71.17552911405225,71.15795836617674,71.14038628798801,71.12290460188312,71.10563409248128,71.08892730895094,71.07324771400975,71.05905946332994,71.04682671258378,71.0370136174435,71.03008433358134,71.02650301666952,71.02673382238031,71.03124090638593,71.04048842435861,71.05494053197063,71.0750613848942,71.10131513880154,71.13416594936491,71.17407797225657,71.22151536314875,71.27694227771367,71.34082287162356,71.4136213005507,71.49580172016731,71.58782828614561,71.69016515415784,71.80327647987629,71.92762641897313,72.06367768181208,72.21098363930416,72.36663434045853,72.52730677254299,72.68967792282534,72.85042477857333,73.0062243270548,73.15375355553745,73.28968945128916,73.41070900157764,73.51348919367071,73.59470701483612,73.65103945234172,73.67916349345522,73.67575612544447,73.63749433557719,73.5610551111212,73.44311543934428,73.28035230751424,73.0694427028988,72.80706361276582,72.48989202438302,72.11460492501821,71.6778793019392,71.17639214241375,70.60682043370964
70.10342402120285,70.20851155698213,70.29814494291341,70.37322628962053,70.43465770772742,70.48334130785794,70.52017920063598,70.54607349668544,70.56192630663018,70.56863974109412,70.56711591070112,70.55825692607507,70.54296489783987,70.52214193661939,70.49669015303753,70.46751165771818,70.43550856128519,70.4015829743625,70.36663700757396,70.33157277154345,70.29729237689489,70.26469793425214,70.2346915542391,70.20817534747965,70.18605142459768,70.16922189621707,70.15857883555587,70.1544973568708,70.15659682126592,70.16443662399679,70.177576160319,70.19557482548817,70.21799201475984,70.24438712338961,70.27431954663311,70.30734867974589,70.34303391798352,70.38093465660162,70.42061029085578,70.46162021600158,70.50352382729459,70.54588051999042,70.58824968934465,70.63019073061287,70.67126303905066,70.71102600991362,70.74903903845733,70.78486151993738,70.81805284960936,70.84817242272885,70.87477963455146,70.89743388033276,70.91573764020178,70.92972208011986,70.93966412422746,70.94584360693928,70.94854036266996,70.94803422583416,70.94460503084656,70.93853261212182,70.93009680407458,70.91957744111951,70.90725435767129,70.89340738814457,70.87831636695401,70.86226112851426,70.84552150724,70.82837733754587,70.81110845384656,70.79399469055672,70.777315882091,70.76135186286407,70.7463824672906,70.73268752978524,70.72054688476265,70.71024036663749,70.70204780982445,70.69624902746932,70.69303392890549,70.69229706351895,70.69387241693076,70.69759397476206,70.70329572263394,70.71081164616749,70.71997573098382,70.73062196270403,70.74258432694921,70.75569680934049,70.76979339549895,70.78470807104569,70.80027482160182,70.81632763278843,70.83270049022663,70.84922737953752,70.8657422863422,70.88207919626177,70.89807209491734,70.91355496793,70.92836180092085,70.94232657951099,70.95528328932154,70.96706591597359,70.97750844508823,70.98644757433455,70.99381333463866,70.99965043181477,71.00401060887025,71.00694560881244,71.00850717464873,71.00874704938647,71.00771697603304,71.00546869759579,71.00205395708208,70.9975244974993,70.9919320618548,70.98532839315594,70.97776523441009,70.96929432862461,70.95996741880688,70.94983624796424,70.93895255910408,70.92736809523375,70.91513459936061,70.90230381449206,70.88892748363541,70.87505734979806,70.86074515598737,70.8460426452107,70.83100156047543,70.8156806433599,70.80019444743945,70.78468423575252,70.76929143821027,70.75415748472385,70.73942380520437,70.725231829563,70.7117229877109,70.69903870955919,70.68732042501904,70.67670956400157,70.66734755641795,70.65937583217932,70.65293582119682,70.6481689533816,70.6452166586448,70.64422036689758,70.64532150805108,70.64866151201645,70.65438180870483,70.66262382802736,70.6735289998952,70.68723875421949,70.70389452091138,70.72363772988201,70.74660931424766,70.77263764053322,70.80070435941049,70.82964914013807,70.85831165197463,70.88553156417876,70.9101485460091,70.93100226672426,70.94693239558289,70.9567786018436,70.959380554765,70.95357792360574,70.93821037762443,70.9121175860797,70.87413921823016,70.82311494333446,70.7578844306512,70.67728734943903,70.58016336895656,70.46535215846241,70.33169338721522,70.1780267244736,70.00319183949618,69.80602840154158,69.58537607986844,69.34007454373538
69.8344453728664,69.94549364642275,70.04450739522727,70.13212256369577,70.20897509624406,70.27570093728795,70.33293603124325,70.38131632252576,70.42147775555131,70.45405627473568,70.4796878244947,70.49900834924419,70.51265379339995,70.52126010137778,70.5254632175935,70.52589908646291,70.52320365240185,70.51801285982609,70.51096265315147,70.50268897679378,70.49382777516882,70.48501499269244,70.47688657378043,70.4700784628486,70.46522660431275,70.46296694258871,70.46392897810226,70.46841032489,70.47622340531228,70.48714214380138,70.50094046478954,70.51739229270903,70.53627155199213,70.5573521670711,70.58040806237821,70.60521316234572,70.63154139140589,70.65916667399098,70.68786293453329,70.71740409746504,70.74756408721854,70.778116828226,70.80883624491975,70.83949626173202,70.86987080309508,70.8997337934412,70.92885915720264,70.95702081881166,70.98399270270055,71.00954873330154,71.03346283504693,71.05550893236898,71.07547864764466,71.09333969424422,71.10916073546119,71.12301163004047,71.13496223672695,71.14508241426556,71.15344202140118,71.1601109168787,71.16515895944302,71.16865600783906,71.17067192081171,71.17127655710587,71.17053977546644,71.16853143463833,71.16532139336641,71.16097951039562,71.15557564447083,71.14917965433695,71.14186139873888,71.13369073642151,71.12473752612976,71.11507162660853,71.1047628966027,71.09388119485718,71.08249638011685,71.07067831191979,71.05850020244745,71.04604627828161,71.0334030245146,71.02065692623874,71.00789446854637,70.99520213652978,70.98266641528133,70.97037378989333,70.95841074545811,70.94686376706798,70.93581933981527,70.92536394879231,70.91558407909143,70.90656621580493,70.89839684402516,70.89116244884444,70.88494951535507,70.87984452864941,70.87593397381976,70.87330433595845,70.8720421001578,70.87223375151015,70.8739657751078,70.87732465604311,70.88239687940838,70.88926600349889,70.89791486291266,70.90820253701742,70.9199805107592,70.93310026908404,70.94741329693794,70.96277107926696,70.9790251010171,70.99602684713442,71.0136278025649,71.03167945225461,71.05003328114957,71.06854077419578,71.0870534163393,71.10542269252615,71.12350008770234,71.14113708681391,71.15818517480689,71.1744958366273,71.18992055722119,71.20431082153455,71.21751811451344,71.22939392110386,71.23978972625187,71.24855701490347,71.25554727200469,71.2606191949789,71.26368899910024,71.26470042546163,71.26359738712905,71.26032379716848,71.25482356864589,71.24704061462728,71.2369188481786,71.22440218236584,71.20943453025497,71.19195980491197,71.17192191940282,71.1492647867935,71.12393232014996,71.09586843253823,71.06501703702423,71.03132204667395,70.9947273745534,70.95517693372854,70.91261463726534,70.86698439822977,70.81823012968782,70.76629574470547,70.71112515634869,70.65266227768345,70.59085156483593,70.52597914910473,70.45925673026913,70.39205121191192,70.32572949761588,70.2616584909638,70.20120509553844,70.1457362149226,70.09661875269904,70.05521961245057,70.02290569775997,70.00104391221,69.99100115938346,69.99414434286311,70.01184036623178,70.0454561330722,70.09635854696718,70.1659145114995,70.25549093025191,70.36645470680725,70.50017274474826,70.65801194765771,70.84133921911844,71.05152146271317,71.28992558202472,71.55791848063585
70.1142382916697,70.2925669245432,70.44828412676574,70.5825770343116,70.69663278315507,70.79163850927041,70.86878134863194,70.92924843721391,70.97422691099062,71.00490390593636,71.02246655802541,71.02810200323205,71.02299737753056,71.00833981689523,70.98531645730036,70.9551144347202,70.91892088512905,70.87792294450122,70.83330774881095,70.78626243403257,70.73797413614032,70.6896299911085,70.64241713491143,70.59752270352334,70.55613383291853,70.5194376590713,70.48860974408088,70.4642295579357,70.44600513105996,70.43357534879705,70.4265790964903,70.42465525948307,70.42744272311874,70.43458037274064,70.44570709369214,70.46046177131657,70.47848329095733,70.49941053795776,70.52288239766119,70.54853775541102,70.57601549655057,70.60495450642323,70.63499367037232,70.66577187374122,70.69692800187329,70.72810094011189,70.75892957380036,70.78905278828205,70.81810946890035,70.84573850099858,70.87157876992013,70.89526916100833,70.91647811697875,70.93516817046003,70.95147045074567,70.96551808365489,70.97744419500684,70.98738191062071,70.9954643563157,71.00182465791094,71.00659594122568,71.00991133207906,71.01190395629025,71.01270693967848,71.0124534080629,71.01127648726268,71.00930930309703,71.00668498138512,71.00353664794613,70.99999742859924,70.99620044916365,70.99227883545852,70.98836571330304,70.98459420851638,70.98109744691776,70.97800855432631,70.97546065656125,70.97358687037251,70.97248197667007,70.97211481207545,70.97242838824535,70.97336571683643,70.97486980950535,70.97688367790882,70.97935033370347,70.98221278854598,70.98541405409304,70.98889714200132,70.99260506392747,70.99648083152819,71.00046745646013,71.00450795037996,71.00854532494436,71.01252259181001,71.01638276263358,71.02006884907173,71.02352386278113,71.02669081541848,71.0295127186404,71.03193258410361,71.03389342346476,71.03533824838054,71.0362100705076,71.03645224701376,71.03602002559435,71.03488326336637,71.03301271397547,71.0303791310673,71.02695326828753,71.02270587928179,71.01760771769574,71.01162953717503,71.0047420913653,70.99691613391222,70.98812241846144,70.97833169865862,70.9675147281494,70.95564226057942,70.94268504959435,70.92861384883983,70.91339941196152,70.89701249260507,70.87942384441614,70.86060422104038,70.84052437612341,70.81915506331093,70.79646703624856,70.77243104858196,70.74701785395679,70.72022492389829,70.69226279888751,70.66344398596688,70.6340816292353,70.60448887279165,70.57497886073484,70.54586473716377,70.51745964617731,70.49007673187437,70.46402913835384,70.4396300097146,70.41719249005556,70.39702972347561,70.37945485407363,70.36478102594853,70.3533213831992,70.34538906992452,70.3412972302234,70.34135900819473,70.3458875479374,70.3551959935503,70.36959748913232,70.38940517878237,70.41493220659933,70.44649171668209,70.48439611483151,70.52849329459912,70.57737282604232,70.62941327744349,70.68299321708497,70.73649121324915,70.78828583421839,70.83675564827506,70.88027922370154,70.91723512878018,70.94600193179336,70.96495820102345,70.9724825047528,70.96695341126382,70.94674948883882,70.91024930576022,70.85583143031036,70.78187443077162,70.68675687542638,70.56885733255699,70.42655437044581,70.25822655737524,70.06225246162762,69.83701065148534,69.58087969523076,69.29223816114624
69.71411194558162,69.8008398646721,69.88214153545107,69.95822257652858,70.02928860651464,70.0955452440193,70.15719810765258,70.21445281602448,70.26751498774506,70.31659024142434,70.36188419567233,70.40360246909908,70.44195068031463,70.47713444792898,70.50935939055213,70.53883112679416,70.56575527526506,70.5903374545749,70.61278328333366,70.63329838015139,70.65208836363813,70.66935885240387,70.68531546505868,70.70016382021257,70.71410953647555,70.72735823245766,70.74011388671782,70.7524960098621,70.76450062702399,70.77611396528175,70.78732225171365,70.7981117133979,70.8084685774128,70.81837907083658,70.8278294207475,70.83680585422383,70.8452945983438,70.85328188018568,70.86075392682771,70.86769696534816,70.87409722282528,70.87994092633733,70.88521430296255,70.88990357977922,70.89399498386557,70.89747474229985,70.90032908216034,70.9025442305253,70.90410641447293,70.90500186108154,70.90521679742938,70.90473745059468,70.90355360289156,70.90169041051655,70.89919330890156,70.89610797362572,70.89248008026816,70.888355304408,70.88377932162436,70.87879780749638,70.8734564376032,70.8678008875239,70.86187683283764,70.85572994912353,70.8494059119607,70.84295039692827,70.83640907960539,70.82982763557115,70.82325174040469,70.81672706968513,70.81029929899161,70.80401410390324,70.79791715999916,70.79205414285848,70.78647072806032,70.78121259118383,70.77632540780812,70.77185485025596,70.7678328262057,70.7642460225097,70.7610718534581,70.75828773334113,70.75587107644895,70.75379929707177,70.75204980949975,70.75060002802309,70.74942736693195,70.74850924051655,70.74782306306706,70.74734624887365,70.74705621222652,70.74693036741587,70.74694612873186,70.74708091046469,70.74731212690453,70.74761719234158,70.74797352106602,70.74835852736804,70.74874962553781,70.74912422986553,70.74945975464138,70.74973361415555,70.7499232226982,70.75000600787962,70.74995985571123,70.74976321542385,70.7493945708111,70.74883240566662,70.748055203784,70.7470414489569,70.7457696249789,70.74421821564366,70.74236570474476,70.74019057607585,70.73767131343052,70.73478640060245,70.73151432138519,70.7278335595724,70.7237225989577,70.7191599233347,70.71412401649704,70.7085933622383,70.70254644435215,70.69596174663218,70.68881775287201,70.68109294686526,70.67276581240559,70.66381483328657,70.65421849330183,70.6439741223076,70.63322934318248,70.62220370323271,70.6111171991268,70.60018982753321,70.58964158512046,70.57969246855698,70.57056247451129,70.56247159965186,70.55563984064717,70.55028719416572,70.54663365687597,70.5448992254464,70.54530389654552,70.54806766684179,70.5534105330037,70.56155249169974,70.57271353959838,70.58711367336811,70.60497288967741,70.62651118519477,70.65194855658865,70.68150500052757,70.71540051367997,70.75385509271436,70.79708793911541,70.84481795151642,70.89540875141196,70.94699670086521,70.99771816193928,71.0457094966973,71.0891070672024,71.12604723551773,71.1546663637064,71.17310081383157,71.17948694795633,71.17196112814386,71.14865971645727,71.10771907495969,71.04727556571424,70.96546555078407,70.86042539223233,70.73029145212212,70.5732000925166,70.38728767547886,70.17069056307209,69.92154511735939,69.63798770040387,69.31815467426871,68.96018240101702,68.56220724271195
69.26443262070859,69.3739040062819,69.47598592480155,69.57096141646656,69.65911352147593,69.74072528002867,69.81607973232377,69.88545991856027,69.94914887893714,70.00742965365342,70.06058528290808,70.10889880690016,70.15265326582866,70.19213169989256,70.22761714929088,70.25939265422262,70.28774125488681,70.31294599148244,70.33528990420851,70.35505603326405,70.37252741884804,70.38798710115948,70.40171812039742,70.41400351676083,70.42512633044872,70.4353696016601,70.44499171488141,70.45410401857349,70.46276358259925,70.47102739055097,70.47895242602091,70.48659567260133,70.49401411388448,70.5012647334626,70.50840451492802,70.51549044187293,70.52257949788961,70.52972866657032,70.53699493150734,70.54443527629292,70.5521066845193,70.56006613977875,70.56837062566355,70.57707712576594,70.58624262367819,70.59592410299256,70.60617854730128,70.61706294019666,70.62863426527092,70.64094950611634,70.65406564632518,70.66802912126897,70.68279026699383,70.69824805896936,70.71430098877876,70.73084754800533,70.74778622823233,70.765015521043,70.7824339180206,70.7999399107484,70.81743199080965,70.83480864978763,70.85196837926557,70.86880967082675,70.88523101605442,70.90113090653183,70.91640783384226,70.93096028956896,70.94468676529519,70.9574857526042,70.96925574307926,70.97989522830363,70.98930269986056,70.99737664933332,71.00401556830515,71.00911794835933,71.01259027094149,71.01445642551398,71.01482959831824,71.01382521086158,71.0115586846513,71.00814544119476,71.00370090199925,70.99834048857211,70.99217962242064,70.98533372505217,70.97791821797402,70.9700485226935,70.96184006071795,70.95340825355468,70.944868522711,70.93633628969425,70.92792697601175,70.91975600317079,70.91193879267873,70.90459076604286,70.8978273447705,70.891763950369,70.88651600434565,70.88219892820777,70.87892814346272,70.87681561716245,70.875882706146,70.87605348734463,70.87724724718555,70.87938327209592,70.88238084850295,70.88615926283383,70.89063780151574,70.89573575097586,70.90137239764141,70.90746702793955,70.9139389282975,70.92070738514242,70.9276916849015,70.93481111400197,70.94198495887098,70.94913250593572,70.95617304162342,70.96302585236121,70.96961022457634,70.97584544469595,70.98165079914726,70.98694557435745,70.99164905675372,70.99568053276323,70.99895988731315,71.0014410163097,71.00312946880246,71.00403511506448,71.00416782536888,71.00353746998873,71.00215391919711,71.0000270432671,70.99716671247178,70.99358279708424,70.98928516737757,70.98428369362483,70.97858824609914,70.97220869507353,70.96515491082113,70.957436763615,70.94906412372822,70.9400468614339,70.93039484700509,70.92011795071488,70.90922604283637,70.89772899364262,70.88563667340674,70.87295895240177,70.85970570090085,70.84588992598957,70.83211806617776,70.82028705052605,70.8124633383574,70.81071338899481,70.81710366176125,70.8337006159797,70.8625707109731,70.90578040606445,70.96539616057674,71.04348443383293,71.14211168515598,71.26334437386888,71.4092489592946,71.58189190075612,71.78333965757642,72.01565868907846,72.28091545458533,72.5811764134198,72.91850802490494,73.29497674836374,73.71264904311914,74.17359136849416,74.67987018381174,75.23355194839486,75.83654921498443,76.46114308071338,77.08573694644231,77.71033081217124
70.5778026123336,70.62096053093998,70.65995250298084,70.69500878406471,70.72635962980014,70.75423529579567,70.77886603765982,70.80048211100119,70.81931377142827,70.83559127454963,70.8495448759738,70.86140483130934,70.8714013961648,70.8797648261487,70.88672537686959,70.89251330393603,70.89735886295654,70.90149230953969,70.905143899294,70.90854388782803,70.91192253075032,70.9155100836694,70.91953680219385,70.92423294193217,70.92982875849295,70.93655450748469,70.94463794129972,70.95417788857407,70.96508470159928,70.9772537778581,70.99058051483324,71.00496031000746,71.02028856086349,71.03646066488409,71.05337201955196,71.07091802234987,71.08899407076053,71.1074955622667,71.1263178943511,71.1453564644965,71.16450667018559,71.18366390890115,71.2027235781259,71.22158107534257,71.2401317980339,71.25827114368265,71.27589450977153,71.2928972937833,71.30917489320068,71.32462270550641,71.33913612818324,71.3526105587139,71.36495061996114,71.37615272546466,71.38626591077309,71.39533983458604,71.40342415560315,71.41056853252408,71.41682262404845,71.4222360888759,71.4268585857061,71.43073977323866,71.43392931017323,71.43647685520946,71.43843206704697,71.43984460438544,71.44076412592447,71.44124029036372,71.44132275640284,71.44106118274145,71.4405052280792,71.43970455111575,71.43870881055071,71.43756766508373,71.43633077341447,71.43504779424255,71.43376838626762,71.43254220627446,71.43141081694243,71.43038918948062,71.42948684249838,71.42871329460513,71.42807806441024,71.4275906705231,71.42726063155312,71.42709746610967,71.42711069280215,71.42730983023992,71.42770439703241,71.428303911789,71.42911789311906,71.430155859632,71.4314273299372,71.43294182264403,71.43470885636192,71.43673794970023,71.43903862126835,71.44162038967569,71.44449277353164,71.44766529144555,71.45114746202684,71.4549488038849,71.45907883562911,71.463546718193,71.46834930334218,71.47346831905362,71.47888456521079,71.48457884169714,71.49053194839611,71.49672468519115,71.50313785196572,71.50975224860325,71.51654867498722,71.52350793100106,71.53061081652824,71.53783813145219,71.54517067565638,71.55258924902424,71.56007465143922,71.5676076827848,71.5751691429444,71.58273983180149,71.59030054923952,71.59783209514192,71.60531526939216,71.6127308718737,71.62005970246996,71.6272825610644,71.63438024754049,71.64131804513995,71.64793749544907,71.65402092208383,71.65935027868412,71.6637075188898,71.66687459634073,71.66863346467683,71.66876607753797,71.667054388564,71.66328035139482,71.65722591967028,71.6486730470303,71.63740368711473,71.62319979356344,71.60584332001632,71.58511622011325,71.5608004474941,71.53267795579876,71.50053069866709,71.46414062973898,71.4232897026543,71.37775987105293,71.32733308857475,71.27179130885962,71.21091648554744,71.14449069427467,71.07237276681349,70.99462946066699,70.91136239933138,70.82267320630284,70.72866350507759,70.6294349191518,70.5250890720217,70.41572758718345,70.30145208813327,70.18236419836738,70.05856554138192,69.93015774067315,69.79724241973722,69.6599212020703,69.51829571116868,69.37246757052851,69.222538403646,69.06860983401732,68.9107834851387,68.74916098050632,68.58384394361637,68.41493399796506,68.24253276704859,68.06674187436315,67.88766294340495
69.77843608538869,69.95027826528091,70.09861740659335,70.22481724267439,70.33024150687248,70.41625393253605,70.48421825301351,70.53549820165328,70.57145751180381,70.59345991681352,70.60286915003081,70.60104894480413,70.5893630344819,70.56917515241254,70.54184903194448,70.50874840642615,70.47123700920596,70.43067857363235,70.38843683305375,70.34587552081855,70.30435837027522,70.26524911477216,70.2299114876578,70.19970922228057,70.1760060519889,70.160034323989,70.15187302666689,70.15100310602051,70.15690043927604,70.16904090365969,70.18690037639762,70.20995473471604,70.23767985584114,70.2695516169991,70.30504589541611,70.34363856831838,70.38480551293209,70.42802260648341,70.47276572619856,70.5185107493037,70.56473355302506,70.6109100145888,70.65651601122111,70.70102742014821,70.74392011859625,70.78466998379145,70.82275289295998,70.85764472332805,70.88882135212184,70.9157747911066,70.93837721679644,70.95688607887648,70.97157598331233,70.98272153606965,70.99059734311406,70.9954780104112,70.99763814392671,70.9973523496262,70.99489523347533,70.99054140143973,70.98456545948501,70.97724201357684,70.96884566968083,70.95965103376264,70.94993271178787,70.93996530972217,70.93002343353118,70.92038168918053,70.91131468263585,70.90309701986278,70.89600330682696,70.890308149494,70.88628615382956,70.88421088772594,70.88422019672402,70.88618270959518,70.88993532422718,70.8953149385078,70.90215845032476,70.91030275756586,70.91958475811884,70.92984134987145,70.94090943071147,70.95262589852665,70.96482765120474,70.97735158663352,70.99003460270072,71.0027135972941,71.01522546830145,71.02740711361051,71.03909543110903,71.05012731868479,71.06033967422553,71.06956939561901,71.077653380753,71.08442852751526,71.08973173379353,71.09339989747558,71.09532170288541,71.09559943848049,71.09439045837156,71.09185211672668,71.08814176771384,71.08341676550106,71.07783446425636,71.07155221814776,71.06472738134327,71.05751730801092,71.05007935231872,71.04257086843468,71.03514921052682,71.02797173276318,71.02119578931175,71.01497873434054,71.00947792201761,71.00485070651094,71.00125444198856,70.99884648261849,70.99778418256874,70.99822489600733,71.00032597710228,71.0042447800216,71.01010140669975,71.01767750989072,71.02657426138339,71.03639114557355,71.04672764685698,71.0571832496295,71.0673574382869,71.07684969722497,71.08525951083952,71.09218636352632,71.0972297396812,71.09998912369991,71.10006399997829,71.09705385291211,71.09055816689717,71.08017642632927,71.06550811560422,71.04615271911779,71.02170972126578,70.991778606444,70.95595885904822,70.91384996347428,70.86505140411793,70.80916266537497,70.74585599942195,70.6766044187691,70.60475527318255,70.53374340299182,70.46700364852646,70.40797085011597,70.3600798480899,70.32676548277776,70.3114625945091,70.31760602361341,70.34863061042024,70.40797119525912,70.49906261845958,70.62533972035112,70.79023734126329,70.99719032152562,71.24963350146761,71.55100172141881,71.90472982170874,72.31425264266693,72.78300502462291,73.3144218079062,73.91193783284655,74.57898793977307,75.31696347945831,76.07697174970285,76.83698001994739,77.59698829019194,78.35699656043649,79.11700483068103,79.87701310092558,80.6370213711701,81.39702964141465,82.15703791165919
69.95534039430534,70.07894119482776,70.1884902420598,70.28470567271994,70.36830562352668,70.44000823119853,70.50053163245401,70.55059396401161,70.59091336258984,70.6222079649072,70.64519590768221,70.66059532763336,70.66912436147915,70.6715011459381,70.6684438177287,70.66067051356946,70.6488993701789,70.63384852427549,70.61623611257778,70.59678027180425,70.5761991386734,70.55521084990374,70.53453354221378,70.51488535232201,70.49698441694696,70.48154887280711,70.46928501439692,70.46050790421555,70.45506110880383,70.4527601242455,70.45342044662432,70.45685757202402,70.46288699652834,70.47132421622106,70.4819847271859,70.49468402550663,70.50923760726698,70.5254609685507,70.54316960544155,70.56217901402326,70.58230469037959,70.60336213059428,70.62516683075107,70.64753428693373,70.67027999522601,70.69321945171163,70.71616815247437,70.73894159359794,70.76135527116612,70.78322468126264,70.80436531997125,70.82459268337571,70.8437420818292,70.86177110541257,70.87868394443292,70.89448488093012,70.90917819694401,70.92276817451446,70.93525909568129,70.94665524248438,70.95696089696357,70.9661803411587,70.97431785710964,70.98137772685625,70.98736423243835,70.99228165589581,70.99613427926849,70.99892638459622,71.00066225391888,71.00134616927629,71.00098241270831,70.99957526625481,70.99712901195564,70.99364793185062,70.98913630797962,70.98359842238251,70.97703855709912,70.96946151970991,70.96091790552103,70.95153898032227,70.9414642214755,70.93083310634255,70.91978511228525,70.90845971666549,70.8969963968451,70.88553463018592,70.87421389404977,70.86317366579856,70.85255342279409,70.84249264239821,70.83313080197277,70.82460737887963,70.81706185048064,70.81063369413762,70.80546238721244,70.80168740706694,70.79944823106295,70.79888433656235,70.80013520092696,70.80334030151863,70.80863911569922,70.81617112083057,70.82607579427453,70.83846980950888,70.85324581465437,70.87016930337425,70.88900430988318,70.9095148683958,70.93146501312677,70.95461877829074,70.97874019810236,71.00359330677628,71.02894213852717,71.05455072756968,71.08018310811846,71.10560331438816,71.13057538059344,71.15486334094895,71.17823122966934,71.20044308096926,71.22126292906339,71.24045480816636,71.25778275249283,71.27301079625744,71.28590297367487,71.29622331895976,71.30373586632676,71.30820464999051,71.3093939297377,71.30718255592683,71.30175006638166,71.29332472247621,71.28213478558449,71.26840851708052,71.25237417833827,71.23426003073179,71.21429433563507,71.19270535442213,71.16972134846698,71.14557057914362,71.12048130782607,71.09468179588833,71.06840030470443,71.04186509564835,71.0153044300941,70.98894656941572,70.9630197749872,70.93775230818257,70.91337243037582,70.89010840294095,70.868188487252,70.84784094468296,70.82929403660783,70.81277602440065,70.79854213369697,70.78730050546326,70.7801350950615,70.77814123340148,70.78241425139305,70.794049479946,70.81414224997015,70.8437878923753,70.8840817380713,70.93611911796795,71.00099536297503,71.0798058040024,71.17364577195987,71.28361059775723,71.41079561230437,71.55629614651099,71.72120753128696,71.90662509754209,72.11364417618621,72.34336009812911,72.59686819428062,72.87526379555054,73.1796422328487,73.51109883708493,73.870728939169,74.25962787001076
69.50133849998866,69.6918401017346,69.8606333264638,70.00885277693399,70.13763305590297,70.24810876612845,70.34141451036824,70.41868489138007,70.48105451192168,70.52965797475088,70.56562988262539,70.59010483830296,70.60421744454139,70.6091023040984,70.60589401973178,70.59572719419926,70.5797364302586,70.5590563306676,70.53482149818397,70.5081665355655,70.48022604556994,70.45213463095503,70.42502689447855,70.40003743889825,70.3783008669719,70.36095178068193,70.34887162517387,70.34197299825051,70.3399367616265,70.34244377701654,70.3491749061353,70.35981101069746,70.37403295241769,70.39152159301068,70.4119577941911,70.43502241767361,70.46039632517291,70.48776037840368,70.51679543908058,70.54718236891829,70.5786020296315,70.61073528293487,70.64326299054309,70.67586601417084,70.70822521553278,70.7400214563436,70.77093559831796,70.80064850317058,70.8288410326161,70.8551940483692,70.87938841388727,70.90117926017912,70.92059367411977,70.93772097555899,70.9526504843465,70.9654715203321,70.97627340336551,70.9851454532965,70.99217698997482,70.99745733325024,71.00107580297248,71.00312171899134,71.00368440115653,71.00285316931785,71.00071734332502,70.9973662430278,70.99288918827597,70.98737549891926,70.98091449480744,70.97359549579025,70.96550782171745,70.95674079243881,70.94738372780405,70.93752594766298,70.9272567718653,70.91666552002584,70.90583841643749,70.89485083888623,70.8837757906867,70.8726862751535,70.86165529560122,70.8507558553445,70.84006095769794,70.82964360597614,70.81957680349372,70.80993355356527,70.80078685950544,70.79220972462879,70.78427515224996,70.77705614568356,70.77062570824418,70.76505684324644,70.76042255400496,70.75679584383434,70.75424971604919,70.75285717396412,70.75269122089372,70.75382486015265,70.75633109505546,70.7602829289168,70.76575335866978,70.77277840494114,70.78127007681532,70.79111441463796,70.80219745875473,70.81440524951125,70.82762382725318,70.84173923232615,70.8566375050758,70.87220468584778,70.88832681498774,70.90488993284131,70.92178007975414,70.93888329607188,70.95608562214015,70.9732730983046,70.9903317649109,71.00714766230466,71.02360683083154,71.03959531083717,71.05499914266721,71.0697043666673,71.08359702318306,71.09656315256017,71.10848879514423,71.11925998848781,71.12875413832231,71.13682093760094,71.1433045288936,71.14804905477014,71.15089865780045,71.15169748055443,71.15028966560193,71.14651935551285,71.14023069285705,71.13126782020443,71.11947488012486,71.10469601518821,71.08677536796438,71.06555708102323,71.04088529693465,71.01260415826852,70.9805578075947,70.9445903874831,70.90454604050359,70.86026890922604,70.81160313622033,70.75839286405635,70.70048223530397,70.63771539253307,70.56993682762838,70.49764127982024,70.42332238928857,70.34985663545132,70.2801204977264,70.21699045553179,70.1633429882854,70.12205457540517,70.09600169630907,70.08806083041503,70.10110845714098,70.13802105590486,70.20167510612463,70.29494708721822,70.42071347860357,70.58185075969863,70.78123540992132,71.0217439086896,71.30625273542152,71.63763836953483,72.01877729044753,72.45254597757759,72.94182091034294,73.48947856816152,74.09839543045129,74.7710925140208,75.47027460247563,76.16945669093046,76.8686387793853,77.56782086784014
69.26025432854533,69.37555599350915,69.48181879229465,69.5794242444243,69.66875386942061,69.75018918680608,69.82411171610322,69.89090297683451,69.95094448852247,70.00461777068958,70.05230434285833,70.09438572455126,70.13124343529084,70.16325899459956,70.19081392199993,70.21428973701447,70.23406795916564,70.25053010797596,70.26405770296793,70.27503226366406,70.28383530958683,70.29084836025875,70.2964529352023,70.30103055394001,70.30496273599435,70.30863100088784,70.31241388274935,70.31653615825161,70.32099782281601,70.32578103641276,70.33086795901208,70.3362407505842,70.34188157109931,70.34777258052765,70.35389593883941,70.36023380600483,70.3667683419941,70.37348170677745,70.3803560603251,70.38737356260725,70.39451637359413,70.40176665325595,70.40910656156292,70.41651825848525,70.42398390399319,70.43148565805691,70.43900568064666,70.44652613173264,70.45402917128507,70.46149695927416,70.46891165567011,70.47625542044317,70.48351174200698,70.49067732652051,70.49775645764768,70.50475350878543,70.51167285333065,70.51851886468027,70.52529591623122,70.53200838138038,70.53866063352471,70.54525704606111,70.5518019923865,70.5582998458978,70.56475497999193,70.5711717680658,70.57755458351633,70.58390779974044,70.59023579013504,70.59654292809708,70.60283358702343,70.60911214031104,70.61538296135683,70.6216504235577,70.62791890031058,70.63419276501239,70.64047639106003,70.64677414979305,70.65308171591738,70.6593661931901,70.66558882687501,70.67171086223604,70.67769354453702,70.68349811904183,70.68908583101432,70.69441792571838,70.69945564841788,70.70416024437665,70.7084929588586,70.71241503712757,70.71588772444744,70.71887226608207,70.72132990729534,70.7232218933511,70.72450946951322,70.72515388104557,70.72511637321202,70.72435819127644,70.72284058050268,70.72052478615463,70.71737205349613,70.71334362779108,70.70840075430331,70.70250683461694,70.69569947858666,70.68810747283945,70.67986519919903,70.67110703948912,70.66196737553344,70.65258058915569,70.64308106217962,70.63360317642892,70.62428131372732,70.61524985589854,70.60664318476628,70.59859568215428,70.59124172988626,70.58471570978593,70.579152003677,70.57468499338319,70.57144906072821,70.56957858753582,70.56920795562968,70.57047154683355,70.57350374297114,70.57843892586615,70.58541147734232,70.59455577922336,70.60600621333298,70.61986025343558,70.63592103999581,70.65385085694504,70.67331110818526,70.6939631976185,70.71546852914678,70.7374885066721,70.7596845340965,70.78171801532197,70.80325035425057,70.82394295478427,70.84345722082512,70.86145455627513,70.87759636503631,70.89154405101068,70.90295901810026,70.91150267020707,70.91683641123312,70.91862164508042,70.91651977565101,70.9101922068469,70.8993003425701,70.88350558672262,70.8624693432065,70.83585301592373,70.80331805449985,70.76455467624342,70.71933102762745,70.66742832266448,70.60862777536707,70.54271059974778,70.46945800981916,70.38865121959377,70.30007144308415,70.20349989430287,70.09871778726246,69.9855063359755,69.86364675445454,69.73292025671212,69.59310805676076,69.44399136861308,69.28535140628163,69.11696938377895,68.93862651511758,68.75010401431007,68.551183095369,68.3416449723069,68.12127085913633,67.88984196986985,67.64713951852002,67.39294471909938
70.20973369747657,70.27118121068753,70.32562478936063,70.37343896213412,70.4149982576462,70.45067720453514,70.48085033143919,70.50589216699655,70.52617723984548,70.54208007862422,70.553975211971,70.56223716852405,70.56724047692163,70.56935966580195,70.56896926380327,70.56644379956383,70.56215780172185,70.55648579891559,70.54980231978325,70.54248189296311,70.53489904709338,70.5274283108123,70.52044421275812,70.51432128156908,70.50943404588341,70.50615703433934,70.50485818190124,70.50568758808515,70.50853282650246,70.51326584131537,70.51975857668612,70.52788297677685,70.5375109857498,70.54851454776716,70.56076560699114,70.57413610758391,70.5884979937077,70.6037232095247,70.61968369919711,70.63625140688714,70.65329827675697,70.6706962529688,70.68831727968484,70.7060333010673,70.72371626127835,70.74123810448023,70.75847077483512,70.77528621650521,70.79155637365271,70.80715319043982,70.82194861102874,70.83581457958167,70.8486420360197,70.86043914872049,70.87125876127244,70.88115380520729,70.89017721205676,70.89838191335255,70.90582084062643,70.9125469254101,70.9186130992353,70.92407229363374,70.92897744013719,70.93338147027734,70.93733731558592,70.94089790759467,70.94411617783533,70.94704505783959,70.9497374791392,70.9522463732659,70.9546246717514,70.95692530612743,70.95920120792573,70.96150530867801,70.96389053991601,70.96640983317145,70.96911611997606,70.97206218301929,70.97528783710521,70.97881004974506,70.98264346278908,70.98680271808755,70.99130245749075,70.99615732284892,71.00138195601234,71.0069909988313,71.01299909315605,71.01942088083686,71.02627100372402,71.03356410366777,71.04131482251839,71.04953780212617,71.05824768434135,71.06745911101422,71.07718672399503,71.08744516513407,71.0982490762816,71.10961309928788,71.1215518760032,71.13408004827781,71.147212257962,71.16096314690603,71.17534735696016,71.19037103751317,71.20595690801213,71.2219803339388,71.23831613725744,71.25483913993226,71.27142416392752,71.28794603120744,71.30427956373629,71.32029958347826,71.33588091239761,71.3508983724586,71.36522678562544,71.37874097386238,71.39131575913365,71.40282596340349,71.41314640863614,71.42215191679583,71.42971730984681,71.43571740975332,71.4400270384796,71.44252101798985,71.44307417024835,71.44156131721931,71.43785728086701,71.43183688315563,71.42337511062057,71.41243055192481,71.39918116903092,71.38384047126279,71.36662196794433,71.34773916839941,71.327405581952,71.30583471792596,71.2832400856452,71.25983519443363,71.23583355361518,71.21144867251374,71.18689406045318,71.16238322675747,71.13812968075047,71.11434693175607,71.09124848909823,71.06904786210083,71.04795856008776,71.02819409238296,71.00996796831029,70.99349369719371,70.97898478835708,70.96665475112434,70.95671709481937,70.94938532876607,70.94490613983307,70.94408349395994,70.94818376911542,70.95848734004491,70.97627458149384,71.00282586820761,71.0394215749316,71.08734207641123,71.14786774739191,71.22227896261904,71.31185609683803,71.41787952479427,71.54162962123318,71.68438676090017,71.84743131854069,72.03204366890003,72.23950418672365,72.47109324675698,72.7280912237454,73.01177849243433,73.32343542756914,73.66434240389529,74.03577979615814,74.43902797910312,74.87536732747562,75.34607821602106
70.11581325642479,70.15496344377999,70.19572115482393,70.23788716783818,70.28126226110436,70.32564721290402,70.37084280151879,70.41664980523021,70.46286900231988,70.50930117106941,70.55574708976036,70.60200753667434,70.64788329009292,70.69317512829767,70.73768382957019,70.78121017219206,70.8235549344449,70.86451889461026,70.90390283096974,70.94150752180494,70.97713374539742,71.01058228002876,71.04165390398057,71.07014939553443,71.09586953297193,71.11861509457464,71.13818990944625,71.15455493392457,71.16790083194789,71.17843649379088,71.18637080972823,71.19191267003458,71.19527096498464,71.19665458485301,71.19627241991441,71.1943333604435,71.19104629671492,71.18662011900335,71.18126371758348,71.17518598272994,71.1685958047174,71.16170207382055,71.15471368031407,71.14783951447257,71.14128846657076,71.1352694268833,71.12999128568484,71.12566293325008,71.12249325985366,71.12069115577023,71.12046551127449,71.1220252166411,71.12555693053034,71.1310261115072,71.13827140794481,71.14712996652699,71.15743893393756,71.16903545686031,71.1817566819791,71.1954397559777,71.20992182553996,71.22504003734971,71.24063153809078,71.25653347444694,71.27258299310205,71.28861724073991,71.30447336404433,71.31998850969916,71.3349998243882,71.3493444547953,71.36285954760422,71.37538224949884,71.38674970716295,71.39679906728034,71.4053674765349,71.41229208161039,71.41741002919068,71.42055848190299,71.42164199570598,71.42078653308448,71.41816345608711,71.41394412676257,71.40829990715946,71.4014021593265,71.39342224531231,71.38453152716556,71.37490136693492,71.36470312666904,71.35410816841659,71.34328785422619,71.33241354614657,71.32165660622633,71.31118839651415,71.30118027905868,71.29180361590858,71.28322976911252,71.27563010071918,71.26917597277719,71.2640387473352,71.26038978644189,71.2584004521459,71.25824210649591,71.26008611154057,71.26409912624305,71.27028595612936,71.27845254379727,71.2883926283285,71.29989994880475,71.31276824430779,71.32679125391931,71.34176271672104,71.35747637179469,71.373725958222,71.39030521508468,71.40700788146447,71.42362769644305,71.43995839910218,71.45579372852356,71.47092742378894,71.48515322398,71.4982648681785,71.51005609546613,71.52032064492462,71.52885225563571,71.53544466668112,71.53989161714253,71.54198684610174,71.54152409264037,71.53829709584022,71.53213716222083,71.52317518999394,71.51168545036776,71.49794311030197,71.48222333675625,71.46480129669027,71.44595215706369,71.42595108483621,71.40507324696753,71.38359381041727,71.36178794214513,71.33993080911077,71.31829757827387,71.29716341659415,71.27680349103122,71.25749296854477,71.2395070160945,71.22312080064009,71.20860948914117,71.19624824855745,71.18631224584863,71.17907664797431,71.17481662189422,71.17380733456801,71.17632395295539,71.18264091392643,71.19257330660287,71.20469188679829,71.21735875449343,71.22893600966907,71.23778575230588,71.24227008238461,71.24075109988598,71.23159090479075,71.21315159707962,71.18379527673335,71.14188404373263,71.08577999805826,71.01384523969088,70.92444186861124,70.81593198480013,70.68667768823823,70.53504107890629,70.35938425678506,70.15806932185521,69.92945837409752,69.67191351349274,69.38379684002152,69.06347045366465,68.70929645440287,68.31963694221687
70.45126883041543,70.36966796925519,70.30232196678071,70.24842387781301,70.20716675717313,70.17774365968205,70.15934764016083,70.15117175343046,70.15240905431197,70.16225259762639,70.17989543819472,70.204530630838,70.23535123037725,70.27155029163346,70.31232086942767,70.3568560185809,70.40434879391415,70.45399225024848,70.50497944240487,70.55650342520437,70.60775725346797,70.6579339820167,70.70622666567161,70.75182835925366,70.79393211758392,70.8317309954834,70.86442657293807,70.89165950358546,70.91371233204706,70.93091853430644,70.94361158634723,70.952124964153,70.95679214370735,70.95794660099385,70.95592181199612,70.95105125269775,70.94366839908231,70.93410672713341,70.92269971283463,70.90978083216957,70.89568356112183,70.88074137567497,70.86528775181262,70.84965616551835,70.83418009277575,70.81919300956842,70.80502839187994,70.79201971569393,70.78050045699395,70.77080409176361,70.76326409598649,70.75821394564618,70.75595354378918,70.75644874948483,70.75947392016327,70.76480114548768,70.77220251512126,70.7814501187272,70.79231604596866,70.80457238650887,70.817991230011,70.83234466613825,70.8474047845538,70.86294367492086,70.8787334269026,70.89454613016223,70.91015387436292,70.92532874916787,70.93984284424029,70.95346824924333,70.96597705384022,70.97714134769413,70.98673322046827,70.9945247618258,71.00028806142993,71.00379520894386,71.00481829403076,71.0031294308509,70.99860428321243,70.99145870537504,70.98197830788966,70.97044870130723,70.95715549617869,70.94238430305496,70.92642073248702,70.90955039502578,70.89205890122219,70.87423186162718,70.8563548867917,70.8387135872667,70.82159357360308,70.80528045635182,70.79005984606385,70.7762173532901,70.76403858858151,70.75380916248903,70.74581468556359,70.74034076835613,70.7376730214176,70.73809705529894,70.74189848055107,70.74936290772494,70.76077594737151,70.77641470434453,70.79626356580802,70.81994726825714,70.8470684776948,70.87722986012395,70.9100340815475,70.94508380796837,70.9819817053895,71.02033043981379,71.05973267724418,71.09979108368361,71.14010832513497,71.18028706760121,71.21992997708526,71.25863971959002,71.29601896111842,71.3316703676734,71.36519660525788,71.39620033987477,71.42428423752702,71.4490509642175,71.47010318594921,71.48704356872503,71.49947477854788,71.5069994814207,71.50922034334643,71.50578919684507,71.4967499661231,71.48233421530308,71.46277468082546,71.4383040991307,71.40915520665924,71.37556073985151,71.33775343514797,71.29596602898906,71.25043125781522,71.20138185806691,71.14905056618457,71.09367011860864,71.03547325177956,70.97469270213779,70.91156120612376,70.8463115001779,70.77917632074072,70.7103884042526,70.64018048715403,70.56878530588541,70.49643559688722,70.42336409659991,70.3498035414639,70.27598666791964,70.2021463568536,70.12860636971949,70.05593665556479,69.98474844536446,69.91565297009348,69.84926146072684,69.7861851482395,69.72703526360645,69.67242303780269,69.62295970180315,69.57925648658286,69.54192462311677,69.51157534237986,69.48881987534712,69.47426945299351,69.46853530629404,69.47222866622366,69.48596076375736,69.51034282987013,69.54598609553692,69.59350179173273,69.65350114943254,69.72659539961131,69.81339577324405,69.9145135013057,70.03055981477128
69.9572629861936,70.04848390990858,70.13005652969198,70.20250240656125,70.2663431015338,70.32210017562711,70.3702951898586,70.41144970524569,70.44608528280584,70.47472348355649,70.49788586851507,70.51609399869902,70.52986943512579,70.53973373881281,70.54620847077751,70.54981519203736,70.55107546360976,70.55051084651218,70.54864290176205,70.5459931903768,70.54308327337388,70.54043471177071,70.53856906658477,70.53800789883346,70.53927276953422,70.54288523932455,70.54924279801402,70.5582681084499,70.56977026084738,70.58355834542165,70.5994414523879,70.61722867196131,70.6367290943571,70.65775180979044,70.68010590847652,70.70360048063054,70.72804461646768,70.75324740620314,70.77901794005211,70.80516530822979,70.83149860095133,70.85782690843197,70.88395932088689,70.90970492853126,70.93487282158029,70.95927209024916,70.98271182475307,71.0050011153072,71.02594905212675,71.04536472542691,71.06305722668574,71.07888946705468,71.09292143669998,71.10525822433104,71.11600491865724,71.12526660838799,71.13314838223265,71.13975532890063,71.14519253710132,71.1495650955441,71.15297809293837,71.1555366179935,71.15734575941892,71.15851060592396,71.15913624621805,71.15932776901059,71.15919026301093,71.15882881692848,71.15834851947264,71.15785445935278,71.15745172527829,71.15724540595858,71.15734059010302,71.157842366421,71.15885582362192,71.1604860480936,71.1628075412821,71.16578763006859,71.16937017913175,71.17349905315031,71.17811811680296,71.18317123476842,71.1886022717254,71.1943550923526,71.20037356132872,71.20660154333248,71.2129829030426,71.21946150513776,71.22598121429668,71.23248589519808,71.23891941252064,71.2452256309431,71.25134841514415,71.25723162980249,71.26281913959684,71.2680548092059,71.2728825033084,71.27724608658302,71.28108942370848,71.28435637936347,71.28699082190569,71.2889579366882,71.29029440223745,71.29105186816646,71.2912819840883,71.29103639961605,71.29036676436273,71.28932472794142,71.28796193996517,71.28633005004704,71.28448070780009,71.28246556283737,71.28033626477196,71.27814446321689,71.27594180778522,71.27377994809002,71.27171053374434,71.26978521436125,71.26805563955378,71.26657345893501,71.26539032211801,71.26455787871579,71.26412777834146,71.26415167060804,71.26468120512862,71.26576800596949,71.26738474738313,71.26925063235049,71.27103409800316,71.2724035814727,71.27302751989075,71.27257435038888,71.27071251009869,71.26711043615178,71.26143656567974,71.25335933581417,71.24254718368667,71.22866854642882,71.21139186117223,71.19038556504849,71.16531809518918,71.13585788872592,71.10167338279031,71.06243301451391,71.01780522102835,70.96745843946519,70.91106110695607,70.84828166063257,70.77878853762626,70.70225017506876,70.61833523062877,70.52712289041013,70.42995433056436,70.32841242971874,70.22408006650058,70.11854011953714,70.01337546745572,69.9101689888836,69.81050356244806,69.71596206677641,69.62812738049591,69.54858238223386,69.47890995061753,69.42069296427422,69.37551430183122,69.3449568419158,69.33060346315526,69.33403704417687,69.35684046360792,69.40059660007572,69.46688833220752,69.55729853863062,69.67341009797231,69.81680588885988,69.9890687899206,70.19161183911967,70.40678152081196,70.62195120250425,70.83712088419652,71.05229056588881
69.81236318667683,69.86338340430527,69.91069822925829,69.95452012828503,69.99506156813466,70.0325350155563,70.06715293729913,70.09912780011229,70.12867207074493,70.15599821594618,70.18131870246522,70.20484599705118,70.22679256645323,70.2473708774205,70.26679339670213,70.28527259104729,70.30302092720513,70.32025087192478,70.33717489195543,70.35400545404619,70.37095502494623,70.38823607140468,70.40606106017071,70.42464245799346,70.44419273162208,70.46492434780573,70.48704712763963,70.51063463245968,70.53556122260055,70.56168545263148,70.58886587712172,70.61696105064048,70.64582952775704,70.67532986304063,70.7053206110605,70.73566032638587,70.766207563586,70.7968208772301,70.82735882188744,70.85767995212726,70.8876428225188,70.9171059876313,70.945928002034,70.97396742029613,71.00108279698695,71.0271326866757,71.05197564393161,71.07547022332393,71.0974749794219,71.11784846679477,71.13644924001176,71.15313585364213,71.16777966674202,71.18037944043897,71.19100697326633,71.19973492866812,71.20663597008839,71.21178276097116,71.21524796476047,71.21710424490033,71.2174242648348,71.21628068800788,71.21374617786364,71.20989339784609,71.20479501139924,71.19852368196716,71.19115207299386,71.18275284792337,71.17339867019973,71.16316220326696,71.1521161105691,71.14033305555019,71.12788570165424,71.11484671232529,71.10128875100737,71.08728448114452,71.07290656618076,71.05822766999367,71.04332228902828,71.02827094024227,71.01315537510357,70.99805734508021,70.98305860164015,70.96824089625139,70.95368598038189,70.93947560549967,70.92569152307267,70.91241548456891,70.89972924145636,70.88771454520298,70.87645314727679,70.86602679914577,70.8565172522779,70.84800625814114,70.84057556820349,70.83430693393295,70.82928210679748,70.82558283826508,70.82329087980372,70.8224879828814,70.82325589896608,70.82567637952576,70.82983117602843,70.8357988652389,70.84354876870617,70.85291597040911,70.8637273166406,70.87580965369355,70.88898982786088,70.9030946854355,70.9179510727103,70.9333858359782,70.9492258215321,70.96529787566492,70.98142884466955,70.99744557483892,71.01317491246593,71.02844370384346,71.04307879526446,71.05690703302183,71.06975526340845,71.08145033271725,71.09181908724113,71.10068837327302,71.10788503710579,71.11323592503237,71.11656788334567,71.11770775833858,71.11648239630404,71.11273717401747,71.1064652445984,71.09773048120906,71.08659719884929,71.07312971251889,71.05739233721772,71.03944938794558,71.0193651797023,70.99720402748771,70.97303024630165,70.94690815114392,70.91890205701435,70.8890762789128,70.85749513183904,70.82422293079296,70.78932399077432,70.75286262678298,70.7149031538188,70.67550988688154,70.63474714097107,70.5926792310872,70.54937047222977,70.50488517939858,70.45928766759349,70.41264225181429,70.36501306106092,70.31634719945453,70.26627476084457,70.21437268126354,70.16021789674393,70.1033873433182,70.04345795701887,69.9800066738784,69.91261042992929,69.840846161204,69.76429080373504,69.68252129355487,69.595114566696,69.50164755919087,69.40169720707198,69.29484044637186,69.18065421312295,69.05871544335776,68.92860107310874,68.7898880384084,68.64215327528922,68.48497371978368,68.31792630792425,68.14058797574344,67.95253565927374,67.75334629454758
70.50396734967805,70.59897503284957,70.68057680728668,70.74949981141302,70.80647118365215,70.8522180624277,70.88746758616323,70.91294689328237,70.92938312220869,70.93750341136581,70.93803489917731,70.9317047240668,70.91924002445786,70.90136793877411,70.87881560543914,70.85231016287653,70.8225787495099,70.79034850376283,70.75634656405893,70.72130006882179,70.68593615647501,70.65098196544217,70.6171646341469,70.58521130101278,70.55584910446339,70.52980518292235,70.50779957833922,70.49018684123023,70.47678720251626,70.46737849709544,70.46173855986586,70.45964522572565,70.46087632957294,70.46520970630581,70.4724231908224,70.48229461802082,70.49460182279915,70.50912264005555,70.52563490468812,70.54391645159497,70.56374511567421,70.58489873182396,70.60715513494232,70.63029215992742,70.65408764167738,70.67831941509029,70.70276531506428,70.72720317649745,70.75141083428794,70.77516612333385,70.79824687853328,70.82043093478437,70.84151129317516,70.86143185533588,70.88022303156973,70.89791625661763,70.91454296522053,70.93013459211942,70.94472257205517,70.95833833976879,70.97101333000117,70.98277897749328,70.99366671698608,71.0037079832205,71.01293421093746,71.02137683487794,71.02906728978286,71.03603701039319,71.04231743144983,71.04793998769377,71.05293611386594,71.05733724470727,71.06117481495872,71.06448025936122,71.06728501265572,71.06962050958317,71.07151818488451,71.0730094738283,71.07412804192847,71.07491488169816,71.0754124880568,71.07566335592381,71.07570998021866,71.07559485586077,71.0753604777696,71.0750493408646,71.07470394006518,71.0743667702908,71.07408032646089,71.0738871034949,71.07382959631228,71.07395029983245,71.07429170897488,71.07489631865899,71.07580662380423,71.07706511933004,71.07871430015585,71.08079666120113,71.0833546973853,71.0864309036278,71.0900677748481,71.09430780596558,71.09919349189975,71.10476505340787,71.1109844475284,71.11771747175835,71.12482402262305,71.1321639966478,71.13959729035795,71.14698380027883,71.15418342293574,71.16105605485401,71.167461592559,71.17325993257597,71.17831097143029,71.18247460564727,71.18561073175223,71.18757924627052,71.18824004572741,71.18745302664829,71.18507808555843,71.1809751189832,71.17500402344787,71.16702469547782,71.15689703159833,71.14448092833476,71.1296362822124,71.1122229897566,71.09210094749268,71.06916387007625,71.04357516398822,71.01562729978612,70.98561355438109,70.9538272046843,70.92056152760689,70.88610980006,70.85076529895478,70.8148213012024,70.778571083714,70.7423079234007,70.70632509717369,70.67091588194411,70.63637355462309,70.60299139212178,70.57106267135136,70.54088066922293,70.51273866264769,70.48692992853677,70.4637477438013,70.44348538535245,70.42643613010137,70.4128932549592,70.40315003683709,70.39749975264618,70.39623547959737,70.39952465022107,70.40719433647895,70.41901453702492,70.43475525051282,70.45418647559653,70.47707821092989,70.50320045516678,70.53232320696107,70.5642164649666,70.59865022783727,70.6353944942269,70.67421926278939,70.7148945321786,70.7571903010484,70.80087656805263,70.84572333184515,70.89150059107985,70.93797834441058,70.98492659049121,71.0321153279756,71.07931455551763,71.12629427177113,71.17282447539,71.21867516502809,71.26361633933925
70.04548395158832,70.12573513577544,70.19914224426813,70.26599927680968,70.32660023314332,70.38123911301233,70.43020991615995,70.47380664232946,70.51232329126415,70.54605386270725,70.57529235640203,70.60033277209175,70.6214691095197,70.63899536842911,70.65320554856322,70.66439364966536,70.67285367147875,70.67887961374666,70.68276547621235,70.6848052586191,70.68529296071017,70.6845225822288,70.68278812291825,70.68038358252184,70.67760296078276,70.67474025744431,70.6720871793666,70.66981734248847,70.66793172315329,70.66641759947527,70.66526224956863,70.66445295154759,70.6639769835264,70.66382162361927,70.66397414994046,70.66442184060418,70.66515197372465,70.66615182741609,70.66740867979277,70.66890980896889,70.67064249305866,70.67259401017637,70.67475163843619,70.67710265595235,70.67963434083913,70.68233397121071,70.68518882518134,70.68818618086527,70.69131331637666,70.69455750982982,70.69790603933893,70.70134618301822,70.70486639520715,70.70846683344976,70.712154364535,70.71593593470286,70.71981849019335,70.72380897724648,70.72791434210222,70.7321415310006,70.73649749018159,70.74098916588522,70.74562350435144,70.75040745182031,70.7553479545318,70.7604519587259,70.7657264106426,70.77117825652192,70.77681444260384,70.78264191512838,70.78866762033556,70.79489850446532,70.80134151375768,70.80800359445266,70.81489169279024,70.8220127550104,70.82937372735321,70.83698155317435,70.84483098411462,70.85287671851549,70.86106524176128,70.86934303923633,70.8776565963249,70.88595239841132,70.8941769308799,70.90227667911498,70.91019812850087,70.91788776442183,70.92529207226224,70.93235753740638,70.93903064523857,70.9452578811431,70.95098573050433,70.95616067870654,70.96072921113404,70.96463781317115,70.96783297020221,70.97026116761148,70.9718688907833,70.97260262510201,70.97240885595187,70.97123406871722,70.9690247487824,70.96572976512746,70.96138001653526,70.95610718856844,70.95004915171876,70.94334377647789,70.93612893333753,70.92854249278938,70.92072232532513,70.91280630143649,70.90493229161515,70.89723816635282,70.88986179614119,70.88294105147199,70.87661380283686,70.87101792072755,70.86629127563572,70.8625717380531,70.85999717847139,70.85870546738224,70.8588344752774,70.86052207264856,70.86390612998741,70.86912451778565,70.87631510653497,70.88561576672711,70.89716436885371,70.911050732738,70.92698148515345,70.94447987150065,70.9630679914685,70.98226794474587,71.00160183102162,71.02059174998459,71.03875980132369,71.05562808472774,71.07071869988567,71.08355374648627,71.09365532421847,71.10054553277112,71.10374647183309,71.1027802410932,71.09716894024038,71.08643466896348,71.07009952695137,71.04768561389287,71.01871502947691,70.98270987339234,70.939192245328,70.88768424497277,70.82770797201553,70.75878552614515,70.68043991900296,70.59276793198558,70.49742063911472,70.39630974572384,70.29134695714626,70.18444397871545,70.07751251576474,69.97246427362757,69.87121095763732,69.77566427312735,69.68773592543113,69.60933761988201,69.54238106181339,69.48877795655866,69.45044000945123,69.42927892582452,69.42720641101187,69.44613417034674,69.48797390916246,69.55463733279245,69.64803614657015,69.77008205582888,69.92268676590209,70.10776198212318,70.32721940982549,70.58297075434248
69.82281984529908,69.9363381297056,70.04027814088656,70.13504481239121,70.22104307776894,70.29867787056898,70.36835412434073,70.43047677263348,70.48545074899656,70.53368098697925,70.57557242013092,70.61152998200089,70.64195860613847,70.66726322609298,70.68784877541373,70.70412018765006,70.71648239635127,70.7253403350667,70.73109893734568,70.7341631367375,70.73493786679151,70.73382806105701,70.73123865308332,70.72757457641981,70.72324076461572,70.71864215122045,70.71418050274343,70.71009447286926,70.70638425722123,70.70303113077384,70.70001636850165,70.6973212453791,70.69492703638076,70.69281501648115,70.69096646065472,70.68936264387608,70.68798484111966,70.68681432736003,70.68583237757167,70.68502026672911,70.68435926980686,70.68383066177944,70.68341571762139,70.68309571230716,70.68285192081132,70.68266561810836,70.68251807917281,70.68239057897915,70.68226439250196,70.6821207947157,70.68194106059491,70.68170646511408,70.6814005122045,70.68102888346917,70.68060997458701,70.68016233179736,70.67970450133953,70.67925502945286,70.67883246237668,70.67845534635032,70.67814222761308,70.67791165240428,70.67778216696328,70.67777231752936,70.67790065034191,70.6781857116402,70.67864604766356,70.67930020465133,70.68016672884283,70.6812641664774,70.68261106379435,70.684225967033,70.68612742243269,70.68833397623274,70.69086417467244,70.69373656399117,70.69696969042823,70.70058209905801,70.70458741066867,70.70898306834852,70.713763197937,70.71892192527366,70.72445337619797,70.73035167654947,70.73661095216764,70.74322532889198,70.750188932562,70.75749588901718,70.76514032409705,70.77311636364112,70.78141813348884,70.79003975947978,70.79897536745338,70.80821908324918,70.81776503270669,70.82760734166538,70.83774013596476,70.84815754144435,70.85885368394364,70.86982268930214,70.88105868335936,70.89255579195475,70.90430814092787,70.91630910849946,70.92852634410829,70.9408958852544,70.95335182952476,70.9658282745063,70.97825931778596,70.99057905695071,71.00272158958748,71.0146210132832,71.0262114256249,71.03742692419945,71.0482016065938,71.05846957039498,71.06816491318983,71.07722173256536,71.08557412610853,71.09315619140622,71.09990202604547,71.10574572761317,71.11062139369625,71.11446312188173,71.1172050097565,71.11878115490754,71.11912565492176,71.11817260738616,71.11585610988763,71.11213000757783,71.10710562790288,71.10096966324414,71.09390927684044,71.08611163193058,71.07776389175345,71.06905321954784,71.0601667785526,71.0512917320066,71.04261524314862,71.03432447521752,71.02660659145215,71.01964875509134,71.01363812937387,71.00876187753866,71.00520716282449,71.00316114847021,71.00281099771468,71.0043438737967,71.0079469399551,71.01380735942874,71.02211229545645,71.03304891127706,71.0468043701294,71.06356583525232,71.08352014147744,71.10664750087818,71.13236840235302,71.16000947770885,71.18889735875251,71.21835867729087,71.2477200651308,71.2763081540792,71.30344957594289,71.32847096252877,71.35069894564367,71.3694601570945,71.38408122868807,71.39388879223131,71.39820947953106,71.3963699223942,71.38769675262756,71.37151660203804,71.3471561024325,71.31394188561782,71.27120058340083,71.21825882758844,71.15444324998748,71.07908048240486,70.9914971566474,70.89101990452201
70.22673557709683,70.19605605941075,70.17322043032404,70.1577854541589,70.14930789523758,70.14734451788235,70.15145208641543,70.16118736515907,70.17610711843551,70.19576811056699,70.21972710587575,70.24754086868404,70.27876616331412,70.3129597540882,70.34967840532853,70.38847888135736,70.42891794649692,70.47055236506948,70.51293890139725,70.5556343198025,70.59819538460744,70.64017886013434,70.68114151070543,70.72064010064297,70.75823139426917,70.7934721559063,70.82592351086296,70.8553711893927,70.8819292764308,70.90573791048182,70.92693723005029,70.94566737364072,70.96206847975766,70.97628068690565,70.98844413358923,70.99869895831291,71.00718529958124,71.01404329589874,71.01941308576997,71.02343480769945,71.02624860019169,71.02799460175126,71.02881295088268,71.02884378609048,71.0282272458792,71.02710346875335,71.0256125932175,71.02389475777618,71.0220901009339,71.0203387611952,71.01878087706463,71.0175565870467,71.01679654115661,71.0165369808472,71.01676002477416,71.01744715066968,71.01857983626599,71.02013955929527,71.02210779748975,71.02446602858167,71.02719573030319,71.03027838038656,71.03369545656399,71.03742843656768,71.04145879812984,71.0457680189827,71.05033757685844,71.05514894948931,71.06018361460751,71.06542304994524,71.07084873323471,71.07644214220817,71.08218475459779,71.08805804813579,71.0940435005544,71.10012258958582,71.10627679296226,71.11248758842572,71.11873649501949,71.12500516747369,71.13127528834104,71.13752854017434,71.14374660552633,71.14991116694978,71.15600390699746,71.16200650822209,71.16790065317647,71.17366802441336,71.1792903044855,71.18474917594568,71.19002632134662,71.19510342324112,71.19996216418193,71.20458422672179,71.20895129341348,71.21304504680977,71.21684716946339,71.22033934392714,71.22350325275374,71.22632057849599,71.2287730037066,71.2308422109384,71.2325098827441,71.23375841154007,71.23459461920743,71.23505534314621,71.23517926270291,71.23500505722404,71.23457140605608,71.23391698854552,71.23308048403887,71.2321005718826,71.23101593142322,71.22986524200721,71.22868718298109,71.22752043369134,71.22640367348444,71.22537558170691,71.22447483770523,71.2237401208259,71.22321011041541,71.22292348582025,71.22291892638691,71.2232351114619,71.22391072039171,71.22498443252283,71.22649492720176,71.22848088377498,71.23098098158898,71.23400567448664,71.2373403243991,71.24066257297453,71.24364938885711,71.24597774069102,71.24732459712044,71.24736692678951,71.24578169834246,71.24224588042341,71.23643644167656,71.2280303507461,71.21670457627617,71.20213608691097,71.18400185129468,71.16197883807145,71.13574401588546,71.10497435338091,71.06934681920194,71.02853838199276,70.98222601039753,70.9300866730604,70.87179733862558,70.80703497573724,70.73547655303955,70.65679903917668,70.5706804171824,70.47743688984713,70.37911354206366,70.27804536604523,70.17656735400507,70.07701449815642,69.98172179071248,69.89302422388653,69.81325678989175,69.7447544809414,69.6898522892487,69.65088520702689,69.63018822648918,69.63009633984883,69.65294453931907,69.7010678171131,69.77680116544417,69.88247957652551,70.02043804257035,70.19301155579191,70.40253510840344,70.65134369261816,70.94177230064929,71.27615592471008,71.65682955701375,72.08612818977353
69.54083071675672,69.6029298302349,69.66454773084087,69.72555919023523,69.78583898007855,69.84526187203144,69.90370263775449,69.96103604890828,70.0171368771534,70.07187989415044,70.12513987156001,70.17679158104269,70.22670979425908,70.27476928286976,70.3208448185353,70.36481117291635,70.40654311767344,70.44591542446719,70.4828028649582,70.51708021080705,70.54862223367434,70.57730370522064,70.60299939710657,70.6255840809927,70.64493252853963,70.66091951140795,70.67342472614718,70.68249057304406,70.68835553592531,70.69126977242834,70.69148344019061,70.6892466968495,70.68480970004245,70.67842260740689,70.67033557658024,70.66079876519996,70.65006233090344,70.63837643132811,70.6259912241114,70.61315686689076,70.60012351730359,70.58714133298733,70.57446047157939,70.56233109071721,70.55100334803822,70.54072740117985,70.5317534077795,70.52433152547462,70.51871191190264,70.51514472470097,70.51388012150704,70.51516825995829,70.51920839589525,70.52588565508799,70.5349654498213,70.54621295672351,70.55939335242297,70.57427181354804,70.59061351672702,70.60818363858824,70.62674735576007,70.64606984487084,70.66591628254888,70.68605184542253,70.70624171012014,70.72625105327002,70.74584505150054,70.76478888144001,70.78284771971678,70.7997867429592,70.8153711277956,70.8293660508543,70.84153668876365,70.85164821815201,70.85946581564767,70.86475465787902,70.86727992147436,70.86680880300221,70.86328448631787,70.85696021609186,70.84812079855979,70.83705103995725,70.8240357465198,70.80935972448304,70.79330778008259,70.77616471955399,70.75821534913285,70.73974447505478,70.72103690355533,70.70237744087012,70.68405089323473,70.66634206688474,70.64953576805574,70.63391680298332,70.6197699779031,70.60738009905063,70.5970319726615,70.58901040497132,70.58360020221566,70.58108617063013,70.5817531164503,70.58588584591178,70.59376916525012,70.60564721692012,70.62136466239373,70.64053942190101,70.66278681319008,70.68772215400904,70.71496076210599,70.74411795522903,70.77480905112627,70.80664936754582,70.83925422223578,70.87223893294427,70.90521881741938,70.93780919340921,70.96962537866186,71.00028269092545,71.02939644794809,71.05658196747787,71.0814545672629,71.10362956505128,71.12272227859111,71.1383480256305,71.15012212391758,71.15765989120044,71.16057664522715,71.15848770374586,71.15100874747392,71.13793984552768,71.11956490508584,71.09624623469364,71.06834614289626,71.03622693823894,71.00025092926688,70.9607804245253,70.9181777325594,70.87280516191439,70.82502502113547,70.77519961876789,70.72369126335684,70.6708622634475,70.61707492758514,70.56269156431492,70.50807448218208,70.4535859897318,70.39958839550933,70.34644400805986,70.2945151359286,70.24416408766078,70.19575317180158,70.14964469689625,70.10620097148995,70.06578430412796,70.02877817129155,69.99592160463942,69.96824866394019,69.94680233918544,69.93262562036688,69.9267614974761,69.93025296050473,69.9441429994445,69.96947460428697,70.00729076502381,70.05863447164668,70.12454871414721,70.20607648251705,70.30426076674783,70.42014455683125,70.55477084275887,70.70918261452236,70.88442286211338,71.08153457552356,71.30156074474456,71.54554435976803,71.81452841058558,72.10955588718888,72.43166977956956,72.78191307771927,73.16132877162966
69.36564352553053,69.53202466557221,69.6824652562142,69.8177107337441,69.93850653444942,70.04559809461772,70.13973085053655,70.22165023849347,70.29210169477602,70.35183065567175,70.40158255746822,70.44210283645296,70.47413692891354,70.4984302711375,70.51572829941237,70.52677645002575,70.53232015926514,70.53310486341812,70.52987599877221,70.523379001615,70.514359308234,70.5035623549168,70.49173357795092,70.47961841362391,70.46796229822334,70.45751066803675,70.44899797732693,70.44279586679808,70.43883872987249,70.43703492850634,70.43729282465583,70.43952078027712,70.44362715732643,70.44952031775992,70.45710862353381,70.46630043660427,70.47700411892748,70.48912803245966,70.50258053915695,70.51727000097559,70.53310477987172,70.54999323780157,70.5678437367213,70.5865646385871,70.60606430535518,70.62625109898171,70.64703338142289,70.66831951463489,70.6900178605739,70.71203678119613,70.73428463845777,70.75666979431497,70.77910124108988,70.80149186127932,70.82375601990745,70.84580808491674,70.86756242424963,70.88893340584863,70.9098353976562,70.93018276761478,70.94988988366688,70.96887111375496,70.98704082582148,71.00431338780893,71.0206031676598,71.03582453331651,71.04989185272157,71.06271949381745,71.07422182454661,71.08431321285153,71.09290802667468,71.0999206339585,71.10526540264553,71.10885670067819,71.11060889599895,71.11043635655034,71.10825345027476,71.10397567609952,71.0976170700024,71.08936527412774,71.07942560225726,71.06800336817278,71.05530388565606,71.04153246848885,71.02689443045296,71.01159508533013,70.99583974690213,70.97983372895078,70.96378234525781,70.94789090960502,70.93236473577417,70.91740913754703,70.90322942870534,70.89003092303096,70.87801893430559,70.86739877631102,70.85837576282904,70.8511552076414,70.84594242452988,70.84294272727628,70.84236142966233,70.84440384546984,70.84927528848056,70.8571516830394,70.86792023166342,70.8813042613697,70.89702521825137,70.91480454840152,70.93436369791327,70.95542411287974,70.97770723939402,71.00093452354923,71.0248274114385,71.04910734915492,71.07349578279161,71.0977141584417,71.12148392219828,71.14452652015447,71.16656339840338,71.18731600303815,71.20650578015184,71.2238541758376,71.23908263618856,71.25191260729778,71.26206553525839,71.26926286616353,71.27322604610626,71.27367652117977,71.27033593371792,71.2630256163921,71.25182849088904,71.23686986691291,71.21827505416795,71.19616936235829,71.1706781011882,71.14192658036185,71.11004010958342,71.07514399855714,71.03736355698719,70.99682409457778,70.9536509210331,70.90796934605734,70.85990467935474,70.80958223062946,70.75712730958571,70.70266522592766,70.64632128935958,70.58822080958561,70.52848909630998,70.46725145923688,70.40463320807049,70.34075965251503,70.2757561022747,70.2097478670537,70.14288833973043,70.07580262275053,70.00950722780044,69.94503051415573,69.88340084109201,69.82564656788485,69.77279605380981,69.72587765814251,69.68591974015852,69.65395065913341,69.63099877434279,69.6180924450622,69.61626003056728,69.62652989013355,69.64993038303666,69.68748986855213,69.7402367059556,69.8091992545226,69.89540587352874,69.9998849222496,70.12366475996077,70.26777374593782,70.43324023945634,70.62109259979192,70.83235918622012,71.06806835801655
69.54746912334879,69.72422357049098,69.88286698580097,70.02426331272444,70.14927649470705,70.25877047519444,70.35360919763228,70.43465660546623,70.50277664214195,70.5588332511051,70.60369037580134,70.63821195967633,70.66326194617572,70.67970427874519,70.68840290083038,70.69022175587696,70.68602478733058,70.6766759386369,70.66303915324161,70.64597837459033,70.62635754612874,70.6050406113025,70.58289151355727,70.5607741963387,70.53955260309245,70.52009067726419,70.50324501724032,70.48949392702843,70.47876267414624,70.47093264498139,70.46588522592157,70.46350180335445,70.4636637636677,70.466252493249,70.47114937848605,70.4782358057665,70.48739316147804,70.49850283200833,70.51144620374505,70.5261046630759,70.54235959638852,70.56009239007062,70.57918443050986,70.5995171040939,70.62097179721044,70.64342989624716,70.66677278759171,70.69088185763178,70.71563849275506,70.7409240793492,70.7666200038019,70.79260765250082,70.81876948455917,70.84499863249357,70.87119434769834,70.89725595402771,70.92308277533591,70.94857413547719,70.97362935830574,70.99814776767582,71.02202868744163,71.04517144145741,71.06747535357741,71.08883974765583,71.1091639475469,71.12834727710487,71.14628906018393,71.16288862063836,71.17804528232233,71.19165836909012,71.20362720479592,71.21385111329398,71.22222941843853,71.22866144408378,71.23304651408398,71.23528395229334,71.2352730825661,71.2329132429518,71.22816377545152,71.22118115234899,71.21216226763099,71.20130401528431,71.18880328929573,71.17485698365205,71.15966199234005,71.14341520934651,71.12631352865823,71.10855384426199,71.09033305014458,71.07184804029278,71.05329570869338,71.03487294933318,71.01677665619894,70.99920372327746,70.98235104455554,70.96641551401994,70.95159402565747,70.93808347345491,70.92608075139906,70.91578275347666,70.90738637367456,70.90108850597949,70.89708604437827,70.89557062390787,70.89655289648167,70.89982114719433,70.9051500152737,70.9123141399476,70.92108816044382,70.9312467159902,70.94256444581454,70.95481598914469,70.96777598520845,70.98121907323363,70.99491989244807,71.00865308207958,71.02219328135598,71.03531512950508,71.04779326575472,71.05940232933268,71.06991695946684,71.07911179538496,71.08676147631489,71.09264064148444,71.09652393012142,71.09818598145368,71.09740143470901,71.09394492911524,71.08759110390018,71.07816281270573,71.06586740805686,71.05109624877271,71.03424184328853,71.01569670003953,70.99585332746094,70.97510423398796,70.95384192805587,70.93245891809984,70.91134771255513,70.89090081985695,70.87151074844054,70.85357000674111,70.83747110319389,70.82360654623412,70.812368844297,70.80415050581777,70.79934403923166,70.79834195297389,70.80153675547967,70.80932095518426,70.82208706052286,70.84022757993071,70.86413502184301,70.89420189469503,70.9308203684406,70.97416965197776,71.02385206112932,71.07937317549458,71.14023857467278,71.2059538382632,71.27602454586511,71.34995627707777,71.42725461150046,71.50742512873242,71.58997340837296,71.67440503002132,71.76022557327677,71.84694061773858,71.93405574300604,72.02107652867838,72.10750855435488,72.19285739963482,72.27662864411745,72.35832786740205,72.43746064908788,72.51353256877422,72.58604920606034,72.65451614054548,72.71843895182894,72.77732321950997
70.20091874525399,70.24555868214135,70.28589760990482,70.32217662914692,70.35463684047016,70.38351934447702,70.40906524177004,70.43151563295169,70.4511116186245,70.46809429939096,70.48270477585359,70.49518414861488,70.50577351827735,70.51471398544349,70.52224665071583,70.52861261469684,70.53405297798905,70.53880884119496,70.54312130491708,70.5472314697579,70.55138043631995,70.55580930520571,70.5607591770177,70.56647115235842,70.57318633183037,70.58114581603607,70.59058808372303,70.60161657960214,70.61413733929271,70.62804073482918,70.64321713824602,70.65955692157762,70.67695045685844,70.69528811612291,70.7144602714055,70.73435729474059,70.75486955816265,70.77588743370613,70.79730129340544,70.81900150929503,70.84087845340933,70.86282249778279,70.88472401444984,70.90647337544492,70.92796095280245,70.9490771185569,70.96971224474268,70.98975670339424,71.009100866546,71.02763510623242,71.04524979448793,71.06183530334695,71.07729045633384,71.09159816759872,71.10478955899434,71.11689632325019,71.12795015309575,71.1379827412605,71.14702578047391,71.15511096346549,71.16226998296472,71.16853453170106,71.173936302404,71.17850698780305,71.18227828062767,71.18528187360734,71.18754945947155,71.1891127309498,71.19000338077156,71.19025310166629,71.18989358636351,71.1889565275927,71.1874736180833,71.18547655056486,71.18299701776681,71.18006671241865,71.17671732724988,71.17298055604792,71.16889256465709,71.16450421091794,71.15986936527516,71.15504189817345,71.15007568005751,71.14502458137207,71.1399424725618,71.13488322407142,71.12990070634562,71.12504878982912,71.1203813449666,71.11595224220278,71.11181535198236,71.10802454475004,71.10463369095052,71.1016966610285,71.09926732542868,71.0973995545958,71.09614721897451,71.09556418900954,71.09570433514557,71.09662152782734,71.09836963749952,71.10100253460683,71.10457408959397,71.10913682897467,71.11469702880731,71.12120413904175,71.12860412241011,71.1368429416445,71.14586655947707,71.15562093863994,71.16605204186521,71.17710583188506,71.18872827143157,71.20086532323688,71.21346295003312,71.2264671145524,71.23982377952689,71.25347890768866,71.26737846176988,71.28146840450265,71.2956946986191,71.31000330685137,71.32434019193158,71.33865131659184,71.3528826435643,71.36698013558107,71.3808897553743,71.39455746567607,71.40792922921855,71.42094132742527,71.43345283550644,71.4452858807647,71.45626235966326,71.4662041686653,71.47493320423403,71.48227136283265,71.48804054092436,71.49206263497237,71.49415954143986,71.49415315679003,71.4918653774861,71.48711809999126,71.47973322076872,71.46953263628166,71.45633824299328,71.4399719373668,71.42025561586541,71.39701117495231,71.3700605110907,71.33922552074378,71.30432810037475,71.26519014644681,71.22163355542315,71.173480223767,71.12055255264825,71.06299048769536,71.0017941750013,70.93810800323712,70.8730763610739,70.80784363718267,70.74355422023453,70.68135249890051,70.62238286185169,70.56778969775911,70.51871739529386,70.476310343127,70.44171292992955,70.41606954437262,70.40052457512724,70.3962224108645,70.40430744025544,70.42592405197112,70.46221663468262,70.51432957706099,70.58340726777728,70.67059409550257,70.77703444890791,70.90387271666437,71.05225328744301,71.22332054991489
70.0584420827004,70.13994054800393,70.21172037565091,70.27433269974745,70.32832865439967,70.37425937371367,70.41267599179557,70.44412964275148,70.46917146068752,70.48835257970981,70.50222413392444,70.51133725743755,70.51624308435524,70.51749274878361,70.5156373848288,70.5112281265969,70.50481610819406,70.49695246372636,70.48818832729992,70.47907483302086,70.47016311499529,70.46200430732932,70.45514954412906,70.45014995950064,70.44755668755016,70.44792086238375,70.45172809384707,70.45897175558983,70.46942144141602,70.48284562009053,70.49901276037825,70.51769133104406,70.53864980085282,70.56165663856942,70.58648031295877,70.6128892927857,70.6406520468151,70.66953704381189,70.69931275254089,70.72974764176703,70.76061018025517,70.79166883677019,70.82269208007698,70.8534483789404,70.88370620212534,70.91323401839668,70.94180029651932,70.96917350525811,70.99512211337793,71.01941458964367,71.04181940282024,71.06211529171493,71.08024101769269,71.09626185971177,71.11024654962617,71.12226381928986,71.13238240055684,71.14067102528107,71.14719842531653,71.15203333251723,71.15524447873713,71.15690059583022,71.15707041565051,71.15582267005192,71.1532260908885,71.14934941001417,71.14426135928298,71.13803067054884,71.13072607566579,71.12241630648779,71.11317009486882,71.10305617266289,71.09214327172394,71.08050012390598,71.06819546106298,71.05529801504893,71.04187700409896,71.02802237341058,71.01385209546676,70.9994861309965,70.98504444072873,70.97064698539243,70.95641372571657,70.94246462243008,70.92891963626195,70.91589872794113,70.90352185819657,70.89190898775725,70.88118007735213,70.87145508771015,70.86285397956028,70.8554967136315,70.84950325065276,70.844993551353,70.84208757646121,70.84090528670635,70.84156664281736,70.8441916055232,70.84890013555287,70.85581219363529,70.86504774049943,70.87672638842507,70.89087055462886,70.90727304370463,70.9256935136402,70.94589162242335,70.96762702804185,70.99065938848352,71.01474836173614,71.03965360578752,71.06513477862543,71.09095153823768,71.11686354261207,71.14263044973637,71.1680119175984,71.19276760418595,71.21665716748679,71.23944026548872,71.26087655617957,71.28072569754708,71.29874734757908,71.31470116426335,71.3283468055877,71.3394439295399,71.34775219410776,71.35303125727906,71.3550407770416,71.3535725888031,71.34855742372656,71.33996348178343,71.32775896351333,71.31191206945587,71.29239100015072,71.26916395613743,71.24219913795567,71.21146474614503,71.17692898124514,71.13856004379561,71.09632613433607,71.05019545340612,71.00013620154539,70.9461165792935,70.88810478719006,70.8260690257747,70.75997749558704,70.68979839716664,70.61549993105322,70.53705029778632,70.4544176979056,70.36757033195066,70.27647640046112,70.1811041039766,70.08157440017757,69.9792545251144,69.87611975068509,69.7741494513308,69.6753230014927,69.58161977561198,69.49501914812978,69.4175004934873,69.35104318612568,69.29762660048608,69.2592301110097,69.23783309213769,69.23541491831122,69.25395496397144,69.29543260355956,69.3618272115167,69.45511816228411,69.57728483030286,69.73030659001415,69.91616281585917,70.13683288227907,70.39429616371501,70.6905320346082,71.02751986939974,71.40723904253085,71.82434925071486,72.24575447533806,72.66715969996125
69.8638242348189,69.89192867736163,69.91857777647783,69.94385758923946,69.96785417271843,69.9906535839867,70.01234188011617,70.03300511817879,70.0527293552465,70.07160064839123,70.08970505468488,70.10712863119942,70.12395743500677,70.14027752317887,70.15617495278762,70.171735780905,70.1870460646029,70.20219186095328,70.21725922702805,70.23233421989916,70.24750289663854,70.26285131431811,70.27846553000981,70.29443160078557,70.31083558371733,70.32776353587703,70.34529929227793,70.36345327769983,70.38214744606931,70.40129848421101,70.42082307894955,70.44063791710957,70.4606596855157,70.48080507099257,70.50099076036483,70.52113344045709,70.541149798094,70.56095652010016,70.58047029330025,70.59960780451887,70.61828574058066,70.63642078831026,70.6539296345323,70.67072896607141,70.68673546975222,70.70186583239936,70.71603674083747,70.72916488189118,70.74116694238514,70.75195960914394,70.76145956899225,70.76958350875469,70.77626548539183,70.78154675211994,70.7855094141416,70.78823565707674,70.78980766654531,70.79030762816723,70.7898177275624,70.78842015035075,70.78619708215221,70.7832307085867,70.77960321527415,70.77539678783448,70.77069361188761,70.76557587305346,70.76012575695196,70.75442544920304,70.74855713542661,70.7426030012426,70.73664523227093,70.73076601413153,70.72504753244432,70.71957197282921,70.71442152090614,70.70967836229504,70.70542468261581,70.70174229048737,70.69868014831428,70.69622934884377,70.69437509418204,70.69310258643527,70.69239702770969,70.69224362011146,70.6926275657468,70.69353406672191,70.69494832514297,70.6968555431162,70.69924092274778,70.70208966614392,70.70538697541082,70.70911805265466,70.71326809998165,70.71782231949798,70.72276591330987,70.7280840835235,70.73376203224507,70.73978496158077,70.74613807363681,70.75280657051938,70.75977565433469,70.76703052718894,70.7745563911883,70.78233509590083,70.7903155555597,70.79842799064534,70.80660240707567,70.8147688107687,70.82285720764236,70.83079760361463,70.83852000460348,70.84595441652687,70.85303084530275,70.85967929684911,70.86582977708389,70.87141229192507,70.87635684729062,70.8805934490985,70.88405210326665,70.88666281571308,70.88835559235571,70.88906043911254,70.88870736190151,70.8872263666406,70.88454745924777,70.88060064564098,70.8753159317382,70.86862332345738,70.86045297374487,70.85080972595034,70.83989441221826,70.82793962281728,70.81517794801614,70.80184197808353,70.78816430328816,70.77437751389871,70.7607142001839,70.74740695241243,70.73468836085301,70.72279101577433,70.71194750744509,70.702390426134,70.69435236210977,70.68806590564108,70.68376364699664,70.68167817644517,70.68204208425534,70.6850879606959,70.6910483960355,70.70015598054287,70.7126433044867,70.72874295813571,70.74868753175859,70.77270961562405,70.80096378730069,70.8322942547853,70.86445792406715,70.89517878952769,70.92218084554834,70.94318808651053,70.95592450679568,70.95811410078524,70.94748086286062,70.92174878740325,70.87864186879456,70.81588410141597,70.73119947964895,70.62231199787489,70.48694565047516,70.32282443183132,70.12767233632474,69.89921335833684,69.63517149224906,69.33327073244281,68.99123507329955,68.60678850920068,68.17765503452765,67.70155864366188,67.17622333098481,66.59937309087785
70.00989830961299,70.0601472071585,70.10872089452992,70.1556292942169,70.20088232870906,70.24448992049602,70.28646199206744,70.32680846591295,70.36553926452217,70.40266431038474,70.43819352599029,70.47213683382843,70.50450415638885,70.53530541616112,70.56455053563491,70.59224943729983,70.61841204364552,70.64304827716163,70.66616806033777,70.68778131566359,70.7078979656287,70.72652793272276,70.74368113943538,70.75936750825619,70.77359696167485,70.78637942218097,70.79772535485047,70.80767316971304,70.81630213011265,70.8236947409327,70.82993350705657,70.8351009333677,70.83927952474946,70.84255178608528,70.84500022225855,70.84670733815267,70.84775563865105,70.8482276286371,70.84820581299421,70.84777269660579,70.84701078435523,70.84600258112597,70.84483059180137,70.84357732126486,70.84232527439984,70.8411569560897,70.84015487121785,70.83940152466771,70.83897942132265,70.8389710660661,70.83945896378145,70.84052561935212,70.84224567806922,70.84461558386025,70.84758694916236,70.85111085551719,70.85513838446633,70.85962061755139,70.86450863631396,70.86975352229565,70.8753063570381,70.88111822208288,70.8871401989716,70.89332336924588,70.89961881444731,70.90597761611751,70.91235085579808,70.91868961503063,70.92494497535677,70.93106801831809,70.9370098254562,70.94272147831272,70.94815405842924,70.95325864734738,70.95798632660873,70.96228817775493,70.96611528232754,70.96941872698935,70.9721712456305,70.97441668952503,70.97621349261654,70.97762008884864,70.97869491216491,70.97949639650898,70.98008297582443,70.98051308405488,70.98084515514392,70.98113762303517,70.9814489216722,70.98183748499864,70.98236174695808,70.98308014149411,70.98405110255037,70.98533306407043,70.9869844599979,70.98906372427639,70.99162929084949,70.99473959366081,70.99845306665397,71.00282814377253,71.00792325896012,71.01379684616035,71.0205073393168,71.02811181756276,71.03662073517059,71.04598726028678,71.05616104561048,71.06709174384082,71.07872900767693,71.09102248981795,71.10392184296299,71.11737671981122,71.13133677306178,71.14575165541376,71.16057101956633,71.17574451821862,71.19122180406976,71.20695252981888,71.22288634816513,71.23897291180764,71.25516187344553,71.27140288577795,71.28764560150402,71.3038396733229,71.31993475393371,71.33588049603559,71.35162655232766,71.36712257550907,71.38231821827894,71.39715561235745,71.41151691138408,71.4252555658087,71.43822484675222,71.45027802533563,71.46126837267985,71.47104915990585,71.47947365813457,71.48639513848694,71.49166687208393,71.49514213004647,71.49667418349553,71.49611630355203,71.49332176133694,71.4881438279712,71.48043577457575,71.47005087227154,71.45684239217954,71.44066360542067,71.42136778311588,71.39880819638614,71.37283811635237,71.34331081413553,71.31007956085658,71.27299762763646,71.23191836426349,71.18674461540576,71.13751330307812,71.08428383203405,71.02711560702699,70.9660680328104,70.90120051413774,70.83257245576249,70.76024326243807,70.68427233891796,70.60471908995562,70.52164292030452,70.4351032347181,70.34515943794982,70.25187093475311,70.15529712988149,70.0554974280884,69.95253123412729,69.84645795275162,69.73733698871483,69.62522774677042,69.5101896316718,69.39228204817248,69.27156440102587,69.14809609498546,69.02193653480471
70.27797238287523,70.2533732904251,70.23278817312793,70.21599698806357,70.20277969231182,70.19291624295252,70.18618659706547,70.1823707117305,70.18124854402743,70.18260005103606,70.18620518983624,70.19184391750778,70.1992961911305,70.20834196778421,70.21876120454874,70.2303338585039,70.24283988672951,70.25605924630541,70.2697718943114,70.2837577878273,70.29779688393295,70.31166913970813,70.3251545122327,70.33803295858645,70.35008443584923,70.36108890110083,70.37082871407135,70.37920997877288,70.38631970357997,70.3922592508709,70.39712998302389,70.40103326241724,70.4040704514292,70.40634291243805,70.40795200782205,70.40899909995944,70.40958555122853,70.40981272400755,70.40978198067478,70.40959468360847,70.40935219518691,70.40915587778835,70.40910709379105,70.40930720557328,70.40985757551333,70.41085956598943,70.41241453937984,70.41462385806287,70.41758888441673,70.42141098081973,70.42619150965011,70.43203183328616,70.43902281841677,70.4471509017314,70.45634265200545,70.46652392905706,70.47762059270441,70.48955850276566,70.50226351905897,70.51566150140249,70.5296783096144,70.54423980351284,70.55927184291599,70.57470028764202,70.59045099750905,70.60644983233529,70.62262265193887,70.63889531613798,70.65519368475074,70.67144361759534,70.68757097448994,70.7035016152527,70.71916139970179,70.73447618765535,70.74937183893155,70.76377421334855,70.77760917072453,70.79080257512861,70.80329825959723,70.81509909040571,70.82622003863652,70.83667607537213,70.84648217169496,70.85565329868749,70.86420442743218,70.8721505290115,70.8795065745079,70.88628753500385,70.89250838158176,70.89818408532416,70.90332961731346,70.90795994863214,70.91209005036265,70.91573489358746,70.918909449389,70.92162868884976,70.92390758305221,70.92576110307877,70.92720422001192,70.92825190493411,70.92891912892783,70.9292208630755,70.92917207845959,70.92878815249347,70.9280984461878,70.92714950164715,70.9259889153192,70.9246642836516,70.92322320309204,70.92171327008818,70.9201820810877,70.91867723253827,70.91724632088757,70.91593694258326,70.914796694073,70.91387317180448,70.91321397222538,70.91286669178335,70.91287892692607,70.91329827410122,70.91417232975645,70.91554869033945,70.9174749522979,70.91999871207943,70.92316756613177,70.92702911090254,70.93163094283943,70.93702065839013,70.94324585400229,70.9503292649227,70.95809536402888,70.96627374349652,70.97459340271523,70.98278334107461,70.99057255796423,70.9976900527737,71.00386482489263,71.00882587371059,71.01230219861718,71.01402279900199,71.01371667425462,71.01111282376465,71.0059402469217,70.99792794311533,70.98680491173516,70.97230015217076,70.95414266381175,70.9320614460477,70.90578549826822,70.8750438198629,70.83956541022133,70.7990792687331,70.75331439478781,70.70199978777504,70.64486544907432,70.58227179835346,70.5162870038801,70.44926559747425,70.38356211095594,70.32153107614518,70.26552702486197,70.21790448892635,70.18101800015835,70.15722209037796,70.14887129140521,70.15832013506014,70.18792315316273,70.24003487753302,70.31700983999106,70.4212025723568,70.55496760645032,70.72065947409159,70.92063270710065,71.15724183729753,71.43284139650223,71.74978591653476,72.11042992921517,72.51712796636346,72.97223455979966,73.47810424134376
69.91321373236539,69.96278121305035,70.01297271522931,70.06363912497143,70.11463132834585,70.16580021142175,70.21699666026826,70.26807156095455,70.31887579954979,70.3692602621231,70.41907583474367,70.46817340348062,70.51640385440317,70.56361807358039,70.60966694708148,70.6544013609756,70.6976722013319,70.73933035421953,70.77922670570764,70.81721214186541,70.85313754876198,70.8868538124665,70.91821181904812,70.94706245457603,70.97325660511935,70.99664515674725,71.01708136273606,71.0345403952106,71.04917566201851,71.06115471326576,71.07064509905834,71.07781436950224,71.08283007470341,71.08585976476786,71.08707098980159,71.08663129991054,71.08470824520072,71.08146937577811,71.07708224174868,71.07171439321844,71.06553338029335,71.05870675307939,71.05140206168255,71.04378685620883,71.03602868676418,71.02829510345461,71.02075365638609,71.01357189566461,71.00691737139616,71.0009576336867,70.99586023264222,70.9917927183687,70.98890720087562,70.98720216431502,70.9865880217898,70.98697414346344,70.98826989949939,70.99038466006111,70.9932277953121,70.99670867541579,71.00073667053567,71.00522115083518,71.01007148647783,71.01519704762704,71.02050720444629,71.02591132709905,71.0313187857488,71.03663895055898,71.04178119169308,71.04665487931454,71.05116938358685,71.05523407467348,71.05875832273786,71.06165149794349,71.06382297045383,71.06518211043232,71.06563828804246,71.06510088243496,71.0635172620723,71.06095960126028,71.05752566583058,71.0533132216149,71.04842003444493,71.04294387015237,71.03698249456892,71.03063367352624,71.02399517285605,71.01716475839004,71.01024019595991,71.00331925139733,70.99649969053401,70.98987927920165,70.98355578323194,70.97762696845655,70.9721906007072,70.96734444581557,70.96318626961335,70.95981383793224,70.95732491660395,70.95581727146015,70.95538866833253,70.95613687305281,70.95815965145266,70.96155200125715,70.96631365771448,70.97232731082856,70.97946846794973,70.98761263642832,70.99663532361471,71.0064120368592,71.01681828351215,71.0277295709239,71.0390214064448,71.05056929742517,71.06224875121538,71.07393527516577,71.08550437662666,71.0968315629484,71.10779234148134,71.11826221957581,71.12811670458218,71.13723130385075,71.1454815247319,71.15274287457596,71.15889086073328,71.16380099055417,71.167348771389,71.16940971058811,71.16985931550184,71.16858761521428,71.16560044630222,71.16095906632943,71.15472507911329,71.14696008847125,71.1377256982207,71.12708351217908,71.11509513416381,71.1018221679923,71.08732621748196,71.07166888645023,71.05491177871451,71.03711649809223,71.01834464840081,70.99865783345766,70.9781176570802,70.95678572308584,70.93472363529203,70.91199299751617,70.88865541357568,70.86477248728796,70.84040582247046,70.81561702294059,70.79046769251575,70.76501943501339,70.73933377110362,70.71341990799398,70.6871453402478,70.66035379936622,70.63288901685043,70.60459472420152,70.57531465292068,70.54489253450903,70.51317210046774,70.47999708229796,70.4452112115008,70.40865821957745,70.37018183802903,70.3296257983567,70.28683383206157,70.24164967064486,70.19391704560768,70.14347968845115,70.09018133067646,70.03386570378474,69.97437653927713,69.91155756865479,69.84525252341886,69.77530513507048,69.70155913511083,69.62385825504101
69.87042937008015,69.85281346301029,69.8405463459725,69.83334314524559,69.83091898710838,69.83298899783965,69.83926830371824,69.84947203102298,69.86331530603266,69.88051325502609,69.9007810042821,69.9238336800795,69.94938640869711,69.97715431641373,70.00685252950818,70.03819617425928,70.07090037694583,70.10468026384665,70.13925096124056,70.17432759540638,70.20962529262292,70.24485917916898,70.2797443813234,70.31399602536497,70.34732923757251,70.37945914422484,70.41010345779333,70.43911308805549,70.46653366872548,70.49242628404659,70.51685201826206,70.53987195561518,70.56154718034921,70.58193877670742,70.60110782893307,70.61911542126944,70.63602263795978,70.65189056324738,70.6667802813755,70.68075287658739,70.69386943312635,70.70619103523562,70.71777876715848,70.7286937131382,70.73899695741804,70.74874958424128,70.75801267785117,70.76684732249099,70.77531460240401,70.78347560183349,70.7913914050227,70.7991230962149,70.80672715665675,70.81421426870342,70.82156885899714,70.82877504325936,70.83581693721152,70.84267865657506,70.84934431707143,70.85579803442207,70.86202392434843,70.86800610257197,70.87372868481411,70.87917578679631,70.88433152424001,70.88918001286666,70.8937053683977,70.89789170655459,70.90172314305875,70.90518379363164,70.9082577739947,70.91092919986939,70.91318218697714,70.9150008510394,70.9163693077776,70.91727167291322,70.91769206216767,70.91761459535222,70.91704067992275,70.91602851823268,70.91464795846913,70.9129688488192,70.91106103746999,70.90899437260859,70.90683870242212,70.90466387509768,70.90253973882236,70.90053614178328,70.89872293216752,70.8971699581622,70.89594706795441,70.89512410973127,70.89477093167986,70.8949573819873,70.89575330884068,70.89722856042711,70.89945298493369,70.90249643054752,70.9064287454557,70.91131977784534,70.91723937590353,70.9242573878174,70.93244366177403,70.94186460503582,70.9524682078196,70.96405696599348,70.97642444695082,70.989364218085,71.00266984678942,71.01613490045746,71.02955294648253,71.04271755225798,71.05542228517723,71.06746071263365,71.07862640202062,71.08871292073154,71.09751383615978,71.10482271569876,71.11043312674182,71.1141386366824,71.11573281291383,71.11500922282954,71.1117614338229,71.10578301328731,71.09686752861613,71.08480854720277,71.06939963644061,71.05043436372303,71.02770629644343,71.00106120668508,70.9707611869481,70.93726756458202,70.9010429116959,70.86254980039881,70.8222508027998,70.78060849100792,70.73808543713226,70.69514421328185,70.65224739156577,70.60985754409306,70.56843724297279,70.52844906031403,70.49035556822581,70.45461933881722,70.4217029441973,70.39206895647511,70.36617994775973,70.3444984901602,70.3274871557856,70.31560851674496,70.30932514514737,70.30909961310186,70.3153944927175,70.32867235610337,70.34939492011083,70.37748580228333,70.41141095569506,70.44939190518545,70.48965017559395,70.53040729176,70.56988477852302,70.60630416072244,70.63788696319774,70.66285471078834,70.67942892833366,70.68583114067316,70.68028287264627,70.66100564909244,70.62622099485108,70.57415043476166,70.50301549366361,70.41103769639636,70.29643856779936,70.15743963271204,69.99226241597385,69.79912844242422,69.57625923690257,69.32187632424838,69.03420122930108,68.71145547690007
70.56223949372772,70.60738840646047,70.64729829031488,70.68228274061691,70.7126553526926,70.73872972186794,70.76081944346895,70.77923811282163,70.794299325252,70.80631667608607,70.81560376064985,70.82247417426933,70.82724151227055,70.83021936997949,70.83172134272216,70.8320610258246,70.8315520146128,70.83050790441277,70.82924229055051,70.82806876835205,70.82730093314338,70.82725238025053,70.82823670499948,70.83056750271626,70.83455836872689,70.84052289835735,70.84873503877213,70.85917088928394,70.87167114196227,70.88607580812517,70.90222489909071,70.91995842617698,70.93911640070202,70.95953883398393,70.98106573734076,71.00353712209058,71.02679299955145,71.05067338104145,71.07501827787864,71.09966770138111,71.1244616628669,71.1492401736541,71.17384324506078,71.198110888405,71.22188311500481,71.24499993617832,71.26730136324356,71.28862740751862,71.30881808032157,71.32771339297047,71.34515335678338,71.36098584452935,71.37518122209207,71.38780670128932,71.398932137041,71.40862738426695,71.41696229788704,71.42400673282114,71.42983054398911,71.43450358631081,71.43809571470611,71.44067678409488,71.44231664939697,71.44308516553225,71.44305218742059,71.44228756998186,71.44086116813591,71.4388428368026,71.43630243090182,71.4333098053534,71.42993481507723,71.42624731499316,71.42231716002107,71.41821420508082,71.41400830509225,71.40976931497526,71.40556678009324,71.4014570541696,71.3974786530095,71.39366882700232,71.39006482653744,71.38670390200427,71.38362330379219,71.3808602822906,71.37845208788886,71.37643597097637,71.37484918194254,71.37372897117673,71.37311258906834,71.37303728600676,71.37354031238138,71.37465891858159,71.37643035499676,71.3788918720163,71.38208072002959,71.38603414942602,71.39078941059498,71.39638375392586,71.40285442980803,71.41023868863091,71.41857378078386,71.4278967932739,71.43819923986061,71.44936497253003,71.46126230134227,71.47375953635735,71.48672498763537,71.50002696523637,71.51353377922044,71.52711373964762,71.54063515657799,71.55396634007161,71.56697560018856,71.57953124698888,71.59150159053266,71.60275494087993,71.6131596080908,71.6225839022253,71.63089613334353,71.63796461150551,71.64365764677135,71.64784354920108,71.6503906288548,71.65116719579254,71.65004156007438,71.64688203176038,71.64155692091063,71.63398496632672,71.6243025854855,71.61270491731706,71.59938710164188,71.58454427828046,71.56837158705329,71.55106416778085,71.53281716028363,71.51382570438211,71.4942849398968,71.47439000664815,71.45433604445668,71.43431819314286,71.41453159252718,71.39517138243014,71.37643270267219,71.35851069307387,71.34160049345562,71.32589724363794,71.31159608344134,71.29889215268629,71.28798059119327,71.27905653878278,71.2723151352753,71.26795152049132,71.26618217803234,71.26739772602772,71.2720737395778,71.2806863670051,71.29371175663212,71.31162605678138,71.3349054157754,71.36402598193668,71.39946390358776,71.44169532905113,71.49119640664931,71.54844328470482,71.61391211154017,71.68807903547788,71.77142020484047,71.86441176795044,71.96752987313036,72.08125066870267,72.2060503029899,72.34240492431458,72.49079068099923,72.65168372136634,72.82556019373845,73.01289624643807,73.21416802778771,73.42750837390076,73.64222870114348,73.85694902838618
69.54132491800748,69.70185615237766,69.84424083516758,69.96941640461785,70.07832029896905,70.17188995646175,70.25106281533658,70.3167763138341,70.36996789019491,70.4115749826596,70.44253502946876,70.46378546886297,70.47626373908282,70.48090727836892,70.47865352496183,70.47043991710217,70.4572038930305,70.43988289098742,70.41941434921354,70.39673570594942,70.37278439943566,70.34849786791285,70.3248135496216,70.30266888280246,70.28300130569606,70.26674825654295,70.25483137147455,70.24765023175559,70.24497526059953,70.2465394243685,70.25207568942457,70.26131702212983,70.27399638884634,70.28984675593622,70.30860108976155,70.3299923566844,70.35375352306686,70.37961755527101,70.40731741965895,70.43658608259274,70.4671565104345,70.4987616695463,70.5311345262902,70.56400804702832,70.59711519812274,70.63018894593553,70.66296225682879,70.6951680971646,70.72653943330504,70.7568092316122,70.78571045844816,70.81297608017502,70.83837233554245,70.86187079706241,70.88352128897327,70.90337378955219,70.92147827707637,70.93788472982298,70.95264312606919,70.96580344409219,70.97741566216915,70.98752975857727,70.9961957115937,71.00346349949564,71.00938310056026,71.01400449306473,71.01737765528625,71.019552565502,71.02057920198912,71.02050754302483,71.01938756688631,71.0172692518507,71.01420257619523,71.01023751819704,71.00542405613332,70.99981216828127,70.99345183291803,70.98639316292366,70.9786979984519,70.97044884119478,70.96173029601385,70.95262696777074,70.94322346132701,70.93360438154427,70.9238543332841,70.9140579214081,70.90429975077788,70.894664426255,70.88523655270109,70.87610073497771,70.86734157794648,70.85904368646897,70.85129166540678,70.8441701196215,70.83776365397473,70.83215687332807,70.8274343825431,70.82368078648142,70.82098069000462,70.8194186979743,70.81907941525203,70.82004744669943,70.82240739717808,70.8262325188982,70.83148453562278,70.83806186873075,70.8458622130313,70.85478326333363,70.86472271444697,70.87557826118054,70.8872475983435,70.89962842074513,70.91261842319457,70.9261153005011,70.94001674747386,70.95422045892211,70.96862412965503,70.98312545448185,70.99762212821177,71.012011845654,71.02619230161775,71.04006119091224,71.05351620834666,71.06645504873023,71.07877540687218,71.09037497758169,71.10115145566797,71.11100253594026,71.1198259894497,71.12755831816186,71.13423765457172,71.13991859943701,71.14465575351551,71.14850371756496,71.15151709234316,71.15375047860783,71.15525847711675,71.15609568862769,71.15631671389839,71.15597615368664,71.15512860875018,71.15382867984677,71.15213096773418,71.15009007317018,71.14776059691252,71.14519713971896,71.14245430234728,71.13958668555522,71.13664889010055,71.13369551674103,71.13078116623441,71.1279604393385,71.12528793681099,71.1228182594097,71.1205557826964,71.11766125589446,71.11259541455851,71.10379780548863,71.0897079754849,71.06876547134739,71.0394098398762,71.00008062787141,70.94921738213309,70.88525964946133,70.80664697665621,70.71181891051782,70.59921499784622,70.46727478544152,70.3144378201037,70.13914364863301,69.93983181782944,69.71494187449308,69.462913365424,69.18218583742231,68.87119883728808,68.52839191182137,68.1522046078223,67.74107647209091,67.29344705142732,66.80775589263159
70.4663053270286,70.40869701397972,70.36275703239289,70.32782741828842,70.30325020768652,70.28836743660742,70.28252114107138,70.28505335709863,70.29530612070943,70.31262146792398,70.33634143476257,70.3658080572454,70.40036337139276,70.43934941322482,70.48210821876188,70.52798182402418,70.5763122650319,70.62644157780537,70.67771179836475,70.72946496273033,70.78104310692237,70.83178826696104,70.88104247886665,70.92814777865937,70.97244620235952,71.0132797859873,71.05000240705147,71.08235915075545,71.11056656897514,71.13486928229992,71.15551191131911,71.17273907662212,71.18679539879832,71.19792549843712,71.20637399612784,71.21238551245989,71.21620466802261,71.2180760834054,71.21824437919767,71.21695417598872,71.21445009436798,71.21097675492481,71.2067787782486,71.20210078492869,71.19718739555447,71.19228323071533,71.18763291100063,71.18348105699977,71.1800722893021,71.17765122849698,71.17646249517384,71.17675070992198,71.17871891188705,71.1823135288044,71.18738319501384,71.19377635234844,71.20134144264136,71.20992690772567,71.2193811894345,71.2295527296009,71.24028997005803,71.25144135263895,71.2628553191768,71.27438031150464,71.28586477145564,71.29715714086282,71.30810586155934,71.3185593753783,71.32836612415278,71.33737454971592,71.34543309390077,71.35239019854049,71.35809430546814,71.36239385651683,71.3651372935197,71.36617305830981,71.36534959272029,71.36251659897673,71.35763359100235,71.35085355297099,71.34234916268937,71.33229309796428,71.32085803660257,71.30821665641096,71.29454163519625,71.28000565076528,71.26478138092477,71.24904150348155,71.23295869624238,71.21670563701406,71.20045500360337,71.1843794738171,71.16865172546204,71.15344443634498,71.1389302842727,71.12528194705197,71.11267210248963,71.10127342839243,71.09125860256714,71.08280030282057,71.07607120695951,71.07124399279076,71.06849133812105,71.06796076753037,71.06955270029766,71.07302730130891,71.07814312564352,71.08465872838093,71.09233266460052,71.10092348938173,71.11018975780397,71.11989002494664,71.1297828458892,71.13962677571101,71.14918036949152,71.15820218231016,71.16645076924632,71.17368468537941,71.1796624857889,71.18414272555412,71.18688395975457,71.1876447434696,71.18618363177868,71.18225917976122,71.17562994249658,71.16605447506424,71.1532913325436,71.13709907001405,71.1172366772415,71.0936839647081,71.06700017993322,71.03783846270929,71.00685195282875,70.97469379008399,70.94201711426749,70.90947506517165,70.87772078258888,70.84740740631167,70.81918807613238,70.79371593184351,70.77164411323741,70.75362576010659,70.7403140122434,70.73236200944035,70.73042289148981,70.73514979818421,70.74719586931604,70.76721424467766,70.79585806406155,70.83378046726011,70.88163459406576,70.94007358427098,71.00975057766814,71.09131871404969,71.18532105138021,71.2904516169217,71.40387017246022,71.52269003901071,71.64402453758808,71.76498698920724,71.88269071488315,71.99424903563073,72.09677527246487,72.18738274640054,72.26318477845263,72.32129468963606,72.3588258009658,72.37289143345674,72.36060490812383,72.31907954598194,72.24542866804606,72.13676559533107,71.99020364885192,71.80285614962352,71.57183641866081,71.29425777697872,70.96723354559214,70.58787704551602,70.1533015977653,69.66062052335488
70.18183672153003,70.43177016500684,70.65057125607373,70.83982883233124,71.00113173137984,71.1360687908201,71.2462288482525,71.33320074127757,71.39857330749581,71.44393538450775,71.4708758099139,71.48098342131478,71.47584705631088,71.45705555250274,71.42619774749086,71.38486247887577,71.33463858425797,71.277114901238,71.21388026741633,71.14652352039352,71.07663349777006,71.00579903714647,70.93560897612328,70.86765215230098,70.8035174032801,70.74479356666114,70.69304358609577,70.64897494588818,70.61226416756396,70.58252639439954,70.55937676967136,70.54243043665586,70.53130253862948,70.52560821886865,70.52496262064982,70.5289808872494,70.53727816194387,70.54946958800964,70.56517030872315,70.58399546736085,70.60556020719916,70.62947967151453,70.65536900358339,70.68284334668219,70.71151784408737,70.74100763907533,70.77092787492256,70.80089369490548,70.83052024230051,70.8594226603841,70.8872160924327,70.91351568172273,70.93798329530087,70.96056914644407,70.98133333581481,71.00033618038935,71.01763799714396,71.03329910305487,71.04737981509835,71.05994045025064,71.071041325488,71.08074275778667,71.08910506412292,71.09618856147299,71.10205356681314,71.10676039711963,71.1103693693687,71.1129408005366,71.1145350075996,71.11521230753394,71.11503301731588,71.11405745392167,71.11234593432756,71.10995877550981,71.10695629444467,71.1033988081084,71.09934663347723,71.09486012938227,71.09000330125755,71.08484657925513,71.07946104750886,71.07391779015263,71.06828789132038,71.06264243514596,71.0570525057633,71.05158918730626,71.04632356390876,71.04132671970467,71.03666973882791,71.03242370541236,71.02865970359191,71.02544881750048,71.02286213127194,71.02097072904017,71.01984569493911,71.01955811310262,71.0201790676646,71.02177964275896,71.02443092251957,71.02820399108035,71.03316993257516,71.03939983113794,71.04696477090255,71.05592163915776,71.0661878533858,71.07760166946045,71.0900004346574,71.10322149625236,71.117102201521,71.13147989773904,71.14619193218218,71.16107565212607,71.17596840484646,71.190707537619,71.20513039771943,71.2190743324234,71.23237668900664,71.24487481474482,71.25640605691365,71.26680776278883,71.27591727964604,71.28357195476097,71.28960913540935,71.29386616886683,71.29618040240914,71.29638918331196,71.29432985885099,71.2898397763019,71.28275659974517,71.27307893006643,71.26122766886284,71.24769214755419,71.23296169756031,71.21752565030101,71.20187333719612,71.18649408966544,71.1718772391288,71.15851211700603,71.14688805471692,71.13749438368133,71.13082043531904,71.1273555410499,71.12758903229368,71.13201024047025,71.14110849699941,71.15537313330098,71.17529348079478,71.20135887090062,71.23405863503832,71.2738821046277,71.32131861108859,71.3768574858408,71.44098806030414,71.51419966589845,71.5968803679102,71.68771727704303,71.78398610726752,71.88291985090429,71.98175150027394,72.07771404769711,72.1680404854944,72.24996380598641,72.32071700149379,72.37753306433713,72.41764498683705,72.43828576131415,72.43668838008907,72.4100858354824,72.35571111981476,72.27079722540678,72.15257714457906,71.99828386965223,71.80515039294687,71.57040970678364,71.29129480348314,70.96503867536596,70.58887431475273,70.16003471396408,69.67575286532062,69.13326176114293
70.25303194679347,70.21381420800583,70.17981086394951,70.15080615182458,70.1265843088311,70.10692957216912,70.09162617903871,70.08045836663996,70.07321037217292,70.06966643283764,70.06961078583421,70.07282766836266,70.0791013176231,70.08821597081558,70.09995586514015,70.11410523779685,70.13044832598581,70.14876936690706,70.16885259776063,70.19048225574664,70.21344257806516,70.2375178019162,70.26249216449989,70.28814990301623,70.31427525466532,70.3406524566472,70.36706709331634,70.39337413184566,70.41952997160661,70.4454990601908,70.47124584518986,70.49673477419537,70.52193029479903,70.54679685459246,70.57129890116727,70.59540088211506,70.61906724502754,70.64226243749627,70.66495090711291,70.68709710146908,70.70866546815645,70.7296204547666,70.74992650889118,70.7695480781218,70.78844961005012,70.80659555226777,70.82395035236638,70.84047845793756,70.85614431657294,70.87091237586418,70.88474708340289,70.8976128867807,70.90947738606775,70.92033954786166,70.93021632064821,70.93912486585512,70.94708234491011,70.9541059192409,70.96021275027525,70.96541999944083,70.96974482816537,70.9732043978766,70.97581587000226,70.97759640597008,70.97856316720777,70.97873331514302,70.97812401120356,70.97675241681716,70.9746356934115,70.97179100241434,70.96823550525335,70.9639863633563,70.95906073815087,70.95347579106479,70.94724868352583,70.94039657696166,70.93293663280002,70.92488601603227,70.91627695521848,70.90719116708522,70.89772051594255,70.8879568661005,70.87799208186905,70.86791802755823,70.85782656747807,70.84780956593855,70.83795888724967,70.8283663957215,70.819123955664,70.81032343138722,70.80205668720114,70.79441558741581,70.78749199634123,70.78137777828738,70.77616479756432,70.77194491848203,70.76881000535053,70.76685192247984,70.76616253417998,70.76683370476096,70.76895729853277,70.77262517980546,70.777929212889,70.78495757070542,70.79367138960939,70.80387572114071,70.81536603846496,70.82793781474777,70.84138652315468,70.85550763685134,70.87009662900329,70.88494897277616,70.89986014133552,70.91462560784697,70.92904084547612,70.94290132738851,70.95600252674981,70.96813991672556,70.97910897048135,70.98870516118279,70.99672396199546,71.00296084608496,71.0072112866169,71.00927075675685,71.00893472967039,71.00599867852316,71.00025807648069,70.99150839670864,70.97954511237253,70.9641980762386,70.94557131049476,70.92390004421014,70.89942032619507,70.87236820525987,70.84297973021492,70.81149094987052,70.77813791303697,70.74315666852465,70.70678326514388,70.66925375170496,70.63080417701826,70.59167058989408,70.55208903914277,70.51229557357468,70.4725262420001,70.43301709322935,70.39400417607283,70.3557235393408,70.31841123184364,70.28230330239168,70.2476357997952,70.21464477286457,70.18356627041015,70.1546363412422,70.12809066811573,70.10393462408157,70.08154969312841,70.06021274250668,70.03920063946686,70.01779025125944,69.99525844513485,69.97088208834356,69.94393804813606,69.91370319176283,69.8794543864743,69.84046849952094,69.79602239815324,69.74539294962167,69.68785702117665,69.62269148006871,69.54917319354828,69.46657902886585,69.37418585327185,69.2712705340168,69.15710993835111,69.03098093352531,68.89216038678981,68.7399251653951,68.57355213659164,68.39231816762992
70.24357068760851,70.18499291986652,70.13186345539694,70.08401580680228,70.04128348668506,70.00350000764779,69.97049888229296,69.9421136232231,69.91817774304069,69.89852475434826,69.88298816974832,69.87140150184337,69.8635982632359,69.85941196652844,69.85867612432351,69.86122424922358,69.8668898538312,69.87550645074884,69.88690755257903,69.90092667192428,69.91739732138709,69.93615301356995,69.95702726107541,69.97985357650593,70.00446547246406,70.03069646155228,70.05838044906018,70.08736431349448,70.11751056812471,70.14868265703421,70.18074402430632,70.21355811402435,70.24698837027165,70.28089823713152,70.31515115868734,70.34961057902238,70.38413994222002,70.41860269236355,70.45286227353631,70.48678212982165,70.52022570530289,70.55305644406334,70.58513779018635,70.61633318775526,70.64650608085337,70.67551991356403,70.70323812997057,70.72952417415631,70.75424149020458,70.77725352219872,70.79842371422205,70.8176155103579,70.83471590331465,70.84975721134319,70.86282713557183,70.87401348615032,70.88340407322836,70.89108670695569,70.89714919748202,70.90167935495708,70.90476498953062,70.90649391135236,70.90695393057199,70.90623285733928,70.90441850180393,70.90159867411569,70.89786118442426,70.89329384287937,70.88798445963077,70.88202084482818,70.8754908086213,70.86848216115987,70.86108271259363,70.8533802730723,70.8454626527456,70.83741766176325,70.829333110275,70.82129652398388,70.81337064617622,70.8055745575735,70.79792289441781,70.7904302929513,70.78311138941609,70.77598082005431,70.76905322110808,70.76234322881953,70.75586547943078,70.74963460918396,70.7436652543212,70.73797205108461,70.73256963571635,70.7274726444585,70.72269571355322,70.71825347924263,70.71416057776885,70.710431645374,70.70708131830023,70.70412423278964,70.70157502508437,70.69944833142655,70.6977587880583,70.69652103122172,70.69574969715899,70.69545528062682,70.69560759042973,70.69615334244979,70.697038987514,70.69821097644942,70.69961576008302,70.70119978924184,70.70290951475287,70.70469138744316,70.7064918581397,70.7082573776695,70.7099343968596,70.71146936653699,70.7128087375287,70.71389896066174,70.71468648676313,70.71511776665987,70.715139251179,70.7146973911475,70.71373863739241,70.71220944074075,70.71005625201953,70.70722552205574,70.70366370167642,70.69931724170858,70.69413268256993,70.68810207674527,70.68133690110025,70.67396798408812,70.66612615416216,70.65794223977556,70.64954706938163,70.64107147143358,70.63264627438465,70.62440230668813,70.61647039679724,70.60898137316522,70.60206606424534,70.59585529849083,70.59047990435496,70.58607071029095,70.58275854475208,70.58067423619158,70.5799486130627,70.58071250381867,70.58309673691278,70.58723214079825,70.59324954392832,70.60127977475626,70.61145366173533,70.62390203331873,70.63873168771693,70.65564579015552,70.67401258435082,70.69319017626049,70.71253667184216,70.73141017705348,70.74916879785208,70.7651706401956,70.7787738100417,70.78933641334801,70.79621655607217,70.79877234417181,70.79636188360459,70.78834328032814,70.7740746403001,70.75291406947811,70.72421967381983,70.6873495592829,70.64166183182492,70.58651459740358,70.5212659619765,70.44527403150131,70.35789691193568,70.25849270923723,70.1464195293636,70.02103547827245
69.87636440972284,70.01403668541792,70.13657502268413,70.24473768298975,70.33928292780311,70.42096901859244,70.49055421682604,70.54879678397222,70.59645498149925,70.63428707087542,70.66305131356901,70.6835059710483,70.69640930478161,70.70251957623717,70.70259504688329,70.69739397818825,70.68767463162035,70.67419526864788,70.65771415073911,70.63898953936234,70.61877969598584,70.59784288207791,70.57693735910681,70.55682138854087,70.53825323184833,70.52199115049748,70.50878649188917,70.49903450652144,70.4926098593582,70.48934590908095,70.48907601437114,70.49163353391023,70.49685182637964,70.50456425046087,70.51460416483533,70.52680492818453,70.54099989918987,70.55702243653286,70.5747058988949,70.59388364495746,70.61438903340203,70.63605542291003,70.65871617216294,70.68220463984218,70.70635418462922,70.73099816520553,70.75596994025258,70.78110286845177,70.8062303084846,70.83118561903251,70.85580215877695,70.87991328639939,70.9033606084283,70.92606779581257,70.94800556561506,70.96914519201982,70.98945794921093,71.00891511137243,71.0274879526884,71.04514774734292,71.06186576952001,71.07761329340374,71.0923615931782,71.10608194302742,71.11874561713549,71.13032388968645,71.14078803486439,71.15010932685331,71.15825903983733,71.1652084480005,71.17092882552689,71.17539144660051,71.17856758540546,71.18042851612583,71.18094551294564,71.18008985004894,71.17783280161984,71.17414564974908,71.16903309834632,71.16260965163349,71.15501232846364,71.14637814768989,71.13684412816531,71.12654728874304,71.11562464827614,71.10421322561768,71.09245003962081,71.08047210913861,71.06841645302416,71.05642009013056,71.0446200393109,71.03315331941829,71.02215694930581,71.01176794782654,71.00212333383362,70.99336012618011,70.9856153437191,70.9790260053037,70.97372912978702,70.96986173602212,70.96756084286213,70.9669634691601,70.96820663376917,70.97142362227768,70.97661924254777,70.98364044693173,70.99232450074635,71.00250866930841,71.0140302179347,71.02672641194201,71.04043451664705,71.05499179736668,71.07023551941768,71.08600294811674,71.10213134878074,71.11845798672641,71.13482012727053,71.15105503572988,71.16699997742126,71.18249221766143,71.19736902176717,71.21146765505529,71.22462538284253,71.23667947044567,71.24746718318153,71.25682578636682,71.26459254531841,71.270604725353,71.2746995917874,71.27671941740425,71.27654640837665,71.2740818814539,71.26922727278242,71.26188401850868,71.25195355477908,71.23933731774011,71.22393674353819,71.20565326831974,71.18438832823125,71.16004335941909,71.13251979802976,71.10171908020965,71.06754264210525,71.02989191986296,70.98866834962925,70.94377336755053,70.89510840977326,70.84257491244387,70.78607431170883,70.72550804371454,70.66077754460744,70.591784250534,70.51842959764065,70.44061502207381,70.35824266275327,70.27165681990317,70.18239957046549,70.09221384038082,70.00284255558967,69.91602864203259,69.83351502565009,69.75704463238273,69.68836038817102,69.62920521895552,69.58132205067676,69.54645380927525,69.52634342069155,69.52273381086621,69.53736790573973,69.57198863125265,69.62833891334554,69.70816167795888,69.81319985103326,69.94519635850918,70.10589412632717,70.29703608042777,70.52036514675154,70.77762425123902,71.07055631983067,71.40090427846712
70.48238808833621,70.58357564203557,70.67402213135533,70.75424636868317,70.82476716640679,70.88610333691389,70.93877369259215,70.98329704582927,71.02019220901295,71.04997799453088,71.07317321477075,71.09029668212025,71.10186720896709,71.10840360769895,71.11042469070352,71.10844927036852,71.10299615908163,71.09458416923052,71.08373211320291,71.0709588033865,71.05678305216897,71.041723671938,71.02629947508132,71.0110292739866,70.99643188104153,70.98302610863382,70.97132623176377,70.96161283526217,70.95382486739767,70.94787416900803,70.94367258093101,70.94113194400441,70.940164099066,70.94068088695353,70.94259414850482,70.94581572455762,70.95025745594972,70.95583118351888,70.9624487481029,70.97002199053954,70.97846275166657,70.98768287232178,70.99759419334295,71.00810855556786,71.01913779983425,71.03059376697995,71.0423882978427,71.0544332332603,71.0666404140705,71.0789216811111,71.09118887521986,71.10335383723456,71.11533292551016,71.12708744678946,71.13860447594928,71.14987139301327,71.16087557800509,71.17160441094842,71.18204527186691,71.19218554078421,71.20201259772399,71.21151382270992,71.22067659576564,71.22948829691484,71.23793630618114,71.24600800358824,71.25369076915979,71.26097198291944,71.26783902489086,71.2742792750977,71.28028011356363,71.28582892031231,71.29091307536741,71.29551995875258,71.29963695049148,71.30325143060777,71.30635077912511,71.30892237948918,71.31096808002953,71.31253725039026,71.31368900449445,71.31448245626511,71.31497671962534,71.31523090849815,71.31530413680663,71.3152555184738,71.31514416742274,71.3150291975765,71.31496972285812,71.31502485719066,71.31525371449719,71.31571540870073,71.31646905372436,71.31757376349113,71.31908865192408,71.32107283294627,71.32358542048077,71.32668552845061,71.33043227077884,71.33488476138855,71.34010211420276,71.34614344314453,71.35306786213692,71.36093267318991,71.36973282257705,71.3793866425404,71.38980776378928,71.40090981703304,71.41260643298101,71.42481124234251,71.43743787582689,71.45039996414347,71.46361113800158,71.47698502811056,71.49043526517976,71.50387547991846,71.51721930303604,71.53038036524183,71.54327229724514,71.5558087297553,71.56790329348168,71.57946961913356,71.59042133742032,71.60067207905126,71.61013547473574,71.61872515518307,71.6263547511026,71.63293789320363,71.63838821219554,71.64260983582837,71.6454311079338,71.64664410509128,71.64604067729336,71.64341267453256,71.6385519468014,71.63125034409244,71.6212997163982,71.60849191371122,71.59261878602403,71.57347218332919,71.5508439556192,71.52452595288662,71.49431002512398,71.45998802232381,71.42135179447865,71.378193191581,71.33030406362347,71.27747626059853,71.21950163249875,71.15617202931665,71.08727930104477,71.01261529767565,70.93197186920182,70.84514086561582,70.75191468334,70.65242951403596,70.5477528609234,70.43910839405251,70.32771978347355,70.21481069923675,70.1016048113923,69.98932578999045,69.87919730508142,69.77244302671542,69.6702866249427,69.57395176981348,69.48466213137796,69.40364137968639,69.33211318478897,69.27130121673596,69.22242914557756,69.18672064136402,69.16539937414554,69.15968901397235,69.17081323089467,69.19999569496274,69.24846007622678,69.317430044737,69.40812927054363,69.52178142369691
70.6500451881837,70.57576972324685,70.50844011725363,70.44780672806061,70.3936199135243,70.34563003150129,70.30358743984812,70.26724249642135,70.23634555907753,70.21064698567321,70.18989713406495,70.17384636210932,70.16224502766286,70.15484348858212,70.15139210272363,70.15164122794403,70.15534122209976,70.16224244304746,70.17209524864364,70.1846499967449,70.19965704520774,70.21686675188872,70.23602947464445,70.25689557133143,70.27921539980622,70.30274044652094,70.32727140212523,70.35267614201467,70.3788273760079,70.4055978139236,70.43286016558051,70.46048714079728,70.48835144939258,70.5163258011851,70.54428290599355,70.57209547363661,70.59963621393294,70.6267778367012,70.65339305176013,70.6793545689284,70.70453509802468,70.72880734886763,70.752044031276,70.77411785506843,70.79490153006361,70.8142677660802,70.83208927293694,70.84823876045249,70.8625889384455,70.8750125167347,70.88540105717911,70.8938037042902,70.90034806579166,70.90516232213412,70.90837465376833,70.91011324114501,70.91050626471485,70.90968190492856,70.90776834223684,70.90489375709043,70.90118632994003,70.89677424123636,70.89178567143009,70.88634880097197,70.88059181031272,70.874642879903,70.86863019019356,70.86268192163513,70.85692625467837,70.85149136977401,70.84650544737278,70.84209666792535,70.83839321188248,70.83552325969484,70.83361490835276,70.83275417664782,70.83291679932819,70.83406066336866,70.83614365574402,70.83912366342904,70.84295857339848,70.84760627262713,70.85302464808979,70.85917158676119,70.86600497561616,70.87348270162946,70.88156265177582,70.8902027130301,70.89936077236703,70.90899471676138,70.91906243318795,70.9295218086215,70.94033073003683,70.95144708440873,70.96282875871191,70.97443363992122,70.98621961501138,70.99814457095724,71.01016639473349,71.02224250754625,71.03432075035914,71.04633997374376,71.05823868062248,71.06995537391771,71.08142855655183,71.0925967314472,71.10339840152619,71.11377206971122,71.12365623892464,71.13298941208882,71.14171009212617,71.14975678195904,71.15706798450981,71.1635822027009,71.16923793945463,71.17397369769341,71.17772798033963,71.18043929031563,71.18204613054385,71.18248700394662,71.18170041344632,71.17962486196535,71.17619885242607,71.1713608877509,71.16505994192838,71.15730069227271,71.1481062661824,71.13749980298138,71.12550444199354,71.1121433225428,71.0974395839531,71.08141636554834,71.0640968066524,71.0455040465892,71.0256612246827,71.00459148025678,70.98231795263533,70.9588637811423,70.93425210510159,70.90850606383711,70.88164879667275,70.85370344293247,70.82469314194014,70.7946410330197,70.76357025549504,70.73150394869006,70.69846525192872,70.6644773045349,70.62956212907392,70.59364512744136,70.55648184902958,70.51781060243343,70.47736969624782,70.43489743906756,70.39013213948749,70.34281210610251,70.29267564750745,70.23946107229716,70.18290668906653,70.12275080641038,70.0587317329236,69.990587777201,69.91805724783745,69.84087845342785,69.75878970256699,69.67152930384978,69.57883556587103,69.48044679722562,69.37610130650839,69.26553740231421,69.14849339323794,69.02470758787445,68.89391829481858,68.75751529933632,68.62070778942797,68.48390027951962,68.34709276961127,68.21028525970289,68.07347774979453,67.93667023988618
69.64687707868785,69.73617720283447,69.81487842951674,69.88359115845992,69.94292578938924,69.99349272202994,70.03590235610727,70.07076509134647,70.09869132747279,70.12029146421146,70.13617590128773,70.14695503842684,70.15323927535404,70.15563901179458,70.15476464747367,70.15122658211659,70.14563521544856,70.13860094719485,70.13073417708067,70.12264530483127,70.11494473017191,70.10824285282783,70.10315007252426,70.10027678898645,70.10023340193963,70.10363031110907,70.11107089259883,70.12279678323884,70.13852078562387,70.1579137415663,70.18064649287854,70.20638988137291,70.23481474886185,70.26559193715771,70.29839228807288,70.33288664341971,70.36874584501061,70.40564073465794,70.44324215417409,70.48122094537143,70.51924795006236,70.55699401005924,70.59412996717445,70.63032666322037,70.66525494000939,70.69858563935388,70.72998960306622,70.75913767295877,70.78570069084395,70.8093494985341,70.82975493784163,70.8465878505789,70.85955301372434,70.86869285233863,70.87424335929289,70.87644281969284,70.87552951864417,70.87174174125256,70.86531777262373,70.85649589786335,70.84551440207714,70.8326115703708,70.81802568785002,70.80199503962051,70.78475791078793,70.76655258645802,70.74761735173647,70.72819049172894,70.70851029154117,70.68881503627885,70.66934301104767,70.65033250095333,70.63202179110152,70.61464916659796,70.59845291254831,70.5836713140583,70.57054265623361,70.55930520922062,70.55013400970766,70.5429963542404,70.53781694210221,70.53452047257642,70.53303164494638,70.53327515849544,70.53517571250696,70.53865800626428,70.54364673905076,70.55006661014973,70.55784231884456,70.5668985644186,70.57716004615517,70.58855146333765,70.60099751524938,70.61442290117371,70.62875232039399,70.64391047219357,70.6598220558558,70.67641177066402,70.6936043159016,70.71132439085187,70.72949669479819,70.74804592702391,70.76689678681237,70.78597391906793,70.80520009727927,70.82449579560053,70.8437813470838,70.8629770847812,70.8820033417448,70.9007804510267,70.91922874567899,70.93726855875379,70.95482022330316,70.97180407237921,70.98814043903405,71.00374965631975,71.01855205728842,71.03246797499214,71.04541774248304,71.05732169281316,71.06810015903464,71.07767347419956,71.08596197136,71.09288598356808,71.09836584387588,71.10232188533551,71.10467444099903,71.10534384391858,71.10425042714623,71.10132832325024,71.09662171277235,71.09022744095797,71.08224268208586,71.07276461043472,71.06189040028326,71.04971722591019,71.03634226159421,71.02186268161407,71.00637566024845,70.98997837177609,70.97276799047569,70.95484169062595,70.93629664650562,70.91723003239338,70.89773902256796,70.87792079130807,70.85787251289241,70.83769136159972,70.81747451170871,70.79731913749808,70.77732241324655,70.75758151323282,70.73819361173562,70.71925588303367,70.70086543283982,70.68307622754656,70.66582537285984,70.64903037871997,70.63260875506724,70.61647801184196,70.60055565898445,70.58475920643501,70.56900616413394,70.55321404202155,70.53730035003815,70.52118259812406,70.50477829621956,70.48800495426495,70.47078008220058,70.45302118996672,70.43464578750368,70.41557138475179,70.39571549165133,70.37499561814262,70.35332927416596,70.33063396966166,70.30682721457003,70.28182651883138,70.255549392386,70.2279133451742
70.18292456880235,70.18806366199715,70.19504622757867,70.20376450208636,70.21411072205973,70.22597712403825,70.23925594456142,70.25383942016873,70.26961978739965,70.2864892827937,70.30434014289034,70.32306460422905,70.34255490334937,70.36270327679071,70.3834019610926,70.40454319279453,70.42601920843597,70.44772224455645,70.46954453769538,70.49137832439231,70.51311584118673,70.53464932461807,70.55587101122586,70.57667313754962,70.59694794012876,70.61658774165383,70.63551668270932,70.65373810622918,70.67126747221798,70.68812024068032,70.70431187162077,70.71985782504399,70.73477356095455,70.74907453935703,70.76277622025603,70.77589406365615,70.78844352956202,70.80044007797821,70.81189916890929,70.82283626235991,70.83326681833461,70.84320629683805,70.85267015787477,70.86167386144942,70.87023286756656,70.8783626362308,70.88607862744672,70.89339630121896,70.90033111755207,70.90689853645065,70.91311397878997,70.91899032462678,70.92453640053836,70.92976067059351,70.93467159886106,70.93927764940983,70.94358728630866,70.9476089736263,70.95135117543163,70.95482235579343,70.9580309787805,70.9609855084617,70.96369440890581,70.96616614418167,70.96840917835809,70.97043197550386,70.97224299968781,70.97385071497877,70.97526358544553,70.97649007515696,70.97753864818179,70.97841776858891,70.97913590044709,70.97970150782515,70.98012305479193,70.98040983848324,70.98059185364335,70.98072068437259,70.98084892628728,70.98102917500384,70.98131402613859,70.98175607530789,70.98240791812808,70.98332215021551,70.98455136718658,70.9861481646576,70.98816513824494,70.99065488356493,70.99366999623396,70.99726307186839,71.00148670608453,71.00639349449875,71.01203603272742,71.0184669163869,71.02573874109353,71.03390410246365,71.04301559611366,71.05312581765986,71.06428736271863,71.07655282690632,71.08996710181765,71.10447813278967,71.11996762291909,71.13631599265861,71.15340366246096,71.17111105277885,71.189318584065,71.2079066767721,71.22675575135287,71.24574622826003,71.2647585279463,71.28367307086435,71.30237027746693,71.32073056820676,71.3386343635365,71.3559620839089,71.37259414977669,71.38841098159253,71.40329299980917,71.41712062487929,71.42977427725566,71.44113437739091,71.45108134573783,71.45949560274909,71.46625756887738,71.4712612482783,71.4744990040513,71.47600650088356,71.47581959148178,71.47397412855273,71.47050596480307,71.4654509529395,71.4588449456688,71.45072379569763,71.44112335573271,71.43007947848076,71.41762801664848,71.40380482294262,71.38864575006983,71.37218665073686,71.3544633776504,71.3355117835172,71.31536772104394,71.29406704293734,71.27164560190414,71.24813925065098,71.22358384188465,71.19801522831182,71.17146926263919,71.1439817975735,71.11556193579216,71.08610087244799,71.05545732660684,71.02349001633632,70.99005765970404,70.95501897477752,70.91823267962442,70.87955749231227,70.83885213090866,70.79597531348122,70.75078575809749,70.70314218282505,70.65290330573151,70.59992784488446,70.54407451835147,70.48520204420012,70.42316914049798,70.35783452531268,70.28905691671173,70.2166950327628,70.14060759153344,70.06065331109124,69.97669090950376,69.88857910483861,69.79621335599592,69.70218871245385,69.60816406891178,69.51413942536973,69.42011478182766,69.32609013828562
70.09149843397489,70.00611927580532,69.93510938639882,69.87769175838454,69.83308938439167,69.80052525704934,69.77922236898675,69.76840371283306,69.76729228121742,69.77511106676901,69.79108306211701,69.81443125989055,69.84437865271885,69.88014823323101,69.92096299405624,69.9660459278237,70.01462002716255,70.06590828470196,70.11913369307109,70.17351924489911,70.2282879328152,70.2826627494485,70.33586668742821,70.38712273938347,70.43565389794345,70.48068315573734,70.52154614097478,70.55825019184148,70.59105060939855,70.6202030888205,70.64596332528188,70.6685870139572,70.68832985002096,70.70544752864772,70.72019574501199,70.7328301942883,70.74360657165116,70.75278057227509,70.76060789133463,70.7673442240043,70.77324526545861,70.77856671087211,70.78356425541931,70.78849359427473,70.79361042261289,70.7991704356083,70.80542932843554,70.81264279626907,70.82106653428345,70.8309562376532,70.84256760155282,70.85612548511399,70.87157381640023,70.88870637901161,70.90731554198378,70.92719367435234,70.94813314515292,70.96992632342116,70.99236557819265,71.01524327850301,71.03835179338786,71.06148349188284,71.08443074302355,71.10698591584561,71.12894137938467,71.15008950267631,71.17022265475616,71.18913320465984,71.206613521423,71.2224559740812,71.23645293167012,71.24839676322533,71.25807983778249,71.2652945243772,71.26983319204507,71.27148820982174,71.27006868064,71.26562960574542,71.25841300876868,71.24866559486162,71.23663406917602,71.22256513686372,71.20670550307649,71.18930187296618,71.17060095168459,71.15084944438352,71.1302940562148,71.10918149233021,71.0877584578816,71.06627165802075,71.0449677978995,71.02409358266964,71.00389571748299,70.98462090749135,70.96651585784655,70.9498272737004,70.93480186020467,70.92168632251123,70.91072736577186,70.90217169513838,70.8962660157626,70.89324937684586,70.89316001234076,70.89582055921339,70.90104303745595,70.9086394670606,70.91842186801954,70.93020226032493,70.94379266396895,70.95900509894379,70.97565158524164,70.99354414285465,71.012494791775,71.0323155519949,71.0528184435065,71.07381548630198,71.09511870037353,71.11654010571333,71.13789172231355,71.15898557016638,71.17963366926399,71.19964803959856,71.21884070116226,71.23702367394728,71.2540089779458,71.26960863315,71.28363656684337,71.29601509202728,71.30683112922569,71.31618536977794,71.3241785050234,71.33091122630135,71.33648422495119,71.34099819231223,71.3445538197238,71.34725179852525,71.34919282005592,71.35047757565515,71.35120675666226,71.35148105441662,71.35140116025757,71.3510677655244,71.35058156155651,71.3500432396932,71.34955349127382,71.34921300763772,71.34912248012422,71.34938260007267,71.3500940588224,71.35135754771277,71.35327375808309,71.35594121283738,71.35904820390655,71.36139092487134,71.3616483753762,71.35849955506565,71.35062346358414,71.33669910057618,71.31540546568624,71.28542155855881,71.24542637883836,71.19409892616939,71.13011820019636,71.05216320056378,70.95891292691611,70.84904637889787,70.72124255615348,70.57418045832749,70.40653908506428,70.21699743600847,70.00423451080448,69.7669293090968,69.5037608305299,69.21340807474826,68.89455004139639,68.54586573011875,68.16613110079427,67.77279345799464,67.37945581519502,66.9861181723954
70.30175911724156,70.33064743397485,70.35810149233039,70.3841826695356,70.40895234281794,70.4324718894048,70.45480268652362,70.47600611140184,70.49614354126689,70.5152763533462,70.53346592486719,70.55077363305729,70.56726085514393,70.58298896835456,70.59801934991657,70.61241337705742,70.62623242700452,70.63953787698533,70.65239110422725,70.66485348595772,70.67698639940417,70.68885122179402,70.70050933035472,70.7120221023137,70.72345091489835,70.73485714533614,70.74630170947457,70.75782176059857,70.76941971300431,70.78109522459458,70.79284795327222,70.80467755694004,70.81658369350087,70.82856602085754,70.84062419691287,70.85275787956967,70.86496672673076,70.87725039629898,70.88960854617713,70.90204083426805,70.91454691847456,70.92712645669947,70.9397791068456,70.95250452681582,70.96530237451289,70.97817230783966,70.99111398469894,71.00412706299358,71.01721120062636,71.03036605550014,71.04359128551772,71.05688654858193,71.07025017036891,71.08366722116688,71.09711517217929,71.11057140462106,71.12401329970707,71.13741823865226,71.1507636026715,71.1640267729797,71.17718513079177,71.19021605732263,71.20309693378715,71.21580514140025,71.22831806137685,71.24061307493183,71.25266756328011,71.2644589076366,71.27596448921616,71.28716168923376,71.29802788890424,71.30854046944256,71.31867681206359,71.32841429798223,71.33773030841341,71.34660222457202,71.35500742767297,71.36292330104223,71.37033615155201,71.37726160249696,71.3837212885248,71.3897368442832,71.3953299044199,71.40052210358255,71.40533507641885,71.40979045757653,71.41390988170326,71.41771498344676,71.4212273974547,71.42446875837479,71.42746070085471,71.43022485954218,71.43278286908489,71.43515636413053,71.43736697932681,71.43943634932143,71.44138610876205,71.4432378922964,71.44501333457217,71.44673407023704,71.44842173393873,71.45009796032492,71.45178438404334,71.45350253992464,71.45527052766695,71.4571022263565,71.45901125607544,71.46101123690599,71.46311578893031,71.46533853223059,71.46769308688901,71.47019307298777,71.47285211060904,71.475683819835,71.47870182074783,71.48191973342973,71.48535117796287,71.48900977442943,71.49290914291161,71.49706290349158,71.50148467625152,71.50618808127362,71.51118673864006,71.51649426843304,71.52212429073471,71.52809042562727,71.53440629319292,71.5410855135138,71.54814170667215,71.55556004135715,71.56309879293114,71.57040765438572,71.57713564032244,71.58293176534286,71.58744504404855,71.59032449104106,71.59121912092195,71.58977794829278,71.5856499877551,71.57848425391047,71.56792976136047,71.55363552470664,71.53525055855053,71.5124238774937,71.48480449613774,71.45204142908416,71.41378369093455,71.36968029629047,71.31938025975346,71.2625325959251,71.19878631940693,71.12779044480052,71.04919398670742,70.9626459597292,70.86779679249919,70.76518657479447,70.65776541145777,70.54888753032489,70.4419071592316,70.34017852601369,70.24705585850694,70.16589338454715,70.10004533197008,70.05286592861152,70.02770940230728,70.02792998089312,70.05688189220481,70.11791936407818,70.21439662434902,70.34966790085306,70.52708742142609,70.75000941390392,71.02178810612233,71.34577772591709,71.725332501124,72.16380665957882,72.66455442911739,73.23093003757543,73.86628771278873,74.57398168259314
69.5905466020045,69.76385525814486,69.91867474624482,70.05590599177039,70.17644992018757,70.28120745696238,70.37107952756081,70.4469670574489,70.50977097209264,70.56039219695805,70.59973165751114,70.62869027921792,70.6481689875444,70.65906870795658,70.66229036592047,70.6587348869021,70.64930319636747,70.63489621978259,70.61641488261347,70.59476011032612,70.57083282838656,70.54553396226078,70.5197644374148,70.49442517931465,70.47041711342632,70.44864116521582,70.42994868845224,70.4145747823298,70.40233711446082,70.39304544662275,70.38650954059295,70.38253915814883,70.38094406106778,70.38153401112719,70.38411877010445,70.38850809977697,70.39451176192215,70.40193951831735,70.41060113073999,70.42030636096746,70.43086497077715,70.44208672194647,70.45378137625278,70.46575869547351,70.47782844138604,70.48980037576776,70.50148426039607,70.51268985704836,70.52322692750202,70.53290523353446,70.54153453692307,70.5489258539729,70.55498985276337,70.55980759896558,70.56347685130115,70.56609536849164,70.56776090925871,70.56857123232393,70.56862409640891,70.56801726023525,70.56684848252456,70.56521552199844,70.5632161373785,70.56094808738634,70.55850913074356,70.55599702617175,70.55350953239255,70.55114440812753,70.54899941209831,70.54717230302649,70.54576083963367,70.54486278064147,70.54457588477146,70.54499791074527,70.5462266172845,70.54835976311075,70.55149510694562,70.5557033707612,70.56092774936386,70.5670738727128,70.57404736548276,70.58175385234853,70.59009895798486,70.59898830706653,70.60832752426832,70.61802223426497,70.62797806173127,70.63810063134197,70.64829556777184,70.65846849569566,70.66852503978818,70.67837082472417,70.68791147517841,70.69705261582565,70.70569987134068,70.71375886639825,70.72113522567314,70.7277345738401,70.7334625355739,70.73822473554932,70.74192679844111,70.74447434892406,70.74577971430492,70.7458581276705,70.74480539804833,70.74271948719363,70.73969835686165,70.73583996880765,70.73124228478689,70.72600326655461,70.72022087586606,70.71399307447649,70.70741782414117,70.70059308661534,70.69361682365424,70.68658699701314,70.67960156844727,70.6727584997119,70.66615575256228,70.65989128875366,70.65406307004127,70.64876905818039,70.64410721492627,70.64017550203414,70.63707188125927,70.63489431435691,70.6337407630823,70.63370828799437,70.63477562636655,70.63668654640068,70.6391570843798,70.64190327658694,70.64464115930515,70.64708676881746,70.6489561414069,70.64996531335652,70.64983032094935,70.64826720046842,70.64499198819678,70.63972072041746,70.6321694334135,70.62205416346794,70.60909094686379,70.59299581988412,70.57348481881196,70.55027397993034,70.5230793395223,70.49161693387086,70.4556027992591,70.41475297197,70.36878348828665,70.31741038449205,70.26034969686926,70.19753540611106,70.1301157893939,70.05965953578237,69.98773574207081,69.9159135050535,69.84576192152474,69.77885008827883,69.71674710211009,69.6610220598128,69.61324405818125,69.57498219400978,69.54780556409266,69.5332832652242,69.5329843941987,69.54847804781046,69.58133332285381,69.633119316123,69.70540512441237,69.7997598445162,69.9177525732288,70.06095240734446,70.23092844365749,70.4292497789622,70.65748551005288,70.91720473372382,71.20503507391388,71.49643379542258
69.74101051333378,69.78633452934116,69.82787896341759,69.86584658791179,69.9004401751724,69.93186249754811,69.96031632738757,69.98600443703947,70.00912959885247,70.02989458517524,70.04850216835646,70.0651551207448,70.08005621468894,70.09340822253753,70.10541391663926,70.11627606934277,70.12619745299679,70.13538083994993,70.1440290025509,70.15234471314835,70.16053074409098,70.16878986772741,70.17732485640636,70.18633848247649,70.19603351828644,70.20661273618492,70.21827664246871,70.23110903441122,70.24502308991595,70.25991844895358,70.27569475149494,70.29225163751076,70.30948874697182,70.32730571984885,70.34560219611262,70.36427781573391,70.3832322186835,70.40236504493211,70.42157593445052,70.44076452720947,70.45983046317977,70.47867338233215,70.49719292463737,70.5152887300662,70.53286043858941,70.54980769017774,70.56603012480198,70.58142738243288,70.5958991030412,70.60934492659769,70.62166449307313,70.63275744243828,70.64253396372115,70.65100920694934,70.65825849447754,70.66435786122264,70.6693833421015,70.67341097203098,70.67651678592793,70.6787768187092,70.68026710529165,70.68106368059216,70.68124257952755,70.68087983701469,70.68005148797045,70.67883356731167,70.6773021099552,70.67553315081796,70.6736027248167,70.67158686686838,70.6695616118898,70.66760299479782,70.66578705050932,70.66418981394114,70.66288732001013,70.66195560363315,70.66147069972709,70.66150863861273,70.66212602304225,70.66331563060302,70.6650571514875,70.66733027588808,70.67011469399725,70.67339009600738,70.67713617211098,70.68133261250043,70.68595910736818,70.69099534690667,70.69642102130834,70.70221582076562,70.70835943547095,70.71483155561677,70.72161187139551,70.7286800729996,70.73601585062147,70.74359889445361,70.75140889468838,70.75942554151828,70.7676285251357,70.7759975357331,70.7845122635029,70.79315239863755,70.8018976313295,70.8107265816345,70.8195810415946,70.8283575541254,70.83694988536331,70.8452518014447,70.85315706850596,70.86055945268353,70.86735272011373,70.873430636933,70.87868696927771,70.88301548328425,70.88630994508907,70.88846412082847,70.88937177663894,70.88892667865679,70.88702259301846,70.8835532858603,70.87841252331876,70.87149407153021,70.86269169663103,70.85189916475761,70.83901024204636,70.82391869463368,70.80651828865592,70.7867027902495,70.76436596555084,70.7394188787093,70.71191054155665,70.68195598235002,70.6496706417974,70.61516996060672,70.57856937948594,70.53998433914299,70.49953028028585,70.45732264362243,70.41347686986074,70.36810839970866,70.3213326738742,70.27326513306528,70.22402121798987,70.1737163693559,70.12246602787133,70.07038563424408,70.01759062918214,69.96419645339347,69.910318547586,69.85607235246769,69.80157330874647,69.74693685713032,69.69227843832715,69.63771349304497,69.58335753455307,69.52937172931556,69.47604091435096,69.42367066435517,69.37256655402396,69.32303415805322,69.27537905113877,69.22990680797648,69.18692300326214,69.14673321169161,69.10964300796076,69.0759579667654,69.04598366280138,69.02002567076451,68.99838956535066,68.98138092125569,68.96930531317543,68.9624683158057,68.96117550384233,68.96573245198118,68.97644473491809,68.99361792734891,69.01755760396946,69.04856933947559,69.08695870856315,69.13303128592796
69.78346894402561,69.82445918360771,69.86272557926499,69.89842001865583,69.93169438943868,69.96270057927194,69.99159047581405,70.01851596672341,70.04362893965845,70.0670812822776,70.08902488223926,70.10961162720187,70.12899340482385,70.14732210276358,70.16474960867953,70.1814278102301,70.19750859507371,70.21314385086878,70.22848546527374,70.24368532594698,70.25889532054696,70.27426733673208,70.28995326216075,70.30610498449141,70.32287439138247,70.34041337049236,70.35887204029642,70.37830940060316,70.39865124293003,70.41981278927436,70.44170926163346,70.46425588200465,70.48736787238524,70.51096045477253,70.53494885116385,70.5592482835565,70.5837739739478,70.60844114433505,70.63316501671558,70.65786081308669,70.68244375544569,70.70682906578992,70.73093196611666,70.75466767842323,70.77795142470694,70.80069842696513,70.82282390719509,70.84424308739412,70.86487118955955,70.8846234356887,70.90341504777886,70.92116124782737,70.93778358407269,70.95326654958143,70.96763072260242,70.98089710870606,70.99308671346273,71.00422054244284,71.01431960121677,71.02340489535493,71.03149743042769,71.03861821200547,71.04478824565865,71.05002853695763,71.05436009147279,71.05780391477454,71.06038101243327,71.06211239001938,71.06301905310326,71.06312200725529,71.06244225804589,71.06100081104543,71.05881867182433,71.05591684595295,71.05231633900172,71.04803815654101,71.04310330414121,71.03753279057048,71.03136114146308,71.02466728925626,71.01753927203343,71.010065127878,71.00233289487333,70.99443061110289,70.98644631465002,70.97846804359816,70.9705838360307,70.96288173003104,70.9554497636826,70.94837597506876,70.94174840227294,70.93565508337852,70.93018405646892,70.92542335962754,70.92146103093779,70.91838510848306,70.91628363034677,70.91524463461229,70.91535615936306,70.91670624268245,70.91938292265388,70.92347423736076,70.92906822488648,70.93624940627244,70.94498126598972,70.9550785756541,70.96634698089822,70.97859212735474,70.99161966065635,71.00523522643569,71.01924447032542,71.03345303795821,71.04766657496671,71.06169072698361,71.07533113964156,71.08839345857322,71.10068332941127,71.11200639778833,71.12216830933711,71.13097470969025,71.13823124448041,71.14374355934025,71.14731729990247,71.14875811179968,71.14787164066458,71.14446353212982,71.13833943182806,71.12930498539195,71.1171658384542,71.10176620298604,71.08325784865512,71.06193973034713,71.03811172251682,71.01207369961891,70.98412553610815,70.9545671064393,70.92369828506706,70.89181894644621,70.85922896503145,70.82622821527755,70.79311657163925,70.76019390857128,70.72776010052837,70.69611502196528,70.66555854733674,70.63639055109749,70.60891090770227,70.58341949160582,70.5602161772629,70.53960083912821,70.52187335165652,70.50733358930258,70.4962814265211,70.48901673776682,70.48583954154645,70.4871404890016,70.49355574724042,70.50576265267685,70.52443854172483,70.55026075079833,70.58390661631128,70.62605347467765,70.67737866231137,70.7385595156264,70.8102733710367,70.8931975649562,70.98800943379885,71.09538631397861,71.21600554190948,71.35054445400532,71.4996803866801,71.6640906763478,71.84445265942234,72.04144367231771,72.25574105144781,72.48802213322664,72.73896425406811,73.00924475038619,73.29954095859482,73.61053021510794
70.00645246190714,70.09081170390168,70.1687720923651,70.2406136936551,70.30661657412934,70.36706080014548,70.42222643806122,70.47239355423419,70.5178422150221,70.5588524867826,70.59570443587336,70.62867812865206,70.65805363147638,70.68411101070396,70.7071303326925,70.72739166379965,70.7451750703831,70.76076061880052,70.77442837540957,70.78645840656792,70.79713077863325,70.80672555796323,70.81552281091552,70.82380260384781,70.83184500311776,70.83993007508305,70.84833554663015,70.85721865429036,70.8665604872165,70.87632815800445,70.88648877925003,70.89700946354913,70.90785732349757,70.91899947169122,70.93040302072595,70.94203508319757,70.95386277170198,70.96585319883499,70.97797347719249,70.99019071937032,71.00247203796434,71.0147845455704,71.02709535478432,71.03937157820201,71.05158032841929,71.06368871803203,71.07566385963607,71.08747286582727,71.09908284920148,71.11046092235456,71.12157419788237,71.13238978838073,71.1428744340991,71.15299117051453,71.16270090922221,71.17196453666625,71.18074293929072,71.18899700353977,71.19668761585746,71.2037756626879,71.21022203047521,71.21598760566347,71.22103327469681,71.22531992401932,71.2288084400751,71.23145970930824,71.23323461816287,71.23409405308307,71.23399890051296,71.23291004689662,71.23078837867817,71.22759478230171,71.22329014421135,71.21783535085117,71.21119128866529,71.20331884409782,71.19417890359284,71.18373236393403,71.1719838274941,71.15908148210808,71.14520295791098,71.13052588503783,71.11522789362365,71.09948661380348,71.08347967571233,71.06738470948524,71.05137934525722,71.03564121316329,71.02034794333849,71.00567716591785,70.99180651103637,70.9789136088291,70.96717608943106,70.95677158297725,70.94787771960274,70.94067212944252,70.93533244263162,70.93203628930506,70.93096129959788,70.93228510364511,70.93618533158175,70.94283961354286,70.95242557966343,70.96511433249206,70.980852332201,70.99931002974363,71.02014093836169,71.04299857129692,71.06753644179105,71.09340806308583,71.12026694842301,71.14776661104432,71.17556056419149,71.20330232110628,71.23064539503041,71.25724329920563,71.28274954687367,71.30681765127629,71.32910112565521,71.34925348325217,71.36692823730894,71.38177890106722,71.39345898776877,71.40162201065532,71.40592148296862,71.40601091795041,71.40154382884242,71.3921737288864,71.37755413132409,71.35741862981571,71.33213944097416,71.30239440165738,71.26886325814688,71.23222575672412,71.1931616436706,71.15235066526783,71.11047256779727,71.06820709754041,71.02623400077874,70.98523302379375,70.94588391286693,70.90886641427976,70.87486027431373,70.84454523925034,70.81860105537105,70.79770746895737,70.78254422629078,70.77379107365277,70.77212775732484,70.77823402358844,70.7927896187251,70.81647428901627,70.84996778074347,70.89394984018817,70.94909888882414,71.01525982375364,71.0900195966723,71.17058653605935,71.25416897039398,71.33797522815537,71.41921363782275,71.49509252787531,71.56282022679225,71.61960506305277,71.66265536513609,71.68917946152138,71.69638568068784,71.6814823511147,71.6416778012811,71.57418035966634,71.47619835474954,71.34494011500993,71.1776139689267,70.97142824497907,70.72359127164623,70.43131137740737,70.0917968907417,69.70225614012843,69.25989745404675,68.76192916097587
69.60523357336602,69.69999116176547,69.7869206370189,69.86635172113526,69.93861413612346,70.00403760399244,70.06295184675112,70.1156865864084,70.16257154497323,70.20393644445451,70.24011100686118,70.27142495420217,70.2982080084864,70.32078989172277,70.33950032592021,70.35466903308767,70.36662573523405,70.37570015436827,70.38222201249927,70.38652103163595,70.38892693378726,70.38976944096211,70.38937827516942,70.38808315841813,70.38621381271713,70.38409996007537,70.38206893205614,70.38032494451802,70.37889222788762,70.37778073150112,70.37700040469466,70.37656119680439,70.37647305716649,70.37674593511711,70.37738977999241,70.37841454112855,70.37983016786167,70.38164660952795,70.38387381546353,70.38652173500459,70.38960031748728,70.39311951224774,70.39708926862215,70.40151953594666,70.40642026355744,70.41180140079062,70.41767289698238,70.42404470146887,70.43092676358626,70.4383290326707,70.44626145805834,70.45473398908536,70.46375170819188,70.47327127318083,70.48322158084743,70.49353119924042,70.50412869640854,70.51494264040052,70.52590159926508,70.53693414105096,70.5479688338069,70.55893424558163,70.56975894442387,70.58037149838236,70.59070047550583,70.60067444384302,70.61022197144266,70.61927162635347,70.6277519766242,70.63559159030356,70.64271903544031,70.64906288008316,70.65455169228085,70.65911404008212,70.66267849153569,70.6651736146903,70.66652797759468,70.66667015780568,70.66556892389364,70.66332508349727,70.66006651895901,70.65592111262133,70.6510167468267,70.64548130391759,70.63944266623646,70.63302871612579,70.62636733592804,70.61958640798566,70.61281381464114,70.60617743823694,70.59980516111554,70.59382486561938,70.58836443409093,70.5835517488727,70.5795146923071,70.57638114673662,70.57427899450373,70.5733361179509,70.5736803994206,70.57543972125528,70.57874196579742,70.58371501538947,70.59048675237393,70.5991805064386,70.60976293080748,70.6220081765192,70.63567858143266,70.65053648340671,70.66634422030026,70.6828641299722,70.69985855028139,70.71708981908674,70.73432027424712,70.75131225362142,70.76782809506854,70.78363013644734,70.79848071561672,70.81214217043555,70.82437683876273,70.83494705845715,70.84361516737769,70.85014350338322,70.85429440433265,70.85583020808485,70.8545132524987,70.8501058754331,70.84237041474692,70.83106920829907,70.81596459394841,70.79685542421605,70.77383174767121,70.74712296804913,70.71695935973428,70.68357119711115,70.64718875456421,70.60804230647794,70.56636212723683,70.52237849122535,70.47632167282796,70.42842194642918,70.37890958641346,70.32801486716527,70.2759680630691,70.22299944850943,70.16933929787074,70.11521788553748,70.06086548589417,70.00651237332528,69.95238882221527,69.89872510694863,69.84575150190985,69.79369828148337,69.74279572005372,69.69327409200532,69.64536353830405,69.59921025740113,69.55473305473835,69.5118126053969,69.47032958445796,69.4301646670027,69.39119852811231,69.35331184286797,69.31638528635084,69.28029953364211,69.24493525982295,69.21017313997456,69.1758938491781,69.14197806251474,69.10830645506567,69.07475970191209,69.04121847813515,69.00756345881604,68.97367531903593,68.939434733876,68.90472237841745,68.86941892774142,68.83340505692912,68.79656144106171,68.75876875522039,68.71990767448632
69.27724804437413,69.32055320436433,69.36047878237359,69.39725582638806,69.43111538439386,69.46228850437713,69.49100623432398,69.51749962222056,69.541999716053,69.56473756380741,69.58594421346996,69.60585071302674,69.62468811046391,69.64268745376758,69.66007979092389,69.67709616991897,69.69396763873895,69.71092524536996,69.72820003779813,69.7460230640096,69.7646253719905,69.78423800972695,69.80509202520508,69.82741846641103,69.85144838133093,69.8774128179509,69.90553698116271,69.93585303733289,69.96816051110758,70.00224507683515,70.03789240886393,70.07488818154229,70.1130180692186,70.15206774624119,70.19182288695845,70.2320691657187,70.27259225687033,70.31317783476167,70.3536115737411,70.39367914815696,70.43316623235762,70.47185850069144,70.50954162750676,70.54600128715197,70.58102315397538,70.61439290232538,70.64589620655032,70.67531874099855,70.70244618001844,70.72706419795834,70.74895846916662,70.76791466799162,70.7837576573899,70.79655414483071,70.80646300358403,70.81364328834862,70.81825405382321,70.82045435470656,70.8204032456974,70.8182597814945,70.81418301679659,70.80833200630241,70.80086580471072,70.79194346672026,70.78172404702977,70.770366600338,70.75803018134368,70.74487384474558,70.73105664524243,70.716737637533,70.702075876316,70.68723041629019,70.67236031215432,70.65762461860713,70.64318239034738,70.62919268207378,70.61581454848512,70.60320646490844,70.59147642891429,70.5806435045222,70.57071770306939,70.56170903589309,70.55362751433053,70.54648314971892,70.5402859533955,70.53504593669749,70.53077311096212,70.52747748752661,70.5251690777282,70.52385789290409,70.52355394439152,70.52426724352773,70.52600780164991,70.52878563009533,70.53261074020118,70.53749314330469,70.5434428507431,70.55046987385363,70.5585842239735,70.56779591243995,70.57811495059019,70.58955134976145,70.60211512129096,70.61580569754366,70.63051858306086,70.64609029403445,70.66235666960208,70.6791535489014,70.69631677107007,70.71368217524578,70.73108560056615,70.74836288616886,70.76534987119157,70.78188239477194,70.79779629604761,70.81292741415626,70.82711158823554,70.84018465742312,70.85198246085665,70.86234083767377,70.87109562701218,70.87808266800951,70.88313779980342,70.88609686153158,70.88679569233166,70.8850701313413,70.88075601769815,70.87368919053989,70.86370568920394,70.85074325450935,70.83500649356466,70.816743256628,70.79620139395757,70.77362875581152,70.74927319244803,70.72338255412527,70.69620469110141,70.66798745363464,70.6389786919831,70.60942625640497,70.57957799715844,70.54968176450167,70.51998540869282,70.49073677999007,70.46218372865161,70.43457410493556,70.40815575910015,70.38317654140353,70.35988430210386,70.33852689145932,70.3193521597281,70.30260795716833,70.28854213403821,70.2774025405959,70.26941035508224,70.26433874919694,70.26158915339803,70.26055174588635,70.26061670486263,70.26117420852768,70.26161443508227,70.26132756272716,70.25970376966315,70.256133234091,70.2500061342115,70.24071264822543,70.22764295433356,70.21018723073666,70.18773565563552,70.15967840723093,70.12540566372364,70.08430760331446,70.03577440420413,69.97919624459345,69.9139633026832,69.83946575667416,69.75509378476708,69.66023756516277,69.554287276062,69.43663309566554
69.25920571583592,69.40641522442692,69.54169225443457,69.66554600302138,69.77848566734988,69.88102044458267,69.97365953188228,70.05691212641128,70.13128742533218,70.19729462580753,70.2554429249999,70.30624152007184,70.3501996081859,70.38782638650463,70.41963105219054,70.44612280240622,70.46781083431421,70.48520434507705,70.49881253185731,70.50914459181752,70.51670972212023,70.522017119928,70.52557598240335,70.52789550670889,70.5294848900071,70.53085332946054,70.53250616206364,70.53474991362688,70.53760046371971,70.54105063034922,70.54509323152246,70.54972108524652,70.55492700952843,70.56070382237525,70.56704434179412,70.57394138579204,70.5813877723761,70.58937631955337,70.59789984533091,70.60695116771583,70.61652310471516,70.62660847433597,70.63720009458532,70.64829078347032,70.659873358998,70.67194063917543,70.6844854420097,70.69750058550787,70.71097888767699,70.72491316652415,70.73929624005643,70.75412092628088,70.76937587977636,70.78500832984784,70.80094175740672,70.81709936213528,70.83340434371584,70.84977990183071,70.86614923616222,70.88243554639268,70.89856203220441,70.91445189327973,70.93002832930094,70.94521453995037,70.95993372491031,70.97410908386314,70.98766381649111,71.00052112247656,71.0126042015018,71.02383625324919,71.03414047740097,71.04344007363952,71.05165824164712,71.05871818110612,71.0645430916988,71.0690561731075,71.07218062501451,71.07383965547956,71.0739918839673,71.07271226661823,71.07009961449012,71.06625273864071,71.06127045012778,71.05525156000905,71.04829487934228,71.0404992191852,71.03196339059556,71.02278620463113,71.01306647234966,71.00290300480887,70.9923946130665,70.98164010818033,70.97073830120812,70.95978800320756,70.94888802523644,70.93813717835249,70.92763427361348,70.91747812207714,70.90776753480122,70.89860132284346,70.89007829726162,70.88229726911345,70.87535704945671,70.86935470517818,70.8643272787281,70.86023806290109,70.85704582473574,70.85470933127064,70.85318734954433,70.8524386465954,70.85242198946244,70.853096145184,70.85441988079867,70.85635196334505,70.85885115986167,70.86187623738715,70.86538596296003,70.8693391036189,70.87369442640235,70.87841069834892,70.88344668649722,70.88876115788582,70.89431287955327,70.90006061853816,70.90596314187911,70.91197921661461,70.91806760978332,70.92418708842376,70.93029641957452,70.9363573464581,70.94235534668061,70.9482872562061,70.95414998196225,70.95994043087677,70.96565550987734,70.97129212589167,70.97684718584742,70.98231759667229,70.98770026529397,70.99299209864012,70.99819000363848,71.00329088721674,71.00829165630253,71.01318921782357,71.01798047870759,71.0226623458822,71.02723172627515,71.03168552681413,71.03602065442678,71.04023401604084,71.04432251858395,71.04828306898384,71.0521125741682,71.0558079410647,71.05936543135431,71.06237533922996,71.06332822808344,71.06053025312204,71.05228756955296,71.03690633258356,71.01269269742102,70.97795281927264,70.93099285334571,70.87011895484747,70.79363727898519,70.69985398096614,70.58707521599757,70.45360713928679,70.29775590604098,70.1178276714675,69.91212859077359,69.67896481916651,69.41664251185352,69.12346782404194,68.79774691093897,68.43778592775186,68.04189102968795,67.60836837195447,67.13552410975868,66.62166439830787
70.03439904704874,69.98255562793308,69.94080198762862,69.90858919466166,69.8853683175585,69.87059042484545,69.86370658504882,69.86416786669491,69.87142533831003,69.88493006842049,69.90413312555258,69.9284855782326,69.95743849498689,69.99044294434174,70.02694999482343,70.0664107149583,70.10827617327263,70.15199743829274,70.19702557854492,70.2428116625555,70.28880675885077,70.33446193595704,70.37922826240062,70.4225568067078,70.4638986374049,70.5027048230182,70.53843189815746,70.57081791845897,70.60001250105506,70.62619791875952,70.64955644438619,70.6702703507489,70.68852191066146,70.7044933969377,70.71836708239148,70.73032523983657,70.74055014208685,70.7492240619561,70.75652927225818,70.76264804580688,70.76776265541608,70.77205537389956,70.77570847407117,70.77890422874471,70.78182491073403,70.78465279285295,70.7875701479153,70.79075924873491,70.79440236812559,70.79868177890118,70.80377975387549,70.80987856586236,70.817142759063,70.82556048154608,70.83501875652584,70.84540340969366,70.8566002667409,70.86849515335891,70.88097389523904,70.89392231807267,70.90722624755116,70.92077150936586,70.93444392920813,70.94812933276934,70.96171354574084,70.97508239381399,70.98812170268015,71.0007172980307,71.01275500555697,71.02412065095034,71.03470005990215,71.04437905810379,71.0530434712466,71.06057912502193,71.06687184512117,71.07180745723565,71.07527178705675,71.07715067266508,71.07738232178416,71.07607699151508,71.07338021780475,71.06943753660012,71.06439448384809,71.0583965954956,71.05158940748954,71.0441184557769,71.03612927630454,71.0277674050194,71.01917837786841,71.01050773079851,71.0019009997566,70.9935037206896,70.98546142954446,70.97791966226808,70.9710239548074,70.96491984310931,70.95975286312077,70.95566855078869,70.95281244206,70.9513300728816,70.95136697920044,70.95306869696346,70.95658076211753,70.96204435807034,70.96945087859865,70.97860767687345,70.98931081214333,71.00135634365681,71.01454033066247,71.02865883240888,71.0435079081446,71.05888361711818,71.0745820185782,71.0903991717732,71.10613113595176,71.12157397036242,71.13652373425377,71.15077648687435,71.16412828747274,71.17637519529747,71.18731326959713,71.19673856962027,71.20444715461547,71.21023508383125,71.21389841651622,71.21523321191891,71.2140355292879,71.21010142787173,71.20322696691898,71.19324082393804,71.18023179957092,71.1644131793306,71.14599902647416,71.12520340425867,71.1022403759412,71.07732400477883,71.05066835402863,71.02248748694768,70.99299546679305,70.96240635682183,70.93093422029106,70.89879312045785,70.86619712057926,70.83336028391236,70.80049667371422,70.76782035324193,70.73554538575256,70.70388583450318,70.67305576275088,70.6432692337527,70.61474031076574,70.58768305704707,70.56231153585378,70.53883981044291,70.51748206677357,70.49852969076798,70.48248319636936,70.46987816511985,70.46125017856163,70.45713481823682,70.4580676656876,70.46458430245609,70.47722031008445,70.49651127011482,70.52299276408938,70.55720037355026,70.59966968003961,70.65093626509959,70.71153571027234,70.78200359710003,70.86287550712477,70.95468702188874,71.05797372293408,71.17327119180295,71.30111501003749,71.44204075917986,71.5965840207722,71.76528037635667,71.9486654074754,72.14727469567056
70.1941180948449,70.26605767195458,70.32962718558028,70.38526090623841,70.43339310444544,70.4744580507178,70.50889001557192,70.53712326952429,70.5595920830913,70.57673072678944,70.58897347113512,70.59675458664482,70.60050834383496,70.60066901322199,70.59767086532234,70.59194817065249,70.58393519972887,70.5740662230679,70.56277551118606,70.55049733459978,70.53766596382552,70.52471566937969,70.51208072177876,70.50019539153917,70.48949394917737,70.48041030255924,70.47324442292624,70.46796288122223,70.46448124188684,70.4627150693597,70.46257992808044,70.46399138248867,70.46686499702403,70.47111633612614,70.47666096423465,70.48341444578915,70.49129234522931,70.50021022699472,70.51008365552502,70.52082819525985,70.53235941063883,70.5445928661016,70.55744412608774,70.57082875503694,70.58466231738879,70.59886037758292,70.61333850005897,70.62801224925656,70.64279718961532,70.65760888557487,70.67236317443069,70.68699361104369,70.70146201588668,70.71573273726652,70.72977012349007,70.74353852286421,70.75700228369581,70.77012575429175,70.78287328295887,70.79520921800408,70.8070979077342,70.81850370045615,70.82939094447677,70.83972398810293,70.84946717964151,70.85858486739939,70.86704139968342,70.87480112480047,70.88182839105743,70.88808754676114,70.8935429402185,70.89815891973636,70.90189983362161,70.9047300301811,70.90661385772171,70.90751785609663,70.90746301428221,70.90652711629505,70.90479060714331,70.90233393183512,70.8992375353786,70.89558186278192,70.89144735905322,70.88691446920062,70.88206363823227,70.87697531115631,70.87172993298088,70.86640794871411,70.86108980336417,70.85585594193915,70.85078680944723,70.84596285089654,70.84146451129521,70.8373722356514,70.83376646897322,70.83072765626885,70.82833624254638,70.826672672814,70.82581739207981,70.82585084535197,70.82684365754905,70.82874287904882,70.8314111231954,70.83470936838435,70.83849859301124,70.84263977547161,70.84699389416103,70.85142192747506,70.85578485380924,70.85994365155912,70.86375929912028,70.86709277488825,70.86980505725862,70.8717571246269,70.87280995538868,70.8728245279395,70.87166182067493,70.86918281199051,70.86524848028182,70.85971980394439,70.85245776137377,70.84332333096555,70.83217749111525,70.81888122021844,70.80329549667069,70.78532164633411,70.76515314915065,70.74311210311177,70.71952116468043,70.69470299031957,70.66898023649216,70.64267555966117,70.61611161628954,70.58961106284023,70.56349655577621,70.53809075156045,70.51371630665587,70.49069587752545,70.46935212063215,70.45000769243893,70.43298524940874,70.41860744800455,70.4071969446893,70.39907639592597,70.3945684581775,70.39399578790686,70.397681041577,70.4059468756509,70.41911594659149,70.43751091086173,70.46137463348865,70.49059827855018,70.52497613869359,70.56430250358831,70.60837166290382,70.65697790630958,70.70991552347502,70.7669788040696,70.82796203776277,70.89265951422402,70.96086552312276,71.03237435412848,71.10698029691062,71.18447764113863,71.26466067648197,71.3473236926101,71.43226097919246,71.51926682589854,71.60813552239779,71.69866135835962,71.7906386234535,71.8838616073489,71.97812459971527,72.07322189022207,72.16894410627556,72.26485947262111,72.36077483896665,72.45669020531219,72.55260557165772,72.64852093800327
70.41949223064083,70.38548381302556,70.3606304647073,70.34436740765724,70.33612986384665,70.33535305524666,70.34147220382849,70.35392253156337,70.37213926042247,70.39555761237705,70.42361280939826,70.45574007345732,70.49137462652544,70.52995169057382,70.57090648757367,70.61367423949616,70.65769016831254,70.702389495994,70.74720744451176,70.79157923583699,70.8349400919409,70.87672523479472,70.91636988636961,70.95330926863684,70.98697860356756,71.016813113133,71.0422544280963,71.06307425279687,71.07952683306081,71.09190470236095,71.10050039417013,71.1056064419611,71.10751537920672,71.10651973937979,71.10291205595311,71.09698486239947,71.08903069219173,71.07934207880265,71.06821155570506,71.0559316563718,71.04279491427562,71.02909386288937,71.01512103568584,71.00116896613787,70.98753018771822,70.97449723389974,70.96236263815524,70.95141893395751,70.94195865477934,70.9342743340936,70.92865850537305,70.92540370209053,70.92477381173853,70.92674770006249,70.93114083476596,70.93776674858896,70.94643897427153,70.95697104455374,70.96917649217559,70.9828688498772,70.99786165039856,71.01396842647975,71.03100271086078,71.04877803628176,71.06710793548265,71.0858059412036,71.10468558618456,71.12356040316564,71.14224392488688,71.1605496840883,71.17829121350997,71.19528204589193,71.21133571397422,71.2262657504969,71.23988568820005,71.25200905982365,71.26244939810778,71.27102024957392,71.27759341526331,71.28223207911182,71.28503866825238,71.28611560981804,71.28556533094175,71.2834902587565,71.27999282039528,71.27517544299107,71.26914055367683,71.26199057958559,71.25382794785031,71.24475508560397,71.23487441997958,71.22428837811009,71.2130993871285,71.20140987416781,71.18932226636096,71.176938990841,71.16436247474087,71.15169514519354,71.13903942933203,71.12649775428932,71.1141725471984,71.10216623519221,71.0905812454038,71.07951893320552,71.06904377007018,71.05917490967929,71.04992872472144,71.0413215878852,71.03336987185918,71.02608994933195,71.01949819299213,71.01361097552831,71.00844466962906,71.00401564798301,71.00034028327869,70.99743494820476,70.99531601544976,70.9939998577023,70.993502847651,70.99384135798442,70.99503176139115,70.99709043055978,71.00003373817893,71.00387805693717,71.00863975952308,71.01433521862529,71.02098080693236,71.02859289713288,71.03718786191547,71.04677746297486,71.05733669038861,71.06882293676048,71.08119348475051,71.09440561701874,71.10841661622516,71.12318376502984,71.13866434609278,71.15481564207403,71.1715949356336,71.18895950943158,71.20686664612793,71.22527362838272,71.24413773885598,71.26341626020772,71.28306647509797,71.30304566618679,71.32331111613419,71.34382010760021,71.36452992324487,71.38539784572819,71.40638115771023,71.42743714185102,71.44852308081056,71.4695962572489,71.49061381506115,71.5114455919313,71.53172492057095,71.55104547539307,71.56900093081063,71.58518496123656,71.59919124108387,71.61061344476548,71.61904524669436,71.62408032128346,71.62531234294576,71.62233498609424,71.6147419251418,71.60212683450143,71.5840833885861,71.56020526180876,71.53008612858235,71.49331966331988,71.44949954043426,71.39821943433847,71.33907301944546,71.27165397016822,71.19555596091968,71.1103726661128,71.01569776016055,70.91112491747589
70.14829179224938,70.25993569574146,70.35495334371971,70.4342789296629,70.4988466470497,70.54959068935888,70.58744525006914,70.6133445226592,70.6282227006078,70.63301397739365,70.62865254649547,70.61607260139199,70.59620833556194,70.56999394248403,70.538363615637,70.50225154849954,70.46259193455043,70.42031896726834,70.37636684013201,70.33166974662018,70.28716188021154,70.24377743438485,70.20245060261881,70.16411557839214,70.12970655518359,70.10015772647185,70.07639341849746,70.05882976272416,70.04713995000834,70.04093822197981,70.03983882026833,70.04345598650369,70.05140396231566,70.06329698933402,70.07874930918857,70.09737516350907,70.1187887939253,70.14260444206705,70.1684363495641,70.19589875804624,70.22460590914322,70.25417204448485,70.28421140570089,70.31433823442114,70.34416677227536,70.37331126089335,70.40138594190486,70.42800505693971,70.45278284762766,70.47533355559848,70.49527142248198,70.51221068990792,70.52580112700916,70.53604599443437,70.5431512034093,70.5473250649526,70.54877589008294,70.54771198981895,70.54434167517931,70.53887325718267,70.53151504684769,70.52247535519301,70.51196249323729,70.5001847719992,70.48735050249739,70.47366799575053,70.45934556277724,70.44459151459621,70.42961416222607,70.41462181668551,70.39982278899315,70.38542539016767,70.37163793122771,70.35866872319194,70.34672607707901,70.33601830390758,70.32675371469631,70.31914060624626,70.31332717735687,70.30926418756302,70.30686191133962,70.30603062316156,70.30668059750374,70.30872210884104,70.31206543164836,70.3166208404006,70.32229860957266,70.32900901363942,70.33666232707577,70.34516882435663,70.35443877995688,70.36438246835141,70.3749101640151,70.38593214142288,70.39735867504963,70.40910003937023,70.4210665088596,70.43316835799261,70.44531586124417,70.45741929308916,70.46938892800249,70.48113504045905,70.49256790493374,70.50359841591947,70.51415880540152,70.52420752189958,70.53370462274953,70.5426101652872,70.55088420684852,70.55848680476934,70.56537801638552,70.57151789903297,70.57686651004754,70.5813839067651,70.58503014652152,70.5877652866527,70.5895493844945,70.59034249738279,70.59010468265346,70.58879599764236,70.58637649968539,70.5828062461184,70.57804529427727,70.5720537014979,70.56479152511612,70.55621882246784,70.54629565088892,70.53498206771525,70.52223813028267,70.50805062021422,70.49261943918735,70.47624647989477,70.45923427223839,70.44188534612016,70.424502231442,70.40738745810586,70.39084355601365,70.37517305506731,70.36067848516878,70.34766237621997,70.33642725812284,70.32727566077929,70.32051011409129,70.31643314796074,70.31534729228959,70.31755507697976,70.32335903193318,70.3330616870518,70.34696557223754,70.36537321739232,70.38858715241808,70.41690990721678,70.4506440116903,70.49009199574061,70.53555687260283,70.58764575246568,70.64778951785505,70.71755718543021,70.79851777185038,70.89224029377486,71.00029376786284,71.12424721077362,71.2656696391664,71.42613006970048,71.60719751903507,71.81044100382944,72.03742954074282,72.28973214643449,72.56891783756379,72.87655563078975,73.21421454277174,73.583463590169,73.98587178964078,74.42300815784635,74.89644171144492,75.40774146709576,75.95847644145812,76.55021565119127,77.18452811295441,77.86298284340681
69.92759572732233,70.09869041787269,70.2486664161893,70.3786531522882,70.48978005618541,70.58317655789695,70.65997208743885,70.72129607482712,70.76827795007782,70.80204714320693,70.8237330842305,70.83446520316454,70.83537293002509,70.82758569482816,70.81223292758978,70.79044405832596,70.76334851705275,70.73207573378616,70.69775513854222,70.66151616133695,70.62448823218637,70.58780078110651,70.55258323811339,70.51996503322303,70.49107559645147,70.46704435781471,70.44898928756484,70.43743814093546,70.43205582544041,70.43243878523963,70.438183464493,70.44888630736044,70.46414375800188,70.4835522605772,70.50670825924635,70.5332081981692,70.56264852150568,70.5946256734157,70.62873609805918,70.664576239596,70.70174254218611,70.73983144998938,70.77843940716576,70.81716285787513,70.85559824627742,70.89334201653254,70.92999061280038,70.96514047924087,70.99838806001392,71.02932979927944,71.05756214119734,71.08268152992751,71.10431902519231,71.12245010460343,71.13724769459643,71.1488870598005,71.15754346484488,71.16339217435872,71.16660845297125,71.16736756531164,71.16584477600911,71.16221534969284,71.15665455099203,71.1493376445359,71.14043989495362,71.1301365668744,71.11860292492743,71.10601423374192,71.09254575794705,71.07837276217202,71.06367051104604,71.0486142691983,71.033379301258,71.01814087185433,71.00307424561649,70.98835468717367,70.97415746115509,70.9606578242461,70.94799745442208,70.93620771391379,70.92529734463093,70.91527508848327,70.90614968738052,70.89792988323241,70.89062441794869,70.88424203343907,70.87879147161331,70.87428147438114,70.87072078365227,70.86811814133647,70.86648228934345,70.86582196958294,70.8661459239647,70.86746289439843,70.86978162279388,70.8731108510608,70.8774593211089,70.88283577484792,70.88924895418761,70.89670760103768,70.90522045730786,70.91479626490792,70.92544376574756,70.93716956897929,70.94990688638862,70.96349874931408,70.97778265503845,70.9925961008445,71.00777658401496,71.02316160183263,71.03858865158024,71.05389523054059,71.06891883599643,71.08349696523052,71.09746711552563,71.11066678416452,71.12293346842995,71.1341046656047,71.14401787297152,71.15251058781318,71.15942030741245,71.16458452905208,71.16784075001485,71.1690264675835,71.16797917904083,71.16453638166958,71.15853557275251,71.14981424957242,71.13820990941203,71.12358657402214,71.10601979169655,71.0856863391513,71.06276362554719,71.03742906004507,71.00986005180576,70.98023400999007,70.94872834375884,70.91552046227291,70.88078777469309,70.8447076901802,70.80745761789508,70.76921496699856,70.73015714665145,70.69046156601459,70.6503056342488,70.60986676051488,70.5693223539737,70.52884982378608,70.48862657911283,70.44883002911479,70.40963758295277,70.3712266497876,70.33377463878011,70.29745895909113,70.26245667028452,70.22872487729626,70.19562484700565,70.16241793328219,70.12836548999543,70.09272887101487,70.05476943021004,70.01374852145048,69.96892749860568,69.91956771554517,69.8649305261385,69.80427728425514,69.73686934376464,69.66196805853653,69.57883478244028,69.48673086934548,69.38491767312162,69.27265654763823,69.14920884676482,69.01383592437092,68.86579913432605,68.70435983049971,68.52877936676146,68.33831909698078,68.13224037502724,67.9098045547703
69.9502205919921,70.05241355961336,70.14277695983498,70.22192898844163,70.290487841218,70.34907171394873,70.3982988024185,70.43878730241197,70.47115540971379,70.49602132010865,70.5140032293812,70.52571933331612,70.53178782769805,70.53282690831168,70.52945477094165,70.52228961137266,70.51194962538933,70.49905300877637,70.48421795731842,70.46806266680014,70.45120533300621,70.4342641517213,70.41785731873004,70.40260302981714,70.38911948076725,70.37802486736501,70.36993147465778,70.36514716554537,70.36353476180267,70.36492177305466,70.36913570892625,70.37600407904242,70.38535439302808,70.39701416050819,70.41081089110772,70.42657209445157,70.44412528016471,70.46329795787209,70.48391763719866,70.50581182776934,70.5288080392091,70.55273378114286,70.57741656319558,70.60268389499223,70.62836328615772,70.65428224631701,70.68026828509504,70.70614891211676,70.73175163700712,70.75690396939106,70.78143341889353,70.80516749513946,70.82794431543067,70.8497075413219,70.87046134106414,70.89021059943009,70.90896020119244,70.9267150311239,70.94347997399717,70.95925991458496,70.97405973765996,70.98788432799488,71.0007385703624,71.01262734953526,71.02355555028615,71.03352805738774,71.04254975561277,71.05062552973394,71.05776026452392,71.06395884475545,71.0692261552012,71.07356708063391,71.07698650582624,71.07948931555092,71.08108039458062,71.08176462768809,71.081546899646,71.08043210004675,71.07844549141961,71.07567926726598,71.07223934533013,71.06823164335636,71.06376207908895,71.05893657027217,71.05386103465031,71.04864138996767,71.04338355396851,71.03819344439714,71.03317697899782,71.02844007551484,71.02408865169248,71.02022862527504,71.01696591400679,71.01440643563201,71.012656107895,71.01182084854003,71.01200657531137,71.01331920595334,71.0158646582102,71.01974884982624,71.02507769854576,71.031957122113,71.04049303827229,71.05078757273155,71.06281235088909,71.07637865756487,71.09128793804351,71.10734163760955,71.12434120154761,71.14208807514223,71.16038370367802,71.17902953243956,71.19782700671142,71.21657757177819,71.23508267292445,71.25314375543476,71.27056226459375,71.28713964568595,71.30267734399598,71.3169768048084,71.3298394734078,71.34106679507876,71.35046021510587,71.35782117877369,71.36295113136681,71.36565151816983,71.36572378446729,71.36296937554383,71.35718973668398,71.348230006835,71.3362837718727,71.32171137089594,71.30487418482771,71.28613359459095,71.26585098110863,71.24438772530371,71.22210520809914,71.1993648104179,71.17652791318294,71.15395589731723,71.13201014374371,71.11105203338536,71.09144294716513,71.073544266006,71.05771737083091,71.04432364256282,71.03372446212471,71.02628121043952,71.02235526843023,71.02230801701978,71.02650083713115,71.0352951096873,71.04905221561118,71.06813353582575,71.09289968627228,71.1232299821772,71.15769993677239,71.19466643545957,71.23248636364045,71.26951660671676,71.30411405009023,71.33463557916258,71.35943807933552,71.37687843601078,71.38531353459007,71.38310026047513,71.36859549906767,71.34015613576939,71.29613905598204,71.23490114510734,71.154799288547,71.05419037170276,70.93143127997632,70.7848788987694,70.61289011348376,70.41382180952107,70.18603087228308,69.92787418717151,69.63770863958808,69.3138911149345
69.29489553335345,69.39048409663776,69.48110581321515,69.56691872449693,69.64808087189448,69.72475029681912,69.79708504068222,69.8652431448951,69.92938265086913,69.98966160001564,70.04623803374598,70.09926999347151,70.14891552060358,70.19533265655349,70.23867944273263,70.27911392055233,70.31679413142393,70.3518781167588,70.38452391796827,70.41488957646368,70.44313313365639,70.46941263095773,70.49388610977907,70.51671161153173,70.53804717762708,70.55805084947644,70.57688006889485,70.5946613965412,70.6114762472643,70.62740245378194,70.64251784881193,70.65690026507205,70.67062753528012,70.68377749215392,70.69642796841126,70.70865679676992,70.72054180994769,70.7321608406624,70.74359172163183,70.75491228557378,70.76620036520605,70.77753379324642,70.78899040241271,70.8006480254227,70.8125844949942,70.824877643845,70.83760530469289,70.85084531025568,70.86467549325117,70.87917368639714,70.8944177224114,70.91048543401175,70.92744227279812,70.94523050073585,70.96372175730171,70.98278684565933,71.0022965689723,71.02212173040422,71.04213313311868,71.0622015802793,71.08219787504966,71.10199282059338,71.12145722007405,71.14046187665528,71.15887759350066,71.1765751737738,71.1934254206383,71.20929913725777,71.22406712679579,71.23760019241598,71.24976913728193,71.26044476455725,71.26949787740554,71.2767992789904,71.28221977247541,71.28563016102422,71.28690124780039,71.28590385205402,71.2825767910047,71.27708227480865,71.26962832050084,71.26042294511628,71.24967416568991,71.23758999925673,71.22437846285167,71.21024757350976,71.19540534826594,71.18005980415519,71.1644189582125,71.1486908274728,71.13308342897112,71.1178047797424,71.10306289682163,71.08906579724378,71.0760214980438,71.0641380162567,71.05362336891744,71.044685573061,71.03753264572234,71.03237260393644,71.02941346473828,71.02886324516284,71.03092996224507,71.03581526636027,71.04350170368996,71.05370261574306,71.06611482388789,71.08043514949273,71.09636041392588,71.11358743855563,71.13181304475027,71.15073405387811,71.17004728730741,71.18944956640651,71.20863771254366,71.22730854708718,71.24515889140535,71.26188556686647,71.27718539483882,71.29075519669072,71.30229179379045,71.31149200750629,71.31805265920654,71.32167057025951,71.32204256203349,71.31886545589674,71.31183607321759,71.30065123536431,71.28500776370522,71.26467134550613,71.23995685775539,71.21144199840157,71.17970610741965,71.1453285247846,71.10888859047144,71.07096564445513,71.03213902671067,70.99298807721306,70.95409213593726,70.9160305428583,70.87938263795112,70.84472776119074,70.81264525255214,70.78371445201032,70.75851469954026,70.73762533511692,70.72162569871533,70.71109513031047,70.70661296987733,70.70875855739087,70.7181112328261,70.73525033615802,70.7607552073616,70.79520518641183,70.83917820799252,70.89236804493387,70.95207335210156,71.01519115938628,71.0786184966787,71.13925239386953,71.19398988084941,71.23972798750907,71.27336374373917,71.29179417943038,71.2919163244734,71.27062720875891,71.2248238621776,71.15140331462014,71.04726259597717,70.90929873613945,70.73440876499762,70.5194897124424,70.26143860836443,69.95715248265442,69.60352836520303,69.19746328590097,68.7358542746389,68.21559836130751,67.63359257579748,66.98673394799951
70.35766219909232,70.32284633050796,70.29242061247209,70.26618858679953,70.24395379530515,70.22551977980382,70.2106900821104,70.1992682440397,70.19105780740662,70.18586231402597,70.18348530571265,70.18373032428147,70.18640091154731,70.19130060932503,70.19823295942945,70.20700150367549,70.21740978387791,70.22926134185164,70.2423597194115,70.25650845837237,70.27151110054905,70.28717118775646,70.30329226180939,70.31967786452276,70.33613153771137,70.3524568231901,70.3684602765835,70.38404802085842,70.39924617325647,70.41408799486442,70.42860674676902,70.44283569005702,70.4568080858152,70.47055719513031,70.48411627908916,70.49751859877847,70.510797415285,70.52398598969555,70.53711758309686,70.5502254565757,70.56334287121882,70.57650308811304,70.58973936834505,70.60308497300167,70.61657316316965,70.63023719993575,70.64411034438672,70.65822585760932,70.67261700069037,70.68731703471659,70.70235922077475,70.71777681995161,70.73359083291697,70.74974659767474,70.76616061754439,70.78274933908432,70.79942920885281,70.81611667340826,70.83272817930893,70.84918017311318,70.86538910137935,70.88127141066576,70.89674354753078,70.9117219585327,70.92612309022988,70.93986338918066,70.95285930194333,70.96502727507627,70.97628375513781,70.98654518868625,70.99572802227996,71.00374870247725,71.01052367583645,71.01596938891592,71.02000228827399,71.02253882046898,71.0234954320592,71.02278951926974,71.02042121803532,71.01653643812679,71.01129592785676,71.00486043553795,70.997390709483,70.98904749800462,70.97999154941547,70.97038361202826,70.96038443415563,70.95015476411027,70.93985535020488,70.92964694075212,70.91969028406467,70.91014612845521,70.90117522223645,70.892938313721,70.88559615122159,70.87930948305089,70.87423905752158,70.87054562294634,70.86838992763785,70.86793271990877,70.8693347480718,70.87275676043959,70.87835950532485,70.88628103226756,70.89643639806465,70.90861409115652,70.92260114726207,70.93818460210025,70.95515149138996,70.97328885085008,70.99238371619961,71.01222312315741,71.0325941074424,71.05328370477355,71.07407895086976,71.09476688144991,71.11513453223299,71.13496893893785,71.15405713728344,71.17218616298868,71.18914305177253,71.20471483935384,71.21868856145159,71.23085125378464,71.24098995207194,71.24889169203246,71.25434350938502,71.25713243984862,71.25704567079026,71.25394742680425,71.24790407938264,71.23901475600394,71.2273785841466,71.21309469128917,71.19626220491006,71.1769802524878,71.15534796150084,71.13146445942766,71.1054288737468,71.07734033193668,71.04729796147578,71.01540088984265,70.9817482445157,70.94643915297345,70.90957274269437,70.87124814115691,70.83156447583963,70.79062087422099,70.74851646377942,70.70535037199343,70.66122172634155,70.6162296543022,70.57047328335386,70.52405174097507,70.477062359037,70.42957230882021,70.38162373532899,70.33325802604588,70.28451656845337,70.23544075003403,70.1860719582703,70.13645158064477,70.08662100463991,70.03662161773823,69.98649480742228,69.93628196117453,69.88602446647755,69.83576371081381,69.78554108166583,69.73539796651616,69.6853757528473,69.63551582814173,69.58585957988203,69.53644839555068,69.48732366263016,69.43852676860305,69.39009910095183,69.34208204715904,69.29451699470715,69.24744533107872
69.70880146389652,69.87419231618391,70.02568209378995,70.16385549602707,70.28929722220767,70.40259197164416,70.50432444364897,70.59507933753451,70.67544135261319,70.74599518819743,70.80732554359963,70.86001711813222,70.90465461110762,70.94182272183821,70.97210614963642,70.99608959381466,71.01435775368536,71.02749532856093,71.03608701775377,71.04071752057631,71.04197153634095,71.04043376436012,71.03668890394621,71.03132165441166,71.02491671506885,71.01805878523024,71.01132053554011,71.00500035559585,70.99912366876602,70.99370413271657,70.98875540511347,70.98429114362267,70.98032500591015,70.97687064964184,70.97394173248372,70.97155191210175,70.96971484616189,70.96844419233008,70.9677536082723,70.96765675165452,70.96816728014268,70.96929885140274,70.97106512310067,70.97347975290242,70.97655639847396,70.98030871748125,70.98475036759024,70.9898950064669,70.99575629177718,71.00234788118705,71.00968343236246,71.01777660296858,71.02662457897374,71.03615938371776,71.04629692893758,71.05695312637012,71.06804388775228,71.07948512482103,71.09119274931325,71.1030826729659,71.11507080751588,71.12707306470011,71.13900535625554,71.15078359391906,71.16232368942762,71.17354155451815,71.18435310092757,71.19467424039277,71.20442088465072,71.21350894543832,71.22185433449249,71.22937296355018,71.23598074434828,71.24159358862374,71.24612740811348,71.24949811455441,71.25162161968346,71.25241776646439,71.2518945124096,71.25014666845385,71.24727272451705,71.24337117051907,71.23854049637983,71.2328791920192,71.2264857473571,71.2194586523134,71.21189639680802,71.20389747076082,71.19556036409173,71.18698356672063,71.1782655685674,71.16950485955195,71.16079992959418,71.15224926861396,71.14395136653121,71.1360047132658,71.12850779873766,71.12155911286665,71.11525714557268,71.10970038677564,71.10498732639542,71.10121645435193,71.09848626055582,71.09687165845894,71.09635531720681,71.09689734903307,71.0984578661714,71.10099698085547,71.10447480531892,71.1088514517954,71.11408703251861,71.12014165972221,71.12697544563983,71.13454850250517,71.14282094255186,71.1517528780136,71.161304421124,71.17143568411677,71.18210677922556,71.19327781868402,71.20490891472583,71.21696017958465,71.22939172549414,71.24216366468795,71.25523610939976,71.26856917186322,71.282122964312,71.29585759897977,71.30973333409364,71.32371364485275,71.33776514705634,71.35185458722,71.36594871185929,71.38001426748978,71.39401800062706,71.40792665778667,71.42170698548422,71.43532573023525,71.44874963855536,71.46194545696008,71.47487993196502,71.48751981008574,71.49983183783782,71.51178276173681,71.52333932829829,71.53446828403786,71.54513637547106,71.55531034911346,71.56495695148065,71.5740429290882,71.58253502845167,71.59039999608663,71.59760457850868,71.60411552227401,71.60993070286396,71.61516845130195,71.6199762303446,71.62450150274852,71.62889173127031,71.63329437866659,71.63785690769394,71.642726781109,71.64805146166836,71.65397841212862,71.6606550952464,71.6682289737783,71.67684751048093,71.68665816811088,71.69780840942478,71.71044569717924,71.72471749413084,71.74077126303621,71.75875446665194,71.77881456773464,71.80109902904093,71.8257553133274,71.85293088335067,71.88277320186734,71.91542973163402,71.95064562227013
69.64069495290086,69.79669683837929,69.9339003647629,70.05331153616885,70.15593635671428,70.24278083051634,70.31485096169219,70.37315275435898,70.41869221263386,70.45247534063398,70.47550814247651,70.48879662227858,70.49334678415735,70.49016463223,70.48025617061364,70.46462740342545,70.4442843347826,70.4202329688022,70.39347930960142,70.36502936129742,70.33588912800734,70.30706461384835,70.2795618229376,70.25438675939222,70.2325454273294,70.21504383086626,70.2028700381913,70.19641956755305,70.19537382152124,70.1993716878718,70.20805205438056,70.22105380882343,70.23801583897625,70.25857703261491,70.28237627751531,70.30905246145329,70.33824447220472,70.3695911975455,70.40273152525148,70.43730434309856,70.4729485388626,70.50930300031948,70.54600661524506,70.58269827141523,70.61901685660585,70.6546012585928,70.689090365152,70.72212306405925,70.75333824309045,70.78237479002149,70.80887159262824,70.83246753868656,70.85285908420553,70.87009795581848,70.88437127211455,70.8958664182025,70.90477077919113,70.91127174018914,70.91555668630531,70.91781300264842,70.9182280743272,70.91698928645042,70.91428402412686,70.91029967246523,70.90522361657432,70.89924324156289,70.89254593253969,70.8853190746135,70.87775005289305,70.8700262524871,70.86233505850441,70.85486385605375,70.84780003024389,70.84133096618356,70.83564404898155,70.83092666374657,70.82736619558743,70.82514892578524,70.8243649646403,70.8249349849141,70.8267624120617,70.82975067153812,70.83380318879844,70.8388233892977,70.84471469849095,70.85138054183321,70.85872434477955,70.866649532785,70.87505953130463,70.88385776579345,70.89294766170654,70.90223264449892,70.91161613962568,70.92100157254181,70.9302923687024,70.93939195356246,70.94820375257706,70.95663119120124,70.96457769489007,70.97194668909854,70.97864159928174,70.98456585089471,70.98962286939249,70.99372383095208,70.99685605484288,70.99905007835989,71.00033693484431,71.00074765763732,71.00031328008014,70.99906483551395,70.99703335727995,70.99424987871936,70.99074543317333,70.9865510539831,70.98169777448985,70.97621662803476,70.97013864795906,70.96349486760394,70.95631632031058,70.94863403942018,70.94047905827395,70.93188241021308,70.92287512857875,70.91348824671219,70.90375279795458,70.8936998156471,70.88336033313098,70.8727653837474,70.86194598816749,70.85092673066576,70.83971530631075,70.82831667343537,70.81673579037258,70.80497761545533,70.79304710701658,70.78094922338923,70.76868892290625,70.7562711639006,70.74370090470521,70.73098310365303,70.718122719077,70.70512470931006,70.69199403268516,70.67873564753526,70.66535451219328,70.65185558499218,70.63824382426489,70.62452418834438,70.61070163556357,70.59678112425544,70.58276761275289,70.5686660593889,70.5544814224964,70.54021866040833,70.52588546894437,70.51153552514606,70.49726065977595,70.4831538584737,70.46930810687905,70.45581639063167,70.4427716953713,70.43026700673764,70.41839531037036,70.40724959190919,70.39692283699381,70.38750803126396,70.37909816035932,70.3717862099196,70.3656651655845,70.36082801299372,70.35736773778697,70.35537732560397,70.3549497620844,70.35617803286796,70.35915512359436,70.36397401990331,70.37072770743453,70.37950917182768,70.39041139872249,70.40352737375866
69.40065873597975,69.50823276373794,69.60529086643696,69.69236371632557,69.76998198565258,69.83867634666672,69.89897747161677,69.95141603275154,69.99652270231977,70.03482815257024,70.06686305575174,70.09315808411301,70.11424390990288,70.13065120537007,70.14291064276338,70.15155289433157,70.15710863232344,70.16010852898773,70.16108325657325,70.16056348732876,70.15907989350302,70.15716314734482,70.15534392110293,70.15415288702611,70.15412071736316,70.15576241258525,70.15927530940473,70.16456117639353,70.1715105366711,70.18001391335685,70.18996182957022,70.20124480843066,70.21375337305761,70.2273780465705,70.24200935208877,70.25753781273185,70.27385395161919,70.29084829187022,70.30841135660438,70.3264336689411,70.34480575199984,70.36341812890001,70.38216132276106,70.40092585670243,70.41960225384356,70.43808103730387,70.45625273020283,70.47400785565985,70.49123693679437,70.50783050003882,70.52370212961264,70.5388435923459,70.55326320994064,70.56696930409889,70.57997019652274,70.5922742089142,70.60388966297536,70.61482488040825,70.62508818291492,70.63468789219742,70.64363232995781,70.65192981789814,70.65958867772045,70.66661723112679,70.67302379981923,70.6788167054998,70.68400426987056,70.68859481463356,70.69259666149085,70.69601813214449,70.69886754829652,70.70115323164899,70.70288350390396,70.70406668676347,70.70471283229851,70.70485972333985,70.70456747155687,70.7038968226803,70.7029085224409,70.7016633165694,70.70022195079653,70.69864517085304,70.69699372246968,70.69532835137719,70.69370980330628,70.69219882398772,70.69085615915226,70.68974255453062,70.68891875585355,70.68844550885179,70.68838355925607,70.68879365279714,70.68973653520574,70.69127295221261,70.6934636495485,70.69636937294415,70.70005086813028,70.70456888083766,70.70998411149039,70.71631147754053,70.7234339743674,70.73121097900385,70.73950186848269,70.74816601983676,70.7570628100989,70.76605161630195,70.77499181547873,70.78374278466207,70.79216390088483,70.80011454117981,70.80745408257987,70.81404190211784,70.81973737682654,70.82439988373882,70.8278887998875,70.83006350230542,70.83078336802542,70.82990777408033,70.82729609750298,70.8228077153262,70.81630200458284,70.80763834230572,70.79667610552768,70.78329267165972,70.76759790765345,70.74986349868522,70.73036441164045,70.70937561340455,70.68717207086293,70.66402875090101,70.64022062040421,70.61602264625795,70.59170979534764,70.5675570345587,70.54383933077655,70.5208316508866,70.49880896177427,70.47804623032496,70.45881842342412,70.44140050795714,70.42606745080946,70.41309421886645,70.40275577901357,70.39532709813624,70.39108314311984,70.39029888084983,70.39324927821158,70.40020890593523,70.41131616025045,70.4263747858278,70.44513804808143,70.46735921242542,70.4927915442739,70.521188309041,70.55230277214082,70.58588819898749,70.62169785499512,70.65948500557784,70.69900291614975,70.74000485212498,70.78224407891764,70.82547386194186,70.86944746661175,70.91391815834143,70.95863920254502,71.00336386463661,71.04784541003036,71.09183710414038,71.13509221238078,71.17736400016567,71.21840573290916,71.25797067602538,71.29625834125684,71.33446263273675,71.37266692421665,71.41087121569655,71.44907550717646,71.48727979865636,71.52548409013626,71.56368838161616
69.74434615123418,69.81877384514046,69.8843425598699,69.9415490042361,69.99088988705253,70.03286191713275,70.06796180329027,70.09668625433865,70.11953197909139,70.13699568636203,70.1495740849641,70.15776388371114,70.16206179141668,70.16296451689422,70.16096876895732,70.1565712564195,70.15026868809429,70.14255777279523,70.13393521933583,70.12489773652963,70.11594203319017,70.10756481813097,70.10026280016555,70.09453268810746,70.09087119077022,70.08977501696737,70.09173553698804,70.09696916979786,70.10529037725343,70.11648172759764,70.13032578907341,70.14660512992367,70.16510231839132,70.18559992271926,70.20788051115044,70.23172665192773,70.25692091329405,70.28324586349234,70.31048407076548,70.3384181033564,70.36683052950802,70.39550391746324,70.42422083546498,70.45276385175615,70.48091553457965,70.5084584521784,70.53517517279533,70.56084826467334,70.58526029605534,70.60819383518424,70.62943145030296,70.64875570965441,70.6659675607331,70.6810508208932,70.69409414361921,70.7051874238675,70.71442055659445,70.72188343675646,70.72766595930989,70.73185801921115,70.73454951141663,70.73583033088269,70.73579037256575,70.73451953142217,70.73210770240836,70.72864478048068,70.72422066059552,70.7189252377093,70.71284840677836,70.70608006275913,70.69871010060795,70.69082841528126,70.6825249017354,70.67388945492678,70.66501196981179,70.65598234134679,70.6468904644882,70.63782623238947,70.62887191730067,70.62008475460655,70.61151684586507,70.60322029263415,70.59524719647173,70.58764965893575,70.58047978158416,70.57378966597487,70.56763141366585,70.56205712621504,70.55711890518035,70.55286885211973,70.54935906859113,70.54664165615247,70.54476871636172,70.54379235077678,70.54376466095563,70.54473774845617,70.54676371483636,70.54989466165414,70.55418269046743,70.55967990283418,70.56643840031234,70.57451028445983,70.58394765683461,70.59479987936214,70.60702203141004,70.62045335108937,70.63492596774209,70.65027201071021,70.66632360933569,70.68291289296052,70.69987199092668,70.71703303257617,70.73422814725093,70.75128946429298,70.7680491130443,70.78433922284684,70.79999192304261,70.81483934297358,70.82871361198174,70.84144685940906,70.85287121459754,70.86281880688914,70.87112176562584,70.87761222014964,70.88212229980253,70.88448413392646,70.88452985186343,70.88209158295541,70.8770014565444,70.86912626519798,70.85860923275,70.8457258723468,70.83075252363861,70.81396552627567,70.7956412199082,70.77605594418645,70.75548603876068,70.7342078432811,70.71249769739795,70.69063194076146,70.6688869130219,70.64753895382945,70.62686440283441,70.60713959968697,70.5886408840374,70.57164459553591,70.55642707383277,70.54326465857817,70.53243368942239,70.52421050601563,70.51887144800817,70.51669285505022,70.51795106679202,70.5229224228838,70.5318831081194,70.54501187686253,70.56222355287123,70.58338870274191,70.608377893071,70.63706169045489,70.66931066149,70.70499537277276,70.74398639089958,70.78615428246685,70.83136961407102,70.8795029523085,70.93042486377568,70.98400591506899,71.04011667278486,71.09862770351967,71.15940957386984,71.2223328504318,71.28726809980195,71.35408588857673,71.42265678335252,71.49285135072576,71.56454015729285,71.63759376965022,71.71188275439427,71.78727767812141
69.97910609943013,70.11365205090891,70.23036980254251,70.33024021503782,70.4142441491017,70.48336246544108,70.53857602476279,70.58086568777377,70.61121231518085,70.63059676769096,70.63999990601096,70.64040259084774,70.63278568290819,70.61813004289918,70.59741653152761,70.57162600950036,70.54173933752432,70.50873737630637,70.47360098655338,70.43731102897226,70.40084836426988,70.36519385315313,70.33132835632888,70.30023273450404,70.27288784838548,70.25027455868008,70.23336364515703,70.22260668659187,70.21769623093341,70.21826460021224,70.22394411645897,70.23436710170425,70.2491658779787,70.26797276731291,70.29042009173753,70.31614017328317,70.34476533398045,70.37592789585999,70.40926018095242,70.44439451128834,70.48096320889839,70.51859859581317,70.55693299406333,70.59559872567947,70.6342281126922,70.67245347713217,70.70990714102997,70.74622142641626,70.78102865532162,70.81396114977669,70.84465123181208,70.87273122345843,70.89786472692091,70.92002657585547,70.93937002753013,70.95605045210952,70.97022321975831,70.98204370064113,70.99166726492261,70.99924928276744,71.00494512434021,71.00891015980561,71.01129975932827,71.01226929307283,71.01197413120394,71.01056964388626,71.00821120128441,71.00505417356305,71.00125393088682,70.99696584342037,70.99234528132834,70.9875476147754,70.98272821392615,70.97804244894527,70.97364568999741,70.96969330724718,70.96634067085927,70.9637431411546,70.96201446896686,70.961131705966,70.96104387356237,70.96169999316633,70.96304908618819,70.96504017403832,70.96762227812705,70.97074441986473,70.97435562066168,70.97840490192826,70.98284128507481,70.98761379151166,70.99267144264918,70.99796325989769,71.00343826466752,71.00904547836905,71.01473392241257,71.02045261820848,71.02615058716708,71.03177685069873,71.03728043021377,71.04261034712255,71.04771562283538,71.05254527876264,71.05704833631464,71.06117469388465,71.06490443062685,71.06825470760478,71.07124496146791,71.0738946288657,71.0762231464476,71.0782499508631,71.07999447876162,71.08147616679265,71.08271445160567,71.0837287698501,71.08453855817544,71.08516325323112,71.08562229166661,71.08593511013139,71.08612114527492,71.08619983374663,71.08619061219602,71.08611291727253,71.08598618562563,71.08582985390478,71.08566335875945,71.08550613683907,71.08537762479315,71.08529725927113,71.08528447692245,71.08533678243428,71.08527677812933,71.08484336482341,71.08377492039047,71.08180982270444,71.07868644963928,71.07414317906888,71.06791838886723,71.05975045690825,71.04937776106586,71.036538679214,71.02097158922663,71.00241486897768,70.98060689634109,70.95528604919078,70.9261907054007,70.89305924284477,70.85563003939697,70.81364147293121,70.76683192132141,70.71493976244155,70.65770337416554,70.59486113436732,70.52615142092084,70.45131261170002,70.37008363348495,70.2825487663011,70.18972782223602,70.09279748792234,69.99293444999267,69.89131539507966,69.78911700981591,69.68751598083406,69.58768899476672,69.49081273824652,69.39806389790608,69.31061916037802,69.22965521229499,69.15634874028957,69.09187643099439,69.03741497104211,68.99414104706534,68.9632313456967,68.9458625535688,68.94321135731428,68.95645444356576,68.98676849895585,69.0353302101172,69.1033162636824,69.1919033462841,69.30226814455492
70.03360617262798,70.04017150176968,70.04881139368327,70.05939832528777,70.07180477350225,70.08590321524572,70.10156612743721,70.11866598699577,70.1370752708404,70.15666645589016,70.17731201906406,70.19888443728117,70.22125618746048,70.24429974652104,70.26788759138188,70.29189219896203,70.31618604618053,70.3406416099564,70.36513136720869,70.38952779485642,70.4137033698186,70.43753056901431,70.46088186936255,70.48362974778236,70.50564668119276,70.5268051465128,70.5469788578066,70.5661052461231,70.58421489170843,70.60134576580747,70.6175358396651,70.63282308452621,70.64724547163569,70.66084097223842,70.6736475575793,70.68570319890321,70.69704586745505,70.7077135344797,70.71774417122202,70.72717574892694,70.73604623883932,70.74439361220406,70.75225584026605,70.75967089427016,70.76667674546128,70.77331136508433,70.77961272438417,70.78561879460567,70.79136754699375,70.79689695279329,70.80224498324918,70.8074496096063,70.81254529541827,70.81753160341589,70.8223880882912,70.8270940678007,70.8316288597008,70.83597178174796,70.8401021516986,70.84399928730919,70.84764250633614,70.85101112653594,70.85408446566498,70.85684184147973,70.85926257173664,70.86132597419213,70.86301136660266,70.86429806672467,70.86516539231461,70.8655926611289,70.865559190924,70.86504429945636,70.86402730448239,70.86248752375857,70.86040427504132,70.8577568760871,70.85452464465233,70.85068690298473,70.84624195800139,70.84125048673242,70.83578595524348,70.82992182960024,70.82373157586834,70.81728866011346,70.81066654840126,70.8039387067974,70.79717860136752,70.7904596981773,70.7838554632924,70.77743936277847,70.77128486270117,70.76546542912617,70.76005452811911,70.75512562574566,70.7507521880715,70.74700768116227,70.74396557108363,70.74169932390124,70.74028240568077,70.73978828248786,70.7402904203882,70.74186228544743,70.7445773437312,70.74850679077962,70.75364368356404,70.75988507328141,70.76712211959315,70.77524598216065,70.7841478206453,70.79371879470852,70.80385006401171,70.81443278821625,70.82535812698356,70.83651723997504,70.84780128685208,70.85910142727607,70.87030882090845,70.88131462741059,70.89201000644391,70.90228611766979,70.91203412074964,70.92114517534488,70.92951044111688,70.93702107772704,70.9435682448368,70.94904310210752,70.95333680920062,70.95634052577749,70.95794541149955,70.95805007765179,70.95661256050674,70.95361933483753,70.94905705309252,70.94291236772008,70.93517193116858,70.92582239588639,70.91485041432183,70.90224263892331,70.88798572213916,70.87206631641777,70.8544710742075,70.83518664795668,70.8141996901137,70.79149685312692,70.76706478944469,70.74089015151537,70.71295959178735,70.68325976270899,70.65177731672863,70.61849890629463,70.58341118385538,70.54650080185921,70.50775441275451,70.46715866898963,70.42470062554177,70.38062059497415,70.33584494273873,70.29141507495706,70.24837239775067,70.20775831724112,70.17061423954993,70.13798157079867,70.11090171710887,70.09041608460207,70.0775660793998,70.07339310762363,70.07893857539509,70.09524388883571,70.12335045406707,70.16429967721066,70.21913296438807,70.2888917217208,70.37461735533043,70.47735127133848,70.59813487586649,70.738009575036,70.8980167749686,71.07919788178576,71.28259430160907,71.50924744056006
69.84410666730338,69.9587619537649,70.06213800208025,70.15474290109253,70.2370847396449,70.30967160658051,70.3730115907425,70.42761278097399,70.47398326611813,70.51263113501807,70.54406447651692,70.56879137945785,70.58731993268401,70.60015822503851,70.60781434536452,70.61079638250516,70.60961242530357,70.60477056260288,70.59677888324626,70.58614547607684,70.57337842993778,70.55898583367218,70.54347577612319,70.52735634613396,70.51113563254765,70.49532172420737,70.48041209764207,70.46666224443072,70.45408683120294,70.44269014427599,70.43247646996704,70.42345009459336,70.41561530447217,70.40897638592068,70.40353762525615,70.39930330879577,70.39627772285681,70.39446515375644,70.39386988781195,70.39449621134051,70.39634841065936,70.39943077208576,70.40374758193693,70.40930312653006,70.41610169218242,70.4241475652112,70.43344503193364,70.443998378667,70.45581189172847,70.46888985743527,70.48323656210468,70.49885629205266,70.51572927606966,70.53374057050402,70.55275170010896,70.57262418963771,70.59321956384352,70.61439934747963,70.63602506529924,70.65795824205557,70.68006040250185,70.70219307139138,70.7242177734773,70.74599603351291,70.7673893762514,70.788259326446,70.80846740884996,70.82787514821649,70.84634406929885,70.86373569685023,70.87991155562389,70.89473317037306,70.90806206585097,70.91975976681084,70.92968779800589,70.93770768418938,70.9436809501145,70.94747517227421,70.94909357090211,70.94867306859172,70.94635625137477,70.9422857052831,70.93660401634841,70.92945377060252,70.92097755407715,70.91131795280413,70.90061755281516,70.88901894014208,70.87666470081658,70.8636974208705,70.85025968633556,70.83649408324354,70.8225431976262,70.80854961551535,70.79465592294272,70.78100470594009,70.7677385505392,70.75500004277185,70.74293176866982,70.73167631426486,70.72137626558873,70.71217420867322,70.7042127295359,70.69759825637999,70.69229574779527,70.68823556817577,70.68534808191544,70.68356365340827,70.68281264704828,70.68302542722947,70.68413235834583,70.68606380479136,70.68875013096005,70.69212170124587,70.69610888004283,70.70064203174496,70.70565152074622,70.71106771144062,70.71682096822212,70.72284165548479,70.72906013762255,70.73540677902943,70.74181194409942,70.7482059972265,70.75451930280471,70.76068222522798,70.76662512889038,70.77227837818583,70.7775697235466,70.78236931664924,70.7864910778263,70.78974658698061,70.79194742401486,70.7929051688318,70.79243140133417,70.7903377014247,70.78643564900614,70.78053682398121,70.77245280625266,70.7619951757232,70.7489755122956,70.7332053958726,70.71449640635689,70.69266012365125,70.66750812765844,70.6388519982811,70.60650331542206,70.57027365898404,70.52997460886974,70.48541774498193,70.43641464722333,70.3827768954967,70.32431606970474,70.26084375004663,70.19239843964141,70.11989673564128,70.04446759903476,69.96723999081047,69.88934287195693,69.81190520346271,69.73605594631641,69.66292406150654,69.59363851002169,69.52932825285043,69.47112225098132,69.42014946540291,69.37753885710379,69.34441938707246,69.32192001629755,69.31116970576761,69.31329741647119,69.32943210939683,69.36070274553316,69.40823828586869,69.47316769139198,69.55661992309163,69.65972394195617,69.78360870897419,69.92940318513422,70.095108333929
69.93416226714777,70.08222696714734,70.21147922732285,70.32292400343596,70.4175662512483,70.49641092652158,70.56046298501741,70.61072738249746,70.64820907472344,70.67391301745695,70.68884416645972,70.69400747749333,70.69040790631948,70.67905040869982,70.66093994039605,70.63708145716978,70.60847991478272,70.57614026899651,70.54106747557279,70.50426649027321,70.46674226885949,70.42949976709326,70.39354394073618,70.3598797455499,70.32951213729609,70.30344607173643,70.28266884308152,70.2675842602263,70.2578929406819,70.25325363754217,70.25332510390098,70.25776609285217,70.26623535748956,70.27839165090705,70.29389372619846,70.31240033645767,70.3335702347785,70.35706217425485,70.38253490798053,70.4096471890494,70.4380577705553,70.46742540559214,70.4974088472537,70.52766684863388,70.5578581628265,70.58764154292547,70.61667574202457,70.64461951321769,70.67113160959866,70.69587078426139,70.71849579029967,70.73866538080736,70.75608956267922,70.77079464520153,70.78292747900716,70.79263515201498,70.80006475214395,70.80536336731302,70.80867808544113,70.81015599444717,70.80994418225015,70.80818973676895,70.80503974592253,70.80064129762985,70.79514147980979,70.78868738038133,70.78142608726338,70.77350468837491,70.76507027163484,70.75626992496208,70.74725073627562,70.73815979349436,70.72914418453723,70.72035099732321,70.7119273197712,70.70402023980014,70.69677684532897,70.69034358584977,70.68481128791257,70.68017277954115,70.6764109133394,70.67350854191105,70.67144851785991,70.67021369378983,70.66978692230458,70.67015105600797,70.6712889475038,70.67318344939585,70.67581741428796,70.67917369478394,70.68323514348754,70.68798461300261,70.69340495593295,70.69947902488232,70.7061896724546,70.71351975125353,70.72145211388292,70.72996961294658,70.73905510104834,70.74869143079195,70.75886145478125,70.76954802562005,70.78073399591216,70.79239564952911,70.80444473911703,70.81675639007113,70.82920530738772,70.84166619606313,70.85401376109368,70.86612270747571,70.87786774020552,70.88912356427949,70.8997648846939,70.90966640644507,70.91870283452934,70.92674887394307,70.93367922968255,70.9393686067441,70.94369171012406,70.94652324481876,70.94773791582455,70.94721042813768,70.94481548675455,70.94042779667146,70.93392206288473,70.9251729903907,70.91405528418571,70.90044364926604,70.88421302844048,70.86535917323809,70.84419483917236,70.82108414924417,70.79639122645438,70.77048019380388,70.74371517429353,70.71646029092418,70.68907966669676,70.66193742461209,70.63539768767109,70.6098245788746,70.58558222122346,70.56303473771862,70.5425462513609,70.52448088515118,70.50920276209035,70.49707600517928,70.48846473741881,70.48373308180985,70.48324516135324,70.4873650990499,70.49645701790064,70.51088504090637,70.53101329106798,70.5572058913863,70.58974319031796,70.62749838577125,70.66817706794367,70.70944948464688,70.74898588369257,70.78445651289235,70.81353162005789,70.83388145300083,70.84317625953284,70.83908628746556,70.81928178461064,70.78143299877974,70.72321017778452,70.64228356943664,70.53632342154768,70.40299998192938,70.23998349839337,70.04494421875131,69.81555239081482,69.54947826239558,69.24439208130525,68.89796409535543,68.50786455235786,68.07176370012411,67.58733178646588,67.05223905919479
70.08329785856996,70.15038982783432,70.20903338331115,70.25973751699017,70.30301122086104,70.33936348691347,70.36930330713717,70.39333967352182,70.41198157805712,70.42573801273277,70.43511796953844,70.44063044046386,70.44278441749871,70.44208889263268,70.43905285785549,70.4341853051568,70.42799522652633,70.42099161395376,70.41368345942881,70.40657975494115,70.40018949248048,70.3950216640365,70.39158526159892,70.39038927715742,70.3919427027017,70.39675453022144,70.40530819680313,70.41766436983882,70.43353628690211,70.45262688081974,70.47463908441841,70.49927583052485,70.52624005196579,70.55523468156795,70.58596265215806,70.61812689656281,70.65143034760895,70.6855759381232,70.72026660093228,70.7552052688629,70.7900948747418,70.82463835139569,70.8585386316513,70.89149864833536,70.92322133427457,70.95340962229568,70.98176644522539,71.00799473589043,71.03179742711754,71.05287745173341,71.07093774256477,71.08568153818058,71.09694809275068,71.10492610075792,71.1098595967,71.11199261507461,71.11156919037943,71.10883335711215,71.10402914977048,71.0974006028521,71.08919175085472,71.07964662827601,71.06900926961367,71.0575237093654,71.04543398202887,71.0329841221018,71.02041816408186,71.00798014246676,70.99591409175419,70.98446404644183,70.97387404102737,70.96438811000853,70.95625028788297,70.9497046091484,70.9449951083025,70.94236581984299,70.94206077826753,70.94429596780942,70.94902205499467,70.95604356805305,70.9651635121671,70.97618489251937,70.98891071429244,71.00314398266885,71.01868770283113,71.03534487996187,71.05291851924359,71.07121162585888,71.09002720499026,71.1091682618203,71.12843780153156,71.14763882930657,71.1665743503279,71.1850473697781,71.20286089283974,71.21981792469533,71.2357214705275,71.2503745355187,71.26358012485156,71.2751412437086,71.2848608972724,71.29254209072549,71.2979892899838,71.30111956785282,71.30204064191662,71.30087866755333,71.2977598001411,71.29281019505804,71.28615600768228,71.27792339339199,71.26823850756527,71.25722750558026,71.24501654281511,71.23173177464794,71.21749935645687,71.20244544362006,71.18669619151565,71.17037775552174,71.15361629101649,71.13653795337802,71.11926889798447,71.10193528021397,71.08466325544465,71.06757897905466,71.05080860642211,71.03447829292516,71.01871419394193,71.00364246485054,70.98938624100899,70.97605105246696,70.96373606728953,70.95254044487221,70.94256334461052,70.93390392589994,70.92666134813598,70.92093477071415,70.91682335302997,70.91442625447893,70.91384263445653,70.91517165235827,70.91851246757967,70.92396423951624,70.93162612756346,70.94159729111685,70.95397688957192,70.96886408232416,70.98635802876909,71.0065578883022,71.029562820319,71.055471984215,71.08438453938571,71.11639964522661,71.15161646113323,71.19011115901635,71.23128518690098,71.27377254781341,71.31616561663641,71.35705676825275,71.39503837754515,71.42870281939636,71.45664246868915,71.47744970030627,71.48971688913043,71.49203641004442,71.48300063793096,71.46120194767282,71.42523271415274,71.37368531225346,71.30515211685771,71.21822550284828,71.11149784510792,70.98356151851937,70.83300889796536,70.65843235832864,70.45842427449197,70.23157702133811,69.9764829737498,69.69173450660978,69.37593478323053,69.04496089939383
70.18866781239184,70.22913260478882,70.26815150426111,70.30572161283196,70.34184003252464,70.37650386536238,70.40971021336841,70.44145617856601,70.47173886297843,70.50055536862888,70.52790279754063,70.55377825173693,70.57817883324104,70.60110164407617,70.62254378626558,70.64250236183254,70.66097447280028,70.67795722119205,70.69344770903109,70.70744303834066,70.719940311144,70.73093662946437,70.740429095325,70.74841481074914,70.75489087776003,70.75985439838095,70.7633034746244,70.76528771119507,70.76593200566394,70.76536722977568,70.76372425527497,70.7611339539065,70.75772719741494,70.75363485754495,70.74898780604126,70.7439169146485,70.73855305511137,70.73302709917454,70.72746991858268,70.72201238508052,70.71678537041268,70.71191974632386,70.70754638455874,70.70379615686201,70.70079993497833,70.69868859065238,70.69759299562885,70.69764402165242,70.69897254046776,70.70170942381957,70.70598554345248,70.71193177111121,70.7196615446201,70.72911483779976,70.74013218055522,70.75255292517434,70.76621642394498,70.78096202915498,70.79662909309216,70.8130569680444,70.83008500629954,70.84755256014543,70.86529898186991,70.88316362376082,70.90098583810604,70.91860497719338,70.9358603933107,70.95259143874587,70.96863746578671,70.98383782672107,70.99803187383681,71.01105895942177,71.0227584357638,71.03296965515077,71.04153196987048,71.04828473221082,71.05306729445961,71.05571902535777,71.05614884114529,71.05449414165018,71.05093917742093,71.04566819900595,71.03886545695369,71.03071520181258,71.02140168413109,71.01110915445766,71.0000218633407,70.9883240613287,70.97619999897006,70.96383392681324,70.95141009540667,70.93911275529881,70.9271261570381,70.91563455117297,70.90482218825188,70.89487331882326,70.88597219343556,70.87830306263722,70.87205017697666,70.86739778700236,70.86453014326273,70.86363149630624,70.86488609668132,70.86847342694469,70.874408882513,70.88250625141208,70.89256694973378,70.90439239356985,70.91778399901213,70.9325431821524,70.94847135908249,70.9653699458942,70.9830403586793,71.00128401352964,71.019902326537,71.03869671379317,71.05746859138999,71.07601937541925,71.09415048197275,71.11166332714228,71.12835932701967,71.1440398976967,71.15850645526521,71.17156041581696,71.18300319544379,71.19263621023748,71.20026087628985,71.2056786096927,71.20869082653782,71.20913816999416,71.20717411016506,71.2031018240254,71.19722542387368,71.18984902200836,71.18127673072794,71.17181266233091,71.16176092911573,71.15142564338092,71.14111091742492,71.13112086354626,71.12175959404338,71.1133312212148,71.10613985735898,71.10048961477442,71.09668460575959,71.09502894261297,71.09582673763308,71.09938210311836,71.1059991513673,71.1159819946784,71.12963474535016,71.14726151568102,71.1691664179695,71.19565356451406,71.22702684487577,71.26345000972759,71.30470718561943,71.35051884189048,71.40060544787993,71.45468747292696,71.51248538637078,71.57371965755055,71.6381107558055,71.70537915047478,71.7752453108976,71.84742970641314,71.9216528063606,71.99763508007916,72.07509699690804,72.15375902618638,72.23334163725339,72.31356529944827,72.39415048211019,72.47481765457836,72.55528728619196,72.63527984629017,72.7145158042122,72.79271562929722,72.86959979088444,72.94488875831303
69.89004121442653,70.00156836570758,70.10150181285627,70.19044483970666,70.26900073009284,70.33777276784889,70.3973642368089,70.44837842080693,70.49141860367709,70.52708806925344,70.55599010137007,70.57872798386109,70.59590500056052,70.6081244353025,70.61598957192106,70.62010369425033,70.62107008612438,70.61949203137726,70.61597281384309,70.61111571735591,70.60552402574987,70.599801022859,70.59454999251736,70.5903742185591,70.58787698481825,70.58766157512892,70.59032527259762,70.59615630339624,70.60499107687909,70.61663015262766,70.63087409022347,70.64752344924801,70.66637878928285,70.68724066990941,70.70990965070925,70.73418629126388,70.75987115115481,70.78676478996351,70.81466776727154,70.84338064266038,70.87270397571152,70.90243832600652,70.93238425312686,70.96234231665403,70.99211307616957,71.02149709125499,71.05029492149177,71.07830712646143,71.10533426574548,71.13117689892545,71.15563558558281,71.17851088529912,71.1996183402415,71.21892256629337,71.23647364072349,71.25232265283628,71.26652069193622,71.27911884732774,71.29016820831527,71.29971986420333,71.30782490429633,71.3145344178987,71.31989949431494,71.32397122284951,71.32680069280681,71.32843899349135,71.32893721420754,71.32834644425986,71.32671777295275,71.32410228959068,71.32055108347808,71.31611524391943,71.31084586021916,71.30479402168174,71.29801081761161,71.29054733731326,71.28245467009108,71.27378390726875,71.26459467523495,71.25497464052836,71.24501721934007,71.23481582786121,71.22446388228286,71.21405479879613,71.20368199359211,71.19343888286195,71.18341888279676,71.17371540958757,71.16442187942556,71.1556317085018,71.1474383130074,71.13993510913349,71.13321551307115,71.12737294101149,71.12250080914563,71.11869253366467,71.1160415307597,71.11464121662183,71.11458500744217,71.11596631941185,71.11887856872195,71.12341517156358,71.12966954412786,71.13773167489748,71.14757359014018,71.15902238060724,71.1718962428688,71.18601337349503,71.20119196905605,71.21725022612208,71.23400634126321,71.25127851104966,71.26888493205152,71.28664380083902,71.30437331398224,71.32189166805139,71.33901705961662,71.35556768524808,71.37136174151593,71.38621742499032,71.3999529322414,71.41238645983935,71.42333620435429,71.43262036235643,71.44005713041588,71.44546470510281,71.44866128298736,71.44946506063974,71.44769423463006,71.44320617615156,71.43617066502296,71.42690698774788,71.41573536490301,71.40297601706496,71.38894916481027,71.37397502871562,71.35837382935756,71.34246578731273,71.32657112315775,71.31101005746916,71.29610281082367,71.2821696037978,71.26953065696819,71.25850619091145,71.24941642620416,71.24258158342298,71.2383218831445,71.23695754594527,71.23880879240198,71.24419584309118,71.2534389185895,71.26685823947355,71.28477402631992,71.30750649970526,71.33537513413293,71.3682300000147,71.40464959269016,71.44299918363512,71.48164404432544,71.51894944623689,71.55328066084539,71.58300295962673,71.60648161405675,71.62208189561127,71.62816907576618,71.62310842599723,71.60526521778033,71.57300472259129,71.52469221190589,71.45869295720004,71.37337222994958,71.26709530163029,71.13822744371802,70.98513392768862,70.80618002501791,70.59973100718176,70.36415214565594,70.09780871191634,69.7990659774388,69.4662892136991
70.05167258770265,70.07566604572067,70.1013697960644,70.12860849150465,70.15720678481222,70.1869893287579,70.21778077611249,70.24940577964678,70.28168899213158,70.31445506633766,70.34752865503584,70.38073441099691,70.41389698699167,70.44684103579091,70.47939121016542,70.51137216288599,70.54260854672343,70.57292501444854,70.6021462188321,70.63009681264492,70.6566014486578,70.68148477964151,70.70457145836686,70.72568613760465,70.74465347012568,70.76129810870074,70.77544967964765,70.78710212054155,70.79644738981139,70.80368923503468,70.80903140378885,70.81267764365141,70.81483170219981,70.81569732701152,70.81547826566403,70.81437826573479,70.8126010748013,70.810350440441,70.80783011023138,70.80524383174992,70.80279535257408,70.80068842028135,70.79912678244916,70.79831418665503,70.79845438047643,70.79975111149079,70.80240812727563,70.80662917540839,70.81261800346655,70.82057835902759,70.83071398966898,70.84322864296819,70.85827806886631,70.87572180966875,70.89530652435087,70.91677864967681,70.93988462241067,70.96437087931656,70.98998385715856,71.0164699927008,71.04357572270737,71.07104748394241,71.09863171316998,71.12607484715421,71.15312332265921,71.17952357644909,71.20502204528795,71.22936516593988,71.252299375169,71.27357110973944,71.29292680641525,71.3101129019606,71.32487583313956,71.33696203671623,71.34611794945474,71.35209000811918,71.35462464947366,71.35347055137473,71.34857164685721,71.3402158766445,71.32872619852931,71.31442557030431,71.29763694976221,71.27868329469567,71.25788756289738,71.23557271216004,71.21206170027632,71.18767748503893,71.16274302424056,71.13758127567385,71.11251519713154,71.08786774640629,71.06396188129081,71.04112055957775,71.01966673905983,70.99992337752971,70.98221343278011,70.96685986260368,70.95418562479314,70.94451367714116,70.93816697744043,70.93546848348363,70.93674115306347,70.94226525608775,70.95190169668335,70.96527335133116,70.98200036448742,71.00170288060836,71.02400104415021,71.04851499956922,71.07486489132164,71.1026708638637,71.13155306165162,71.16113162914166,71.19102671079007,71.22085845105306,71.25024699438688,71.27881248524778,71.30617506809199,71.33195488737576,71.35577208755531,71.37724681308688,71.39599920842674,71.41164941803109,71.4238175863562,71.43212385785829,71.4361883769936,71.43563128821837,71.43007304542114,71.41929129409263,71.40347615296326,71.3828845781376,71.35777352572025,71.32839995181575,71.2950208125287,71.25789306396366,71.21727366222522,71.17341956341795,71.12658772364644,71.07703509901523,71.02501864562893,70.97079531959211,70.91462207700934,70.8567558739852,70.79745366662426,70.73697241103108,70.67556906331028,70.61350057956642,70.55102391590405,70.48839602842779,70.42587387324217,70.3637144064518,70.30217458416124,70.24151136247508,70.18198467217724,70.12390440936902,70.0676219297453,70.0134898439438,69.96186076260227,69.9130872963584,69.86752205584993,69.82551765171459,69.78742669459011,69.75360179511421,69.7243955639246,69.70016061165904,69.68124954895524,69.66801498645091,69.6608095347838,69.65998580459163,69.66589640651212,69.678893951183,69.69933104924199,69.72756031132683,69.76393434807522,69.80880577012492,69.86252718811363,69.92545121267909,69.99793045445902,70.08031752409116
69.99533361418007,69.97669059318149,69.96296305090225,69.9538854254218,69.94919215481957,69.94861767717498,69.95189643056749,69.95876285307651,69.96895138278148,69.98219645776184,69.998232516097,70.01679399586644,70.03761533514955,70.06043097202577,70.08497534457454,70.11098289087529,70.13818804900747,70.16632525705049,70.19512895308378,70.2243335751868,70.25367356143896,70.2828833499197,70.31169737870846,70.33985008588466,70.36707590952774,70.39310928771714,70.41772057364156,70.4408943026964,70.46269407600148,70.48318362034406,70.5024266625114,70.52048692929075,70.53742814746938,70.55331404383456,70.56820834517353,70.58217477827357,70.59527706992192,70.60757894690585,70.61914413601262,70.6300363640295,70.64031935774372,70.65005684394258,70.65931254941331,70.66815020094319,70.67663352531946,70.6848262493294,70.69279209976025,70.7005948033993,70.70829808703378,70.71596567745097,70.72366130143811,70.73144222045781,70.73930679377897,70.74722190021404,70.75515412198692,70.76307004132144,70.77093624044147,70.7787193015709,70.78638580693355,70.79390233875331,70.80123547925405,70.80835181065962,70.81521791519387,70.82180037508068,70.82806577254394,70.83398068980746,70.83951170909513,70.84462541263082,70.84928838263839,70.85346720134169,70.8571284509646,70.86023871373096,70.86276457186466,70.86467260758955,70.8659294031295,70.86650154070837,70.86636003714123,70.86554107388994,70.86413039456062,70.86221498339287,70.85988182462627,70.8572179025004,70.85431020125482,70.85124570512914,70.84811139836296,70.84499426519582,70.84198128986733,70.83915945661707,70.83661574968461,70.83443715330955,70.83271065173146,70.83152322918993,70.83096186992454,70.83111355817488,70.83206527818051,70.83390401418104,70.83671675041604,70.84059047112511,70.84561216054782,70.85186880292375,70.85944738249248,70.86843053747867,70.87878691032424,70.89036275661351,70.90299830504665,70.91653378432379,70.93080942314506,70.9456654502106,70.96094209422056,70.97647958387505,70.99211814787424,71.00769801491826,71.02305941370724,71.03804257294132,71.05248772132066,71.06623508754537,71.07912490031559,71.09099738833147,71.10169278029315,71.11105130490077,71.11891319085444,71.12511866685435,71.1295079616006,71.13192130379332,71.13219892213269,71.1301810453188,71.12570860165732,71.1186622759623,71.10898313203944,71.09661728490929,71.0815108495923,71.06360994110901,71.04286067447988,71.01920916472544,70.99260152686617,70.96298387592256,70.93030232691511,70.89450299486434,70.85553199479072,70.81333544171477,70.76785945065696,70.71905013663782,70.6668536146778,70.61121599979745,70.55208340701725,70.48940195135766,70.42311774783923,70.35317691148244,70.27952555730776,70.20210980033573,70.12087575558684,70.03577187337311,69.94718840132961,69.85647633040148,69.76511286327963,69.67457520265499,69.58634055121853,69.50188611166115,69.42268908667381,69.35022667894744,69.28597609117297,69.23141452604135,69.1880191862435,69.15726727447036,69.14063599341287,69.13960254576197,69.15564413420859,69.19023796144367,69.24486123015816,69.32099114304297,69.42010490278905,69.54367971208733,69.69319277362875,69.87012129010425,70.07594246420477,70.31213349862122,70.58007209830413,70.8619524537304,71.14383280915665,71.42571316458292
69.96794494352125,70.11243264964887,70.24043191071924,70.35278569547279,70.45033697264991,70.53392871099103,70.60440387923656,70.6626054461269,70.7093763804025,70.74555965080373,70.77199822607102,70.7895350749448,70.79901316616545,70.80127546847342,70.79716495060909,70.7875245813129,70.77319732932523,70.75502616338653,70.73385405223719,70.71052396461764,70.68587886926828,70.66076173492954,70.6360155303418,70.61248322424551,70.59100778538107,70.57243218248887,70.5575913699601,70.54690753720017,70.54019944382115,70.53723796980742,70.53779399514337,70.5416383998134,70.54854206380189,70.55827586709324,70.57061068967185,70.58531741152208,70.60216691262836,70.62093007297506,70.64137777254658,70.66328089132729,70.68641030930162,70.71053690645392,70.73543156276862,70.76086515823009,70.78660857282273,70.81243268653093,70.83810837933908,70.86340653123156,70.88809802219278,70.91195373220712,70.934744541259,70.95624132933276,70.97623172244926,70.9946699663262,71.01160582687412,71.0270902011559,71.04117398623447,71.05390807917269,71.06534337703346,71.07553077687969,71.08452117577426,71.09236547078007,71.09911455896001,71.10481933737698,71.10953070309388,71.1132995531736,71.11617678467903,71.11821329467308,71.11945998021862,71.11996773837858,71.11978746621581,71.11897006079325,71.11756641917376,71.11562743842025,71.11320401559561,71.11034704776276,71.10710743198456,71.10353606589516,71.09968626181167,71.09561926498094,71.09139794730265,71.0870851806765,71.08274383700214,71.07843678817929,71.0742269061076,71.07017706268677,71.06635012981648,71.06280897939642,71.05961648332627,71.05683551350569,71.05452894183439,71.05275964021205,71.05159048053834,71.05108433471295,71.05130407463557,71.05231257220586,71.05417269932353,71.05694732788824,71.06069932979969,71.06549157695756,71.07138694126151,71.07844829461125,71.08673850890646,71.09631724065102,71.10713349072432,71.11900030180873,71.13172237331186,71.14510440464133,71.15895109520478,71.17306714440981,71.18725725166406,71.20132611637516,71.21507843795072,71.22831891579837,71.24085224932573,71.25248313794042,71.26301628105007,71.2722563780623,71.28000812838474,71.286076231425,71.29026538659072,71.29238029328951,71.29222565092901,71.28960615891683,71.2843265166606,71.27619142356794,71.26500557904647,71.25057368250381,71.23270043334762,71.21124246120753,71.18647052731217,71.1588535802559,71.12886180684825,71.0969653938988,71.06363452821708,71.02933939661264,70.99455018589504,70.95973708287381,70.9253702743585,70.89191994715867,70.85985628808386,70.82964948394361,70.80176972154747,70.77668718770501,70.75487206922575,70.73679455291924,70.72292482559504,70.7137330740627,70.70968948513176,70.71126424561176,70.71892754231226,70.7331495620428,70.75440049161294,70.78315051783221,70.81986893255541,70.86446195227128,70.91531047101864,70.97053960938383,71.02827448795324,71.0866402273132,71.1437619480501,71.19776477075028,71.24677381600011,71.28891420438596,71.32231105649419,71.34508949291114,71.3553746342232,71.35129160101671,71.33096551387804,71.29252149339356,71.23408466014963,71.1537801347326,71.04973303772883,70.9200684897247,70.76291161130656,70.57638752306077,70.3586213455737,70.1077381994317,69.82186320522115,69.49912148352838
69.89844138421854,70.04662683369004,70.17469843041683,70.28376218133741,70.37492409339035,70.4492901735142,70.5079664286475,70.5520588657288,70.58267349169662,70.60091631348953,70.60789333804607,70.60471057230477,70.59247402320419,70.57228969768286,70.54526360267936,70.51250174513218,70.47511013197992,70.43419477016108,70.39086166661424,70.34621682827792,70.30136626209068,70.25741597499105,70.21547197391759,70.17664026580883,70.14202685760331,70.1127377562396,70.08986751148039,70.07392059136667,70.06453881108892,70.06129553794577,70.06376413923584,70.07151798225775,70.0841304343101,70.10117486269152,70.12222463470064,70.14685311763606,70.17463367879641,70.20513968548029,70.23794450498633,70.27262150461314,70.30874405165936,70.34588551342358,70.38361925720443,70.42151865030054,70.4591570600105,70.49610785363295,70.53194439846649,70.56624006180975,70.59856821096136,70.6285022132199,70.65561543588403,70.67948124625235,70.69971101871825,70.71629429063,70.72943739362262,70.73934922661415,70.74623868852265,70.75031467826618,70.75178609476278,70.75086183693053,70.74775080368747,70.74266189395166,70.73580400664116,70.72738604067402,70.7176168949683,70.70670546844207,70.69486066001336,70.68229136860023,70.66920649312077,70.65581493249299,70.64232558563498,70.62894735146477,70.61588912890045,70.60335981686005,70.59156831426162,70.58072352002324,70.57103433306295,70.56270963840218,70.55589957969207,70.55056131824449,70.54661244420699,70.5439705477271,70.54255321895235,70.54227804803028,70.54306262510843,70.54482454033433,70.54748138385551,70.55095074581952,70.55515021637387,70.55999738566612,70.5654098438438,70.57130518105444,70.57760098744556,70.58421485316474,70.59106436835947,70.5980671231773,70.60514070776577,70.6122027122724,70.61917072684474,70.62596234163034,70.6324951467767,70.63868673243138,70.64445468874192,70.64971692843532,70.65440246558943,70.6584539540734,70.66181488478229,70.66442874861114,70.66623903645502,70.66718923920895,70.66722284776799,70.66628335302718,70.66431424588158,70.66125901722621,70.65706115795615,70.65166415896643,70.64501151115208,70.63704670540817,70.62771323262974,70.61695458371184,70.60471424954952,70.5909357210378,70.57556248907174,70.55853804454642,70.53980587835684,70.51930948139808,70.49699234456516,70.47279795875315,70.44666981485707,70.41858066369237,70.38873659722175,70.3574553754562,70.32505545607506,70.29185529675775,70.25817335518359,70.22432808903199,70.1906379559823,70.15742141371392,70.12499691990622,70.09368293223856,70.06379790839034,70.03566030604091,70.00958858286965,69.98590119655596,69.96491660477918,69.9469532652187,69.9323296355539,69.92136417346416,69.91437533662882,69.9116815827273,69.91360136943895,69.92045315444315,69.93255539541929,69.95022655004671,69.97378456965265,70.00322882584797,70.03769568535522,70.07617680205946,70.1176638298458,70.16114842259927,70.20562223420497,70.25007691854798,70.29350412951335,70.3348955209862,70.37324274685156,70.40753746099455,70.43677131730021,70.45993596965363,70.47602307193989,70.48402427804406,70.4829312418512,70.47173561724642,70.44942905811479,70.41500321834135,70.36744975181122,70.30576031240945,70.22892655402111,70.13594013053131,70.0257926958251,69.89747590378757
70.14335361950818,70.08207076985744,70.03174659943421,69.99179643818793,69.96163561606804,69.94067946302397,69.92834330900516,69.92404248396105,69.92719231784106,69.93720814059465,69.95350528217124,69.97549907252028,70.00260484159121,70.03423791933344,70.06981363569643,70.10874732062962,70.15045430408243,70.1943499160043,70.23984948634468,70.286368345053,70.3333218220787,70.38012524737121,70.42619395087996,70.47094326255441,70.513788512344,70.55414503019813,70.59143815745968,70.62542398224649,70.65625719445127,70.68411621467698,70.70917946352664,70.73162536160321,70.75163232950972,70.76937878784912,70.78504315722444,70.79880385823866,70.81083931149475,70.82132793759573,70.83044815714457,70.8383783907443,70.84529705899786,70.85138258250828,70.85681338187854,70.86176787771163,70.86642449061054,70.87096164117827,70.87555775001782,70.88039123773216,70.88564052492428,70.8914840321972,70.8981001801539,70.90566738939737,70.91433150062392,70.92403729427258,70.93465292766852,70.94604640730404,70.95808573967139,70.9706389312629,70.9835739885708,70.9967589180874,71.01006172630497,71.02335041971581,71.0364930048122,71.0493574880864,71.06181187603072,71.07372417513741,71.0849623918988,71.09539453280713,71.1048886043547,71.11331261303378,71.12053456533667,71.12642246775565,71.13084432678299,71.13366814891097,71.13476194063189,71.13399370843803,71.13123145882165,71.12634448184627,71.11931389871754,71.11031785882265,71.09955456734909,71.0872222294843,71.07351905041577,71.05864323533093,71.04279298941726,71.02616651786222,71.00896202585326,70.99137771857787,70.97361180122347,70.95586247897755,70.93832795702755,70.92120644056097,70.90469613476523,70.88899524482781,70.87430197593616,70.86081453327776,70.84873112204006,70.83824994741052,70.82956921457661,70.82288712872578,70.8184018950455,70.81631171872323,70.81681480494642,70.82008291355704,70.82602800532275,70.83441458176469,70.84500545190184,70.85756342475324,70.87185130933787,70.88763191467474,70.90466804978288,70.92272252368127,70.94155814538894,70.96093772392489,70.9806240683081,71.00037998755762,71.01996829069243,71.03915178673155,71.05769328469398,71.07535559359874,71.09190152246482,71.10709388031124,71.12069547615701,71.13246911902111,71.14217761792258,71.14958378188041,71.15445041991362,71.1565403410412,71.15561660529069,71.15156978501895,71.14462504694313,71.13506177562118,71.12315935561105,71.10919717147071,71.09345460775809,71.07621104903116,71.05774587984787,71.03833848476619,71.01826824834404,70.99781455513941,70.97725678971025,70.9568743366145,70.93694658041012,70.91775290565508,70.89957269690731,70.88268533872478,70.86737021566545,70.85390671228727,70.84257421314818,70.83365210280616,70.82741976581914,70.82415658674509,70.82414195014196,70.82765524056772,70.8349213041766,70.84524891237307,70.85718670755986,70.86926032375072,70.87999539495934,70.88791755519941,70.89155243848464,70.88942567882874,70.88006291024541,70.86198976674837,70.83373188235129,70.79381489106788,70.74076442691188,70.67310612389696,70.58936561603679,70.48806853734514,70.36774052183571,70.22690720352217,70.06409421641824,69.87782719453762,69.66663177189402,69.42903358250112,69.16355826037265,68.8687314395223,68.5430787539638,68.18512583771083
69.47940248661902,69.53322146668873,69.58545409957559,69.63611552129885,69.68522086787779,69.73278527533168,69.7788238796798,69.82335181694141,69.86638422313581,69.90793623428223,69.94802298639998,69.98665961550832,70.02386125762652,70.05964304877385,70.09402012496957,70.12700762223298,70.15862067658334,70.18887442403992,70.217784000622,70.24536454234885,70.27163118523974,70.29659906531394,70.32028331859073,70.34269908108936,70.36386148882914,70.38378567782932,70.40248703557175,70.41999390067697,70.43635354530689,70.45161474392062,70.46582627097733,70.47903690093615,70.4912954082562,70.50265056739667,70.51315115281666,70.52284593897532,70.53178370033179,70.54001321134521,70.54758324647472,70.55454258017946,70.56093998691858,70.56682424115121,70.57224411733648,70.57724838993356,70.58188583340156,70.58620522219964,70.59025533078693,70.59408493362258,70.59774280516572,70.60127771987548,70.60473845221104,70.6081737766315,70.61162947909922,70.61512161063398,70.61864917572686,70.62221097700355,70.62580581708974,70.62943249861114,70.63308982419342,70.63677659646228,70.64049161804341,70.64423369156249,70.64800161964521,70.65179420491728,70.65561025000436,70.65944855753217,70.66330793012638,70.6671871704127,70.6710850810168,70.67500046456438,70.67893212368114,70.68287886099274,70.6868394791249,70.6908127807033,70.69479756835362,70.69879264470157,70.70279681237282,70.70680887343572,70.7108252739205,70.71483471959321,70.7188243290732,70.72278122097981,70.72669251393245,70.73054532655044,70.73432677745318,70.73802398526001,70.74162406859033,70.74511414606347,70.74848133629882,70.75171275791573,70.75479552953357,70.75771676977172,70.76046359724951,70.76302313058635,70.76538248840157,70.76752878931457,70.76944915194468,70.77113069491128,70.77256053683375,70.77372579633143,70.7746135920237,70.77521104252993,70.77550526646948,70.77548322774523,70.77512656579893,70.77441037811721,70.77330936073,70.77179820966721,70.76985162095876,70.76744429063456,70.76455091472455,70.76114618925862,70.75720481026673,70.75270147377876,70.74761087582463,70.7419077124343,70.73556667963764,70.7285624734646,70.72086978994511,70.71246332510906,70.70331777498636,70.69340783560696,70.68270820300077,70.67119357319771,70.65883864222768,70.64561810612064,70.63150666090645,70.6164790026151,70.60050982727645,70.58357369780427,70.56564411554129,70.54669407380348,70.52669656273275,70.50562457247108,70.48345109316037,70.46014911494257,70.43569162795963,70.41005162235349,70.38320208826609,70.35511601583936,70.32576639521525,70.2951262165357,70.26316846994267,70.22986614557806,70.19519223358384,70.15911972410191,70.12162160727428,70.08267087324283,70.04224051214953,70.00030351413632,69.95683286934513,69.9118015679179,69.86518259999659,69.81694895572312,69.7670736602153,69.71555174423824,69.66243784995146,69.60779661544171,69.55169267879575,69.49419067810031,69.43535525144215,69.37525103690803,69.31394267258467,69.25149479655884,69.1879720469173,69.12343906174677,69.057960479134,68.99160093716577,68.92442507392877,68.85649752750983,68.78788293599564,68.71864593747297,68.64885117002858,68.57856327174919,68.50784688072156,68.43676663503246,68.36538717276859,68.29377313201675,68.22198915086366,68.1500998673961
70.30397162139643,70.2418056594457,70.19107076214843,70.1511328467123,70.121357830345,70.10111163025421,70.08976016364761,70.0866693477329,70.09120509971774,70.10273333680983,70.12061997621687,70.14423093514651,70.17293213080646,70.2060894804044,70.24306890114799,70.28323631024494,70.32595762490294,70.37059876232966,70.41652563973278,70.46310417432001,70.509700283299,70.55567988387746,70.60040889326307,70.6432532286635,70.68357880728644,70.72075154633959,70.754143781782,70.7834584360921,70.80888172311738,70.83063820385202,70.84895243929019,70.86404899042607,70.87615241825385,70.88548728376769,70.89227814796179,70.89674957183031,70.89912611636744,70.89963234256736,70.89849281142425,70.89593208393228,70.89217472108562,70.88744528387848,70.88196833330501,70.8759684303594,70.86967013603584,70.86329801132848,70.85707661723151,70.85123051473913,70.8459842648455,70.8415624285448,70.83818956683122,70.83609024069892,70.83546779008456,70.83631440966734,70.83850124819922,70.84189802100346,70.8463744434033,70.85180023072203,70.85804509828289,70.86497876140915,70.87247093542405,70.88039133565087,70.88860967741284,70.89699567603326,70.90541904683535,70.91374950514239,70.92185676627763,70.92961054556433,70.93688055832575,70.94353651988516,70.9494481455658,70.95448515069091,70.95851725058381,70.9614141605677,70.96304559596587,70.96328127210157,70.96199090429805,70.95904422251174,70.95437281137738,70.94811146598364,70.9404366498656,70.9315248265584,70.92155245959712,70.91069601251687,70.89913194885276,70.88703673213989,70.87458682591335,70.86195869370827,70.84932879905976,70.8368736055029,70.8247695765728,70.81319317580457,70.80232086673331,70.79232911289414,70.78339437782215,70.77569312505246,70.76940181812014,70.76469692056034,70.76175489590813,70.76075220769863,70.76186531946695,70.76527069474818,70.77114479707744,70.77965821795588,70.79077946689418,70.80422876323959,70.81971108964831,70.83693142877655,70.85559476328052,70.87540607581644,70.89607034904049,70.91729256560889,70.93877770817785,70.96023075940357,70.98135670194227,71.00186051845014,71.02144719158339,71.03982170399823,71.05668903835088,71.07175417729752,71.08472210349437,71.09529779959765,71.10318624826354,71.10809243214827,71.10972133390803,71.10777793619904,71.1019672216775,71.0919941729996,71.07756377282159,71.05844825657564,71.0349561851427,71.00765278402,70.97710488226818,70.94387930894794,70.90854289311993,70.87166246384483,70.8338048501833,70.79553688119603,70.75742538594368,70.7200371934869,70.6839391328864,70.64969803320282,70.61788072349684,70.58905403282914,70.56378479026037,70.54263982485122,70.52618596566235,70.51499004175444,70.50961888218815,70.51063931602417,70.51861817232314,70.53412228014575,70.55771846855266,70.58997356660457,70.63145371553341,70.68229229793161,70.74145039067893,70.80769249275815,70.87978310315202,70.95648672084332,71.03656784481478,71.1187909740492,71.20192060752933,71.28472124423793,71.36595738315775,71.44439352327159,71.51879416356218,71.5879238030123,71.65054694060473,71.70542807532217,71.75133170614745,71.7870223320633,71.81126445205248,71.82282256509778,71.82046117018194,71.80294476628775,71.76903785239794,71.71750492749528,71.64711049056257,71.55661904058252
70.51220143061185,70.53776340361833,70.5605324253569,70.58063151056045,70.5981836739619,70.61331193029417,70.62613929429016,70.63678878068278,70.64538340420495,70.65204617958956,70.65690012156956,70.66006824487782,70.66167356424728,70.66183909441084,70.66068785010141,70.65834284605191,70.65492709699522,70.6505636176643,70.64537542279203,70.63948552711132,70.6330169453551,70.62609269225626,70.61883578254773,70.61136923096241,70.60381605223321,70.59629926109304,70.58894155753029,70.58184943116866,70.57510567335966,70.56879119509608,70.56298690737074,70.55777372117647,70.55323254750607,70.54944429735235,70.54648988170813,70.54445021156621,70.54340619791942,70.54343875176058,70.54462878408246,70.5470572058779,70.55080492813973,70.55595286186073,70.56258191803373,70.57077300765154,70.58060704170698,70.59216493119285,70.60552758710196,70.62077592042715,70.6379908421612,70.65725326329694,70.67864409482716,70.70224424774472,70.72811436981652,70.75611349378448,70.78598506998087,70.81747118000834,70.85031390546953,70.88425532796713,70.91903752910375,70.95440259048203,70.99009259370467,71.02584962037429,71.06141575209355,71.09653307046511,71.13094365709162,71.16438959357572,71.19661296152006,71.22735584252732,71.25636031820011,71.28336847014113,71.30812237995299,71.33036412923836,71.34983579959989,71.36627947264024,71.37943722996205,71.38905115316798,71.39486332386068,71.39661585226926,71.39417185336153,71.387791977563,71.37781839022432,71.36459325669615,71.34845874232914,71.32975701247393,71.30883023248117,71.2860205677015,71.26167018348558,71.23612124518405,71.20971591814757,71.18279636772677,71.15570475927231,71.12878325813485,71.10237402966501,71.07681923921346,71.05246105213084,71.02964163376781,71.008703149475,70.98998776460306,70.97383764450265,70.96059495452442,70.950601860019,70.94420052633707,70.94173311882925,70.94353209715676,70.94959590638582,70.95951260103686,70.97284505141086,70.98915612780881,71.00800870053172,71.02896563988057,71.05158981615635,71.07544409966007,71.10009136069272,71.12509446955526,71.15001629654874,71.17441971197411,71.19786758613239,71.21992278932456,71.2401481918516,71.25810666401453,71.27336107611434,71.28547429845202,71.29400920132855,71.29852865504493,71.29859552990216,71.29377269620123,71.28362302424314,71.26770938432888,71.24559464675943,71.21692421159237,71.18200163474671,71.14144544008126,71.09587611927988,71.0459141640265,70.992180066005,70.9352943168993,70.8758774083933,70.8145498321709,70.75193207991599,70.68864464331249,70.62530801404428,70.56254268379527,70.50096914424937,70.44120788709047,70.38387940400249,70.32960418666927,70.2790027267748,70.23269551600295,70.19130304603759,70.15544580856265,70.12574429526202,70.10281899781963,70.08729040791933,70.07977901724506,70.080905180086,70.09120280661925,70.11097163740111,70.14047214629232,70.17996480715361,70.22971009384571,70.28996848022933,70.3610004401652,70.44306644751406,70.53642697613661,70.64134249989358,70.75807349264572,70.88688042825373,71.02802378057837,71.18176402348037,71.34836163082038,71.52807707645916,71.72117083425745,71.92790337807597,72.14853518177544,72.3833267192166,72.63253846426015,72.89643089076685,73.1752644725974,73.46929968361253,73.77879699767297
70.19042478039927,70.28783144229344,70.37331254010715,70.44751256901274,70.51107602418253,70.56464740078884,70.60887119400401,70.64439189900033,70.67185401095013,70.69190202502574,70.70518043639947,70.71233374024365,70.7140064317306,70.71084300603263,70.70348795832207,70.69258578377125,70.67878097755246,70.66271803483806,70.64504145080035,70.62639572061165,70.60742533944429,70.58877480247058,70.57108860486285,70.55501124179341,70.5411872084346,70.53026099995873,70.52287066550143,70.51932226239876,70.51943650220888,70.52299558633455,70.52978171617852,70.53957709314358,70.55216391863247,70.56732439404796,70.58484072079281,70.60449510026977,70.62606973388161,70.6493468230311,70.67410856912097,70.70013717355403,70.727214837733,70.75512376306065,70.78364615093975,70.81256420277306,70.84166011996332,70.87071610391332,70.89951435602582,70.92783707770357,70.95546647034932,70.98218473536585,71.0077740741559,71.03201668812227,71.05471000224085,71.07580291298122,71.09533115280252,71.11333148247775,71.12984066277991,71.14489545448198,71.15853261835697,71.17078891517787,71.18170110571766,71.19130595074937,71.19964021104595,71.20674064738041,71.21264402052574,71.21738709125496,71.22100662034104,71.22353936855698,71.22502209667577,71.22549156547042,71.2249845357139,71.22353776817921,71.22118802363937,71.21797206286733,71.21392664663612,71.20908853571873,71.20349449088815,71.19718127492307,71.19019412883979,71.18260614710957,71.17449613557419,71.16594290007548,71.15702524645522,71.14782198055521,71.13841190821725,71.12887383528316,71.11928656759471,71.10972891099374,71.100279671322,71.09101765442132,71.0820216661335,71.07337051230034,71.06514299876363,71.05741793136518,71.05027411594678,71.04379035835024,71.03804546441734,71.03311823998992,71.02908749090973,71.02603202301862,71.02403064215835,71.02316215417075,71.02350536489759,71.02513649847964,71.02804293159976,71.03210287757706,71.03718785076029,71.04316936549822,71.04991893613958,71.05730807703311,71.06520830252761,71.07349112697179,71.08202806471441,71.0906906301042,71.09935033748997,71.1078787012204,71.11614723564429,71.12402745511038,71.13139087396742,71.13810900656415,71.14405336724933,71.14909547037169,71.15310683028002,71.15595896132305,71.15752337784953,71.15767159420821,71.15627512474784,71.15320548381717,71.14833418576497,71.14156055487078,71.13300569322774,71.12289683721286,71.1114618862983,71.09892873995621,71.08552529765872,71.07147945887799,71.05701912308616,71.0423721897554,71.02776655835784,71.01343012836564,70.99959079925094,70.98647647048588,70.97431504154262,70.96333441189331,70.9537624810101,70.94582714836513,70.93975631343055,70.93577787567853,70.93411973458117,70.93500978961067,70.93867594023915,70.94534608593877,70.95524812618167,70.96860996044,70.98565888866247,71.00624501084134,71.02919662492208,71.05317068813636,71.07682415771592,71.09881399089242,71.11779714489758,71.1324305769631,71.14137124432068,71.14327610420202,71.1368021138388,71.12060623046276,71.09334541130556,71.05367661359892,71.00025679457453,70.9317429114641,70.84679192149932,70.74406078191191,70.62220644993354,70.47988588279594,70.3157560377308,70.1284738719698,69.91669634274467,69.67908040728709,69.41428302282877,69.1209611466014
70.03309893136186,70.1381187691005,70.23253500462651,70.31688270611885,70.39169694175645,70.45751277971826,70.51486528818323,70.5642895353303,70.60632058933842,70.64149351838655,70.67034339065363,70.6934052743186,70.7112142375604,70.72430534855798,70.73321367549029,70.73847428653629,70.7406222498749,70.74019263368508,70.73772050614579,70.73374093543595,70.72878898973453,70.72339973722045,70.71810824607267,70.71344958447015,70.70995882059184,70.70817102261664,70.70861183950174,70.71149573702486,70.71666215639209,70.7239282117653,70.73311101730629,70.74402768717694,70.75649533553907,70.77033107655456,70.7853520243852,70.80137529319288,70.81821799713941,70.83569725038664,70.85363016709644,70.87183386143062,70.89012544755104,70.90832203961953,70.92624075179795,70.94369869824813,70.96051299313193,70.97650075061117,70.9914790848477,71.00526511000338,71.01767594024003,71.02852868971951,71.03764047260364,71.0448284030543,71.04994367310088,71.05304777939077,71.05428236466732,71.05378922944178,71.05171017422539,71.0481869995294,71.04336150586511,71.03737549374371,71.03037076367649,71.0224891161747,71.01387235174957,71.00466227091236,70.99500067417435,70.98502936204676,70.97489013504085,70.96472479366788,70.9546751384391,70.94488296986576,70.9354900884591,70.9266382947304,70.91846938919089,70.91112517235182,70.90474744472446,70.89947800682006,70.89545865914985,70.89283025148741,70.89165080058362,70.89183238495154,70.89327222782755,70.89586755244802,70.89951558204937,70.90411353986795,70.90955864914015,70.91574813310238,70.92257921499099,70.92994911804239,70.93775506549295,70.94589428057907,70.95426398653711,70.96276140660348,70.97128376401456,70.97972828200672,70.98799218381635,70.99597269267983,71.00356703183357,71.01067242451393,71.01718609395729,71.02300526340007,71.02802715607861,71.03214899522932,71.03526800408858,71.03729004448462,71.03820584377205,71.03805429809358,71.03687485646188,71.03470696788955,71.03159008138923,71.02756364597354,71.02266711065512,71.01693992444659,71.01042153636058,71.00315139540973,70.99516895060667,70.986513650964,70.97722494549437,70.96734228321041,70.95690511312475,70.94595288425,70.93452504559882,70.9226610461838,70.9104003350176,70.89778236111285,70.88484657348214,70.87163242113814,70.85817935309346,70.84452681836073,70.83071426217033,70.81677920835955,70.8027541390001,70.78867071919343,70.77456061404101,70.76045548864424,70.74638700810459,70.73238683752349,70.7184866420024,70.70471808664274,70.69111283654597,70.67770255681353,70.66451891254685,70.6515935688474,70.6389581908166,70.62664444355589,70.61468399216673,70.60310850175055,70.5919496374088,70.58123906424292,70.57100844735436,70.56128945184456,70.55211374281495,70.54351298536699,70.53551884460212,70.52816298562178,70.52145578324952,70.51505000217287,70.50830167383148,70.50055784782906,70.4911655737693,70.47947190125592,70.4648238798926,70.44656855928307,70.42405298903101,70.39662421874013,70.36362929801413,70.32441527645672,70.27832920367159,70.22471812926244,70.16292910283298,70.0923091739869,70.01220539232794,69.92196480745977,69.8209344689861,69.70846142651062,69.58389272963704,69.44657542796908,69.29585657111042,69.13108320866476,68.95160239023582,68.75676116542728
70.63488225435941,70.56617675823618,70.50820307207319,70.46040556145763,70.42222859197673,70.39311652921766,70.37251373876767,70.35986458621393,70.35461343714366,70.35620465714406,70.36408261180235,70.37769166670572,70.39647618744138,70.41988053959653,70.4473490887584,70.47832620051418,70.51225624045105,70.54858357415625,70.58675256721699,70.62620758522046,70.66639299375386,70.7067531584044,70.74673244475929,70.78577521840575,70.82332584493095,70.85882868992212,70.89173327657602,70.92175476171172,70.94899663751455,70.97359320895524,70.99567878100447,71.01538765863299,71.03285414681149,71.0482125505107,71.06159717470133,71.07314232435411,71.08298230443974,71.09125141992894,71.09808397579242,71.10361427700091,71.10797662852512,71.11130533533577,71.11373470240358,71.11539903469925,71.11643263719351,71.11696981485706,71.11714487266063,71.11709211557493,71.1169458485707,71.11684037661861,71.11691000468942,71.11728903775382,71.11810241326994,71.1193818638281,71.1211056892787,71.12325155672033,71.12579713325164,71.12872008597118,71.13199808197761,71.13560878836951,71.1395298722455,71.1437390007042,71.14821384084422,71.15293205976415,71.15787132456262,71.16300930233822,71.16832366018959,71.17379206521531,71.17939218451401,71.18510168518429,71.19089823432478,71.19675949903406,71.20266314641076,71.20858684355348,71.21450825756084,71.22040505553144,71.2262549045639,71.23203547251455,71.23772763014885,71.24332277071233,71.24881444509242,71.25419620417657,71.25946159885223,71.26460418000684,71.26961749852786,71.27449510530273,71.2792305512189,71.28381738716382,71.28824916402493,71.29251943268967,71.2966217440455,71.30054964897987,71.3042966983802,71.30785644313397,71.31122243412862,71.31438822225158,71.31734735839031,71.32009339343226,71.32261987826486,71.32492036377558,71.32698840085185,71.32881754038112,71.33040133325085,71.33173354535765,71.33281534199071,71.3336569797807,71.33426927326181,71.33466303696825,71.33484908543423,71.33483823319395,71.3346412947816,71.33426908473142,71.33373241757758,71.33304210785431,71.33220897009579,71.33124381883624,71.33015746860987,71.32896073395086,71.32766442939345,71.32627936947182,71.32481636872018,71.32328624167272,71.32169980286368,71.32006786682723,71.31840124809759,71.31671076120897,71.31500722069556,71.31330144109158,71.31160423693122,71.30992018617658,71.30820413155894,71.3063871144517,71.30440002752455,71.3021737634472,71.2996392148893,71.29672727452053,71.2933688350106,71.28949478902916,71.28503602924592,71.27992344833055,71.27408793895273,71.26746039378214,71.25997170548847,71.25155276674141,71.24213447021062,71.2316477085658,71.22002337447663,71.20719236061277,71.19308555964393,71.1776338642398,71.16076816707002,71.14241936080431,71.12251833811234,71.1009959916638,71.07778308288079,71.05272779664597,71.02545462514095,70.99555055067235,70.9626025555468,70.92619762207089,70.88592273255124,70.84136486929448,70.79211101460723,70.73774815079608,70.67786326016768,70.61204332502864,70.53987532768555,70.46094625044506,70.37484307561374,70.28115278549826,70.17946236240522,70.06935878864122,69.95042904651291,69.82226011832687,69.68443898638975,69.53655263300814,69.37818804048867,69.20893219113795,69.0283720672626,68.83609465116923
70.07502528079961,70.05912275613042,70.0483038111781,70.04228222390822,70.04077177228635,70.04348623427806,70.05013938784894,70.06044501096454,70.07411688159043,70.09086877769218,70.11041447723538,70.13246775818558,70.15674239850837,70.1829521761693,70.21081086913394,70.24003225536786,70.27033011283666,70.30141821950589,70.33301035334111,70.36482029230791,70.39656181437185,70.42794869749851,70.45869471965344,70.48851365880223,70.51711929291045,70.54422539994366,70.56954878855133,70.59296235743513,70.6145671966191,70.63448250215339,70.65282747008811,70.6697212964734,70.68528317735935,70.69963230879608,70.71288788683374,70.72516910752243,70.73659516691227,70.74728526105336,70.75735858599586,70.76693433778986,70.7761317124855,70.78506990613288,70.79386811478213,70.80264553448336,70.81152136128671,70.82061479124228,70.8300450204002,70.83993124481059,70.85039266052355,70.86154846358923,70.87351785005774,70.88642001597918,70.90035909375385,70.9152893354934,70.93107906953024,70.94759560668533,70.96470625777964,70.98227833363414,71.0001791450698,71.01827600290758,71.03643621796846,71.0545271010734,71.0724159630434,71.08997011469938,71.10705686686235,71.12354353035327,71.13929741599311,71.15418583460283,71.16807609700341,71.18083551401581,71.19233139646101,71.20243105515998,71.21100180093369,71.21791094460309,71.22302579698918,71.2262136689129,71.22734187119524,71.22627773119409,71.22295847817261,71.21755098930898,71.21026923124765,71.2013271706332,71.19093877411015,71.17931800832302,71.16667883991633,71.15323523553462,71.13920116182243,71.12479058542426,71.11021747298466,71.09569579114815,71.08143950655925,71.0676625858625,71.05457899570241,71.04240270272354,71.0313476735704,71.0216278748875,71.0134572733194,71.00704983551061,71.00261952810567,71.00038031774909,71.00054617108542,71.00333105475916,71.00894893541486,71.01760683092496,71.02927262197235,71.0436203708164,71.06030610911675,71.0789858685331,71.09931568072508,71.12095157735239,71.14354959007467,71.1667657505516,71.19025609044284,71.21367664140807,71.23668343510694,71.25893250319912,71.28007987734428,71.29978158920207,71.31769367043218,71.33347215269426,71.34677306764797,71.357252446953,71.364566322269,71.36837072525563,71.36832168757256,71.36407524087947,71.35528741683602,71.34161424710186,71.32271176333667,71.29830449785406,71.26866325995641,71.23432028598454,71.19580944559692,71.15366460845205,71.10841964420838,71.06060842252438,71.01076481305853,70.9594226854693,70.90711590941517,70.85437835455458,70.80174389054605,70.74974638704802,70.69891971371896,70.64979774021737,70.60291433620169,70.55880337133038,70.51799871526198,70.48103423765491,70.44844380816764,70.42076129645866,70.39852057218644,70.38225550500945,70.37249996458617,70.36978782057504,70.37465183919402,70.38693053905676,70.40458178208267,70.42524807257247,70.44657191482685,70.46619581314648,70.48176227183212,70.49091379518443,70.49129288750412,70.48054205309188,70.45630379624842,70.41622062127446,70.35793503247068,70.27908953413777,70.1773266305764,70.05028882608737,69.8956186249713,69.71095853152893,69.49395105006094,69.24223868486804,68.95346394025093,68.6252693205103,68.25529732994686,67.84119047286131,67.38059125355436,66.87114217632669
70.18402523175368,70.09448888020621,70.01918420566867,69.95734708286555,69.90821338652134,69.87101899136054,69.84499977210763,69.82939160348711,69.82343036022347,69.82635191704118,69.83739214866476,69.8557869298187,69.88077213522749,69.91158363961559,69.94745731770752,69.98762904422776,70.0313346939008,70.07781014145115,70.12629126160328,70.17601392908169,70.22621401861086,70.2761274049153,70.32498996271948,70.3720375667479,70.41650609172507,70.45763141237546,70.49465686126854,70.52720987418357,70.55547941544161,70.57969900430248,70.60010216002601,70.61692240187202,70.63039324910032,70.64074822097076,70.64822083674316,70.65304461567735,70.65545307703312,70.65567974007033,70.65395812404877,70.65052174822831,70.64560413186874,70.63943879422989,70.6322592545716,70.62429903215367,70.61579164623595,70.60697061607824,70.59806946094038,70.5893217000822,70.58096085276351,70.57322043824414,70.5663339757839,70.56053498464264,70.55603769482647,70.55286441214378,70.55092741557712,70.55013768116882,70.55040618496118,70.5516439029965,70.5537618113171,70.5566708859653,70.56028210298338,70.56450643841366,70.56925486829846,70.57443836868008,70.57996791560082,70.585754485103,70.59170905322891,70.5977425960209,70.60376608952123,70.60969050977224,70.61542683281621,70.62088603469549,70.62597909145236,70.63061697912913,70.63471067376811,70.63817115141163,70.64090938810196,70.6428363695221,70.64390383267575,70.64419739440564,70.64383012370965,70.64291508958564,70.6415653610315,70.63989400704509,70.63801409662427,70.63603869876695,70.63408088247097,70.6322537167342,70.63067027055452,70.6294436129298,70.62868681285792,70.62851293933674,70.62903506136415,70.63036624793799,70.63261956805616,70.6359080907165,70.64034488491691,70.64604301965527,70.65311556392942,70.66167558673725,70.67183615707663,70.68371034394542,70.69741121634152,70.71304719323471,70.73056666609283,70.74972140690986,70.77025112183665,70.79189551702402,70.81439429862282,70.83748717278387,70.860913845658,70.88441402339605,70.90772741214884,70.93059371806723,70.95275264730202,70.97394390600405,70.99390720032417,71.0123822364132,71.02910872042196,71.0438263585013,71.05627485680205,71.06619392147503,71.07332325867108,71.07740257454104,71.07817157523573,71.075369966906,71.06873745570265,71.05801374777653,71.04293854927847,71.0233172680034,70.99947926727388,70.97200465526302,70.94147510672244,70.90847229640377,70.87357789905865,70.8373735894387,70.80044104229556,70.76336193238086,70.72671793444623,70.69109072324329,70.65706197352367,70.62521336003901,70.59612655754096,70.5703832407811,70.54856508451111,70.53125376348258,70.51903095244717,70.5124783261565,70.5121775593622,70.5187103268159,70.53265830326924,70.55460316347384,70.58512658218133,70.62481023414334,70.67423464881249,70.73325977209244,70.79979355139714,70.8714166135842,70.94570958551118,71.0202530940357,71.09262776601531,71.16041422830763,71.22119310777023,71.27254503126072,71.31205062563669,71.33729051775569,71.34584533447536,71.33529570265326,71.30322224914697,71.2472056008141,71.16482638451222,71.05366522709896,70.91130275543186,70.73531959636856,70.5232963767666,70.2728137234836,69.98145226337712,69.64679262330479,69.26641543012417,68.83790131069287
70.23742626290831,70.27885705757623,70.31849248639328,70.35636275444695,70.39249806682466,70.42692862861387,70.459684644902,70.49079632077654,70.5202938613249,70.54820747163454,70.57456735679293,70.59940372188747,70.62274677200566,70.6446267122349,70.66507374766265,70.68411808337638,70.7017899244635,70.71811947601148,70.73313694310777,70.74687253083981,70.75935644429504,70.77061888856092,70.78069006872488,70.78960018987438,70.79737945709687,70.80405807547979,70.80966679676176,70.8142645269901,70.81795133158683,70.82083054179795,70.8230054888695,70.82457950404752,70.82565591857805,70.82633806370713,70.82672927068079,70.82693287074505,70.82705219514598,70.82719057512959,70.82745134194191,70.827937826829,70.82875336103689,70.8300012758116,70.83178490239916,70.83420757204563,70.83737261599704,70.84138336549942,70.8463431517988,70.85235530614123,70.85952315977273,70.86795004393935,70.87773928988712,70.88899422886206,70.90180180886362,70.91608596787985,70.93167719307647,70.94840486497226,70.96609836408608,70.98458707093678,71.00370036604316,71.02326762992406,71.04311824309833,71.06308158608478,71.08298703940225,71.1026639835696,71.12194179910561,71.14064986652916,71.15861756635906,71.17567427911413,71.19164938531324,71.2063722654752,71.21967230011884,71.23137886976299,71.2413213549265,71.2493291361282,71.2552315938869,71.25885810872145,71.26003806115068,71.25860085008155,71.25445360143672,71.24775879679771,71.23873127860344,71.22758588929284,71.21453747130481,71.19980086707825,71.18359091905212,71.16612246966531,71.14761036135675,71.12826943656535,71.10831453773002,71.08796050728968,71.06742218768325,71.04691442134965,71.0266520507278,71.0068499182566,70.987722866375,70.96948573752188,70.95235337413617,70.93654061865679,70.92226231352267,70.9097333011727,70.89916842404581,70.89078252458091,70.88479044521694,70.88140120210836,70.88062330385736,70.88221890335271,70.88593503550246,70.89151873521469,70.8987170373975,70.90727697695897,70.91694558880718,70.9274699078502,70.93859696899611,70.95007380715299,70.96164745722893,70.973064954132,70.9840733327703,70.99441962805189,71.00385087488485,71.01211410817727,71.01895636283723,71.0241246737728,71.02736607589208,71.02842760410311,71.02705629331403,71.02299917843287,71.01600329436774,71.0058156760267,70.99218335831785,70.97490852861809,70.95423320258134,70.93060988066365,70.90449237836691,70.87633451119302,70.84659009464386,70.81571294422133,70.7841568754273,70.75237570376368,70.72082324473236,70.6899533138352,70.66021972657413,70.63207629845101,70.60597684496776,70.58237518162623,70.56172512392834,70.54448048737596,70.53109508747102,70.52202273971537,70.5177172596109,70.51863246265953,70.52522216436313,70.53794018022357,70.55724032574278,70.58357641642263,70.61740148666124,70.65867712668357,70.70603364696889,70.757878122564,70.81261762851567,70.86865923987074,70.92441003167599,70.97827707897822,71.02866745682424,71.07398824026085,71.11264650433482,71.14304932409298,71.16360377458211,71.17271693084903,71.16879586794053,71.1502476609034,71.11547938478445,71.06289811463047,70.99091092548827,70.89792489240465,70.7823470904264,70.64258459460032,70.47704447997322,70.2841338215919,70.06225969450313,69.80982917375374
70.2779899356798,70.27697269466034,70.27648605636531,70.27655329582826,70.27719768808274,70.27844250816226,70.28031103110038,70.28282653193064,70.28601228568658,70.28989156740174,70.29448765210967,70.29982381484389,70.30592333063797,70.31280947452541,70.32050552153979,70.32903474671463,70.33842042508347,70.34868583167986,70.35985424153733,70.37194892968945,70.38499317116973,70.3990102410117,70.41402341424893,70.43005596591496,70.44713117104331,70.46527230466754,70.48450169609832,70.50479296685181,70.52604853149721,70.54816515463067,70.57103960084831,70.59456863474628,70.61864902092069,70.64317752396768,70.6680509084834,70.69316593906395,70.71841938030546,70.74370799680409,70.76892855315596,70.79397781395718,70.81875254380391,70.84314950729228,70.8670654690184,70.89039719357841,70.91304144556844,70.93489498958462,70.9558545902231,70.97581701207999,70.99467901975143,71.01233737783355,71.02868885092248,71.04363020361434,71.0570690508889,71.06902096686225,71.07956341675771,71.0887745987145,71.09673271087185,71.10351595136902,71.10920251834521,71.11387060993971,71.11759842429171,71.12046415954049,71.12254601382526,71.12392218528525,71.12467087205972,71.12487027228791,71.12459858410905,71.12393400566238,71.12295473508712,71.12173897052253,71.12036491010784,71.11891075198228,71.11745469428512,71.11607493515555,71.11484967273284,71.11385710515623,71.11317543056494,71.11288284099803,71.1130317428694,71.11358982937905,71.11450742322297,71.11573484709713,71.1172224236975,71.11892047572005,71.12077932586074,71.12274929681554,71.12478071128044,71.12682389195137,71.12882916152435,71.13074684269532,71.13252725816025,71.13412073061511,71.13547758275588,71.13654813727852,71.137282716879,71.13763164425329,71.13754524209737,71.1369738331072,71.13586773997875,71.13417728540799,71.13185279209088,71.12884458272342,71.12510298000154,71.12057923290818,71.11525646795118,71.10915697829479,71.1023054606227,71.09472661161861,71.08644512796623,71.07748570634925,71.06787304345137,71.0576318359563,71.04678678054773,71.03536257390938,71.02338391272494,71.0108754936781,70.99786201345259,70.98436816873208,70.97041865620028,70.95603817254091,70.94125141443764,70.92608307857421,70.91055786163427,70.89470046030158,70.87853557125979,70.86208789119264,70.84538211678381,70.828442944717,70.81129507167591,70.79397244509416,70.77658278501202,70.75926911618606,70.74217468394606,70.72544273362186,70.70921651054326,70.69363926004004,70.67885422744207,70.66500465807911,70.65223379728101,70.64068489037754,70.63050118269855,70.62182591957382,70.61480234633318,70.60957370830644,70.6062832508234,70.60507421921388,70.60608985880768,70.60947341493461,70.6153681329245,70.62391725810716,70.63526403581237,70.64955171136998,70.66692353010977,70.68752273736156,70.711491878156,70.7385328928808,70.76715416206683,70.79566392435015,70.82237041836682,70.8455818827529,70.86360655614446,70.87475267717754,70.87732848448823,70.86964221671255,70.8500021124866,70.81671641044642,70.76809334922808,70.70244116746763,70.6180681038011,70.5132823968646,70.38639228529418,70.23570600772591,70.05953180279582,69.85617790913999,69.62395256539448,69.36116401019534,69.06612048217863,68.73713021998043,68.37250146223678,67.97054244758377
69.98023519405587,70.11730792245946,70.23911567776624,70.34641857745048,70.4399767389865,70.52055027984859,70.58889931751108,70.64578396944823,70.6919643531344,70.72820058604384,70.75525278565087,70.77388106942982,70.78484555485495,70.7889063594006,70.78682360054106,70.77935739575061,70.76726786250359,70.75131511827429,70.73225928053701,70.71086046676605,70.68787879443572,70.66407438102033,70.64020734399416,70.61703780083154,70.59532586900676,70.57583166599412,70.55930826899223,70.54614615816276,70.5362057254509,70.52930530252127,70.52526322103846,70.52389781266707,70.52502740907173,70.52847034191703,70.53404494286757,70.54156954358795,70.5508624757428,70.56174207099671,70.57402666101429,70.58753457746015,70.60208415199887,70.61749371629509,70.6335816020134,70.65016614081838,70.66706566437469,70.68409850434689,70.7010829923996,70.71783746019744,70.73418023940499,70.74992966168688,70.7649040587077,70.77892176213206,70.7918154424284,70.80356043828168,70.81421387759983,70.82383385684071,70.83247847246216,70.84020582092202,70.84707399867817,70.85314110218843,70.85846522791064,70.86310447230268,70.86711693182237,70.87056070292756,70.87349388207612,70.87597456572587,70.87806085033466,70.87981083236036,70.88128260826079,70.88253427449382,70.88362392751729,70.88460966378905,70.88554957976694,70.88650177190881,70.88752433667251,70.88867537051588,70.89001296989679,70.89159522881721,70.89346986034892,70.89565047321456,70.898143683016,70.90095610535514,70.90409435583385,70.907565050054,70.91137480361748,70.91553023212617,70.92003795118194,70.92490457638668,70.93013672334226,70.93574100765055,70.94172404491346,70.94809245073283,70.95485284071057,70.96201183044856,70.96957603554866,70.97755207161275,70.98594655424272,70.99476609904043,71.00401732160779,71.01370683754666,71.02384126245893,71.03442721194646,71.04547130161114,71.05697924815439,71.06892583323884,71.08124782986638,71.09387967858153,71.10675581992882,71.11981069445274,71.13297874269782,71.14619440520856,71.1593921225295,71.17250633520513,71.18547148377998,71.19822200879857,71.21069235080539,71.22281695034499,71.23453024796186,71.24576668420052,71.25646069960548,71.26654673472126,71.2759592300924,71.28463262626337,71.29250136377871,71.29949988318295,71.30556262502057,71.3106240298361,71.31461853817406,71.31748059057897,71.31914692930006,71.31957265215327,71.31872164121887,71.31655783345856,71.31304516583401,71.30814757530693,71.30182899883901,71.29405337339195,71.28478463592745,71.27398672340719,71.26162357279287,71.2476591210462,71.23205730512885,71.21478206200253,71.19579732862893,71.17506704196975,71.15255513898667,71.12822555664141,71.10204223189564,71.07396910171109,71.0439701030494,71.01200917287231,70.97805024814151,70.94205726581868,70.90399416286552,70.86382501919462,70.82160385460928,70.7776283282951,70.73223695406874,70.68576824574694,70.63856071714638,70.59095288208373,70.54328325437568,70.49589034783895,70.44911267629021,70.40328875354618,70.3587570934235,70.31585620973893,70.2749246163091,70.23630082695071,70.20032335548048,70.1673307157151,70.13766142147124,70.11165398656561,70.08964692481489,70.07197875003577,70.05898797604496,70.05101311665912,70.04839268569498,70.0514651969692,70.06056916429849
69.7579310684099,69.86395080370465,69.96065765587905,70.04846892791443,70.12780192279213,70.19907394349349,70.26270229299982,70.31910427429247,70.36869719035278,70.41189834416207,70.44912503870168,70.48079457695296,70.50732426189722,70.5291313965158,70.54663328379003,70.56024722670126,70.57039052823082,70.57748049136002,70.58193441907022,70.58416961434274,70.58460338015894,70.58365301950012,70.58173583534763,70.5792691306828,70.57667020848697,70.57435637174146,70.57273930351587,70.57204502164733,70.57227578822747,70.57342054407573,70.5754682300115,70.57840778685417,70.58222815542315,70.58691827653783,70.59246709101761,70.59886353968189,70.60609656335008,70.61415510284155,70.62302809897572,70.63270449257199,70.64317322444975,70.65442323542841,70.66644346632735,70.679222857966,70.69275035116371,70.70701488673993,70.72200540551403,70.7377108483054,70.75412015593346,70.7712222692176,70.78900612897722,70.80746067603172,70.82656293663375,70.84621640871423,70.8662965689082,70.8866788386907,70.90723863953671,70.92785139292128,70.94839252031939,70.96873744320607,70.98876158305632,71.00834036134516,71.02734919954761,71.04566351913869,71.06315874159338,71.07971028838672,71.09519358099371,71.10948404088938,71.12245708954872,71.13398814844676,71.14395263905851,71.15222598285897,71.15868360132316,71.16320091592611,71.16565334814281,71.16591631944829,71.16386525131755,71.15937688948236,71.15244335554377,71.14326004451392,71.13204304291665,71.11900843727577,71.10437231411512,71.08835075995856,71.07115986132989,71.05301570475297,71.03413437675161,71.01473196384966,70.99502455257094,70.9752282294393,70.95555908097856,70.93623319371257,70.91746665416514,70.89947554886012,70.88247596432134,70.86668398707263,70.85231570363784,70.83958720054078,70.8287145643053,70.81991388145522,70.81340123851439,70.80939272200662,70.80810441845578,70.80972438886458,70.8141653715165,70.82118383438937,70.83053445182772,70.841971898176,70.8552508477787,70.87012597498035,70.8863519541254,70.90368345955835,70.9218751656237,70.94068174666594,70.95985787702955,70.97915823105902,70.99833748309884,71.01715030749351,71.03535137858752,71.05269537072535,71.06893695825148,71.08383081551042,71.09713161684667,71.10859403660469,71.11797274912898,71.12502242876405,71.12949774985437,71.13115338674442,71.12974432008225,71.12518113271652,71.11778271012074,71.10793409933402,71.09602034739548,71.08242650134427,71.0675376082195,71.05173871506031,71.0354148689058,71.01895111679514,71.00273250576741,70.98714408286176,70.9725708951173,70.95939798957318,70.9480104132685,70.93879321324242,70.93213143653404,70.92841013018247,70.92801434122687,70.93132911670635,70.93873950366005,70.95063054912708,70.96738730014657,70.98939480375765,71.01703810699944,71.05070225691107,71.09070755617195,71.13628680454468,71.1857704272785,71.2374615355959,71.28966324071936,71.3406786538714,71.38881088627448,71.43236304915115,71.46963825372386,71.49893961121512,71.51857023284742,71.52683322984328,71.52203171342516,71.50246879481558,71.466447585237,71.41227119591197,71.33824273806295,71.24266532291243,71.12384206168292,70.98007606559692,70.8096704458769,70.6109283137454,70.38215278042487,70.12164695713783,69.82771395510677,69.49865688555418
70.07203117810757,70.11697470019023,70.15752952050912,70.19396981789083,70.22656977116196,70.25560355914907,70.28134536067871,70.3040693545775,70.324049719672,70.34156063478879,70.35687627875446,70.37027083039555,70.38201846853867,70.39239337201039,70.40166971963728,70.41012169024592,70.41802346266289,70.42564921571477,70.43327312822812,70.44116937902955,70.44961214694561,70.45887561080288,70.46923394942796,70.48096134164739,70.49433196628777,70.5096200021757,70.52709622782183,70.54685629443895,70.56873983096828,70.59256615205578,70.61815457234735,70.64532440648892,70.67389496912645,70.70368557490583,70.73451553847302,70.76620417447393,70.79857079755448,70.83143472236061,70.86461526353825,70.89793173573334,70.93120345359179,70.96424973175954,70.9968898848825,71.02894322760663,71.06022907457783,71.09056674044204,71.1197755398452,71.14767478743322,71.17408379785203,71.19882188574756,71.22170836576576,71.24256255255254,71.26122007658527,71.27767890758521,71.29203008155666,71.30436573659703,71.31477801080375,71.32335904227419,71.33020096910579,71.33539592939593,71.33903606124206,71.34121350274157,71.34202039199185,71.34154886709035,71.33989106613446,71.33713912722158,71.33338518844913,71.32872138791453,71.32323986371517,71.31703275394848,71.31019219671185,71.30281033010272,71.29497929221846,71.28679122115652,71.27833825501428,71.26971253188916,71.26100618987857,71.25231136478673,71.24371049903193,71.23525418946463,71.22698650297923,71.21895150647013,71.21119326683171,71.2037558509584,71.19668332574456,71.1900197580846,71.18380921487294,71.17809576300392,71.172923469372,71.16833640087154,71.16437862439695,71.1610942068426,71.15852721510292,71.1567217160723,71.15572177664511,71.15557146371579,71.1563148441787,71.15799598492823,71.16065895285882,71.16434781486484,71.16910663784068,71.17497948868075,71.18201043427943,71.1902410501185,71.19962717143557,71.21001928781533,71.22126142415154,71.23319760533796,71.24567185626837,71.25852820183654,71.27161066693621,71.28476327646115,71.29783005530514,71.31065502836195,71.32308222052532,71.33495565668902,71.34611936174683,71.3564173605925,71.36569367811981,71.37379233922252,71.38055736879438,71.38583279172917,71.38946263292064,71.39129091726258,71.39116166964874,71.38891891497288,71.38440667812876,71.37746898401016,71.36794985751085,71.35572011078075,71.34086417818804,71.32356872543224,71.30402105692353,71.28240847707208,71.2589182902881,71.23373780098176,71.20705431356323,71.17905513244273,71.14992756203041,71.11985890673647,71.0890364709711,71.05764755914446,71.02587947566674,70.99391952494815,70.96195501139884,70.93017323942901,70.89876151344885,70.86790713786854,70.83779741709826,70.8086196555482,70.78056115762853,70.75380922774944,70.72855117032113,70.70497428975375,70.6832657048514,70.66349575730145,70.6454184496857,70.62873473931337,70.6131455834936,70.5983519395356,70.58405476474856,70.56995501644164,70.55575365192405,70.54115162850495,70.52584990349355,70.50954943419902,70.49195117793055,70.47275609199731,70.4516651337085,70.42837926037332,70.40259942930092,70.37402659780051,70.34236172318127,70.30730576275236,70.268559673823,70.22582441370237,70.17880093969964,70.127190209124,70.07069317928463,70.00901080749072
69.86551951828437,69.9016875439052,69.9368662447663,69.97109553586068,70.00441533218127,70.03686554872102,70.0684861004729,70.09931690242988,70.12939786958489,70.15876891693092,70.18746995946091,70.21554091216781,70.24302169004461,70.26995220808425,70.29637238127968,70.32232212462387,70.34784135310977,70.37296998173035,70.39774792547857,70.42221509934737,70.44641141832972,70.47037679741858,70.49415115160691,70.51777439588767,70.54128644525382,70.5647272146983,70.58813318402579,70.61149812821876,70.6347868953483,70.65796378563192,70.68099309928712,70.7038391365314,70.7264661975823,70.74883858265729,70.77092059197389,70.7926765257496,70.81407068420192,70.83506736754839,70.85563087600649,70.87572550979372,70.8953155691276,70.91436535422565,70.93283916530534,70.9507013025842,70.96791606627974,70.98444775660947,71.00026067379086,71.01531911804146,71.02958738957877,71.04302978862026,71.05561061538347,71.06729441434298,71.07806513221637,71.08793989220506,71.09693906765456,71.10508303191037,71.11239215831797,71.11888682022288,71.12458739097056,71.12951424390653,71.13368775237626,71.13712828972527,71.13985622929904,71.14189194444307,71.14325580850286,71.14396819482388,71.14404947675165,71.14352002763165,71.14240022080939,71.14071042963036,71.13847102744003,71.13570238758392,71.13242488340752,71.12865888825633,71.12442477547582,71.1197429184115,71.11463369040888,71.10912102432457,71.10324564254698,71.09705321304764,71.09058940449381,71.08389988555273,71.07703032489161,71.07002639117773,71.06293375307834,71.05579807926065,71.04866503839192,71.0415802991394,71.03458953017034,71.02773840015195,71.0210725777515,71.01463773163623,71.0084795304734,71.00264364293021,70.99717573767394,70.99212148337182,70.98752654869111,70.98343660229902,70.97989731286283,70.97695434904976,70.97465337952706,70.97304007296198,70.97215821589019,70.9720226984054,70.97262578448644,70.97395913361579,70.97601440527596,70.97878325894938,70.98225735411853,70.9864283502659,70.99128790687395,70.99682768342515,71.00303933940198,71.0099145342869,71.01744492756241,71.02562217871095,71.034437947215,71.04388389255703,71.05395167421953,71.06463295168496,71.07591938443579,71.0878026319545,71.10027435372356,71.11332620922543,71.1269498579426,71.14113695935754,71.15587917295271,71.17116748823442,71.18690492965825,71.20281983868128,71.21861994002707,71.23401295841917,71.24870661858117,71.26240864523662,71.27482676310908,71.28566869692212,71.2946421713993,71.3014549112642,71.30581464124037,71.30742908605139,71.3060059704208,71.30125301907216,71.29287795672907,71.28058850811509,71.26409239795375,71.24309735096863,71.2173110918833,71.18644134542133,71.15019583630627,71.1082822892617,71.06040842901118,71.00628198027826,70.94561066778651,70.87818594306061,70.80426574887535,70.7242695358991,70.6386169114361,70.54772748279055,70.45202085726669,70.3519166421687,70.24783444480083,70.14019387246728,70.02941453247227,69.91591603212002,69.80011797871475,69.68243997956067,69.563301641962,69.44312257322294,69.32232238064768,69.20132067154051,69.08053705320563,68.96039113294725,68.84130251806957,68.72369081587681,68.60797563367316,68.49457657876292,68.3839132584502,68.27640528003931,68.17191454761047,68.06781794708081
69.93074089799813,70.0811076217395,70.21261881817082,70.32626896270187,70.4230525307425,70.50396399770244,70.56999783899161,70.62214853001973,70.66141054619669,70.68877836293225,70.70524645563626,70.71180929971851,70.70946137058883,70.69919714365702,70.68201109433289,70.6588976980263,70.63085143014698,70.59886676610483,70.5639381813096,70.52706015117113,70.48922715109924,70.45143365650372,70.41467414279444,70.37994308538114,70.34823495967368,70.32054424108185,70.29785585855052,70.28066306711167,70.26874033338743,70.26180509114897,70.25957477416756,70.26176681621445,70.26809865106085,70.27828771247803,70.29205143423721,70.3091072501096,70.3291725938665,70.3519648992791,70.37720160011864,70.40460013015638,70.43387792316355,70.46475241291137,70.49694103317111,70.53016121771395,70.5641304003112,70.59856601473405,70.63318549475375,70.66770627414152,70.70184578666863,70.73532146610631,70.76785074622578,70.7991510607983,70.82895689700834,70.8571724200751,70.88379906870276,70.90883943351042,70.93229610511716,70.95417167414203,70.97446873120413,70.99318986692253,71.01033767191632,71.02591473680454,71.03992365220631,71.0523670087407,71.0632473970268,71.07256740768366,71.08032963133039,71.08653665858606,71.09119108006973,71.09429548640048,71.09585246819742,71.09586461607961,71.09433452066614,71.09126477257604,71.08665796242846,71.08051668084244,71.07284351843705,71.06364107378218,71.05294555364242,71.04090357739264,71.02768440459118,71.01345729479632,70.9983915075664,70.98265630245965,70.96642093903444,70.94985467684904,70.93312677546177,70.91640649443093,70.89986309331482,70.88366583167172,70.86798396905994,70.85298676503783,70.83884347916361,70.82572337099563,70.81379570009221,70.80322972601164,70.79419470831218,70.7868599065522,70.78139458028994,70.77796798908372,70.7767493924919,70.77790805007268,70.78161322138445,70.78802842909397,70.79711976471148,70.80861074387985,70.82220999621703,70.837626151341,70.85456783886977,70.87274368842128,70.8918623296135,70.91163239206443,70.93176250539207,70.95196129921436,70.97193740314927,70.9913994468148,71.01005605982894,71.02761587180962,71.04378751237485,71.05827961114261,71.07080079773087,71.08105970175757,71.08876495284076,71.09362518059837,71.09534901464838,71.09364508460877,71.0882220200975,71.07878845073259,71.06505300613199,71.04677502319663,71.02411821776766,70.99743982580682,70.96709829233146,70.93345206235892,70.89685958090655,70.85767929299172,70.81626964363173,70.77298907784396,70.72819604064577,70.68224897705448,70.63550633208746,70.58832655076205,70.54106807809558,70.49408935910543,70.4477488388089,70.40240496222339,70.35841617436623,70.31614092025475,70.27593764490635,70.23816479333831,70.20318081056803,70.17134414161282,70.14301323149004,70.11854652521706,70.09830123931278,70.08186166049137,70.06671827549897,70.0500104725671,70.02887763992732,70.0004591658111,69.96189443844992,69.91032284607536,69.84288377691891,69.75671661921206,69.64896076118634,69.51675559107326,69.35724049710433,69.16755486751106,68.94483809052488,68.68622955437746,68.38886864730023,68.04989475752473,67.66644727328242,67.23566558280484,66.7546890743235,66.22065713606995,65.63070915627563,64.98198452317209,64.27162262499087,63.496762849963424
69.20274868913727,69.24610783795912,69.28908412280892,69.33165648794595,69.37380387762956,69.41550523611899,69.45673950767359,69.49748563655263,69.53772256701541,69.57742924332125,69.61658460972943,69.65516761049925,69.69315718989003,69.73053229216106,69.76727186157161,69.80335484238103,69.83876017884857,69.87346681523357,69.9074536957953,69.94069976479308,69.97318396648619,70.00488524513396,70.03578254499566,70.0658548103306,70.09508098539808,70.1234400144574,70.15091115597846,70.17748985129595,70.20319519981415,70.22804817810614,70.25206976274501,70.27528093030381,70.29770265735563,70.31935592047354,70.3402616962306,70.36044096119988,70.37991469195447,70.39870386506743,70.41682945711183,70.43431244466073,70.45117380428725,70.46743451256441,70.48311554606529,70.49823788136298,70.51282249503055,70.52689036364104,70.54046246376757,70.55355977198317,70.56620326486096,70.57841391897396,70.59021271089527,70.60162061719795,70.61265569067089,70.62330689303771,70.63354650861712,70.64334662423356,70.6526793267115,70.66151670287545,70.66983083954982,70.67759382355912,70.6847777417278,70.69135468088031,70.69729672784115,70.70257596943478,70.70716449248565,70.71103438381823,70.714157730257,70.71650661862643,70.71805313575098,70.7187693684551,70.71862740356329,70.71759932789999,70.71565722828967,70.71277319155682,70.70891930452589,70.70406765402134,70.69819032686766,70.69125941814474,70.68328191883892,70.67437946305137,70.6646971925345,70.65438024904077,70.64357377432262,70.63242291013248,70.6210727982228,70.609668580346,70.59835539825453,70.58727839370083,70.57658270843734,70.5664134842165,70.55691586279073,70.5482349859125,70.54051599533423,70.53390403280835,70.52854424008733,70.52458175892357,70.52216173106956,70.52142929827768,70.52252960230041,70.52560778489017,70.53080898779942,70.53827835278057,70.54816102158607,70.56059651151021,70.57553077800648,70.5926719547365,70.61171358107785,70.63234919640814,70.65427234010495,70.67717655154587,70.7007553701085,70.72470233517042,70.74871098610923,70.77247486230252,70.79568750312787,70.81804244796288,70.83923323618514,70.85895340717225,70.8768965003018,70.89275605495135,70.90622561049854,70.91699870632092,70.92476888179611,70.92922967630167,70.93007462921523,70.92699727991436,70.91969116777663,70.90784983217968,70.89116681250106,70.86938687366168,70.84266329252995,70.81134484399226,70.77578152434799,70.73632332989646,70.69332025693703,70.64712230176904,70.59807946069184,70.54654173000475,70.49285910600716,70.43738158499835,70.38045916327772,70.3224418371446,70.26367960289832,70.20452245683823,70.1453203952637,70.08642341447401,70.02818151076858,69.97094468044672,69.91506291980778,69.86088622515109,69.80876459277601,69.75904801898189,69.71208650006805,69.66823003233387,69.62782833682911,69.59105795686231,69.55762631222414,69.52716215780274,69.49929424848625,69.47365133916286,69.44986218472069,69.4275555400479,69.40636016003268,69.38590479956312,69.36581821352743,69.34572915681373,69.3252663843102,69.30405865090498,69.28173471148621,69.25792332094207,69.2322532341607,69.20435320603026,69.1738519914389,69.14037834527477,69.10356102242604,69.06302877778083,69.01841036622733,68.96933454265368,68.91543006194804,68.85632567899856
69.79591644454851,69.8795042431126,69.95594242545178,70.02553253011057,70.08857609563353,70.14537466056524,70.19622976345025,70.24144294283312,70.28131573725841,70.31614968527067,70.34624632541447,70.37190719623437,70.39343383627494,70.41112778408072,70.42529057819627,70.43622375716616,70.44422885953495,70.44960742384718,70.45266098864744,70.45369109248027,70.45299927389023,70.45088707142189,70.4476560236198,70.44360766902852,70.43904354619262,70.43426519365666,70.42957203483631,70.42515455714923,70.42104399219174,70.41725893527753,70.41381798172029,70.4107397268337,70.40804276593146,70.40574569432725,70.40386710733476,70.40242560026768,70.40143976843967,70.40092820716447,70.40090951175573,70.40140227752714,70.4024250997924,70.40399657386519,70.40613529505919,70.4088598586881,70.41218886006561,70.4161408945054,70.42073455732115,70.42598844382657,70.43192114933532,70.43855126916112,70.44589739861763,70.45397813301855,70.46280563866574,70.47232811448549,70.48245708801312,70.49310365252047,70.50417890127942,70.51559392756178,70.52725982463943,70.53908768578418,70.55098860426791,70.56287367336247,70.57465398633968,70.58624063647142,70.5975447170295,70.6084773212858,70.61894954251217,70.62887247398044,70.63815720896245,70.64671484073008,70.65445646255516,70.66129316770953,70.66713604946506,70.67189620109356,70.67548471586693,70.67781268705697,70.67879120793556,70.67833138443287,70.67639782955152,70.67313094245563,70.66870716738534,70.66330294858075,70.65709473028201,70.65025895672926,70.64297207216259,70.63541052082218,70.62775074694811,70.62016919478053,70.61284230855958,70.60594653252537,70.59965831091803,70.5941540879777,70.58961030794451,70.58620341505858,70.58410985356004,70.583506067689,70.58456850168564,70.58747359979004,70.59239780624235,70.5995175652827,70.6090093211512,70.621049518088,70.63581460033322,70.65347418219422,70.6739628305613,70.69692631884328,70.72199269821226,70.74879001984031,70.7769463348995,70.80608969456193,70.83584814999968,70.8658497523848,70.89572255288942,70.92509460268559,70.95359395294538,70.98084865484091,71.00648675954425,71.03013631822745,71.05142538206262,71.06998200222183,71.08543422987718,71.09741011620073,71.10553771236458,71.10944506954078,71.10876023890144,71.10311127161864,71.09212621886445,71.07543313181095,71.05266006163023,71.02352005354443,70.98840396081178,70.94802700940106,70.9031064518643,70.85435954075359,70.80250352862095,70.74825566801843,70.69233321149811,70.63545341161202,70.57833352091221,70.52169079195075,70.46624247727968,70.41270582945107,70.36179810101694,70.31423654452938,70.27073841254041,70.23202095760209,70.19880143226649,70.17179708908566,70.15172518061163,70.13930295939647,70.13524767799224,70.14027658895098,70.15510694482474,70.18045599816558,70.21703991704496,70.2648925508928,70.32219940697276,70.38683605358628,70.45667805903476,70.52960099161963,70.60348041964234,70.67619191140429,70.7456110352069,70.80961335935162,70.86607445213986,70.91286988187302,70.94787521685258,70.96896602537993,70.97401787575649,70.96090633628368,70.92750697526294,70.87169536099572,70.79134706178338,70.68433764592741,70.5485426817292,70.38183773749017,70.18209838151176,69.94720018209541,69.67501870754252,69.36342952615452
70.20897827878314,70.1952813936103,70.18554733165685,70.17956768843176,70.17713405944406,70.17803804020274,70.18207122621682,70.1890252129953,70.1986915960472,70.2108619708815,70.22532793300724,70.2418810779334,70.26031300116901,70.28041529822306,70.30197956460457,70.32479739582254,70.34866038738598,70.37336013480387,70.39868823358528,70.42443627923915,70.45039586727452,70.4763585932004,70.50211605252579,70.5274598407597,70.55218155341113,70.5760727859891,70.59892700554373,70.62063406956408,70.6412247507444,70.66074100281048,70.67922477948814,70.69671803450315,70.71326272158132,70.72890079444842,70.74367420683028,70.75762491245267,70.7707948650414,70.78322601832225,70.79496032602103,70.80603974186351,70.81650621957552,70.82640171288281,70.83576817551123,70.84464756118653,70.85308182363453,70.861112916581,70.86878279375178,70.87613340887262,70.88320671566932,70.8900446678677,70.89668921919353,70.90318232337262,70.90956341868258,70.91584691519732,70.92203287475401,70.92812118927772,70.93411175069346,70.94000445092631,70.9457991819013,70.95149583554345,70.95709430377785,70.96259447852951,70.96799625172349,70.97329951528482,70.97850416113857,70.98361008120976,70.98861716742343,70.99352531170464,70.99833440597844,71.00304434216986,71.00765501220393,71.01216630800573,71.01657812150027,71.02089034461262,71.02510286926781,71.0292155873909,71.0332283909069,71.03714117187835,71.0409544034089,71.04467046749002,71.04829213753197,71.051822186945,71.05526338913934,71.05861851752526,71.06189034551299,71.0650816465128,71.06819519393493,71.07123376118962,71.07420012168713,71.0770970488377,71.07992731605158,71.08269369673903,71.0853989643103,71.08804589217563,71.09063725374527,71.09317582242946,71.09566437163848,71.09810567478254,71.10050250527192,71.10285763651684,71.1051738419276,71.10745389491439,71.10970056888749,71.11191660641632,71.1141036887045,71.11626219289747,71.11839241611517,71.12049465547756,71.1225692081046,71.12461637111623,71.12663644163244,71.12862971677318,71.13059649365837,71.13253706940802,71.13445174114206,71.13634080598045,71.13820456104315,71.14004330345011,71.1418573303213,71.14364693877667,71.14541242593619,71.1471540889198,71.14887222484747,71.15056713083915,71.1522391040148,71.15388844149437,71.15551544039783,71.15712039784515,71.15870361095625,71.16026550296229,71.16180750280203,71.163331520707,71.16483946991576,71.16633326366679,71.16781481519862,71.16928603774979,71.17074884455877,71.17220514886414,71.17365686390437,71.17510590291802,71.17655417914357,71.17800360581957,71.17945609618452,71.18091356347695,71.18237792093538,71.18385108179832,71.1853349593043,71.18683146669183,71.18834251719943,71.18987002406563,71.19141590052892,71.19298205982787,71.19457041520096,71.19618287988672,71.19782156588333,71.1996136380738,71.20202501878654,71.20557843483842,71.21079661304623,71.21820228022678,71.22831816319692,71.24166698877345,71.25877148377319,71.28015437501296,71.3063383893096,71.33784625347991,71.37520069434072,71.41892443870884,71.46954021340112,71.52757074523434,71.59353876102534,71.66796698759094,71.75137815174797,71.84429498031322,71.94724020010355,72.06073653793574,72.18530672062664,72.32147347499306,72.46975952785182,72.63068760601973
70.1582756790751,70.09041394835654,70.03383365401456,69.98794028282617,69.95213932156844,69.92583625701835,69.90843657595298,69.89934576514932,69.89796931138446,69.90371270143535,69.91598142207908,69.9341809600927,69.9577168022532,69.98599443533763,70.01841934612298,70.05439702138636,70.09333294790474,70.13463261245516,70.17770150181471,70.22194510276034,70.26676890206912,70.31157838651808,70.35577904288428,70.39877635794471,70.4399758184764,70.47878291125642,70.51460900639162,70.54716848456056,70.57661870395452,70.6031521711758,70.62696139282656,70.64823887550907,70.66717712582559,70.68396865037832,70.69880595576956,70.7118815486015,70.72338793547638,70.73351762299649,70.742463117764,70.75041692638123,70.75757155545034,70.76411951157365,70.77025330135334,70.77616543139166,70.78204840829088,70.7880947386532,70.79449692908088,70.80144748617619,70.80913891654131,70.81776372677854,70.8275144234901,70.8385835132782,70.85114289906284,70.86515948126603,70.88048263592052,70.89696034733242,70.9144405998079,70.93277137765313,70.95180066517423,70.97137644667734,70.99134670646859,71.01155942885418,71.03186259814024,71.05210419863289,71.07213221463829,71.0917946304626,71.11093943041195,71.12941459879252,71.14706811991041,71.16374797807177,71.17930215758278,71.19357864274957,71.20642541787828,71.21769046727508,71.22722177524608,71.23486732609746,71.24047510413536,71.24389311036134,71.24503991781691,71.2440659490436,71.24116916748605,71.23654753658883,71.2303990197965,71.22292158055367,71.21431318230495,71.2047717884949,71.19449536256809,71.18368186796917,71.17252926814268,71.16123552653323,71.1499986065854,71.13901647174379,71.12848708545297,71.11860841115757,71.10957841230211,71.10159505233125,71.09485629468952,71.08956010282157,71.08590444017193,71.08408727018522,71.08430655630605,71.08676026197895,71.09164635064855,71.09915711044533,71.10928951748579,71.12180057572613,71.13643256287779,71.15292775665236,71.17102843476135,71.19047687491636,71.21101535482885,71.23238615221044,71.25433154477261,71.2765938102269,71.29891522628489,71.32103807065812,71.34270462105809,71.36365715519636,71.38363795078448,71.40238928553396,71.41965343715637,71.43517268336325,71.44868930186612,71.45994557037653,71.468683766606,71.47464616826613,71.47757505306839,71.47721269872434,71.47330138294555,71.4656320714787,71.45438400597317,71.43992224190802,71.42261299567133,71.40282248365111,71.38091692223546,71.35726252781242,71.33222551677005,71.30617210549642,71.27946851037959,71.25248094780758,71.22557563416851,71.19911878585037,71.17347661924128,71.14901535072929,71.1261011967024,71.10510037354871,71.0863790976563,71.07030358541323,71.05724005320752,71.04755471742726,71.04161379446049,71.03978350069528,71.04243005251968,71.04991966632173,71.06261816579595,71.08064430507065,71.1034475481955,71.13036512941994,71.16073428299327,71.1938922431649,71.22917624418415,71.26592352030039,71.303471305763,71.34115683482128,71.37831734172465,71.41429006072244,71.44841222606402,71.48002107199875,71.50845383277598,71.53304774264507,71.55314003585539,71.56806794665627,71.5771687092971,71.57977955802724,71.57523772709601,71.5628804507528,71.54204496324698,71.51206849882789,71.47228829174489,71.42204157624732
69.46806536643842,69.63898252433182,69.79320089227122,69.93147913399642,70.05457591324723,70.16324989376345,70.25825973928491,70.34036411355139,70.41032168030269,70.46889110327864,70.51683104621904,70.5549001728637,70.58385714695241,70.60446063222498,70.61746929242122,70.62364179128095,70.62373679254395,70.61851295995005,70.60872895723904,70.59514344815074,70.57851509642494,70.55960256580146,70.5391645200201,70.51795962282067,70.49674653794297,70.47628392912681,70.45732458571219,70.4403187463931,70.42527434472585,70.41216421920589,70.40096120832871,70.39163815058978,70.3841678844846,70.3785232485086,70.3746770811573,70.37260222092615,70.37227150631064,70.37365777580625,70.37673386790844,70.3814726211127,70.38784687391451,70.39582946480934,70.40539323229265,70.41651101485995,70.42915565100668,70.44329997922836,70.45891683802043,70.47597906587838,70.49445950129768,70.51433098277381,70.53556634880226,70.5581384378785,70.58201108918774,70.60705860058681,70.63310393743637,70.65996945721643,70.68747751740706,70.71545047548825,70.74371068894006,70.77208051524248,70.80038231187558,70.82843843631937,70.85607124605389,70.88310309855916,70.90935635131521,70.93465336180208,70.95881648749979,70.98166808588837,71.00303051444786,71.02272613065828,71.04057729199967,71.05640635595203,71.07003567999544,71.08128762160989,71.08998453827543,71.09594878747207,71.09900272667987,71.09896873498074,71.09576050323567,71.08959170782907,71.08073753738792,71.06947318053913,71.05607382590966,71.04081466212645,71.02397087781644,71.00581766160657,70.98663020212379,70.96668368799504,70.94625330784726,70.9256142503074,70.9050417040024,70.8848108575592,70.86519689960475,70.846475018766,70.82892040366987,70.8128082429433,70.79841372521328,70.7860120391067,70.77587837325052,70.7682879162717,70.76351585679717,70.76183738345387,70.76352768486875,70.76885449127685,70.77782885751041,70.79014647146779,70.8054836680917,70.82351678232479,70.84392214910974,70.86637610338926,70.890554980106,70.91613511420266,70.9427928406219,70.97020449430643,70.9980464101989,71.02599492324198,71.05372636837839,71.08091708055078,71.10724339470183,71.13238164577423,71.15600816871064,71.17779929845378,71.19743136994629,71.21458071813086,71.22892367795018,71.24013658434691,71.24789577226376,71.25187757664338,71.25175833242845,71.24726720283272,71.23855464440312,71.22597272838154,71.2098747856379,71.19061414704215,71.16854414346427,71.14401810577415,71.11738936484178,71.08901125153707,71.05923709672999,71.02842023129047,70.99691398608846,70.9650716919939,70.93324667987673,70.9017922806069,70.87106182505437,70.84140864408904,70.8131860685809,70.78674742939988,70.76244605741593,70.74063528349897,70.72166843851898,70.70589885334587,70.69367985884962,70.68536478590013,70.68130624499565,70.68140361302206,70.68432849622269,70.688546622316,70.69252371902043,70.69472551405438,70.69361773513633,70.68766610998466,70.67533636631784,70.65509423185428,70.62540543431241,70.58473570141068,70.5315507608675,70.46431634040131,70.38149816773053,70.28156197057362,70.16297347664899,70.0241984136751,69.86370250937033,69.67995149145315,69.471411087642,69.23654702565527,68.97382503321143,68.68171083802889,68.35867016782609,68.00316875032146
69.17390950861274,69.31619742475775,69.44751233105886,69.56828998361675,69.67896613853212,69.77997655190562,69.87175697983795,69.95474317842981,70.02937090378184,70.09607591199476,70.15529395916924,70.20746080140596,70.2530121948056,70.29238389546884,70.32601165949636,70.35433124298885,70.377778402047,70.39678889277147,70.41179847126295,70.42324289362213,70.4315579159497,70.43717929434631,70.44054278491268,70.44208414374945,70.44223912695735,70.44144349063703,70.4401278518531,70.4385530491451,70.43677531128294,70.43483868561773,70.43278721950057,70.43066496028253,70.42851595531472,70.42638425194825,70.42431389753419,70.42234893942364,70.4205334249677,70.41891140151746,70.41752691642402,70.41642401703848,70.41564675071193,70.41523916479544,70.41524530664014,70.4157092235971,70.41667496301744,70.41818657225222,70.42028809865256,70.42302358956955,70.42643709235429,70.43057265435786,70.43547432293137,70.44118614542589,70.4477404145781,70.45509688191608,70.46318765385615,70.47194478239516,70.48130031952994,70.49118631725732,70.5015348275741,70.51227790247717,70.52334759396331,70.53467595402937,70.54619503467217,70.55783688788856,70.56953356567534,70.58121712002938,70.59281960294747,70.60427306642647,70.6155095624632,70.62646114305448,70.63705986019716,70.64723776588805,70.656926912124,70.66605935090183,70.67456713421838,70.68238231407045,70.6894369424549,70.6956635433519,70.70103576229006,70.70559969424059,70.70940880891442,70.71251657602244,70.71497646527556,70.71684194638466,70.71816648906068,70.7190035630145,70.71940663795702,70.71942918359916,70.7191246696518,70.71854656582587,70.71774834183226,70.71678346738187,70.71570541218561,70.71456764595438,70.71342363839908,70.71232685923061,70.71133077815989,70.71048886489781,70.70985458915528,70.7094814206432,70.70942282907247,70.70973228415399,70.71046325559867,70.71166598880092,70.71335905346983,70.71554304052573,70.71821833453266,70.72138532005468,70.72504438165583,70.72919590390016,70.73384027135174,70.73897786857461,70.7446090801328,70.75073429059042,70.75735388451145,70.76446824646,70.77207776100008,70.78018281269577,70.78878378611111,70.79788106581016,70.80747503635695,70.81756608231555,70.82815458825002,70.83924093872439,70.85082551830273,70.86290871154907,70.87549090302748,70.888572477302,70.9021537556714,70.91620292066209,70.93060382215576,70.94522664472935,70.9599415729598,70.97461879142404,70.989128484699,71.00334083736159,71.01712603398877,71.03035425915746,71.04289569744459,71.05462053342711,71.06539895168193,71.07510113678599,71.0835972733162,71.09075754584953,71.09645213896289,71.10055123723322,71.10292502523744,71.10344368755248,71.10197740875527,71.09839637342277,71.09257076613189,71.08437077145956,71.07366657398272,71.06032835827828,71.04424603795636,71.02564091273085,71.00500925571528,70.98285566320904,70.95968473151154,70.93600105692218,70.91230923574035,70.88911386426544,70.86691953879686,70.846230855634,70.82755241107625,70.81138880142304,70.79824462297371,70.7886244720277,70.7830329448844,70.7819746378432,70.7859541472035,70.7954760692647,70.81104500032619,70.83316553668737,70.86234227464763,70.8990798105064,70.94388274056303,70.99725566111694,71.05970316846752,71.13172985891417
70.06422938912166,70.18579634528935,70.29336861611267,70.38764929824272,70.46934148833057,70.53914828302734,70.5977727789841,70.64591807285196,70.68428726128198,70.71358344092529,70.73450970843295,70.74776916045609,70.75406489364575,70.75410000465305,70.7485775901291,70.73820074672496,70.72367257109173,70.7056961598805,70.68497460974238,70.66221101732845,70.63810847928978,70.6133700922775,70.58869895294268,70.56479815793641,70.54237080390979,70.5221199875139,70.5047424840723,70.4906095000336,70.47961628587696,70.4716203269681,70.46647910867271,70.46405011635652,70.46419083538525,70.4667587511246,70.4716113489403,70.47860611419806,70.48760053226358,70.4984520885026,70.51101826828081,70.52515655696395,70.54072443991771,70.55757940250781,70.57557893009998,70.59458050805993,70.61444162175336,70.635019756546,70.65617239780356,70.67775703089174,70.69963114117628,70.72165221402288,70.74367773479727,70.76556518886514,70.78717640271091,70.80841639607743,70.82921495065627,70.84950214137046,70.86920804314313,70.88826273089737,70.90659627955627,70.92413876404292,70.94082025928041,70.95657084019184,70.97132058170033,70.98499955872892,70.99753784620074,71.00886551903888,71.01891265216642,71.02760932050646,71.0348855989821,71.04067156251644,71.04489728603255,71.04749284445354,71.0483883127025,71.04751376570252,71.04479927837671,71.04017492564815,71.03357078243992,71.02491693598506,71.01419550783802,71.00155956730305,70.98719723664072,70.97129663811158,70.95404589397619,70.93563312649509,70.91624645792885,70.89607401053803,70.87530390658317,70.85412426832484,70.83272321802359,70.81128887793997,70.79000937033454,70.76907281746787,70.7486673416005,70.728981064993,70.7102021099059,70.69251859859976,70.67611865333515,70.66119039637263,70.64792194997275,70.63650143639606,70.62711697790313,70.61995669675449,70.61520871521071,70.61305581267771,70.61349689791085,70.61630496505649,70.62123914467871,70.62805856734165,70.6365223636094,70.64638966404607,70.65741959921576,70.66937129968258,70.68200389601064,70.69507651876405,70.70834829850692,70.72157836580335,70.73452585121744,70.74694988531331,70.75860959865506,70.7692641218068,70.77867258533263,70.78659411979666,70.792787855763,70.79701292379575,70.79902845445903,70.79859357831694,70.79546742593358,70.78940912787307,70.7801778146995,70.7675858821753,70.7518705037908,70.73347213522771,70.71283250221391,70.69039333047722,70.66659634574549,70.64188327374654,70.61669584020824,70.5914757708584,70.56666479142488,70.54270462763552,70.52003700521814,70.49910364990062,70.48034628741075,70.46420664347642,70.45112644382543,70.44154741418564,70.43591128028488,70.43465976785102,70.43823460261186,70.44707751029526,70.46163021662906,70.4823344473411,70.50963192815922,70.54396438481126,70.58577273818729,70.63499153237463,70.69018358051326,70.74968167725741,70.8118186172613,70.8749271951791,70.93734020566505,70.99739044337336,71.05341070295825,71.10373377907392,71.14669246637459,71.18061955951445,71.20384785314775,71.21471014192868,71.21153922051143,71.19266788355024,71.15642892569933,71.10115514161289,71.02517932594515,70.92683427335031,70.80445277848258,70.65636763599619,70.48091164054533,70.27641758678422,70.04121826936708,69.77364648294811
70.3758997006833,70.31145770303466,70.26083659175474,70.22322274632316,70.19780254621955,70.18376237092352,70.18028859991468,70.18656761267266,70.20178578867707,70.22512950740754,70.25578514834369,70.29293909096513,70.33577771475149,70.38348739918237,70.4352545237374,70.49026546789618,70.54770661113835,70.60676433294353,70.66662501279133,70.72647503016137,70.78550076453327,70.84288859538664,70.89782490220111,70.94949606445628,70.9970884616318,71.03978847320727,71.07679140636533,71.10775237395546,71.1329986883794,71.15291099825896,71.16786995221595,71.17825619887216,71.18445038684942,71.18683316476951,71.18578518125426,71.18168708492547,71.17491952440496,71.16586314831451,71.15489860527596,71.1424065439111,71.12876761284173,71.11436246068966,71.09957173607671,71.08477608762469,71.07035616395541,71.05669261369064,71.04416608545225,71.03315722786198,71.02404668954169,71.01721511911316,71.01304316519821,71.01191147641865,71.01416093630839,71.01973677376864,71.02835739573716,71.03973852312069,71.05359587682597,71.06964517775975,71.08760214682877,71.10718250493974,71.12810197299945,71.1500762719146,71.17282112259196,71.19605224593825,71.21948536286021,71.2428361942646,71.26582046105814,71.28815388414759,71.30955218443967,71.32973108284114,71.34840630025873,71.36529355759917,71.38010857576923,71.39256707567563,71.40238477822511,71.40927740432443,71.41296067488031,71.4131503384549,71.40967904363596,71.4027634893031,71.39269912411827,71.3797813967434,71.36430575584048,71.34656765007142,71.32686252809822,71.3054858385828,71.28273303018713,71.25889955157317,71.23428085140284,71.20917237833814,71.18386958104098,71.15866790817334,71.13386280839718,71.10974973037443,71.08662412276705,71.064781434237,71.04451711344625,71.02612660905672,71.00990536973038,70.99614884412918,70.98515248091509,70.97721172875004,70.97262203629599,70.97167061637566,70.97436125109525,70.98034948242957,70.98926948208563,71.0007554217704,71.01444147319089,71.02996180805407,71.04695059806694,71.0650420149365,71.08387023036973,71.10306941607361,71.12227374375514,71.14111738512133,71.15923451187913,71.17625929573558,71.19182590839762,71.20556852157226,71.2171213069665,71.22611843628732,71.23219408124173,71.23498241353668,71.23411760487919,71.22923382697624,71.21996525153483,71.20594605026194,71.18681039486457,71.16225509819533,71.13247652186213,71.09791009218604,71.05899272909271,71.01616135250777,70.96985288235685,70.92050423856558,70.86855234105963,70.8144341097646,70.75858646460617,70.70144632550992,70.64345061240152,70.58503624520661,70.52664014385083,70.46869922825978,70.41165041835913,70.3559306340745,70.30197679533153,70.25022582205588,70.20111463417315,70.15508015160901,70.11255929428907,70.07398898213897,70.03980613508436,70.01044767305088,69.98634983090189,69.9675178254131,69.95278928265205,69.94080604142408,69.93020994053448,69.91964281878859,69.9077465149917,69.89316286794913,69.8745337164662,69.85050089934823,69.81970625540053,69.78079162342843,69.7323988422372,69.6731697506322,69.6017461874187,69.51676999140207,69.41688300138759,69.30072705618058,69.16694399458636,69.01417565541026,68.84106387745757,68.64625049953361,68.4283773604437,68.18608629899316,67.91801915398729,67.6228177642314
69.58237631273848,69.69159206781578,69.79102378892225,69.88114462962541,69.96242774349275,70.03534628409179,70.10037340499004,70.15798225975499,70.20864600195418,70.25283778515508,70.29103076292523,70.32369808883213,70.35131291644329,70.37434839932621,70.39327769104838,70.40857394517735,70.4207103152806,70.43015995492564,70.43739601768,70.44289165711116,70.44712002678665,70.45055428027396,70.45366757114061,70.45693305295411,70.46082387928196,70.46581320369168,70.47236957014977,70.4807241132183,70.49076089366956,70.50233643342372,70.51530725440095,70.52952987852146,70.54486082770542,70.56115662387302,70.57827378894446,70.59606884483989,70.61439831347951,70.63311871678351,70.65208657667209,70.6711584150654,70.69019075388367,70.70904011504705,70.72756302047571,70.7456159920899,70.76305555180974,70.77973822155545,70.79552052324719,70.81025897880517,70.82381011014957,70.83603043920056,70.84677648787834,70.8559047781031,70.86328732661394,70.86895032048442,70.8730083299765,70.87557697198795,70.87677186341651,70.87670862115996,70.87550286211605,70.87327020318253,70.87012626125718,70.86618665323775,70.86156699602199,70.85638290650769,70.85075000159259,70.84478389817444,70.83860021315101,70.83231456342007,70.82604256587938,70.81989983742668,70.81400199495974,70.80846465537631,70.80340343557418,70.7989339524511,70.79517182290479,70.79223266383306,70.79023209213366,70.78928571505492,70.78946835157161,70.7907208194186,70.79295645928225,70.796088611849,70.80003061780525,70.80469581783737,70.8099975526318,70.81584916287491,70.82216398925313,70.82885537245282,70.83583665316043,70.84302117206232,70.85032226984492,70.85765328719461,70.86492756479781,70.87205844334092,70.87895926351031,70.88554336599242,70.89172409147363,70.89741478064036,70.90252877417899,70.90697941277593,70.91068003711759,70.91354398789035,70.91548460578062,70.91641643399123,70.91629539949668,70.91512827587785,70.91292495699244,70.90969533669814,70.90544930885261,70.90019676731356,70.89394760593866,70.8867117185856,70.87849899911207,70.86931934137573,70.85918263923429,70.84809878654542,70.83607767716681,70.82312920495615,70.8092632637711,70.79448974746937,70.77881854990864,70.76225956494659,70.7448226864409,70.72651780824926,70.70735482422934,70.68734362823885,70.66649411413546,70.64481617577685,70.62231970702072,70.59904155655065,70.57523353159858,70.55125031024377,70.5274472132716,70.50417956146747,70.48180267561675,70.46067187650488,70.44114248491721,70.42356982163916,70.40830920745613,70.3957159631535,70.38614540951667,70.37995286733106,70.37749365738202,70.37912310045498,70.38519651733532,70.39606922880844,70.41209655565974,70.43363381867462,70.46103633863845,70.49465943633665,70.53485843255461,70.58198864807771,70.63640540369137,70.69846402018096,70.76851867558267,70.84620456862035,70.92920924526646,71.01489365965152,71.10061876590605,71.18374551816059,71.26163487054565,71.33164777719178,71.39114519222947,71.43748806978928,71.46803736400172,71.48015402899732,71.47119901890662,71.43853328786011,71.37951778998833,71.29151347942182,71.1718813102911,71.01798223672671,70.82717721285914,70.59682719281896,70.32429313073666,70.0069359807428,69.64211669696786,69.22719623354241,68.75953554459697,68.23649558426204
69.64954041002164,69.70224678112223,69.75155612481109,69.79761910332928,69.84058637891792,69.88060861381808,69.91783647027086,69.95242061051735,69.98451169679862,70.0142603913558,70.04181735642996,70.06733325426217,70.09095874709357,70.11284449716518,70.13314116671816,70.15199941799358,70.1695699132325,70.18600331467604,70.20145028456531,70.21606148514135,70.22998757864528,70.2433792273182,70.2563870934012,70.26916183913534,70.28185412676174,70.29461461852148,70.30759048634201,70.32084931504502,70.33437948386236,70.34816595801595,70.36219370272767,70.37644768321942,70.3909128647131,70.4055742124306,70.42041669159386,70.43542526742473,70.45058490514515,70.465880569977,70.48129722714219,70.49681984186262,70.5124333793602,70.52812280485682,70.5438730835744,70.5596691807348,70.57549606155996,70.59133869127177,70.60718203509211,70.62301105824292,70.63881072594609,70.6545660034235,70.67026185589705,70.68588324858837,70.70140890437222,70.71679285117355,70.73198301103679,70.74692730600634,70.76157365812665,70.77586998944207,70.78976422199707,70.80320427783602,70.81613807900337,70.82851354754354,70.84027860550088,70.85138117491991,70.86176917784493,70.87139053632043,70.88019317239082,70.8881250081005,70.89513396549387,70.90116796661533,70.90617493350936,70.91010278822031,70.91289945279266,70.91451284927075,70.91489089969903,70.91398152612192,70.91173265058384,70.9080965559184,70.90312326772312,70.89695915543064,70.88975466945882,70.88166026022563,70.87282637814889,70.86340347364657,70.85354199713655,70.8433923990367,70.83310512976499,70.82283063973924,70.8127193793774,70.80292179909733,70.79358834931699,70.78486948045426,70.77691564292701,70.76987728715318,70.76390486355064,70.7591488225373,70.75575961453106,70.75388768994983,70.75368349921152,70.755297492734,70.7588801209352,70.76458183423301,70.77255308301227,70.78285987949178,70.79523786651117,70.80934190021173,70.82482683673467,70.84134753222125,70.85855884281273,70.87611562465031,70.89367273387532,70.91088502662896,70.92740735905247,70.9428945872871,70.95700156747412,70.96938315575477,70.9796942082703,70.98758958116196,70.99272413057099,70.99475271263861,70.99333018350615,70.98811139931476,70.97875121620578,70.96490449032038,70.94622607779985,70.92237083478543,70.89299361741837,70.85774928183992,70.81631818145158,70.76894250283914,70.71641292768325,70.65954296682432,70.59914613110271,70.53603593135878,70.47102587843293,70.40492948316546,70.33856025639682,70.27273170896731,70.20825735171735,70.14595069548727,70.08662525111748,70.0310945294483,69.98017204132015,69.93467129757332,69.89540580904827,69.8631890865853,69.83883464102482,69.82315598320716,69.81696662397272,69.82108007416187,69.83630984461496,69.86346944617236,69.90337238967444,69.95683218512579,70.02402247206766,70.10264086674664,70.18978616821448,70.2825571755229,70.37805268772351,70.47337150386807,70.56561242300822,70.65187424419568,70.72925576648214,70.79485578891928,70.84577311055878,70.87910653045236,70.8919548476517,70.88141686120849,70.84459137017438,70.77857717360112,70.68047307054039,70.54737786004384,70.37639034116322,70.16460931295015,69.9091335744564,69.60706192473359,69.25549316283346,68.85152608780768,68.39225949870792,67.88269845822848
70.39110474138727,70.39266242374629,70.39881216470752,70.40919229314152,70.42344113791877,70.44119702790981,70.46209829198516,70.4857832590153,70.5118902578708,70.54005761742214,70.56992366653984,70.60112673409442,70.63330514895642,70.66609723999633,70.69914133608466,70.73207576609195,70.7645388588887,70.79616894334544,70.82660434833267,70.8554834027209,70.88244443538069,70.90712577518252,70.92916575099692,70.94820269169439,70.96387492614546,70.97582078322066,70.98368372984962,70.98737185967443,70.98718012968071,70.98343419284066,70.97645970212643,70.96658231051023,70.95412767096424,70.93942143646062,70.92278925997155,70.90455679446924,70.88504969292585,70.86459360831357,70.84351419360456,70.82213710177103,70.80078798578516,70.7797924986191,70.75947629324507,70.74016502263522,70.72218433976175,70.70585989759684,70.69151734911266,70.6794823472814,70.67008054507524,70.66363759546635,70.66047915142693,70.66093086592915,70.66528014580398,70.67343385646359,70.68508070550115,70.69990681707979,70.71759831536262,70.73784132451281,70.76032196869345,70.78472637206768,70.81074065879864,70.83805095304945,70.86634337898323,70.89530406076312,70.92461912255227,70.95397468851378,70.98305688281079,71.01155182960642,71.03914565306381,71.0655244773461,71.0903744266164,71.11338162503785,71.13423219677357,71.1526122659867,71.16820795684036,71.1807053934977,71.18979070012182,71.19515003108036,71.1965972157783,71.19436553293305,71.18877426963843,71.18014271298829,71.16879015007642,71.15503586799669,71.1391991538429,71.12159929470887,71.10255557768845,71.08238728987546,71.06141371836372,71.03995415024706,71.01832787261931,70.99685417257429,70.97585233720582,70.95564165360774,70.93654140887388,70.91887089009806,70.90294938437411,70.88909617879585,70.87763056045712,70.86887181645173,70.86313923387353,70.86075209981631,70.86202970137393,70.8672826888283,70.87652448254809,70.88940330824231,70.90554498091255,70.92457531556045,70.94612012718761,70.96980523079563,70.99525644138615,71.02209957396076,71.04996044352107,71.07846486506871,71.10723865360528,71.1359076241324,71.16409759165168,71.19143437116473,71.21754377767317,71.2420516261786,71.26458373168263,71.28476590918689,71.30222397369297,71.3165837402025,71.32747102371711,71.33451163923836,71.33733140176791,71.33555612630734,71.32881162785829,71.3167894294884,71.29970506100673,71.27802482158178,71.25221657711367,71.22274819350257,71.19008753664859,71.1547024724519,71.11706086681262,71.0776305856309,71.03687949480688,70.9952754602407,70.9532863478325,70.91138002348244,70.87002435309063,70.82968720255722,70.79083643778237,70.7539399246662,70.71946552910886,70.6878811170105,70.65965455427126,70.63525370679126,70.61514644047067,70.59980062120961,70.58968411490822,70.58526478746667,70.58701035972695,70.59529728684711,70.61025479314367,70.63197064606871,70.66053261307435,70.6960284616127,70.73854595913589,70.78817287309602,70.84499697094519,70.90910602013555,70.98058778811918,71.05953004234821,71.14602055027477,71.24014707935095,71.34199739702889,71.45165927076066,71.5692204679984,71.69476875619422,71.82839190280023,71.97017767526856,72.1202138410513,72.27858816760057,72.44538842236851,72.62070237280722,72.80461778636877,72.99722243050535
69.40066167251163,69.46220705502185,69.52199275523984,69.5800193480762,69.63628740844163,69.69079751124667,69.743550231402,69.7945461438182,69.84378582340588,69.8912698450757,69.93699878373826,69.98097321430419,70.02319371168412,70.06366085078864,70.10237520652836,70.13933735381397,70.17454786755602,70.20800732266514,70.23971629405199,70.26967535662715,70.29788508530126,70.32434605498491,70.34905884058878,70.37202401702345,70.39324215919956,70.4127138420277,70.43044765628389,70.44652897247798,70.46108587761105,70.47424691864447,70.48614064253948,70.49689559625742,70.50664032675954,70.51550338100714,70.52361330596153,70.53109864858402,70.53808795583589,70.54470977467844,70.55109265207292,70.5573651349807,70.56365577036303,70.5700931051812,70.57680568639651,70.58392206097028,70.59157077586377,70.5998803780383,70.60897941445518,70.61899643207565,70.63005997786104,70.64229859877264,70.65584084177175,70.67081122049214,70.68721118642642,70.7048994945105,70.72372691247509,70.74354420805085,70.76420214896851,70.78555150295873,70.80744303775222,70.82972752107966,70.8522557206717,70.8748784042591,70.8974463395725,70.91981029434262,70.94182103630013,70.96332933317572,70.98418595270007,71.0042416626039,71.02334723061787,71.04135342447267,71.05811101189903,71.0734707606276,71.08728343838905,71.09939981291413,71.10967065193347,71.11794672317782,71.12407902914455,71.12800031815036,71.129844699086,71.12977673257072,71.12796097922376,71.12456199966437,71.11974435451174,71.11367260438516,71.10651130990382,71.09842503168696,71.08957833035382,71.08013576652363,71.07026190081561,71.060121293849,71.04987850624306,71.03969809861701,71.02974463159003,71.02018266578145,71.01117676181042,71.0028914802962,70.99549138185805,70.98914102711515,70.98400497668678,70.98024779119214,70.9780340312505,70.97752825748105,70.97885669643833,70.98192956813386,70.98658150027384,70.99264704038762,70.99996073600457,71.00835713465398,71.01767078386521,71.02773623116767,71.03838802409061,71.04946071016346,71.06078883691552,71.07220695187615,71.08354960257472,71.09465133654052,71.10534670130298,71.11547024439136,71.12485651333506,71.13334005566341,71.14075541890577,71.14693715059147,71.15171979824987,71.15493790941031,71.15642603160214,71.15601871235472,71.15355049919737,71.14887288877429,71.14208286416306,71.13346231441196,71.12329765573517,71.11187530434685,71.09948167646118,71.08640318829231,71.07292625605444,71.05933729596168,71.04592272422826,71.03296895706833,71.02076241069602,71.00958950132554,70.99973664517105,70.9914902584467,70.98513675736666,70.98096255814511,70.97925407699623,70.98029773013417,70.98437993377308,70.99178710412716,71.00280565741056,71.01772200983746,71.03682257762199,71.06039377697837,71.08871009536051,71.12131239659482,71.15659401535771,71.19284834704436,71.22836878704982,71.26144873076919,71.29038157359759,71.31346071093006,71.32897953816175,71.3352314506877,71.33050984390306,71.3131081132029,71.28131965398231,71.23343786163639,71.16775613156025,71.08256785914895,70.97616643979757,70.84684526890126,70.69289774185512,70.51261725405419,70.30429720089361,70.06623097776844,69.79671198007381,69.4940336032048,69.15648924255649,68.78242312827192,68.39142303202138,68.00042293577079
69.96134845254575,70.0902498580982,70.2071356217597,70.31255589581875,70.40706083256379,70.49120058428333,70.56552530326586,70.63058514179983,70.68693025217372,70.73511078667603,70.77567689759523,70.80917873721981,70.83616645783825,70.857190211739,70.87280015121055,70.88354642854141,70.88997919602002,70.8926486059349,70.8921048105745,70.88889796222729,70.88357821318178,70.87669571572643,70.86880062214973,70.86044308474015,70.85217325578618,70.8445412875763,70.83808934506213,70.83309571525179,70.82952067081568,70.8273055514776,70.8263916969613,70.82672044699055,70.82823314128916,70.83087111958089,70.83457572158952,70.83928828703883,70.84495015565257,70.85150266715456,70.85888716126856,70.86704497771834,70.87591745622767,70.88544593652036,70.89557175832014,70.90623626135084,70.9173807853362,70.92894667000002,70.94087525506606,70.9531078802581,70.96558588529993,70.9782506099153,70.99104339382802,71.00390557676185,71.01677934384765,71.02961209747373,71.04235322830066,71.05495213090285,71.06735819985475,71.07952082973081,71.09138941510548,71.1029133505532,71.11404203064839,71.12472484996553,71.13491120307904,71.14455048456338,71.15359208899298,71.16198541094231,71.16967984498578,71.17662478569784,71.18276962765296,71.18806376542555,71.1924565935901,71.195897506721,71.19833589939273,71.19972116617971,71.20000270165642,71.19912990039727,71.19705215697671,71.19371954908634,71.18914167099922,71.1834329754705,71.17671858896075,71.16912363793061,71.16077324884064,71.15179254815143,71.14230666232359,71.13244071781769,71.12231984109434,71.1120691586141,71.1018137968376,71.09167888222542,71.08178954123814,71.07227090033635,71.06324808598065,71.05484622463162,71.04719044274987,71.04040586679596,71.03461762323052,71.02995083851411,71.02653063910734,71.02448215147079,71.02393050206506,71.02500081735073,71.0278182237884,71.03249022404987,71.03895118470584,71.04703720208072,71.05658324457642,71.06742428059485,71.07939527853796,71.09233120680766,71.10606703380586,71.12043772793447,71.13527825759544,71.15042359119067,71.16570869712208,71.1809685437916,71.19603809960114,71.21075233295262,71.22494621224796,71.23845470588908,71.25111278227791,71.26275540981636,71.27321755690636,71.2823341919498,71.28994028334864,71.29587079950477,71.29996070882012,71.30204497969662,71.30195877024111,71.2996336086726,71.29525389990185,71.28904502510782,71.28123236546944,71.27204130216563,71.26169721637534,71.25042548927752,71.23845150205108,71.22600063587495,71.21329827192811,71.20056979138946,71.18804057543794,71.17593600525248,71.16448146201203,71.15390232689553,71.14442398108191,71.1362718057501,71.12967118207904,71.12484749124765,71.12202611443489,71.12143243281969,71.12329182758099,71.1278296798977,71.13527137094879,71.14584228191318,71.15973058512803,71.17649946066669,71.19519349037044,71.21484155860054,71.23447254971818,71.25311534808458,71.26979883806094,71.28355190400848,71.29340343028842,71.29838230126197,71.29751740129035,71.28983761473476,71.27437182595642,71.25014891931656,71.21619777917635,71.17154728989705,71.11522633583985,71.04626380136597,70.96368857083662,70.86652952861301,70.75381555905638,70.62457554652791,70.47783837538883,70.31263293000033,70.12798809472368,69.92293275392004
69.87590083225996,69.9226741959496,69.96656584889234,70.00770332197132,70.04621414606969,70.08222585207061,70.11586597085721,70.14726203331269,70.17654157032017,70.2038321127628,70.22926119152373,70.25295633748614,70.27504508153318,70.29565495454797,70.31491348741369,70.33294821101347,70.3498866562305,70.3658563539479,70.38098483504884,70.39539963041646,70.40922827093392,70.42259828748439,70.43563721095099,70.44847257221689,70.46123190216525,70.4740427316792,70.48702222741491,70.50018828258087,70.5135035594913,70.52693012574846,70.54043004895456,70.55396539671182,70.56749823662244,70.58099063628867,70.59440466331272,70.6077023852968,70.62084586984315,70.63379718455397,70.6465183970315,70.65897157487794,70.67111878569553,70.68292209708649,70.69434357665303,70.70534529199736,70.71588931072172,70.72593770042833,70.73545252871942,70.74439586319718,70.75272977146385,70.76041632112165,70.76741757977281,70.7736967253273,70.77925081264947,70.78411617858501,70.78833135872392,70.79193488865626,70.79496530397203,70.79746114026128,70.79946093311403,70.8010032181203,70.80212653087013,70.80286940695353,70.80327038196056,70.80336799148122,70.80320077110555,70.80280725642356,70.80222598302531,70.8014954865008,70.80065430244008,70.79974096643316,70.79879401407007,70.79785198094085,70.79695340263552,70.7961368147441,70.79544075285663,70.79490375256314,70.79456433305702,70.79445530422227,70.79459541247357,70.79500127740933,70.79568951862795,70.79667675572784,70.79797960830739,70.79961469596502,70.80159863829911,70.80394805490809,70.80667956539034,70.80980978934429,70.81335534636831,70.81733285606083,70.82175893802024,70.82665021184495,70.83202329713336,70.83789481348389,70.8442813804949,70.85119961776483,70.85866614489208,70.86669758147504,70.87531054711212,70.88452166140173,70.89434754394226,70.90480481433212,70.91589805755592,70.92756404540539,70.93971581818938,70.95226639104601,70.96512877911333,70.97821599752947,70.99144106143251,71.00471698596054,71.01795678625167,71.03107347744398,71.04398007467556,71.05658959308452,71.06881504780894,71.08056945398693,71.09176582675657,71.10231718125596,71.11213653262317,71.12113689599633,71.12923128651353,71.13633271931285,71.14235420953237,71.14720877231022,71.15080942278446,71.15306917609321,71.15390104737456,71.15322114999724,71.1509904712718,71.1472037985834,71.14185674686507,71.13494493104987,71.12646396607083,71.11640946686099,71.10477704835338,71.09156232548106,71.07676091317707,71.06036842637444,71.04238048000622,71.02279268900544,71.00160066830516,70.9788000328384,70.9543863975382,70.92835537733761,70.90070258716968,70.87142364196743,70.84051415666391,70.80796974619217,70.77378602548525,70.73795860947618,70.700483113098,70.66135515128376,70.62057871952912,70.57867322135408,70.53696425804803,70.49684764334394,70.45971919097477,70.4269747146735,70.40001002817311,70.38022094520656,70.36900327950683,70.36775284480689,70.3778654548397,70.40073692333824,70.4377630640355,70.49033969066443,70.559862616958,70.6477276566492,70.75533062347101,70.88406733115637,71.03533359343827,71.21052522404966,71.41103803672354,71.63826784519287,71.89361046319063,72.17846170444977,72.4942173827033,72.84222855845981,73.20516383463104,73.56809911080228
70.03018220588062,70.01470852709188,70.0024253219357,69.99318980908323,69.98685920720558,69.98329073497392,69.98234161105937,69.98386905413307,69.98773028286615,69.99378251592975,70.00188297199502,70.01188886973308,70.02365742781508,70.03704586491214,70.05191139969543,70.06811125083605,70.08550263700515,70.10394277687388,70.12328888911337,70.14339819239474,70.16412790538915,70.18533524676772,70.2068774352016,70.22861168936193,70.25039522791982,70.27208526961938,70.29356285150007,70.31480016473513,70.33579120341912,70.35652996164661,70.37701043351218,70.39722661311039,70.4171724945358,70.43684207188299,70.45622933924652,70.47532829072094,70.49413292040083,70.51263722238076,70.53083519075528,70.54872081961899,70.56628810306643,70.58353103519217,70.60044361009076,70.6170198218568,70.63325366458484,70.64913913236946,70.6646702193052,70.67984091948664,70.69464522700835,70.70907713596489,70.72313064033416,70.73679476203023,70.75004031606663,70.76283395108389,70.77514231572249,70.78693205862297,70.79816982842581,70.80882227377157,70.81885604330071,70.82823778565378,70.83693414947129,70.84491178339373,70.85213733606162,70.85857745611548,70.86419879219582,70.86896799294317,70.872851706998,70.87581658300086,70.87782926959224,70.87885641541267,70.87886466910265,70.8778206793027,70.87569109465332,70.87244256379503,70.86804173536835,70.86245526074394,70.85568575907881,70.84786188644983,70.83913989040329,70.82967601848544,70.81962651824257,70.80914763722096,70.79839562296686,70.78752672302659,70.77669718494637,70.7660632562725,70.75578118455127,70.74600721732892,70.73689760215176,70.72860858656604,70.72129641811804,70.71511734435404,70.71022761282032,70.70678347106315,70.70494116662879,70.70485694706352,70.70668705991363,70.71058775272539,70.71671527304505,70.72522586841892,70.73627576994478,70.7499259010541,70.765917541281,70.78392503486687,70.80362272605309,70.82468495908103,70.84678607819207,70.86960042762757,70.89280235162893,70.91606619443752,70.93906630029473,70.96147701344191,70.98297267812045,71.00322763857173,71.02191623903711,71.038712823758,71.05329173697575,71.06532732293175,71.07449392586737,71.08046589002399,71.08291755964298,71.08152327896573,71.07595739223362,71.065894243688,71.05100817757027,71.03097358636742,71.00561396115286,70.97523147947746,70.94022419139648,70.90099014696519,70.85792739623884,70.81143398927269,70.76190797612199,70.70974740684201,70.65535033148801,70.59911480011525,70.54143886277896,70.48272056953444,70.42335797043691,70.36374911554167,70.30429205490393,70.24538483857899,70.18742551662207,70.13081213908848,70.07594275603341,70.02321541751216,69.97302817358,69.92577907429218,69.88186616970394,69.84168750987055,69.80564111614322,69.77407157745093,69.74715922811983,69.7250529436352,69.70790159948231,69.69585407114637,69.68905923411268,69.68766596386645,69.69182313589296,69.70167962567746,69.7173843087052,69.73908606046145,69.76693375643143,69.80107627210042,69.84166248295367,69.88884126447641,69.94276149215393,70.00357204147147,70.0714217879143,70.14645960696764,70.22883437411674,70.31869496484688,70.41619025464333,70.52146911899129,70.63468043337605,70.75592934181824,70.88046410112588,71.00499886043352,71.12953361974115,71.25406837904879
69.52130863173014,69.60135199431977,69.67630400211956,69.74635184337501,69.81168270633157,69.87248377923473,69.92894225032995,69.98124530786274,70.02958014007854,70.07413393522285,70.11509388154113,70.1526471672789,70.1869809806816,70.21828250999471,70.2467389434637,70.27253746933408,70.2958652758513,70.31690955126086,70.33585748380821,70.35289626173883,70.36821307329825,70.38199510673186,70.39442955028522,70.40570359220376,70.41600442073297,70.42551922411835,70.43443408699551,70.44287825451394,70.45089787698566,70.45853251149526,70.46582171512728,70.4728050449663,70.47952205809688,70.48601231160359,70.49231536257099,70.49847076808365,70.50451808522612,70.510496871083,70.51644668273883,70.52240707727819,70.52841761178564,70.53451784334575,70.54074732904309,70.54714562596223,70.55375229118772,70.56060688180412,70.56774895489605,70.57521806754801,70.5830537768446,70.59129563987037,70.59998321370989,70.60915605544776,70.61884663235688,70.62901686950929,70.63958825135236,70.6504817834346,70.66161847130451,70.67291932051066,70.68430533660154,70.69569752512567,70.70701689163158,70.71818444166777,70.72912118078281,70.73974811452516,70.74998624844338,70.75975658808596,70.76898013900146,70.7775779067384,70.78547089684525,70.79258011487056,70.79882656636289,70.8041312568707,70.80841519194254,70.81159937712692,70.81360481797239,70.81435252002743,70.81376348884058,70.81175874182873,70.808309464236,70.80355165708477,70.79765511698866,70.79078964056126,70.78312502441611,70.77483106516684,70.76607755942703,70.75703430381029,70.74787109493019,70.7387577294003,70.72986400383425,70.72135971484562,70.713414659048,70.70619863305495,70.69988143348013,70.69463285693703,70.69062270003934,70.68802075940059,70.68699683163439,70.68772071335431,70.69036220117397,70.69509109170696,70.70207718156684,70.71149026736722,70.72350014572169,70.73826988184749,70.75573088460851,70.77552993585303,70.797296350874,70.82065944496432,70.8452485334169,70.87069293152467,70.89662195458052,70.9226649178774,70.94845113670817,70.97360992636578,70.99777060214316,71.0205624793332,71.04161487322878,71.06055709912286,71.07701847230834,71.09062830807815,71.10101592172518,71.10781062854235,71.11064174382258,71.10913858285878,71.10293046094384,71.09164669337073,71.07491659543231,71.05236948242151,71.02363466963124,70.98841250746605,70.94696983503732,70.89984459104141,70.84757640792355,70.79070491812891,70.7297697541027,70.66531054829008,70.59786693313629,70.5279785410865,70.4561850045859,70.3830259560797,70.30904102801307,70.23476985283122,70.16075206297936,70.08752729090264,70.01563516904628,69.94561532985543,69.87800740577538,69.81335102925124,69.75218583272826,69.69505144865158,69.64248750946643,69.59503364761798,69.55322949555145,69.517614685712,69.48872823114903,69.46671944192795,69.45068195644748,69.43953239297085,69.43218736976118,69.42756350508171,69.4245774171956,69.422145724366,69.41918504485614,69.41461199692918,69.40734319884831,69.39629526887668,69.38038482527753,69.35852848631399,69.32964287024924,69.29264459534647,69.2464502798689,69.18997654207968,69.12214000024198,69.04185727261901,68.94804497747393,68.83961973306992,68.71549815767017,68.57459686953786,68.41583248693618,68.23812162812828
70.24619581097654,70.4209392610597,70.57630955576187,70.7132318701061,70.83263137911544,70.93543325781292,71.0225626812216,71.09494482436449,71.15350486226465,71.19916796994511,71.23285932242892,71.25550409473912,71.26802746189875,71.27135459893084,71.26641068085844,71.25412088270458,71.23541037949231,71.21120434624466,71.18242795798467,71.15000638973541,71.11486481651987,71.07792841336114,71.04012235528222,71.00237181730618,70.96560197445604,70.93073800175485,70.89869730864082,70.86999735174301,70.84457088828668,70.82230428204743,70.8030838968009,70.78679609632267,70.7733272443884,70.76256370477368,70.75439184125415,70.74869801760539,70.74536859760305,70.74428994502273,70.74534842364007,70.74843039723065,70.7534222295701,70.76021028443405,70.76868092559812,70.77872051683791,70.79021542192903,70.80305200464713,70.81711662876779,70.83229565806666,70.84847545631932,70.86554238730142,70.88338281478856,70.90188310255637,70.92092974944708,70.9404105981888,70.96021426193617,70.98022936296724,71.00034452356003,71.0204483659926,71.04042951254301,71.06017658548927,71.07957820710944,71.09852299968156,71.1168995854837,71.13459658679386,71.15150262589012,71.1675063250505,71.18249630655306,71.19636119267584,71.20898960569689,71.22027016789423,71.23009150154593,71.23834222893002,71.24491097232455,71.24968635400757,71.25255699625711,71.25341152135123,71.25213855156795,71.24862672576333,71.24283475833545,71.23495158204408,71.22521333608589,71.21385615965758,71.20111619195583,71.18722957217733,71.17243243951877,71.15696093317683,71.1410511923482,71.12493935622956,71.1088615640176,71.09305395490901,71.07775266810046,71.06319384278868,71.0496136181703,71.03724813344203,71.02633352780057,71.01710594044259,71.00980151056478,71.00465637736383,71.00190668003643,71.00178855777925,71.00453814978898,71.01039159526232,71.01958503339596,71.03234766031267,71.04866973104463,71.06824792313958,71.09076089833111,71.1158873183528,71.14330584493828,71.17269513982113,71.20373386473494,71.23610068141333,71.26947425158988,71.30353323699819,71.33795629937187,71.3724221004445,71.40660930194969,71.44019656562104,71.47286255319213,71.50428592639658,71.53414534696799,71.56211947663994,71.58788697714603,71.61112651021986,71.63151673759505,71.64873632100516,71.66246392218382,71.6723782028646,71.67815782478114,71.67950939169472,71.6763623386228,71.66875273900357,71.65671733252003,71.64029285885522,71.61951605769214,71.5944236687138,71.56505243160322,71.53143908604343,71.49362037171743,71.45163302830824,71.40551379549886,71.35529941297234,71.30102662041166,71.24273215749986,71.18045276391994,71.11422517935492,71.04408614348782,70.97007239600165,70.89222067657944,70.81056772490419,70.72515028065892,70.63600508352664,70.54316887319038,70.44667838933314,70.34657060319437,70.24302817351061,70.13662841384335,70.02801481538566,69.91783086933056,69.80672006687111,69.69532589920034,69.58429185751133,69.47426143299711,69.36587811685072,69.25978540026522,69.15662677443366,69.05704573054908,68.96168575980452,68.87119035339302,68.78620300250766,68.7073671983415,68.63532643208754,68.57072419493886,68.51420397808849,68.46640927272948,68.42798357005489,68.39957036125776,68.38181313753113,68.37535539006805,68.38084061006158
70.18528308328445,70.28431804152424,70.37054642607117,70.44468662979307,70.50745704555779,70.55957606623319,70.60176208468712,70.63473349378744,70.65920868640198,70.67590605539863,70.68554399364521,70.68884089400959,70.6865151493596,70.67928515256311,70.66786929648798,70.65298597400205,70.63535357797316,70.61569050126919,70.59471513675797,70.57314587730737,70.55170111578524,70.53109924505941,70.51205865799774,70.4952977474681,70.48153490633834,70.4714885274763,70.46586397841227,70.46493630811739,70.4684619641601,70.4761665192347,70.48777554603546,70.50301461725668,70.52160930559262,70.54328518373758,70.56776782438584,70.59478280023166,70.62405568396933,70.65531204829314,70.68827746589736,70.72267750947627,70.75823775172415,70.79468376533531,70.83174112300398,70.86913539742449,70.90659216129107,70.94383698729806,70.98059544813968,71.01659311651025,71.05155556510405,71.08520836661533,71.11727709373841,71.14748731916755,71.1755982639606,71.20157680319686,71.22546894792184,71.24732086496044,71.26717872113764,71.28508868327837,71.30109691820756,71.31524959275015,71.32759287373109,71.33817292797532,71.34703592230778,71.35422802355342,71.35979539853716,71.36378421408395,71.36624063701873,71.36721083416646,71.36674097235206,71.36487721840047,71.36166573913664,71.35715270138552,71.35138427197202,71.34440661772112,71.33626590545772,71.3270083020068,71.31667997419328,71.3053274654314,71.29303012947817,71.27992512654816,71.26615550106374,71.2518642974473,71.2371945601212,71.22228933350782,71.20729166202953,71.19234459010873,71.17759116216779,71.16317442262907,71.14923741591495,71.13592318644784,71.12337477865007,71.11173523694406,71.10114760575215,71.09175492949673,71.08370025260018,71.07712661948489,71.0721770745732,71.06899466228754,71.06772242705023,71.0685034132837,71.07148066541028,71.07679722785238,71.08459614503236,71.0949946233029,71.10785603581989,71.12289968266255,71.13984321027365,71.15840426509597,71.17830049357222,71.19924954214521,71.22096905725769,71.2431766853524,71.26559007287213,71.28792686625962,71.30990471195766,71.33124125640897,71.35165414605635,71.37086102734254,71.38857954671032,71.40452735060244,71.41842208546164,71.42998139773073,71.43892293385244,71.44496434026954,71.44782326342478,71.44721734976093,71.44286424572076,71.43448159774702,71.42178740129694,71.40467695116918,71.38351077842657,71.35872480125349,71.33075493783433,71.30003710635347,71.2670072249953,71.2321012119442,71.19575498538455,71.15840446350074,71.12048556447716,71.08243420649819,71.04468630774822,71.00767778641163,70.97184456067279,70.93762254871612,70.90544766872598,70.87575583888675,70.84898297738283,70.82556500239859,70.80593783211845,70.79053738472675,70.7797995784079,70.77416033134628,70.77405556172627,70.77992118773226,70.79215484902792,70.81051122574954,70.83421149115105,70.86246066973553,70.89446378600599,70.92942586446549,70.96655192961707,71.00504700596379,71.04411611800869,71.08296429025481,71.1207965472052,71.1568179133629,71.19023341323096,71.22024807131241,71.24606691211034,71.26689496012774,71.28193723986767,71.29039877583321,71.29148459252735,71.28439971445319,71.26834916611374,71.24253797201206,71.20617115665118,71.15845374453416,71.09859076016404,71.02578722804388
70.07308449022581,70.0920576209607,70.10761899217984,70.12004837177896,70.12962552765387,70.13663022770032,70.14134223981407,70.14404133189088,70.14500727182653,70.14451982751677,70.1428587668574,70.14030385774414,70.13713486807278,70.1336315657391,70.13007371863883,70.12674109466775,70.12391346172164,70.12187058769626,70.12089224048738,70.12125818799075,70.12324819810213,70.12714203871731,70.13321947773206,70.1417602830421,70.15304422254326,70.16735106413125,70.1849564515244,70.20592361992247,70.23000528005524,70.25692950383583,70.2864243631774,70.31821792999312,70.35203827619611,70.38761347369956,70.4246715944166,70.46294071026037,70.50214889314405,70.54202421498077,70.5822947476837,70.62268856316598,70.66293373334076,70.70275833012121,70.74189042542048,70.78005809115169,70.81698939922804,70.85241242156266,70.88605523006869,70.91764589665931,70.94691249324765,70.97358309174687,70.99738576407015,71.01804858213059,71.03532571137157,71.04923094261791,71.05992690543889,71.06757799195569,71.07234859428951,71.07440310456154,71.07390591489298,71.07102141740499,71.06591400421878,71.05874806745557,71.0496879992365,71.03889819168279,71.02654303691563,71.01278692705621,70.99779425422571,70.98172941054534,70.96475678813627,70.94704077911972,70.92874577561685,70.91003616974886,70.89107635363695,70.8720307194023,70.85306365916612,70.83433956504959,70.81602282917389,70.79827783637246,70.7812381659456,70.76493619213467,70.74938353701252,70.73459182265198,70.72057267112591,70.70733770450714,70.69489854486854,70.68326681428293,70.6724541348232,70.66247212856216,70.65333241757268,70.6450466239276,70.63762636969976,70.63108327696203,70.62542896778723,70.62067506424822,70.61683318841786,70.61391496236898,70.61193200817443,70.61089594790708,70.61081840363975,70.61171099744531,70.61358535139658,70.61645308756644,70.62032582802772,70.62521366997534,70.63107423298418,70.63780065944918,70.64528213502832,70.65340784537958,70.66206697616093,70.67114871303035,70.6805422416458,70.69013674766528,70.69982141674674,70.70948543454817,70.71901798672756,70.72830825894286,70.73724543685205,70.74571870611312,70.75361725238403,70.76083026132275,70.76724691858728,70.77275640983558,70.77724792072563,70.7806106369154,70.78273374406287,70.78350642782601,70.78281787386281,70.78055726783123,70.77661379538925,70.77091153855822,70.76365286984596,70.7551733408236,70.74580933512507,70.73589723638436,70.72577342823541,70.71577429431215,70.70623621824856,70.69749558367857,70.68988877423615,70.68375217355525,70.6794221652698,70.67723513301377,70.67752746042109,70.68063553112573,70.68689572876166,70.69664443696279,70.71021803936308,70.72795291959652,70.75018546129701,70.77725204809852,70.80948906363501,70.84723289154043,70.89081991544872,70.94058651899385,70.99686794816336,71.0592836801708,71.12551423654865,71.19291500535438,71.25884137464539,71.32064873247911,71.37569246691302,71.42132796600451,71.45491061781105,71.47379581039006,71.47533893179897,71.45689537009524,71.41582051333629,71.34946974957954,71.2551984668824,71.1303620533024,70.97231589689692,70.77841538572339,70.54601590783928,70.27247285130198,69.95514160416896,69.59137755449764,69.17853609034545,68.71397259976985,68.19504247082826,67.61910109157813
69.82164143782369,69.9038822281212,69.97870127889925,70.04646747509399,70.1075497016416,70.16231684347827,70.21113778554013,70.25438141276338,70.29241661008419,70.32561226243874,70.35433725476318,70.3789604719937,70.39985079906646,70.41737712091764,70.43190832248341,70.44381328869993,70.45346090450339,70.46122005482997,70.46745962461581,70.4725484987971,70.47685556231002,70.48074970009073,70.4845997970754,70.48877473820022,70.49364340840134,70.49957469261494,70.50693390262416,70.51590232123888,70.52639219545173,70.53829442538961,70.55149991117939,70.56589955294801,70.58138425082235,70.59784490492932,70.61517241539582,70.63325768234874,70.65199160591499,70.67126508622148,70.6909690233951,70.71099431756275,70.73123186885134,70.75157257738778,70.77190734329895,70.79212706671177,70.81212264775313,70.83178498654993,70.85100498322909,70.86967353791749,70.88768155074204,70.90491992182965,70.9212795513072,70.9366513393016,70.95093354314267,70.96409762285039,70.97615700428197,70.9871256102551,70.99701736358746,71.00584618709668,71.01362600360045,71.02037073591643,71.02609430686228,71.03081063925566,71.03453365591425,71.03727727965571,71.0390554332977,71.0398820396579,71.03977102155396,71.03873630180355,71.03679180322435,71.03395144863399,71.03022916085017,71.02563886269054,71.02019447697276,71.01390992651451,71.00679913413346,70.99887602264725,70.99015451487357,70.98064853833607,70.97039191299677,70.95948381121339,70.94803680589833,70.93616346996401,70.92397637632286,70.91158809788729,70.8991112075697,70.88665827828254,70.87434188293821,70.86227459444913,70.85056898572772,70.83933762968638,70.82869309923754,70.81874796729363,70.80961480676704,70.80140619057022,70.79423469161556,70.78821288281547,70.7834533370824,70.78006862732876,70.77817132646695,70.7778740074094,70.7792892430685,70.78252960635672,70.78770767018644,70.79493158250155,70.80415720901159,70.81515331225702,70.82767717291708,70.84148607167104,70.85633728919817,70.87198810617772,70.88819580328898,70.9047176612112,70.92131096062364,70.93773298220557,70.95374100663626,70.96909231459499,70.983544186761,70.99685390381356,71.00877874643196,71.01907599529542,71.02750293108325,71.03381683447469,71.03777498614903,71.0391346667855,71.03765315706339,71.03308773766197,71.02519568926049,71.01373429253822,70.99846082817442,70.97917573896413,70.95602367566636,70.92931401365878,70.89935715746898,70.8664635116246,70.83094348065323,70.79310746908249,70.75326588143997,70.71172912225332,70.66880759605012,70.62481170735798,70.58005186070451,70.53483846061735,70.48948191162408,70.44429261825232,70.39958098502969,70.35565741648377,70.31283231714221,70.2714160915326,70.23171914418256,70.1940518796197,70.15872470237163,70.12604801696594,70.09633222793028,70.06988773979222,70.04702489232386,70.02801328330143,70.01301214395926,70.00216219873569,69.99560417206906,69.99347878839771,69.99592677215996,70.00308884779416,70.01510573973863,70.03211817243172,70.05426687031176,70.08169255781709,70.11453595938605,70.15293779945695,70.19703880246816,70.24697969285798,70.30290119506475,70.36494403352683,70.43324893268253,70.50795661697022,70.58920781082819,70.6771432386948,70.77190362500839,70.87362969420728,70.98246217072982,71.09854177901433
70.17848644074891,70.1908728204718,70.20626729479271,70.22445202992223,70.24520919207089,70.26832094744923,70.29356946226781,70.32073690273718,70.34960543506787,70.37995722547045,70.41157444015546,70.44423924533343,70.47773380721495,70.51184029201052,70.5463408659307,70.58101769518605,70.61565294598711,70.65002878454443,70.68392737706857,70.71713088977005,70.74942148885944,70.78058134054727,70.81039261104411,70.83863746656048,70.86509807330695,70.88955659749406,70.91179772448676,70.93173588427331,70.94947518322924,70.96513477775724,70.97883382426001,70.99069147914022,71.00082689880058,71.00935923964379,71.01640765807252,71.0220913104895,71.02652935329739,71.0298409428989,71.0321452356967,71.03356138809353,71.03420855649203,71.03420589729494,71.03367256690493,71.03272772172468,71.03149051815691,71.03008011260431,71.02861566146956,71.02721632115536,71.0260012480644,71.0250895985994,71.024600529163,71.02465319615793,71.02535680155259,71.02672150269466,71.02870067636242,71.03124702693734,71.03431325880084,71.03785207633439,71.04181618391944,71.04615828593742,71.05083108676979,71.055787290798,71.06097960240349,71.06636072596773,71.07188336587214,71.07750022649819,71.08316401222731,71.08882742744096,71.0944431765206,71.09996396384766,71.10534249380359,71.11053147076984,71.11548359912786,71.1201515832591,71.124488127545,71.12844593636703,71.13197771410663,71.13503617060874,71.13759711009101,71.13971220844454,71.14144869910035,71.14287381548957,71.1440547910432,71.14505885919235,71.14595325336808,71.14680520700144,71.1476819535235,71.14865072636533,71.14977875895799,71.15113328473257,71.1527815371201,71.15479074955167,71.15722815545833,71.16016098827116,71.16365648142121,71.16778186833956,71.17260438245728,71.17819125720541,71.18460972601504,71.19192702231723,71.20021037954304,71.20952703112353,71.21994421048979,71.23152599958587,71.24422802410903,71.25787265384791,71.27227408114635,71.28724649834818,71.30260409779723,71.31816107183735,71.33373161281236,71.3491299130661,71.36417016494238,71.37866656078508,71.39243329293801,71.40528455374499,71.41703453554989,71.4274974306965,71.43648743152869,71.44381873039028,71.44930551962511,71.452761991577,71.4540023385898,71.45284075300735,71.44909142717346,71.44256855343198,71.43308632412673,71.42045893160157,71.40450056820032,71.3850807912678,71.36251068132088,71.33731261478985,71.31001028821838,71.28112739815012,71.25118764112877,71.220714713698,71.19023231240148,71.16026413378289,71.1313338743859,71.1039652307542,71.07868189943146,71.05600757696133,71.03646595988752,71.0205807447537,71.00887562810352,71.00187430648069,71.00010047642887,71.00407783449172,71.01433007721295,71.0313809011362,71.05575400280517,71.08797307876353,71.12856182555494,71.1780439397231,71.23694212529838,71.3051546304024,71.3808881061272,71.46206554838592,71.54660995309173,71.63244431615777,71.71749163349719,71.79967490102314,71.87691711464876,71.94714127028722,72.00827036385166,72.05822739125523,72.09493534841108,72.11631723123236,72.12029603563222,72.1047947575238,72.06773639282028,72.00704393743477,71.92064038728046,71.80644873827046,71.66239198631796,71.48639312733609,71.27637515723798,71.03026107193682,70.74597386734573,70.42143653937788
70.27503491709892,70.10396351680083,69.95696620101245,69.83278475226662,69.73016095309613,69.64783658603382,69.5845534336125,69.53905327836496,69.51007790282404,69.49636908952256,69.4966686209933,69.50971827976912,69.53425984838282,69.56903510936719,69.61278584525508,69.66425383857928,69.72218087187262,69.7853087276679,69.85237918849795,69.92213403689557,69.9933150553936,70.06466402652482,70.13492273282208,70.20283295681817,70.26713648104591,70.32657508803813,70.37992465859197,70.42673859164421,70.46734407709083,70.50210165765077,70.531371876043,70.55551527498643,70.57489239720003,70.58986378540273,70.60078998231347,70.60803153065119,70.61194897313483,70.61290285248334,70.61125371141566,70.60736209265072,70.60158853890746,70.59429359290486,70.58583779736182,70.57658169499729,70.56688582853022,70.55711074067955,70.54761697416423,70.53876507170317,70.53091557601535,70.52442902981969,70.51966597583514,70.516986956776,70.51665884130368,70.51857792013652,70.5225488577833,70.52837631875278,70.5358649675537,70.54481946869487,70.55504448668502,70.56634468603293,70.57852473124738,70.59138928683713,70.60474301731094,70.61839058717759,70.63213666094583,70.64578590312443,70.65914297822216,70.67201255074781,70.68419928521011,70.69550784611785,70.70574289797977,70.71470910530468,70.72221113260132,70.72805364437846,70.73204130514488,70.73397877940931,70.73367073168056,70.73093106754582,70.72578082219674,70.71844519591788,70.70915803713135,70.69815319425922,70.68566451572357,70.67192584994652,70.65717104535013,70.64163395035649,70.6255484133877,70.60914828286585,70.59266740721301,70.5763396348513,70.56039881420277,70.54507879368953,70.53061342173366,70.51723654675726,70.5051820171824,70.4946836814312,70.4859753879257,70.47929098508803,70.47486432134026,70.47292924510448,70.47371960480278,70.47746924885726,70.48441202565043,70.49468071171474,70.5080126339191,70.52404841806172,70.54242868994079,70.5627940753545,70.58478520010104,70.60804268997857,70.63220717078534,70.65691926831948,70.6818196083792,70.7065488167627,70.73074751926816,70.75405634169378,70.77611590983773,70.79656684949822,70.81504978647341,70.83120534656152,70.84467415556074,70.85509683926922,70.8621140234852,70.86536633400684,70.86449439663232,70.85913883715986,70.84894028138763,70.83353935511383,70.8125975938511,70.78623727953489,70.7550305022644,70.7195680738056,70.6804408059244,70.63823951038678,70.59355499895867,70.54697808340602,70.49909957549478,70.45051028699088,70.40180102966029,70.35356261526896,70.30638585558282,70.26086156236781,70.2175805473899,70.17713362241503,70.14011159920915,70.10710528953818,70.07870550516812,70.05550305786488,70.03808875939441,70.02705342152267,70.0229878560156,70.02648287463914,70.03812928915926,70.0585179107549,70.08779016307255,70.12434853342333,70.16617495371362,70.21125135584984,70.25755967173842,70.30308183328575,70.34579977239825,70.38369542098233,70.4147507109444,70.4369475741909,70.4482679426282,70.44669374816276,70.43020692270095,70.3967893981492,70.34442310641388,70.2710899794015,70.17477194901838,70.05345094717099,69.90510890576572,69.72772775670897,69.51928943190718,69.27777586326674,69.00116898269408,68.6874507220956,68.33460301337772,67.94619460227561
69.61349187313218,69.64530295293609,69.67543653915881,69.70399360344595,69.7310751174431,69.75678205279586,69.78121538114982,69.80447607415061,69.82666510344383,69.84788344067506,69.86823205748993,69.88781192553402,69.90672401645294,69.9250693018923,69.94294875349767,69.96046334291471,69.97771404178897,69.99480182176607,70.01182765449163,70.02889251161122,70.04609736477046,70.06354318561496,70.08133094579031,70.09956161694213,70.11833617071599,70.13775557875752,70.15791950768433,70.17886041093904,70.20051248161349,70.22280211625207,70.2456557113992,70.26899966359926,70.29276036939663,70.31686422533575,70.341237627961,70.36580697381675,70.39049865944742,70.41523908139742,70.43995463621111,70.46457172043293,70.48901673060725,70.51321606327846,70.53709611499099,70.5605832822892,70.58360396171751,70.60608454982032,70.62795144314202,70.649131038227,70.66954973161967,70.68913391986442,70.70780999950564,70.72550436708774,70.74214905023682,70.75773210471019,70.77227370622454,70.7857944108619,70.79831477470428,70.80985535383368,70.82043670433214,70.83007938228164,70.83880394376422,70.84663094486189,70.85358094165663,70.85967449023049,70.86493214666548,70.86937446704358,70.87302200744685,70.87589532395728,70.87801497265687,70.87940150962766,70.88007549095164,70.88005747271083,70.87936801098725,70.8780276618629,70.87605698141981,70.87347652573997,70.87030685090542,70.86656851652828,70.86229700415767,70.85757681820827,70.85250251526786,70.84716865192418,70.841669784765,70.83610047037807,70.83055526535117,70.82512872627201,70.8199154097284,70.81500987230807,70.81050667059878,70.8065003611883,70.80308550066437,70.80035664561476,70.79840835262722,70.79733517828953,70.79723167918941,70.79819241191466,70.80031193305301,70.80368479919223,70.80840556692006,70.81456879282428,70.82226903349265,70.8316008455129,70.84265878547282,70.85553348042414,70.8701803251523,70.88638855989618,70.90393722857651,70.92260537511402,70.94217204342948,70.9624162774436,70.98311712107714,71.00405361825084,71.02500481288543,71.04574974890167,71.06606747022028,71.08573702076202,71.10453744444762,71.12224778519783,71.13864708693337,71.15351439357502,71.1666287490435,71.17776919725954,71.1867147821439,71.1932445476173,71.19713753760051,71.19817279601425,71.19612936677926,71.1907862938163,71.1819226210461,71.16934331672005,71.15306008967474,71.13318358679473,71.10982507309978,71.0830958136097,71.05310707334424,71.01997011732317,70.98379621056628,70.94469661809332,70.9027826049241,70.85816543607835,70.81095637657587,70.76126669143645,70.70920764567983,70.65489050432579,70.59842653239413,70.53992699490458,70.47950315687696,70.41726628333102,70.35332763928655,70.2877984897633,70.22079009978107,70.15241373435961,70.0827806585187,70.01200213727813,69.9401897067822,69.86762548560552,69.7950536853675,69.72329600368639,69.65317413818038,69.58550978646768,69.52112464616651,69.46084041489509,69.4054787902716,69.35586146991429,69.31281015144134,69.27714653247098,69.24969231062141,69.23126918351085,69.2226988487575,69.22480300397959,69.23840334679531,69.26432157482287,69.30337938568051,69.35639847698641,69.42420054635879,69.50760729141587,69.60744040977585,69.72452159905694,69.85967255687737,70.01371498085533
70.8145767920994,70.65725970452512,70.5223610362092,70.40871939565699,70.31517339137376,70.24056163186484,70.1837227256355,70.1434952811911,70.11871790703688,70.10822921167819,70.11086780362034,70.1254722913686,70.15088128342829,70.18593338830472,70.22946721450319,70.28032137052901,70.33733446488748,70.39934510608389,70.46519190262357,70.53371346301181,70.60374839575393,70.67413530935521,70.74371281232096,70.81131951315652,70.87579402036715,70.93597494245817,70.99071169697108,71.03941040187468,71.08229102717351,71.11963811862367,71.15173622198125,71.17886988300235,71.20132364744308,71.2193820610595,71.23332966960774,71.2434510188439,71.25003065452404,71.25335312240429,71.25370296824073,71.25136473778947,71.2466229768066,71.23976223104822,71.23106704627041,71.22082196822927,71.20931154268092,71.19682031538144,71.18363283208693,71.17003363855349,71.15630728053719,71.14273830379418,71.12961125408049,71.11721067715227,71.1058011023851,71.09544790019143,71.08610226659187,71.07771404555123,71.0702330810343,71.06360921700586,71.05779229743074,71.0527321662737,71.04837866749955,71.04468164507307,71.04159094295908,71.03905640512235,71.0370278755277,71.03545519813989,71.03428821692374,71.03347677584404,71.03297071886557,71.03271988995314,71.03267413307155,71.03278329218557,71.03299721126002,71.03326573425969,71.03353870514935,71.03376596789381,71.03389736645788,71.03388274883052,71.03368897333463,71.03333878214487,71.03286637645894,71.0323059574746,71.03169172638958,71.03105788440162,71.03043863270845,71.02986817250782,71.02938070499745,71.02901043137508,71.02879155283846,71.0287582705853,71.02894478581337,71.02938529972037,71.03011401350406,71.03116512836218,71.03257284549245,71.03437136609261,71.03659489136041,71.03927762249357,71.04245376068984,71.04615750714694,71.05042306306262,71.05528462963463,71.06077640806066,71.06693125727861,71.07373584328055,71.08112007660966,71.08901038492763,71.0973331958961,71.10601493717671,71.11498203643113,71.12416092132098,71.13347801950792,71.1428597586536,71.15223256641967,71.16152287046778,71.17065709845956,71.17956167805669,71.18816303692078,71.19638760271351,71.20416180309653,71.21141206573147,71.21806481827998,71.22404648840372,71.22928350376432,71.23370229202345,71.23722928084274,71.23979089788385,71.24131357080842,71.2417237272781,71.24095566681082,71.23900646517106,71.23590324040687,71.23167329826153,71.22634394447826,71.21994248480031,71.21249622497093,71.20403247073337,71.19457852783086,71.18416170200666,71.172809299004,71.16054862456615,71.14740698443632,71.13341168435778,71.11859003007378,71.10296932732754,71.08657688186233,71.06943999942138,71.05158598574793,71.03304214658525,71.01383578767656,70.99399421476512,70.97354473359417,70.95251464990695,70.93093126944672,70.90882199420703,70.8862747836446,70.86354164214436,70.84090208193892,70.81863561526094,70.79702175434305,70.77634001141786,70.75686989871802,70.73889092847617,70.72268261292493,70.70852446429693,70.69669599482482,70.68747671674122,70.68114614227876,70.67798378367009,70.67826915314781,70.6822817629446,70.69030112529305,70.70260675242582,70.71947815657552,70.74119484997482,70.76803634485631,70.80028215345264,70.83821178799646,70.88210476072038,70.93224058385704
69.9615761069062,70.02110844110507,70.07634371318719,70.12748011074754,70.17471582138108,70.21824903268276,70.25827793224755,70.2950007076704,70.32861554654625,70.35932063647007,70.38731416503683,70.41279431984147,70.43595928847895,70.45700725854425,70.47613641763229,70.49354495333804,70.50943105325646,70.52399290498253,70.53742869611119,70.54993661423738,70.56171484695608,70.57296158186223,70.58387500655081,70.59465330861676,70.60549467565502,70.6165972952606,70.62815760574199,70.64028195148242,70.65294496666525,70.66611083482096,70.67974373947999,70.69380786417281,70.7082673924299,70.72308650778172,70.73822939375873,70.7536602338914,70.76934321171018,70.78524251074555,70.80132231452797,70.81754680658788,70.83388017045579,70.85028658966213,70.86673024773738,70.88317532821199,70.89958601461646,70.91592649048121,70.93216093933671,70.94825354471345,70.9641684901419,70.97986995915248,70.9953221352757,71.01048920204198,71.02533699571062,71.03984779686012,71.05401331331305,71.06782536452967,71.08127576997018,71.09435634909485,71.10705892136386,71.11937530623749,71.13129732317591,71.1428167916394,71.15392553108819,71.16461536098248,71.17487810078251,71.1847055699485,71.19408958794071,71.20302197421935,71.21149454824464,71.21949912947684,71.22702753737616,71.23407159140282,71.24062311101707,71.24667391567911,71.2522158248492,71.25724065798757,71.26174023455442,71.26570637692431,71.26914322627971,71.27209539463931,71.2746157925952,71.27675733073949,71.27857291966427,71.28011546996169,71.2814378922238,71.28259309704275,71.28363399501062,71.28461349671952,71.28558451276152,71.28659995372878,71.28771273021337,71.2889757528074,71.290441932103,71.29216417869222,71.29419540316721,71.29658851612005,71.29939642814287,71.30267204982773,71.30646829176678,71.3108380645521,71.3158342787758,71.32150984502998,71.32791767390674,71.33510859365089,71.34306176996297,71.35166831960485,71.3608139560857,71.37038439291476,71.38026534360118,71.39034252165419,71.40050164058297,71.41062841389673,71.42060855510466,71.43032777771597,71.43967179523986,71.44852632118551,71.45677706906216,71.46430975237897,71.47101008464513,71.47676377936986,71.48145655006238,71.48497411023186,71.48720217338749,71.4880264530385,71.48733266269406,71.4850065158634,71.4809337260557,71.47500000678014,71.46709107154595,71.45711727935812,71.44518553139253,71.4314967863064,71.41625259039982,71.39965448997292,71.38190403132577,71.36320276075853,71.34375222457125,71.32375396906407,71.30340954053709,71.28292048529042,71.26248834962416,71.24231467983843,71.22260102223332,71.20354892310894,71.18535992876542,71.16823558550283,71.15237743962132,71.13798703742094,71.12526592520186,71.11441564926415,71.1056377559079,71.09913379143327,71.09510530214034,71.0937538343292,71.09528077971488,71.0997902702768,71.10712296978554,71.11707536238697,71.12944393222699,71.14402516345143,71.16061554020621,71.1790115466372,71.19900966689025,71.22040638511126,71.24299818544608,71.26658155204063,71.29095296904075,71.3159089205923,71.34124589084121,71.36676036393331,71.39224882401447,71.41750775523062,71.44233364172759,71.46652296765126,71.48987221714751,71.51217787436224,71.53323642344128,71.55284434853054,71.57079813377588,71.58689426332319
69.64250559067592,69.73508760938329,69.8197730233705,69.89693227667375,69.96693581332921,70.03015407737306,70.08695751284142,70.13771656377051,70.18280167419648,70.2225832881555,70.25743184968375,70.28771780281738,70.31381159159258,70.3360836600455,70.35490445221231,70.3706444121292,70.38367398383232,70.39436361135786,70.40308373874197,70.41020481002082,70.41609726923059,70.42113156040745,70.42567812758756,70.4301074148071,70.43478986610224,70.44009592550913,70.44638998858895,70.45383662721007,70.46235959432853,70.47186830577452,70.48227217737814,70.49348062496952,70.50540306437881,70.51794891143615,70.53102758197167,70.54454849181549,70.55842105679777,70.57255469274862,70.58685881549819,70.60124284087662,70.61561618471403,70.62988826284057,70.64396849108635,70.65776628528154,70.67119106125625,70.68415223484062,70.6965592218648,70.70832143815892,70.71934829955309,70.72954922187748,70.7388336209622,70.74711091263738,70.75430627812035,70.76044219150381,70.7655782047355,70.76977394275106,70.77308903048609,70.77558309287623,70.77731575485711,70.77834664136438,70.77873537733363,70.77854158770052,70.77782489740066,70.7766449313697,70.77506131454327,70.77313367185695,70.77092162824644,70.76848480864732,70.76588283799524,70.76317534122582,70.76042194327468,70.75768226907748,70.75501594356983,70.75248259168735,70.75014183836569,70.74805330854046,70.74627662714731,70.74487116997305,70.74387460571565,70.7432863587328,70.74310196043228,70.74331694222187,70.74392683550933,70.7449271717024,70.74631348220888,70.74808129843652,70.75022615179309,70.75274357368636,70.7556290955241,70.75887824871408,70.76248656466406,70.7664495747818,70.77076281047509,70.77542180315167,70.78042208421932,70.78575918508582,70.79142863715893,70.7974259718464,70.803746720556,70.81038641469553,70.81734058567271,70.82460476489535,70.8321744837712,70.8400387191505,70.84812205591055,70.85631253071595,70.86449776073962,70.87256536315448,70.88040295513345,70.88789815384946,70.89493857647543,70.90141184018427,70.90720556214892,70.91220735954228,70.9163048495373,70.91938564930688,70.92133737602394,70.92204764686143,70.92140407899224,70.9192942895893,70.91560589582555,70.9102265148739,70.90304376390726,70.89394526009858,70.88281862062074,70.86955146264671,70.85403140334938,70.83614605990168,70.81578323507449,70.79292501540372,70.76780088950942,70.74068043517157,70.71183323017017,70.68152885228521,70.65003687929665,70.6176268889845,70.58456845912875,70.55113116750937,70.51758459190634,70.48419831009967,70.45124189986934,70.41898493899534,70.38769700525764,70.35764767643623,70.32910653031111,70.30234314466226,70.27762709726966,70.2552279659133,70.2354153283732,70.21845876242928,70.20462784586158,70.19419215645006,70.18742127197471,70.18458477021554,70.1859125343679,70.19096770265129,70.19876017001222,70.20828308524428,70.21852959714109,70.22849285449625,70.23716600610337,70.24354220075607,70.24661458724793,70.2453763143726,70.23882053092366,70.22594038569473,70.2057290274794,70.17717960507132,70.13928526726404,70.09103916285122,70.03143444062646,69.95946424938334,69.87412173791549,69.77440005501653,69.65929234948004,69.52779177009965,69.37889146566896,69.21158458498158,69.02486427683114,68.8177236900112
69.39037488060323,69.62908804545424,69.84123540026307,70.0281420835287,70.19113323375012,70.33153398942632,70.45066948905627,70.54986487113896,70.6304452741734,70.69373583665853,70.74106169709339,70.77374799397693,70.79311986580814,70.800502451086,70.79722088830951,70.78460031597764,70.76396587258941,70.73664269664377,70.70395592663971,70.66723070107624,70.62779215845231,70.58696543726694,70.5460756760191,70.50644801320777,70.46940758733194,70.43627953689061,70.40837676003711,70.38638173741784,70.37005532909791,70.35908526840802,70.35315928867888,70.35196512324119,70.35519050542561,70.36252316856287,70.37365084598365,70.38826127101865,70.40604217699857,70.42668129725409,70.44986636511592,70.47528511391475,70.50262527698128,70.5315745876462,70.56182077924022,70.59305158509402,70.62495473853829,70.65721797290374,70.68952902152107,70.72157561772094,70.7530454948341,70.78362638619122,70.81300602512297,70.84087214496009,70.86693372104254,70.89111108243374,70.91344572363423,70.93398057398848,70.95275856284098,70.96982261953625,70.98521567341875,70.99898065383297,71.0111604901234,71.02179811163454,71.03093644771086,71.03861842769686,71.04488698093702,71.04978503677584,71.05335552455782,71.05564137362741,71.05668551332913,71.05653087300745,71.05522038200687,71.05279696967187,71.04930356534696,71.0447830983766,71.03927849810529,71.03283269387752,71.02548861503777,71.01728919365767,71.00828888944078,70.99858003368546,70.98826272328728,70.97743705514178,70.9662031261445,70.95466103319102,70.94291087317686,70.93105274299755,70.91918673954868,70.90741295972576,70.89583150042436,70.88454245854001,70.87364593096828,70.8632420146047,70.8534308063448,70.84431240308416,70.83598690171831,70.8285543991428,70.82211499225318,70.816768777945,70.81261585311378,70.80975631465512,70.80829025946451,70.80831778443752,70.80993898646972,70.81325042092402,70.81822676376652,70.82469294256015,70.83246469533687,70.84135776012863,70.8511878749674,70.86177077788513,70.87292220691377,70.88445790008527,70.89619359543161,70.90794503098472,70.91952794477658,70.93075807483912,70.9414511592043,70.9514229359041,70.96048914297045,70.96846551843532,70.97516780033065,70.98041172668842,70.98401303554057,70.98578746491904,70.98555075285581,70.98311863738284,70.97830685653207,70.97093114833545,70.96080725082496,70.94779102988812,70.93205836184833,70.91393826764647,70.893760725025,70.87185571172644,70.84855320549325,70.8241831840679,70.7990756251929,70.77356050661069,70.74796780606378,70.72262750129465,70.69786957004577,70.67402399005961,70.65142073907867,70.63038979484544,70.61126113510237,70.59436473759195,70.58003058005667,70.56858864023901,70.56036889588145,70.55570132472647,70.55491590451653,70.55834261299414,70.56631142790177,70.5791523269819,70.59719530480871,70.62078094590191,70.65027852202735,70.68606211536715,70.72850580810348,70.77798368241848,70.8348698204943,70.89953830451309,70.97236321665699,71.05371863910815,71.14397865404872,71.24351734366086,71.35270879012668,71.47192707562837,71.60154628234811,71.74194049246795,71.89348378817009,72.05655025163666,72.23151396504983,72.41874901059174,72.61862947044453,72.83152942679035,73.05782296181137,73.29788415768971,73.55208709660752,73.82080586074696
70.37456905236127,70.4375213200347,70.4924883878648,70.53990087342363,70.58018939428338,70.61378456801611,70.641117012194,70.66261734438913,70.67871618217363,70.68984414311964,70.69643184479926,70.69890990478463,70.69770894064784,70.69325956996104,70.68599241029636,70.6763380792259,70.66472719432178,70.65159037315614,70.63735823330109,70.62246139232874,70.60733046781124,70.59239607732069,70.57808883842922,70.56483936870895,70.553078285732,70.54321752370153,70.53539045287194,70.52951651197347,70.52550966591188,70.52328387959288,70.52275311792222,70.5238313458056,70.5264325281488,70.5304706298575,70.53585961583747,70.54251345099442,70.55034610023408,70.55927152846219,70.5692037005845,70.5800565815067,70.59174413613455,70.60418032937376,70.6172791261301,70.63095449130925,70.645120389817,70.65969078655903,70.67457964644109,70.68970093436891,70.70496861524825,70.72029670493112,70.73560977617882,70.75085583703657,70.76598604820123,70.78095157036967,70.79570356423875,70.81019319050532,70.82437160986625,70.8381899830184,70.85159947065861,70.86455123348377,70.87699643219072,70.88888622747633,70.90017178003747,70.91080425057099,70.92073479977374,70.9299145883426,70.93829477697442,70.94582652636606,70.95246099721437,70.95814935021625,70.96284274606852,70.96649234546804,70.96904930911171,70.97046479769635,70.97070583029686,70.96985561794553,70.96804905611828,70.96542127577811,70.9621074078881,70.95824258341123,70.95396193331058,70.94940058854914,70.94469368008994,70.93997633889603,70.93538369593043,70.93105088215616,70.92711302853625,70.92370526603375,70.92096272561166,70.91902053823301,70.91801383486086,70.91807774645821,70.9193474039881,70.92195793841356,70.9260444806976,70.93174216180327,70.93918611269359,70.9485114643316,70.95984880901331,70.97315599629478,70.98816859298532,71.00460752133746,71.02219370360375,71.04064806203671,71.0596915188889,71.07904499641283,71.09842941686107,71.11756570248612,71.13617477554055,71.1539775582769,71.17069497294769,71.18604794180546,71.19975738710275,71.2115442310921,71.22112939602606,71.22823380415714,71.2325783777379,71.23388403902086,71.23187171025859,71.2262623137036,71.21677677160844,71.20313600622563,71.1850609398198,71.16240660898929,71.13555731011256,71.10502787920176,71.07133315226896,71.0349879653263,70.99650715438585,70.95640555545977,70.91519800456011,70.87339933769901,70.83152439088859,70.79008800014091,70.74960500146813,70.71059023088233,70.67355852439562,70.6390247180201,70.60750364776789,70.57951014965109,70.55555905968181,70.53616521387217,70.52184344823425,70.51310859878019,70.51047550152207,70.51445899247202,70.52557390764211,70.54427524074389,70.57014145147978,70.60208577161825,70.63900486245645,70.6797953852915,70.72335400142056,70.76857737214077,70.81436215874925,70.85960502254316,70.90320262481966,70.94405162687585,70.9810486900089,71.01309047551594,71.03907364469411,71.05789485884057,71.06845077925243,71.06963806722686,71.06035338406099,71.03949339105196,71.00595474949691,70.95863412069299,70.8964281659373,70.81823354652704,70.72294692375934,70.60987241739385,70.49088291197124,70.37189340654865,70.25290390112606,70.13391439570346,70.01492489028087,69.89593538485828,69.77694587943567,69.65795637401308
70.15850032935795,70.24252158234832,70.31447183653292,70.37503401535248,70.4248910422477,70.46472584065926,70.49522133402789,70.51706044579427,70.53092609939914,70.53750121828317,70.53746872588707,70.53151154565155,70.52031260101732,70.50455481542508,70.48492111231553,70.46209441512939,70.43675764730733,70.40959373229008,70.38128559351834,70.35251615443282,70.3239683384742,70.29632506908321,70.27026926970055,70.2464838637669,70.22565177472299,70.20845592600952,70.19556696027595,70.18724979921677,70.18328040709756,70.18340563816017,70.18737234664651,70.1949273867985,70.20581761285797,70.21978987906685,70.23659103966702,70.25596794890036,70.27766746100878,70.30143643023413,70.32702171081833,70.35417015700325,70.3826286230308,70.41214396314285,70.44246303158131,70.47333268258805,70.50449977040495,70.53571114927392,70.56671367343684,70.5972541971356,70.6270795746121,70.6559366601082,70.6835723078658,70.7097333721268,70.73419681407908,70.7569253937948,70.7779526784228,70.79731237449596,70.8150381885471,70.83116382710911,70.84572299671484,70.85874940389712,70.87027675518885,70.88033875712286,70.888969116232,70.89620153904916,70.90206973210717,70.9066074019389,70.9098482550772,70.91182599805491,70.91257433740492,70.91212697966007,70.91051763135323,70.90777999901724,70.90394778918497,70.89905470838926,70.89313446316298,70.886220760039,70.87834730555015,70.86954814877886,70.85988718343904,70.84948088460382,70.83845107968347,70.82691959608816,70.81500826122817,70.80283890251368,70.79053334735497,70.77821342316221,70.76600095734567,70.75401777731555,70.7423857104821,70.73122658425552,70.72066222604606,70.71081446326393,70.70180512331936,70.69375603362258,70.68678902158382,70.6810259146133,70.67658854012124,70.67359872551789,70.67217829821347,70.67244908561818,70.67453291514228,70.67855161419597,70.68462701018949,70.69286223238598,70.70317671945152,70.715385649184,70.72930300269992,70.74474276111576,70.761518905548,70.77944541711312,70.79833627692761,70.81800546610795,70.83826696577063,70.85893475703213,70.87982282100894,70.90074513881753,70.9215156915744,70.941948460396,70.96185742639886,70.98105657069945,70.99935987441424,71.01658131865972,71.03253488455239,71.04703455320869,71.05989430574515,71.07092812327824,71.07994998692443,71.08677387780021,71.09121390102429,71.09314715483919,71.09261603243637,71.08968971148518,71.08443736965494,71.07692818461497,71.0672313340346,71.05541599558316,71.04155134692996,71.02570656574437,71.00795082969566,70.9883533164532,70.9669832036863,70.94390966906428,70.91920189025647,70.8929290449322,70.86516031076081,70.8359648654116,70.80541188655391,70.77357055185708,70.74051003899041,70.70629952562324,70.6710081894249,70.63470520806472,70.597459759212,70.55934102053611,70.5204225501792,70.48085148453859,70.44083601285209,70.4005861723695,70.36031200034064,70.32022353401531,70.28053081064331,70.24144386747446,70.20317274175856,70.16592747074542,70.12991809168483,70.09535464182662,70.06244715842057,70.03140567871651,70.00244023996422,69.97576087941353,69.95157763431425,69.93010054191618,69.91153963946911,69.89610496422286,69.88400655342724,69.87545444433205,69.8706586741871,69.86982928024219,69.87317629974712,69.88090976995171
69.34524845859208,69.54551628779066,69.72690828451321,69.89029288266008,70.0365385161316,70.16651361882809,70.2810866246499,70.38112596749737,70.46750008127084,70.54107739987062,70.60272635719707,70.65331538715051,70.69371292363131,70.72478740053975,70.7474072517762,70.76244091124099,70.77075681283445,70.77322339045693,70.77070907800875,70.76408230939026,70.75421151850179,70.74196513924367,70.72821160551625,70.71381935121985,70.69965681025482,70.68659241652149,70.67548170425515,70.66675404097981,70.66032519644514,70.65608036341706,70.65390473466148,70.6536835029443,70.65530186103148,70.65864500168888,70.66359811768244,70.67004640177807,70.67787504674168,70.68696924533918,70.69721419033651,70.70849507449955,70.72069709059423,70.73370543138645,70.74740528964215,70.76168185812722,70.77642032960757,70.79150589684915,70.80682375261783,70.82225908967955,70.83769710080021,70.85302297874573,70.86812191628202,70.88287910617501,70.89719170264686,70.91103067761057,70.92439513455219,70.93728423233487,70.94969712982183,70.96163298587624,70.97309095936123,70.98407020914001,70.99456989407574,71.0045891730316,71.01412720487077,71.02318314845643,71.03175616265173,71.03984540631986,71.04745003832399,71.05456921752729,71.06120210279293,71.0673478529841,71.07300562696398,71.07817458359571,71.0828538817425,71.0870426802675,71.09074013803391,71.09394541390486,71.09665766674358,71.09887616597206,71.10060981345332,71.10188448183578,71.10272777125019,71.10316728182721,71.10323061369756,71.10294536699195,71.10233914184104,71.10143953837557,71.10027415672624,71.09887059702372,71.09725645939874,71.09545934398197,71.09350685090415,71.09142658029594,71.08924613228807,71.08699310701121,71.0846951045961,71.0823797251734,71.08007456887383,71.07780723582809,71.07560532616688,71.0734964400209,71.07150817752085,71.06966813879743,71.06800392398134,71.06654053453182,71.06527744256,71.06419962998501,71.06329191241106,71.06253910544231,71.06192602468296,71.06143748573722,71.06105830420924,71.06077329570323,71.06056727582337,71.06042506017387,71.06033146435888,71.06027130398263,71.06022939464928,71.06019055196303,71.06013959152806,71.06006132894856,71.05994057982873,71.05976215977276,71.05951088438482,71.0591715692691,71.0587290300298,71.0581680822711,71.05747354159719,71.05663022361226,71.05562278701309,71.05435618152963,71.05252619930769,71.04979474049142,71.04582370522499,71.04027499365255,71.03281050591828,71.02309214216632,71.01078180254083,70.99554138718601,70.97703279624596,70.9549179298649,70.92885868818696,70.8985169713563,70.8635546795171,70.82363371281349,70.77841597138966,70.72756335538973,70.67073776495793,70.60760110023837,70.53781526137523,70.46104214851266,70.37694366179484,70.28518170136591,70.18541816737003,70.07731495995138,69.96061810308913,69.83648663830363,69.70725208306568,69.57528144458901,69.44294173008733,69.31259994677434,69.18662310186377,69.0673782025693,68.95723225610466,68.85855226968356,68.7737052505197,68.7050582058268,68.65497814281855,68.62583206870869,68.6199869907109,68.63980991603891,68.68766785190644,68.76592780552717,68.87695678411484,69.02312179488312,69.20678984504576,69.43032794181644,69.6961030924089,70.00648230403682,70.36383258391392,70.77052093925393
70.30912789930687,70.32161007823291,70.3336030152401,70.34514946568845,70.35629218493796,70.36707392834862,70.3775374512804,70.38772550909329,70.3976808571473,70.40744625080242,70.41706444541859,70.42657819635588,70.4360302589742,70.44546338863358,70.454920340694,70.46444387051548,70.47407673345796,70.48386168488145,70.49384148014593,70.50405887461142,70.51455662363787,70.5253774825853,70.53656420681367,70.548159551683,70.56020627255327,70.57274712478446,70.58582409878048,70.59943978722674,70.61353918645716,70.62806272277632,70.64295082248884,70.65814391189932,70.67358241731233,70.68920676503251,70.70495738136441,70.72077469261265,70.73659912508185,70.75237110507655,70.76803105890141,70.78351941286098,70.7987765932599,70.81374302640273,70.8283591385941,70.84256535613855,70.85630210534075,70.86950981250527,70.88212890393669,70.89409980593962,70.90536294481865,70.9158587468784,70.92552763842343,70.93431004575837,70.94215373454858,70.94907949562409,70.95514998387986,70.96042834996604,70.96497774453286,70.96886131823047,70.97214222170908,70.97488360561888,70.97714862061002,70.97900041733274,70.9805021464372,70.98171695857357,70.9827080043921,70.98353843454288,70.98427139967617,70.98497005044214,70.98569753749098,70.98651701147287,70.98749162303798,70.98868452283654,70.9901588615187,70.99197778973465,70.99420445813459,70.99690201736868,71.00013361808718,71.00396240565149,71.00842916993517,71.01350125658772,71.01913095146887,71.02527054043833,71.03187230935583,71.03888854408112,71.04627153047386,71.05397355439385,71.06194690170074,71.07014385825431,71.07851670991428,71.08701774254035,71.09559924199223,71.10421349412971,71.11281278481243,71.1213493999002,71.12977562525268,71.13804374672961,71.14610605019072,71.15391482149573,71.16142234650437,71.16858091107636,71.17534280107142,71.18166030234929,71.18748570076968,71.19277211986434,71.19750151106882,71.20169124552592,71.2053608679609,71.20852992309898,71.21121795566543,71.21344451038547,71.21522913198433,71.21659136518727,71.21755075471953,71.21812684530636,71.21833918167297,71.21820730854463,71.21775077064657,71.21698911270403,71.21594187944223,71.21462861558646,71.21306886586191,71.21128217499387,71.20928808770753,71.20710614872817,71.20475590278102,71.2022568945913,71.19962866888429,71.19689077038521,71.19406274381927,71.19115419184513,71.18809543142234,71.18477883644158,71.18109654373652,71.17694069014092,71.17220341248844,71.16677684761285,71.16055313234787,71.15342440352717,71.14528279798449,71.13602045255354,71.12552950406806,71.11370208936177,71.10043034526834,71.08560640862152,71.06912241625506,71.05087050500259,71.0307428116979,71.00863147317469,70.98442862626669,70.95802640780758,70.9293169546311,70.89819240357096,70.8645448914609,70.82826655513458,70.78924967462984,70.74747662914871,70.7031738687341,70.65660877040898,70.60804871119637,70.55776106811928,70.5060132182007,70.45307253846363,70.39920640593112,70.3446821976261,70.28976729057163,70.23472906179072,70.17983488830632,70.12535214714148,70.07154821531915,70.0186904698624,69.96704628779423,69.9168830461376,69.86846812191556,69.82206889215107,69.77795273386715,69.73638702408681,69.69763913983306,69.66197645812889,69.6296663559973,69.60097621046131
70.368035169162,70.40920249334582,70.44386886723011,70.4724743249403,70.49545890060183,70.51326262834017,70.52632554228076,70.53508767654903,70.53998906527042,70.5414697425704,70.5399697425744,70.53592909940787,70.52978784719623,70.52198602006497,70.5129636521395,70.50316077754528,70.49301743040776,70.48297364485236,70.47346945500456,70.46494489498978,70.45783999893348,70.45259480096108,70.44964933519806,70.44944363576984,70.45241773680188,70.4590116724196,70.46965540558529,70.48444617786957,70.50308024934542,70.52523000769894,70.55056784061625,70.57876613578348,70.60949728088673,70.64243366361212,70.67724767164577,70.7136116926738,70.7511981143823,70.78967932445741,70.82872771058523,70.86801566045187,70.90721556174348,70.94599980214615,70.984040769346,71.02101085102913,71.05658243488168,71.09042790858976,71.12221965983947,71.15163007631695,71.17833154570829,71.20199645569963,71.22229719397707,71.23890614822672,71.2515580199034,71.26037206719185,71.26561410102913,71.26755022084194,71.26644652605698,71.26256911610099,71.25618409040065,71.2475575483827,71.23695558947385,71.22464431310081,71.21088981869029,71.195958205669,71.18011557346365,71.16362802150097,71.14676164920765,71.12978255601043,71.11295684133599,71.09655060461107,71.08082994526237,71.0660609627166,71.0525097564005,71.04044242574075,71.03012507016406,71.02182378909718,71.0158046819668,71.01233208399964,71.01151662449976,71.01319812807517,71.01718885370933,71.02330106038569,71.0313470070877,71.04113895279882,71.05248915650247,71.06520987718214,71.07911337382124,71.09401190540325,71.10971773091158,71.12604310932973,71.14280029964112,71.15980156082921,71.17685915187744,71.19378533176925,71.21039235948813,71.22649249401748,71.24189799434077,71.25642111944147,71.269874128303,71.28206927990882,71.29281883324239,71.30193504728716,71.30923018102655,71.31453463298159,71.31785700449022,71.31930704295183,71.31899565669617,71.31703375405303,71.31353224335217,71.30860203292336,71.30235403109636,71.29489914620096,71.28634828656692,71.27681236052402,71.26640227640203,71.2552289425307,71.24340326723984,71.23103615885918,71.21823852571852,71.20512127614761,71.19179531847624,71.17837156103415,71.16496091215116,71.151674280157,71.13862257338145,71.12591670015429,71.11366756880528,71.1019860876642,71.09098305382018,71.0807127541157,71.07108119161613,71.06197034140799,71.05326217857773,71.04483867821187,71.03658181539689,71.02837356521928,71.02009590276555,71.01163080312216,71.00286024137561,70.99366619261242,70.98393063191904,70.97353553438198,70.96236287508773,70.95029462912278,70.93721277157363,70.92299927752674,70.90753612206863,70.89070528028579,70.8723887272647,70.85246843809186,70.83082638785375,70.80734455163686,70.78190490452769,70.75438942161274,70.72470220556377,70.69311903333666,70.66022408510717,70.62661087612618,70.5928729216445,70.55960373691295,70.52739683718237,70.4968457377036,70.46854395372746,70.44308500050478,70.4210623932864,70.40306964732316,70.38970027786588,70.38154780016541,70.37920572947255,70.38326758103814,70.39432687011302,70.41297711194804,70.439811821794,70.47542451490173,70.52040870652209,70.57535791190591,70.640865646304,70.71752542496719,70.80593076314634,70.90667517609225
69.63607658577902,69.84541827108208,70.03378556537749,70.20215762169809,70.3515135930767,70.48283263254618,70.59709389313934,70.69527652788904,70.77835968982811,70.84732253198936,70.90314420740566,70.94680386910983,70.9792806701347,71.00155376351313,71.01460230227792,71.0194054394619,71.01694232809797,71.00819212121891,70.99413397185756,70.97574703304679,70.95401045781938,70.9299033992082,70.90440501024611,70.8784944439659,70.85315085340045,70.82935339158254,70.80806655914975,70.78977078501399,70.77436311568235,70.76170586605826,70.75166135104521,70.74409188554665,70.73885978446603,70.73582736270683,70.73485693517247,70.73581081676645,70.7385513223922,70.74294076695318,70.74884146535288,70.75611573249475,70.7646258832822,70.77423423261877,70.78480309540785,70.79619478655295,70.80827162095747,70.82089591352491,70.83392997915874,70.84723613276239,70.86067668923931,70.87411396349302,70.8874102704269,70.90042792494447,70.9130436540849,70.92522312644732,70.936965905839,70.94827162279009,70.95913990783066,70.96957039149083,70.97956270430078,70.98911647679054,70.99823133949027,71.00690692293009,71.01514285764009,71.02293877415042,71.03029430299117,71.03720907469247,71.04368271978444,71.0497148687972,71.05530515226084,71.0604532007055,71.0651586446613,71.06942111465833,71.07324024122673,71.07661565489661,71.0795469861981,71.08203386566132,71.08407592381633,71.08567298669976,71.08684191384762,71.08762957503592,71.08808589482905,71.08826079779132,71.0882042084871,71.08796605148069,71.08759625133649,71.08714473261881,71.08666141989198,71.08619623772034,71.08579911066829,71.0855199633001,71.08540872018014,71.08551530587278,71.08588964494231,71.08658166195309,71.08764128146947,71.0891184280558,71.09106302627643,71.09352500069565,71.09655427587785,71.10020077638734,71.10451442678851,71.10954515164565,71.11534287552314,71.1219441699912,71.12925442680617,71.1371045814293,71.14532471473026,71.15374490757873,71.16219524084434,71.17050579539674,71.17850665210557,71.1860278918405,71.1928995954712,71.19895184386729,71.20401471789847,71.20791829843435,71.21049266634458,71.21156790249884,71.2109740877668,71.20854130301805,71.20409962912231,71.1974791469492,71.18850993736837,71.1770220812495,71.16284565946222,71.1458107528762,71.12574744236107,71.1024858087865,71.07585622584836,71.04583782295686,71.01280006685926,70.97717567476406,70.93939736387975,70.89989785141486,70.85910985457787,70.81746609057723,70.7753992766215,70.73334212991912,70.69172736767862,70.65098770710853,70.61155586541724,70.57386455981336,70.53834650750531,70.5054344257016,70.47556103161074,70.44915904244124,70.42666117540153,70.40850014770021,70.39510867654568,70.38691947914648,70.38436527271108,70.38787877444801,70.39789270156575,70.41483977127277,70.43909174297562,70.46999647550047,70.50605222830828,70.54573154428726,70.58750696632572,70.62985103731182,70.67123630013384,70.71013529768004,70.74502057283863,70.77436466849784,70.79664012754591,70.81031949287112,70.81387530736168,70.80578011390583,70.78450645539178,70.74852687470784,70.69631391474218,70.6263401183831,70.53707802851878,70.42700018803751,70.2945791398275,70.138287426777,69.95659759177425,69.74798217770748,69.51091372746495,69.2438647839349
70.29867760186421,70.24513929622024,70.20103544987352,70.16585617684109,70.13909159114003,70.12023180678739,70.10876693780025,70.10418709819567,70.1059824019907,70.11364296320242,70.1266588958479,70.14452031394418,70.16671733150835,70.19274006255745,70.22207862110855,70.25422312117873,70.28866367678503,70.32489040194454,70.3623934106743,70.4006628169914,70.43918873491288,70.4774612784558,70.51497056163724,70.55120669847427,70.58565980298394,70.61781998918332,70.64718246805296,70.67350496072737,70.69692895744328,70.71762639890889,70.73576922583241,70.75152937892204,70.76507879888598,70.77658942643242,70.7862332022696,70.7941820671057,70.80060796164891,70.80568282660745,70.80957860268953,70.81246723060333,70.81452065105708,70.81591080475897,70.8168096324172,70.81738907473998,70.8178210724355,70.81827756621199,70.81893049677764,70.81995180484064,70.82151343110921,70.82378731629153,70.82694540109584,70.83115962623032,70.83658360284159,70.84318856662217,70.85084120056855,70.85940694956169,70.86875125848253,70.87873957221207,70.88923733563125,70.90010999362104,70.91122299106242,70.92244177283635,70.93363178382378,70.94465846890569,70.95538727296305,70.96568364087682,70.97541301752797,70.98444084779746,70.99263257656625,70.99985364871533,71.00596950912565,71.01084560267817,71.01434737425386,71.0163402687337,71.01668973099864,71.01526120592965,71.0119201384077,71.00653199118028,70.99903774918391,70.98962650952268,70.97853824487507,70.96601292791954,70.95229053133458,70.93761102779868,70.9222143899903,70.90634059058793,70.89022960227004,70.87412139771511,70.85825594960164,70.84287323060808,70.82821321341291,70.8145158706946,70.80202117513167,70.79096909940257,70.78159961618577,70.77415269815977,70.76886831800303,70.76598644839405,70.76574706201129,70.76839013153322,70.77415562963834,70.78328352900512,70.79601380231205,70.81257905914623,70.83295851339396,70.85682004164809,70.88381241483056,70.91358440386331,70.94578477966829,70.98006231316744,71.01606577528268,71.05344393693599,71.09184556904928,71.13091944254451,71.17031432834361,71.20967899736853,71.2486622205412,71.28691276878358,71.3240794130176,71.35981092416522,71.39375607314835,71.42556363088894,71.45488236830897,71.48136105633033,71.504648465875,71.5243933678649,71.54024453322197,71.55185073286816,71.55886073772542,71.56096324875534,71.55816539981865,71.55062671444557,71.5385076682512,71.52196873685067,71.50117039585905,71.47627312089148,71.44743738756307,71.41482367148892,71.37859244828414,71.33890419356383,71.29591938294314,71.24979849203713,71.20070199646094,71.14879037182968,71.09422409375843,71.0371636378623,70.97776947975646,70.91620209505598,70.85262195937595,70.78718954833151,70.72006533753778,70.65140980260982,70.58138341916278,70.51014666281176,70.43786032446441,70.36488356647646,70.29211292229343,70.22053503434661,70.15113654506729,70.08490409688673,70.02282433223623,69.96588389354707,69.91506942325053,69.87136756377791,69.83576495756046,69.80924824702949,69.79280407461627,69.7874190827521,69.79407991386825,69.813773210396,69.84748561476664,69.89620376941144,69.9609143167617,70.0426038992487,70.14225915930372,70.26086673935804,70.39941328184294,70.5588854291897,70.74026982382962,70.94455310819397
70.43647320344003,70.35100382260312,70.27931532068055,70.22065607245315,70.17427445270178,70.13941883620727,70.1153375977505,70.10127911211227,70.09649175407347,70.10022389841491,70.11172391991747,70.13024019336196,70.15502109352927,70.1853149952002,70.22037027315564,70.2594353021764,70.30175845704333,70.3465881125373,70.39317264343916,70.44076042452971,70.48859983058985,70.53593923640038,70.58202701674219,70.62611154639609,70.66744120014295,70.7052643527636,70.73896774488871,70.76859805595709,70.79439849915103,70.81661232090755,70.83548276766368,70.8512530858564,70.86416652192277,70.8744663222998,70.8823957334245,70.8881980017339,70.892116373665,70.89439409565485,70.89527441414045,70.89500057555881,70.89381582634698,70.89196341294195,70.88968658178075,70.88722857930041,70.88483265193793,70.88274204613035,70.88120000831468,70.88044978492792,70.88073462240712,70.88229776718929,70.88538246571144,70.89019033497372,70.89668574944095,70.90474916530394,70.9142609417141,70.92510143782282,70.9371510127815,70.95029002574154,70.96439883585434,70.97935780227131,70.99504728414382,71.01134764062331,71.02813923086114,71.04530241400875,71.06271754921751,71.08026499563881,71.09782511242409,71.11527825872471,71.13250479369209,71.14938507647764,71.16579946623273,71.18162832210878,71.19675200325717,71.21105086882932,71.22440527797663,71.23669558985047,71.24781867903523,71.25778435279287,71.2666496721203,71.27447185763299,71.28130812994642,71.28721570967609,71.29225181743746,71.29647367384602,71.29993849951727,71.30270351506667,71.3048259411097,71.30636299826185,71.3073719071386,71.30790988835543,71.30803416252782,71.30780195027126,71.30727047220121,71.30649694893319,71.30553860108263,71.30445264926506,71.30329631409593,71.30212681619074,71.30100137616496,71.29997721463407,71.29911155221356,71.29845691094708,71.29802701214604,71.2978164531058,71.29781969686609,71.2980312064666,71.29844544494708,71.2990568753472,71.29985996070671,71.30084916406531,71.30201894846272,71.30336377693865,71.3048781125328,71.30655641828491,71.30839315723468,71.31038279242182,71.31251978688606,71.31479860366709,71.31721370580465,71.31975955633843,71.32243061830816,71.32522135475355,71.32812622871431,71.33113970323016,71.33425624134082,71.33747030608599,71.3407647445253,71.34400550783091,71.3469909363285,71.34951854745185,71.35138585863483,71.35239038731123,71.35232965091488,71.35100116687958,71.34820245263916,71.34373102562743,71.33738440327822,71.32896010302534,71.3182556423026,71.30506853854382,71.28919630918283,71.27043647165343,71.24858654338944,71.22344404182469,71.19480648439298,71.16247138852813,71.12623627166398,71.08589865123433,71.04125604467299,70.9921059694138,70.93824594289056,70.87963373902923,70.81821635087528,70.75728674093091,70.70016329252657,70.6501643889927,70.61060841365979,70.58481374985823,70.57609878091851,70.58778189017106,70.62318146094633,70.68561587657477,70.77840352038683,70.90486277571297,71.06831202588363,71.27206965422924,71.51945404408028,71.81378357876717,72.15837664162052,72.55655161597049,73.01162688514769,73.52692083248253,74.1057518413055,74.75143829494702,75.46729857673753,76.2566510700075,77.10908298866526,77.96803881080844,78.82699463295165,79.68595045509487
70.41459402365196,70.35838292461693,70.31275614752812,70.27710986564868,70.25084025224184,70.2333434805708,70.22401572389873,70.22225315548886,70.22745194860437,70.23900827650846,70.25631831246433,70.2787782297352,70.30578420158423,70.33673240127465,70.37101900206964,70.40804017723241,70.44719210002614,70.48787094371406,70.52947288155934,70.5713940868252,70.61303073277482,70.6537789926714,70.69303503977817,70.73019504735828,70.76465518867496,70.7958116369914,70.8230670001188,70.84615528596306,70.86529498318221,70.88074302195352,70.89275633245425,70.90159184486166,70.90750648935301,70.91075719610558,70.9116008952966,70.91029451710337,70.90709499170312,70.90225924927313,70.89604421999064,70.88870683403296,70.88050402157731,70.87169271280096,70.86252983788118,70.85327232699524,70.84417711032039,70.83550111803389,70.827501280313,70.82043452733501,70.81455778927715,70.8101279963167,70.80740207863091,70.80663696639705,70.80806353846937,70.81165346827348,70.81722983124234,70.82461394310792,70.83362711960223,70.84409067645724,70.85582592940499,70.86865419417741,70.88239678650655,70.89687502212438,70.91191021676289,70.92732368615408,70.94293674602994,70.95857071212248,70.97404690016369,70.98918662588554,71.00381120502004,71.0177419532992,71.030800186455,71.04280722021942,71.05358437032447,71.06295295250214,71.07073428248444,71.07674967600333,71.08082044879085,71.0827679325249,71.08248086276758,71.08006941627609,71.07568917648031,71.06949572681016,71.06164465069557,71.05229153156642,71.04159195285267,71.0297014979842,71.01677575039095,71.00297029350281,70.9884407107497,70.97334258556154,70.95783150136825,70.94206304159972,70.92619278968589,70.91037632905666,70.89476924314194,70.87952711537166,70.86480552917571,70.85076006798403,70.83754631522652,70.82531985433309,70.81423626873367,70.80445114185815,70.79612005713648,70.78939596359022,70.78434114889936,70.78090650873271,70.77903610302452,70.77867399170904,70.77976423472052,70.78225089199316,70.78607802346124,70.79118968905898,70.79752994872065,70.80504286238046,70.81367248997267,70.82336289143153,70.83405812669126,70.8457022556861,70.85823933835032,70.87161343461814,70.8857686044238,70.90064890770157,70.91619840438565,70.9323611544103,70.94908121770979,70.96630265421831,70.98396952387014,71.00202588659951,71.02041580234066,71.03906528084121,71.05775638575452,71.07620229370058,71.0941157509139,71.11120950362901,71.1271962980804,71.14178888050262,71.15469999713017,71.16564239419753,71.17432881793926,71.18047201458985,71.18378473038382,71.18397971155568,71.18076970433994,71.17386745497112,71.16298570968374,71.1478372147123,71.12813471629131,71.10359096065531,71.0739186940388,71.03883066267628,70.99803961280227,70.9512582906513,70.89819944245787,70.83857581445649,70.77210053488196,70.69872707366774,70.6190599656149,70.53381291923326,70.44369964303267,70.34943384552298,70.25172923521404,70.15129952061567,70.04885841023773,69.94511961259005,69.84079683618249,69.73660378952488,69.63325418112706,69.53146171949886,69.43194011315012,69.33540307059074,69.24256430033051,69.1541375108793,69.07083641074694,68.99337470844324,68.9224661124781,68.85882433136133,68.80316307360278,68.75619604771228,68.71863696219968,68.69119952557485
69.99702573824428,70.00322566013384,70.01048785625511,70.01876311702537,70.02800223286191,70.03815599418205,70.04917519140307,70.06101061494225,70.0736130552169,70.0869333026443,70.10092214764177,70.11553038062657,70.13070879201602,70.14640817222742,70.16257931167803,70.17917300078518,70.19614002996614,70.21343118963821,70.2309972702187,70.24878906212487,70.26675735577403,70.2848529415835,70.30302660997054,70.32122915135245,70.33941135614654,70.35752401477009,70.37551919112384,70.39335851586492,70.41100796887814,70.42843355191377,70.4456012667221,70.46247711505337,70.47902709865788,70.4952172192859,70.51101347868772,70.52638187861358,70.54128842081376,70.55569910703854,70.56957993903819,70.582896918563,70.59561604736321,70.60770332718911,70.61912475979099,70.62984634691911,70.63983409032373,70.64905399175514,70.6574720529636,70.6650542756994,70.6717666617128,70.67757521275408,70.6824459305735,70.68634906269294,70.68932101207933,70.69145048574862,70.69282761818957,70.69354254389096,70.69368539734155,70.69334631303012,70.69261542544545,70.69158286907631,70.69033877841147,70.68897328793972,70.68757653214979,70.6862386455305,70.68504976257059,70.68410001775885,70.68347954558405,70.68327848053495,70.68358695710035,70.68449510976899,70.68609307302967,70.68847098137114,70.69171896928219,70.6959271712516,70.70118572176811,70.70758475532053,70.71521263059772,70.7240820311973,70.73410331181071,70.74517956795214,70.75721389513572,70.77010938887565,70.78376914468609,70.79809625808119,70.81299382457512,70.82836493968206,70.84411269891615,70.8601401977916,70.87635053182252,70.89264679652312,70.90893208740755,70.92510949998999,70.94108212978458,70.95675307230549,70.97202542306691,70.986802277583,71.00098673136789,71.01448187993579,71.02719081880085,71.03901664347724,71.04986244947911,71.05963146977571,71.06826527851622,71.0757960266612,71.08226894073228,71.08772924725115,71.09222217273945,71.09579294371885,71.098486786711,71.10034892823758,71.10142459482022,71.1017590129806,71.10139740924036,71.10038501012119,71.09876704214471,71.09658873183263,71.09389530570655,71.09073199028818,71.08714401209915,71.08317659766111,71.07887497349574,71.07428436612472,71.06945000206966,71.06441710785225,71.05923090999414,71.053936635017,71.04857950944248,71.04318509773312,71.0376940918988,71.03202428857966,71.02609348406861,71.01981947465862,71.01312005664262,71.00591302631355,70.99811617996438,70.98964731388804,70.98042422437747,70.97036470772564,70.95938656022545,70.9474075781699,70.9343455578519,70.92011829556442,70.90464358760038,70.88783923025274,70.86962301981444,70.84991275257843,70.82862622483766,70.80568123288506,70.7809955730136,70.75448704151621,70.72607343468584,70.69567254881544,70.66328984906015,70.62964605228818,70.59581083326681,70.56285622125421,70.5318542455085,70.50387693528783,70.47999631985034,70.46128442845418,70.44881329035749,70.44365493481841,70.44688139109509,70.45956468844567,70.48277685612828,70.51758992340108,70.5650759195222,70.62630687374981,70.70235481534205,70.79429177355703,70.90318977765291,71.03012085688783,71.17615704051994,71.34237035780738,71.52983283800829,71.73961651038081,71.97279340418311,72.22643139429205,72.48241926934563,72.7384071443992
70.2884399210811,70.29597260942782,70.30598398951383,70.31831081758165,70.33278984987385,70.34925784263294,70.36755155210145,70.38750773452193,70.40896314613695,70.43175454318902,70.45571868192064,70.48069231857443,70.50651220939287,70.53301511061849,70.56003777849386,70.58741696926151,70.61498943916396,70.64259194444375,70.67006124134346,70.69723408610557,70.72394723497266,70.75003744418726,70.77534146999187,70.79969606862906,70.82293799634138,70.84490400937133,70.86543391069924,70.8844681584925,70.90206851621701,70.91830396923561,70.93324350291095,70.94695610260587,70.95951075368302,70.97097644150526,70.98142215143525,70.9909168688358,70.99952957906964,71.0073292674995,71.01438491948818,71.02076552039838,71.02654005559287,71.03177751043441,71.03654687028575,71.04091712050962,71.04495724646878,71.048736233526,71.052323067044,71.05578673238557,71.05919621491341,71.06262049999032,71.06612857297904,71.06978941924228,71.07366144626471,71.07773778231072,71.08198667804254,71.08637633515065,71.09087495532557,71.0954507402578,71.10007189163787,71.10470661115625,71.1093231005035,71.11388956137012,71.11837419544656,71.12274520442341,71.12697078999116,71.1310191538403,71.13485849766136,71.13845702314484,71.14178293198123,71.14480442586108,71.14748970647489,71.14980697551314,71.15172443466639,71.15321028562514,71.15423273007985,71.15475996972108,71.15476020623933,71.15420197868005,71.1530832181391,71.15145363969779,71.14936822960854,71.14688197412386,71.14404985949616,71.14092687197791,71.1375679978216,71.13402822327964,71.13036253460456,71.12662591804872,71.12287335986466,71.11915984630483,71.11554036362162,71.11206989806757,71.10880343589511,71.10579596335668,71.10310246670474,71.10077793219179,71.09887734607025,71.09745569459258,71.09656796401126,71.09626914057873,71.09661421054747,71.09765816016989,71.0994559756985,71.10205100532878,71.10537226498465,71.10928387678439,71.11364921801064,71.11833166594607,71.12319459787335,71.12810139107509,71.13291542283395,71.1375000704326,71.14171871115369,71.14543472227984,71.14851148109372,71.15081236487799,71.15220075091528,71.15254001648825,71.15169353887956,71.14952469537184,71.14589686324777,71.14067341978998,71.1337177422811,71.12489320800381,71.11406319424077,71.10109107827458,71.08584023738794,71.06817404886351,71.04795610503677,71.02515924511582,71.00004297382233,70.97291324730426,70.9440760217094,70.91383725318562,70.88250289788081,70.85037891194278,70.81777125151942,70.78498587275857,70.75232873180809,70.72010578481587,70.68862298792973,70.65818629729753,70.62910166906713,70.6016750593864,70.5762124244032,70.55301972026538,70.53240290312078,70.51466792911728,70.50012075440276,70.48906733512501,70.48181362743196,70.4786655874714,70.47992917139126,70.48591033533933,70.49690771070689,70.51309689586401,70.53455140038545,70.56134164371431,70.59353804529371,70.63121102456674,70.67443100097648,70.72326839396604,70.77779362297852,70.83807710745702,70.90418926684461,70.97620052058443,71.05418128811954,71.13820198889303,71.22833304234808,71.3246448679277,71.427207885075,71.53609251323309,71.65136917184509,71.77310828035405,71.90138025820309,72.03625552483533,72.17780449969382,72.3260976022217,72.48120525186204,72.64319786805797
69.99331830723577,70.06880264686065,70.13957471450183,70.20578512159274,70.26758447956679,70.32512339985746,70.37855249389814,70.42802237312227,70.47368364896332,70.51568693285466,70.55418283622978,70.5893219705221,70.62125494716504,70.65013237759204,70.67610487323654,70.69932304553195,70.71993750591173,70.7380988658093,70.75395773665808,70.76766472989154,70.7793704569431,70.78922552924617,70.79738055823421,70.80398615534064,70.80919293199891,70.81315149964243,70.8160121341167,70.81790782739964,70.81894630382045,70.81923328282626,70.81887448386415,70.8179756263812,70.81664242982453,70.81498061364121,70.81309589727834,70.81109400018303,70.80908064180237,70.80716154158345,70.80544241897337,70.80402899341921,70.80302698436809,70.80254211126707,70.80268009356328,70.80354665070381,70.80524750213573,70.80788836730615,70.81157496566216,70.81641301665087,70.82250823971937,70.82996635431473,70.83889307988409,70.8493941358745,70.86155956706516,70.87532345843952,70.89053048592542,70.90702426666655,70.9246484178066,70.94324655648924,70.96266229985817,70.98273926505708,71.00332106922963,71.02425132951953,71.04537366307046,71.06653168702613,71.08756901853019,71.10832927472634,71.12865607275829,71.1483930297697,71.16738376290425,71.18547188930565,71.20250102611757,71.2183147904837,71.23275679954774,71.24567067045338,71.25690002034428,71.26628846636414,71.27367962565665,71.27891712990014,71.28190604902409,71.28275329532849,71.28160716903336,71.27861597035869,71.27392799952447,71.2676915567507,71.26005494225738,71.25116645626451,71.24117439899209,71.23022707066009,71.21847277148854,71.20605980169742,71.19313646150674,71.17985105113648,71.16635187080666,71.15278722073725,71.13930540114826,71.1260547122597,71.11318345429154,71.10083992746381,71.08917243199647,71.07832926810956,71.06845873602303,71.05970913595691,71.05222876813117,71.04616258103273,71.04154017556945,71.03824942963287,71.03616952407319,71.0351796397406,71.03515895748534,71.03598665815757,71.03754192260753,71.0397039316854,71.04235186624139,71.04536490712572,71.04862223518856,71.05200303128012,71.05538647625063,71.05865175095028,71.06167803622925,71.06434451293778,71.06653036192606,71.06811476404427,71.06897690014263,71.06899595107136,71.06805109768064,71.06602152082068,71.06278640134168,71.05822492009386,71.0522162579274,71.04467059195902,71.03574528741463,71.02571600418871,71.01485914124531,71.00345109754848,70.99176827206227,70.98008706375076,70.96868387157795,70.95783509450793,70.94781713150473,70.93890638153242,70.93137924355504,70.92551211653664,70.92158139944127,70.91986349123297,70.92063479087582,70.92417169733386,70.93075060957112,70.94064792655168,70.95414004723958,70.97150337059885,70.99301429559358,71.0189492211878,71.04958454634556,71.0851966700309,71.12606118027024,71.1719434504487,71.22122672663147,71.27206249308392,71.32260223407143,71.37099743385933,71.415399576713,71.4539601468978,71.48483062867908,71.50616250632221,71.51610726409255,71.51281638625547,71.4944413570763,71.45913366082043,71.40504478175318,71.33032620413996,71.23312941224611,71.111605890337,70.96390712267798,70.78818459353441,70.58258978717167,70.3452741878551,70.07438927985005,69.76808654742192,69.42451747483602,69.04183354635775
70.40643811231502,70.49181476170065,70.56904274852701,70.63853236286053,70.7006938947676,70.75593763431468,70.80467387156813,70.84731289659442,70.8842649994599,70.91594047023102,70.94274959897416,70.96510267575579,70.98340999064226,70.99808183370001,71.00952849499546,71.01816026459502,71.0243874325651,71.02862028897209,71.03126912388242,71.03274422736251,71.03345588947877,71.03381440029759,71.03423004988542,71.03511312830864,71.03687392563367,71.03992273192691,71.04466573718665,71.05129796460045,71.05970572816463,71.06975084709364,71.08129514060195,71.09420042790407,71.1083285282144,71.12354126074749,71.13970044471776,71.15666789933971,71.17430544382779,71.1924748973965,71.21103807926028,71.22985680863363,71.248792904731,71.26770818676687,71.28646447395573,71.30492358551203,71.32294734065027,71.3403975585849,71.35713605853039,71.3730246597012,71.38792518131186,71.40169944257678,71.41420926271047,71.42531646092738,71.43489492962271,71.44293868691355,71.44951061691728,71.45467441926417,71.45849379358441,71.4610324395083,71.46235405666599,71.46252234468778,71.46160100320387,71.45965373184447,71.45674423023985,71.45293619802024,71.44829333481584,71.4428793402569,71.43675791397365,71.42999275559632,71.42264756475512,71.41478604108033,71.40647188420215,71.3977687937508,71.38874046935652,71.37945061064957,71.36996291726015,71.3603410888185,71.35064882495485,71.34094982389615,71.33130185222424,71.32174318935628,71.31230811885263,71.3030309242736,71.29394588917955,71.28508729713087,71.27648943168785,71.26818657641087,71.26021301486028,71.25260303059642,71.24539090717963,71.23861092817026,71.23229737712865,71.22648453761519,71.22120669319017,71.21649812741396,71.21239312384694,71.2089259660494,71.20613093758175,71.20404232200428,71.20269440287737,71.20212146376136,71.2023577882166,71.20343765980346,71.20539536208224,71.20826336133877,71.2120115836112,71.21653311420457,71.22171632297923,71.2274495797956,71.2336212545141,71.24011971699514,71.24683333709905,71.25365048468629,71.26045952961726,71.26714884175234,71.27360679095193,71.27972174707645,71.28538207998628,71.29047615954184,71.29489235560351,71.29851903803171,71.30124457668683,71.30295734142925,71.30354570211941,71.30289802861768,71.30090269078448,71.2974480584802,71.29242250156526,71.28571438990002,71.27721209334493,71.26681742782841,71.25453943858489,71.24043848664721,71.22457525365394,71.20701042124367,71.18780467105495,71.16701868472637,71.1447131438965,71.1209487302039,71.09578612528719,71.06928601078491,71.04150906833564,71.01251597957793,70.98236742615038,70.95112408969155,70.91884665184003,70.88559579423435,70.85143219851315,70.81641654631497,70.78060951927839,70.74407179904193,70.70686406724425,70.66904700552388,70.6306812955194,70.59182761886936,70.5525467728651,70.51297231960646,70.47343493476401,70.43429834696607,70.39592628484101,70.35868247701711,70.32293065212275,70.28903453878624,70.25735786563595,70.22826436130015,70.20211775440725,70.17928177358553,70.16012014746335,70.14499660466905,70.13427487383092,70.12831868357736,70.12749176253666,70.13215783933717,70.14268064260725,70.15942390097518,70.18275134306933,70.21302669751802,70.2506136929496,70.29587605799242,70.34917752127478,70.41088181142501
70.23662423358925,70.34835870995002,70.4494427083062,70.54033867677721,70.62150906348252,70.69341631654154,70.75652288407372,70.81129121419848,70.85818375503526,70.8976629547035,70.93019126132265,70.95623112301212,70.97624498789136,70.9906953040798,71.00004451969687,71.00475508286202,71.00528944169467,71.00211004431428,70.99567933884026,70.98645977339206,70.9749137960891,70.96150385505084,70.94669239839668,70.9309418742461,70.9147147307185,70.89847341593334,70.88267726931142,70.86762552221026,70.8533833406502,70.83999731854702,70.82751404981651,70.8159801283745,70.80544214813679,70.79594670301915,70.78754038693742,70.78026979380738,70.77418151754483,70.76932215206557,70.76573829128542,70.76347652912017,70.76258345948563,70.76310567629757,70.76508977347184,70.7685823449242,70.77362998457048,70.78027928632646,70.78857684410796,70.79856925183077,70.81030310341069,70.82382499276353,70.8391815138051,70.85641926045118,70.8755693624872,70.89650908470905,70.91902748377323,70.9429125717733,70.96795236080288,70.99393486295558,71.02064809032495,71.04788005500463,71.07541876908819,71.10305224466924,71.13056849384137,71.15775552869819,71.18440136133329,71.21029400384026,71.2352214683127,71.25897176684423,71.28133291152841,71.30209291445887,71.32103978772918,71.33796154343294,71.35264619366377,71.36488175051527,71.374456226081,71.38115763245457,71.3847739817296,71.3850933101903,71.38200590847711,71.37573800227521,71.36658470098695,71.35484111401463,71.34080235076055,71.32476352062707,71.30701973301649,71.28786609733112,71.26759772297329,71.24650971934531,71.22489719584952,71.20305526188821,71.18127902686372,71.15986360017835,71.13910409123444,71.1192956094343,71.10073326418026,71.08371216487461,71.0685274209197,71.05547414171784,71.04484743667133,71.03694241518251,71.0320541866537,71.0304778604872,71.03250854608535,71.03843232024418,71.04822440885614,71.06147810758107,71.0777632743683,71.0966497671672,71.1177074439271,71.1405061625974,71.16461578112745,71.18960615746659,71.21504714956419,71.2405086153696,71.26556041283219,71.28977239990131,71.31271443452633,71.3339563746566,71.35306807824146,71.3696194032303,71.38318020757247,71.3933203492173,71.39960968611419,71.40161807621247,71.3989153774615,71.39107144781066,71.37765614520929,71.35823932760674,71.33239085295239,71.29978183516671,71.2608908812935,71.21658303335394,71.16772574769892,71.11518648067931,71.059832688646,71.00253182794987,70.94415135494181,70.88555872597271,70.82762139739344,70.7712068255549,70.71718246680796,70.66641577750352,70.61977421399244,70.57812523262562,70.54233628975396,70.51327484172832,70.49180834489958,70.47880425561866,70.47513003023641,70.48165312510373,70.4992409965715,70.5287611009906,70.57108089471193,70.62706783408635,70.69758818150449,70.78275699978695,70.88065441711245,70.98901933396782,71.1055906508399,71.22810726821557,71.35430808658165,71.48193200642501,71.6087179282325,71.73240475249094,71.85073137968722,71.96143671030816,72.06225964484062,72.15093908377146,72.22521392758755,72.28282307677566,72.3215054318227,72.33899989321552,72.33304536144094,72.30138073698583,72.24174492033706,72.15187681198144,72.02951531240583,71.87239932209711,71.6782677415421,71.44485947122764
70.54566825017432,70.51867797865522,70.49600803644167,70.47745098758702,70.46279939614462,70.45184582616784,70.44438284171002,70.44020300682455,70.43909888556473,70.44086304198397,70.4452880401356,70.45216644407296,70.46129081784945,70.47245372551838,70.48544773113314,70.50006539874707,70.51609929241353,70.53334197618587,70.55158601411745,70.57062397026164,70.59024840867177,70.61025189340121,70.63042698850332,70.65056625803145,70.67046226603895,70.68990757657919,70.70869663892682,70.72672099736945,70.74401414143138,70.76062082339713,70.77658579555126,70.79195381017827,70.80676961956271,70.82107797598911,70.83492363174203,70.84835133910596,70.86140585036544,70.87413191780504,70.88657429370926,70.89877773036264,70.9107869800497,70.92264679505502,70.93440192766309,70.94609713015845,70.95777715482564,70.96948675394918,70.98127067981363,70.9931736847035,71.00524052090336,71.01751594069768,71.03004469637105,71.04287154020797,71.05603385202323,71.06949565703924,71.08317892755825,71.09700513789086,71.11089576234767,71.12477227523928,71.13855615087628,71.15216886356926,71.16553188762883,71.17856669736558,71.19119476709011,71.203337571113,71.21491658374487,71.2258532792963,71.23606913207789,71.24548561640025,71.25402420657396,71.26160637690961,71.26815360171781,71.27358735530917,71.27782911199427,71.28080034608368,71.28242253188805,71.28261714371794,71.28130565588395,71.27840955448139,71.2739001398056,71.26791236616285,71.26061474522936,71.25217578868143,71.24276400819527,71.23254791544717,71.22169602211335,71.2103768398701,71.19875888039364,71.18701065536024,71.17530067644616,71.16379745532764,71.15266950368095,71.14208533318232,71.13221345550804,71.12322238233432,71.11528062533743,71.10855669619366,71.1032191065792,71.09943636817036,71.09737699264336,71.09720949167448,71.09910237693994,71.10322416011601,71.10974335287897,71.1188228829912,71.13043351167937,71.14430989273446,71.16017219086736,71.17774057078901,71.19673519721033,71.21687623484223,71.23788384839564,71.25947820258149,71.28137946211069,71.30330779169417,71.32498335604282,71.34612631986761,71.36645684787943,71.38569510478922,71.40356125530788,71.41977546414634,71.43405789601553,71.44612871562637,71.45570808768977,71.46251617691665,71.46627314801795,71.46669916570457,71.46351439468745,71.4564389996775,71.44519314538564,71.42955953561865,71.40981960911482,71.38649347986113,71.36010275301584,71.33116903373721,71.30021392718349,71.26775903851296,71.23432597288387,71.20043633545447,71.16661173138301,71.13337376582778,71.10124404394703,71.070744170899,71.04239575184197,71.01672039193419,70.99423969633392,70.97547527019941,70.96094871868894,70.95118164696075,70.94669566017312,70.94801236348428,70.95565336205252,70.97014026103608,70.99199466559321,71.0217381808822,71.05989139197553,71.10633308036235,71.1592034371528,71.2163511182058,71.27562477938025,71.33487307653508,71.3919446655292,71.4446882022215,71.4909523424709,71.52858574213633,71.5554370570767,71.5693549431509,71.56818805621786,71.54978505213649,71.51199458676567,71.45266531596437,71.36964589559146,71.26078498150586,71.1239312295665,70.95693329563227,70.7576398355621,70.52389950521489,70.25356096044955,69.944472857125,69.59448385110015,69.20144259823392
70.2538872303353,70.41415838299127,70.55171186489673,70.66785559856535,70.76389750651089,70.84114551124702,70.9009075352875,70.94449150114602,70.97320533133632,70.98835694837209,70.99125427476704,70.98320523303494,70.96551774568943,70.93949973524428,70.9064591242132,70.8677038351099,70.82454179044811,70.77828091274151,70.73022912450384,70.68169434824884,70.63398450649018,70.58840752174163,70.54627131651685,70.50888381332959,70.47755293469359,70.45356989164011,70.43749731259436,70.4289029995305,70.42728316954205,70.43213403972251,70.44295182716536,70.45923274896407,70.48047302221212,70.50616886400303,70.5358164914303,70.56891212158735,70.60495197156774,70.64343225846491,70.68384919937236,70.7256990113836,70.76847791159207,70.8116821170913,70.85480784497477,70.89735131233596,70.93880873626833,70.97867633386542,71.01645032222069,71.05162691842764,71.08370233957973,71.11217280277049,71.13658802048619,71.15694486879465,71.17346287448333,71.18636318953568,71.19586696593518,71.20219535566525,71.20556951070935,71.20621058305093,71.20433972467345,71.20017808756035,71.19394682369509,71.18586708506115,71.17616002364193,71.1650467914209,71.15274854038154,71.13948642250728,71.12548158978157,71.11095519418785,71.09612838770963,71.08122232233029,71.06645815003333,71.05205702280216,71.0382400926203,71.02522851147114,71.01324331071635,71.00244470787266,70.99283353158282,70.98438481585586,70.97707359470081,70.9708749021267,70.96576377214254,70.96171523875736,70.9587043359802,70.95670609782007,70.95569555828598,70.95564775138698,70.95653771113206,70.95834047153028,70.96103106659066,70.96458453032218,70.96897589673392,70.97418019983488,70.98017247363407,70.98692775214056,70.99442106936331,71.00262745931138,71.0115219559938,71.02107959341959,71.03127540559774,71.04208276342536,71.05344082980011,71.06525666578884,71.07743609111338,71.08988492549571,71.10250898865766,71.11521410032111,71.12790608020799,71.14049074804015,71.15287392353952,71.16496142642794,71.17665907642731,71.18787269325955,71.19850809664652,71.2084711063101,71.21766754197219,71.2260032233547,71.23338397017946,71.23971560216842,71.24490393904344,71.2488548005264,71.25147400633921,71.25266737620373,71.25234072984188,71.25039988697552,71.24678153096966,71.2415865316741,71.23497014087158,71.22708764549495,71.21809433247714,71.20814548875097,71.19739640124942,71.1860023569053,71.17411864265156,71.16190054542108,71.1495033521467,71.13708234976133,71.12479282519791,71.11279006538928,71.10122935726832,71.09026598776796,71.08005524382108,71.07075241236055,71.06251278031925,71.05549163463013,71.049844262226,71.04572595003981,71.04329198500443,71.04269765405274,71.04409726092473,71.04756004463957,71.0530057062781,71.06033876814388,71.06946375254043,71.0802851817713,71.09270757814002,71.10663546395017,71.12197336150527,71.13862579310884,71.15649728106445,71.17549234767563,71.19551551524592,71.21647130607889,71.23826424247804,71.26079884674695,71.28397964118912,71.30771114810813,71.33189788980752,71.3564443885908,71.38125516676158,71.40623474662331,71.43128765047959,71.45631840063396,71.48123151938995,71.50599083004022,71.53073720041306,71.5554835707859,71.5802299411587,71.60497631153154,71.62972268190438,71.65446905227722
69.72812528234036,69.88317917775454,70.02329623104876,70.14914876452674,70.26140910049219,70.36074956124878,70.44784246910024,70.52336014635027,70.58797491530257,70.64235909826084,70.6871850175288,70.72312499541013,70.75085135420856,70.77103641622777,70.78435250377149,70.79147193914338,70.79306704464719,70.78981014258659,70.7823735552653,70.77142960498702,70.75765061405546,70.74170890477433,70.72427679944731,70.70602662037811,70.68763068987045,70.66976133022801,70.65308179485218,70.63795572748184,70.62438569518868,70.61235276838696,70.60183801749096,70.59282251291499,70.58528732507332,70.57921352438024,70.57458218125,70.5713743660969,70.56957114933523,70.56915360137927,70.5701027926433,70.5723997935416,70.57602567448845,70.58096150589813,70.58718835818493,70.59468730176312,70.60343940704699,70.61342574445082,70.6246273843889,70.6370253972755,70.65060085352489,70.66533482355139,70.68120837776925,70.69820258659276,70.71628651923449,70.73535518193532,70.75527535588768,70.77591376672284,70.7971371400721,70.81881220156677,70.84080567683812,70.86298429151745,70.88521477123606,70.90736384162525,70.92929822831628,70.95088465694049,70.97198985312913,70.99248054251352,71.01222345072495,71.03108530339469,71.04893282615407,71.06563274463436,71.08105178446684,71.09505667128283,71.10751413071362,71.11829088839049,71.12725366994475,71.13426920100767,71.13920420721057,71.14192652368988,71.14240065121864,71.14076139961112,71.13716091469966,71.13175134231656,71.12468482829414,71.1161135184647,71.10618955866057,71.09506509471407,71.0828922724575,71.06982323772318,71.05601013634345,71.04160511415057,71.0267603169769,71.01162789065475,70.99635998101643,70.98110873389425,70.96602629512053,70.95126481052758,70.93697642594772,70.92331328721326,70.91042754015652,70.89847133060982,70.88759680440546,70.87795610737578,70.86970138535307,70.86296743903962,70.85771867058017,70.85382276567435,70.85114629993349,70.84955584896888,70.84891798839185,70.84909929381371,70.84996634084578,70.85138570509935,70.85322396218575,70.8553476877163,70.8576234573023,70.85991784655506,70.8620974310859,70.86402878650614,70.86557848842708,70.86661311246004,70.86699923421634,70.86660342930726,70.86529227334417,70.86293234193833,70.85939021070106,70.85453245524371,70.84822565117757,70.84033637411395,70.83073140279659,70.81938070724475,70.8065250330096,70.79244900224771,70.77743723711556,70.76177435976972,70.74574499236668,70.729633757063,70.7137252760152,70.69830417137979,70.68365506531332,70.6700625799723,70.65781133751327,70.64718596009276,70.6384710698673,70.63195128899339,70.6279112396276,70.62663554392643,70.6284088240464,70.63351570214407,70.64224080037594,70.65486874089856,70.67168414586844,70.69297163744211,70.71901583777611,70.75010136902696,70.78643566582342,70.82692965353861,70.86941845637728,70.9117046350559,70.95159075029096,70.9868793627989,71.0153730332962,71.03487432249935,71.04318579112478,71.038109999889,71.01744950950845,70.97900688069961,70.92058467417897,70.83998545066295,70.73501177086803,70.6034661955107,70.44315128530747,70.25186960097473,70.02742370322899,69.76761615278673,69.4702495103644,69.13312633667847,68.75404919244541,68.3308206383817,67.8612432352038,67.34311954362818
69.99141275357326,70.25357372006292,70.4844964324848,70.68573348657281,70.85883747806082,71.00536100268275,71.12685665617246,71.22487703426393,71.30097473269097,71.35670234718754,71.39361247348751,71.41325770732479,71.41719064443328,71.40696388054687,71.38413001139944,71.35024163272493,71.3068513402572,71.25551172973016,71.19777539687774,71.1351949374338,71.06932294713226,71.00171202170702,70.93391475689194,70.86748374842097,70.80397159202798,70.74493088344687,70.69190017078839,70.64569450400069,70.60607123588721,70.57270379541143,70.5452656115367,70.52343011322648,70.50687072944422,70.49526088915331,70.48827402131718,70.4855835548993,70.48686291886304,70.49178554217187,70.5000248537892,70.51125428267846,70.5251472578031,70.54137720812648,70.55961756261209,70.57954175022334,70.60082319992364,70.62313534067644,70.64615160144515,70.66954541119321,70.69299019888405,70.71615939348109,70.73872642394775,70.76036471924746,70.7807702178225,70.7998628229058,70.81769083287435,70.83430406656345,70.84975234280842,70.86408548044454,70.87735329830713,70.88960561523149,70.90089225005289,70.91126302160669,70.92076774872814,70.92945625025254,70.93737834501525,70.94458385185155,70.95112258959668,70.95704437708602,70.96239903315484,70.96723637663845,70.97160622637216,70.97555840119125,70.97914271993102,70.98240900142679,70.98540706451388,70.98818672802756,70.99079781080312,70.99329012952438,70.99570440637459,70.99805148548029,71.00033608445159,71.00256292089855,71.00473671243122,71.00686217665967,71.00894403119398,71.0109869936442,71.01299578162042,71.01497511273266,71.016929704591,71.01886427480557,71.02078354098634,71.02269222074344,71.02459503168689,71.02649669142679,71.0284019175732,71.03031542773618,71.03224193952579,71.03418617055209,71.03615283842518,71.0381466607551,71.0401723551519,71.04223463922568,71.0443382305865,71.0464871524344,71.04866153032881,71.05081212774164,71.05288790629714,71.05483782761951,71.05661085333293,71.05815594506169,71.05942206442995,71.06035817306196,71.06091323258192,71.06103620461406,71.06067605078258,71.05978173271171,71.0583022120257,71.05618645034869,71.05338340930498,71.04984205051875,71.04551133561421,71.04034022621562,71.03427768394715,71.02727267043304,71.0192741472975,71.01023107616476,71.00009241865902,70.98880713640455,70.9763241910255,70.96261063538833,70.947777795863,70.93200604253803,70.91547617686646,70.89836900030124,70.88086531429542,70.86314592030197,70.84539161977386,70.82778321416416,70.81050150492581,70.79372729351184,70.77764138137525,70.762424569969,70.74825766074613,70.73532145515964,70.72379675466249,70.7138643607077,70.70570507474827,70.69949969823722,70.69542903262752,70.69367387937217,70.69441503992417,70.69783331573655,70.70410950826226,70.71342441895433,70.72595917235572,70.74209817032903,70.76277647540846,70.78902148757524,70.82186060681073,70.86232123309622,70.91143076641296,70.9702166067423,71.03970615406553,71.12092680836392,71.2149059696188,71.32267103781146,71.44524941292318,71.58366849493527,71.73895568382909,71.91213837958585,72.10424398218686,72.31629989161345,72.54933350784691,72.80437223086852,73.08244346065959,73.38457459720144,73.71179304047533,74.06512619046259,74.4456014471445,74.85424621050237
69.93089244626384,69.87268173467874,69.82631690315327,69.79114916325578,69.76652972655464,69.75180980461816,69.74634060901474,69.74947335131269,69.7605592430804,69.77894949588617,69.8039953212984,69.83504793088541,69.87145853621558,69.91257834885722,69.95775858037872,70.0063504423484,70.05770514633463,70.11117390390575,70.16610792663012,70.22185842607608,70.277776613812,70.33321370140621,70.38752090042706,70.44004942244293,70.49015047902213,70.53717528173304,70.5804814410798,70.61975613351751,70.6551683348802,70.68692524976541,70.71523408277062,70.74030203849335,70.76233632153112,70.78154413648143,70.7981326879418,70.81230918050973,70.82428081878275,70.83425480735835,70.84243835083406,70.84903865380738,70.85426292087583,70.85831835663691,70.86141216568814,70.86375155262704,70.8655437220511,70.86699587855786,70.86831522674481,70.86970897120946,70.87138431654934,70.87354846736196,70.8764086282448,70.88017200379541,70.88502719028641,70.89097763489774,70.89792064203411,70.90575225915501,70.91436853371994,70.9236655131884,70.93353924501984,70.9438857766738,70.95460115560974,70.96558142928714,70.97672264516551,70.98792085070434,70.9990720933631,71.0100724206013,71.02081787987841,71.03120451865394,71.04112838438736,71.05048552453817,71.05917198656587,71.06708381792993,71.07411706608984,71.0801677785051,71.08513200263519,71.08890578593962,71.09138517587785,71.09246623187703,71.09209560085276,71.09038612420709,71.0874847216383,71.0835383128447,71.0786938175246,71.07309815537629,71.06689824609808,71.06024100938828,71.05327336494518,71.0461422324671,71.03899453165234,71.03197718219918,71.02523710380596,71.01892121617097,71.0131764389925,71.00814969196888,71.00398789479839,71.00083796717934,70.99884682881003,70.99816139938878,70.99892859861387,71.00129534618364,71.00540856179636,71.01141516515034,71.01946207594389,71.0296911357312,71.04206942524571,71.0563493035001,71.07226995279281,71.08957055542234,71.10799029368712,71.12726834988567,71.1471439063164,71.16735614527781,71.18764424906837,71.20774739998653,71.22740478033077,71.24635557239955,71.26433895849134,71.28109412090461,71.29636024193782,71.30987650388944,71.32138208905795,71.3306161797418,71.33731795823947,71.34122660684942,71.3420813078701,71.33962124360002,71.33358559633761,71.32371354838136,71.30974428202971,71.29148002983318,71.26922583562687,71.24352736927956,71.21493180401917,71.18398631307366,71.15123806967098,71.11723424703908,71.0825220184059,71.04764855699938,71.01316103604749,70.97960662877817,70.94753250841936,70.91748584819901,70.89001382134506,70.8656636010855,70.84498236064823,70.8285172732612,70.8168155121524,70.81042425054974,70.80989066168118,70.81576191877467,70.82858519505815,70.84890766375958,70.8772764981069,70.91423887132807,70.96034088399635,71.01545375852541,71.07762053078424,71.14457767747182,71.2140616752871,71.2838090009291,71.35155613109677,71.4150395424891,71.47199571180505,71.52016111574362,71.55727223100378,71.5810655342845,71.58927750228477,71.57964461170357,71.54990333923985,71.49779016159262,71.42104155546085,71.3173939975435,71.18458396453957,71.02034793314803,70.82242238006785,70.58854378199804,70.31644861563753,70.00387335768534,69.64855448484042,69.24822847380175
70.15443889191033,70.23004351182531,70.29726538714709,70.35656036463217,70.4083842910371,70.4531930131184,70.49144237763258,70.52358823133622,70.55008642098582,70.5713927933379,70.587963195149,70.60025347317566,70.60871947417439,70.61381704490174,70.61600203211422,70.61573028256836,70.61345764302072,70.60963996022781,70.60473308094615,70.59919285193226,70.5934751199427,70.588035731734,70.58333053406267,70.57981537368522,70.57794609735824,70.5781785518382,70.58096385458532,70.58650954895649,70.59466709221617,70.60525968768829,70.61811053869674,70.63304284856547,70.64987982061838,70.6684446581794,70.68856056457244,70.7100507431214,70.73273839715023,70.75644672998283,70.78099894494312,70.80621824535501,70.83192783454243,70.85795091582926,70.88411069253948,70.91023036799697,70.93613314552564,70.96164222844943,70.98658082009226,71.01077212377803,71.03403934283062,71.05620568057404,71.07709434033214,71.09652852542885,71.11434508014352,71.13051657352051,71.14509338326641,71.15812680849987,71.1696681483395,71.17976870190392,71.18847976831177,71.19585264668162,71.20193863613213,71.20678903578192,71.2104551447496,71.21298826215381,71.21443968711316,71.21486071874625,71.21430265617172,71.21281679850821,71.2104544448743,71.20726689438865,71.20330544616985,71.19862139933653,71.19326605300733,71.18729070630086,71.18074665833572,71.17368520823055,71.16615765510397,71.15821529857979,71.14991157373399,71.14130693121857,71.13246326023437,71.12344244998226,71.11430638966306,71.1051169684776,71.09593607562672,71.08682560031127,71.07784743173207,71.06906345908996,71.06053557158579,71.05232565842039,71.04449560879459,71.03710731190924,71.03022265696515,71.0239035331632,71.0182118297042,71.01320943578898,71.00895824061843,71.0055201333933,71.0029570033145,71.00133073958284,71.00070323139917,71.0011363679643,71.0026920384791,71.00542991041388,71.00933319191967,71.01429114860031,71.02018728113714,71.0269050902115,71.03432807650469,71.04233974069805,71.05082358347292,71.05966310551062,71.06874180749247,71.07794319009977,71.0871507540139,71.09624799991616,71.10511842848786,71.11364554041035,71.12171283636494,71.12920381703299,71.13600198309575,71.14199083523465,71.14705387413093,71.15107460046596,71.15393651492104,71.15552311817751,71.15571791091672,71.15440439381996,71.15146606756858,71.14679632191408,71.14036740967265,71.1321893244729,71.12227229573679,71.11062655288623,71.09726232534315,71.08218984252949,71.06541933386713,71.04696102877804,71.02682515668411,71.00502194700731,70.98156162916953,70.9564544325927,70.92971058669877,70.90134032090964,70.87135386464723,70.83976144733347,70.8065732983903,70.77179964723965,70.73545072330343,70.69753675600357,70.65806797476199,70.61705460900063,70.5745068881414,70.53043504160622,70.48485005814968,70.43824067302971,70.39238979544785,70.3492973479575,70.3109632531121,70.27938743346506,70.2565698115698,70.24451030997977,70.24520885124835,70.26066535792901,70.29287975257515,70.34385195774018,70.41558189597754,70.51006948984067,70.629314661883,70.7753173346579,70.95007743071884,71.15559487261919,71.39386958291243,71.66690148415196,71.9766904988912,72.32523654968358,72.71453955908254,73.14659944964147,73.6234161439138,74.14698956445298
70.0955350436331,70.17036441356083,70.23563548043177,70.29188772929561,70.33966064520209,70.37949371320084,70.41192641834158,70.43749824567396,70.4567486802477,70.47021720711246,70.4784433113179,70.48196647791374,70.48132619194968,70.47706193847537,70.4697132025405,70.45981946919477,70.44792022348784,70.43455495046939,70.42026313518915,70.40558426269675,70.3910578180419,70.3772232862743,70.36462015244359,70.3537879015995,70.34526601879168,70.33959398906984,70.33730541159224,70.33863074301763,70.34335726962377,70.35123711397426,70.36202239863266,70.37546524616255,70.39131777912749,70.40933212009105,70.4292603916168,70.45085471626831,70.47386721660914,70.49805001520289,70.52315523461309,70.54893499740334,70.57514142613718,70.60152664337821,70.62784277168998,70.6538419336361,70.6792762517801,70.70389784868553,70.727458846916,70.74971136903508,70.7704075376063,70.78929947519327,70.80613930435956,70.82067914766873,70.83269419377945,70.84218913436098,70.84930023119247,70.85416530410936,70.8569221729471,70.85770865754111,70.85666257772687,70.85392175333976,70.84962400421531,70.84390715018895,70.83690901109608,70.82876740677216,70.81962015705267,70.80960508177304,70.79886000076868,70.78752273387511,70.77573110092769,70.76362292176194,70.75133601621326,70.73900820411711,70.72677730530893,70.7147811396242,70.70315752689831,70.69204428696673,70.68157923966493,70.67190019701607,70.66311194849354,70.65521079497239,70.64817079166446,70.6419659937815,70.63657045653528,70.6319582351376,70.62810338480023,70.62497996073498,70.62256201815356,70.6208236122678,70.61973879828946,70.61928163143034,70.6194261669022,70.62014645991684,70.62141656568602,70.6232105394215,70.6255024363351,70.62826631163858,70.6314762205437,70.63510621826228,70.63913036000608,70.64352270098686,70.64825729641643,70.65330820150658,70.658649471469,70.66425382432232,70.67004795950237,70.6759020352296,70.6816827399895,70.68725676226762,70.69249079054947,70.6972515133206,70.70140561906649,70.70481979627272,70.70736073342479,70.70889511900825,70.70928964150863,70.70841098941142,70.70612585120219,70.70230091536644,70.69680287038969,70.6894984047575,70.68025420695537,70.66893696546887,70.65541336878348,70.63955010538476,70.62121386375819,70.60027133238935,70.57658919976379,70.55003415436695,70.52047288468444,70.48783098475144,70.45250380683859,70.41511151133912,70.37627566317985,70.33661782728765,70.29675956858938,70.25732245201189,70.21892804248205,70.18219790492671,70.14775360427271,70.11621670544693,70.08820877337622,70.06435137298745,70.04526606920746,70.0315744269631,70.02389801118126,70.02285838678877,70.02907711871248,70.04317577187928,70.065775911216,70.0974991016495,70.13896690810664,70.19080089551429,70.25362262879929,70.3280536728885,70.4147140026993,70.51322321276467,70.62049095370836,70.73297245964065,70.8471229646718,70.95939770291204,71.06625190847171,71.16414081546101,71.24951965799023,71.31884367016964,71.3685680861095,71.39514813992007,71.39503906571163,71.36469609759443,71.30057446967871,71.19912941607478,71.05681617089289,70.87008996824335,70.63540604223633,70.34921962698215,70.00798595659107,69.60816026517337,69.1461977868393,68.61855375569912,68.02168340586313,67.35204197144155
70.0694436894261,70.15472211279052,70.23061079775317,70.29759254156554,70.35615014147916,70.40676639474552,70.44992409861615,70.48610605034258,70.51579504717631,70.53947388636882,70.55762536517167,70.57073228083635,70.57927743061438,70.58374361175726,70.58461362151652,70.58237025714368,70.57749631589022,70.57047459500771,70.5617878917476,70.55191900336143,70.5413507271007,70.53056586021697,70.52004719996171,70.51027754358643,70.50173968834267,70.49491643148193,70.49028599482605,70.48809095072733,70.4882293706338,70.49057199128924,70.49498954943732,70.50135278182177,70.50953242518634,70.5193992162747,70.53082389183061,70.54367718859777,70.5578298433199,70.57315259274071,70.58951617360395,70.6067913226533,70.62484877663252,70.64355927228527,70.66279354635535,70.68242233558641,70.7023163767222,70.72234640650643,70.74238316168282,70.7622973789951,70.78195979518699,70.80124114700217,70.8200121711844,70.83814360447741,70.85551342125993,70.87207160892513,70.88780943868272,70.9027186706264,70.91679106484983,70.9300183814467,70.94239238051063,70.95390482213534,70.96454746641447,70.97431207344172,70.98319040331077,70.99117421611524,70.99825527194884,71.00442533090524,71.00967615307812,71.0139994985611,71.01738712744793,71.01983079983222,71.02132227580765,71.02185331546792,71.02141567890669,71.02000112621761,71.0176014174944,71.01420831283068,71.00981357232013,71.00440896244552,70.99801325639572,70.99073395217681,70.98269674088093,70.97402731360026,70.96485136142692,70.95529457545314,70.94548264677104,70.93554126647277,70.92559612565051,70.91577291539645,70.90619732680273,70.89699505096152,70.88829177896494,70.88021320190524,70.87288501087451,70.86643289696494,70.86098255126868,70.85665966487792,70.85358992888482,70.85189903438149,70.85171267246017,70.85315653421299,70.85635631073208,70.86143769310968,70.86852637243788,70.8777439175955,70.88907003433673,70.90231012679536,70.91725890282987,70.93371107029878,70.95146133706064,70.97030441097388,70.99003499989703,71.01044781168864,71.03133755420717,71.05249893531115,71.07372666285906,71.09481544470941,71.11555998872072,71.1357550027515,71.15519519466022,71.17367527230545,71.19098994354562,71.20693391623928,71.22130189824495,71.2338885974211,71.24448872162623,71.2528969787189,71.25890807655756,71.26231672300074,71.26291762590691,71.26053081167316,71.25517821622859,71.24697840159504,71.2360505334853,71.22251377761205,71.20648729968804,71.18809026542596,71.16744184053852,71.14466119073845,71.11986748173848,71.09317987925132,71.06471754898968,71.03459965666627,71.00294536799385,70.9698738486851,70.93550426445276,70.89995578100951,70.8633475640681,70.82579877934126,70.78742859254166,70.74835616938208,70.70870067557519,70.66858127683375,70.62811713887044,70.58742742739798,70.54663143620328,70.50592903903333,70.4657383937753,70.4265142612577,70.38871140230896,70.35278457775763,70.31918854843221,70.28837807516115,70.26080791877294,70.23693284009613,70.21720759995918,70.20208695919058,70.19202567861882,70.18747851907241,70.18890024137986,70.1967456063696,70.21146937487018,70.2335263077101,70.26337116571779,70.3014587097218,70.34824370055063,70.40418089903272,70.46972506599661,70.54533096227078,70.63145334868372,70.72854698606395
70.03221146655686,70.08885347989579,70.14057866679963,70.1876450842909,70.23031078939216,70.26883383912597,70.30347229051486,70.33448420058139,70.3621276263481,70.38666062483753,70.40834125307225,70.42742756807479,70.44417762686771,70.45884948647355,70.47170120391488,70.48299083621421,70.4929764403941,70.50191607347713,70.51006779248581,70.5176896544427,70.52503971637036,70.53237603529134,70.53995666822816,70.54803967220339,70.55688310423956,70.56674502135925,70.57788062140449,70.59039784514734,70.60418935515928,70.61913073258798,70.63509755858107,70.65196541428618,70.66960988085097,70.68790653942305,70.70673097115011,70.72595875717974,70.7454654786596,70.76512671673733,70.78481805256057,70.80441506727696,70.82379334203415,70.84282845797976,70.86139599626145,70.87937153802685,70.8966306644236,70.91304895659934,70.92850199570171,70.94286536287836,70.95601463927692,70.96782540604504,70.97817324433034,70.98693373528049,70.99399540720871,70.99937561012408,71.00316554528763,71.00545728850864,71.0063429155964,71.00591450236021,71.00426412460936,71.00148385815315,70.99766577880087,70.9929019623618,70.98728448464523,70.98090542146048,70.9738568486168,70.96623084192352,70.9581194771899,70.94961483022526,70.94080897683887,70.93179399284004,70.92266195403805,70.91350493624219,70.90441501526176,70.89548426690605,70.88680476698435,70.87846859130596,70.87056781568016,70.86319451183103,70.85642348317627,70.8502728017679,70.84474890685154,70.83985823767279,70.83560723347725,70.83200233351053,70.82904997701823,70.82675660324597,70.82512865143934,70.82417256084395,70.8238947707054,70.8243017202693,70.82539984878126,70.82719559548688,70.82969539963177,70.83290570046154,70.83683293722177,70.8414835491581,70.8468639755161,70.8529806555414,70.85984002847961,70.86744853357631,70.87581261007713,70.88493869722767,70.89483323427352,70.9055006748709,70.91687713998891,70.9288147929219,70.94116064477797,70.95376170666522,70.96646498969179,70.97911750496577,70.99156626359529,71.00365827668848,71.01524055535344,71.02616011069829,71.03626395383115,71.04539909586012,71.05341254789334,71.06015132103892,71.06546242640495,71.06919287509959,71.07118967823092,71.07129984690708,71.06937039223617,71.06524832532631,71.05878065728562,71.04981439922221,71.03819656224422,71.02377415745974,71.00639419597688,70.9859332554925,70.96250370046054,70.9363307337574,70.90764026324004,70.87665819676542,70.8436104421905,70.80872290737224,70.77222150016763,70.73433212843364,70.6952807000272,70.65529312280529,70.6145953046249,70.57341315334297,70.53197257681647,70.49049948290237,70.44921977945762,70.4083593743392,70.36814417540408,70.32880009050923,70.2905530275116,70.25362889426818,70.2182535986359,70.18465304847173,70.15305315163268,70.12367981597566,70.09675865545069,70.07233036763873,70.04993472767593,70.02902751359794,70.0090645034404,69.98950147523895,69.96979420702924,69.9493984768469,69.92777006272759,69.90436474270693,69.87863829482059,69.8500464971042,69.81804512759341,69.78208996432384,69.74163678533115,69.696141368651,69.64505949231902,69.58784693437084,69.52395947284212,69.4528528857685,69.37398295118561,69.2868054471291,69.19077615163462,69.08535084273782,68.96998529847433,68.84413529687978
70.58913337301998,70.5562098968092,70.52682211332007,70.5008543559354,70.47819095803804,70.4587162530108,70.44231457423652,70.428870255098,70.41826762897809,70.41039102925959,70.40512478932534,70.40235324255816,70.40196072234089,70.40383156205634,70.40785009508734,70.41390065481671,70.42186757462729,70.43163518790188,70.44308782802332,70.45610982837445,70.47058552233807,70.48639924329702,70.50343532463411,70.52157809973217,70.54071190197403,70.56072106474254,70.58149009549925,70.60291246732682,70.62489476033743,70.64734459463118,70.67016959030819,70.69327736746857,70.71657554621238,70.73997174663977,70.76337358885084,70.78668869294566,70.80982467902436,70.83268916718703,70.85518977753377,70.87723413016471,70.89872984517993,70.91958454267953,70.93970584276363,70.95900136553233,70.97737873108572,70.99474555952392,71.01100947094703,71.02607808545515,71.03985902314838,71.05225990412683,71.0631883484906,71.07255197633978,71.08026935367207,71.08636795596601,71.09093769462349,71.09406922041406,71.09585318410723,71.09638023647256,71.09574102827956,71.09402621029781,71.09132643329683,71.08773234804615,71.08333460531532,71.07822385587387,71.07249075049134,71.06622593993728,71.05952007498122,71.0524638063927,71.04514778494125,71.03766266139642,71.03009908652776,71.02254771110479,71.01509918589704,71.00784416167407,71.00087328920542,70.99427721926061,70.98814660260919,70.98257208521191,70.97762398617586,70.9733058450327,70.96960750811519,70.96651882175607,70.9640296322881,70.96212978604407,70.9608091293567,70.96005750855876,70.95986476998303,70.96022075996223,70.96111532482914,70.96253831091651,70.9644795645571,70.96692893208368,70.96987625982898,70.97331139412579,70.97722418130684,70.9816044677049,70.98644209965273,70.9917269234831,70.99744878552873,71.00359753212241,71.0101630095969,71.01713506428493,71.02450354251928,71.0322582783635,71.04038868364523,71.04888365140745,71.0577320428572,71.06692271920149,71.07644454164732,71.08628637140174,71.09643706967175,71.1068854976644,71.11762051658665,71.12863098764558,71.13990577204818,71.15143373100146,71.16320372571246,71.1752046173882,71.1874252672357,71.19985453646194,71.212481286274,71.22529437787885,71.23828267248354,71.25143503129507,71.26474031552047,71.27818738636677,71.29176510504095,71.30546233275007,71.31926793070113,71.33316135200093,71.34704702231681,71.36079346208548,71.3742689674185,71.38734183442749,71.399880359224,71.41175283791964,71.42282756662598,71.43297284145461,71.44205695851714,71.44994821392514,71.45651490379018,71.46162532422387,71.46514777133778,71.46695054124352,71.46690193005264,71.46487023387677,71.46072374882745,71.4543307710163,71.44555959655489,71.43427852155482,71.42035584212766,71.40365985438501,71.38405885443845,71.36142113839956,71.33561550097798,71.30682443796701,71.27608023425448,71.24455767147742,71.21343153127285,71.1838765952778,71.15706764512929,71.13417946246433,71.11638682891996,71.10486452613318,71.10078733574105,71.10533003938056,71.11966741868875,71.14497425530263,71.18242533085925,71.2331954269956,71.2984593253487,71.3793918075556,71.47716765525331,71.59296165007886,71.72794857366925,71.88330320766153,72.06020033369272,72.25981473339982,72.48332118841986,72.73189448038988
69.77045522112743,69.75879794655796,69.75374930701406,69.7548823912459,69.76177028800365,69.77398608603744,69.79110287409748,69.8126937409339,69.83833177529687,69.86759006593653,69.90004170160304,69.93525977104662,69.97281736301736,70.01228756626543,70.05324346954103,70.09525816159427,70.13790473117535,70.18075626703441,70.22338585792161,70.26536659258713,70.30627155978112,70.34567384825371,70.38314654675511,70.41826274403545,70.4505955288449,70.47971798993359,70.50520813719388,70.52689743530257,70.54498787980413,70.55971086631598,70.57129779045559,70.5799800478404,70.58598903408785,70.58955614481536,70.59091277564045,70.59029032218052,70.587920180053,70.58403374487537,70.57886241226507,70.57263757783952,70.56559063721619,70.55795298601251,70.54995601984595,70.54183113433396,70.53380972509396,70.5261231877434,70.51900291789971,70.51268031118039,70.50738676320285,70.50335366958453,70.50081242594288,70.49999442789539,70.50110901714683,70.50414610340403,70.50896979980129,70.51544272978703,70.52342751680965,70.5327867843175,70.54338315575899,70.55507925458252,70.56773770423649,70.58122112816926,70.59539214982922,70.6101133926648,70.62524748012436,70.64065703565626,70.65620468270896,70.67175304473082,70.68716474517021,70.70230240747551,70.71702865509516,70.73120611147752,70.744697400071,70.75736514432396,70.7690719676848,70.77968049360192,70.78905334552371,70.79705315794374,70.80358925360795,70.80872433963353,70.8125525747109,70.81516811753053,70.8166651267828,70.81713776115808,70.81668017934686,70.81538654003953,70.81335100192649,70.81066772369817,70.80743086404499,70.80373458165732,70.79967303522565,70.79534038344033,70.79083078499181,70.7862383985705,70.78165738286683,70.7771818965712,70.772906098374,70.76892414696565,70.76533020103662,70.76221841927727,70.75968296037803,70.75781798302933,70.75671764592158,70.7564733952409,70.75708332821222,70.75843084787738,70.76039231890104,70.76284410594778,70.76566257368222,70.76872408676897,70.77190500987265,70.77508170765788,70.77813054478926,70.78092788593142,70.78335009574894,70.7852735389065,70.78657458006862,70.7871295839,70.78681491506521,70.78550693822885,70.78308201805558,70.77941651920997,70.77438680635669,70.7678692441603,70.75974019728542,70.74987603039668,70.73815310815868,70.72444779523605,70.70863645629339,70.6906313355334,70.67063080823758,70.64897018095508,70.62598561574046,70.60201327464839,70.57738931973338,70.55244991305008,70.52753121665305,70.5029693925969,70.47910060293617,70.45626100972552,70.43478677501952,70.41501406087275,70.39727902933981,70.3819178424753,70.36926666233379,70.35966165096988,70.35343897043816,70.35093478279325,70.3524852500897,70.35842653438212,70.36909479772513,70.38482620217326,70.40595690978114,70.43282308260336,70.4657599602875,70.50452243508403,70.54729328835572,70.59199168230109,70.63653677911867,70.67884774100708,70.71684373016481,70.74844390879045,70.77156743908253,70.78413348323957,70.7840612034602,70.76926976194287,70.7376783208862,70.68720604248873,70.61577208894897,70.52129562246552,70.4016958052369,70.25489179946169,70.0788027673384,69.87134787106558,69.63044627284185,69.35401713486567,69.03997961933564,68.6862528884503,68.29075610440822,67.85140842940791
69.5522404005537,69.5999613222271,69.64849935451181,69.69769943381036,69.74740649652523,69.79746547905896,69.84772131781403,69.89801894919296,69.94820330959828,69.9981193354325,70.04761196309815,70.09652612899768,70.14470676953366,70.19199882110857,70.23824722012492,70.28329690298523,70.32699280609202,70.3691798658478,70.40970301865505,70.44840720091634,70.48513734903412,70.51973839941095,70.55205528844934,70.58193295255177,70.60921632812074,70.63375035155883,70.6553823402484,70.67408223976156,70.68999926839393,70.70329686898111,70.71413848435873,70.72268755736238,70.72910753082769,70.73356184759032,70.73621395048582,70.73722728234989,70.73676528601808,70.73499140432602,70.73206908010937,70.72816175620372,70.7234328754447,70.71804588066792,70.71216421470899,70.70595132040356,70.69957064058721,70.69318561809558,70.6869596957643,70.681056316429,70.67563892292526,70.67087095808873,70.666915864755,70.6639370857597,70.66208297910939,70.6613518117928,70.66165580621194,70.66290616582688,70.66501409409764,70.66789079448421,70.67144747044668,70.67559532544502,70.68024556293929,70.68530938638949,70.69069799925569,70.69632260499787,70.70209440707609,70.70792460895035,70.7137244140807,70.71940502592713,70.72487764794974,70.73005348360849,70.73484373636342,70.73915960967457,70.74291230700197,70.74601303180566,70.74837298754562,70.7499033776819,70.75051540567455,70.75012028413008,70.7486678882205,70.7462351107934,70.74292488976008,70.73884016303182,70.73408386851995,70.72875894413573,70.72296832779045,70.71681495739543,70.71040177086198,70.70383170610134,70.69720770102484,70.69063269354376,70.68420962156941,70.67804142301307,70.67223103578604,70.66688139779964,70.66209544696514,70.65797612119383,70.654626358397,70.65214909648594,70.65064727337199,70.65022382696642,70.65098169518049,70.65302381592554,70.65645312711285,70.661369925456,70.66778361267458,70.6755919113975,70.68468569090211,70.69495582046576,70.70629316936575,70.71858860687942,70.73173300228407,70.74561722485709,70.76013214387572,70.77516862861734,70.79061754835925,70.80636977237879,70.8223161699533,70.83834761036007,70.85435496287647,70.87022909677978,70.88586088134736,70.90114118585652,70.91596087958459,70.93021083180889,70.94378191180675,70.95656498885552,70.96845093223246,70.97933061121495,70.98909489508031,70.99763618739644,71.00485912734626,71.01067420960484,71.0149919654306,71.01772292608197,71.01877762281737,71.01806658689523,71.01550034957395,71.01098944211196,71.00444439576768,70.99577574179955,70.98489401146594,70.97170973602533,70.95613344673612,70.93807567485675,70.91744695164559,70.89415780836109,70.8681187762617,70.83924038660578,70.80743317065182,70.77260765965818,70.73467438488333,70.69354387758565,70.64912666902359,70.60133329045556,70.5500746280035,70.49548483595197,70.43830288272102,70.37936915489294,70.31952403904998,70.25960792177435,70.20046118964834,70.14292422925413,70.08783742717401,70.03604116999023,69.988375844285,69.94568183664057,69.90879953363921,69.87856932186315,69.85583158789464,69.84142671831592,69.83619509970922,69.84097711865681,69.85661316174091,69.88394361554379,69.92380886664768,69.97704930163479,70.04450530708743,70.12701726958781,70.22542557571816,70.34057061206076
69.99905097425824,70.05274370520937,70.10075094316194,70.14337936328323,70.18093564074047,70.2137264507009,70.24205846833178,70.26623836880033,70.28657282727383,70.3033685189195,70.3169321189046,70.32757030239638,70.33558974456207,70.34129712056892,70.3449991055842,70.34700237477512,70.34761360330894,70.34713946635293,70.34588663907431,70.34416179664032,70.34227161421823,70.34052276697527,70.3392219300787,70.33867577869574,70.33919098799367,70.34107423313972,70.34462913645946,70.35000208902895,70.35710962226148,70.3658500291685,70.37612160276144,70.38782263605174,70.40085142205082,70.41510625377015,70.43048542422115,70.44688722641524,70.46420995336388,70.48235189807849,70.50121135357053,70.5206866128514,70.54067596893259,70.5610777148255,70.58179014354157,70.60271154809224,70.62374022148896,70.64477445674315,70.66571254686626,70.68645278486972,70.70689346376496,70.72693287656342,70.74646931627656,70.76540107591579,70.78363270615729,70.80113102018389,70.81789852519739,70.83393815108907,70.84925282775016,70.86384548507195,70.87771905294566,70.89087646126255,70.90332063991389,70.91505451879091,70.92608102778489,70.93640309678707,70.9460236556887,70.95494563438103,70.96317196275534,70.97070557070286,70.97754938811485,70.98370634488256,70.98917937089726,70.99397139605018,70.99808535023259,71.00152416333574,71.00429076525089,71.00638808586928,71.00781905508217,71.00858660564751,71.00870578794157,71.0082314622107,71.0072266517432,71.00575437982728,71.0038776697512,71.00165954480325,70.99916302827164,70.99645114344465,70.99358691361051,70.9906333620575,70.98765351207383,70.9847103869478,70.98186700996763,70.9791864044216,70.97673159359793,70.9745656007849,70.97275144927075,70.97135216234373,70.97043076329211,70.97005027540412,70.97027372196803,70.97116412627209,70.97278451160454,70.97519790125365,70.97846731850765,70.98265337169879,70.98773356011598,70.99358327024794,71.00007162228117,71.00706773640216,71.01444073279745,71.02205973165354,71.02979385315696,71.0375122174942,71.04508394485178,71.05237815541622,71.05926396937403,71.06561050691171,71.07128688821578,71.07616223347276,71.08010566286916,71.08298629659149,71.08467325482624,71.08503565775997,71.08394262557916,71.08126327847033,71.07686673661999,71.07062212021465,71.06239854944083,71.05206514448504,71.0394910255338,71.02455937415529,71.00726550820835,70.98765840964346,70.96578739568818,70.94170178357014,70.91545089051688,70.88708403375603,70.85665053051515,70.82419969802184,70.7897808535037,70.7534433141883,70.71523639730323,70.6752094200761,70.63341169973447,70.58989255350595,70.54470129861811,70.49788725229854,70.44949973177485,70.39958805427463,70.34820153702545,70.29538949725489,70.24120125219056,70.18568611906005,70.12889341509094,70.07087245751082,70.01167265806197,69.95140289394678,69.89033312915421,69.82876033948541,69.76698150074151,69.70529358872363,69.64399357923294,69.58337844807055,69.5237451710376,69.46539072393524,69.40861208256462,69.35370622272686,69.30097012022308,69.25070075085445,69.20319509042208,69.15875011472714,69.11766279957075,69.08023012075405,69.04674905407819,69.01751657534429,68.9928296603535,68.97298528490694,68.95828042480576,68.9490120558511,68.9454771538441,68.94797269458589
69.89325654940514,69.83344403003105,69.78834204230738,69.7570692614549,69.73874436269436,69.73248602124653,69.73741291233215,69.75264371117198,69.7772970929868,69.81049173299735,69.85134630642439,69.89897948848868,69.952509954411,70.01105637941207,70.07373743871266,70.13967180753352,70.20797816109544,70.27777517461915,70.34818152332541,70.418315882435,70.48729692716866,70.55424333274713,70.61827377439121,70.67850692732165,70.73406146675917,70.78405606792457,70.82762631571322,70.86446644056753,70.89494392849386,70.91946634769032,70.93844126635499,70.95227625268593,70.96137887488126,70.96615670113904,70.96701729965737,70.96436823863431,70.95861708626798,70.95017141075643,70.93943878029776,70.92682676309006,70.91274292733142,70.89759484121991,70.88179007295362,70.86573619073063,70.84984076274903,70.8345113572069,70.82015554230234,70.80718088623343,70.79599495719823,70.78700532339485,70.78061955302137,70.77724521427588,70.77722147658997,70.78046540034103,70.78673318214082,70.79578070194017,70.80736383968991,70.82123847534083,70.83716048884376,70.85488576014951,70.87417016920891,70.89476959597276,70.91643992039188,70.9389370224171,70.96201678199922,70.98543507908907,71.00894779363747,71.03231080559523,71.05527999491316,71.07761124154209,71.09906042543281,71.11938342653617,71.13833612480299,71.15567440018405,71.17115413263019,71.18453120209223,71.195561488521,71.20400246042607,71.20974998950216,71.21294379121909,71.2137484022779,71.21232835937957,71.20884819922514,71.20347245851562,71.19636567395202,71.18769238223537,71.17761712006667,71.16630442414693,71.1539188311772,71.14062487785846,71.12658710089174,71.11197003697805,71.09693822281841,71.08165619511384,71.06628849056534,71.05099964587394,71.03595419774065,71.0213166828665,71.00725163795248,70.99392359969963,70.98149710480894,70.97013668998144,70.96000689191816,70.95125779852727,70.94389755277628,70.93785373116394,70.9330529854662,70.92942196745909,70.92688732891858,70.92537572162067,70.92481379734133,70.92512820785656,70.92624560494235,70.92809264037469,70.93059596592957,70.93368223338297,70.93727809451089,70.9413102010893,70.94570520489421,70.9503897577016,70.95529051128747,70.96033411742779,70.96544722789857,70.97055649447577,70.97558856893542,70.98047010305348,70.98512774860593,70.98948815736878,70.99347800664623,70.997036942068,71.00013863835437,71.00276228431677,71.00488706876666,71.00649218051547,71.00755680837464,71.00806014115564,71.00798136766988,71.00729967672882,71.0059942571439,71.00404429772655,71.00142898728824,70.99812751464039,70.99411906859444,70.98938283796187,70.98389801155407,70.97764377818254,70.97059932665867,70.96274384579394,70.95405652439977,70.94451655128762,70.93410311526893,70.92279540515513,70.91057260975766,70.89741391788799,70.88330167834138,70.86827131776666,70.85240230508735,70.8357754423452,70.81847153158195,70.80057137483931,70.78215577415902,70.76330553158283,70.74410144915245,70.72462432890963,70.70495497289609,70.68517418315356,70.66536276172378,70.64560151064849,70.6259712319694,70.60655272772827,70.5874267999668,70.56867425072676,70.55037588204983,70.5326124959778,70.51546489455237,70.49901387981528,70.48334025380825,70.46852481857304,70.45464837615135,70.44179172858493
69.85465253053707,69.97745750122907,70.08815673938741,70.1873198730193,70.27551653013195,70.3533163387326,70.42128892682842,70.48000392242669,70.53003095353458,70.57193964815932,70.60629963430813,70.63368053998823,70.65465199320684,70.66978362197116,70.67964505428843,70.68480591816586,70.68583584161065,70.68330445263005,70.67778137923126,70.6698362494215,70.66003869120797,70.6489583325979,70.63716480159853,70.62522772621705,70.61371673446068,70.60320145433664,70.59424675022902,70.58717214447667,70.58193848873478,70.57847817564144,70.57672359783473,70.57660714795276,70.57806121863361,70.5810182025154,70.5854104922362,70.59117048043412,70.59823055974725,70.6065231228137,70.61598056227155,70.6265352707589,70.63811964091383,70.65066606537445,70.66410693677886,70.67837464776517,70.69340159097145,70.70912015903579,70.7254627445963,70.74236174029109,70.75974953875823,70.77755853263582,70.79572111456196,70.81416967717476,70.83283542948456,70.85163780364368,70.87048948033525,70.88930306029133,70.90799114424397,70.92646633292522,70.94464122706717,70.96242842740185,70.97974053466132,70.99649014957767,71.01258987288293,71.02795230530919,71.04249004758847,71.05611570045286,71.06874186463442,71.08028114086518,71.09064612987724,71.09974943240263,71.10750364917344,71.11382138092169,71.11861522837947,71.12179779227884,71.12328167335184,71.12297947233054,71.120803789947,71.11666723995387,71.1105374743775,71.10256296184352,71.09292924754838,71.08182187668855,71.06942639446046,71.05592834606057,71.04151327668532,71.02636673153116,71.01067425579453,70.99462139467188,70.97839369335966,70.96217669705433,70.94615595095233,70.9305170002501,70.9154453901441,70.90112666583076,70.88774637250656,70.8754900553679,70.86454325961128,70.85509153043311,70.84732041302986,70.84141545259797,70.83756219433388,70.83594618343406,70.83675296509495,70.84016210568224,70.84614741423374,70.85442989388177,70.86471503395242,70.87670832377185,70.89011525266616,70.90464130996148,70.91999198498392,70.93587276705962,70.95198914551469,70.96804660967524,70.98375064886741,70.99880675241734,71.01292040965112,71.02579710989487,71.03714234247472,71.04666159671682,71.05406036194725,71.05904412749214,71.06131838267764,71.06058861682985,71.0565603192749,71.04893897933889,71.03743008634797,71.02173912962824,71.00157159850583,70.97670240436244,70.94746008353479,70.91443811585059,70.87823163642489,70.83943578037275,70.79864568280927,70.75645647884949,70.71346330360846,70.6702612922013,70.62744557974302,70.58561130134873,70.54535359213347,70.50726758721231,70.47194842170033,70.43999123071258,70.41199114936413,70.38854331277003,70.37024285604538,70.35768491430524,70.35146462266466,70.3521771162387,70.36041753014247,70.37678099949099,70.40186265939934,70.43625764498259,70.48056016381246,70.53478084444392,70.59734945036637,70.66643065796208,70.74018914361332,70.81678958370235,70.89439665461141,70.97117503272281,71.04528939441879,71.1149044160816,71.17818477409354,71.23329514483684,71.27840020469378,71.31166463004664,71.33125309727765,71.33533028276909,71.32206086290323,71.28960951406233,71.23614091262866,71.15981973498447,71.05881065751204,70.93127835659362,70.77538750861149,70.58930278994791,70.37118887698514,70.11921044610546
69.40502947277218,69.50649060060694,69.59716186550303,69.67763112156857,69.74848622291171,69.81031502364057,69.86370537786331,69.90924513968805,69.94752216322293,69.97912430257607,70.00463941185562,70.0246553451697,70.03975995662648,70.05054110033406,70.05758663040059,70.0614844009342,70.06282226604303,70.06218807983521,70.06016969641887,70.05735496990215,70.0543317543932,70.05168790400013,70.0500112728311,70.04988971499424,70.05191108459766,70.05666323574953,70.06472759156641,70.07635435823904,70.09130952898443,70.10932067674736,70.13011537447272,70.15342119510534,70.17896571159004,70.2064764968717,70.23568112389515,70.2663071656052,70.29808219494673,70.33073378486456,70.36398950830355,70.39757693820853,70.43122364752435,70.46465720919583,70.49760519616784,70.52979518138521,70.56095473779278,70.59081143833541,70.61909285595792,70.64552656360515,70.66984013422194,70.69176114075316,70.71101715614364,70.72733575333821,70.74047230819689,70.75045882999807,70.75748591717826,70.76174604619048,70.76343169348777,70.76273533552317,70.7598494487497,70.75496650962042,70.74827899458835,70.73997938010652,70.73026014262798,70.71931375860575,70.70733270449288,70.69450945674241,70.68103649180735,70.66710628614076,70.65291131619566,70.6386440584251,70.6244969892821,70.6106625852197,70.59733332269093,70.58470167814885,70.57296012804647,70.56230114883684,70.55291721697297,70.54500079372963,70.53868018132012,70.5338729009412,70.53045325299395,70.5282955378794,70.52727405599865,70.52726310775274,70.52813699354276,70.52977001376978,70.53203646883485,70.53481065913904,70.53796688508345,70.5413794470691,70.5449226454971,70.5484707807685,70.55189815328436,70.55507906344576,70.55788781165376,70.56019869830943,70.56188602381386,70.56282408856809,70.56288719297321,70.56194963743026,70.55988572234033,70.55656974810448,70.55187601512378,70.54568295382701,70.53801112669264,70.52905572823711,70.51902266952874,70.50811786163582,70.4965472156267,70.48451664256966,70.472232053533,70.45989935958507,70.44772447179415,70.43591330122854,70.42467175895658,70.41420575604656,70.40472120356678,70.39642401258558,70.38952009417125,70.3842153593921,70.38071571931644,70.37922708501259,70.37995536754885,70.38310647799354,70.38888632741494,70.3975008268814,70.4091558874612,70.42405742022267,70.4424113362341,70.46438558773991,70.48984541407852,70.51851118789953,70.55010237676905,70.58433844825312,70.62093886991781,70.65962310932917,70.70011063405329,70.7421209116562,70.78537340970398,70.82958759576269,70.8744829373984,70.91977890217716,70.96519495766505,71.01045057142812,71.05526521103243,71.09935834404408,71.14244943802909,71.18425796055352,71.22450337918346,71.26290516148497,71.2991827750241,71.33305568736691,71.36424336607948,71.39246527872787,71.41744066708725,71.43874671291313,71.45557576965875,71.46705566090462,71.4723142102313,71.47047924121931,71.4606785774492,71.44204004250149,71.41369145995672,71.37476065339543,71.32437544639815,71.26166366254543,71.1857531254178,71.09577165859578,70.9908470856599,70.87010723019073,70.7326799157688,70.57769296597463,70.40427420438878,70.21155145459176,69.99865254016412,69.76470528468639,69.50883751173909,69.23017704490279,68.92785170775801,68.60098932388529
70.41396487872214,70.45683250774081,70.49170074908847,70.51909755856408,70.53955089196674,70.55358870509542,70.56173895374917,70.56452959372697,70.5624885808279,70.55614387085097,70.54602341959517,70.53265518285954,70.51656711644313,70.49828717614491,70.47834331776394,70.45726349709926,70.43557566994986,70.41380779211477,70.39248781939301,70.3721437075836,70.35330341248562,70.336494889898,70.32224609561982,70.3110849854501,70.30353951518782,70.30013764063207,70.30140087719496,70.30751903947214,70.31819702167562,70.33310124161534,70.35189811710114,70.37425406594298,70.39983550595068,70.42830885493419,70.4593405307034,70.49259695106818,70.52774453383844,70.56444969682408,70.60237885783496,70.641198434681,70.68057484517209,70.72017450711812,70.759663838329,70.79870925661461,70.83697717978484,70.8741340256496,70.90984621201875,70.94378015670222,70.97560227750989,71.00497899225167,71.03157671873743,71.05506187477704,71.07513093889855,71.09177948773345,71.10517456568721,71.11548524769069,71.12288060867473,71.12752972357023,71.12960166730801,71.12926551481897,71.12669034103394,71.12204522088376,71.11549922929933,71.10722144121152,71.09738093155116,71.08614677524912,71.07368804723626,71.06017382244346,71.04577317580154,71.03065518224139,71.01498891669385,70.99894345408981,70.98268786936012,70.9663912374356,70.95022263324717,70.93435113172566,70.91894580780192,70.9041757309808,70.8901870347674,70.8770505012944,70.86482146184261,70.85355524769273,70.84330719012553,70.83413262042177,70.82608686986225,70.81922526972772,70.8136031512989,70.80927584585663,70.8062986846816,70.8047269990546,70.80461612025638,70.80602137956774,70.8089981082694,70.81360163764217,70.81988729896676,70.82791042352397,70.83772634259452,70.84939038745924,70.86295788939881,70.87848417969408,70.89602458962574,70.91563445047461,70.9373690935214,70.96127953157426,70.98726816018973,71.01505477477482,71.04434796520977,71.07485632137482,71.10628843315024,71.13835289041634,71.17075828305332,71.20321320094143,71.235426233961,71.26710597199221,71.29796100491538,71.32769992261072,71.35603131495853,71.38266377183905,71.40730588313252,71.42966623871925,71.44945342847947,71.46637604229343,71.4801426700414,71.49046190160362,71.4970423268604,71.49959253569193,71.49782111797853,71.49143666360044,71.4801477624379,71.46372588164621,71.44244392021366,71.4168147430099,71.38735271413933,71.35457219770643,71.31898755781557,71.2811131585712,71.24146336407776,71.20055253843967,71.15889504576131,71.11700525014717,71.07539751570164,71.03458620652916,70.99508568673414,70.95741032042102,70.9220744716942,70.88959250465814,70.86047878341725,70.83524767207598,70.81441353473872,70.79849073550992,70.78799363849399,70.78343660779535,70.78533400751846,70.79420020176772,70.81054887474053,70.83446593605015,70.86487849097205,70.90051933086056,70.94012124707007,70.9824170309549,71.02613947386942,71.07002136716798,71.11279550220493,71.15319467033464,71.18995166291145,71.22179927128971,71.24747028682378,71.26569750086804,71.2752137047768,71.27475168990443,71.26304424760528,71.23882416923371,71.2008242461441,71.14777726969075,71.07841603122804,70.99147332211035,70.88568193369201,70.75977465732734,70.61248428437077,70.44254360617657
70.37058829169283,70.31058490003944,70.25991937922305,70.21811536287703,70.18469648463483,70.15918637812985,70.14110867699547,70.12998701486515,70.12534502537227,70.12670634215026,70.13359459883253,70.14553342905248,70.16204646644354,70.18265734463913,70.20688969727263,70.23426715797747,70.26431336038706,70.29655193813484,70.33050652485419,70.36570075417852,70.40165825974125,70.43790267517582,70.4739576341156,70.50934677019404,70.54359371704453,70.5762221083005,70.60676326268471,70.63500239150238,70.66103068646916,70.68495755580878,70.70689240774504,70.72694465050171,70.74522369230257,70.76183894137141,70.776899805932,70.7905156942081,70.80279601442348,70.81385017480196,70.82378758356728,70.83271764894323,70.84074977915358,70.84799338242212,70.85455786697261,70.86055264102885,70.8660871128146,70.87127069055362,70.87621278246971,70.88102279678665,70.8858101417282,70.89068422551816,70.89575445638027,70.90113024253836,70.90690474251431,70.91307083310545,70.91958317421765,70.92639635052674,70.93346494670854,70.94074354743888,70.94818673739358,70.95574910124844,70.96338522367931,70.97104968936199,70.9786970829723,70.98628198918607,70.99375899267912,71.00108267812726,71.0082076302063,71.0150884335921,71.02167967296043,71.02793593298716,71.03381179834807,71.03926185371898,71.04424068377577,71.04870287319417,71.05260300665007,71.05589566881926,71.05853544437758,71.0604773081767,71.06171022914222,71.06228306819784,71.06225078276549,71.06166833026705,71.06059066812443,71.05907275375952,71.05716954459425,71.0549359980505,71.05242707155017,71.04969772251516,71.04680290836741,71.04379758652878,71.0407367144212,71.03767524946655,71.03466814908674,71.03177037070367,71.02903687173927,71.0265226096154,71.02428254175399,71.02237162557694,71.02084481850613,71.0197570779635,71.01916336137094,71.01911862615032,71.01967782972358,71.02088745540195,71.02271073683352,71.02506365602528,71.02786165264123,71.03102016634529,71.0344546368014,71.03808050367351,71.04181320662559,71.04556818532154,71.04926087942533,71.05280672860091,71.05612117251223,71.05911965082322,71.06171760319782,71.0638304693,71.06537368879367,71.06626270134282,71.06641294661136,71.06573986426326,71.06415889396246,71.06158547537288,71.0579350481585,71.05312305198325,71.04706492651107,71.03967611140591,71.03087215959843,71.02062616351012,71.00906220009242,70.99632881190709,70.9825745415159,70.96794793148058,70.95259752436286,70.93667186272452,70.92031948912728,70.9036889461329,70.88692877630312,70.8701875221997,70.85361372638435,70.83735593141886,70.82156267986494,70.80638251428437,70.79196397723886,70.77845561129018,70.7660059590001,70.75476356293031,70.74487696564259,70.73649470969869,70.72976533766033,70.72483739208928,70.7218594155473,70.72097995059609,70.72234513517242,70.726060717027,70.73219892944934,70.74083099127773,70.75202812135043,70.76586153850576,70.782402461582,70.80172210941743,70.82389170085034,70.84898245471905,70.87706558986181,70.90821232511695,70.94249387932274,70.97998147131747,71.02074631993945,71.06485964402694,71.11239266241823,71.16341659395164,71.21800265746543,71.2762220717979,71.33814605578736,71.40384582827207,71.47339260809035,71.54685761408047,71.62431206508072,71.7058271799294
70.0872777345225,70.09528386523772,70.10391201161437,70.11313957144762,70.12294394253252,70.1333025226642,70.14419270963771,70.15559190124821,70.16747749529074,70.17982688956045,70.19261748185238,70.20582666996168,70.21943185168342,70.23341042481269,70.24773978714458,70.26239733647424,70.2773604705967,70.29260658730712,70.30811308440056,70.3238573596721,70.33981681091686,70.35596883592996,70.37229083250645,70.38876019844147,70.4053543315301,70.42205062956742,70.43882659664621,70.45566521153324,70.47255745653618,70.48949494901015,70.50646930631027,70.52347214579163,70.54049508480935,70.55752974071854,70.57456773087432,70.59160067263181,70.60862018334612,70.62561788037237,70.64258538106566,70.65951430278108,70.6763962628738,70.69322287869889,70.70998576761147,70.72667654696667,70.7432868341196,70.75980824642537,70.77623240123907,70.79255091591585,70.80875540781079,70.82483749427905,70.84078879267568,70.85660092035585,70.87226261617911,70.88773397855306,70.902958686809,70.91788022584325,70.93244208055208,70.94658773583174,70.96026067657851,70.97340438768873,70.98596235405859,70.99787806058441,71.00909499216246,71.019556633689,71.02920647006033,71.03798798617271,71.04584466692245,71.05271999720577,71.05855746191898,71.06330054595833,71.06689273422015,71.06927751160063,71.07039836299614,71.0701987733029,71.0686222274172,71.06561221023532,71.06111220665349,71.05506571173751,71.04745920700981,71.03842039689846,71.0281059436875,71.01667250966105,71.00427675710318,70.99107534829795,70.97722494552951,70.9628822110819,70.94820380723922,70.93334639628554,70.91846664050496,70.90372120218154,70.88926674359942,70.87525992704263,70.86185741479528,70.84921586914149,70.83749195236527,70.82684232675075,70.81742365458203,70.80939259814318,70.80290581971826,70.79811998159138,70.79519174604664,70.79427777536813,70.7955347318399,70.79911445969344,70.80500299320937,70.81298264252794,70.82282321595784,70.83429452180783,70.84716636838661,70.86120856400294,70.87619091696556,70.89188323558315,70.90805532816447,70.92447700301827,70.94091806845321,70.9571483327781,70.97293760430162,70.98805569133253,71.00227240217953,71.01535754515137,71.02708092855679,71.03721236070447,71.04552164990318,71.05177860446165,71.05575303268859,71.05721474289274,71.05593354338282,71.0516792424676,71.04422164845576,71.03338025354842,71.01937076758179,71.00259851482778,70.98347000421236,70.96239174466149,70.93977024510107,70.91601201445712,70.89152356165556,70.86671139562233,70.84198202528341,70.81774195956476,70.7943977073923,70.77235577769201,70.75202267938985,70.73380492141177,70.71810901268373,70.70534146213166,70.69590877868151,70.69021747125927,70.68867404879089,70.6916850202023,70.69965689441946,70.71299618036832,70.73210938697486,70.75740302316501,70.7892824269982,70.82741626676514,70.86947763608927,70.91280500097318,70.95473682741951,70.99261158143094,71.0237677290101,71.0455437361596,71.05527806888213,71.05030919318028,71.02797557505673,70.98561568051412,70.92056797555506,70.8301709261822,70.71176299839814,70.56268265820563,70.38026837160723,70.16185860460561,69.90479182320342,69.60640649340326,69.26404108120781,68.8750340526197,68.43672387364154,67.94644901027601,67.40154792852573,66.79935909439337
69.56967810541319,69.59607827216566,69.62561775412885,69.65799674653212,69.69291544460481,69.73007404357625,69.7691727386758,69.80991172513282,69.85199119817663,69.8951113530366,69.93897238494205,69.98327448912232,70.02771786080682,70.07200269522482,70.1158291876057,70.1588975331788,70.20090792717346,70.24156056481904,70.28055564134488,70.31759335198032,70.35237389195471,70.3845974564974,70.41396424083774,70.44017444020507,70.46292824982872,70.48194639968904,70.49725578731744,70.50911844078225,70.51780240439139,70.52357572245278,70.5267064392743,70.52746259916391,70.52611224642949,70.52292342537896,70.51816418032023,70.5121025555612,70.50500659540981,70.49714434417395,70.48878384616152,70.48019314568046,70.47164028703867,70.46339331454406,70.45572027250454,70.44888920522803,70.44316815702243,70.43882517219566,70.43612829505562,70.43534556991024,70.43674504106743,70.44059406167014,70.44701676423081,70.45581934576738,70.46676523275342,70.47961785166244,70.49414062896801,70.51009699114367,70.52725036466296,70.54536417599944,70.56420185162663,70.58352681801809,70.60310250164736,70.622692328988,70.64205972651352,70.6609681206975,70.67918093801347,70.696461604935,70.71257354793558,70.72728019348881,70.7403449680682,70.75153129814731,70.76060261019968,70.76732233069886,70.7714538861184,70.77276070293182,70.77105410330827,70.7664963339948,70.75940573981953,70.75010137683205,70.73890230108191,70.7261275686187,70.71209623549194,70.69712735775123,70.6815399914461,70.66565319262612,70.64978601734087,70.63425752163991,70.61938676157277,70.60549279318904,70.59289467253828,70.58191145567004,70.57286219863389,70.56606595747938,70.5618417882561,70.56050874701359,70.56238588980139,70.56779227266911,70.57704695166628,70.59046898284247,70.60836814093393,70.63070095169729,70.65696938544147,70.68664546519813,70.7192012139989,70.75410865487542,70.79083981085937,70.82886670498235,70.86766136027603,70.90669579977207,70.9454420465021,70.98337212349776,71.0199580537907,71.05467186041258,71.08698556639504,71.11637119476971,71.14230076856826,71.16424631082232,71.18167984456355,71.19407339282358,71.20089897863407,71.20162862502666,71.19573435503298,71.1826881916847,71.1619621580366,71.13328521624855,71.09740029567179,71.05530041627587,71.00797859803033,70.95642786090471,70.90164122486854,70.84461170989137,70.7863323359427,70.72779612299212,70.66999609100912,70.61392525996327,70.5605766498241,70.51094328056114,70.46601817214392,70.42679434454199,70.39426481772489,70.36942261166215,70.3532607463233,70.34677224167788,70.35095011769545,70.36678739434552,70.39527709159765,70.43741222942137,70.49418582778621,70.56649154503178,70.65376765013377,70.75434787345357,70.8665384318876,70.98864554233236,71.1189754216843,71.25583428683986,71.3975283546955,71.54236384214768,71.68864696609286,71.83468394342749,71.97878099104805,72.11924432585097,72.25438016473272,72.38249472458975,72.50189422231853,72.61088487481551,72.70777289897715,72.79086451169991,72.85846592988024,72.9088833704146,72.94042305019946,72.95139118613123,72.94009399510642,72.90537864588178,72.86283443807027,72.82029023025875,72.77774602244723,72.73520181463573,72.69265760682421,72.6501133990127,72.60756919120118,72.56502498338966
70.05986076841943,70.08928829749573,70.11666763523614,70.14209719906123,70.16567540639149,70.18750067464747,70.2076714212497,70.2262860636187,70.24344301917503,70.25924070533922,70.27377753953178,70.28715193917326,70.29946232168419,70.3108071044851,70.3212847049965,70.33099354063897,70.34003202883301,70.34849858699917,70.35649163255796,70.36410958292994,70.37145085553563,70.37861386779555,70.38569703713026,70.39279878096026,70.40001751670611,70.40745166178833,70.41519883882235,70.42331573538218,70.43179919524582,70.44064131383666,70.44983418657807,70.45936990889342,70.46924057620609,70.47943828393944,70.48995512751685,70.50078320236169,70.51191460389732,70.52334142754714,70.5350557687345,70.54704972288276,70.55931538541532,70.57184485175554,70.58463021732679,70.59766357755245,70.61093702785588,70.62444266366046,70.63817258038956,70.65211887346656,70.66627363831482,70.68062897035772,70.6951769650186,70.70990971772089,70.7248168367307,70.73986318359961,70.75499943301541,70.77017609166471,70.78534366623413,70.80045266341025,70.81545358987972,70.83029695232912,70.84493325744506,70.85931301191417,70.87338672242305,70.8871048956583,70.90041803830653,70.91327665705437,70.9256312585884,70.93743234959526,70.94863043676153,70.95917602677385,70.96901962631881,70.97811174208302,70.98640288075309,70.99384354901565,71.00038425355727,71.0059755010646,71.01056779822423,71.01411165691017,71.01657951629379,71.01801585304075,71.01847991515565,71.01803095064305,71.0167282075075,71.01463093375357,71.01179837738582,71.00828978640882,71.00416440882717,70.99948149264537,70.99430028586804,70.9886800364997,70.98267999254496,70.97635940200836,70.96977751289447,70.96299357320785,70.95606683095308,70.9490565341347,70.94202193075729,70.93502226882543,70.92811679634366,70.92136476131657,70.9148254117487,70.90855799564463,70.90262176100892,70.89707506751738,70.89194570362558,70.88722389613771,70.88289756683199,70.87895463748666,70.87538302987993,70.87217066579001,70.86930546699516,70.86677535527357,70.86456825240349,70.86267208016312,70.8610747603307,70.85976421468445,70.85872836500258,70.85795513306333,70.85743244064491,70.85714820952555,70.85709036148349,70.85724681829691,70.85760550174408,70.8581543336032,70.8588812356525,70.8597741296702,70.86082093743451,70.86200958072368,70.86332798131593,70.86477578936861,70.86644618617024,70.86847711339115,70.87100679235114,70.87417344436994,70.87811529076737,70.88297055286317,70.88887745197712,70.89597420942899,70.90439904653856,70.9142901846256,70.92578584500988,70.93902424901117,70.95414361794924,70.97128217314389,70.99057813591486,71.01216972758193,71.03619516946488,71.06279268288347,71.09210048915749,71.12425680960669,71.15939986555087,71.19766787830977,71.23919906920318,71.2841316595509,71.33260323955061,71.38435431868683,71.4380497491469,71.49217401169533,71.54521158709662,71.59564695611529,71.64196459951586,71.68264899806286,71.7161846325208,71.74105598365418,71.75574753222752,71.75874375900534,71.74852914475217,71.72358817023252,71.68240531621086,71.62346506345177,71.54525189271973,71.44625028477928,71.32494472039491,71.17981968033116,71.00935964535253,70.81204909622353,70.5863725137087,70.33081437857253,70.04385917157956,69.72399137349429
70.22387272926522,70.18488990086576,70.15172823972833,70.12411768569211,70.10178817859628,70.08446965827994,70.0718920645823,70.06378533734247,70.05987941639964,70.05990424159295,70.06358975276157,70.07066588974465,70.08086259238132,70.09390980051077,70.10953745397217,70.12747549260462,70.14745385624732,70.16920248473943,70.19245131792007,70.2169302956284,70.24236935770361,70.26849844398484,70.29504749431126,70.32174644852199,70.3483252464562,70.37451382795308,70.40004592930791,70.42478071047933,70.44872848662547,70.47190857191177,70.49434028050356,70.51604292656631,70.53703582426536,70.55733828776616,70.57696963123405,70.59594916883447,70.61429621473275,70.63203008309438,70.64917008808467,70.66573554386906,70.68174576461294,70.69722006448171,70.71217775764075,70.72663815825547,70.74062058049125,70.75414433851353,70.76722874648763,70.779893118579,70.79215676895302,70.8040390117751,70.81555916121062,70.82673653142498,70.8375835897366,70.84807054954257,70.85815152147018,70.86778058444841,70.87691181740627,70.88549929927268,70.89349710897662,70.90085932544707,70.90754002761301,70.91349329440337,70.91867320474717,70.92303383757331,70.92652927181081,70.92911358638864,70.93074086023572,70.93136517228109,70.93094060145364,70.92942122668242,70.92676112689634,70.92291438102438,70.91783506799553,70.9114772667387,70.90379505618296,70.89474251525718,70.88427372289038,70.87234363989813,70.85898406146853,70.84436215238705,70.82865885691774,70.81205511932467,70.79473188387189,70.77687009482344,70.75865069644337,70.74025463299574,70.72186284874459,70.703656287954,70.68581589488801,70.66852261381067,70.65195738898603,70.63630116467817,70.62173488515108,70.60843949466889,70.59659593749558,70.58638515789525,70.57798810013193,70.57158570846968,70.56735892717259,70.56548870050463,70.56615597272994,70.56954168811251,70.57582679091641,70.58515952158126,70.59736683817508,70.61209334224077,70.62898154227636,70.64767394678003,70.6678130642498,70.68904140318381,70.71100147208011,70.73333577943683,70.75568683375204,70.77769714352385,70.79900921725036,70.81926556342964,70.83810869055978,70.85518110713889,70.87012532166506,70.8825838426364,70.89219917855095,70.89861383790688,70.90147032920223,70.90041116093508,70.89507884160355,70.88511587970575,70.87016478373974,70.84986806220363,70.82386875843932,70.79208161644445,70.75513432701612,70.71377010721451,70.66873217409974,70.62076374473199,70.57060803617142,70.51900826547819,70.46670764971245,70.41444940593436,70.36297675120412,70.31303290258182,70.2653610771277,70.22070449190184,70.17980636396445,70.14340991037568,70.11225834819567,70.08709489448461,70.06866276630265,70.05770518070993,70.05496535476664,70.06118650553293,70.07711185006897,70.10348460543489,70.14104798869087,70.19054521689705,70.25260227127615,70.32587593734283,70.40738902612676,70.49411488978862,70.58302688048911,70.67109835038895,70.75530265164878,70.83261313642933,70.90000315689127,70.9544460651953,70.99291521350213,71.0123839539724,71.00982563876687,70.98221362004617,70.92652124997102,70.83972188070209,70.71878886440012,70.56069555322577,70.36241529933972,70.12092145490271,69.83318737207537,69.49618640301843,69.10689189989257,68.66227721485849,68.15931570007689,67.59498070770843
69.90269047336224,70.00973483051489,70.11026638206327,70.20447740358205,70.29256017064583,70.37470695882924,70.45111004370688,70.52196170085341,70.58745420584343,70.64777983425157,70.70313086165244,70.75369956362067,70.7996782157309,70.84125909355774,70.8786344726758,70.91199662865971,70.9415378370841,70.96745037352359,70.9899265135528,71.00915853274635,71.02533870667887,71.03865931092498,71.0493126210593,71.05749091265645,71.06338646129107,71.06719154253776,71.0690980536642,71.06927840790273,71.06787653436561,71.06503410206942,71.06089278003076,71.05559423726622,71.04928014279238,71.04209216562585,71.0341719747832,71.02566123928104,71.01670162813593,71.0074348103645,70.99800245498332,70.98854623100898,70.97920780745808,70.9701288533472,70.96145103769292,70.95331602951187,70.9458654978206,70.93924111163572,70.93358453997382,70.92903745185149,70.9257415162853,70.92383840229186,70.92346977888778,70.92477731508961,70.92788506800977,70.9327418598532,70.93919605368077,70.94709482291387,70.95628534097378,70.96661478128188,70.97793031725946,70.9900791223279,71.0029083699085,71.01626523342262,71.02999688629157,71.0439505019367,71.05797325377937,71.07191231524087,71.08561485974256,71.09892806070577,71.11169909155184,71.12377512570211,71.13500333657791,71.14523089760057,71.15430498219143,71.16207276377182,71.16838141576308,71.17307811158655,71.17601002466357,71.17702434369852,71.1760328592636,71.17315959769435,71.16857210441883,71.16243792486505,71.15492460446107,71.14619968863494,71.1364307228147,71.12578525242837,71.11443082290403,71.1025349796697,71.09026526815343,71.07778923378325,71.06527442198723,71.05288837819339,71.04079864782977,71.02917277632443,71.01817830910541,71.00798279160074,70.99875376923848,70.99065878744665,70.98386539165332,70.97854112728652,70.97485353977429,70.97297017454467,70.97305857702571,70.97528156615334,70.97963930190355,70.9859320916101,70.9939479783554,71.0034750052219,71.01430121529205,71.02621465164829,71.03900335737302,71.0524553755487,71.06635874925777,71.08050152158266,71.0946717356058,71.10865743440962,71.12224666107659,71.13522745868912,71.14738787032962,71.15851593908059,71.16839970802441,71.17682722024354,71.18358651882042,71.18846564683747,71.19125264737713,71.19173556352185,71.18970243835405,71.18494131495618,71.17724023641065,71.16642474456457,71.15261942530402,71.13609197542608,71.11711098584179,71.0959450474622,71.07286275119836,71.04813268796134,71.02202344866217,70.99480362421193,70.96674180552164,70.93810658350239,70.9091665490652,70.88019029312115,70.85144640658127,70.82320348035663,70.79573010535827,70.76929487249726,70.74416637268465,70.72061319683148,70.6989039358488,70.6793071806477,70.66209152213919,70.64752555123435,70.63587785884422,70.62741703587986,70.62241079590578,70.62057485560862,70.62012961989126,70.61904475253785,70.61528991733253,70.60683477805951,70.59164899850293,70.56770224244696,70.53296417367575,70.4854044559735,70.42299275312433,70.34369872891243,70.24549204712197,70.1263423715371,69.98421936594195,69.81709269412076,69.62293201985767,69.39970700693684,69.14538731914242,68.85794262025858,68.5353425740695,68.17555684435935,67.77655509491225,67.33630698951242,66.852782191944,66.32395036599115
70.6821662912055,70.59755763075427,70.52527511091407,70.46467724574703,70.41512254931524,70.37596953568081,70.34657671890582,70.32630261305239,70.31450573218261,70.31054459035857,70.3137777016424,70.32356358009618,70.33926073978202,70.360227694762,70.38582295909823,70.41540504685284,70.44833247208788,70.48396374886549,70.52165739124774,70.56077191329676,70.60066582907463,70.64069765264345,70.68022589806533,70.71860907940238,70.75520571071667,70.78937430607031,70.82048410146841,70.84825855414363,70.87284801350314,70.89442824393011,70.91317500980765,70.92926407551893,70.94287120544709,70.95417216397527,70.96334271548663,70.97055862436432,70.97599565499146,70.97982957175122,70.98223613902674,70.98339112120117,70.98347028265763,70.98264938777932,70.98110420094933,70.97901048655083,70.97654400896698,70.9738805325809,70.97119582177577,70.9686656409347,70.96646575444086,70.96477192667739,70.96375992202742,70.96360550487412,70.96445942738598,70.96631808394382,70.96911904390515,70.97279976083014,70.97729768827901,70.98255027981195,70.98849498898915,70.9950692693708,71.00221057451711,71.00985635798826,71.01794407334445,71.02641117414589,71.03519511395277,71.04423334632527,71.05346332482361,71.06282250300796,71.07224833443856,71.08167827267555,71.09104977127915,71.10030028380956,71.10936726382698,71.11818816489159,71.1267004405636,71.1348415444032,71.14254892997059,71.14976039272184,71.15644351579209,71.1626183633349,71.16831034162708,71.17354485694541,71.1783473155667,71.18274312376772,71.18675768782528,71.19041641401617,71.19374470861717,71.1967679779051,71.19951162815673,71.20200106564886,71.20426169665828,71.2063189274618,71.20819816433618,71.20992481355825,71.21152428140476,71.21302197415255,71.21444329807838,71.21581365945906,71.21715846457138,71.21850311969212,71.21987303109809,71.22129360506607,71.22279024787287,71.22438402243327,71.22605332247399,71.22775232313525,71.22943492158217,71.23105501497983,71.23256650049332,71.23392327528775,71.2350792365282,71.23598828137975,71.23660430700751,71.23688121057657,71.23677288925201,71.23623324019894,71.23521616058244,71.2336755475676,71.23156529831952,71.22883931000331,71.22545147978403,71.22135570482678,71.21650588229666,71.21085590935876,71.20435968317817,71.19697110092,71.18864405974931,71.17933245683122,71.16899029568489,71.15762560771137,71.14538819432431,71.13245082942264,71.11898628690521,71.10516734067093,71.09116676461868,71.07715733264733,71.06331181865578,71.0498029965429,71.03680364020758,71.02448652354872,71.01302442046517,71.00259010485586,70.99335635061964,70.9854959316554,70.97918162186204,70.97458619513841,70.97188242538346,70.971243086496,70.97284095237497,70.97684879691921,70.98343939402764,70.99278551759913,71.00505994153256,71.02043543972684,71.03907694067755,71.06101759462217,71.08618120649005,71.11448827143101,71.14585928459489,71.18021474113151,71.21747513619069,71.25756096492226,71.30039272247608,71.34589090400193,71.39397600464969,71.44456851956915,71.49758894391015,71.55295777282252,71.6105955014561,71.67042262496071,71.73235963848617,71.79632703718231,71.86224531619897,71.93003497068597,71.99961649579313,72.0709103866703,72.14383713846732,72.21831724633398,72.29427120542012,72.37161951087559
70.27532098573845,70.2776811852914,70.28214130975212,70.28857263495607,70.29684643673868,70.30683399093539,70.31840657338165,70.3314354599129,70.34579192636458,70.36134724857214,70.37797270237104,70.3955395635967,70.41391910808457,70.4329826116701,70.45260135018871,70.47264659947588,70.49298963536702,70.5135017336976,70.53405417030304,70.5545182210188,70.57476516168032,70.59466626812304,70.6140928161824,70.63291608169386,70.65100734049285,70.66823786841482,70.68448884211092,70.69973627290825,70.71400893351256,70.72733616475048,70.73974730744867,70.75127170243378,70.76193869053247,70.77177761257138,70.78081780937717,70.78908862177649,70.79661939059599,70.80343945666232,70.80957816080212,70.81506484384208,70.81992884660882,70.82419950992899,70.82790617462926,70.83107818153627,70.83374487147668,70.83593558527713,70.83767966376428,70.83900644776477,70.83994527810528,70.84052549561243,70.8407764411129,70.84072757601123,70.84041204070398,70.83986724155821,70.83913082372172,70.83824043234227,70.8372337125677,70.83614830954576,70.83502186842426,70.83389203435101,70.83279645247374,70.8317727679403,70.83085862589843,70.83009167149598,70.82950954988067,70.82914990620034,70.82905038560278,70.82924863323575,70.82978229424707,70.83068901378451,70.83200643699585,70.83377220902892,70.83602397503147,70.8387993801513,70.84213606953622,70.846071688334,70.85064379166305,70.85585858638986,70.86164506072853,70.86792052512834,70.87460229003858,70.88160766590849,70.88885396318736,70.89625849232445,70.90373856376905,70.9112114879704,70.9185945753778,70.9258051364405,70.93276048160779,70.93937792132893,70.94557476605318,70.95126832622984,70.95637591230815,70.96081483473739,70.96450240396685,70.96735593044578,70.96929272462346,70.97023009694915,70.97008535787214,70.96877581784167,70.96621878730706,70.96233157671753,70.95705744635193,70.95048587977658,70.94275753194948,70.93401311210346,70.92439332947131,70.91403889328589,70.90309051277998,70.89168889718643,70.87997475573805,70.86808879766765,70.85617173220808,70.84436426859213,70.83280711605263,70.82164098382239,70.81100658113427,70.80104461722104,70.79189580131555,70.78370084265062,70.77660045045906,70.7707353339737,70.76624620242734,70.76327376505282,70.76195873108296,70.76244180975058,70.7648637102885,70.76935599881922,70.77591781510796,70.78444855237254,70.79484516167517,70.80700459407798,70.82082380064318,70.83619973243295,70.85302934050944,70.87120957593483,70.89063738977131,70.91120973308105,70.93282355692621,70.95537581236898,70.97876345047155,71.00288342229607,71.02763267890472,71.05290817135969,71.07860685072313,71.10462566805725,71.1308615744242,71.15721152088616,71.18357245850532,71.20984133834384,71.23591511146388,71.26169072892765,71.28706159311199,71.31170286079723,71.33494831046767,71.35610198968396,71.37446794600675,71.38935022699665,71.40005288021432,71.40587995322036,71.40613549357545,71.40012354884021,71.38714816657526,71.36651339434124,71.33752327969881,71.29948187020858,71.2516932134312,71.19346135692729,71.12409034825748,71.04288423498245,70.94914706466281,70.84218288485918,70.72129574313223,70.58578968704256,70.43496876415084,70.26813702201767,70.08459850820373,69.88368131037608,69.67473925668963,69.46579720300318
70.12914896325856,70.11685593162301,70.11138238005017,70.1123074929524,70.11921045474202,70.13167044983135,70.14926666263273,70.17157827755852,70.19818447902105,70.22866445143262,70.2625973792056,70.29956244675233,70.33913883848513,70.38090573881632,70.42444233215826,70.46932780292329,70.51514133552371,70.56146211437189,70.60786932388015,70.65394214846083,70.69925977252629,70.74340138048879,70.78594615676076,70.82647328575447,70.86456195188228,70.89979133955651,70.93174499581016,70.96023115679174,70.98538653638235,71.00737391179578,71.02635606024594,71.0424957589467,71.0559557851119,71.06689891595542,71.0754879286911,71.08188560053281,71.08625470869438,71.08875803038973,71.0895583428327,71.08881842323711,71.08670104881688,71.08336899678585,71.07898504435786,71.07371196874678,71.06771254716648,71.06114955683083,71.05418577495368,71.0469839787489,71.03970694543034,71.03251745221183,71.0255782763073,71.01905219493057,71.013090760507,71.00773384107194,71.00295727793016,70.9987361541803,70.99504555292108,70.99186055725116,70.98915625026916,70.98690771507381,70.98509003476377,70.9836782924377,70.98264757119432,70.98197295413223,70.98162952435015,70.98159236494675,70.98183655902068,70.98233718967066,70.98306933999532,70.98400809309334,70.98512853206341,70.98640574000419,70.98781480001438,70.98933079519261,70.99092880863756,70.99258392344797,70.99427122272243,70.99596579196026,70.99765286414907,70.99935100970148,71.0010856348926,71.00288214599746,71.00476594929117,71.00676245104879,71.0088970575454,71.01119517505609,71.01368220985592,71.01638356821996,71.01932465642332,71.02253088074107,71.02602764744827,71.02984036282001,71.03399443313137,71.03851526465743,71.04342826367323,71.04875883645391,71.0545323892745,71.06077432841008,71.06751006013576,71.0747649907266,71.08256452645767,71.09093407360405,71.09989903844081,71.10948292999342,71.11964396475196,71.13026013684618,71.14120451744273,71.15235017770817,71.16357018880913,71.17473762191227,71.18572554818414,71.19640703879139,71.20665516490064,71.21634299767848,71.22534360829152,71.23353006790643,71.24077544768977,71.24695281880815,71.25193525242821,71.25559581971658,71.25780759183982,71.25844363996458,71.25737703525749,71.25448084888515,71.24962815201414,71.24269201581112,71.23354551144268,71.22206171007545,71.20811368287602,71.19162263467953,71.1728936252766,71.15241541259331,71.1306779022465,71.108170999853,71.08538461102964,71.06280864139327,71.04093299656074,71.02024758214887,71.00124230377449,70.98440706705446,70.97023177760562,70.95920634104479,70.95182066298881,70.94856464905453,70.9499282048588,70.95640123601842,70.96847364815028,70.98663534687117,71.01137623779795,71.04318622654748,71.08255521873656,71.12997311998205,71.18592983590077,71.25091527210958,71.32541831614205,71.40928731183413,71.50063542556464,71.59728486075628,71.69705782083182,71.79777650921397,71.8972631293255,71.99333988458915,72.08382897842768,72.1665526142638,72.23933299552024,72.2999923256198,72.3463528079852,72.37623664603919,72.38746604320448,72.37786320290385,72.34525032856001,72.28744962359573,72.20228329143376,72.08757353549683,71.94114255920769,71.76081256598908,71.54440575926373,71.28974434245441,70.99465051898383,70.65694649227478
69.09352090507667,69.3189910948404,69.52209716498184,69.70391340754696,69.86551411458171,70.00797357813205,70.13236609024395,70.23976594296333,70.3312474283362,70.40788483840848,70.47075246522614,70.52092460083516,70.55947553728147,70.58747956661104,70.60601098086981,70.61614407210376,70.61895313235885,70.61551245368103,70.60689632811626,70.59417904771051,70.57843490450972,70.56073819055986,70.54216319790689,70.52378421859675,70.50667554467542,70.49191146818885,70.48039364680965,70.47220035496413,70.46716465859909,70.46511958217056,70.46589815013454,70.46933338694704,70.4752583170641,70.4835059649417,70.49390935503588,70.50630151180263,70.52051545969796,70.5363842231779,70.55374082669847,70.57241829471566,70.59224965168549,70.61306792206398,70.63470613030712,70.65699730087094,70.67977445821147,70.70287062678469,70.72611883104662,70.74935209545329,70.7724034444607,70.79510590252487,70.81729249410179,70.83881017840419,70.85958532760957,70.87957240413196,70.89872590286777,70.91700031871339,70.93435014656518,70.95072988131955,70.96609401787285,70.98039705112147,70.99359347596182,71.00563778729027,71.01648448000319,71.02608804899697,71.034402989168,71.04138379541266,71.04698496262732,71.05116098570838,71.05386635955222,71.05505557905522,71.05468313911376,71.05270353462423,71.049071260483,71.04374081158647,71.03666668283103,71.02780336911303,71.0171326535856,71.00482291674449,70.99112061587904,70.97627247201451,70.96052520617621,70.94412553938938,70.92732019267928,70.91035588707119,70.89347934359039,70.87693728326212,70.8609764271117,70.84584349616435,70.83178521144536,70.81904829398002,70.80787946479356,70.79852544491126,70.79123295535841,70.78624871716028,70.7838194513421,70.78419187892918,70.78761272094677,70.79432869842014,70.80458653237457,70.81863294383533,70.83671465382767,70.85902402354131,70.88530451149876,70.91507832210415,70.94786610649916,70.98318851582543,71.02056620122463,71.05951981383839,71.09957000480838,71.14023742527625,71.18104272638365,71.22150655927224,71.26114957508366,71.29949242495958,71.33605576004165,71.37036023147151,71.40192649039082,71.43027518794123,71.45492697526441,71.47540250350201,71.49122242379566,71.50190738728705,71.5069780451178,71.50595504842957,71.49835904836402,71.48371069606281,71.46159617918681,71.43226120353681,71.39633293041771,71.35444316383082,71.30722370777745,71.25530636625888,71.1993229432764,71.13990524283133,71.07768506892496,71.01329422555858,70.9473645167335,70.88052774645101,70.8134157187124,70.74666023751898,70.68089310687205,70.6167461307729,70.55485111322282,70.49583985822312,70.44034416977509,70.38899585188001,70.34242670853924,70.301268543754,70.26615316152565,70.23771236585546,70.21657796074473,70.20331708015884,70.19769412695292,70.19893035036674,70.20623674129824,70.21882429064539,70.23590398930614,70.25668682817846,70.28038379816029,70.3062058901496,70.33336409504435,70.36106940374246,70.38853280714193,70.4149652961407,70.43957786163674,70.46158149452798,70.48018718571238,70.49460592608793,70.50404870655255,70.50772651800422,70.50485035134088,70.49463119746049,70.47628004726101,70.4490078916404,70.41202572149662,70.36454452772762,70.30782506211433,70.25013993821571,70.19245481431709,70.13476969041848
70.69909795494743,70.56342572738956,70.44362301022858,70.33893931838546,70.24862416678113,70.17192707033652,70.1080975439726,70.05638510261028,70.01603926117053,69.98630953457425,69.96644543774244,69.95569648559598,69.95331219305584,69.95854207504297,69.97063564647831,69.98884242228277,70.0124119173773,70.04059364668288,70.0726371251204,70.10779186761084,70.1453073890751,70.18443320443416,70.22441882860895,70.26451377652037,70.30396756308943,70.34202970323702,70.37796092439356,70.4113923820791,70.44240165580081,70.47109290286599,70.49757028058193,70.52193794625592,70.54430005719527,70.56476077070727,70.5834242440992,70.6003946346784,70.61577609975214,70.62967279662772,70.64218888261243,70.65342851501359,70.66349585113846,70.6724950482944,70.68053026378865,70.68770565492852,70.69412537902133,70.69989359337436,70.7051144552949,70.70989212209025,70.71433075106773,70.71853449953463,70.72260752479824,70.72665398416586,70.73076538959927,70.73495521488644,70.73920719383605,70.74350500171354,70.74783231378439,70.75217280531399,70.7565101515678,70.76082802781124,70.7651101093098,70.76934007132888,70.77350158913393,70.77757833799038,70.78155399316367,70.78541222991927,70.78913672352257,70.79271114923907,70.79611918233417,70.79934449807331,70.80237077172191,70.80518167854547,70.80776089380939,70.81009209277909,70.81215895072006,70.81394514289772,70.81543434457748,70.81661049271304,70.81748032384334,70.8180907436477,70.81849274668372,70.81873732750896,70.81887548068099,70.81895820075741,70.81903648229579,70.81916131985375,70.81938370798883,70.81975464125867,70.82032511422076,70.82114612143278,70.82226865745227,70.82374371683679,70.82562229414395,70.82795538393137,70.83079398075654,70.83418907917712,70.83819167375069,70.8428527590348,70.84822332958703,70.854354379965,70.86129690472629,70.86910189842843,70.87782035562907,70.88749215888205,70.89804802641711,70.90935671593141,70.92128627395385,70.9337047470134,70.94648018163892,70.95948062435934,70.97257412170364,70.98562872020071,70.99851246637945,71.01109340676882,71.0232395878977,71.03481905629508,71.0456998584898,71.05575004101087,71.06483765038712,71.07283073314755,71.07959733582106,71.08500550493656,71.08892328702296,71.09121872860922,71.09175987622424,71.09041477639695,71.0870514756563,71.08153802053116,71.07374256868428,71.0635897337537,71.0511522707458,71.0365269395698,71.01981050013492,71.00109971235037,70.98049133612545,70.95808213136934,70.93396885799126,70.90824827590049,70.88101714500627,70.85237222521778,70.82241027644426,70.79122805859498,70.75892233157919,70.72558985530603,70.69132738968483,70.65623169462478,70.62039953003509,70.58392765582505,70.54691283190388,70.50945181818076,70.471641374565,70.43357826096576,70.39535923729233,70.3570810634539,70.31882701864473,70.28045394817369,70.24163080988404,70.20202087444233,70.1612874125151,70.11909369476894,70.07510299187035,70.02897857448596,69.9803837132823,69.92898167892591,69.87443574208339,69.81640917342125,69.7545652436061,69.68856722330446,69.61807838318285,69.54276199390793,69.46228132614621,69.37629965056425,69.2844802378286,69.18648635860583,69.08198128356247,68.97062828336513,68.85209062868034,68.72603159017464,68.59211443851464,68.45000244436685
70.02723960445714,70.07605791071309,70.12040408172324,70.16051589772017,70.19663113893652,70.2289875856049,70.25782301795789,70.28337521622814,70.30588196064822,70.32558103145077,70.3427102088684,70.35750727313369,70.37021000447929,70.38105618313779,70.39028358934178,70.39813000332391,70.40483320531676,70.41063097555298,70.41576109426512,70.42046134168584,70.42496949804773,70.42952334358341,70.43436065852548,70.43971922310655,70.44583681755924,70.45295122194577,70.46124458437383,70.4706861459168,70.48119422296571,70.49268713191152,70.50508318914522,70.51830071105783,70.5322580140403,70.54687341448363,70.56206522877883,70.57775177331686,70.59385136448871,70.6102823186854,70.62696295229789,70.64381158171719,70.66074652333425,70.6776860935401,70.69454860872573,70.7112523852821,70.7277157396002,70.74385698807104,70.7595944470856,70.77484643303487,70.78953126230984,70.80356725130149,70.81687271674333,70.82938057194761,70.8410771805577,70.85196113751452,70.86203103775892,70.8712854762318,70.87972304787407,70.88734234762657,70.89414197043024,70.90012051122594,70.90527656495455,70.90960872655698,70.9131155909741,70.91579575314682,70.917647808016,70.91867035052255,70.91886197560734,70.91822127821128,70.91674685327523,70.91443729574009,70.91129120054676,70.90730716263612,70.90248377694904,70.89681963842642,70.89031334200916,70.8829634842798,70.87479028941125,70.86588976813859,70.85637452207054,70.84635715281583,70.83595026198317,70.82526645118126,70.81441832201885,70.80351847610464,70.79267951504735,70.7820140404557,70.7716346539384,70.76165395710417,70.75218455156174,70.74333903891981,70.73523002078711,70.72797009877236,70.72167187448427,70.71644794953156,70.71241092552295,70.70967340406715,70.70834798677288,70.70854727524886,70.71038387110382,70.71397037594646,70.71941938082205,70.72678226880338,70.73590514299336,70.74659111967426,70.7586433151284,70.77186484563804,70.78605882748545,70.80102837695296,70.81657661032281,70.83250664387732,70.84862159389876,70.8647245766694,70.88061870847156,70.8961071055875,70.9109928842995,70.92507916088988,70.93816905164088,70.95006567283482,70.96057214075397,70.96949157168062,70.97662708189705,70.98178178768553,70.9847588053284,70.98536125110788,70.98339224130629,70.97865491597783,70.9710258800652,70.96061760022882,70.94758978209373,70.93210213128495,70.91431435342751,70.89438615414643,70.87247723906673,70.84874731381343,70.82335608401158,70.79646325528618,70.76822853326226,70.73881162356486,70.70837223181897,70.67707006364965,70.64506482468191,70.61251622054078,70.57958395685127,70.54642773923842,70.51320727332725,70.48008226474278,70.44721241911004,70.41475744205407,70.38287703919987,70.35173091617247,70.32147885847239,70.29242933929922,70.26534790712547,70.24108765170436,70.2205016627891,70.20444303013291,70.19376484348902,70.18932019261065,70.19196216725102,70.20254385716335,70.22191835210086,70.25093874181678,70.29045811606431,70.3413295645967,70.40440617716716,70.4805410435289,70.57058725343515,70.67539789663914,70.79582606289412,70.93272484195325,71.08694732356975,71.25934659749687,71.45077575348785,71.66208788129588,71.89413607067418,72.14765432731946,72.41006018653748,72.67246604575548,72.9348719049735,73.19727776419151
69.62361364302214,69.73928014886708,69.84906870557792,69.95310107738173,70.05149902850557,70.14438432317652,70.23187872562161,70.31410400006793,70.39118191074253,70.46323422187247,70.53038269768481,70.59274910240661,70.65045520026497,70.70362275548689,70.75237353229946,70.79682929492974,70.8371118076048,70.87334283455168,70.90564413999748,70.93413748816921,70.95894464329399,70.98018736959884,70.99798743131083,71.01246659265702,71.02374661786449,71.03194927116029,71.03720379992441,71.03969566703188,71.03963589198055,71.03723562275259,71.03270600733016,71.02625819369541,71.01810332983052,71.00845256371765,70.99751704333896,70.98550791667662,70.9726363317128,70.95911343642966,70.94515037880936,70.93095830683407,70.91674836848594,70.90273171174715,70.88911948459986,70.87612283502624,70.86395291100844,70.85282086052864,70.84293783156899,70.83451497211166,70.82776343013883,70.82289435363263,70.82011889057526,70.8196347989063,70.82143119975949,70.82533226110839,70.83115764905416,70.83872702969803,70.84786006914118,70.85837643348478,70.87009578883001,70.88283780127807,70.89642213693014,70.91066846188741,70.92539644225107,70.9404257441223,70.95557603360228,70.97066697679222,70.98551823979328,70.99994948870666,71.01378038963354,71.02683060867511,71.03891981193256,71.04986766550707,71.05949383549982,71.06761798801202,71.07405978914483,71.07863890499945,71.08117826088596,71.08163967216305,71.08017276323591,71.07694048161869,71.07210577482557,71.0658315903707,71.05828087576826,71.0496165785324,71.04000164617727,71.02959902621706,71.0185716661659,71.00708251353798,70.99529451584745,70.98337062060848,70.97147377533523,70.95976692754185,70.9484130247425,70.93757501445137,70.9274158441826,70.91809846145036,70.9097858137688,70.9026408486521,70.89682651361441,70.8925057561699,70.88984152383273,70.88899642048204,70.89003719778565,70.89280416712766,70.89710495124135,70.90274717285993,70.90953845471662,70.91728641954467,70.92579869007729,70.93488288904773,70.9443466391892,70.95399756323495,70.9636432839182,70.97309142397219,70.98214960613015,70.99062545312529,70.99832658769087,71.0050606325601,71.01063521046622,71.01485794414245,71.01753645632203,71.0184783697382,71.01749130712417,71.01438289121319,71.00896074473847,71.00103249043326,70.99040575103079,70.97695089896784,70.96080916952496,70.94219486650816,70.92132229483136,70.89840575940848,70.87365956515345,70.84729801698019,70.81953541980263,70.7905860785347,70.76066429809032,70.72998438338341,70.69876063932792,70.66720737083773,70.63553888282681,70.60396948020906,70.57271346789841,70.54198515080878,70.51199883385412,70.48296882194833,70.45510942000536,70.4286349329391,70.4037596656635,70.38069792309248,70.35966401013998,70.3408722317199,70.32453224735038,70.31081581680702,70.29987620929172,70.29186656924666,70.28694004111404,70.28524976933602,70.28694889835478,70.29219057261253,70.30112793655142,70.31391413461365,70.33070231124142,70.35164561087689,70.37689717796225,70.40661015693968,70.44093769225137,70.48003292833948,70.52404900964625,70.5731390806138,70.62745628568435,70.68715376930005,70.75238467590313,70.82330214993573,70.90005933584006,70.98280937805828,71.0717054210326,71.16588185593199,71.26065993939464,71.3554380228573
69.7507631748307,69.83259471054005,69.90867650367142,69.97925401185864,70.0445726927356,70.10487800393614,70.16041540309409,70.21143034784335,70.25816829581773,70.3008747046511,70.3397950319773,70.3751747354302,70.40725927264367,70.43629410125152,70.46252467888763,70.48619646318583,70.50755491178,70.526845482304,70.54431363239165,70.56020481967681,70.57476450179335,70.58823813637511,70.60087118105595,70.61290909346972,70.62459733125029,70.63618135203147,70.64789438432985,70.65981762939722,70.67192930996947,70.68420569844805,70.6966230672345,70.7091576887303,70.72178583533695,70.73448377945593,70.74722779348876,70.75999414983693,70.77275912090192,70.78549897908526,70.79818999678844,70.81080844641293,70.82333060036026,70.83573273103191,70.84799111082938,70.86008201215417,70.87198170740777,70.88366646899169,70.89511256930741,70.90629628075645,70.91719387574028,70.92778162666043,70.93803580591837,70.9479328146701,70.95745928151698,70.96661932327942,70.97541877001643,70.98386345178702,70.99195919865014,70.9997118406648,71.00712720789,71.01421113038471,71.02096943820793,71.02740796141865,71.03353253007586,71.03934897423855,71.04486312396571,71.05008080931634,71.05500786034942,71.05965010712394,71.06401337969889,71.06810350813326,71.07192632248605,71.07548765281624,71.07879332918283,71.0818491816448,71.08466104026114,71.08723473509083,71.0895760961929,71.09169621538037,71.09363100315177,71.09542368068429,71.09711747018352,71.09875559385505,71.10038127390449,71.10203773253743,71.10376819195949,71.10561587437624,71.10762400199332,71.10983579701627,71.11229448165075,71.11504327810233,71.11812540857662,71.12158409527919,71.12546256041568,71.12980402619166,71.13465171481276,71.14004884848455,71.14603864941265,71.15266433980263,71.15996914186012,71.1679962777907,71.1767889698,71.18639044009359,71.19683716221755,71.20806199727517,71.21991667710735,71.23225076604422,71.24491382841593,71.25775542855261,71.27062513078444,71.28337249944151,71.29584709885401,71.30789849335206,71.3193762472658,71.33012992492539,71.34000909066096,71.34886330880265,71.35654214368063,71.36289515962501,71.36777192096595,71.37102199203359,71.37249493715808,71.37204032066956,71.36950770689815,71.36474666017403,71.35760674482734,71.34793752518819,71.33558856558675,71.32041041846367,71.30238337100946,71.28174534063187,71.2587646512096,71.23370962662142,71.20684859074602,71.17844986746216,71.14878178064856,71.11811265418395,71.08671081194706,71.05484457781662,71.02278227567136,70.99079222939002,70.95914276285133,70.92810219993402,70.8979388645168,70.86892108047843,70.84131717169764,70.81539546205312,70.79142427542365,70.76967193568794,70.75040676672472,70.73389709241273,70.7204112366307,70.71021752325734,70.70358427617141,70.7006245150389,70.70058596841957,70.70241678509787,70.7050648233156,70.70747794131456,70.7086039973366,70.7073908496235,70.70278635641706,70.69373837595914,70.6791947664915,70.65810338625599,70.6294120934944,70.59206874644855,70.54502120336024,70.4872173224713,70.4176049620235,70.33513198025872,70.23874623541873,70.12739558574535,70.00002788948039,69.85559100486566,69.69303279014298,69.51130110355416,69.30934380334101,69.08610874774533,68.84388145305617,68.5992436657796
69.51065112417892,69.68256031103712,69.8336712599335,69.96509064824326,70.0779251533416,70.17328145260369,70.25226622340476,70.31598614312001,70.36554788912461,70.40205813879379,70.42662356950271,70.4403508586266,70.44434668354064,70.43971772162004,70.42757065023999,70.40901214677568,70.38514888860232,70.3570875530951,70.32593481762922,70.29279735957988,70.25878185632227,70.2249949852316,70.19254342368306,70.16253384905184,70.13607293871316,70.1142673700422,70.09821264270323,70.08842856798817,70.08459334627791,70.08631839965128,70.09321515018709,70.10489501996413,70.12096943106125,70.14104980555724,70.16474756553093,70.19167413306113,70.22144093022663,70.25365937910628,70.28794090177888,70.32389692032322,70.36113885681816,70.39927813334248,70.437926171975,70.47669439479454,70.5151942238799,70.55303708130992,70.5898343891634,70.62519756951914,70.65873804445597,70.69006723605271,70.71879656638816,70.74453745754114,70.76693492789418,70.78596827229993,70.80180842053447,70.81462857171923,70.82460192497557,70.83190167942492,70.83670103418865,70.83917318838816,70.83949134114484,70.83782869158009,70.83435843881529,70.82925378197184,70.82268792017115,70.81483405253458,70.80586537818355,70.79595509623945,70.78527640582365,70.77400250605757,70.7623065960626,70.75036187496012,70.73834154187153,70.72641879591822,70.7147668362216,70.70355886190303,70.69296807208394,70.68316765754084,70.6742955351538,70.66637373688188,70.65940053239962,70.65337419138153,70.64829298350216,70.64415517843602,70.64095904585764,70.63870285544157,70.6373848768623,70.6370033797944,70.63755663391237,70.63904290889074,70.64146047440406,70.64480760012684,70.64908255573361,70.65428361089891,70.66040903529728,70.66745709860321,70.67542607049124,70.68431422063593,70.69411981871177,70.7048411343933,70.71647643735507,70.7290239972716,70.74248208381739,70.75684712054533,70.77205199800659,70.78795154626154,70.80439580507371,70.82123481420663,70.83831861342384,70.85549724248885,70.87262074116524,70.88953914921649,70.90610250640617,70.9221608524978,70.93756422725491,70.95216267044103,70.9658062218197,70.97834492115446,70.98962880820882,70.99950792274635,71.00783230453054,71.01445199332494,71.0192170288931,71.02197745099853,71.02258329940477,71.02088461387537,71.01673143417382,71.0099738000637,71.00046175130852,70.98808753054793,70.9730799386697,70.95582884032204,70.93672510643121,70.91615960792345,70.89452321572497,70.87220680076206,70.84960123396091,70.8270973862478,70.80508612854895,70.7839583317906,70.76410486689899,70.74591660480037,70.72978441642098,70.71609917268705,70.70525174452483,70.69763300286056,70.69363381862048,70.69364506273082,70.69805760611784,70.70726231970777,70.72165007442683,70.7416117412013,70.76753819095738,70.79982029462136,70.8388481008536,70.88449431636784,70.9352302133041,70.98929206446878,71.0449161426683,71.10033872070903,71.15379607139742,71.20352446753985,71.24776018194272,71.28473948741245,71.31269865675543,71.32987396277807,71.33450167828676,71.32481807608792,71.29905942898796,71.25546200979326,71.19226209131025,71.10769594634533,70.99999984770488,70.86741006819534,70.70816288062309,70.52049455779454,70.30264137251609,70.05283959759416,69.76932550583513,69.45033537004542
70.217870898527,70.20344856258029,70.19325432512616,70.18707543183226,70.18469912836623,70.18591266039572,70.19050327358835,70.1982582136118,70.20896472613369,70.22241005682167,70.23838145134339,70.25666615536647,70.2770514145586,70.29932447458738,70.32327258112046,70.3486829798255,70.37534291637014,70.40303963642202,70.43156038564878,70.46069240971808,70.49022295429755,70.51993926505483,70.54962858765757,70.57907816777342,70.60807525107,70.636407083215,70.66386381564172,70.69033159767261,70.71581227115335,70.74031456567059,70.76384721081091,70.78641893616097,70.80803847130737,70.82871454583675,70.84845588933571,70.86727123139087,70.88516930158887,70.90215882951631,70.91824854475982,70.93344717690603,70.94776345554155,70.961206110253,70.973783870627,70.98550546625017,70.99637962670914,71.00641508159053,71.01562056048097,71.02400479296705,71.03157650863541,71.03834443707268,71.04431730786546,71.04950385060039,71.05391674241864,71.05759302199026,71.06057901204882,71.06292105360359,71.06466548766385,71.06585865523886,71.0665468973379,71.06677655497026,71.0665939691452,71.06604548087202,71.06517743115995,71.06403616101831,71.06266801145635,71.06111932348337,71.0594364381086,71.05766569634137,71.05585343919091,71.05404600766653,71.05228974277749,71.05063098553305,71.04911607694251,71.04779135801515,71.0467031697602,71.045897853187,71.04542174930477,71.04532100667073,71.0456250064535,71.04633358842564,71.04744358529568,71.0489518297722,71.05085515456378,71.05315039237898,71.05583437592638,71.05890393791455,71.06235591105205,71.06618712804747,71.07039442160936,71.07497462444631,71.07992456926688,71.08524108877965,71.09092101569318,71.09696118271604,71.10335842255681,71.11010956792406,71.11721145152636,71.12466090607228,71.13245476427038,71.14058985882926,71.14906302245745,71.15787108786357,71.16701088775615,71.17647139633034,71.18616438574544,71.19595780908989,71.20571911650723,71.21531575814105,71.22461518413492,71.23348484463241,71.24179218977712,71.24940466971258,71.25618973458238,71.26201483453009,71.2667474196993,71.27025494023357,71.27240484627646,71.27306458797156,71.27210161546245,71.26938337889268,71.26477732840583,71.25815091414549,71.2493715862552,71.23830679487857,71.22482399015912,71.20879062224049,71.19007414126621,71.16854199737986,71.1440620305727,71.11670012346191,71.08704182563383,71.0557568937756,71.02351508457434,70.99098615471718,70.95883986089125,70.92774595978368,70.8983742080816,70.87139436247215,70.84747617964243,70.8272894162796,70.81150382907076,70.80078917470307,70.79581520986363,70.7972516912396,70.80576837551808,70.82203501938622,70.84672137953115,70.88049721263997,70.92403227539984,70.97799632449788,71.04305911662121,71.11989040845697,71.20915995669228,71.31153751801428,71.42756555569842,71.555648401496,71.69241623523317,71.83444553482802,71.97831277819861,72.12059444326307,72.25786700793948,72.38670695014592,72.50369074780049,72.60539487882127,72.68839582112635,72.74927005263383,72.7845940512618,72.79094429492835,72.76489726155155,72.70302942904952,72.60191727534033,72.45813727834208,72.26826591597285,72.02887966615074,71.73655500679386,71.38786841582028,70.97939637114807,70.50771535069535,69.9694018323802,69.36103229412072
70.68418566216576,70.84584804253734,70.98490320642645,71.10260421505333,71.20020412963817,71.27895601140114,71.34011292156242,71.38492792134227,71.41465407196085,71.43054443463836,71.43385207059498,71.42583004105089,71.40773140722632,71.38080923034147,71.34631657161648,71.30550649227163,71.25963205352704,71.20994631660292,71.15770234271949,71.10415319309695,71.05055192895546,70.99815161151523,70.94820530199644,70.9019660616193,70.86068695160404,70.82562103317079,70.79800815810759,70.77840784959463,70.7663850441451,70.76142576198447,70.76301602333817,70.77064184843161,70.78378925749021,70.8019442707394,70.82459290840464,70.8512211907113,70.88131513788485,70.9143607701507,70.94984410773424,70.98725117086096,71.02606797975625,71.06578055464553,71.10587491575424,71.14583708330778,71.18515307753162,71.22330891865116,71.25979062689183,71.29408422247906,71.32567572563826,71.35405115659486,71.3786965355743,71.39909788280201,71.4147910331142,71.42580746671337,71.432462808725,71.43507604912543,71.43396617789094,71.42945218499787,71.42185306042256,71.4114877941413,71.39867537613043,71.38373479636624,71.3669850448251,71.34874511148331,71.32933398631718,71.30907065930305,71.28827412041721,71.26726335963602,71.2463573669358,71.22587513229283,71.20613564568347,71.18745789708402,71.17016087647082,71.15456357382018,71.14098497910842,71.12974408231187,71.12115987340684,71.11555131751106,71.11313230181707,71.1137715022347,71.11726680885744,71.12341611177877,71.13201730109225,71.14286826689136,71.15576689926962,71.17051108832052,71.18689872413762,71.20472769681442,71.22379589644439,71.24390121312109,71.26484153693798,71.28641475798864,71.30841876636651,71.33065145216514,71.35291070547805,71.37499441639872,71.39670047502071,71.41782677143749,71.43817119574257,71.45753163802948,71.47570598839172,71.49249213692283,71.50768797371629,71.5210950941673,71.53264260906883,71.54241630234858,71.55051157241166,71.5570238176631,71.56204843650795,71.56568082735134,71.5680163885983,71.56915051865388,71.56917861592319,71.5681960788113,71.56629830572325,71.5635806950641,71.56013864523896,71.55606755465291,71.55146282171094,71.54641984481819,71.5410340223797,71.53540075280057,71.5296154344858,71.52377346584055,71.51797024526982,71.5123011711787,71.50686164197228,71.50174705605559,71.49705281183373,71.49285686909121,71.48909811861733,71.48564889815907,71.48238112965993,71.47916673506342,71.47587763631307,71.47238575535243,71.46856301412501,71.46428133457434,71.45941263864395,71.45382884827737,71.44740188541809,71.44000367200968,71.43150612999565,71.42178118131952,71.4107007479248,71.39813675175506,71.38396111475379,71.36804575886453,71.35026260603078,71.33048357819612,71.30858059730403,71.28442558529804,71.25789046412169,71.22884715571851,71.19716785218452,71.16289471646232,71.12653034781235,71.08865455368567,71.04984714153343,71.01068791880672,70.97175669295663,70.9336332714343,70.8968974616908,70.86212907117726,70.82990790734482,70.80081377764452,70.77542648952752,70.7543258504449,70.73809166784778,70.72730374918726,70.72254190191447,70.7243859334805,70.73341565133646,70.75021086293344,70.77535137572258,70.80941699715495,70.85298753468169,70.90664279575392,70.9709625878227,71.04652671833918
69.05767554907735,69.23650403654844,69.39990472952233,69.54857518445806,69.68321295781472,69.80451560605137,69.91318068562708,70.00990575300094,70.09538836463199,70.17032607697932,70.23541644650199,70.29135702965908,70.33884538290968,70.37857906271282,70.41125562552757,70.43757262781304,70.45822762602828,70.47391817663235,70.48534183608433,70.49319616084331,70.49817870736834,70.50098703211849,70.50231869155283,70.50287124213044,70.50334224031039,70.50442924255174,70.50682357825985,70.51089586337348,70.5165478560851,70.52364411268809,70.53204918947584,70.54162764274172,70.55224402877909,70.56376290388133,70.57604882434181,70.58896634645392,70.60238002651101,70.61615442080648,70.63015408563368,70.64424357728599,70.65828745205678,70.67215026623944,70.68569657612733,70.69879093801381,70.7112979081923,70.72308204295611,70.73400789859866,70.74394003141332,70.75274299769343,70.7602813537324,70.76641965582358,70.77102246026037,70.77397056544906,70.77530637555569,70.77516494053546,70.77368240745723,70.77099492338985,70.76723863540217,70.762549690563,70.75706423594123,70.75091841860568,70.74424838562521,70.73719028406865,70.72988026100485,70.72245446350266,70.71504903863092,70.70780013345848,70.70084389505419,70.69431647048688,70.6883540068254,70.68309265113862,70.67866855049535,70.67521785196445,70.67287670261477,70.67178124951515,70.67206763973444,70.67387202034148,70.67733052627442,70.68252801570557,70.68938088784613,70.69777099927884,70.70758020658647,70.7186903663518,70.73098333515753,70.74434096958647,70.75864512622135,70.77377766164496,70.78962043244,70.80605529518928,70.82296410647554,70.84022872288153,70.85773100099001,70.87535279738375,70.8929759686455,70.91048237135803,70.92775386210405,70.94467229746638,70.96111953402773,70.97697742837089,70.9921278370786,71.00645261673363,71.01983362391871,71.03215271521663,71.04329287818587,71.05317602213347,71.06177187798227,71.06905311129886,71.07499238764987,71.0795623726019,71.08273573172156,71.08448513057547,71.08478323473024,71.08360270975248,71.08091622120881,71.07669643466582,71.07091601569014,71.06354762984837,71.05456394270713,71.04393761983305,71.0316413267927,71.0176477291527,71.00192949247969,70.98445928234025,70.96520976430102,70.9441536039286,70.92126346678958,70.89651201845061,70.86987192447828,70.84131585043919,70.81084691667313,70.77871111334396,70.74527065871985,70.71088849722727,70.67592757329275,70.64075083134274,70.60572121580374,70.57120167110222,70.53755514166465,70.50514457191755,70.47433290628739,70.44548308920065,70.4189580650838,70.39512077836335,70.37433417346575,70.35696119481753,70.34336478684513,70.33390789397505,70.3289534606338,70.32886443124782,70.33400375024361,70.34473436204766,70.36141921108646,70.38442124178647,70.41410339857418,70.45082817854906,70.49467663571245,70.54496741906333,70.600891333839,70.66163918527681,70.7264017786141,70.79436991908823,70.86473441193651,70.93668606239629,71.0094156757049,71.08211405709969,71.153972011818,71.22418034509715,71.29192986217451,71.35641136828741,71.41681566867317,71.47233356856913,71.52215587321263,71.56547338784101,71.60147691769163,71.62935726800181,71.6483052440089,71.65751165095021,71.65616729406311,71.64346297858494,71.61858950975301
70.40415378148018,70.34392438167686,70.29496659311684,70.25662704304906,70.22825235872244,70.20918916738594,70.19878409628845,70.1963837726789,70.20133482380623,70.21298387691934,70.23067755926718,70.25376249809867,70.28158532066274,70.31349265420829,70.34883112598425,70.38694736323956,70.42718799322313,70.4688996431839,70.51142894037082,70.55412251203273,70.59632698541864,70.63738898777746,70.67665514635806,70.71347208840945,70.74718644118047,70.77714483192008,70.80270101966963,70.82357607391342,70.84002804297958,70.85235758221924,70.86086534698359,70.8658519926237,70.86761817449076,70.86646454793586,70.86269176831016,70.85660049096484,70.84849137125096,70.83866506451969,70.8274222261222,70.81506351140956,70.80188957573299,70.78820107444355,70.77429866289242,70.76048299643071,70.74705473040962,70.73431452018019,70.72256302109363,70.71210088850106,70.7032287777536,70.69624734420242,70.69145724319861,70.68915913009334,70.68962398653068,70.69282754673253,70.69857628467625,70.70667466995519,70.71692717216291,70.7291382608928,70.74311240573834,70.758654076293,70.7755677421502,70.79365787290345,70.81272893814617,70.83258540747181,70.85303175047386,70.87387243674578,70.894911935881,70.91595471747297,70.9368052511152,70.95726800640108,70.97714745292413,70.99624806027776,71.01437429805549,71.03133063585068,71.04692154325687,71.0609514898675,71.07322494527602,71.08354639457752,71.09178584865754,71.09802858951733,71.10240404065172,71.1050416255556,71.10607076772376,71.10562089065115,71.10382141783256,71.10080177276288,71.09669137893695,71.09161965984964,71.08571603899583,71.0791099398703,71.071930785968,71.06430800078371,71.05637100781232,71.04824923054872,71.04007209248772,71.0319690171242,71.02406942795301,71.01650274846901,71.00939840216705,71.00288581254199,70.99709440308868,70.992153597302,70.98819281867682,70.98533894835478,70.98363137414987,70.98300198427853,70.98337607008634,70.98467892291885,70.98683583412159,70.9897720950402,70.99341299702016,70.99768383140704,71.00250988954647,71.00781646278392,71.01352884246504,71.01957231993529,71.02587218654031,71.03235373362563,71.0389422525368,71.04556303461939,71.052141371219,71.05860255368111,71.06487187335134,71.07087462157523,71.07653608969832,71.08178156906624,71.08653635102445,71.0907257269186,71.09427498809421,71.09712223291828,71.09930769281362,71.10092047613341,71.1020499965991,71.10278566793224,71.1032169038543,71.10343311808683,71.1035237243513,71.10357813636926,71.1036857678622,71.10393603255162,71.10441834415903,71.10522211640597,71.1064367630139,71.10815169770436,71.11045633419886,71.1134400862189,71.11719236748601,71.12180259172166,71.1273601726474,71.1339545239847,71.14167505945511,71.1506111927801,71.16085233768123,71.17248790787994,71.1856069642042,71.20007653871909,71.21516220678114,71.23002868857427,71.24384070428243,71.2557629740896,71.26496021817968,71.27059715673667,71.27183850994447,71.26784899798704,71.25779334104834,71.24083625931235,71.21614247296296,71.18287670218413,71.14020366715982,71.08728808807399,71.02329468511059,70.94738817845354,70.8587332882868,70.75649473479433,70.63983723816006,70.50792551856796,70.35992429620197,70.19499829124604,70.0123122238841,69.81103081430012
69.5627731078446,69.62274259100288,69.6850268787458,69.74933832502921,69.81538928380893,69.88289210904078,69.95155915468057,70.02110277468412,70.09123532300727,70.16166915360581,70.23211662043558,70.3022900774524,70.37190187861208,70.44066437787043,70.50828992918329,70.57449088650645,70.63897960379575,70.701468435007,70.76166973409602,70.81929585501865,70.87405915173068,70.92567197818795,70.97384668834627,71.01829563616144,71.05873117558932,71.09486566058573,71.12641560209516,71.15331160946715,71.17579728700164,71.19414107383747,71.20861140911347,71.21947673196848,71.22700548154128,71.23146609697076,71.2331270173957,71.23225668195496,71.22912352978733,71.22399600003169,71.21714253182685,71.20883156431162,71.19933153662484,71.18891088790534,71.17783805729195,71.16638148392349,71.15480960693878,71.1433908654767,71.13239369867603,71.12208654567559,71.11273784561425,71.10461603763079,71.09798956086408,71.09312685445295,71.09027202594163,71.08942708839862,71.09045526631311,71.09321814063668,71.09757729232098,71.10339430231755,71.11053075157804,71.11884822105401,71.12820829169706,71.1384725444588,71.14950256029084,71.16115992014477,71.17330620497216,71.18580299572466,71.19851187335382,71.21129441881126,71.22401221304858,71.23652683701735,71.2486998716692,71.26039289795574,71.2714674968285,71.28178524923916,71.29120773613928,71.29959653848044,71.30681323721427,71.31271942483423,71.3172254815654,71.320402069399,71.32235271621508,71.32318094989373,71.32299029831498,71.3218842893589,71.31996645090555,71.31734031083502,71.31410939702732,71.31037723736256,71.30624735972077,71.301823291982,71.29720856202636,71.29250669773387,71.28782122698459,71.28325567765859,71.27891357763593,71.27489845479667,71.27131383702087,71.2682632521886,71.26585022817991,71.26417829287487,71.26335097415352,71.26347179989594,71.26464429798219,71.26696828291679,71.2704157759508,71.2748017838102,71.27993167779366,71.2856108291999,71.29164460932753,71.29783838947532,71.30399754094191,71.309927435026,71.31543344302628,71.32032093624144,71.32439528597016,71.3274618635111,71.32932604016298,71.32979318722451,71.32866867599432,71.32575787777114,71.32086616385362,71.3137989055405,71.30436147413042,71.29235924092205,71.27759757721415,71.25988185430535,71.23901744349433,71.21480971607983,71.1870640433605,71.15565684427003,71.12103112632028,71.08390104440258,71.04498244745571,71.00499118441843,70.96464310422945,70.9246540558276,70.88573988815162,70.84861645014024,70.81399959073227,70.78260515886643,70.7551490034815,70.73234697351626,70.71491491790945,70.7035686855998,70.69902412552614,70.70199708662719,70.71320341784173,70.73335896810849,70.76317958636628,70.8033811215538,70.85467942260985,70.9177903384732,70.99342971808261,71.0823134103768,71.18515548475656,71.30155038527414,71.42805958778175,71.56073598534135,71.69563247101487,71.82880193786417,71.95629727895124,72.07417138733797,72.17847715608625,72.26526747825804,72.33059524691527,72.37051335511981,72.38107469593365,72.35833216241863,72.29833864763671,72.19714704464985,72.05081024651989,71.85538114630882,71.60691263707852,71.30145761189095,70.93506896380799,70.50379958589158,70.00370237120362,69.43083021280607,68.78123600376082,68.05097263712982
70.073787216167,70.14377369621519,70.20900114604217,70.26965342667472,70.3259143991396,70.37796792446363,70.42599786367356,70.47018807779615,70.51072242785821,70.54778477488651,70.58155897990783,70.61222890394893,70.63997840803661,70.66499135319764,70.68745160045877,70.70754301084682,70.72544944538856,70.74135476511074,70.75544283104017,70.76789750420362,70.77890264562785,70.78864211633966,70.79729977736582,70.8050594897331,70.8121051144683,70.81862051259816,70.82478754708565,70.83072207078452,70.83646038400664,70.84203405091259,70.84747463566288,70.85281370241806,70.8580828153387,70.86331353858534,70.86853743631853,70.87378607269882,70.87909101188674,70.88448381804285,70.8899960553277,70.89565928790184,70.9015050799258,70.90756499556015,70.91387059896543,70.92045345430219,70.92734512573097,70.93457717741232,70.9421811735068,70.95018867817492,70.95863125557729,70.96754046987441,70.97694788522685,70.98688506579514,70.99737463710682,71.00838406173663,71.01985977991868,71.03174819050452,71.04399569234573,71.05654868429386,71.06935356520047,71.08235673391711,71.09550458929536,71.10874353018676,71.1220199554429,71.13528026391529,71.14847085445554,71.16153812591519,71.17442847714578,71.1870883069989,71.19946401432611,71.21150199797896,71.22314865680899,71.2343503896678,71.24505359540692,71.25520467287791,71.26475002093235,71.27363603842178,71.28180912419779,71.28921607605949,71.2958384501151,71.30171904092829,71.3069068766189,71.31145098530676,71.3154003951117,71.31880413415354,71.32171123055213,71.32417071242729,71.32623160789885,71.32794294508665,71.3293537521105,71.33051305709026,71.33146988814573,71.33227327339677,71.33297224096319,71.33361581896482,71.3342530355215,71.33493291875307,71.33570449677934,71.33661679772015,71.33771884969534,71.33905968082472,71.34068831922814,71.34265379302542,71.3450051303364,71.3477858143421,71.35098485474482,71.35456034266814,71.35847001435953,71.36267160606646,71.36712285403644,71.37178149451692,71.37660526375541,71.38155189799937,71.38657913349631,71.39164470649368,71.39670635323898,71.4017218099797,71.40664881296331,71.41144509843728,71.41606840264912,71.42047646184629,71.42462701227629,71.42847779018658,71.43198653182466,71.435110973438,71.4378088512741,71.44003790158042,71.44175586060446,71.44292046459368,71.4434894896199,71.44344094250789,71.44280591589677,71.44162410447812,71.43993520294354,71.43777890598459,71.43519490829284,71.43222290455991,71.42890258947733,71.42527365773672,71.42137580402965,71.41724872304769,71.41293210948244,71.40846565802545,71.40388906336833,71.39924202020262,71.39456422321994,71.38989536711186,71.38527514656997,71.38074325628581,71.376339390951,71.37210324525711,71.3680745138957,71.36429289155838,71.36079807293672,71.35762975272227,71.35479746817036,71.35180420584834,71.34773263305509,71.3416526944211,71.33263433457684,71.31974749815274,71.30206212977927,71.27864817408692,71.24857557570613,71.21091427926734,71.16473422940105,71.10910537073771,71.04309764790777,70.9657810055417,70.87622538826994,70.773500740723,70.6566770075313,70.52482413332532,70.37701206273553,70.21231074039237,70.02979011092633,69.82852011896783,69.60757070914737,69.36601182609539,69.10291341444237,68.81734541881875
70.00950576072243,70.0245136253873,70.04320456449094,70.06528646482826,70.09046721319422,70.11845469638372,70.1489568011917,70.18168141441308,70.2163364228428,70.25262971327577,70.29026917250691,70.32896268733117,70.36841814454347,70.40834343093873,70.44844643331187,70.48843503845782,70.52801713317152,70.56690060424788,70.60479333848184,70.64140322266832,70.67643814360223,70.70960598807852,70.74061464289211,70.76917199483793,70.79498593071091,70.81776433730595,70.83721892800119,70.85325849762289,70.86607995850153,70.87590308388526,70.88294764702225,70.88743342116065,70.88958017954864,70.88960769543436,70.88773574206597,70.88418409269164,70.87917252055952,70.87292079891778,70.86564870101456,70.85757600009804,70.84892246941635,70.83990788221769,70.83075201175018,70.821674631262,70.81289551400131,70.80463443321626,70.79711116215502,70.79054547406574,70.78515714219657,70.78116593979568,70.77879164011125,70.7782540163914,70.77974876306362,70.78323199512866,70.78852248084219,70.79543736199655,70.80379378038404,70.813408877797,70.82409979602772,70.83568367686854,70.84797766211177,70.86079889354971,70.87396451297468,70.88729166217901,70.90059748295502,70.91369911709499,70.92641370639129,70.9385583926362,70.94995031762203,70.96040662314111,70.96974445098577,70.97778094294831,70.98433324082104,70.9892184863963,70.99225382146638,70.9932563878236,70.99204332726029,70.98843180257303,70.98232776204844,70.97392883990901,70.96349248078342,70.95127612930033,70.93753723008844,70.92253322777643,70.90652156699299,70.88975969236681,70.87250504852656,70.85501508010093,70.8375472317186,70.82035894800826,70.8037076735986,70.78785085311829,70.77304593119601,70.75955035246045,70.74762156154031,70.73751700306426,70.72949412166098,70.72381036195915,70.72072316858747,70.72048998617463,70.72336825934929,70.72961543274013,70.73948895097587,70.75323783593765,70.77082124647164,70.79184219815676,70.81588185131652,70.84252136627447,70.87134190335414,70.90192462287906,70.93385068517279,70.96670125055884,71.00005747936075,71.03350053190206,71.06661156850629,71.098971749497,71.1301622351977,71.15976418593193,71.18735876202325,71.21252712379516,71.23485043157122,71.25390984567494,71.26928652642987,71.28056163415954,71.28731632918749,71.28913177183726,71.28558912243237,71.27626954129636,71.26075418875276,71.23870862821227,71.21047151832832,71.17670363510422,71.13806776703574,71.09522670261865,71.04884323034872,70.99958013872177,70.94810021623353,70.89506625137979,70.84114103265634,70.78698734855894,70.73326798758339,70.68064573822544,70.6297833889809,70.58134372834552,70.53598954481508,70.49438362688535,70.45718876305214,70.4250677418112,70.39868335165833,70.3786983810893,70.36577561859987,70.36057785268582,70.36376787184294,70.37600846456701,70.39796145808954,70.42968388456588,70.46959443861638,70.51583709049241,70.56655581044525,70.61989456872628,70.6739973355868,70.72700808127816,70.77707077605169,70.8223293901587,70.86092789385056,70.89101025737857,70.91072045099408,70.91820244494842,70.91160020949292,70.8890577148789,70.84871893135771,70.78872782918067,70.70722837859913,70.60236454986439,70.47228031322783,70.31511963894074,70.12902649725447,69.91214485842036,69.66261869268973,69.37859197031392
69.67263733900518,69.78188148092197,69.87797271175732,69.96162739540503,70.03356189575885,70.09449257671255,70.14513580215991,70.1862079359947,70.21842534211069,70.24250438440166,70.25916142676137,70.2691128330836,70.27307496726212,70.2717641931907,70.26589687476311,70.25618937587315,70.24335806041454,70.2281192922811,70.21118943536656,70.19328485356473,70.17512191076936,70.15741697087424,70.14088639777312,70.12624655535978,70.114213807528,70.10550451817154,70.10082773270923,70.1005155713595,70.1043491194814,70.11206574012499,70.12340279634036,70.13809765117759,70.15588766768674,70.17651020891788,70.1997026379211,70.22520231774648,70.25274661144407,70.28207288206394,70.3129184926562,70.34502080627088,70.37811718595809,70.41194499476788,70.44624159575034,70.48074435195554,70.51519062643354,70.54931778223441,70.58286318240826,70.61556419000513,70.64715816807511,70.67738247966827,70.70597448783467,70.7326715556244,70.7572303732891,70.77959993285167,70.79983946961725,70.81800952439453,70.83417063799214,70.8483833512188,70.86070820488315,70.87120573979387,70.87993649675964,70.88696101658911,70.89233984009097,70.8961335080739,70.89840256134654,70.89920754071761,70.89860898699574,70.89666744098962,70.8934434435079,70.88899753535928,70.88339025735243,70.876682150296,70.8689337549987,70.86020561226916,70.85055826291607,70.84005224774809,70.82874810757392,70.81670638700686,70.80400371300722,70.79076954768246,70.77714418702405,70.76326792702353,70.74928106367241,70.73532389296217,70.72153671088434,70.70805981343042,70.69503349659192,70.68259805636033,70.67089378872718,70.66006098968397,70.6502399552222,70.6415709813334,70.63419436400905,70.62825039924067,70.62387938301977,70.62122161133784,70.62041738018642,70.621606985557,70.62493072344105,70.63052888983015,70.63854178071576,70.6491096920894,70.66237291994257,70.67846554372176,70.69730770477234,70.71855668714124,70.74185364425065,70.7668397295228,70.79315609637986,70.82044389824404,70.84834428853756,70.87649842068261,70.90454744810138,70.93213252421612,70.95889480244898,70.9844754362222,71.00851557895795,71.03065638407847,71.05053900500594,71.06780459516258,71.08209430797058,71.09304929685214,71.10031071522948,71.10351971652479,71.10231745416027,71.09634508155814,71.08524375214058,71.06865461932982,71.04621883654805,71.01765479996833,70.98329689896839,70.94377431344893,70.89971806507332,70.8517591755049,70.80052866640706,70.74665755944318,70.69077687627659,70.63351763857068,70.57551086798881,70.51738758619436,70.45977881485068,70.40331557562115,70.34862889016911,70.29634978015797,70.24710926725106,70.20153837311175,70.16026811940343,70.12392952778944,70.09315361993318,70.06857141749798,70.05081394214723,70.0405122155443,70.03829725935253,70.0448000952353,70.06065079030759,70.08587884199606,70.11888685640264,70.15780463461611,70.20076197772534,70.24588868681911,70.29131456298627,70.33516940731565,70.37558302089603,70.41068520481626,70.43860576016516,70.45747448803155,70.46542118950426,70.4605756656721,70.44106771762387,70.40502714644842,70.35058375323457,70.27586733907114,70.17900770504694,70.05813465225081,69.91137798177157,69.73686749469802,69.532732992119,69.29710427512332,69.02811114479981,68.72388340223729
70.12965401094127,70.18584971950253,70.23569414876091,70.27955152268945,70.31778606526113,70.350762000449,70.37884355222607,70.40239494456539,70.42178040143995,70.43736414682279,70.44951040468692,70.45858339900539,70.46494735375121,70.46896649289741,70.47100504041698,70.47142722028299,70.47059725646844,70.46887937294635,70.46663779368974,70.46423674267166,70.4620404438651,70.46041312124312,70.45971899877871,70.46032230044491,70.46258725021474,70.46687807206122,70.47355493801783,70.48276933208605,70.49436765285472,70.5081720916625,70.52400483984806,70.54168808875008,70.5610440297072,70.5818948540581,70.60406275314145,70.62736991829591,70.65163854086013,70.6766908121728,70.70234892357257,70.72843506639812,70.7547714319881,70.78118021168119,70.80748359681604,70.83350377873133,70.85906294876573,70.88398329825787,70.90808701854647,70.93119630097016,70.95313333686761,70.9737203175775,70.99277943443848,71.01013287878921,71.02561908103881,71.03923804708364,71.0510824112546,71.06124590479072,71.06982225893104,71.07690520491455,71.08258847398031,71.08696579736731,71.09013090631458,71.09217753206117,71.09319940584606,71.09329025890831,71.09254382248692,71.09105382782093,71.08891400614934,71.08621808871119,71.0830598067455,71.0795328914913,71.07573107418759,71.0717480860734,71.06767765838778,71.06361352236972,71.05964940925826,71.0558790502924,71.0523961767112,71.04929451497343,71.04664758542081,71.04446252547407,71.04273286068933,71.04145211662266,71.04061381883022,71.04021149286808,71.04023866429236,71.04068885865918,71.04155560152464,71.04283241844483,71.04451283497589,71.0465903766739,71.04905856909498,71.05191093779526,71.0551410083308,71.05874230625776,71.06270835713222,71.06703268651029,71.07170881994807,71.0767302830017,71.08209060122725,71.08778330018086,71.09380190541862,71.10013994249663,71.10679093697102,71.1137472564658,71.12096141917193,71.12833698185531,71.13577449669198,71.14317451585796,71.1504375915293,71.15746427588202,71.16415512109214,71.17041067933572,71.17613150278876,71.18121814362732,71.18557115402741,71.18909108616509,71.19167849221637,71.19323392435727,71.19365793476385,71.19285107561214,71.19071389907815,71.18714695733793,71.1820508025675,71.17532598694291,71.16687306264018,71.15659258183534,71.14438509670443,71.13015115942346,71.1137913221685,71.09522821787108,71.07456056841893,71.05197136506352,71.02764412554605,71.00176236760767,70.97450960898958,70.94606936743294,70.91662516067893,70.88636050646875,70.85545892254353,70.8241039266445,70.7924790365128,70.76076776988961,70.72915364451613,70.69782017813351,70.66695088848296,70.6367292933056,70.60733891034266,70.5789632573353,70.55178585202471,70.52599021215204,70.50175985545849,70.47927829968522,70.45872906257341,70.44029566186424,70.42416132755838,70.41032825302159,70.39830821903887,70.38753077163955,70.377425456853,70.36742182070857,70.35694940923564,70.34543776846355,70.33231644442166,70.31701498313933,70.29896293064591,70.27758983297078,70.25232523614328,70.22259868619277,70.18783972914858,70.14747791104013,70.10094277789672,70.04766387574774,69.98707075062255,69.9185929485505,69.84166001556093,69.75570149768322,69.66014694094672,69.55442589138077,69.43796789501478,69.31020249787805
70.73314057574962,70.78231799181589,70.8287131840996,70.87238054784673,70.91337447830324,70.95174937071506,70.9875596203282,71.02085962238858,71.05170377214219,71.08014646483495,71.10624209571287,71.13004506002187,71.15160975300793,71.17099056991701,71.18824190599506,71.20341815648804,71.21657371664192,71.22776298170265,71.2370403469162,71.24446020752853,71.2500769587856,71.25394499593337,71.25611871421778,71.25665250888481,71.25560077518043,71.25301790835057,71.24895888270495,71.24350849621443,71.23679514668585,71.2289506913905,71.22010698759968,71.21039589258469,71.19994926361682,71.18889895796735,71.1773768329076,71.16551474570886,71.15344455364242,71.14129811397957,71.12920728399162,71.11730392094987,71.10571988212557,71.09458702479006,71.08403720621463,71.07420228367056,71.06521411442915,71.0572045557617,71.0503054649395,71.04464869923385,71.04036611591603,71.03758957225735,71.03645092552911,71.03708203300259,71.03959723929344,71.04393664161304,71.04994044414723,71.05744766814621,71.06629733486027,71.07632846553962,71.08738008143453,71.09929120379526,71.11190085387203,71.1250480529151,71.13857182217473,71.15231118290114,71.1661051563446,71.17979276375536,71.19321302638365,71.20620496547973,71.21860760229384,71.23025995807625,71.24100105407717,71.25066991154688,71.25910555173562,71.26614699589362,71.27163326527115,71.27540338111845,71.27729636468577,71.27715125443517,71.27487984356671,71.2706329455733,71.26461038522693,71.25701198729963,71.24803757656342,71.23788697779027,71.22676001575223,71.21485651522129,71.20237630096945,71.18951919776875,71.17648503039116,71.16347362360871,71.15068480219342,71.13831839091729,71.12657421455232,71.11565209787052,71.10575186564392,71.09707334264452,71.08981635364432,71.08418072341533,71.08036627672956,71.07857283835904,71.07900023307575,71.08184828565172,71.08731682085894,71.09560001216741,71.1066975473929,71.12037015750623,71.13636390954002,71.15442487052687,71.1742991074994,71.19573268749019,71.21847167753187,71.24226214465703,71.2668501558983,71.29198177828826,71.31740307885951,71.34286012464469,71.36809898267639,71.3928657199872,71.41690640360974,71.43996710057662,71.46179387792044,71.48213280267382,71.50072994186934,71.51733136253961,71.53168313171726,71.54353131643488,71.55262198372507,71.55870120062045,71.56151503415362,71.56083873722005,71.55668031327122,71.54915915117256,71.53839533569214,71.52450895159802,71.50762008365825,71.4878488166409,71.46531523531404,71.44013942444573,71.41244146880402,71.38234145315698,71.3499594622727,71.31541558091918,71.27882989386454,71.24032248587682,71.20001344172408,71.15802284617438,71.1144707839958,71.06947733995639,71.02316259882421,70.97564664536733,70.92704956435381,70.87749144055172,70.8270923587291,70.77597240365404,70.72425170988345,70.67208173745115,70.61969880439764,70.56735345816473,70.51529624619425,70.46377771592803,70.4130484148079,70.36335889027569,70.31495968977323,70.26810136074234,70.22303445062485,70.18000950686259,70.13927707689739,70.10108770817108,70.06569194812548,70.03334034420241,70.00428344384373,69.97877179449127,69.95705594358681,69.93938643857221,69.9260138268893,69.91718865597991,69.91316147328585,69.91418282624898,69.92050326231109,69.93237332891404
69.8782805492171,70.04903583567412,70.19780414704749,70.32579498410183,70.43421784760176,70.52428223831188,70.5971976569968,70.65417360442117,70.6964195813496,70.7251450885467,70.74155962677708,70.74687269680538,70.74229379939618,70.72903243531414,70.70829810532385,70.68130031018995,70.64924855067704,70.61335232754973,70.57482114157267,70.53486449351044,70.49469188412769,70.45551281418903,70.41853678445906,70.3849732957024,70.3560318486837,70.33292194416754,70.3168403802712,70.30832972756596,70.30697612764638,70.31228983347202,70.32378109800254,70.34096017419756,70.36333731501671,70.39042277341963,70.4217268023659,70.45675965481516,70.49503158372704,70.53605284206114,70.57933368277713,70.62438435883459,70.67071512319316,70.71783622881247,70.76525792865215,70.81249047567181,70.85904412283108,70.90442912308956,70.94815572940689,70.98973419474271,71.02867477205663,71.06448771430826,71.09668327445723,71.12477170546319,71.14830690150282,71.16727697809202,71.18191898233655,71.19247290919583,71.1991787536293,71.20227651059642,71.2020061750566,71.19860774196931,71.192321206294,71.18338656299011,71.17204380701705,71.15853293333433,71.14309393690132,71.12596681267755,71.10739155562237,71.08760816069531,71.06685662285574,71.04537693706317,71.023409098277,71.00119310145669,70.97896894156167,70.95697661355143,70.93545611238537,70.91464743302294,70.8947905704236,70.8761255059427,70.85883471622205,70.84291175833809,70.82831145127761,70.81498861402736,70.80289806557403,70.79199462490442,70.78223311100524,70.77356834286326,70.76595513946526,70.75934831979794,70.75370270284805,70.74897310760238,70.74511435304763,70.7420812581706,70.73982864195798,70.7383113233966,70.73748412147313,70.73730185517434,70.73771934348702,70.73869140539784,70.74017285989365,70.7421185259611,70.74448322258701,70.7472217687581,70.7502889834611,70.75364005054902,70.75724271049333,70.76108013158708,70.76513642887423,70.76939571739871,70.77384211220453,70.77845972833563,70.78323268083597,70.78814508474954,70.79318105512027,70.79832470699213,70.80356015540914,70.8088715154152,70.8142429020543,70.8196584303704,70.82510221540747,70.83055837220945,70.83601101582036,70.8414442612841,70.8468422236447,70.85218901794605,70.85746875923218,70.86266556254702,70.86776354293457,70.87274681543875,70.87759949510354,70.8822989660998,70.88676893543041,70.89090742228186,70.8946122853508,70.89778138333389,70.90031257492785,70.9021037188293,70.90305267373492,70.90305729834142,70.90201545134545,70.89982499144367,70.8963837773328,70.89158966770947,70.88534052127034,70.87753419671213,70.86806855273153,70.85684144802514,70.84375074128968,70.82869429122181,70.81156995651821,70.79227559587557,70.77070906799054,70.7467682315598,70.72035094528002,70.6913550678479,70.65967846827698,70.62522550663175,70.58791812667201,70.5476812206766,70.50443968092449,70.45811839969454,70.40864226926567,70.3559361819168,70.29992502992681,70.24053370557465,70.17768710113918,70.11131010889935,70.041327621134,69.96766453012211,69.8902457281425,69.8089961074742,69.72384056039601,69.6347039791869,69.54151125612572,69.4441872834914,69.34265695356288,69.23684515861902,69.12667679093875,69.01207674280099,68.89296990648458,68.76928117426851
70.21452013146529,70.25241143017817,70.28618670660373,70.3160742948165,70.34230252889103,70.36509974290186,70.38469427092357,70.40131444703064,70.41518860529766,70.42654507979915,70.43561220460967,70.44261831380376,70.44779174145594,70.4513608216408,70.45355388843282,70.45459927590659,70.45472531813664,70.45416034919751,70.45313270316376,70.4518707141099,70.4506027161105,70.44955704324008,70.44896202957321,70.44904600918443,70.45003731614824,70.45216428453924,70.45565141450791,70.46059654471375,70.4669448668401,70.47463248475029,70.48359550230771,70.49377002337565,70.50509215181748,70.51749799149653,70.53092364627616,70.54530522001969,70.56057881659049,70.5766805398519,70.59354649366725,70.61111278189989,70.62931550841316,70.6480907770704,70.66737469173495,70.6871033562702,70.70721287453944,70.72763935040601,70.74831888773329,70.7691875903846,70.7901815622233,70.81123690711271,70.83228972891621,70.8532761314971,70.87413198113362,70.89479167789563,70.91518906308792,70.93525797691544,70.95493225958302,70.97414575129557,70.99283229225799,71.01092572267515,71.02835988275191,71.04506861269323,71.06098575270394,71.07604514298893,71.0901806237531,71.10332603520135,71.11541521753855,71.12638201096956,71.13616025569934,71.14468379193269,71.15188645987456,71.15770209972982,71.16206455170337,71.16490765600005,71.16616525282478,71.16577118238246,71.16365928487798,71.15976439144865,71.15410766822342,71.14686238946553,71.13821731275806,71.12836119568416,71.1174827958269,71.10577087076942,71.0934141780948,71.08060147538615,71.06752152022656,71.05436307019914,71.04131488288704,71.02856571587333,71.01630432674114,71.00471947307352,70.99399991245363,70.98433440246453,70.97591170068938,70.96892056471125,70.96354975211327,70.95998802047853,70.95842412739012,70.95904683043116,70.96204488718479,70.96760705523405,70.97592209216211,70.987147929175,71.00113965915074,71.01758048708902,71.03615164510134,71.05653436529926,71.07840987979426,71.10145942069792,71.12536422012175,71.14980551017726,71.174464522976,71.19902249062946,71.22316064524921,71.24656021894674,71.26890244383361,71.28986855202135,71.30913977562147,71.3263973467455,71.34132249750496,71.3535964600114,71.36290046637632,71.36891574871129,71.37132353912779,71.36980506973734,71.36404157265153,71.35371427998183,71.33850493038577,71.31835258785918,71.29387154213848,71.26578549688344,71.23481815575386,71.20169322240952,71.16713440051021,71.13186539371574,71.09660990568585,71.06209164008041,71.02903430055912,70.99816159078185,70.97019721440833,70.94586487509838,70.92588827651181,70.91099112230836,70.90189711614786,70.89932996169009,70.90401336259484,70.91667102252188,70.93802664513103,70.96880393408208,71.00972659303477,71.06151832564896,71.12490283558441,71.2006038265009,71.28921376868033,71.38912082175997,71.49688408017255,71.6090072742694,71.72199413440191,71.83234839092145,71.93657377417941,72.03117401452712,72.11265284231601,72.17751398789744,72.22226118162277,72.24339815384337,72.23742863491066,72.20085635517594,72.13018504499061,72.02191843470607,71.87256025467369,71.67861423524482,71.43658410677088,71.14297359960321,70.79428644409319,70.38702637059217,69.91769710945158,69.38280239102275,68.77884594565708,68.1023315037059
70.33885190868641,70.35293231621236,70.3664303007255,70.3793571526782,70.39172416252279,70.40354262071165,70.41482381769711,70.42557904393153,70.4358195898673,70.44555674595672,70.45480180265217,70.46356605040602,70.4718607796706,70.47969728089828,70.48708684454141,70.49404076105235,70.50057032088343,70.50668681448704,70.51240153231551,70.5177257648212,70.52267080245647,70.52724793567367,70.53146845492516,70.5353436506633,70.53888481334042,70.5421032334089,70.54501186714863,70.54765122959795,70.5500844834318,70.55237546305268,70.5545880028631,70.55678593726549,70.55903310066236,70.56139332745619,70.56393045204945,70.56670830884462,70.56979073224419,70.57324155665064,70.57712461646643,70.58150374609407,70.58644277993604,70.59200555239478,70.59825589787282,70.6052576507726,70.61307464549662,70.62177071644737,70.63140969802731,70.64205542463894,70.65377173068472,70.66662245056715,70.68067141868869,70.69598232821936,70.71255604221354,70.73023200565939,70.7488241001574,70.76814620730812,70.78801220871203,70.80823598596966,70.8286314206815,70.84901239444807,70.8691927888699,70.88898648554748,70.90820736608131,70.92666931207195,70.94418620511986,70.96057192682558,70.97564035878962,70.98920538261248,71.00108087989467,71.01108073223672,71.01901882123913,71.0247090285024,71.02796523562706,71.02860132421361,71.02643117586258,71.02126867217446,71.01292769474976,71.00125416105455,70.98639700467878,70.96867206198172,70.94839690877633,70.92588912087552,70.90146627409226,70.87544594423946,70.84814570713007,70.81988313857704,70.79097581439332,70.76174131039183,70.7324972023855,70.7035610661873,70.67525047761015,70.647883012467,70.6217762465708,70.59724775573447,70.57461511577095,70.5541959024932,70.53630769171416,70.52126805924675,70.50939458090392,70.50100483249861,70.49641638984376,70.49594682875232,70.4999105123225,70.50837413777572,70.52098510111271,70.53735024653098,70.55707641822796,70.57977046040116,70.60503921724803,70.63248953296605,70.66172825175269,70.69236221780542,70.72399827532172,70.75624326849906,70.78870404153491,70.82098743862674,70.85270030397203,70.88344948176824,70.91284181621285,70.94048415150334,70.96598333183718,70.98894620141182,71.00897960442477,71.02569038507346,71.0386853875554,71.04757145606804,71.05195543480887,71.05144416797535,71.04575252017288,71.0352250645783,71.02043393052215,71.00195155742956,70.98035038472572,70.95620285183578,70.93008139818488,70.90255846319819,70.87420648630084,70.845597906918,70.81730516447482,70.78990069839645,70.76395694810806,70.7400463530348,70.7187413526018,70.70061438623424,70.68623789335727,70.67618431339604,70.6710260857757,70.6713356499214,70.67768544525832,70.6906479112116,70.71079548720638,70.73870061266783,70.7749357270211,70.82004649862161,70.87379281693568,70.93504081015756,71.0026081266261,71.07531241468014,71.15197132265854,71.23140249890011,71.31242359174372,71.39385224952821,71.47450612059242,71.55320285327521,71.6287600959154,71.69999549685184,71.76572670442339,71.82477136696889,71.87594713282718,71.9180716503371,71.94996256783747,71.97043753366718,71.97831419616506,71.97241020366994,71.95154320452068,71.91453084705611,71.8601907796151,71.78734065053646,71.69480504245958,71.59256010079018
69.98703466262798,70.0076785256797,70.02873382109482,70.05011576043655,70.0717395552681,70.09352041715263,70.11537355765337,70.1372141883335,70.15895752075623,70.18051876648474,70.20181313708223,70.2227558441119,70.24326209913697,70.2632471137206,70.28262609942598,70.30131426781635,70.31922683045487,70.33627899890476,70.3523859847292,70.3674629994914,70.38142525475453,70.39418796208183,70.40566633303646,70.41577557918163,70.42443091208054,70.43155160356685,70.43717384373724,70.44146553355978,70.44460160596385,70.44675699387888,70.44810663023425,70.44882544795936,70.44908837998364,70.44907035923644,70.44894631864723,70.44889119114536,70.44907990966026,70.44968740712132,70.45088861645795,70.45285847059955,70.45577190247552,70.45980384501526,70.46512923114818,70.47192299380369,70.48036006591117,70.49061538040003,70.50286387019969,70.51728046823953,70.53404010744897,70.5533177207574,70.5752313585634,70.59959947320893,70.62614223309451,70.65457974896599,70.68463213156917,70.71601949164992,70.74846193995404,70.7816795872274,70.8153925442158,70.84932092166508,70.88318483032108,70.91670438092963,70.94959968423655,70.9815908509877,71.01239799192889,71.04174121780596,71.06934063936474,71.09491636735108,71.11818851251078,71.1388771855897,71.15670249733368,71.17138455848853,71.18264347980008,71.19019937201418,71.19377728835275,71.19334403304273,71.18921261292152,71.1817227158506,71.17121402969144,71.15802624230555,71.14249904155442,71.1249721152995,71.1057851514023,71.0852778377243,71.06378986212701,71.04166091247187,71.0192306766204,70.99683884243406,70.97482509777436,70.95352913050277,70.93329062848079,70.9144492795699,70.89734477163157,70.88231679252729,70.86970503011857,70.85984917226686,70.85308890683368,70.84976392168049,70.85021390466879,70.85471555209448,70.86310522207391,70.87503136190537,70.89014171718505,70.90808403350911,70.92850605647375,70.95105553167512,70.97538020470944,71.00112782117286,71.02794612666156,71.05548286677174,71.08338578709956,71.1113026332412,71.13888115079284,71.16576908535066,71.19161418251085,71.21606418786958,71.23876684702303,71.25936990556738,71.27752110909881,71.2928682032135,71.30505893350762,71.31374104557736,71.3185622850189,71.31917227728601,71.31540572316489,71.30743596397424,71.29547249438379,71.2797248090632,71.2604024026822,71.23771476991051,71.21187140541781,71.18308180387382,71.15155545994824,71.11750186831078,71.08113052363115,71.04265092057904,71.00227255382417,70.96020491803624,70.91665750788495,70.87183981804003,70.82596134317116,70.77923157794805,70.73186001704042,70.68405615511796,70.63602948685039,70.58798950690738,70.5401457099587,70.492707590674,70.44587237638802,70.39972158541345,70.3542731448184,70.30954432375916,70.26555239139195,70.22231461687305,70.17984826935871,70.13817061800519,70.09729893196872,70.05725048040559,70.01804253247204,69.97969235732431,69.94221722411868,69.9056344020114,69.86996116015871,69.83521476771689,69.80141249384218,69.76857160769083,69.7367093784191,69.70584307518327,69.67598996713956,69.64716732344424,69.61939241325356,69.5926825057238,69.56703698908409,69.5417580425576,69.5164790960311,69.49120014950462,69.46592120297814,69.44064225645164,69.41536330992516,69.39008436339867
69.91569487246024,70.04494655894143,70.15919342172751,70.25921742203337,70.34580052107393,70.41972468006408,70.48177186021876,70.53272402275283,70.57336312888125,70.6044711398189,70.62683001678069,70.64122172098152,70.64842821363632,70.64923145595999,70.64441340916743,70.63475603447355,70.62104129309327,70.60405114624149,70.58456755513312,70.56337248098306,70.54124788500624,70.51897572841754,70.4973379724319,70.47711657826419,70.45909350712935,70.44405072024227,70.43275685740916,70.42554045856295,70.42219967421542,70.4225010782058,70.4262112443733,70.43309674655718,70.44292415859667,70.45546005433098,70.47047100759937,70.48772359224105,70.50698438209527,70.52801995100126,70.55059687279824,70.57448172132545,70.59944107042213,70.6252414939275,70.65164956568081,70.67843185952128,70.70535494928816,70.73218540882065,70.75868981195802,70.78463473253947,70.80978674440425,70.8339124213916,70.85677833734074,70.87815106609091,70.89783138246567,70.91583112569658,70.93224257066353,70.94715815058433,70.96067029867675,70.97287144815857,70.98385403224759,70.99371048416161,71.00253323711841,71.01041472433579,71.01744737903152,71.0237236344234,71.02933592372922,71.03437668016676,71.03893833695382,71.04311332730819,71.04699408444766,71.05067304159002,71.05424263195304,71.05779528875453,71.06142344521227,71.06521953454406,71.06927598996768,71.07368524470093,71.07853973196157,71.08393122610873,71.08989409843835,71.09636158543776,71.10325662892735,71.11050217072749,71.11802115265851,71.12573651654083,71.13357120419478,71.14144815744075,71.14929031809908,71.15702062799015,71.16456202893434,71.171837462752,71.1787698712635,71.1852821962892,71.19129737964948,71.1967383631647,71.20152808865524,71.20558949794145,71.2088455328437,71.21121913518235,71.21263324677778,71.21301080945035,71.21227476502044,71.2103480553084,71.2071536221346,71.20263071953572,71.19687885276142,71.1900884839795,71.18245111933959,71.17415826499133,71.16540142708438,71.15637211176833,71.14726182519286,71.13826207350758,71.12956436286214,71.12136019940618,71.11384108928932,71.10719853866122,71.10162405367151,71.09730914046983,71.0944453052058,71.09322405402906,71.09383689308928,71.09647532853604,71.10133086651904,71.10859501318787,71.11845927469219,71.13111515718163,71.14675416680582,71.16556780971442,71.18774718431911,71.2132762581613,71.24159548411676,71.27205724366762,71.30401391829598,71.33681788948397,71.36982153871368,71.40237724746724,71.43383739722678,71.46355436947438,71.49088054569218,71.51516830736227,71.53577003596678,71.55203811298782,71.5633249199075,71.56898283820794,71.56836424937126,71.56082153487955,71.54570707621494,71.52237325485953,71.49017245229545,71.44845705000482,71.39657942946972,71.33389197217231,71.25974705959467,71.17349707321891,71.07460369388646,70.96436449011439,70.84560039023994,70.72117843326758,70.59396565820175,70.46682910404692,70.34263580980755,70.22425281448808,70.11454715709297,70.01638587662669,69.93263601209367,69.86616460249839,69.81983868684529,69.79652530413883,69.79909149338347,69.83040429358367,69.89333074374389,69.99073788286857,70.12549274996218,70.30046238402915,70.51851382407396,70.78251410910106,71.09533027811491,71.45982937011996,71.87887842412066,72.35534447912147
68.76642066550689,69.02399851585622,69.25601250321012,69.46369115950002,69.64826301665728,69.81095660661333,69.95300046129957,70.0756231126474,70.18005309258821,70.26751893305342,70.33924916597442,70.39647232328262,70.44041693690943,70.4723115387862,70.49338466084438,70.50486483501537,70.50798059323056,70.50396046742135,70.49403298951916,70.47942669145536,70.46137010516138,70.4410917625686,70.41982019560845,70.39878393621231,70.37921151631159,70.36233146783766,70.34936105445705,70.34093718763803,70.33684834979321,70.33681570404187,70.34056041350327,70.34780364129666,70.35826655054132,70.37167030435651,70.38773606586153,70.40618499817559,70.42673826441798,70.44911702770796,70.4730424511648,70.49823569790777,70.52441793105615,70.55131031372918,70.57863400904613,70.60611018012627,70.63345999008887,70.66040460205318,70.68666517913849,70.71196288446404,70.73601888114912,70.75855433231298,70.7792904010749,70.79794825055414,70.81427401792614,70.82826232720635,70.84005025562132,70.84977656733192,70.85758002649895,70.86359939728328,70.86797344384574,70.87084093034717,70.87234062094842,70.87261127981033,70.87179167109372,70.87002055895944,70.86743670756834,70.86417888108126,70.86038584365903,70.85619635946249,70.85174919265249,70.84718310738987,70.84263686783547,70.83824923815011,70.83415898249466,70.83050486502994,70.8274256499168,70.82506010131608,70.82354698338862,70.82302505015103,70.8235901757023,70.82519736124789,70.82777272190738,70.83124237280033,70.83553242904634,70.84056900576498,70.84627821807582,70.85258618109845,70.85941900995242,70.86670281975734,70.87436372563276,70.88232784269829,70.89052128607347,70.8988701708779,70.90730061223114,70.9157387252528,70.92411062506241,70.93234242677958,70.94036024552389,70.9480901964149,70.95545839457219,70.96239095511535,70.96881399316395,70.97465362383755,70.97983596225575,70.98428843526541,70.98798361190175,70.99094952562461,70.99321761354979,70.99481931279311,70.99578606047037,70.99614929369739,70.99594044958997,70.99519096526392,70.99393227783507,70.99219582441923,70.99001304213219,70.98741536808978,70.98443423940782,70.9811010932021,70.97744736658844,70.97350449668265,70.96930392060054,70.96487707545793,70.96025539837062,70.95547032645443,70.95055329682518,70.94553574659865,70.94044911289069,70.93532483281709,70.93019434349365,70.92510422570253,70.92022182748794,70.91577229143483,70.91198112121116,70.90907382048479,70.90727589292365,70.90681284219565,70.90791017196868,70.91079338591065,70.91568798768948,70.92281948097306,70.93241336942931,70.94469515672614,70.95989034653145,70.97822444251315,70.99992294833913,71.02521136767733,71.05431520419562,71.08745996156193,71.12487114344417,71.16677425351023,71.21339479542802,71.26495827286543,71.32169018949041,71.38381604897086,71.45156054789413,71.52464059498077,71.60139754555325,71.67994209548135,71.75838494063477,71.83483677688321,71.90740830009644,71.97421020614414,72.03335319089604,72.08294795022188,72.12110517999137,72.14593557607424,72.1555498343402,72.148058650659,72.1215727209003,72.0742027409339,72.00405940662948,71.90925341385677,71.7878954584855,71.63809623638537,71.45796644342613,71.24561677547749,70.99915792840918,70.71670059809091,70.3963554803924,70.03623327118338
70.0515404067443,70.25516510145994,70.43372582735239,70.58850318375528,70.72077777000226,70.83183018542698,70.92294102936307,70.99539090114419,71.05046040010396,71.08943012557609,71.11358067689417,71.12419265339187,71.12254665440284,71.1099232792607,71.08760312729913,71.0568667978518,71.01899489025229,70.97526800383429,70.92696673793142,70.87537169187738,70.82176346500574,70.76742265665024,70.71362986614446,70.66166569282206,70.61281073601668,70.568345595062,70.52953886693587,70.49704098835869,70.4705986946,70.44988701600275,70.43458098290995,70.42435562566459,70.41888597460971,70.41784706008826,70.4209139124433,70.42776156201779,70.43806503915474,70.45149937419714,70.46773959748799,70.48646073937033,70.50733783018711,70.53004590028135,70.55425997999606,70.57965509967423,70.60590628965886,70.63268858029298,70.65967700191953,70.68654658488157,70.71297235952207,70.73862935618402,70.76319260521046,70.78633713694435,70.80776226717012,70.82740894693328,70.84535665259881,70.86168650095175,70.87647960877712,70.88981709285997,70.9017800699853,70.91244965693818,70.92190697050367,70.93023312746675,70.93750924461247,70.94381643872592,70.94923582659206,70.953848524996,70.95773565072273,70.96097832055727,70.9636576512847,70.96585475969005,70.96765076255835,70.96912677667464,70.97036391882395,70.9714433057913,70.97244605436174,70.97345328132033,70.9745461034521,70.97580563403076,70.97729814399725,70.97904114294948,70.98104214193765,70.983308652012,70.98584818422273,70.9886682496201,70.99177635925432,70.9951800241756,70.99888675543417,71.00290406408027,71.00723946116409,71.01190045773586,71.01689456484584,71.02222929354423,71.02791215488125,71.03395065990713,71.04035231967208,71.04712464522632,71.0542751476201,71.06181133790366,71.06974072712717,71.07807082634088,71.08680914659499,71.09596319893978,71.10554049442541,71.11554721378832,71.1259437559336,71.13663426943779,71.14751945099331,71.15849999729255,71.16947660502785,71.18034997089165,71.19102079157634,71.20138976377427,71.2113575841779,71.22082494947958,71.22969255637167,71.23786110154666,71.24523128169685,71.25170379351465,71.25717933369248,71.2615585989227,71.26474228589774,71.26663109130999,71.2671257118518,71.26612684421559,71.26353518509376,71.25925143117865,71.25317627916274,71.24521042573835,71.2352545675979,71.22323503993891,71.20928263915101,71.19362600884253,71.1764944039418,71.15811707937715,71.13872329007694,71.11854229096946,71.09780333698308,71.07673568304611,71.0555685840869,71.03453129503382,71.01385307081517,70.99376316635929,70.9744908365945,70.95626533644918,70.93931592085161,70.9238718447302,70.9101623630132,70.89841673062904,70.88886420250597,70.88173403357237,70.87725547875658,70.87565779298694,70.87717023119174,70.88202204829938,70.89044237693182,70.90258339870013,70.91838884158423,70.93776747905008,70.96062808456364,70.98687943159089,71.01643029359781,71.04918944405031,71.0850656564144,71.123967704156,71.16580436074113,71.2104843996357,71.25791659430573,71.30800971821711,71.3606725448359,71.41581384762796,71.47334240005932,71.53316697559592,71.59519634770373,71.65933928984873,71.72550457549684,71.79360097811406,71.86353727116634,71.93522222811967,72.00856462243996,72.0834732275932
69.38756250830048,69.53310241175382,69.66205336657458,69.77530593215052,69.87375066786932,69.95827813311872,70.02977888728648,70.08914348976032,70.13726249992793,70.17502647717708,70.20332598089549,70.22305157047087,70.23509380529097,70.2403432447435,70.23969044821621,70.23402597509681,70.22424038477304,70.21122423663263,70.1958680900633,70.17906250445277,70.16169803918879,70.14466525365908,70.12885470725138,70.1151569593534,70.10446256935288,70.09766209663754,70.09554416049944,70.09813157830372,70.10509901943603,70.11611940298988,70.13086564805884,70.14901067373644,70.17022739911621,70.19418874329172,70.22056762535648,70.24903696440404,70.27926967952794,70.31093868982173,70.34371691437893,70.37727727229309,70.41129268265774,70.44543606456645,70.47938033711274,70.51279841939015,70.54536323049221,70.57674768951249,70.6066247155445,70.63466722768179,70.6605481450179,70.68394038664638,70.70451687166076,70.72196888635295,70.73627390532116,70.74763567036182,70.75626409851563,70.76236910682326,70.7661606123254,70.76784853206273,70.76764278307593,70.7657532824057,70.7623899470927,70.75776269417761,70.75208144070115,70.74555610370398,70.73839660022676,70.73081284731022,70.723014761995,70.71521226132181,70.70761526233133,70.70043368206423,70.69387743756121,70.68815644586294,70.6834806240101,70.68005988904339,70.67810415800348,70.67782334793107,70.67942394468078,70.68296621531411,70.68831270781597,70.69531194404826,70.70381244587284,70.71366273515162,70.72471133374646,70.73680676351924,70.74979754633185,70.76353220404616,70.77785925852406,70.79262723162743,70.80768464521815,70.82288002115808,70.83806188130914,70.85307874753319,70.86777914169211,70.88201158564779,70.89562460126209,70.90846671039691,70.9203864349141,70.9312322966756,70.94085281754323,70.94909651937891,70.95581192404451,70.9608478361476,70.9641319282785,70.96577818994332,70.9659275071372,70.96472076585529,70.96229885209276,70.95880265184478,70.9543730511065,70.94915093587308,70.94327719213967,70.93689270590146,70.93013836315357,70.9231550498912,70.91608365210948,70.90906505580358,70.90224014696867,70.89574981159988,70.8897349356924,70.88433640524138,70.87969510624198,70.87595192468936,70.87324774657868,70.8717234579051,70.87151994466377,70.87277809284987,70.87563878845856,70.88015243343547,70.8859788499217,70.89267249643584,70.89978782989894,70.90687930723199,70.91350138535603,70.91920852119206,70.92355517166112,70.9260957936842,70.92638484418234,70.92397678007654,70.91842605828784,70.90928713573723,70.89611446934575,70.8784625160344,70.85588573272422,70.82793857633621,70.79417550379138,70.75415097201076,70.70741943791539,70.65353535842625,70.59205319046438,70.5225273909508,70.4445124168065,70.35756272495253,70.26150979680169,70.15844523483273,70.05156331221292,69.94406574205588,69.83915423747523,69.74003051158455,69.64989627749749,69.57195324832766,69.50940313718866,69.4654476571941,69.44328852145762,69.44612744309279,69.47716613521328,69.53960631093265,69.63664968336455,69.77149796562259,69.94735287082044,70.16741611207159,70.43488940248972,70.75297445518844,71.12487298328136,71.5537866998821,72.04291731810426,72.59546655106146,73.21463611186734,73.89218601792335,74.57644624066673,75.26070646341012
69.55810279624355,69.6336226650219,69.7067348412666,69.77747310491029,69.84587123588564,69.91196301412528,69.97578221956188,70.03736263212811,70.09673803175659,70.15394219838,70.20900891193097,70.26197195234218,70.31286509954629,70.36172213347592,70.40857683406374,70.45346298124241,70.49641435494458,70.5374647351029,70.57664790165002,70.61399763451863,70.64954771364133,70.68333191895081,70.71538403037972,70.74573782786071,70.77442709132643,70.80148560070954,70.82694714669083,70.8508460735153,70.8732175346951,70.8940967479543,70.91351893101698,70.93151930160722,70.94813307744914,70.96339547626681,70.9773417157843,70.99000701372572,71.00142658781515,71.01163565577666,71.02066943533434,71.0285631442123,71.0353520001346,71.04107122082534,71.04575602400861,71.04944162740848,71.05216324874905,71.05395610575441,71.05485541614863,71.05489639765581,71.05411426800003,71.05254424490538,71.05022154609594,71.0471813892958,71.04346066870612,71.03911295913787,71.0342013981074,71.02878923637283,71.02293972469229,71.01671611382389,71.01018165452578,71.00339959755605,70.99643319367286,70.9893456936343,70.98220034819852,70.97506040812362,70.96798912416774,70.961049747089,70.95430552764553,70.94781971659545,70.94165556469687,70.93587632270794,70.93054524138675,70.92572557149145,70.92148056378016,70.917873469011,70.9149675379421,70.91282602133157,70.91151216993754,70.91108922867029,70.91159572349669,70.91298897152677,70.91520963793738,70.9181983879054,70.92189588660769,70.92624279922109,70.93117979092247,70.9366475268887,70.94258667229664,70.94893789232313,70.95564185214506,70.96263921693927,70.96987065188262,70.97727682215198,70.9847983929242,70.99237602937616,70.99995039668471,71.00746216002669,71.014851984579,71.02206053551846,71.02902847802196,71.03569647726634,71.04200519842847,71.04789530668522,71.05330746721344,71.05818291655832,71.06248255451129,71.06619144031812,71.06929611580502,71.07178312279822,71.07363900312393,71.07485029860838,71.07540355107776,71.07528530235831,71.07448209427623,71.07298046865776,71.07076696732909,71.06782813211646,71.06415050484608,71.05972062734416,71.05452504143693,71.0485502889506,71.04178291171137,71.03420945154548,71.02581645027914,71.01659044973857,71.00651799174997,70.99558561813959,70.98377987073361,70.97108729135829,70.95749442183981,70.94302809957408,70.92803650987418,70.91302162273753,70.8984863689621,70.88493367934586,70.87286648468678,70.86278771578283,70.85520030343197,70.85060717843216,70.84951127158139,70.8524155136776,70.85982283551878,70.8722361679029,70.89015844162789,70.91409258749177,70.94454153629246,70.98200821882799,71.02699556589624,71.08000650829526,71.14154397682296,71.21211090227735,71.29221021545635,71.38234484715797,71.48301772818014,71.59473178932087,71.71798859042998,71.85242713700059,71.99534984940094,72.14366733809416,72.29429021354339,72.44412908621173,72.59009456656234,72.72909726505833,72.85804779216281,72.97385675833894,73.07343477404984,73.15369244975864,73.21154039592845,73.2438892230224,73.24764954150365,73.2197319618353,73.15704709448046,73.0565055499023,72.91501793856392,72.72949487092848,72.49684695745906,72.21398480861882,71.87781903487087,71.48526024667837,71.03321905450439,70.51860606881212
69.74647501819551,69.89477156986354,70.02852044483718,70.14842748964884,70.25519855083081,70.34953947491547,70.43215610843517,70.50375429792223,70.56503988990904,70.61671873092791,70.65949666751123,70.69407954619133,70.72117321350055,70.74148351597125,70.75571630013577,70.76457741252646,70.7687726996757,70.76900800811579,70.76598918437911,70.760422074998,70.75301252650483,70.74446638543192,70.73548949831164,70.72678771167631,70.71906687205832,70.71303282598998,70.70937987440479,70.70842088585816,70.71000904302393,70.7139701612304,70.72013005580592,70.7283145420788,70.73834943537736,70.75006055102993,70.76327370436485,70.7778147107104,70.79350938539494,70.81018354374676,70.82766300109422,70.84577357276562,70.86434107408928,70.88319132039354,70.9021501270067,70.92104330925712,70.93969668247307,70.9579360619829,70.97558726311496,70.99247610119754,71.00842839155895,71.02326994952755,71.03682659043164,71.04892412959954,71.05941441551178,71.06830995494458,71.07568448079132,71.08161184646929,71.08616590539573,71.08942051098792,71.0914495166631,71.09232677583854,71.09212614193152,71.09092146835928,71.08878660853908,71.08579541588819,71.08202174382386,71.07753944576338,71.07242237512396,71.06674438532292,71.06057932977747,71.0540010619049,71.04708343512247,71.03990030284743,71.03252551849705,71.02503293548858,71.01749640723929,71.00998978716645,71.00258692868731,70.99536156938858,70.98837735512008,70.98168015174187,70.97531401526163,70.969323001687,70.96375116702566,70.95864256728528,70.95404125847351,70.94999129659803,70.9465367376665,70.9437216376866,70.94159005266597,70.94018603861228,70.93955365153322,70.93973694743643,70.9407799823296,70.94272681222037,70.94562149311642,70.94950808102541,70.95443063195502,70.96043320191289,70.96755984690672,70.97585462294414,70.98536158603285,70.9961247921805,71.00818829739474,71.02158290271306,71.03620919234588,71.05189384078982,71.06846267422344,71.0857415188253,71.10355620077395,71.12173254624796,71.14009638142586,71.15847353248624,71.17668982560762,71.19457108696858,71.21194314274766,71.22863181912342,71.24446294227442,71.25926233837923,71.27285583361638,71.28506925416443,71.29572842620193,71.30465917590746,71.31168732945956,71.31663871303678,71.31933915281769,71.31961447498082,71.31729050570476,71.31219307116805,71.3041482113395,71.29309057164096,71.27923977991334,71.26286164269412,71.24422196652078,71.22358655793079,71.20122122346163,71.17739176965077,71.15236400303569,71.12640373015385,71.09977675754276,71.07274889173985,71.04558593928263,71.01855370670857,70.99191800055515,70.96594462735983,70.94089939366009,70.9170481059934,70.89465657089725,70.87399059490913,70.85531598456647,70.8388985464068,70.82500408696754,70.8138984127862,70.80584733040025,70.80111664634718,70.79993500797353,70.80190690434127,70.80611891828912,70.8116419561222,70.8175469241456,70.82290472866445,70.82678627598382,70.82826247240881,70.82640422424453,70.82028243779608,70.80896801936855,70.79153187526704,70.76704491179667,70.73457803526252,70.69320215196967,70.64198816822326,70.58000699032839,70.50632952459013,70.42002667731359,70.32016935480387,70.20582846336607,70.0760749093053,69.92997959892665,69.76661343853522,69.58504733443611,69.38435219293443
70.1112265068833,70.23683177588116,70.34963346784828,70.45021233125202,70.53914911455968,70.6170245662386,70.6844194347561,70.7419144685795,70.79009041617614,70.82952802601334,70.86080804655842,70.88451122627872,70.90121831364156,70.91151005711426,70.91596720516415,70.91517050625856,70.9097007088648,70.90013856145022,70.88706481248212,70.87106021042786,70.85270550375473,70.83258144093008,70.81126877042124,70.7893482406955,70.76740060022023,70.74600659746272,70.72574244877121,70.7069509516577,70.68963366373983,70.67376506667831,70.65931964213388,70.64627187176728,70.63459623723924,70.62426722021047,70.61525930234173,70.60754696529372,70.60110469072721,70.5959069603029,70.59192825568152,70.58914305852383,70.58752585049054,70.58705111324238,70.58769332844008,70.5894269777444,70.59222654281602,70.5960665053157,70.60092134690419,70.60676554924218,70.61357359399044,70.62131996280966,70.6299791373606,70.639525599304,70.64993060301438,70.6611332920174,70.6730544012439,70.68561444762979,70.69873394811088,70.71233341962309,70.72633337910224,70.7406543434842,70.75521682970484,70.76994135470002,70.7847484354056,70.79955858875745,70.81429233169143,70.8288701811434,70.84321265404922,70.85724026734476,70.87087353796588,70.88403298284844,70.89663911892829,70.90861246314132,70.9198735324234,70.93034284371033,70.93994091393805,70.94858826004237,70.95620539895918,70.96271285582608,70.96806582479422,70.97233339772082,70.9756080212678,70.97798214209709,70.9795482068706,70.9803986622503,70.98062595489809,70.98032253147589,70.97958083864563,70.97849332306927,70.97715243140871,70.97565061032587,70.9740803064827,70.97253396654114,70.97110403716307,70.96988296501046,70.96896319674522,70.96843717902928,70.96839735852457,70.96893618189303,70.97014609579657,70.97211954689712,70.97494898185661,70.97872684733697,70.98354559000015,70.98949455302896,70.99655627551864,71.00458207059856,71.0134151985237,71.02289891954905,71.03287649392959,71.04319118192033,71.05368624377624,71.0642049397523,71.07459053010352,71.08468627508486,71.09433543495133,71.10338126995792,71.11166704035959,71.11903600641135,71.12533142836817,71.13039656648506,71.13407468101698,71.13620903221894,71.13664288034592,71.1352194856529,71.13178210839487,71.12617400882682,71.11823844720374,71.10781868378061,71.09475797881242,71.07893522562271,71.06051348307605,71.03979180067424,71.01707007754776,70.9926482128271,70.96682610564275,70.93990365512519,70.91218076040492,70.8839573206124,70.85553323487811,70.82720840233256,70.79928272210621,70.77205609332957,70.7458284151331,70.72089958664729,70.69756950700264,70.6761380753296,70.65690519075869,70.64017075242039,70.62623465944516,70.6153968109635,70.6079571061059,70.60421544400283,70.60447172378478,70.60902584458225,70.61817711267048,70.63185182980271,70.64896586075405,70.66826563533556,70.68849758335834,70.70840813463344,70.72674371897197,70.74225076618501,70.75367570608364,70.75976496847892,70.75926498318196,70.75092218000383,70.73348298875561,70.70569383924838,70.66630116129322,70.61405138470123,70.54769093928347,70.46596625485104,70.36762376121501,70.25140988818646,70.11607106557648,69.96035372319615,69.78300429085655,69.58276919836877,69.35839487554388,69.10862775219296
70.61207491428009,70.75100950416905,70.8729786300178,70.97886953911262,71.06956947873977,71.14596569618553,71.20894543873618,71.25939595367798,71.2982044882972,71.32625828988014,71.34444460571305,71.35365068308222,71.35476376927392,71.3486711115744,71.33625995726997,71.3184175536469,71.29603114799143,71.26998798758987,71.24117531972848,71.21048039169354,71.17879045077132,71.14699274424808,71.11597451941013,71.08662302354371,71.0598255039351,71.03646920787058,71.01743280685622,71.00315329189732,70.99342195200767,70.9879788424514,70.9865640184927,70.98891753539573,70.99477944842467,71.00388981284367,71.01598868391692,71.03081611690857,71.04811216708279,71.06761688970377,71.08907034003566,71.11221257334263,71.13678364488885,71.16252360993849,71.18917252375572,71.2164704416047,71.24415741874961,71.27197351045461,71.29965877198389,71.32695325860158,71.35359702557187,71.37933012815894,71.40389262162694,71.42702456124005,71.44848604420125,71.46823658097708,71.48635000221185,71.5029014923321,71.51796623576439,71.53161941693527,71.54393622027128,71.55499183019897,71.56486143114492,71.57362020753564,71.58134334379771,71.58810602435767,71.59398343364207,71.59905075607745,71.60338317609039,71.6070558781074,71.61014404655508,71.61272286585994,71.61486752044854,71.61665319474744,71.61815507318319,71.61944834018233,71.62060818017142,71.62170977757701,71.62282831682563,71.62403897834228,71.62540002776217,71.62691416075891,71.62857267834642,71.63036688153859,71.63228807134938,71.63432754879265,71.63647661488237,71.6387265706324,71.64106871705668,71.64349435516914,71.64599478598366,71.64856131051418,71.65118522977461,71.65385784477884,71.65657045654082,71.65931436607443,71.66208087439361,71.66486128251225,71.66764689144429,71.67042900220362,71.67319891580418,71.67594793325985,71.67866735558457,71.68134848379225,71.68398261889679,71.68656148891421,71.68909151684228,71.69159718082271,71.69410406697767,71.69663776142936,71.69922385029993,71.7018879197116,71.7046555557865,71.70755234464684,71.71060387241478,71.71383572521252,71.71727348916222,71.72094275038606,71.72486909500623,71.72907810914488,71.73359537892422,71.73844649046642,71.74365702989364,71.74925258332807,71.7552587368919,71.7617010767073,71.76860518889643,71.7759966595815,71.78390107488465,71.7923440209281,71.80135108383399,71.81092146440838,71.82084394661844,71.83080661707066,71.84049693324461,71.8496023526199,71.85781033267608,71.86480833089276,71.8702838047495,71.87392421172592,71.87541700930159,71.8744496549561,71.87070960616902,71.86388432041994,71.85366125518846,71.83972786795414,71.8217716161966,71.79947995739539,71.77254034903012,71.74064024858038,71.70346711352573,71.66070840134577,71.61205156952009,71.55718407552827,71.49579337684989,71.42756693096455,71.35219288431689,71.2697928569602,71.18166271144965,71.08929521300765,70.99418312685663,70.89781921821896,70.80169625231706,70.70730699437333,70.61614420961017,70.52970066325,70.4494691205152,70.3769423466282,70.31361310681137,70.26097416628716,70.22051829027791,70.1937382440061,70.18212679269408,70.18717670156427,70.21038073583908,70.25323166074091,70.31722224149215,70.40384524331522,70.51459343143252,70.65095957106645,70.81443642743942,71.00651676577382
69.89933738304572,69.8907071651574,69.89093599035172,69.89943398548503,69.9156112774136,69.93887799299375,69.96864425908177,70.00432020253398,70.04531595020666,70.09104162895612,70.14090736563865,70.19432328711059,70.25069952022824,70.30944619184785,70.36997342882576,70.43169135801826,70.49401010628166,70.55633980047226,70.61809056744637,70.67867253406028,70.73749582717029,70.79397057363272,70.84750690030386,70.89751493404002,70.94340480169748,70.98458663013257,71.02047738403559,71.05084619872989,71.07597705517665,71.0961947851829,71.11182422055562,71.1231901931018,71.13061753462846,71.13443107694258,71.13495565185114,71.13251609116116,71.12743722667963,71.12004389021355,71.1106609135699,71.0996131285557,71.08722536697793,71.07382246064358,71.05972924135966,71.04527054093317,71.03077119117108,71.01655602388043,71.00294987086816,70.9902775639413,70.97886393490685,70.9690338155718,70.96111203774313,70.95542343322786,70.95226267859219,70.95162441181675,70.95333126394624,70.95720382911514,70.96306270145797,70.97072847510921,70.98002174420338,70.99076310287496,71.00277314525849,71.01587246548841,71.02988165769926,71.04462131602554,71.05991203460174,71.07557440756236,71.09142902904189,71.10729649317484,71.12299739409572,71.13835232593902,71.15318188283923,71.16730665893088,71.18054724834845,71.19272424522643,71.20365824369932,71.21316983790165,71.22107962196789,71.22720820617378,71.23144443017392,71.23390128680595,71.23473773167534,71.2341127203876,71.23218520854819,71.22911415176259,71.22505850563627,71.22017722577472,71.21462926778342,71.20857358726784,71.20216913983344,71.19557488108573,71.18894976663017,71.18245275207224,71.17624279301742,71.17047884507117,71.165319863839,71.16092480492637,71.15745262393874,71.15506227648162,71.15391271816046,71.15416290458074,71.15597179134797,71.15949833406759,71.1649014883451,71.1723348376011,71.18176708522611,71.1929397798169,71.2055805302822,71.21941694553077,71.23417663447131,71.2495872060126,71.26537626906338,71.28127143253238,71.29700030532832,71.31229049635998,71.32686961453608,71.34046526876537,71.3528050679566,71.36361662101848,71.37262753685977,71.37956542438921,71.38415789251556,71.38613255014754,71.38521700619388,71.38113886956336,71.37362574916469,71.36240525390662,71.34720499269788,71.32775257444725,71.30377560806342,71.2750557581098,71.24180577058526,71.20444469039079,71.16339285132096,71.11907058717038,71.07189823173361,71.02229611880523,70.97068458217983,70.91748395565197,70.86311457301626,70.80799676806726,70.75255087459955,70.69719722640774,70.64235615728637,70.58844800103005,70.53589309143334,70.48511176229081,70.43652434739708,70.39055118054672,70.3476125955343,70.30812892615441,70.27252050620162,70.24120766947051,70.21461074975568,70.1931500808517,70.17724538691881,70.16693283075035,70.16120954058196,70.15889841430473,70.15882234980971,70.159804244988,70.16066699773063,70.16023350592869,70.15732666747327,70.15076938025543,70.13938454216624,70.12199505109677,70.0974238049381,70.0644937015813,70.02202763891742,69.96884851483757,69.9037792272328,69.8256426739942,69.73326175301283,69.62545936217975,69.50105839938605,69.3588817625228,69.19775234948106,69.01649305815192,68.81392678642645,68.5888764321957
70.50030959822868,70.49745316057188,70.49528274195407,70.49379115981321,70.49297123158726,70.49281577471419,70.49331760663195,70.4944695447785,70.4962644065918,70.49869500950983,70.50175417097054,70.5054347084119,70.50972943927184,70.51463118098836,70.5201327509994,70.52622696674291,70.53290664565688,70.54016460517926,70.547993662748,70.55638663580108,70.56533634177644,70.57483559811206,70.5848772222459,70.59545403161592,70.60655884366005,70.6181844758163,70.63032344927885,70.64295302772723,70.65602816956014,70.66950206334566,70.68332789765182,70.69745886104668,70.71184814209833,70.72644892937478,70.74121441144413,70.75609777687443,70.7710522142337,70.78603091209004,70.80098705901149,70.81587384356611,70.83064445432196,70.84525207984709,70.85964990870956,70.87379112947742,70.88762893071876,70.90111650100161,70.91420702889403,70.92685370296408,70.93900971177982,70.95062824390929,70.96166248792059,70.97206563238173,70.98179400191727,70.99083512428322,70.99919441545177,71.00687750322768,71.01389001541578,71.02023757982089,71.02592582424778,71.03096037650128,71.03534686438621,71.03909091570735,71.04219815826953,71.04467421987754,71.0465247283362,71.04775531145032,71.04837159702468,71.04837921286412,71.04778378677344,71.04659094655744,71.04480632002092,71.04243553496872,71.0394842192056,71.03595800053641,71.03186250676593,71.02720336569898,71.02198620514037,71.01621665665438,71.00991624320818,71.00315869560966,70.99602844992113,70.98860994220492,70.98098760852336,70.97324588493876,70.96546920751346,70.95774201230977,70.95014873539002,70.94277381281653,70.93570168065162,70.9290167749576,70.92280353179683,70.91714638723163,70.91212977732428,70.90783813813714,70.90435590573253,70.90176751617275,70.90015740552015,70.89961000983705,70.90020976518576,70.90204110762862,70.90518847322792,70.90973629804604,70.91576901814526,70.92336828673156,70.93251998693279,70.94309233296289,70.95494631810979,70.96794293566143,70.98194317890577,70.99680804113075,71.01239851562433,71.02857559567443,71.04520027456903,71.06213354559604,71.07923640204345,71.09636983719918,71.11339484435118,71.1301724167874,71.1465635477958,71.1624292306643,71.17763045868088,71.19202822513347,71.20548352331001,71.21785734649845,71.22901068798676,71.23880454106285,71.2470998990147,71.25375775513024,71.25863910269743,71.26163045207376,71.26282180638829,71.26240055253997,71.26055468585238,71.25747220164904,71.2533410952535,71.2483493619893,71.24268499717999,71.2365359961491,71.23009035422018,71.22353606671676,71.21706112896241,71.21085353628065,71.20510128399502,71.19999236742908,71.19571478190636,71.19245652275039,71.19040558528474,71.18974996483294,71.19067765671853,71.19337665626506,71.19803495879606,71.20484055963507,71.21398145410565,71.22564563753133,71.24002056195503,71.25695186556624,71.27535924239878,71.29400711968802,71.31165992466931,71.32708208457801,71.33903802664949,71.34629217811909,71.34760896622218,71.34175281819411,71.32748816127025,71.30357942268594,71.26879102967656,71.22188740947745,71.16163298932396,71.08679219645147,70.99612945809534,70.88840920149092,70.76239585387356,70.61685384247863,70.45054759454148,70.26224153729747,70.05070009798196,69.81468770383032,69.55296878207788,69.26430775996003
70.3274031581295,70.40802962318585,70.47895190730583,70.540701796955,70.59381107859903,70.6388115387035,70.67623496373403,70.70661314015624,70.73047785443572,70.74836089303813,70.76079404242904,70.76830908907408,70.77143781943886,70.77071201998899,70.7666634771901,70.75982397750778,70.75072530740769,70.73989925335539,70.72787760181652,70.71519213925669,70.70237465214151,70.68995692693659,70.67847075010755,70.66844790812002,70.6604201874396,70.65491937453189,70.65247161902445,70.65331275509931,70.65725419869705,70.66407368994777,70.67354896898158,70.6854577759286,70.69957785091896,70.71568693408273,70.73356276555003,70.75298308545098,70.77372563391569,70.79556815107426,70.81828837705683,70.84166405199346,70.86547291601428,70.88949270924942,70.91350117182898,70.93727604388309,70.96059506554181,70.98323597693528,71.00497651819359,71.02559442944687,71.04486745082522,71.06257332245877,71.07848978447763,71.09239457701187,71.10408792484097,71.11359377048652,71.12106430998546,71.1266532581559,71.13051432981592,71.13280123978367,71.13366770287723,71.13326743391471,71.13175414771425,71.12928155909387,71.12600338287174,71.12207333386596,71.11764512689464,71.11287247677583,71.10790909832772,71.10290870636834,71.09802501571585,71.09341174118833,71.08922259760388,71.0856112997806,71.08273156253662,71.08073710069004,71.07978162905894,71.08001886246146,71.08160251571567,71.08468629158611,71.08937294206532,71.09559783116839,71.10326199988793,71.11226648921655,71.12251234014693,71.13390059367165,71.14633229078336,71.15970847247465,71.17393017973819,71.1888984535666,71.20451433495248,71.22067886488844,71.23729308436717,71.25425803438125,71.27147475592332,71.288844289986,71.30626767756195,71.32364595964373,71.340880177224,71.3578713712954,71.37452058285052,71.39072885288203,71.40639722238254,71.42142673234466,71.43571842376102,71.44917419559704,71.461725473359,71.47333996064822,71.48398758732463,71.49363828324823,71.50226197827894,71.50982860227674,71.5163080851016,71.52167035661347,71.52588534667231,71.52892298513808,71.53075320187074,71.53134592673024,71.53067108957654,71.52869862026964,71.52539844866948,71.520740504636,71.51469471802915,71.50723101870895,71.4983193365353,71.4879296013682,71.47603174306761,71.46259569149345,71.44759137650573,71.43098872796438,71.41275767572935,71.3928709082607,71.3713231132206,71.34811950623856,71.32326536871966,71.29676598206896,71.26862662769156,71.2388525869925,71.20744914137686,71.17442157224974,71.13977516101619,71.10351518908132,71.06564693785015,71.02617568872779,70.98510672311934,70.94244532242982,70.89819676806434,70.85236634142794,70.80495932392574,70.75598099696279,70.7054366419442,70.65333154027499,70.59967097336025,70.5444602226051,70.48770456941455,70.4294092951937,70.36957974258027,70.308259779715,70.24559763699327,70.18175904477852,70.1169097334342,70.05121543332376,69.9848418748106,69.91795478825821,69.85071990403,69.78330295248944,69.71586966399994,69.64858576892496,69.58161699762798,69.51512908047235,69.44928774782156,69.38425873003911,69.32020775748836,69.25730056053277,69.19570286953581,69.13558041486093,69.07709892687151,69.02042413593105,68.96572177240299,68.91315756665071,68.86289724903773,68.81510654992746
69.43450376756847,69.56436486126867,69.68640681211305,69.80083473243766,69.90785373457857,70.00766893087177,70.10048543365333,70.18650835525928,70.26594280802566,70.3389939042885,70.40586675638386,70.46676647664776,70.52189817741626,70.57146697102537,70.61567796981114,70.65473628610962,70.68884703225685,70.71821532058885,70.74304626344167,70.76354497315135,70.77991656205393,70.79236614248545,70.80109882678195,70.80631972727946,70.80823395631403,70.80704662624285,70.80296975956176,70.79624182430736,70.78710761395668,70.77581192198674,70.76259954187461,70.74771526709729,70.73140389113183,70.71391020745527,70.69547900954463,70.67635509087697,70.6567832449293,70.63700826517866,70.6172749451021,70.59782807817665,70.57891245787934,70.5607728776872,70.54365413107728,70.5278010115266,70.51345831251221,70.50087082751114,70.49028335000041,70.48194067345707,70.47608759135817,70.47296889718072,70.47282938231906,70.47582508085661,70.48178701183454,70.49047181953169,70.50163614822692,70.51503664219908,70.53042994572697,70.54757270308947,70.5662215585654,70.58613315643362,70.60706414097297,70.62877115646228,70.6510108471804,70.67353985740617,70.69611483141843,70.71849241349604,70.7404292479178,70.76168197896261,70.78200725090927,70.80116170803664,70.81890199462356,70.83498475494888,70.84916663329142,70.86120427393004,70.87085432114358,70.877873425779,70.88210476925082,70.88369475002693,70.88285614557017,70.87980173334333,70.87474429080919,70.86789659543055,70.85947142467023,70.84968155599103,70.83873976685572,70.82685883472712,70.81425153706803,70.80113065134125,70.78770895500958,70.7741992255358,70.76081424038273,70.74776677701317,70.73526961288991,70.72353552547574,70.71277729223348,70.70320769062593,70.69503949811588,70.68848549216612,70.68375845023947,70.68107114979871,70.68063635414235,70.68258475412611,70.68677178514648,70.69299524250445,70.70105292150109,70.71074261743739,70.72186212561438,70.7342092413331,70.74758175989459,70.76177747659985,70.7765941867499,70.7918296856458,70.80728176858854,70.82274823087916,70.8380268678187,70.85291547470817,70.8672118468486,70.88071377954101,70.89321906808645,70.90452550778592,70.91443089394046,70.92273302185109,70.92922968681884,70.93371868414472,70.93599780912979,70.935864878677,70.93318446847873,70.9280354857682,70.92053976462643,70.91081913913442,70.89899544337322,70.88519051142387,70.86952617736736,70.85212427528475,70.83310663925705,70.81259510336528,70.7907115016905,70.76757766831369,70.7433154373159,70.71804664277816,70.6918931187815,70.66497669940694,70.63741921873549,70.6093425108482,70.58086840982608,70.55211874975016,70.5232153647015,70.49428008876109,70.46543475600996,70.43680120052913,70.4085013164046,70.38076869651339,70.35418030279229,70.32937886089148,70.30700709646113,70.28770773515144,70.27212350261254,70.26089712449465,70.25467132644792,70.25408883412253,70.25979237316866,70.27242466923649,70.29262844797617,70.3210464350379,70.35832135607185,70.40509593672822,70.46201290265714,70.52971497950881,70.60884489293343,70.70004536858113,70.8039591321021,70.92122890914652,71.05249742536456,71.19840740640642,71.35960157792223,71.5366347476717,71.72022776524678,71.90382078282188,72.08741380039697,72.27100681797205
70.70563852957262,70.44915942152126,70.2272301767307,70.03808416446462,69.87995475398668,69.75107531456058,69.64967921544995,69.5739998259185,69.52227051522988,69.49272465264775,69.48359560743582,69.49311674885772,69.51952144617717,69.56104306865778,69.61591498556326,69.68237056615727,69.7586431797035,69.84296619546559,69.93357298270723,70.02869691069208,70.12657134868383,70.22542966594612,70.32350523174266,70.4190314153371,70.51024158599311,70.59536911297437,70.67267601120494,70.74137066335273,70.80180197374993,70.85438674755346,70.8995417899202,70.93768390600705,70.96922990097089,70.99459657996861,71.01420074815711,71.02845921069327,71.03778877273399,71.04260623943615,71.04332841595665,71.04037210745238,71.03415411908024,71.0250912559971,71.01360032335987,71.00009812632541,70.98500147005065,70.96872715969246,70.95169200040775,70.93431279735337,70.91700635568625,70.90018948056327,70.88427897714132,70.86969165057728,70.8567895333832,70.84559663985083,70.83600816712566,70.82791905877612,70.82122425837068,70.81581870947778,70.81159735566588,70.80845514050343,70.80628700755886,70.80498790040065,70.80445276259721,70.80457653771703,70.80525416932852,70.80638060100014,70.80785077630037,70.80955963879762,70.81140213206035,70.81327319965702,70.81506778515606,70.81668083212594,70.81800728413509,70.81894208475197,70.81938017754501,70.8192165060827,70.81834601393345,70.81666450239273,70.81414250222079,70.81088220527232,70.80699920538635,70.80260909640194,70.79782747215812,70.79276992649393,70.78755205324842,70.7822894462606,70.77709769936956,70.77209240641432,70.76738916123391,70.76310355766738,70.75935118955375,70.7562476507321,70.75390853504146,70.75244943632086,70.75198594840936,70.75263366514596,70.75450818036974,70.75772508791972,70.76239998163496,70.7686484553545,70.77658610291735,70.78632851816259,70.79799129492925,70.81167056902461,70.82727132055213,70.84459003163023,70.86342193906331,70.88356227965578,70.90480629021202,70.92694920753645,70.94978626843347,70.97311270970746,70.99672376816285,71.02041468060402,71.04398068383536,71.06721701466128,71.08991890988621,71.1118816063145,71.13290034075057,71.15277034999883,71.17128687086367,71.18824514014949,71.2034403946607,71.2166678712017,71.22772280657686,71.23640043759062,71.24249600104734,71.24580473375146,71.24612206412517,71.2433407624429,71.23760902553208,71.22911643966914,71.21805259113053,71.20460706619264,71.18896945113188,71.17132933222472,71.15187629574754,71.1307999279768,71.10828981518887,71.08453554366021,71.05972669966724,71.03405286948636,71.00770363939402,70.98086859566662,70.9537373245806,70.92649941241235,70.89934444543833,70.87246200993495,70.84604169217862,70.82027307844578,70.79534575501283,70.7714493081562,70.74877332415232,70.7275073892776,70.70782406763293,70.68961000396425,70.6725145964458,70.6561800620215,70.64024861763531,70.62436248023113,70.6081638667529,70.59129499414458,70.57339807935006,70.55411533931328,70.53308899097819,70.5099612512887,70.48437433718877,70.45597046562229,70.4243918535332,70.38928071786546,70.35027927556298,70.30702974356969,70.25917433882952,70.20635527828641,70.1482147788843,70.08439505756708,70.01453833127871,69.93828681696313,69.85528273156426,69.76516829202602
69.96813212861113,70.1057061984802,70.2214562719767,70.31670080520401,70.39275825426553,70.45094707526466,70.49258572430482,70.51899265748938,70.53148633092175,70.53138520070533,70.5200077229435,70.4986723537397,70.46869754919729,70.43140176541968,70.38810345851029,70.34012108457249,70.2887730997097,70.2353779600253,70.18125412162271,70.12772004060533,70.07609417307653,70.02769497513972,69.98384090289832,69.94585041245571,69.9150419599153,69.8926882424421,69.87913443278566,69.87386269474607,69.87632235730537,69.88596274944562,69.90223320014887,69.92458303839715,69.95246159317252,69.985318193457,70.0226021682327,70.06376284648158,70.10824955718574,70.15551162932721,70.20499839188804,70.25615917385026,70.30844330419593,70.36130011190711,70.41417892596581,70.46652907535412,70.51779988905403,70.56744069604764,70.61490082531695,70.65962960584405,70.70107636661095,70.7386904579719,70.77206997688525,70.80131737911096,70.82664191647702,70.8482528408114,70.86635940394208,70.88117085769707,70.89289645390431,70.90174544439184,70.90792708098758,70.91165061551955,70.91312529981572,70.91256038570408,70.91016512501261,70.90614876956928,70.9007205712021,70.89408978173903,70.88646565300805,70.87805743683715,70.86907438505432,70.85972574948754,70.85022078196478,70.84076873431403,70.83157885836327,70.82286040594049,70.81481504108565,70.80752282652992,70.80096591149554,70.79512366480157,70.78997545526705,70.78550065171109,70.78167862295274,70.77848873781105,70.77591036510509,70.77392287365393,70.77250563227663,70.77163800979226,70.77129937501988,70.77146909677856,70.77212654388737,70.77325108516536,70.7748220894316,70.77681892550515,70.7792209622051,70.7820075683505,70.7851581127604,70.78865196425387,70.79246849165,70.79658706376782,70.80098704139921,70.80563967372991,70.81049283662931,70.81549022138208,70.8205755192729,70.82569242158647,70.83078461960747,70.8357958046206,70.84066966791055,70.845349900762,70.84978019445964,70.85390424028814,70.85766572953223,70.86100835347658,70.86387580340586,70.86621177060478,70.86795994635801,70.86906402195025,70.8694676886662,70.86911463779053,70.86794856060793,70.8659131484031,70.86295209246072,70.85900908406548,70.85402781450206,70.84796363082673,70.84092242387617,70.8331148665225,70.82475375664053,70.81605189210504,70.80722207079083,70.79847709057269,70.79002974932541,70.78209284492377,70.77487917524259,70.76860153815663,70.7634727315407,70.75970555326958,70.75751280121808,70.75710727326098,70.75870176727307,70.76250908112915,70.768742012704,70.77761335987242,70.78933592050919,70.80412249248911,70.82218587368698,70.8437388619776,70.86899425523572,70.89816431918591,70.93127839812189,70.96791630326175,71.00759003769657,71.04981160451746,71.09409300681553,71.13994624768183,71.18688333020752,71.23441625748367,71.28205703260137,71.32931765865173,71.37571013872585,71.42074647591483,71.46393867330976,71.50479873400172,71.54283866108186,71.57757045764123,71.60850612677096,71.63515767156213,71.65703709510585,71.67365640049321,71.6845275908153,71.68916266916325,71.68707363862814,71.67777250230104,71.66268551905631,71.64723195245843,71.63177838586054,71.61632481926266,71.60087125266476,71.58541768606688,71.56996411946899,71.55451055287111
69.17710981264503,69.24058514338213,69.30190251607382,69.3611182798872,69.41828878398928,69.47347037754719,69.526719409728,69.57809222969883,69.6276451866267,69.6754346296787,69.72151690802195,69.76594837082354,69.8087853672505,69.85008424646995,69.88990135764894,69.92829304995456,69.96531567255391,70.00102557461409,70.03547910530213,70.06873261378516,70.10084244923021,70.13186496080442,70.16185649767482,70.19087340900853,70.21897204397263,70.24620875173417,70.27263906033266,70.2982913701843,70.32316138866159,70.34724287676053,70.37052959547702,70.39301530580707,70.41469376874662,70.43555874529162,70.45560399643801,70.47482328318176,70.49321036651884,70.51075900744519,70.52746296695679,70.54331600604954,70.55831188571946,70.57244436696246,70.58570721077453,70.5980941781516,70.60959903008964,70.6202155275846,70.62993743163244,70.63875850322913,70.64667250337058,70.65367319305281,70.65975433327174,70.6649096850233,70.66913829841937,70.6724718642729,70.67495451261385,70.67663039795875,70.67754367482422,70.6777384977268,70.67725902118312,70.67614939970974,70.67445378782321,70.67221634004014,70.66948121087708,70.66629255485063,70.66269452647737,70.65873128027386,70.65444697075671,70.64988575244246,70.64509177984772,70.64010920748908,70.63498218988306,70.62975488154629,70.62447143699532,70.61917601074674,70.61391275731714,70.60872583122307,70.60365938698115,70.59875740752261,70.59404892640936,70.58953663885936,70.58522055907031,70.58110070123988,70.57717707956576,70.57344970824559,70.5699186014771,70.56658377345792,70.56344523838575,70.56050301045829,70.55775710387314,70.55520753282806,70.55285431152069,70.55069745414869,70.54873697490973,70.54697288800153,70.54540520762174,70.54403394796805,70.54285912323809,70.54188074762959,70.54109883534022,70.54051340056762,70.5401244575095,70.53993202036352,70.53993610332739,70.54013507237602,70.5405111013446,70.54103717357853,70.54168616693687,70.54243095927876,70.54324442846331,70.54409945234966,70.5449689087969,70.54582567566419,70.5466426308106,70.54739265209525,70.54804861737728,70.5485834045158,70.54896989136992,70.54918095579876,70.54918947566142,70.54896832881707,70.54849039312475,70.54772854644364,70.54665566663283,70.54524463155147,70.5434683190586,70.5412996070134,70.53871137327499,70.53567649570246,70.5321678523299,70.52815841008567,70.52362136915772,70.51852996753172,70.51285744319316,70.50657703412767,70.49966197832077,70.49208551375807,70.48382087842515,70.47484131030757,70.46512004739085,70.45463032766065,70.44334538910249,70.43123846970195,70.4182828074446,70.40445164031601,70.38971820630178,70.37405574338743,70.35743748955858,70.33983668280078,70.32122656109962,70.30158036244063,70.28087132480943,70.25907268619156,70.23615768457262,70.21209955793816,70.1868864809984,70.16075751876016,70.13415991682996,70.10754722224499,70.08137298204241,70.0560907432594,70.03215405293318,70.01001645810092,69.99013150579984,69.97295274306705,69.95893371693981,69.94852797445529,69.94218906265067,69.94037052856314,69.94352591922987,69.95210878168808,69.96657266297493,69.98737111012764,70.01495767018335,70.0497858901793,70.09230931715263,70.14298149814053,70.20225598018024,70.27058631030891,70.34842603556373,70.43622870298188
69.89220347202894,70.06364415658001,70.21516681133843,70.34781129118389,70.46261745099605,70.5606251456546,70.64287423003927,70.71040455902968,70.76425598750558,70.80546837034663,70.83508156243249,70.85413541864293,70.86366979385755,70.86472454295605,70.85833952081816,70.84555458232356,70.82740958235192,70.80494437578292,70.77919881749628,70.75121276237167,70.72202606528876,70.69267858112724,70.66421016476684,70.63766067108722,70.61406995496804,70.59447787128903,70.57984040405671,70.57031018255407,70.56559288875977,70.56538939203926,70.56940056175796,70.57732726728125,70.58887037797462,70.60373076320343,70.62160929233312,70.64220683472911,70.66522425975683,70.6903624367817,70.71732223516912,70.74580452428452,70.77551017349333,70.80614005216097,70.83739502965287,70.86897597533442,70.90058375857106,70.9319192487282,70.96268331517129,70.99257682726574,71.02130065437692,71.04855566587031,71.07404273111132,71.0974680332688,71.11869988666206,71.13779460458935,71.15481902328281,71.16983997897464,71.18292430789697,71.1941388462819,71.20355043036162,71.21122589636826,71.21723208053399,71.22163581909095,71.22450394827129,71.22590330430714,71.22590072343064,71.22456304187398,71.2219570958693,71.2181497216487,71.21320775544439,71.20719803348848,71.20018739201313,71.1922426672505,71.18343069543269,71.17381831279192,71.16347235556029,71.15245965996994,71.14084709548297,71.1287131022215,71.11616462176232,71.10331290595286,71.0902692066405,71.07714477567256,71.0640508648965,71.05109872615964,71.03839961130939,71.02606477219314,71.01420546065822,71.00293292855207,70.99235842772205,70.98259321001555,70.97374852727992,70.96593563136258,70.95926577411089,70.95385020737223,70.94980018299401,70.94722695282354,70.94624176870829,70.94695588249559,70.94948054603282,70.9539270111674,70.96040652974665,70.969030353618,70.97986310093029,70.99270661613295,71.007270785027,71.02326539587776,71.04040023695043,71.05838509651036,71.07692976282277,71.09574402415299,71.11453766876625,71.13302048492781,71.150902260903,71.16789278495705,71.18370184535527,71.19803923036292,71.21061472824528,71.22113812726761,71.2293192156952,71.2348677817933,71.23749361382724,71.23690650006222,71.2328162287636,71.22493258819657,71.21296536662646,71.19662435231854,71.17561933353807,71.14969158669678,71.11903845407423,71.08420079714509,71.04572788797432,71.004168998627,70.96007340116805,70.91399036766256,70.86646917017555,70.81805908077197,70.76930937151687,70.72076931447523,70.67298818171213,70.62651524529252,70.58189977728142,70.53969104974388,70.50043833474487,70.46469090434942,70.43299803062254,70.40590898562925,70.38397304143456,70.36773947010346,70.35775754370098,70.35457653429216,70.35874571394197,70.37081435471544,70.39132312826263,70.42028377720095,70.45688069690809,70.50022622839296,70.54943271266447,70.6036124907315,70.66187790360297,70.72334129228776,70.78711499779476,70.8523113611329,70.91804272331106,70.98342142533815,71.04755980822304,71.10957021297466,71.1685649806019,71.22365645211369,71.27395696851886,71.31857887082637,71.35663450004506,71.38723619718388,71.40949630325173,71.42252715925747,71.42544110621,71.41735048511828,71.39736763699113,71.36462304060203,71.32587821284622,71.28713338509044
70.21062437036753,70.29945896608152,70.37710523791914,70.44418032095423,70.5013013502606,70.54908546091205,70.58814978798243,70.61911146654553,70.64258763167517,70.65919541844518,70.66955196192936,70.67427439720153,70.67397985933552,70.66928548340513,70.66080840448419,70.64916575764649,70.63497467796589,70.61885230051615,70.60141576037115,70.58328219260466,70.56506873229051,70.54739251450253,70.53087067431451,70.51612034680029,70.50375866703368,70.4944027700885,70.4886587431536,70.48676768403317,70.48853082103761,70.49372319489814,70.50211984634595,70.51349581611227,70.5276261449283,70.54428587352527,70.56325004263438,70.58429369298682,70.60719186531384,70.63171960034663,70.6576519388164,70.68476392145438,70.71283058899176,70.74162698215977,70.77092814168961,70.80050910831251,70.83014492275966,70.85961062576227,70.88868125805158,70.91713186035877,70.94473747341507,70.9712731379517,70.99651389469985,71.02023478439074,71.04224099083666,71.06252371973454,71.08114506884235,71.09816727546935,71.11365257692482,71.12766321051804,71.14026141355828,71.15150942335482,71.16146947721694,71.17020381245389,71.17777466637497,71.18424427628945,71.1896748795066,71.19412871333569,71.19766801508601,71.20035502206682,71.20225197158739,71.20342110095702,71.20392464748495,71.2038248484805,71.2031839412529,71.20206416311146,71.20052775136543,71.19863694332409,71.19645397629671,71.19404103772706,71.19145597052537,71.18874896324436,71.18596942528802,71.18316676606032,71.18039039496523,71.17768972140674,71.1751141547888,71.17271310451541,71.17053597999052,71.16863219061811,71.16705114580218,71.16584225494667,71.16505492745557,71.16473857273286,71.1649426001825,71.16571641920847,71.16710943921474,71.1691710696053,71.1719507197841,71.17549779915515,71.17986171712239,71.18509188308981,71.19123770646138,71.19834859664107,71.20647396303286,71.21565529302973,71.22585624818853,71.23699631693283,71.24899448067741,71.26176972083712,71.27524101882679,71.28932735606121,71.30394771395522,71.31902107392366,71.33446641738134,71.35020272574306,71.36614898042367,71.382224162838,71.39834725440086,71.41443723652706,71.43041309063143,71.44619379812882,71.46169834043401,71.47684569896185,71.49155485512718,71.50574479034478,71.51933448602949,71.53224292359614,71.54438908445955,71.55569195003456,71.56607051596133,71.57545100436968,71.58377859981199,71.59100155952125,71.5970681407304,71.60192660067246,71.60552519658039,71.6078121856872,71.60873582522584,71.60824437242933,71.60628608453061,71.6028092187627,71.59776203235857,71.59109278255121,71.5827497265736,71.5726811216587,71.56083522503953,71.54716029394903,71.53160458562023,71.51411635728608,71.49464386617959,71.47313536953372,71.44953912458146,71.4238033885558,71.39587641868972,71.3657064722162,71.3332332263346,71.29825224049226,71.260439489918,71.21946733013903,71.1750081166825,71.1267342050756,71.0743179508455,71.01743170951939,70.95574783662441,70.88893868768777,70.81667661823663,70.73863398379817,70.65448313989955,70.56389644206799,70.46654624583057,70.36210490671459,70.25024478024716,70.13063822195545,70.00295758736667,69.86687523200796,69.72206351140652,69.5681947810895,69.40494139658409,69.23197571341748,69.04897008711684,68.85559687320932
70.27845565654114,70.45408725441479,70.6092114279343,70.74486002497439,70.8620648934098,70.96185788111522,71.0452708359654,71.11333560583505,71.1670840385989,71.20754798213166,71.23575928430807,71.25274979300285,71.25955135609071,71.25719582144639,71.24671503694458,71.22914085046004,71.20550510986747,71.17683966304162,71.14417635785718,71.10854704218889,71.07098356391147,71.03251777089963,70.99418151102812,70.95700663217164,70.92202498220492,70.89026840900267,70.86275906324906,70.84001965885616,70.82184277263956,70.80796304809314,70.79811512871089,70.79203365798669,70.7894532794145,70.79010863648823,70.7937343727018,70.80006513154916,70.80883555652423,70.81978029112094,70.83263397883321,70.84713126315498,70.86300678758016,70.87999519560269,70.8978311307165,70.91624923641551,70.93498415619366,70.95377053354487,70.97234301196306,70.99043623494218,71.00778484597615,71.02412348855887,71.03918680618432,71.05270944234638,71.06444810599056,71.07437905287091,71.08260440113266,71.08922775938649,71.09435273624304,71.09808294031298,71.10052198020696,71.10177346453564,71.10194100190967,71.10112820093971,71.09943867023642,71.09697601841046,71.09384385407247,71.09014578583314,71.0859854223031,71.08146637209299,71.07669224381351,71.07176664607529,71.06679318748898,71.06187547666526,71.05711712221479,71.0526217327482,71.04849291687616,71.04483428320933,71.04174944035834,71.03934199016304,71.03768691389858,71.0367651660328,71.03653842077054,71.03696835231666,71.03801663487602,71.03964494265345,71.04181494985384,71.04448833068204,71.04762675934289,71.05119191004125,71.05514545698198,71.05944907436992,71.06406443640995,71.06895321730691,71.07407709126566,71.07939773249106,71.08487681518795,71.0904760135612,71.09615700181566,71.10188145415617,71.10761104478762,71.11330744791482,71.11893233774268,71.124447388476,71.12981427431967,71.13499533002658,71.13997562265396,71.1447681495439,71.14938762202151,71.15384875141187,71.15816624904011,71.16235482623131,71.16642919431057,71.17040406460299,71.17429414843369,71.17811415712777,71.1818788020103,71.1856027944064,71.18930084564118,71.19298766703973,71.19667796992715,71.20038646562855,71.20412786546902,71.20791688077367,71.21176822286759,71.21569660307588,71.21971673272365,71.22384332313601,71.22809108563804,71.23247473155486,71.23700897221154,71.24168868111917,71.24635052977617,71.25075548031647,71.2546640218647,71.25783664354543,71.26003383448325,71.26101608380276,71.26054388062852,71.25837771408513,71.25427807329719,71.24800544738926,71.23932032548596,71.22798319671186,71.21375455019155,71.19639487504963,71.17566466041067,71.15132439539926,71.12313456913999,71.09085567075746,71.05424818937624,71.01307261412093,70.96708943411612,70.91605913848639,70.85974221635632,70.7978991568505,70.73029107805027,70.65707481641431,70.57947917524842,70.4989127104487,70.41678397791127,70.33450153353219,70.25347393320759,70.17510973283356,70.1008174883062,70.03200575552161,69.9700830903759,69.91645804876514,69.87253918658546,69.83973505973293,69.81945422410367,69.81310523559378,69.82209665009935,69.84783702351649,69.8917349117413,69.95519887066985,70.03963745619828,70.14645922422265,70.27707273063909,70.43288653134368,70.61530918223254,70.82574923920174
70.11309629736195,70.12883171772835,70.1444331940883,70.15990665167082,70.17525801570494,70.19049321141964,70.20561816404395,70.22063879880687,70.23556104093741,70.25039081566459,70.26513404821742,70.27979666382488,70.29438458771602,70.30890374511984,70.32336006126532,70.3377594613815,70.35210787069737,70.36641121444195,70.38067541784427,70.3949064061333,70.40911010453809,70.42329243828762,70.4374593326109,70.45161671273695,70.46577050389479,70.4799266313134,70.4940909369376,70.50826497330439,70.52244402217563,70.53662286775337,70.55079629423969,70.56495908583668,70.57910602674639,70.59323190117091,70.60733149331232,70.62139958737268,70.63543096755407,70.64942041805857,70.66336272308823,70.67725266684515,70.69108503353141,70.70485460734906,70.71855617250019,70.73218451318687,70.74573441361117,70.75920065797517,70.77257803048094,70.78586131533056,70.7990452967261,70.81212475886966,70.82509448596326,70.83794926220902,70.85068311976667,70.86328260812589,70.87572998709092,70.88800746566747,70.90009725286124,70.91198155767792,70.92364258912319,70.93506255620277,70.94622366792233,70.95710813328756,70.9676981613042,70.9779759609779,70.98792374131436,70.9975237113193,71.0067580799984,71.01560905635735,71.02405884940185,71.0320896681376,71.03968372157028,71.0468232187056,71.05349036854925,71.05966738010692,71.06533646238431,71.0704798243871,71.07507967512102,71.0791182256272,71.08258629091205,71.0855029524887,71.08789308793733,71.08978157483817,71.09119329077141,71.09215311331725,71.09268592005591,71.09281658856757,71.09256999643246,71.09197102123076,71.09104454054267,71.08981543194841,71.08830857302817,71.08654884136217,71.0845611145306,71.08237027011366,71.08000118569154,71.07747873884448,71.07482780715266,71.07207326819628,71.06923999955555,71.06635287881066,71.06343678354185,71.06051659132928,71.05761717975317,71.05476307711083,71.05196679137059,71.04922606159707,71.04653772053938,71.04389860094665,71.04130553556801,71.0387553571526,71.03624489844951,71.03377099220789,71.03133047117687,71.02892016810557,71.02653691574311,71.02417754683862,71.02183889414121,71.01951779040004,71.0172110683642,71.01491556078285,71.0126281004051,71.01034551998005,71.00806465225686,71.00578232998465,71.00349538591254,71.00120065278965,70.99889496336512,70.99657515038807,70.99423804660762,70.99188011000908,70.98949480992239,70.98707418542264,70.98461026664907,70.98209508374094,70.97952066683754,70.97687904607814,70.97416225160197,70.97136231354831,70.96847126205644,70.96548112726562,70.9623839393151,70.95917172834417,70.95583652449207,70.95237035789809,70.94876525870147,70.9450132570415,70.94110638305742,70.9370366668885,70.93279613867404,70.92837682855327,70.92377076666546,70.91896998314988,70.9139665081458,70.90875237179247,70.90331943040987,70.8975501790603,70.89103086262114,70.88329804930454,70.8738883073227,70.86233820488779,70.84818431021199,70.83096319150748,70.81021141698643,70.78546555486103,70.75626217334346,70.7221378406459,70.68262912498051,70.63727259455949,70.585604817595,70.52716236229924,70.46148179688437,70.38809968956258,70.30655260854606,70.21637712204696,70.1171097982775,70.00828720544982,69.88944591177612,69.76012248546856,69.61985349473935,69.46817550780064
69.99845448267246,70.05991931132206,70.11363045946122,70.16007515994171,70.19974064561534,70.23311414933383,70.260682903949,70.28293414231263,70.30035509727648,70.31343300169233,70.32265508841195,70.32850859028714,70.33148074016965,70.33205877091127,70.33072991536378,70.32798140637895,70.32430047680857,70.3201743595044,70.31609028731823,70.31253549310183,70.30999720970698,70.30896266998545,70.30991910678902,70.31335375296949,70.3197538413786,70.32960660486815,70.34339310375901,70.36127649300722,70.38295517504554,70.40809067613979,70.43634452255586,70.46737824055957,70.50085335641681,70.53643139639343,70.57377388675529,70.61254235376823,70.65239832369812,70.6930033228108,70.73401887737215,70.77510651364801,70.81592775790425,70.85614413640671,70.89541717542126,70.93340840121375,70.96977934005004,71.004191518196,71.03630646191745,71.0657856974803,71.09229075115034,71.1154831491935,71.13502441787557,71.15057608346245,71.1618346789075,71.16884504666952,71.17185170902741,71.17110155287325,71.16684146509908,71.15931833259697,71.14877904225894,71.13547048097706,71.1196395356434,71.10153309314998,71.08139804038888,71.05948126425213,71.0360296516318,71.01129008941992,70.98550946450855,70.95893466378978,70.93181257415561,70.90439008249811,70.87691407570935,70.84963144068136,70.8227890643062,70.79663383347594,70.7714126350826,70.74737235601826,70.72475988317495,70.70382209119902,70.68475409184144,70.66758094081625,70.65229282372754,70.63887992617941,70.62733243377596,70.6176405321213,70.6097944068195,70.60378424347466,70.59960022769091,70.59723254507232,70.59667138122298,70.597906921747,70.60092935224849,70.60572885833152,70.61229562560021,70.62061983965864,70.63069168611094,70.64250135056116,70.65603901861344,70.67129487587185,70.6882591079405,70.70692190042347,70.72727343892488,70.74930390904882,70.7730034963994,70.79835950343616,70.82526001119221,70.85347119125124,70.88275173404428,70.91286033000235,70.94355566955647,70.97459644313768,71.005741341177,71.03674905410546,71.06737827235408,71.09738768635388,71.12653598653591,71.15458186333117,71.1812840071707,71.20640110848554,71.2296918577067,71.2509149452652,71.26982906159208,71.28619289711835,71.29976514227506,71.31030448749323,71.31756962320387,71.32131923983802,71.32131202782669,71.31730667760094,71.30906187959178,71.29638369506057,71.27945595676532,71.2586432842912,71.23431142672523,71.2068261331544,71.17655315266572,71.14385823434617,71.10910712728277,71.07266558056251,71.03489934327241,70.99617416449946,70.95685579333065,70.917309978853,70.87790247015349,70.83899901631914,70.80096536643693,70.76416726959387,70.72897047487697,70.69574073137323,70.66484378816966,70.63664539435324,70.61151129901098,70.58980725122987,70.57189900009693,70.55815229469916,70.54893222774415,70.544190920138,70.54276178790674,70.54329065722631,70.54442335427277,70.5448057052221,70.54308353625034,70.53790267353348,70.52790894324755,70.51174817156856,70.4880661846725,70.45550880873543,70.41272186993332,70.3583511944422,70.29104260843806,70.20944193809694,70.11219500959487,69.99794764910783,69.86534568281185,69.71303493688292,69.53966123749709,69.34387041083033,69.12430828305867,68.87962068035814,68.60845342890474,68.30945235487448
70.14481612306524,70.22875597170473,70.30440867509081,70.3721972062836,70.43254453834321,70.48587364432973,70.53260749730326,70.57316907032393,70.60798133645183,70.63746726874706,70.66204984026973,70.68215202407995,70.69819679323784,70.71060712080349,70.71980597983699,70.72621634339846,70.73026118454801,70.73236347634575,70.73294619185178,70.7324323041262,70.73124478622913,70.72980661122065,70.7285407521609,70.72787018210995,70.72821787412794,70.73000680127494,70.73365563699078,70.73936161032144,70.74699821610719,70.75641326223446,70.76745455658973,70.77996990705944,70.79380712153004,70.80881400788797,70.82483837401973,70.84172802781173,70.85933077715043,70.8774944299223,70.89606679401376,70.91489567731129,70.93382888770134,70.95271423307035,70.97139952130479,70.98973256029109,71.00756115791573,71.02473312206514,71.04109626062578,71.0564983814841,71.07078729252657,71.08381080163963,71.09541671670972,71.10545284562332,71.1137811366731,71.12040423235196,71.12540543270642,71.12886899293159,71.13087916822262,71.13152021377462,71.13087638478275,71.12903193644213,71.12607112394791,71.1220782024952,71.11713742727916,71.1113330534949,71.10474933633758,71.0974705310023,71.08958089268422,71.08116467657848,71.07230613788019,71.0630895317845,71.05359911348654,71.04391913818145,71.03413386106435,71.0243275373304,71.01458442217469,71.00498877079241,70.99562483837865,70.98657687723278,70.97791689910635,70.96967670202186,70.96187983814845,70.95454985965519,70.94771031871122,70.94138476748562,70.93559675814751,70.93036984286599,70.92572757381016,70.92169350314916,70.91829118305205,70.91554416568796,70.91347600322601,70.91211024783527,70.91147045168488,70.91158016694393,70.91246294578153,70.91414234036678,70.9166419028688,70.91998518545668,70.92419574029954,70.92929711956648,70.93531287542662,70.94226656004903,70.95018172560286,70.95907979456541,70.96890889754313,70.97952711431434,70.99078699855582,71.00254110394438,71.01464198415678,71.02694219286984,71.03929428376034,71.05155081050508,71.06356432678085,71.07518738626443,71.08627254263263,71.09667234956223,71.10623936073002,71.1148261298128,71.12228521048736,71.12846915643051,71.133230521319,71.13642185882968,71.13789572263929,71.13750466642465,71.13510124386254,71.13053800862974,71.12366751440308,71.11434231485933,71.10241496367529,71.08775530573364,71.07037107931458,71.05033601314497,71.02772424824018,71.00260992561559,70.97506718628657,70.94517017126849,70.91299302157672,70.87860987822665,70.84209488223364,70.80352217461308,70.76296589638031,70.72050018855073,70.67619919213972,70.63013704816262,70.58238789763483,70.5330258815717,70.48212514098864,70.429759816901,70.37600405032416,70.32093198227348,70.26461775376434,70.20713550581212,70.1485593794322,70.08896351563993,70.02842221016934,69.96710710252147,69.90545352803991,69.84394103986375,69.78304919113201,69.72325753498376,69.66504562455806,69.60889301299397,69.55527925343057,69.50468389900688,69.45758650286197,69.41446661813491,69.37580379796476,69.34207759549057,69.31376756385137,69.29135325618627,69.2753142256343,69.26613002533453,69.26428020842602,69.27024432804781,69.28450193733896,69.30753258943855,69.33981583748562,69.38183123461923,69.43405833397844,69.49697668870232
69.05235808888018,69.1874028793928,69.30921978982906,69.41847780578011,69.51584591283714,69.60199309659129,69.67758834263375,69.74330063655569,69.79979896394826,69.84775231040263,69.88782966150998,69.92070000286147,69.94703232004827,69.96749559866153,69.98275882429243,69.99349098253214,70.00036105897182,70.00403803920265,70.00519090881579,70.00448865340239,70.00260025855366,70.00019470986072,69.99794099291476,69.99650809330694,69.99656499662844,69.99878068847042,70.00381283476946,70.01194513361487,70.02301059314536,70.03681538972587,70.05316569972138,70.0718676994968,70.09272756541709,70.11555147384719,70.14014560115206,70.16631612369662,70.19386921784582,70.22261105996459,70.25234782641792,70.2828856935707,70.31403083778791,70.34558943543449,70.37736766287537,70.40917169647551,70.44080771259983,70.47208188761331,70.50280039788086,70.53276941976745,70.561795129638,70.58968370385747,70.61624131879081,70.64127415080294,70.66461215256314,70.68623200735928,70.70616631682459,70.72444779266776,70.74110914659748,70.75618309032244,70.76970233555132,70.78169959399283,70.79220757735564,70.80125899734846,70.80888656567996,70.81512299405884,70.8200009941938,70.82355327779352,70.8258125565667,70.82681154222203,70.82658294646818,70.82515948101387,70.82257385756776,70.81885878783856,70.81404698353498,70.80817115636566,70.80126401803933,70.79335828026467,70.78448665475038,70.77468223552067,70.76401142584169,70.75259931441579,70.74057696362571,70.72807543585421,70.71522579348404,70.70215909889791,70.68900641447861,70.67589880260888,70.66296732567146,70.6503430460491,70.63815702612453,70.62654032828054,70.61562401489984,70.6055391483652,70.59641679105934,70.58838800536503,70.58158385366502,70.57613539834206,70.57217370177888,70.56982982635824,70.56923483446288,70.57051978847556,70.57381575077902,70.579253783756,70.58696494978926,70.5970535582147,70.60936109643575,70.62357987686661,70.63940049972642,70.65651356523435,70.67460967360957,70.69337942507121,70.71251341983844,70.73170225813044,70.75063654016635,70.76900686616534,70.78650383634657,70.80281805092919,70.81764011013236,70.83066061417524,70.84157016327701,70.85005935765682,70.8558187975338,70.85853908312716,70.85791081465601,70.85362459233954,70.8453710163969,70.83284068704725,70.81572420450976,70.79371216900358,70.76649570781005,70.73403369579222,70.69698758168416,70.65613265964835,70.61224422384733,70.56609756844358,70.51846798759962,70.47013077547795,70.42186122624109,70.37443463405152,70.32862629307178,70.28521149746436,70.24496554139176,70.2086637190165,70.17708132450109,70.15099365200801,70.13117599569979,70.11840364973894,70.11345190828796,70.11709606550934,70.13011141556561,70.15327325261927,70.18735687083283,70.2331375643688,70.29139062738967,70.36289135405795,70.44829418465947,70.54622359202004,70.65361964805912,70.76737143946694,70.88436805293375,71.00149857514977,71.11565209280525,71.22371769259041,71.32258446119549,71.40914148531074,71.48027785162638,71.53288264683265,71.56384495761978,71.57005387067802,71.54839847269758,71.49576785036872,71.40905109038167,71.28513727942665,71.12091550419392,70.91327485137369,70.65910440765622,70.35529325973174,69.99873049429047,69.58630519802266,69.11490645761855,68.58142335976835
