0,1,2,3,4,5,6,7,8,9,10,11,12,13,14,15,16,17,18,19,20,21,22,23,24,25,26,27,28,29,30,31,32,33,34,35,36,37,38,39,40,41,42,43,44,45,46,47,48,49,50,51,52,53,54,55,56,57,58,59,60,61,62,63,64,65,66,67,68,69,70,71,72,73,74,75,76,77,78,79,80,81,82,83,84,85,86,87,88,89,90,91,92,93,94,95,96,97,98,99,100,101,102,103,104,105,106,107,108,109,110,111,112,113,114,115,116,117,118,119,120,121,122,123,124,125,126,127,128,129,130,131,132,133,134,135,136,137,138,139,140,141,142,143,144,145,146,147,148,149,150,151,152,153,154,155,156,157,158,159,160,161,162,163,164,165,166,167,168,169,170,171,172,173,174,175,176,177,178,179
71.01428016383136,70.9702246072065,70.91362317613111,70.84590183870384,70.7684865630233,70.68280331718817,70.59027806929706,70.49233678744864,70.3904054397415,70.28590999427433,70.18027641914576,70.0749306824544,69.97129875229892,69.87080659677795,69.77488018399013,69.68494548203411,69.60242845900852,69.52875508301199,69.46535132214318,69.41364314450071,69.37505599953282,69.35049876086623,69.33939436866531,69.34090021407773,69.35417368825121,69.37837218233342,69.41265308747208,69.45617379481486,69.50809169550945,69.56756418070354,69.63374864154486,69.70580246918105,69.78288305475984,69.8641477894289,69.94875406433594,70.03585927062865,70.12462079945472,70.21419604196183,70.30374238929768,70.39241723260999,70.47937983420456,70.56409328569431,70.64665780804718,70.72725384813745,70.80606185283942,70.88326226902737,70.9590355435756,71.03356212335835,71.10702245524995,71.17959698612466,71.25146616285677,71.32281043232058,71.39381024139036,71.4646460369404,71.53549826584495,71.60654737497835,71.67797381121486,71.74995802142875,71.82268045249434,71.89632155128588,71.97106007867575,72.04697363542192,72.12398302410496,72.20199555929017,72.2809185555429,72.36065932742844,72.44112518951212,72.52222345635928,72.60386144253522,72.68594646260526,72.76838583113474,72.85108686268894,72.93395687183322,73.01690317313289,73.09983308115325,73.18265391045963,73.26527297561736,73.34759759119176,73.42953507174813,73.51099273185183,73.59188109178103,73.67220789507543,73.75209328558316,73.83166366831033,73.91104544826307,73.99036503044752,74.0697488198698,74.14932322153605,74.22921464045238,74.30954948162493,74.39045415005982,74.47205505076319,74.55447858874116,74.63785116899986,74.72229919654539,74.80794907638393,74.8949272135216,74.98336001296448,75.07337387971874,75.16509521879051,75.25864031399239,75.35394375347127,75.45078296348136,75.54893018822578,75.64815767190764,75.74823765873005,75.84894239289613,75.95004411860904,76.05131508007184,76.15252752148768,76.2534536870597,76.35386582099099,76.45353616748469,76.55223697074388,76.64974047497174,76.74581892437132,76.8402445631458,76.93278963549824,77.02322638563183,77.11132705774963,77.196877981347,77.27982922744104,77.3602365067403,77.43815729061495,77.51364905043508,77.58676925757081,77.65757538339224,77.72612489926948,77.7924752765727,77.85668398667195,77.91880850093736,77.97890629073905,78.03703482744717,78.09325158243178,78.14761402706301,78.20017963271098,78.25100587074584,78.30015021253763,78.34767012945653,78.39362309287262,78.43807040177606,78.48110375293214,78.52282933896166,78.56335344175923,78.60278234321953,78.64122232523721,78.67877966970696,78.7155606585234,78.7516715735812,78.78721869677506,78.82230830999961,78.8570466951495,78.89154013411942,78.92589490880403,78.96021730109797,78.99461359289592,79.0291900660925,79.06405300258243,79.09930868426034,79.13506339302089,79.17175471561663,79.21167412242855,79.25775757531903,79.31294168323024,79.3801630551043,79.46235829988339,79.56246402650964,79.68341684392522,79.82815336107225,79.99961018689291,80.20072393032936,80.43443120032376,80.7036686058182,81.0113727557549,81.36048025907601,81.75392772472364,82.19465176163996,82.68558897876713,83.2296759850473,83.82984938942263
70.9061458467371,70.63620890564583,70.38778398719667,70.16022860788834,69.95290028421958,69.76515653268909,69.59635486979563,69.4458528120379,69.31300787591464,69.19717757792456,69.09771943456641,69.0139909623389,68.94534967774075,68.8911530972707,68.85075873742747,68.82352411470978,68.80880674561637,68.80596414664596,68.81435383429726,68.83333332506902,68.8622601282831,68.90048460510172,68.94733655496297,69.00214210274896,69.06422737334182,69.13291849162368,69.20754158247665,69.28742277078285,69.37188818142441,69.46026393928345,69.55187616924209,69.64605099618247,69.74211454498668,69.83939294053687,69.93721230771514,70.03489877140363,70.13177845648447,70.22717748783975,70.32042199035163,70.4108380889022,70.49775375538567,70.58079687028165,70.66022422168062,70.7363717883158,70.80957554892034,70.8801714822274,70.94849556697018,71.01488378188182,71.07967210569552,71.14319651714443,71.20579299496174,71.26779751788061,71.3295460646342,71.39137461395569,71.45361914457827,71.51661563523508,71.58070006465931,71.64620841158414,71.71347665474272,71.78284077286823,71.8546336729836,71.92900395949765,72.00581456776735,72.08490385946773,72.16611019627386,72.24927193986082,72.33422745190366,72.42081509407744,72.50887322805721,72.59824021551806,72.68875441813503,72.78025419758319,72.87257791553762,72.96556393367334,73.05905061366545,73.15287631718898,73.24687940591903,73.34089824153064,73.43477118569886,73.52833660009878,73.62143564111308,73.7139942233671,73.80603625092277,73.8975910862554,73.98868809184027,74.07935663015269,74.16962606366795,74.25952575486136,74.34908506620818,74.43833336018373,74.52729999926332,74.61601434592222,74.70450576263575,74.7928036118792,74.88093725612784,74.968936057857,75.05682937954195,75.14464658365802,75.23241703268047,75.32017008908461,75.40793471756776,75.4957327419167,75.58357980922159,75.67149136291026,75.75948284641052,75.84756970315019,75.9357673765571,76.02409131005905,76.11255694708389,76.20117973105941,76.28997510541345,76.37895851357382,76.46814539896835,76.55755120502485,76.64719137517116,76.73708135283505,76.82723658144442,76.91767250442703,77.0084045652107,77.09944820722328,77.1908100764013,77.28239454784537,77.37404001547155,77.46558377350954,77.55686311618896,77.64771533773953,77.73797773239092,77.8274875943728,77.91608221791482,78.0035988972467,78.08987492659809,78.17474760019866,78.25805421227808,78.33963205706604,78.41931842879222,78.49695062168628,78.5723659299779,78.64540164789675,78.71589506967251,78.78368348953485,78.84859541304543,78.91038954888056,78.96879132151896,79.0235259504559,79.07431865518663,79.1208946552064,79.16297917001044,79.20029741909401,79.23257462195237,79.25953599808074,79.28090676697437,79.29641214812851,79.30577736103842,79.30872762519935,79.30498816010653,79.29428418525522,79.27634092014065,79.25088358425809,79.21763739710276,79.17632757816995,79.12711167554662,79.07256641977173,79.01610955559792,78.96115967216957,78.91113535863107,78.86945520412681,78.83953779780117,78.82480172879858,78.82866558626338,78.85454795934,78.90586743717282,78.98604260890623,79.09849206368463,79.24663439065242,79.43388817895396,79.66367201773367,79.93940449613594,80.26450420330514,80.64238972838568,81.07647966052195
70.5648857653319,70.3522297422394,70.16192432717416,69.99291213155512,69.84413576680122,69.7145378443314,69.60306097556463,69.50864777191983,69.43024084481594,69.36678280567193,69.31721626590671,69.28048383693925,69.2555281301885,69.24129175707337,69.23671732901285,69.24074745742584,69.2523247537313,69.27039182934818,69.29389129569545,69.321765764192,69.35295806769197,69.38663158847474,69.4225841205701,69.4607268328128,69.50097089403758,69.54322747307918,69.5874077387724,69.63342285995193,69.68118400545255,69.730602344109,69.78158904475603,69.8340552762284,69.88791220736083,69.94307100698809,69.99944284394495,70.05693888706611,70.11547030518635,70.17494826714042,70.23528394176306,70.29638849788903,70.35817334008709,70.42058815023827,70.48366287765904,70.54743757876214,70.61195230996033,70.67724712766638,70.74336208829303,70.81033724825303,70.87821266395915,70.94702839182415,71.01682448826078,71.0876410096818,71.15951801249996,71.23249555312803,71.30661368797875,71.38191247346488,71.45843196599918,71.53621222199442,71.61529329786335,71.6957152500187,71.77751698690204,71.86066853868243,71.94503317420654,72.0304649785514,72.116818036794,72.20394643401137,72.29170425528052,72.37994558567848,72.46852451028226,72.55729511416888,72.64611148241534,72.73482770009866,72.82329785229587,72.91137602408398,72.99891630053999,73.08577276674093,73.17179950776381,73.25685060868565,73.34078015458347,73.42344223053429,73.50469622227932,73.58456227476694,73.66324638748473,73.74096491278014,73.81793420300059,73.89437061049351,73.97049048760634,74.04651018668648,74.12264606008138,74.19911446013846,74.27613173920514,74.35391424962884,74.43267834375702,74.51264037393709,74.59401669251646,74.67702365184259,74.76187760426288,74.84879490212477,74.93799189777567,75.02968494356304,75.12407275532287,75.22103743823872,75.32018723774522,75.42112136938312,75.52343904869322,75.62673949121631,75.7306219124932,75.83468552806465,75.93852955347147,76.04175320425443,76.14395569595433,76.24473624411196,76.3436940642681,76.44042837196355,76.53453838273909,76.6256233121355,76.7132823756936,76.79711478895415,76.87671976745794,76.95169652674576,77.02168936114434,77.08686660586675,77.14773468702046,77.20480566556124,77.25859160244482,77.30960455862696,77.35835659506336,77.40535977270979,77.451126152522,77.49616779545569,77.54099676246663,77.58612511451057,77.63206491254321,77.67932821752034,77.72842709039766,77.77987359213093,77.83417978367589,77.89185772598827,77.95341948002383,78.01937710673829,78.09009728149422,78.16479207220273,78.2421229465256,78.32074798120689,78.39932525299074,78.47651283862122,78.55096881484245,78.62135125839853,78.6863182460336,78.74452785449171,78.79463816051698,78.83530724085354,78.86519317224547,78.8829540314369,78.8872478951719,78.87673284019459,78.85006694324908,78.80590828107947,78.74291493042986,78.65974496804436,78.55593847609741,78.43597097730616,78.30603377057643,78.17231987748096,78.04102231959241,77.9183341184835,77.81044829572689,77.7235578728953,77.66385587156142,77.63753531329796,77.65078921967759,77.70981061227303,77.82079251265696,77.98992794240208,78.22340992308106,78.52743147626666,78.90818562353152,79.37186538644833,79.92466378658985,80.57277384552872
71.13285494376929,70.97362544179622,70.82659974103126,70.69137280775057,70.56753960823033,70.4546951087467,70.35243427557586,70.26035207499397,70.17804347327723,70.10510343670177,70.04112693154379,69.98570892407943,69.9384443805849,69.89892826733634,69.86675555060994,69.84152119668185,69.82282017182827,69.81024744232535,69.80339797444927,69.80186673447619,69.80524874039433,69.81319051537999,69.82548673759328,69.8419585617569,69.8624271425935,69.8867136348258,69.91463919317644,69.94602497236812,69.98069212712352,70.01846181216533,70.05915518221619,70.10259339199882,70.14859759623589,70.19698894965006,70.24758860696403,70.30021772290047,70.35469745218207,70.41084894953148,70.46849336967142,70.52745186732454,70.58754585037734,70.64863783418791,70.71067653638745,70.77362152900494,70.83743238406942,70.90206867360986,70.9674899696553,71.03365584423473,71.10052586937714,71.16805961711157,71.23621665946699,71.30495656847243,71.3742389161569,71.44402327454938,71.51426921567891,71.58493631157445,71.65598413426505,71.7273722557797,71.79906024814741,71.87100768339717,71.94317488953783,72.01556755336854,72.08826166781338,72.16133927363515,72.23488241159666,72.3089731224607,72.38369344699007,72.45912542594756,72.53535110009598,72.61245251019812,72.6905116970168,72.76961070131479,72.8498315638549,72.93125632539994,73.01396702671269,73.09804570855594,73.18357441169253,73.27063517688522,73.35931004489682,73.44968105649014,73.54182620526176,73.63570074184575,73.73111801311114,73.82788346130549,73.92580252867634,74.02468065747122,74.12432328993769,74.2245358683233,74.32512383487557,74.42589263184207,74.52664770147034,74.62719448600791,74.72733842770234,74.82688496880117,74.92563955155194,75.0234076182022,75.1199946109995,75.21520597219137,75.30884714402538,75.40072356874904,75.4906513789331,75.57863861983002,75.66485933603064,75.74949304557126,75.83271926648816,75.91471751681762,75.99566731459595,76.07574817785944,76.1551396246444,76.23402117298711,76.31257234092386,76.39097264649098,76.4694016077247,76.54803874266139,76.62706356933728,76.70665560578868,76.78699437005193,76.86825938016325,76.950630154159,77.03428621007544,77.11938283039868,77.20579355934393,77.29321017449999,77.3813214240119,77.46981605602465,77.55838281868333,77.64671046013294,77.7344877285185,77.82140337198507,77.90714613867766,77.99140477674129,78.07386803432104,78.15422465956189,78.2321634006089,78.3073730056071,78.3795422227015,78.44835980003714,78.51351448575906,78.57469502801229,78.63159017494186,78.68393392269533,78.73181961307321,78.77551194984474,78.81527669212628,78.85137959903409,78.88408642968446,78.91366294319371,78.94037489867813,78.96448805525401,78.98626817203768,79.0059810081454,79.02389232269346,79.04026787479819,79.05537342357587,79.06947472814284,79.08283754761533,79.09572764110965,79.10841076774216,79.12115268662907,79.13421915688673,79.14783807429507,79.16202546264412,79.1767236897025,79.19187504928689,79.207421835214,79.22330634130051,79.2394708613632,79.25585768921871,79.27240911868378,79.2890674435751,79.30577495770942,79.32247395490342,79.3391067289738,79.35561557373731,79.37194278301061,79.38803065061043,79.4038214703535,79.4192575360565,79.43428114153613,79.44883458060914
69.42996597932752,69.40337170437427,69.38019612224487,69.36044054841095,69.34410629834414,69.33119468751609,69.32170703139843,69.31564464546281,69.31300884518085,69.3138009460242,69.3180222634645,69.32567411297337,69.33675781002248,69.35127467008344,69.36922600862789,69.39061314112747,69.41543738305383,69.4437000498786,69.47540245707341,69.5105459201099,69.54913170896519,69.5911157810638,69.63632375199988,69.68455794416782,69.73562067996204,69.78931428177694,69.84544107200693,69.90380337304644,69.96420350728987,70.0264437971316,70.09032656496608,70.15565413318771,70.22222882419089,70.28985296037003,70.35832886411954,70.42745885783386,70.49704526390735,70.56689040473445,70.63679660270957,70.70656618022711,70.77600189466249,70.8449771334307,70.91351339497665,70.98165082755555,71.04942957942262,71.11688979883306,71.18407163404207,71.25101523330487,71.31776074487667,71.38434831701268,71.4508180979681,71.51721023599814,71.58356487935801,71.64992217630292,71.71632227508809,71.78280532396872,71.84941147120001,71.91618086503718,71.98315365373544,72.05036998554999,72.11787014635685,72.18570267927976,72.25392892617646,72.32261132987107,72.39181233318769,72.46159437895044,72.53201990998343,72.60315136911078,72.6750511991566,72.747781842945,72.82140574330009,72.89598534304598,72.97158308500678,73.04826141200662,73.12608276686962,73.20510959241984,73.28540433148143,73.36702942687852,73.45004732143518,73.53452045797555,73.6205075173829,73.70795308792918,73.7966698548364,73.88646315578588,73.97713832845898,74.06850071053702,74.16035563970135,74.25250845363334,74.3447644900143,74.43692908652558,74.52880758084852,74.62020531066447,74.71092761365477,74.80077982750078,74.8895672898838,74.9770953384852,75.06316931098634,75.14759454506851,75.2301763784131,75.31072014870144,75.38904985020802,75.4653244003678,75.53999241619438,75.613512066877,75.68634152160499,75.75893894956756,75.83176251995405,75.90527040195371,75.97992076475583,76.05617177754966,76.13448160952449,76.21530842986962,76.29911040777431,76.38634571242784,76.47747251301948,76.57294897873852,76.67323327877423,76.7787835823159,76.8900580585528,77.00751487667421,77.13154671305128,77.26178489004465,77.39736953387904,77.537432584177,77.68110598056103,77.8275216626536,77.97581157007727,78.12510764245448,78.27454181940777,78.42324604055966,78.5703522455326,78.71499237394917,78.8562983654318,78.99340215960305,79.12543569608536,79.2515309145013,79.37081975447336,79.48243415562402,79.58550605757577,79.67916739995118,79.7626343761045,79.83579229649052,79.89884555493899,79.95200051038123,79.99546352174866,80.0294409479726,80.05413914798444,80.06976448071552,80.07652330509723,80.0746219800609,80.06426686453793,80.04566431745965,80.01902069775747,79.98454236436271,79.94243567620674,79.89290699222093,79.83616267133664,79.77240907248523,79.70185255459808,79.62469947660651,79.5414135350112,79.45389841095329,79.3645583875641,79.27579825058743,79.19002278576704,79.10963677884678,79.03704501557041,78.97465228168173,78.9248633629245,78.89008304504253,78.87271611377963,78.87516735487955,78.89984155408612,78.9491434971431,79.02547796979431,79.13124975778351,79.2688636468545,79.44072442275109,79.64923687121703,79.89680577799615
70.80922566722028,70.60233935768545,70.41403811478276,70.24369432549253,70.09068037679509,69.9543686556708,69.83413154909998,69.72934144406295,69.63937072754007,69.56359178651165,69.50137700795804,69.45209877885955,69.41512948619655,69.38984151694935,69.37560725809828,69.3717990966237,69.37778941950592,69.39295061372528,69.41665506626211,69.44827516409674,69.48718330898922,69.53276662325564,69.5844545729805,69.64168419144188,69.70389251191777,69.7705165676862,69.8409933920252,69.91476001821277,69.99125347952699,70.06991080924583,70.15016904064733,70.23146520700952,70.31323634161043,70.39491947772808,70.47595164864049,70.55576988762569,70.6338112279617,70.70951270292655,70.78231134579825,70.85164418985485,70.91695022699513,70.97798648016561,71.03517688268545,71.08902934373934,71.14005177251201,71.18875207818812,71.23563816995244,71.28121795698962,71.3259993484844,71.37049025362145,71.41519858158554,71.46063224156133,71.50729914273353,71.55570719428687,71.60636430540602,71.65977838527571,71.71645734308065,71.77690908800554,71.84164152923509,71.911162575954,71.9859737828234,72.06619543308972,72.15135683930662,72.24093647783911,72.33441282505223,72.431264357311,72.53096955098044,72.63300688242558,72.73685482801145,72.84199186410305,72.94789646706542,73.05404711326358,73.15992227906256,73.2650004408274,73.36876007492309,73.47067965771467,73.57023766556718,73.66691257484563,73.76018286191504,73.84952700314044,73.93443784148563,74.01484393191816,74.09117755827538,74.16389906415793,74.23346879316642,74.30034708890147,74.3649942949637,74.42787075495372,74.48943681247215,74.55015281111963,74.61047909449675,74.67087600620417,74.73180388984247,74.79372308901227,74.85709394731424,74.92237680834893,74.99003201571702,75.06051991301908,75.13430084385575,75.21183515182767,75.29356094704966,75.37951720409959,75.46939765598802,75.56288465218071,75.65966054214348,75.75940767534217,75.86180840124254,75.96654506931043,76.07330002901159,76.18175562981187,76.29159422117701,76.40249815257289,76.51414977346525,76.62623143331993,76.73842548160272,76.8504142677794,76.96188014131582,77.0725054516777,77.18197254833095,77.28996378074129,77.3961686298704,77.50035948031905,77.60236220290685,77.70200355989036,77.79911031352617,77.89350922607085,77.98502705978098,78.07349057691312,78.15872653972386,78.24056171046976,78.31882285140742,78.39333672479339,78.46393009288423,78.53042971793656,78.59266236220691,78.65045478795187,78.70363375742807,78.75202603289199,78.79545837660027,78.83375755080948,78.86683419255894,78.89526504649237,78.91994450548327,78.94176891866832,78.9616346351842,78.98043800416755,78.99907537475511,79.01844309608347,79.03943751728934,79.06295498750939,79.08989185588027,79.12114447153868,79.15760918362128,79.20018234126476,79.24976029360576,79.30723938978096,79.37351597892703,79.44948641018064,79.53604703267848,79.63409419555722,79.7436235985617,79.85959117482057,79.97520081294243,80.08365464245512,80.17815479288637,80.25190339376402,80.29810257461583,80.30995446496959,80.28066119435309,80.20342489229412,80.07144768832046,79.87793171195992,79.61607909274028,79.2790919601893,78.86017244383478,78.35252267320453,77.74934477782631,77.04384088722799,76.22921313093724,75.29866363848188
70.748975874199,70.50907336189904,70.29442896434225,70.10389257519003,69.93631408810387,69.79054339674515,69.66543039477533,69.55982497585585,69.47257703364814,69.40253646181361,69.34855315401373,69.30947700390992,69.28415790516361,69.27144575143623,69.27019043638923,69.27924185368404,69.29744989698209,69.32366445994481,69.35673543623363,69.39551271951001,69.43884641376337,69.48579610967701,69.53602398767102,69.58929991610454,69.64539376333666,69.7040753977265,69.7651146876332,69.82828150141584,69.89334570743357,69.96007717404548,70.0282457696107,70.09762136248834,70.16797382103752,70.23907301361734,70.31068880858693,70.3825910743054,70.45454967913187,70.52633449142544,70.59771537954525,70.6684622118504,70.73834547605671,70.80723622792374,70.8752164141666,70.94239453641876,71.00887909631375,71.07477859548503,71.14020153556612,71.2052564181905,71.27005174499168,71.33469601760314,71.39929773765837,71.46396540679089,71.52880752663418,71.59393259882175,71.65944912498706,71.72546560676365,71.79209054578499,71.85943244368457,71.9275998020959,71.99670112265245,72.06684400589799,72.13808198699061,72.21038479974068,72.28371496924048,72.35803502058229,72.43330747885842,72.50949486916116,72.58655971658277,72.66446454621556,72.7431718831518,72.82264425248378,72.90284417930381,72.98373418870415,73.0652768057771,73.14743455561495,73.23016996330998,73.31344555395447,73.39722385264074,73.48146738446103,73.56613867450766,73.65120262267641,73.73669615220024,73.82273945285964,73.90945735272315,73.99697467985933,74.08541626233671,74.17490692822382,74.26557150558924,74.35753482250149,74.45092170702912,74.54585698724068,74.64246549120472,74.74087204698976,74.84120148266439,74.94357862629711,75.04812830595648,75.15497534971107,75.26424458562938,75.37606084178,75.49054894623144,75.60782086396004,75.72775764171041,75.85004058813105,75.97434442596723,76.10034387796422,76.22771366686727,76.35612851542169,76.4852631463727,76.61479228246563,76.74439064644571,76.87373296105821,77.00249394904843,77.13034833316159,77.25697083614303,77.38203618073796,77.50521908969168,77.62619428574945,77.74463649165655,77.86022043015824,77.9726208239998,78.08153102646877,78.18686097090644,78.28866031972106,78.38698106413871,78.48187519538543,78.57339470468725,78.66159158327024,78.74651782236042,78.82822541318384,78.90676634696658,78.98219261493463,79.0545562083141,79.12390911833097,79.19030333621134,79.25379085318123,79.31442366046669,79.37225374929378,79.42733311088851,79.47971373647697,79.52944761728517,79.57661251443976,79.62149084565382,79.66446262368667,79.70590846234482,79.74620897543485,79.78574477676328,79.82489648013667,79.86404469936153,79.90357004824443,79.94385314059191,79.98527459021052,80.02821501090678,80.07305501648725,80.12017522075845,80.16995623752696,80.22277868059929,80.279023163782,80.33907030088162,80.40330070570471,80.47209499205779,80.54550944186724,80.62178547214388,80.69853357303788,80.77336360123867,80.84388541343574,80.90770886631853,80.9624438165765,81.00570012089908,81.03508763597574,81.04821621849597,81.04269572514917,81.01613601262481,80.96614693761238,80.8903383568013,80.78632012688102,80.65170210454102,80.48409414647074,80.28110610935965,80.04034784989719,79.7594292247728
71.79540610729461,71.58921299120871,71.39030384299879,71.19904156241077,71.01578904919059,70.8409092030842,70.6747649238375,70.51771911119647,70.370134664907,70.23237448471507,70.10480147036657,69.98777852160745,69.88166853818366,69.78683441984113,69.70363906632578,69.63244537738356,69.5736162527604,69.52751459220224,69.494503295455,69.47494526226463,69.46920307456936,69.47732277785653,69.4984398986054,69.53152724576226,69.57555762827337,69.62950385508502,69.69233873514348,69.76303507739502,69.84056569078591,69.92390338426242,70.01202096677083,70.10389124725742,70.19848703466847,70.29478113795022,70.39174636604898,70.48835552791101,70.58358143248257,70.67639688870996,70.76577470553943,70.85068769191726,70.93011155783624,71.00349307071455,71.07126680430363,71.13399171472359,71.19222675809456,71.24653089053663,71.29746306816995,71.3455822471146,71.39144738349073,71.43561743341843,71.47865135301782,71.52110809840902,71.56354662571214,71.6065258910473,71.65060485053462,71.6963424602942,71.74429767644618,71.79502945511067,71.84909675240776,71.90705852445758,71.96946808194144,72.03654000921136,72.10796386480908,72.18338404376571,72.26244494111242,72.34479095188034,72.43006647110063,72.5179158938044,72.60798361502283,72.69991402978704,72.79335153312817,72.8879405200774,72.98332538566582,73.07915052492461,73.17506033288493,73.27069920457787,73.3657115350346,73.45974171928628,73.55243415236403,73.643433229299,73.73239229502052,73.81923612808839,73.90420331286712,73.98754991399106,74.06953199609457,74.15040562381199,74.2304268617777,74.30985177462605,74.38893642699139,74.4679368835081,74.54710920881051,74.626709467533,74.70699372430992,74.78821804377563,74.87063849056447,74.95451112931083,75.04009202464904,75.12763724121348,75.21740284363848,75.30964489655842,75.40460528714841,75.50227138883515,75.60241042745812,75.70478236999773,75.80914718343432,75.91526483474826,76.02289529091993,76.1317985189297,76.24173448575792,76.35246315838499,76.46374450379125,76.5753384889571,76.68700508086287,76.79850424648897,76.90959595281575,77.02004016682358,77.12959685549284,77.23802598580387,77.34508752473707,77.4505414392728,77.55415708819405,77.65581300998947,77.75545818166745,77.8530427542117,77.94851687860594,78.0418307058339,78.13293438687931,78.22177807272587,78.30831191435729,78.39248606275733,78.47425066890968,78.55355588379805,78.6303518584062,78.70458874371782,78.77621669071664,78.84518585038637,78.91144637371075,78.97494841167348,79.0356421152583,79.09347763544892,79.14842891227939,79.20065881106972,79.25042029036551,79.29796686355904,79.34355204404255,79.3874293452083,79.42985228044854,79.47107436315554,79.51134910672155,79.55093002453883,79.59007062999962,79.6290244364962,79.6680449574208,79.7073857061657,79.74730019612315,79.7880419406854,79.82986445324471,79.87302124719335,79.91776583592355,79.96435173282758,80.01268524871608,80.06072985182864,80.1057735928828,80.14510384446604,80.17600797916585,80.19577336956972,80.20168738826516,80.19103740783962,80.16111080088059,80.10919493997561,80.03257719771211,79.92854494667762,79.79438555945961,79.62738640864558,79.42483486682299,79.18401830657936,78.90222410050217,78.57673962117892,78.20485224119706,77.78384933314412
69.0993054928469,69.219406475657,69.31890034191063,69.3993855353981,69.46246049990972,69.50972367923582,69.54277351716668,69.56320845749264,69.57262694400401,69.57262742049109,69.56480833074421,69.55076811855368,69.53210522770979,69.51041810200289,69.48730518522326,69.46436492116123,69.44319575360711,69.42539612635122,69.41256448318386,69.40629926789535,69.40819841279,69.41935041011978,69.43937834475709,69.4676434207442,69.50350684212339,69.54632981293696,69.59547353722716,69.6502992190363,69.71016806240662,69.77444127138044,69.84248005000002,69.91364560230762,69.98729913234556,70.06280184415608,70.13951494178148,70.21679962926405,70.29401711064604,70.37052858996975,70.44569527127744,70.51887835861142,70.58944077405943,70.65702440734559,70.72185614268315,70.78423652548575,70.84446610116699,70.90284541514049,70.95967501281987,71.01525543961874,71.06988724095073,71.12387096222945,71.17750714886851,71.23109634628155,71.28493909988215,71.33933595508395,71.39458745730057,71.45099415194562,71.50885658443272,71.56847530017549,71.63015084458755,71.69418376308249,71.76087171633522,71.83033928069626,71.90244275181341,71.97701534742454,72.05389028526753,72.13290078308027,72.21388005860065,72.29666132956655,72.38107781371582,72.46696272878638,72.55414929251609,72.64247072264286,72.73176023690452,72.821851053039,72.91257638878417,73.0037694618779,73.09526349005807,73.18689169106257,73.27848728262929,73.36988348249609,73.46091647036562,73.55151225677741,73.64170070615978,73.73151746802841,73.82099819189901,73.91017852728726,73.99909412370886,74.0877806306795,74.17627369771486,74.26460897433067,74.35282211004258,74.4409487543663,74.52902455681755,74.61708516691195,74.70516623416526,74.79330340809318,74.88153233821134,74.96988867403547,75.05840806508127,75.14712616086445,75.23608053369796,75.32534327395237,75.41501632919511,75.50520263146572,75.59600511280378,75.68752670524893,75.77987034084077,75.8731389516189,75.9674354696229,76.0628628268924,76.15952395546694,76.25752178738617,76.35695925468963,76.457939289417,76.56056482360782,76.66493878930171,76.77116411853828,76.87934374335711,76.9895805957978,77.10197760789995,77.21660474250487,77.33314869552424,77.45104889388264,77.56974064335498,77.68865924971615,77.80724001874103,77.9249182562045,78.04112926788144,78.15530835954675,78.26689083697528,78.37531200594191,78.48000717222155,78.58041164158905,78.67596071981936,78.76608971268726,78.8502339259677,78.92782866543556,78.99830923686571,79.06111094603301,79.11566909871237,79.16150203862804,79.19878757123658,79.22801798099235,79.24968748909492,79.26429031674382,79.27232068513865,79.27427281547895,79.27064092896427,79.26191924679418,79.24860199016823,79.23118338028598,79.210157638347,79.18601898555082,79.15926164309704,79.13037983218518,79.09986777401485,79.06821968978554,79.03592980069686,79.00349232794835,78.97140149273957,78.94005534928257,78.90931382987682,78.87884979197884,78.84833590521905,78.81744483922787,78.7858492636357,78.75322184807294,78.71923526217,78.68356217555728,78.64587525786519,78.60584717872416,78.56315060776458,78.51745821461685,78.4684426689114,78.41577664027861,78.3591327983489,78.29818381275265,78.23260235312031,78.16206108908227,78.08623269026893
70.26532529384379,70.13566352745482,70.01643980151242,69.90738170698303,69.80821683483317,69.71867277602931,69.63847712153793,69.56735746232552,69.50504138935857,69.45125649360354,69.40573036602693,69.36819059759523,69.33836477927491,69.31598050203246,69.30076535683436,69.2924469346471,69.29075282643717,69.29541062317102,69.30614791581519,69.3226922953361,69.34477134828333,69.37210826192687,69.40441356898263,69.4413955406895,69.48276244828637,69.5282225630121,69.57748415610558,69.63025549880574,69.6862448623514,69.74516051798149,69.80671073693486,69.87060379045043,69.93654794976706,70.00425148612364,70.07342267075906,70.14376977491219,70.21500106982194,70.28682482672717,70.35894931686677,70.43108281147963,70.50293430123533,70.57432959436252,70.64533946524149,70.71606553384353,70.78660942013998,70.85707274410214,70.92755712570131,70.99816418490883,71.068995541696,71.14015281603413,71.21173762789454,71.28385159724853,71.35659634406744,71.43007348832256,71.50438464998523,71.57963144902673,71.65591550541839,71.73333843913153,71.81200187013746,71.89200741840749,71.97345513328644,72.05635082653019,72.1405542416317,72.22591255707206,72.31227295133239,72.39948260289376,72.48738869023727,72.57583839184404,72.66467888619516,72.75375735177172,72.84292096705484,72.93201691052559,73.0208923606651,73.10939449595445,73.19737049487473,73.28466753590706,73.37113279753252,73.45661345823224,73.54095669648727,73.62400969077875,73.70562558879084,73.78583857294471,73.86489212084436,73.94304136869353,74.02054145269597,74.0976475090554,74.1746146739756,74.2516980836603,74.32915287431322,74.40723418213815,74.4861971433388,74.56629689411892,74.64778857068227,74.73092730923257,74.81596824597358,74.90316651710904,74.99277725884271,75.08505560737831,75.18025669891959,75.27863566967031,75.38042848044893,75.48552685555772,75.59352476391663,75.70400635664836,75.81655578487553,75.93075719972086,76.046194752307,76.16245259375665,76.27911487519248,76.39576574773716,76.51198936251336,76.62736987064379,76.74149142325109,76.85393817145795,76.96429426638707,77.0721438591611,77.17707110090275,77.27866014273465,77.3764951357795,77.47016023116,77.55929285626459,77.64414977507163,77.72538732355291,77.80366849721347,77.87965629155833,77.95401370209252,78.02740372432109,78.10048935374905,78.17393358588143,78.24839941622326,78.32454984027957,78.4030478535554,78.48455645155578,78.5697386297857,78.65925738375023,78.75377570895438,78.85395660090319,78.96046305510168,79.07395806705489,79.19510463226784,79.32433472261705,79.46024559171651,79.60055956696024,79.74299358743613,79.885264592232,80.0250895204357,80.16018531113511,80.28826890341806,80.40705723637238,80.51426724908596,80.60761588064662,80.68482007014224,80.74359675666064,80.78166287928967,80.7967353771172,80.78653118923108,80.74876725471916,80.68116051266927,80.58142790216927,80.44728636230701,80.27750207615765,80.07671248465489,79.85159613617654,79.60883362840498,79.35510555902268,79.09709252571203,78.84147512615547,78.59493395803545,78.36414961903436,78.15580270683466,77.97657381911876,77.83314355356909,77.73219250786809,77.68040127969816,77.68445046674175,77.75102066668128,77.8867924771992,78.09844649597788,78.39266332069981,78.77612354904738
70.79212627797108,70.54251698786983,70.31667927496855,70.11367276520036,69.93255708449843,69.77239185879588,69.63223671402586,69.51115127612152,69.40819517101599,69.32242802464243,69.25290946293399,69.19869911182377,69.15885659724496,69.13244154513069,69.11851358141409,69.11613233202831,69.12435742290651,69.14224847998182,69.16886512918737,69.20326699645632,69.24451382006167,69.29177722876636,69.34455070500181,69.40238524920227,69.464831861802,69.53144154323529,69.60176529393641,69.67535411433961,69.75175900487918,69.83053096598937,69.91122099810445,69.99338010165872,70.07655927708642,70.16030952482181,70.2441818452992,70.32772723895282,70.41049670621696,70.49204124752588,70.57191186331386,70.64965955401514,70.72483662552135,70.79720735735609,70.86698053725983,70.93442092445557,70.99979327816625,71.0633623576149,71.12539292202447,71.18614973061798,71.24589754261838,71.30490111724866,71.3634252137318,71.4217345912908,71.48009400914864,71.53876822652829,71.59802200265273,71.65812009674497,71.71932726802795,71.7819082757247,71.84612787905819,71.91225083725136,71.9805393181124,72.05110000455844,72.1237985779255,72.19847998823091,72.27498918549193,72.35317111972583,72.43287074094991,72.5139329991814,72.59620284443763,72.67952522673585,72.76374509609333,72.84870740252735,72.93425709605522,73.02023912669418,73.10649844446151,73.19287999937448,73.2792287414504,73.36538962070652,73.45120758716013,73.5365275908285,73.62119996519806,73.705238314281,73.78884499997706,73.87223289877417,73.95561488716028,74.03920384162333,74.12321263865127,74.20785415473205,74.29334126635361,74.37988685000389,74.46770378217083,74.55700493934239,74.64800319800649,74.74091143465111,74.83594252576418,74.93330934783363,75.03322477734741,75.13590169079347,75.24155296465976,75.35039147543422,75.4626086133663,75.57801004775222,75.696067809577,75.81624292887156,75.93799643566685,76.06078935999375,76.18408273188322,76.30733758136617,76.43001493847353,76.55157583323624,76.67148129568518,76.78919235585134,76.90417004376557,77.01587538945886,77.1237694229621,77.22731317430622,77.32596767352216,77.41919395064082,77.50645303569314,77.58720595871006,77.6609529738819,77.72765031625269,77.7875484020622,77.8409025505702,77.88796808103645,77.92900031272069,77.96425456488267,77.99398615678216,78.0184504076789,78.03790263683264,78.05259816350313,78.06279230695016,78.06874038643343,78.07069772121272,78.06891963054778,78.06366143369836,78.05517844992421,78.0437259984851,78.02955939864076,78.01293396965096,77.99417734889929,77.97419150196002,77.95415227558203,77.93523720323425,77.91862381838567,77.90548965450522,77.89701224506187,77.89436912352458,77.89873782336231,77.91129587804402,77.93322082103865,77.96569018581518,78.00988150584256,78.06697231458975,78.1381401455257,78.22456253211938,78.32741700783974,78.44788110615575,78.58713236053636,78.74634830445054,78.92574772218767,79.12018452225699,79.32264754640444,79.52612376381887,79.72360014368923,79.90806365520437,80.07250126755324,80.20989994992469,80.31324667150764,80.37552840149101,80.38973210906369,80.34884476341456,80.24585333373255,80.07374478920654,79.82550609902545,79.49412423237816,79.07258615845356,78.5538788464406,77.93098926552811,77.19690438490505
70.97990645328879,70.67665234529379,70.40327402823497,70.15851131664189,69.94110402504417,69.74979196797135,69.58331495995306,69.44041281551888,69.31982534919837,69.22029237552115,69.1405537090168,69.07934916421489,69.03541855564501,69.00750169783677,68.99433840531974,68.9946684926235,69.00723177427766,69.03076806481178,69.06401717875548,69.10571893063832,69.15461330969408,69.20961431052831,69.27013645524663,69.3356837144992,69.40576005893615,69.47986945920766,69.55751588596388,69.63820330985494,69.72143570153102,69.80671703164225,69.8935512708388,69.9814423897708,70.06989435908842,70.1584111494418,70.2464967314811,70.33365507585648,70.41939015321807,70.50320593421604,70.58460638950054,70.66309548972171,70.73817869730958,70.80960370244958,70.87762614637087,70.94256563036424,71.00474175572053,71.06447412373055,71.1220823356851,71.17788599287503,71.23220469659113,71.28535804812421,71.3376656487651,71.38944709980463,71.44102200253359,71.4927099582428,71.54483056822308,71.59770343376526,71.65164815616014,71.70698433669854,71.76403157667127,71.82310947736916,71.88453471677637,71.94844857447865,72.01472046254413,72.08319640658785,72.1537224322248,72.22614456507002,72.30030883073853,72.37606125484535,72.45324786300552,72.53171468083401,72.61130773394589,72.69187304795616,72.77325664847986,72.85530456113197,72.93786281152755,73.0207774252816,73.10389442800914,73.18705984532521,73.27011970284482,73.35292002618299,73.43531102911754,73.51726994455215,73.5989208528496,73.68039601437822,73.76182768950633,73.84334813860228,73.92508962203436,74.00718440017094,74.0897647333803,74.17296288203082,74.25691110649079,74.34174166712855,74.42758682431243,74.51457883841074,74.60284996979183,74.692532478824,74.78375862587562,74.876660671315,74.97137087551042,75.06802149883028,75.1667374482692,75.26751162305814,75.37022273924191,75.4747457479381,75.58095560026426,75.68872724733792,75.79793564027665,75.908455730198,76.02016246821954,76.1329308054588,76.24663569303334,76.36115208206071,76.47635492365849,76.5921191689442,76.70831976903541,76.82483167504967,76.94152983810454,77.05828920931756,77.17498473980632,77.29149138068833,77.40766533778704,77.52314490288194,77.63742777804667,77.75000932219315,77.86038489423325,77.9680498530789,78.07249955764198,78.17322936683439,78.26973463956804,78.36151073475483,78.44805301130664,78.5288568281354,78.60341754415298,78.6712305182713,78.73179110940225,78.78459467645773,78.82913657834965,78.86491217398988,78.89141682229035,78.90814588216296,78.91473000109197,78.9118742465942,78.90079604728125,78.88271598718332,78.85885465033063,78.8304326207534,78.79867048248182,78.76478881954611,78.73000821597648,78.69554925580314,78.66263252305629,78.63247860176614,78.6063080759629,78.58534152967678,78.57079954693799,78.56390271177673,78.56587160822323,78.57792682030768,78.6012889320603,78.6371785275113,78.68634885325214,78.74693807430803,78.81617523834288,78.89128848025219,78.96950593493139,79.04805573727602,79.12416602218154,79.1950649245434,79.25798057925714,79.31014112121821,79.34877468532208,79.37110940646427,79.37437341954022,79.35579485944544,79.31260186107541,79.24202255932559,79.14128508909148,79.00761758526858,78.83824818275232,78.63040501643822
70.61579512777872,70.5465180603382,70.47438643126723,70.40020369916601,70.32477332263474,70.24889876027358,70.17338347068274,70.09903091246241,70.02664454421279,69.95702782453405,69.8909842120264,69.82931716529,69.7728301429251,69.72232660353184,69.67861000571042,69.64248380806106,69.61475146918391,69.59621644767918,69.58768220214708,69.58995219118778,69.60382946305704,69.62970836297312,69.66680759940459,69.71413578447951,69.77070153032588,69.83551344907173,69.90758015284507,69.98591025377394,70.06951236398635,70.15739509561033,70.2485670607739,70.34203687160507,70.43681314023189,70.53190447878235,70.62631949938451,70.71906681416635,70.80915503525591,70.89559277478122,70.9773886448703,71.05355125765116,71.12309239627169,71.18553873822694,71.24149669326893,71.2917086286255,71.33691691152448,71.37786390919375,71.41529198886111,71.44994351775442,71.48256086310151,71.51388639213023,71.54466247206841,71.5756314701439,71.60753575358453,71.64111768961814,71.67711964547259,71.7162839883757,71.7593530855553,71.80706930423926,71.8601750116554,71.91941257503156,71.9855154518561,72.05868251524757,72.13828403255134,72.22361899319684,72.31398638661346,72.40868520223064,72.50701442947779,72.6082730577843,72.71176007657961,72.8167744752931,72.92261524335422,73.02858137019236,73.13397184523693,73.23808565791735,73.34022179766306,73.43967925390342,73.53575701606788,73.62775407358585,73.71496941588673,73.79670203239993,73.87227478586783,73.94173457185191,74.0059653439488,74.06589768331945,74.12246217112481,74.17658938852584,74.22920991668353,74.28125433675882,74.33365322991268,74.38733717730605,74.4432367600999,74.50228255945518,74.56540515653288,74.6335351324939,74.70760306849927,74.78853954570991,74.87727514528677,74.97474044839085,75.08186603618307,75.19958248982442,75.32875136085289,75.46899498101575,75.61886379007532,75.77687288462708,75.94153736126643,76.11137231658878,76.28489284718964,76.46061404966436,76.63705102060842,76.81271885661724,76.98613265428624,77.15580751021088,77.32025852098657,77.47800078320876,77.62754939347288,77.76741944837434,77.8961260445086,78.01218427847108,78.11410924685723,78.20041604626245,78.26978225783284,78.32277434561598,78.36117740778933,78.38679685309923,78.401438090292,78.406906528114,78.40500757531157,78.397546640631,78.38632913281866,78.37316046062087,78.35984603278395,78.34819125805424,78.3400015451781,78.33708230290182,78.34123893997176,78.35427686513425,78.3780014871356,78.41421821472218,78.4647324566403,78.53134962163631,78.61551581458738,78.71582366008073,78.82950503714667,78.95378344455041,79.08588238105712,79.22302534543198,79.36243583644017,79.50133735284687,79.63695339341729,79.76650745691657,79.88722304210992,79.99632364776252,80.09103277263954,80.16857391550616,80.22617057512758,80.26104625026898,80.27042443969552,80.25152864217242,80.20158235646481,80.11780908133791,79.99839942254488,79.84695562943372,79.66896127666504,79.46990182778023,79.25526274632071,79.0305294958279,78.80118753984323,78.5727223419081,78.35061936556392,78.14036407435208,77.94744193181405,77.77733840149122,77.63553894692501,77.52752903165683,77.45879411922809,77.4348196731802,77.4610911570546,77.54309403439268,77.68631376873587,77.89623582362559
69.73107605425379,69.76281035282433,69.77629464085041,69.773338647287,69.75575210108912,69.7253447312117,69.68392626660977,69.6333064362383,69.57529496905225,69.51170159400662,69.44433604005638,69.37500803615653,69.30552731126204,69.2377035943279,69.17334661430908,69.11426610016056,69.06227178083734,69.01917338529438,68.98678064248669,68.96690328136923,68.96135035613482,68.97125885785933,68.99583258401414,69.03392985384185,69.08440898658506,69.14612830148637,69.21794611778837,69.29872075473365,69.38731053156482,69.48257376752446,69.58336878185516,69.68855389379954,69.79698742260017,69.90752768749967,70.0190330077406,70.1303617025656,70.24037209121724,70.34792249293811,70.45187122697081,70.55107661255795,70.6443999752574,70.73119079107167,70.81182218635824,70.88679618324254,70.95661480384996,71.02178007030591,71.0827940047358,71.14015862926503,71.194375966019,71.24594803712311,71.29537686470277,71.34316447088341,71.38981287779039,71.43582410754914,71.48170018228507,71.52794312412357,71.57505495519004,71.6235376976099,71.67389337350855,71.72662400501139,71.78222788708509,71.84097968517106,71.90280743894671,71.9676093708194,72.03528370319646,72.10572865848526,72.17884245909316,72.2545233274275,72.33266948589566,72.41317915690496,72.49595056286279,72.58088192617647,72.66787146925338,72.75681741450086,72.84761798432628,72.94017140113698,73.03437588734033,73.13012966534367,73.22733095755437,73.32587798637977,73.42566762165781,73.52655571233191,73.62835068288018,73.73085831604354,73.83388439456293,73.93723470117925,74.04071501863346,74.14413112966648,74.24728881701924,74.34999386343267,74.45205205164771,74.55326916440528,74.65345098444632,74.75240329451177,74.84993187734251,74.94584251567953,75.03994099226374,75.13203308983606,75.22192459113744,75.30942127890879,75.39434331771861,75.47676905470391,75.55700015802013,75.63534565931847,75.71211459025008,75.78761598246614,75.86215886761784,75.93605227735634,76.00960524333281,76.08312679719845,76.15692597060439,76.23131179520186,76.30659330264199,76.38307952457599,76.461079492655,76.54090223853022,76.62285679385282,76.70725219027396,76.79439745944484,76.88460163301662,76.97812589779065,77.07467524418922,77.17359582626099,77.27422781744842,77.37591139119392,77.47798672093997,77.57979398012898,77.6806733422034,77.77996498060568,77.87700906877826,77.97114578016357,78.06171528820407,78.14805776634219,78.22951338802037,78.30542232668105,78.37512475576668,78.43796084871971,78.49327077898256,78.54039471999769,78.57867284520754,78.60761974318903,78.62813515361637,78.64177935627953,78.65011669895996,78.65471152943907,78.65712819549833,78.65893104491919,78.66168442548305,78.66695268497138,78.67630017116562,78.6912912318472,78.71349021479757,78.74446146779819,78.78576933863046,78.83897817507585,78.90565232491579,78.98735613593173,79.0856539559051,79.20211013261736,79.33828901384993,79.49470363782973,79.66598422662395,79.84471587668196,80.02348163111421,80.1948645330311,80.351447625543,80.48581395176036,80.59054655479359,80.6582284777531,80.68144276374929,80.65277245589257,80.56480059729337,80.41011023106209,80.18128440030912,79.87090614814491,79.47155851767982,78.97582455202432,78.37628729428882,77.66552978758367,76.8361350750193
70.60196379887616,70.42240577102469,70.25563334355463,70.10135908650027,69.95929556989583,69.82915536377557,69.71065103817374,69.60349516312458,69.50740030866234,69.42207904482127,69.34724394163564,69.28260756913969,69.22788249736764,69.18278129635378,69.14701653613234,69.12030078673757,69.10234661820374,69.09286660056507,69.09157330385584,69.09817929811027,69.11239711748986,69.13390356688419,69.1622726757169,69.19706010655706,69.23782152197369,69.28411258453579,69.33548895681243,69.3915063013726,69.45172028078537,69.51568655761973,69.58296079444474,69.65309865382943,69.72565579834281,69.80018789055393,69.87625059303181,69.95339956834547,70.03119047906397,70.10917898775631,70.18692075699153,70.26397144933865,70.3398877894924,70.41439896480065,70.48759581639699,70.5596147240524,70.63059206753785,70.70066422662435,70.76996758108291,70.83863851068452,70.90681339520015,70.97462861440081,71.0422205480575,71.10972557594121,71.17728007782294,71.24502043347367,71.31308302266442,71.38160422516616,71.45072042074989,71.5205679891866,71.5912833102473,71.66300276370298,71.7358609579595,71.80988621951529,71.88494213791222,71.96087813177114,72.03754361971293,72.11478802035847,72.19246075232863,72.27041123424428,72.34848888472628,72.42654312239551,72.50442336587287,72.58197903377919,72.65905954473536,72.73551431736225,72.81119277028073,72.88594432211167,72.95961839147596,73.03206439699444,73.103131757288,73.17266989097752,73.24053627271995,73.3068327016423,73.37194344163753,73.43626849104405,73.50020784820035,73.56416151144485,73.62852947911605,73.69371174955239,73.76010832109232,73.8281191920743,73.89814436083678,73.97058382571824,74.04583758505711,74.12430563719185,74.20638798046095,74.2924846132028,74.38299553375593,74.47832074045876,74.57886023164974,74.68501400566736,74.79714866280251,74.91503124159742,75.0379101757126,75.16501679900824,75.29558244534456,75.42883844858177,75.56401614258009,75.70034686119969,75.8370619383008,75.97339270774363,76.10857050338835,76.24182665909524,76.37239250872443,76.4994993861362,76.62237862519069,76.74026155974815,76.85237952366879,76.95796385081277,77.05624587504033,77.14645693021168,77.22792338038286,77.30107631563642,77.36705955252364,77.42702878637033,77.48213971250219,77.53354802624503,77.5824094229246,77.62987959786666,77.677114246397,77.72526906384138,77.77549974552554,77.82896198677528,77.88681148291633,77.9502039292745,78.02029502117553,78.09824045394518,78.18519592290923,78.28231712339343,78.39075975072356,78.51167950022538,78.64597869148517,78.79254741226887,78.94931617283333,79.11420957379724,79.28515221577922,79.46006869939791,79.63688362527202,79.81352159402013,79.98790720626093,80.15796506261304,80.32161976369514,80.47679591012587,80.62141810252385,80.75341094150778,80.87069902769628,80.97120696170798,81.05285934416156,81.11358077567567,81.15129585686893,81.16392918836002,81.15039252374223,81.11512143159385,81.06447180151423,81.00480145113582,80.94246819809109,80.88382986001251,80.83524425453253,80.80306919928361,80.79366251189823,80.81338201000885,80.86858551124794,80.96563083324794,81.11087579364133,81.31067821006057,81.57139590013814,81.89938668150648,82.30100837179809,82.78261878864538,83.35057574968086,84.01123707253699
71.08419062815526,70.82138431248623,70.58261028530322,70.366898557728,70.17327914088247,70.0007820458884,69.84843728386764,69.71527486594204,69.6003248032334,69.50261710686357,69.42118178795434,69.3550488576276,69.30324832700512,69.26481020720877,69.23876450936038,69.22414124458172,69.21997042399468,69.22528205872109,69.23910615988274,69.26047273860149,69.28841196100848,69.32210838253309,69.36119066035107,69.40536681641788,69.45434487268912,69.50783285112027,69.56553877366684,69.62717066228441,69.69243653892843,69.7610444255545,69.83270234411808,69.90711831657472,69.98400036487996,70.0630565109893,70.14399477685828,70.22652318444241,70.31034975569722,70.3951825125782,70.48072947704094,70.56669867104091,70.6527984810158,70.73879647618949,70.82458433195194,70.91006935086452,70.99515883548864,71.07976008838565,71.16378041211698,71.24712710924396,71.32970748232802,71.4114288339305,71.49219846661285,71.57192368293636,71.6505117854625,71.7278700767526,71.80390585936806,71.87852643587027,71.95163910882059,72.02315118078042,72.09296995431114,72.16100273197415,72.22715932547445,72.29150009513393,72.35431875163076,72.41592907879206,72.47664486044488,72.5367798804163,72.59664792253346,72.6565627706234,72.7168382085132,72.77778802002996,72.83972598900078,72.90296589925273,72.96782153461288,73.03460667890835,73.1036351159662,73.1752206296135,73.24967700367739,73.3273180219849,73.40845746836314,73.4934091266392,73.5824767388421,73.67565949809398,73.77260450697241,73.87293925516812,73.9762912323718,74.08228792827424,74.19055683256613,74.30072543493822,74.41242122508118,74.52527169268578,74.63890432744273,74.75294661904277,74.86702605717664,74.98077013153502,75.09380633180868,75.20576214768832,75.31626506886465,75.42494258502845,75.53142218587038,75.63533136108123,75.7363119187529,75.83426271091616,75.929304925736,76.0215670823988,76.11117770009096,76.19826529799892,76.28295839530901,76.3653855112077,76.44567516488135,76.5239558755164,76.60035616229922,76.67500454441623,76.74802954105382,76.8195596713984,76.88972345463637,76.95864940995412,77.02646605653808,77.09330191357463,77.15928550025018,77.22454533575115,77.2892090354265,77.35339370751538,77.41720968147641,77.48076717378851,77.54417640093055,77.6075475793815,77.67099092562029,77.73461665612578,77.79853498737691,77.86285613585264,77.92769031803184,77.99314775039343,78.05933864941636,78.12637323157955,78.1943617133619,78.26341431124234,78.33364124169978,78.40515272121311,78.47805896626133,78.55247019332327,78.6284725460709,78.70596098938228,78.78473932027453,78.8646107742999,78.94537858701065,79.02684599395903,79.1088162306973,79.1910925327777,79.27347813575244,79.35577627517384,79.4377901865941,79.51932310556549,79.60017826764022,79.6801589083706,79.75906826330882,79.8367095680072,79.9128860580179,79.98740096889324,80.06005753618544,80.13065899544677,80.19880354251634,80.2629420318703,80.32112645166774,80.37140838959971,80.41183943335724,80.44047117063133,80.45535518911296,80.4545430764932,80.436086420463,80.39803680871341,80.33844582893545,80.25536506882008,80.14684611605838,80.0109405583413,79.84569998335988,79.64917597880512,79.41942013236806,79.15448403173968,78.85241926461103,78.51127741867307
68.98429348532656,68.95046308638855,68.92167723257113,68.89786177432329,68.87894256209401,68.86484544633232,68.85549627748719,68.85082090600763,68.8507451823426,68.85519495694113,68.86409608025221,68.87737440272483,68.89495577480797,68.91676604695064,68.94273106960183,68.97277669321053,69.00682876822576,69.04481314509647,69.0866556742717,69.1322822062004,69.18161854201148,69.23454135998148,69.29078603620651,69.35006269487464,69.41208146017397,69.47655245629258,69.54318580741855,69.61169163773997,69.68178007144493,69.75316123272151,69.8255452457578,69.89864223474187,69.97216232386184,70.04581563730575,70.11931229926172,70.19236243391784,70.26467616546216,70.3359636180828,70.40593491596782,70.47430018330533,70.54077047946208,70.60520871344501,70.66779622260563,70.72875444008193,70.78830479901187,70.84666873253343,70.90406767378457,70.96072305590327,71.0168563120275,71.07268887529521,71.12844217884441,71.18433765581304,71.24059673933907,71.29744086256048,71.35509145861525,71.41376996064132,71.4736978017767,71.53509641515932,71.59818723392716,71.66319169121822,71.73032898439594,71.79968416435342,71.87113435495469,71.94453879386775,72.01975671876058,72.09664736730114,72.17506997715746,72.25488378599749,72.33594803148922,72.41812195130065,72.50126478309974,72.58523576455451,72.66989413333292,72.75509912710295,72.84070998353259,72.92658594028984,73.01258623504268,73.09857010545907,73.18439678920703,73.26992552395451,73.3550205031695,73.43969622044096,73.52414093209437,73.60855257375204,73.69312908103625,73.77806838956933,73.86356843497357,73.94982715287128,74.03704247888474,74.12541234863629,74.2151346977482,74.30640746184278,74.39942857654235,74.4943959774692,74.59150760024562,74.69096138049393,74.79295525383642,74.89768715589541,75.00535502229319,75.11615678865205,75.23026588016434,75.3474157107833,75.46695909650545,75.58823630398712,75.71058759988465,75.83335325085437,75.95587352355268,76.07748868463587,76.19753900076029,76.31536473858232,76.43030616475825,76.54170354594447,76.6488971487973,76.7512272399731,76.8480340861282,76.93865795391893,77.02243911000168,77.09871782103276,77.16683435366852,77.2261289745653,77.27602021086105,77.31683636779238,77.34949270420788,77.37491426151642,77.3940260811268,77.40775320444784,77.41702067288838,77.42275352785725,77.42587681076328,77.42731556301527,77.42799482602207,77.4288396411925,77.43077504993538,77.43472609365953,77.44161781377379,77.45237525168699,77.46792344880794,77.48918744654549,77.51709228630843,77.55256300950562,77.59637121295638,77.6480698839707,77.70663088880396,77.77102251482894,77.84021304941848,77.91317077994539,77.98886399378249,78.06626097830261,78.14433002087853,78.22203940888312,78.29835742968916,78.3722523706695,78.44269251919691,78.50864616264423,78.56908158838428,78.62296708378987,78.66927093623384,78.70696143308898,78.73500686172812,78.75237550952409,78.75848242358893,78.7552425859037,78.74544006575474,78.73185980500594,78.71728674552125,78.70450582916459,78.69630199779988,78.69546019329104,78.70476535750201,78.72700243229671,78.76495635953907,78.82141208109302,78.89915453882246,79.00096867459133,79.12963943026357,79.28795174770309,79.47869056877381,79.70464083533966,79.96858748926458,80.27331547241249
70.92746775082499,70.69392327261049,70.48508757699281,70.29980852569815,70.13693398045268,69.99531180298258,69.87378985501405,69.77121599827325,69.68643809448636,69.6183040053796,69.5656615926791,69.52735871811107,69.5022432434017,69.48916303027715,69.48696594046362,69.49449983568728,69.51061257767431,69.53415202815091,69.56396604884326,69.59890250147751,69.6378094696789,69.67975604850778,69.72444707374906,69.77170099349163,69.82133625582443,69.87317130883636,69.92702460061633,69.98271457925327,70.04005969283608,70.09887838945366,70.15898911719495,70.22021032414884,70.28236045840427,70.34525796805012,70.40872130117533,70.4725689058688,70.53661923021944,70.60069072231617,70.66460183024792,70.72817100210357,70.79121724395097,70.85365016368576,70.91556936102715,70.97709835904078,71.03836068079227,71.0994798493472,71.16057938777121,71.2217828191299,71.28321366648889,71.34499545291378,71.40725170147019,71.47010593522374,71.53368167724003,71.59810245058468,71.66349177832329,71.72997318352148,71.79767018924488,71.86670631855908,71.93720509452969,72.00929004022234,72.08308303542753,72.15860736342988,72.23573348292982,72.31431870642699,72.39422034642105,72.47529571541168,72.55740212589849,72.64039689038118,72.72413732135936,72.80848073133272,72.89328443280088,72.97840573826353,73.06370196022029,73.14903041117084,73.2342484036148,73.31921325005186,73.40378226298165,73.48781275490383,73.57116203831806,73.65368742572399,73.73525010108955,73.81582866275704,73.89553745242578,73.97449837325661,74.05283332841036,74.13066422104784,74.20811295432992,74.2853014314174,74.36235155547112,74.43938522965193,74.51652435712066,74.59389084103812,74.67160658456517,74.74979349086261,74.8285734630913,74.90806840441208,74.98840021798576,75.06969080697318,75.15206207453517,75.23563592383256,75.32052887527148,75.40676081804533,75.49426805793222,75.58298414473985,75.67284262827597,75.76377705834825,75.85572098476443,75.94860795733219,76.04237152585927,76.13694524015337,76.23226265002216,76.32825730527343,76.42486275571481,76.52201255115405,76.61964024139886,76.71767937625692,76.81606350553602,76.91472617904377,77.01360094658791,77.1126213579762,77.21173262086033,77.31101546532905,77.41063805530135,77.51077001192677,77.61158095635479,77.71324050973497,77.81591829321682,77.91978392794984,78.02500703508356,78.13175723576752,78.24020415115119,78.35051740238414,78.46286661061585,78.57742139699583,78.69435138267364,78.81382618879879,78.93601543652078,79.06108874698913,79.18921574135337,79.32056604076301,79.45518445055839,79.59212452749627,79.72996712939427,79.86729020291415,80.00267169471762,80.13468955146642,80.26192171982233,80.38294614644703,80.4963407780023,80.60068356114986,80.69455244255144,80.7765253688688,80.84518028676366,80.89909514289779,80.9368478839329,80.95701645653072,80.95817880735301,80.93891288306149,80.89779663031793,80.83340799578401,80.7450425153419,80.63601114111644,80.51102076051279,80.37477966247752,80.2319961359572,80.08737846989844,79.94563495324776,79.81147387495177,79.68960352395705,79.58473218921016,79.50156815965767,79.44481972424616,79.41919517192223,79.4294027916324,79.4801508723233,79.5761477029415,79.72210157243354,79.92272076974602,80.18271358382552,80.50678830361859
69.42627565869583,69.31742461752607,69.22218279915006,69.1399648195952,69.07018529488894,69.01225884105867,68.96560007413181,68.92962361013578,68.90374406509798,68.88737605504585,68.87993419600679,68.8808331040082,68.88948739507752,68.90531168524217,68.92772059052955,68.95612872696707,68.98995071058215,69.0286011574022,69.07149468345466,69.11804590476693,69.16766954174415,69.21988427501532,69.27450782741955,69.33141136319617,69.39046604658449,69.45154304182385,69.51451351315357,69.57924862481296,69.64561954104136,69.71349742607808,69.78275344416245,69.85325875953379,69.92488453643143,69.99750193909469,70.07098213176289,70.14519627867536,70.2200155440714,70.29531109219036,70.37095408727156,70.44681569355431,70.52276733801598,70.59872310972273,70.6746865600424,70.75067250523618,70.82669576156526,70.90277114529083,70.97891347267408,71.05513755997622,71.13145822345841,71.20789027938184,71.28444854400773,71.36114783359726,71.4380029644116,71.51502875271196,71.59224001475953,71.66965156681549,71.74727822514103,71.82513480599737,71.90323612564565,71.9815970003471,72.06023185409482,72.13913157479801,72.21825056943572,72.2975401068425,72.37695145585286,72.45643588530136,72.53594466402251,72.61542906085086,72.69484034462096,72.77412978416731,72.85324864832448,72.93214820592698,73.01077972580937,73.08909447680617,73.1670437277519,73.24457874748113,73.32165080482837,73.39821116862817,73.47421110771505,73.54960189092355,73.62433864815367,73.69849360818058,73.77227437838644,73.84589610729682,73.9195739434373,73.99352303533341,74.06795853151077,74.14309558049491,74.21914933081142,74.29633493098586,74.37486752954382,74.45496227501084,74.5368343159125,74.62069880077439,74.70677087812206,74.79526569648107,74.88639840437702,74.98038415033545,75.07743808288194,75.17777535054206,75.2815910661491,75.38872066178827,75.4986884553149,75.6110085063098,75.72519487435385,75.84076161902787,75.95722279991274,76.07409247658927,76.19088470863834,76.3071135556408,76.42229307717747,76.53593733282922,76.64756038217689,76.75667628480134,76.8627991002834,76.96544288820392,77.06412170814379,77.15834961968378,77.2476406824048,77.33150895588768,77.40952862592572,77.48197284553183,77.54956571431225,77.61303884764979,77.67312386092723,77.73055236952737,77.786055988833,77.84036633422693,77.89421502109192,77.9483336648108,78.00345388076636,78.0603072843414,78.11962549091868,78.18214011588103,78.24858277461122,78.31968508249207,78.39617865490635,78.47879510723686,78.56826605486643,78.66532311317779,78.77055749759728,78.88344541048554,79.0029313354175,79.12795648133356,79.25746205717408,79.39038927187946,79.5256793343901,79.66227345364638,79.79911283858867,79.93513869815736,80.06929224129284,80.20051467693551,80.32774721402572,80.44993106150389,80.5660074283104,80.6749175233856,80.77560255566993,80.86700373410375,80.94806226762745,81.01771936518139,81.07476140726591,81.1171084003953,81.14237916138401,81.14819220464723,81.1321660446001,81.0919191956578,81.02507017223546,80.92923748874827,80.8020396596114,80.64109519924,80.44402262204922,80.20844044245423,79.93196717487024,79.61222133371233,79.24682143339572,78.83338598833555,78.36953351294699,77.85288252164523,77.28105152884537,76.65165904896263
69.63647479079322,69.59507562368137,69.5524494073423,69.50912638230793,69.46563678911019,69.42251086828102,69.38027886035236,69.33947100585613,69.30061754532426,69.26424871928869,69.23089476828135,69.20108593283418,69.17535245347909,69.15422457074803,69.13823252517294,69.12790655728574,69.12377690761836,69.12637381670274,69.13622752507081,69.1538682732545,69.17982603027768,69.21436034313359,69.25695288821535,69.30694632978782,69.36368333211594,69.42650655946458,69.49475867609868,69.56778234628311,69.64492023428278,69.7255150043626,69.80890932078748,69.89444584782228,69.98146724973196,70.06931619078138,70.15733533523546,70.2448673473591,70.3312548914172,70.41584063167466,70.49796723239639,70.57697735784728,70.65221558474995,70.72333702514837,70.79064798293813,70.85453675863933,70.91539165277207,70.97360096585648,71.02955299841265,71.08363605096069,71.1362384240207,71.18774841811279,71.23855433375704,71.28904447147359,71.33960713178253,71.39063061520396,71.44250322225798,71.49561325346471,71.55034900934425,71.60709879041669,71.66625089720215,71.72819363022073,71.79331142601471,71.86175688245659,71.9333232474808,72.0077728571991,72.08486804772325,72.16437115516501,72.24604451563616,72.32965046524846,72.41495134011369,72.5017094763436,72.58968721004996,72.67864687734455,72.76835081433913,72.85856135714546,72.94904084187532,73.03955160464045,73.12985598155265,73.21971630872368,73.3088949222653,73.39715415828927,73.4842617490471,73.57014908159078,73.65493674512182,73.73875586817717,73.82173757929377,73.90401300700856,73.98571327985852,74.06696952638057,74.14791287511164,74.22867445458871,74.30938539334872,74.3901768199286,74.47117986286531,74.55252565069577,74.63434531195696,74.71676997518583,74.79993076891928,74.8839588216943,74.96898526204784,75.0551412185168,75.14255317727374,75.23126428476549,75.32124560080437,75.41246580831219,75.5048935902107,75.5984976294217,75.69324660886699,75.78910921146831,75.88605412014749,75.98405001782629,76.0830655874265,76.1830695118699,76.28403047407826,76.38591715697338,76.48869824347705,76.592342416511,76.69681835899709,76.80209475385703,76.90814028401267,77.01492363238575,77.12239905923967,77.23035316143402,77.33846436589046,77.44640929669833,77.553864577947,77.66050683372578,77.76601268812409,77.87005876523125,77.9723216891366,78.07247808392952,78.17020457369935,78.26517778253543,78.35707433452714,78.44557085376383,78.53034396433483,78.61107029032952,78.68742645583725,78.75908908494736,78.8257348017492,78.88704023033213,78.94275814301596,78.99324605783391,79.03914987926629,79.08111728784539,79.11979596410353,79.15583358857305,79.18987784178626,79.22257640427546,79.25457695657295,79.28652717921108,79.31907475272214,79.35286735763847,79.38855267449236,79.42677838381616,79.46819216614213,79.51344170200264,79.56317467192997,79.61803875645646,79.67868163611439,79.74575099143611,79.81925577175392,79.8956307762282,79.97006827223186,80.0377592796159,80.09389481823132,80.13366590792913,80.15226356856036,80.14487881997599,80.10670268202705,80.03292617456455,79.9187403174395,79.7593361305029,79.54990463360579,79.28563684659912,78.96172378933394,78.57335648166125,78.11572594343207,77.58402319449742,76.97343925470827,76.27916514391566
70.20713802783283,70.323230451692,70.40451338829645,70.45389108421213,70.474267786005,70.46854774024102,70.43963519348615,70.39043439230635,70.32384958326757,70.24278501293578,70.15014492787694,70.048833574657,69.94175519984192,69.83181404999766,69.7219143716902,69.61496041148547,69.51385641594943,69.42150663164807,69.34081530514732,69.27468668301314,69.2260240507759,69.19677350249084,69.18612776516893,69.19278751558495,69.21545343051372,69.25282618672999,69.30360646100856,69.36649493012422,69.44019227085174,69.52339915996593,69.61481627424156,69.71314429045343,69.8170838853763,69.92533573578498,70.03660051845426,70.14957891015891,70.26297158767372,70.37547922777348,70.48580250723298,70.59264210282699,70.69470187473168,70.79120258791917,70.88244895552499,70.96888217901804,71.05094345986721,71.12907399954138,71.20371499950944,71.27530766124028,71.34429318620278,71.41111277586583,71.47620763169833,71.54001895516916,71.60298794774721,71.66555581090137,71.7281637461005,71.79125295481353,71.85526463850933,71.92063999865677,71.98782023672477,72.0572465541822,72.12935564093115,72.20431349286511,72.28186653016434,72.36172508047457,72.44359947144157,72.5272000307111,72.6122370859289,72.69842096474075,72.78546199479237,72.87307050372955,72.96095681919805,73.0488312688436,73.13640418031196,73.2233858812489,73.30948669930018,73.39441696211153,73.47788699732874,73.55960713259753,73.6392876955637,73.71663901387296,73.79138024530147,73.86349834892357,73.93328989026031,74.00106868118115,74.06714853355555,74.13184325925297,74.19546667014293,74.25833257809487,74.32075479497823,74.38304713266248,74.44552340301715,74.50849741791166,74.5722829892155,74.6371939287981,74.70354404852898,74.77164716027755,74.84181707591335,74.91436760730579,74.98961256632438,75.06786576483856,75.14942717591822,75.23434833850342,75.32246590265453,75.41360943296647,75.50760849403423,75.60429265045272,75.70349146681696,75.80503450772187,75.90875133776245,76.01447152153364,76.12202462363038,76.23124020864768,76.34194784118043,76.45397708582365,76.56715750717231,76.68131866982131,76.79629013836569,76.91190147740033,77.02798225152023,77.14436202532036,77.2608558920075,77.37711071490062,77.49266482190737,77.60705473201179,77.71981696419795,77.83048803744992,77.93860447075176,78.0437027830875,78.14531949344124,78.24299112079706,78.336254184139,78.4246452024511,78.50770069471747,78.58495717992216,78.65595117704925,78.72021920508274,78.77729778300676,78.82672342980536,78.86803266446259,78.90076200596252,78.92455006324786,78.93984621216305,78.94748646078651,78.94830919830366,78.94315281389981,78.93285569676033,78.91825623607056,78.9001928210159,78.87950384078167,78.8570276845532,78.8336027415159,78.8100674008551,78.78726005175614,78.76601908340442,78.74718288498525,78.731589845684,78.72007835468602,78.71348680117669,78.71265357434135,78.71841706336534,78.7311891048231,78.74899467351091,78.76902896609914,78.78848634614752,78.80456117721585,78.81444782286383,78.8153406466513,78.80443401213796,78.7789222828836,78.73599982244798,78.67286099439087,78.586700162272,78.47471168965117,78.33408994008812,78.16202927714264,77.95572406437446,77.71236866534335,77.42915744360909,77.10328476273139,76.73194498627007
71.40577272282862,71.16376564792469,70.93889450921611,70.73073920811375,70.53887964602852,70.36289572437136,70.20236734455314,70.05687440798481,69.92599681607727,69.80931447024142,69.70640727188818,69.61685512242846,69.54023792327317,69.47613557583323,69.42412798151953,69.38379504174299,69.35471665791454,69.33647273144508,69.32864316374551,69.33080785622677,69.3425466751388,69.36340446644704,69.39282534005723,69.43023540347987,69.47506076422546,69.52672752980449,69.58466180772743,69.64828970550478,69.71703733064703,69.79033079066467,69.8675961930682,69.9482596453681,70.03174725507482,70.11748512969892,70.20489937675084,70.29341610374111,70.38246141818017,70.47146142757855,70.55984223944671,70.64702996129516,70.73245182360594,70.81571739937046,70.89681863340098,70.97579561791605,71.05268844513417,71.12753720727387,71.2003819965537,71.27126290519215,71.34022002540776,71.40729344941904,71.47252326944454,71.53594957770275,71.59761246641222,71.65755202779147,71.715808354059,71.77242153743337,71.82743167013308,71.88087884437665,71.93280315238263,71.98324468636953,72.03224556582903,72.07996954664331,72.12676892109977,72.17301219967118,72.21906789283031,72.26530451104996,72.3120905648029,72.35979456456192,72.40878502079981,72.45943044398935,72.5120993446033,72.56716023311446,72.62498161999562,72.68593201571956,72.75037993075904,72.81869387558686,72.8912423606758,72.96839389649865,73.05051699352819,73.1379801622372,73.23113761794622,73.3299100308123,73.4337168472176,73.54194959332509,73.65399979529776,73.76925897929861,73.88711867149061,74.00697039803676,74.12820568510004,74.2502160588434,74.37239304542986,74.49412817102241,74.61481296178398,74.73383894387761,74.85059764346629,74.96448058671295,75.07487929978062,75.18118530883227,75.28279014003088,75.37908531953944,75.46949787430141,75.55409214127168,75.63348371352457,75.70830636053402,75.77919385177397,75.8467799567184,75.91169844484119,75.97458308561639,76.03606764851784,76.09678590301957,76.15737161859545,76.2184585647195,76.28068051086561,76.34467122650776,76.4110644811199,76.48049404417594,76.55359368514985,76.63099717351557,76.71333827874707,76.80125077031826,76.89529371255881,76.99515772249595,77.09997312857467,77.208860921097,77.32094209036481,77.43533762668017,77.55116852034502,77.6675557616613,77.78362034093104,77.89848324845619,78.0112654745387,78.12108800948059,78.22707184358379,78.32833796715028,78.42400737048206,78.51320104388111,78.59503997764938,78.66864516208881,78.73313758750143,78.78763824418922,78.83143893768039,78.86518803524197,78.89018081078507,78.90771652224944,78.91909442757486,78.925613784701,78.92857385156765,78.92927388611454,78.92901314628139,78.92909089000796,78.930806375234,78.9354588598992,78.94434760194332,78.95877185930613,78.98003088992735,79.0094239517467,79.04825030270396,79.09780920073882,79.15939990379104,79.23432166980038,79.32319615109247,79.42285332014083,79.5288049947477,79.63656166926705,79.74163383805268,79.83953199545846,79.9257666358383,79.99584825354603,80.04528734293552,80.06959439836069,80.06427991417533,80.02485438473337,79.94682830438865,79.82571216749506,79.65701646840643,79.43625170147664,79.15892836105957,78.8205569415091,78.41664793717908,77.94271184242336
70.31942645592937,70.04925425777336,69.80639478610316,69.58967735881014,69.3979312937856,69.22998590892088,69.08467052210733,68.96081445123627,68.85724701419903,68.77279752888693,68.70629531319132,68.6565696850035,68.62244996221484,68.60276546271665,68.59634550440026,68.60201940515701,68.61861648287821,68.64496605545521,68.67989744077936,68.72223995674194,68.7708231097716,68.82466418943778,68.88332064464565,68.94644645539287,69.01369560167711,69.084722063496,69.1591798208472,69.23672285372838,69.31700514213718,69.39968066607125,69.48440340552825,69.57082734050584,69.65860645100167,69.7473947170134,69.83684611853867,69.92661463557515,70.01635424812049,70.10571893617234,70.19436267972834,70.28193945878617,70.36810409422571,70.452647945182,70.53564869119562,70.61722006463361,70.697475797863,70.77652962325081,70.85449527316408,70.9314864799698,71.00761697603502,71.08300049372677,71.15775076541206,71.23198152345792,71.30580650023138,71.37933942809946,71.45269403942919,71.52598406658758,71.59932324194168,71.6728252978585,71.74660396670505,71.82077298084837,71.89544522161644,71.97068250799353,72.0464675123312,72.12277609866857,72.19958413104472,72.27686747349873,72.35460199006968,72.43276354479669,72.51132800171882,72.59027122487518,72.66956907830485,72.7491974260469,72.82913213214046,72.90934906062458,72.98982407553837,73.0705330409209,73.1514518208113,73.23255627924861,73.31382228027196,73.3952256879204,73.47674368008113,73.55839328118992,73.64023758248071,73.72234224129693,73.80477291498201,73.8875952608794,73.97087493633252,74.05467759868482,74.13906890527974,74.22411451346072,74.30988008057119,74.3964312639546,74.48383372095437,74.57215310891394,74.66145508517674,74.75180530708624,74.84326943198586,74.93591311721902,75.02980202012918,75.12500179805978,75.2215698314901,75.31941491463444,75.41831731856072,75.51805307658248,75.61839822201317,75.71912878816634,75.82002080835547,75.92085031589404,76.02139334409559,76.12142592627359,76.22072409574155,76.31906388581298,76.41622132980139,76.51197246102026,76.6060933127831,76.69835991840341,76.78854831119472,76.87643452447047,76.9617945915442,77.0444045457294,77.12406392229354,77.20084546671873,77.27499818914168,77.34677403744338,77.41642495950484,77.48420290320699,77.55035981643084,77.61514764705737,77.67881834296755,77.74162385204235,77.80381612216276,77.86564710120976,77.92736873706433,77.98923297760746,78.0514917707201,78.11439706428324,78.17820080617788,78.24315494428498,78.30951142648551,78.37752220066048,78.44736877886764,78.51867329362433,78.5907911248696,78.6630760097245,78.7348816853101,78.80556188874745,78.87447035715756,78.94096082766153,79.00438703738035,79.06410272343513,79.11946162294686,79.16981747303663,79.21452401082547,79.25293497343444,79.28440409798456,79.30828512159691,79.32393178139253,79.33069781449245,79.32793695801774,79.31500294908945,79.291810007052,79.26140864337889,79.2279396826188,79.19554504401222,79.16836664679971,79.15054641022179,79.14622625351899,79.15954809593181,79.19465385670078,79.25568545506646,79.34678481026933,79.47209384154993,79.6357544681488,79.84190860930646,80.09469818426341,80.3982651122602,80.75675131253736,81.17429870433538,81.65504920689483,82.2031447394562
70.64983058835224,70.59551627736978,70.53346058350937,70.4648173350036,70.39074036008513,70.31238348698658,70.23090054394056,70.14744535917971,70.06317176093665,69.979233577444,69.8967846369344,69.81697876764045,69.7409697977948,69.66991155563005,69.60495786937886,69.54726256727382,69.49797947754757,69.45826242843273,69.42926524816195,69.41214176496781,69.4080452979126,69.41762203235042,69.44005938046922,69.47428405921744,69.51922278554343,69.57380227639567,69.63694924872254,69.70759041947247,69.78465250559387,69.86706222403515,69.95374629174474,70.04363142567105,70.1356443427625,70.2287117599675,70.32176039423447,70.41371696251184,70.503508181748,70.59006076889139,70.67230144089042,70.74915691469349,70.81955716169719,70.88296059431556,70.93993376455595,70.99118275888989,71.03741366378895,71.07933256572467,71.1176455511686,71.15305870659228,71.18627811846724,71.21800987326506,71.24896005745728,71.27983475751543,71.31134005991109,71.34418205111575,71.379066817601,71.41670044583839,71.45778902229945,71.50303863345573,71.55315536577878,71.60884530574015,71.67080667361276,71.73926571775371,71.8137171300504,71.89359267280149,71.9783241083056,72.06734319886138,72.16008170676744,72.25597139432247,72.3544440238251,72.45493135757394,72.55686515786766,72.65967718700489,72.76279920728425,72.86566298100442,72.96770027046401,73.06834283796164,73.16702244579602,73.26317085626573,73.35621983166942,73.44560113430575,73.53076276446805,73.61164519038329,73.68875822496815,73.76264339597279,73.83384223114737,73.90289625824207,73.97034700500706,74.03673599919244,74.10260476854842,74.16849484082516,74.23494774377278,74.30250500514148,74.37170815268138,74.44309871414268,74.51721821727551,74.59460818983004,74.67581015955642,74.76136565420484,74.8518162015254,74.94770332926831,75.04953640128846,75.15724737519312,75.27026876762403,75.38801662730856,75.50990700297407,75.63535594334797,75.7637794971576,75.89459371313035,76.02721463999356,76.16105832647463,76.29554082130093,76.43007817319983,76.56408643089867,76.69698164312487,76.82817985860578,76.95709712606876,77.08314949424118,77.20575301185045,77.32432372762392,77.43827769028894,77.54708626839354,77.65086392340072,77.75014001542829,77.84545081957165,77.93733261092618,78.0263216645873,78.11295425565038,78.19776665921083,78.28129515036409,78.36407600420549,78.44664549583047,78.52953990033438,78.61329549281268,78.69844854836074,78.78553534207393,78.87509214904767,78.9676552443774,79.06376090315842,79.1639454004862,79.2687450114561,79.37850907456715,79.49210233564003,79.60768157944952,79.72339923073326,79.83740771422879,79.94785945467368,80.05290687680554,80.1507024053619,80.23939846508034,80.31714748069848,80.38210187695387,80.43241407858406,80.46623651032667,80.48172159691924,80.47702176309934,80.45028943360461,80.39967703317254,80.32333698654077,80.21942171844682,80.08608365362832,79.92300220393577,79.73840134777956,79.54347553068823,79.34942218058703,79.16743872540121,79.00872259305604,78.88447121147678,78.80588200858867,78.78415241231696,78.83047985058693,78.95606175132383,79.1720955424529,79.4897786518994,79.92030850758857,80.47488253744572,81.16469816939605,82.00095283136483,82.99484395127729,84.15756895705874,85.50032527663441
69.7005151336466,69.6649145810414,69.63384603298717,69.60719725682638,69.5848560199016,69.5667100895553,69.55264723313,69.54255521796824,69.5363218114125,69.53383478080534,69.53498189348923,69.53965091680669,69.54772961810026,69.55910576471243,69.57366712398571,69.59130146326264,69.61189654988571,69.63534015119744,69.66152003454036,69.69032396725696,69.7216397176715,69.75535603191115,69.79136446875923,69.82955708964471,69.86982595599656,69.91206312924375,69.9561606708153,70.00201064214014,70.04950510464727,70.09853611976567,70.14899574892434,70.20077605355222,70.25376909507831,70.3078669349316,70.36296163454104,70.41894525533564,70.47570985874435,70.53314750619619,70.5911502591201,70.64961017894507,70.70841956534589,70.76750940316136,70.82689179992971,70.88658907797851,70.94662355963531,71.00701756722762,71.06779342308299,71.12897344952896,71.19057996889305,71.25263530350283,71.31516177568581,71.37818170776953,71.44171742208155,71.50579124094938,71.57042548670059,71.63564248166269,71.70146454816322,71.76791400852973,71.83501318508976,71.90278440017083,71.97124973353698,72.04041671114052,72.11027030052571,72.18079352872857,72.25196942278514,72.32378100973143,72.39621131660347,72.4692433704373,72.54286019826893,72.61704482713438,72.69178028406968,72.76704959611088,72.84283579029398,72.91912189365502,72.99589093323,73.07312593605498,73.15080992916596,73.22892593959898,73.30745699439008,73.38638612057524,73.46569808762555,73.54543050979933,73.625682095483,73.7065549562564,73.78815120369937,73.87057294939174,73.95392230491336,74.03830138184408,74.1238122917637,74.21055714625207,74.29863805688905,74.38815713525446,74.47921649292815,74.57191824148993,74.66636449251966,74.76265735759718,74.86089894830232,74.96119137621491,75.06363675291482,75.16833718998184,75.27538255893533,75.3846429977282,75.49579858065374,75.60852311509419,75.72249040843178,75.83737426804882,75.95284850132757,76.06858691565029,76.18426331839922,76.29955151695665,76.41412531870486,76.52765853102605,76.63982496130257,76.75029841691659,76.85875270525045,76.96486163368641,77.06829900960668,77.16873864039357,77.26585433342933,77.3593198960962,77.44882982921246,77.53431919478953,77.61587825560866,77.6935998611306,77.76757686081606,77.83790210412579,77.90466844052057,77.96796871946108,78.02789579040814,78.08454250282244,78.13800170616472,78.18836624989572,78.2357289834762,78.28018275636691,78.32182041802858,78.36073481792195,78.39701880550777,78.43076523024675,78.46206694159969,78.49101678902727,78.51777105483737,78.54298978540638,78.56757325821388,78.59242323022278,78.61844145839592,78.6465296996962,78.67758971108654,78.7125232495298,78.75223207198886,78.79761793542664,78.84958259680599,78.90902781308984,78.97685534124102,79.05396693822246,79.14126436099704,79.23964936652766,79.3500237117772,79.47328915370852,79.61034744928455,79.76210035546816,79.92873596541617,80.1064489214956,80.2900455669508,80.47433085115142,80.65410972346714,80.82418713326769,80.97936802992271,81.11445736280189,81.22426008127493,81.30358113471152,81.34722547248134,81.34999804395406,81.30670379849937,81.21214768548697,81.06113465428652,80.84846965426772,80.56895763480023,80.2174035452538,79.78861233499805,79.27738895340269
69.07647698406794,68.97789909461223,68.8962553726245,68.830614367805,68.78004462985403,68.74361470847188,68.72039315335881,68.70944851421511,68.70984934074104,68.72066418263692,68.74096158960299,68.76981011133955,68.80627829754688,68.84943469792525,68.89834786217494,68.95208633999624,69.00971868108944,69.07031343515479,69.13293915189259,69.1966643810031,69.26055790305008,69.32391843859611,69.38670613199568,69.44899932969106,69.51087637812451,69.57241562373828,69.63369541297463,69.69479409227586,69.75579000808418,69.81676150684187,69.8777869349912,69.93894463897443,70.00031296523383,70.06197026021164,70.12399487035012,70.18646514209155,70.24945942187819,70.31305605615229,70.3773333913561,70.44236977393193,70.50824330024714,70.57499146076631,70.64256659546943,70.71091032237756,70.77996425951173,70.84967002489299,70.91996923654239,70.99080351248097,71.06211447072978,71.13384372930987,71.20593290624228,71.27832361954806,71.35095748724827,71.42377612736392,71.49672115791608,71.56973419692581,71.64275686241413,71.7157307724021,71.78859754491077,71.86129879796117,71.93377692260728,72.00602069187919,72.07809077086986,72.1500540089358,72.22197725543344,72.29392735971929,72.3659711711498,72.43817553908144,72.51060731287069,72.58333334187402,72.6564204754479,72.7299355629488,72.80394545373319,72.87851699715755,72.95371704257836,73.02961243935205,73.10627003683514,73.18375668438405,73.2621392313553,73.34148452710535,73.4218588352587,73.50331065528722,73.58586794943541,73.66955753594,73.75440623303767,73.84044085896512,73.92768823195912,74.01617517025637,74.10592849209355,74.1969750157074,74.28934155933463,74.38305494121194,74.47814197957605,74.57462949266366,74.67254429871154,74.77191321595633,74.87276306263477,74.9751206569836,75.0790128172395,75.18446636163922,75.29149990801515,75.39998486054232,75.50966528751825,75.62028105863341,75.73157204357831,75.8432781120435,75.95513913371947,76.06689497829673,76.17828551546579,76.28905061491717,76.39893014634139,76.50766397942895,76.61499198387038,76.72065402935617,76.82438998557684,76.92593972222288,77.02504310898486,77.12144001555323,77.21487031161855,77.3050738668713,77.39181362130923,77.47512070725166,77.55519928432209,77.63225639593249,77.7064990854948,77.7781343964209,77.8473693721228,77.91441105601238,77.97946649150161,78.04274272200242,78.10444679092673,78.16478574168649,78.22396661769365,78.28219646236012,78.33968231909786,78.39663123131878,78.45325024243486,78.50974639585799,78.56632673500012,78.62319830327321,78.68057283878709,78.73869936349142,78.79784467896444,78.85827569628164,78.92025932651855,78.98406248075067,79.04995207005352,79.11819500550261,79.1890581981735,79.26280855914162,79.33971299948256,79.42003843027179,79.50405176258484,79.59201990749723,79.6842097760845,79.78088827942209,79.8823223285856,79.98877883465049,80.1005247086923,80.21782686178655,80.34048676015142,80.46570137876257,80.58976225689669,80.70896002475847,80.81958531255258,80.91792875048371,81.00028096875654,81.06293259757577,81.10217426714605,81.11429660767213,81.09559024935864,81.04234582241027,80.95085395703175,80.81740528342773,80.6382904318029,80.40980003236193,80.12822471530954,79.78985511085041,79.3909818491892,78.92789556053062
71.29741233939852,70.96008088889931,70.65555490737773,70.38244778034016,70.13937289329294,69.92494363174251,69.7377733811952,69.5764755271574,69.4396634551355,69.3259505506359,69.23395019916492,69.162275786229,69.10954069733448,69.07435831798776,69.05534203369521,69.05110522996323,69.06026129229816,69.08142360620641,69.11320555719435,69.15422053076836,69.20308209621865,69.2585868715267,69.3200580153372,69.38691278361404,69.45856843232112,69.53444221742232,69.61395139488155,69.6965132206627,69.78154495072964,69.86846384104629,69.95668714757655,70.0456321262843,70.13471603313343,70.22335612408784,70.31096965511142,70.39697388216807,70.48078606122168,70.56182344823614,70.63950329917535,70.71324287000321,70.7824614498805,70.84690846831494,70.90702565835925,70.96334192638331,71.016386178757,71.06668732185024,71.11477426203288,71.16117590567484,71.20642115914596,71.25103892881617,71.29555812105534,71.34050764223335,71.38641639872009,71.43381329688545,71.48322724309931,71.53518714373156,71.59022190515209,71.64886043373077,71.7116316358375,71.77906441784218,71.85168131873894,71.92962283497847,72.01243729706908,72.09962209651322,72.1906746248134,72.28509227347209,72.38237243399178,72.48201249787498,72.58350985662415,72.68636190174178,72.79006602473035,72.89411961709237,72.99802007033031,73.10126477594667,73.20335112544392,73.30377651032455,73.40203832209104,73.4976339522459,73.59006079229161,73.67881623373064,73.76341316190006,73.84383436108872,73.92060586816035,73.99428398137432,74.06542499898998,74.13458521926674,74.20232094046395,74.26918846084098,74.33574407865723,74.40254409217205,74.47014479964483,74.53910249933493,74.60997348950174,74.68331406840463,74.75968053430296,74.83962918545612,74.92371632012348,75.01249823656441,75.1065312330383,75.2063716078045,75.31253871024862,75.42488858357433,75.54270352887333,75.665246929414,75.79178216846468,75.9215726292937,76.05388169516947,76.18797274936028,76.32310917513453,76.45855435576057,76.59357167450672,76.72742451464137,76.85937625943285,76.98869029214953,77.11462999605976,77.23645875443188,77.35343995053428,77.46483696763526,77.56991318900322,77.66793199790649,77.75822312331731,77.84088756301546,77.91652390755976,77.98573904072207,78.0491398462742,78.10733320798799,78.16092600963526,78.21052513498783,78.25673746781754,78.30016989189622,78.34142929099569,78.38112254888777,78.41985654934432,78.45823817613713,78.49687431303805,78.5363718438189,78.57733765225152,78.62037862210772,78.66610163715934,78.71511358117822,78.76791467430492,78.82415804708387,78.88309287654054,78.94396585191902,79.00602366246328,79.06851299741736,79.1306805460253,79.19177299753112,79.25103704117883,79.30771936621248,79.3610666618761,79.41032561741368,79.45474292206927,79.49356526508689,79.52603933571058,79.55141182318434,79.56892941675223,79.57783880565823,79.57738667914641,79.56681972646078,79.54560289249339,79.51442241594818,79.47438911096935,79.42661421798172,79.37220897741008,79.31228462967924,79.24795241521399,79.18032357443913,79.11050934777946,79.03962097565979,78.9687696985049,78.89906675673961,78.83162339078872,78.76755084107701,78.70796034802929,78.65396315207036,78.60667049362503,78.56719361311808,78.53664375097432,78.51613214761856
70.02230928373541,70.02967674378023,70.02500020888056,70.00950884211619,69.98443180656687,69.9509982653124,69.91043738143254,69.86397831800707,69.81285023811574,69.75828230483835,69.70150368125464,69.6437435304444,69.58623101548739,69.5301952994634,69.47686554545218,69.42747091653352,69.3832405757872,69.34540368629295,69.31518941113059,69.29382691337985,69.28254492811091,69.2821458928025,69.29220599734379,69.31208229069341,69.34113182180998,69.37871163965214,69.42417879317851,69.47689033134776,69.53620330311848,69.60147475744935,69.67206174329895,69.74732130962596,69.826610505389,69.90928637954669,69.99470598105768,70.08222635888059,70.17120456197405,70.26099763929672,70.35096263980721,70.44045661246416,70.52883791069335,70.61567670077235,70.70098732003984,70.7848400348631,70.86730511160937,70.94845281664597,71.02835341634017,71.10707717705922,71.18469436517043,71.26127524704106,71.33689008903838,71.41160915752968,71.48550271888223,71.55864103946332,71.63109438564022,71.70293302378022,71.77422722025057,71.84504724141857,71.91546335365149,71.9855458233166,72.05536533662814,72.12501777061868,72.19463804808908,72.26436445061599,72.33433525977604,72.40468875714592,72.47556322430225,72.54709694282168,72.61942819428089,72.69269526025649,72.76703642232515,72.84258996206353,72.91949416104826,72.997887300856,73.0779076630634,73.15969352924711,73.24338318098377,73.32911489985005,73.41702696742259,73.50725766527803,73.59993837281668,73.6949911393717,73.79209600671788,73.8909195358169,73.99112828763039,74.09238882311998,74.19436770324734,74.29673148897409,74.39914674126189,74.50128002107238,74.60279788936718,74.70336690710796,74.80265363525636,74.90032463477402,74.99604646662259,75.0894856917637,75.180308871159,75.26818256577013,75.35277333655874,75.43374774448648,75.51079673879686,75.58404908716972,75.65401225852594,75.72120620858679,75.78615089307345,75.84936626770717,75.91137228820912,75.97268891030053,76.03383608970263,76.09533378213663,76.15770194332374,76.22146052898518,76.28712949484216,76.35522879661592,76.42627839002765,76.50079823079855,76.57930827464989,76.66232847730285,76.75037879447865,76.8439791818985,76.94358543677002,77.04890751358002,77.15917417796322,77.27360617574013,77.39142425273124,77.51184915475707,77.63410162763815,77.75740241719497,77.88097226924803,78.00403192961787,78.12580214412496,78.24550365858984,78.36235721883303,78.47558357067498,78.58440345993627,78.68803763243736,78.78570683399879,78.87663181044104,78.96003330758465,79.0351320712501,79.10128602509053,79.15894251671233,79.20906840977013,79.25263376740153,79.29060865274415,79.32396312893562,79.35366725911352,79.38069110641545,79.40600473397906,79.43057820494191,79.45538158244163,79.48138492961584,79.50955830960214,79.54087178553813,79.57629542056142,79.61679927780962,79.66335342042035,79.7169279115312,79.77849281427979,79.84901819180372,79.92878642208034,80.01423180108664,80.10045086226128,80.18253879590785,80.25559079232991,80.31470204183108,80.35496773471492,80.371483061285,80.35934321184493,80.31364337669827,80.2294787461486,80.10194451049954,79.92613586005463,79.69714798511745,79.41007607599161,79.06001532298068,78.64206091638823,78.15130804651788,77.58285190367319,76.93178767815772
70.47355657802916,70.35693631319381,70.24670784655986,70.14295147456346,70.04574749364079,69.95517620022798,69.8713178907612,69.79425286167663,69.72406140941041,69.6608238303987,69.60462042107767,69.55553147788345,69.51363729725225,69.47901817562018,69.45175440942343,69.43192629509815,69.4196141290805,69.41489820780663,69.41785882771272,69.42857628523493,69.44713073204478,69.4734581342779,69.50707970750702,69.54744254783257,69.59399375135499,69.64618041417467,69.70344963239206,69.7652485021076,69.83102411942173,69.90022358043484,69.97229398124736,70.04668241795977,70.12283598667247,70.20020178348587,70.27822690450043,70.35635844581654,70.43404350353467,70.51072917375524,70.58586255257866,70.65889073610538,70.72926236857523,70.79667747336771,70.86136321533746,70.92361313581712,70.98372077613932,71.0419796776367,71.09868338164193,71.15412542948758,71.20859936250633,71.26239872203082,71.31581704939367,71.3691478859275,71.422684772965,71.47672125183874,71.53155086388139,71.5874671504256,71.64476365280396,71.70373391234915,71.76467147039381,71.82786986827053,71.8936194877469,71.96202113668599,72.03288178339886,72.105983119676,72.18110683730788,72.258034628085,72.33654818379785,72.41642919623688,72.49745935719258,72.57942035845545,72.66209389181596,72.74526164906459,72.8287053219918,72.91220660238812,72.99554718204399,73.07850875274991,73.16087300629637,73.24242163447383,73.32293632907277,73.4021987818837,73.4799988914448,73.55637545156489,73.6316550051447,73.70618012388906,73.7802933795028,73.85433734369076,73.92865458815778,74.0035876846087,74.07947920474837,74.1566717202816,74.23550780291323,74.31633002434813,74.39948095629111,74.48530317044703,74.5741392385207,74.66633173221697,74.76222322324071,74.86215628329668,74.96647348408979,75.07551739732486,75.18959929620425,75.30846858321377,75.43138865769274,75.55760689414723,75.68637066708325,75.81692735100688,75.94852432042418,76.08040894984117,76.21182861376388,76.34203068669842,76.47026254315077,76.59577155762699,76.71780510463316,76.83561055867528,76.94843529425944,77.05552668589166,77.15613210807803,77.24949893532454,77.33487454213724,77.41150630302224,77.47873826106473,77.5370382315835,77.58759904424141,77.63162561227375,77.67032284891582,77.70489566740292,77.73654898097035,77.76648770285337,77.7959167462873,77.82604102450745,77.85806545074908,77.89319493824749,77.93263440023799,77.97758874995586,78.02926290063641,78.08886176551488,78.15759025782666,78.23665329080694,78.32725577769108,78.43060263171435,78.5476457802001,78.67732801454133,78.81763402496591,78.96654260115571,79.12203253279259,79.28208260955844,79.44467162113511,79.6077783572045,79.7693816074484,79.92746016154871,80.0799928091873,80.22495834004607,80.36033554380683,80.48410321015146,80.59424012876181,80.68872508931977,80.76553688150719,80.82265429500595,80.85805611949792,80.86972114466491,80.85614379239507,80.8187038093242,80.75978400786437,80.68176820752166,80.58704022780225,80.47798388821235,80.35698300825808,80.22642140744563,80.0886829052811,79.94615132127075,79.80121047492068,79.65624418573708,79.5136362732261,79.37577055689388,79.24503085624661,79.12380099079047,79.01446478003157,78.91940604347613,78.84100860063026,78.78165627100017
70.47982972759046,70.25139595163417,70.04699584362686,69.86553979146828,69.70593818305822,69.56710140629646,69.44793984908276,69.34736389931692,69.26428394489866,69.19761037372783,69.14625357370413,69.10912393272739,69.08513183869735,69.07318767951381,69.07220184307653,69.08108471728528,69.09874669003983,69.12409814923998,69.15604948278549,69.19351107857612,69.23539352508662,69.28080718343351,69.32943706194106,69.38107086330365,69.43549629021562,69.49250104537134,69.55187283146518,69.61339935119148,69.67686830724462,69.74206740231895,69.80878433910884,69.87680682030864,69.94592254861273,70.01591922671545,70.08658455731118,70.15770624309427,70.22907198675908,70.30046949099999,70.37168645851133,70.4425105919875,70.51273011422018,70.58221769880758,70.65102311249416,70.71921842119804,70.78687569083735,70.85406698733023,70.92086437659479,70.98733992454919,71.05356569711155,71.1196137602,71.18555617973267,71.2514650216277,71.3174123518032,71.38347023617733,71.44971074066821,71.51620593119397,71.58302787367275,71.65024863402266,71.71794027816186,71.78617487200846,71.85502450665534,71.92456278367997,71.99486564591088,72.06600923757458,72.13806970289755,72.2111231861063,72.28524583142732,72.3605137830871,72.43700318531214,72.51479018232894,72.59395091836397,72.67456153764375,72.75669818439478,72.84043700284354,72.92585413721653,73.01302573174024,73.10202793064119,73.19293687814583,73.28582871848069,73.38077959587226,73.47786053196725,73.57698719017296,73.67789562344362,73.78031187969488,73.88396200684235,73.9885720528017,74.09386806548855,74.19957609281855,74.30542218270732,74.41113238307051,74.51643274182375,74.62104930688268,74.72470812616295,74.8271352475802,74.92805671905005,75.02719858848813,75.1242869038101,75.2190477129316,75.31120706376825,75.4004910042357,75.48663977878186,75.56964848800224,75.64973267624565,75.72711515648538,75.80201874169481,75.87466624484725,75.94528047891603,76.01408425687448,76.08130039169596,76.14715169635377,76.21186098382125,76.27565106707176,76.33874475907861,76.40136487281512,76.46373422125465,76.52607561737052,76.58861187413606,76.65156580452462,76.7151602215095,76.77961793806408,76.84515200552897,76.91186199626507,76.9797742703882,77.04891396781012,77.11930622844257,77.19097619219728,77.26394899898605,77.33824978872057,77.41390370131263,77.49093587667397,77.56937145471633,77.64923557535145,77.73055337849112,77.81335000404708,77.89765059193105,77.98348028205478,78.07086421433004,78.15982752866859,78.25039536498214,78.34259286318247,78.43638766133293,78.53129073558735,78.62659529270874,78.72159319830915,78.8155763180006,78.90783651739513,78.99766566210478,79.08435561774158,79.16719824991758,79.24548542424479,79.31850900633528,79.38556086180107,79.44593285625419,79.49891685530669,79.5438047245706,79.57988832965796,79.60645953618081,79.62281020975117,79.62823221598109,79.62201742048259,79.60366526769056,79.57383675150749,79.53359667151466,79.48401023272073,79.42614264013439,79.36105909876431,79.28982481361916,79.21350498970763,79.13316483203836,79.04986954562006,78.96468433546137,78.878674406571,78.79290496395758,78.70844121262982,78.62634835759637,78.54769160386593,78.47353615644714,78.4049472203487,78.34299000057926,78.28872970214752
70.23562983044661,70.11313670350252,69.99693951227549,69.88718361305472,69.78401436212933,69.68757711578849,69.59801723032136,69.51548006201709,69.44011096716484,69.37205530205378,69.31145842297305,69.2584656862118,69.2132224480592,69.17587406480442,69.14656589273659,69.12544328814487,69.11265160731843,69.10833620654643,69.112642442118,69.12571567032234,69.14770106733249,69.17856441371136,69.21775545746847,69.26463172718319,69.31855075143487,69.3788700588029,69.44494717786665,69.5161396372055,69.5918049653988,69.67130069102593,69.75398434266627,69.83921344889919,69.92634553830406,70.01473813946025,70.10374878094713,70.19273499134407,70.28105429923043,70.36806423318562,70.45312232178898,70.5355860936199,70.61481481286408,70.69044956278917,70.76272240062669,70.83193979773058,70.89840822545489,70.96243415515356,71.0243240581806,71.08438440588998,71.1429216696357,71.20024232077172,71.25665283065207,71.3124596706307,71.36796931206162,71.42348822629879,71.47932288469622,71.53577975860787,71.59316531938777,71.65178603838986,71.71194838696815,71.77395883647662,71.8381215424841,71.90460171344996,71.9733491898139,72.04429528573435,72.11737131536975,72.19250859287854,72.26963843241917,72.34869214815006,72.42960105422966,72.51229646481642,72.59670969406874,72.6827720561451,72.7704148652039,72.85956943540363,72.95016708090267,73.04213911585948,73.13541685443252,73.22993161078021,73.325614699061,73.42239743343332,73.52021077113385,73.61897484463233,73.71859727183012,73.81898497351582,73.92004487047804,74.02168388350535,74.1238089333864,74.22632694090976,74.32914482686404,74.43216951203786,74.53530791721981,74.6384669631985,74.74155357076252,74.84447466070048,74.947137153801,75.04944797085264,75.15131403264405,75.25264225996382,75.35333957360055,75.45331289434283,75.55246804779682,75.65069119885327,75.74785150640977,75.84381756863051,75.93845798367965,76.0316413497214,76.12323626491994,76.21311132743942,76.30113513544407,76.38717628709803,76.47110338056551,76.55278501401068,76.63208978559773,76.70888629349083,76.78304313585419,76.85442891085196,76.92291221664836,76.98836165140752,77.05064581329367,77.10963330047097,77.16521471846114,77.21753650831755,77.2669101662751,77.31364993948844,77.35807007511224,77.40048482030116,77.44120842220984,77.48055512799293,77.51883918480509,77.55637483980097,77.59347634013523,77.63045793296251,77.66763386543747,77.70531838471476,77.74382573794904,77.78347017229494,77.82456593490714,77.86742727294028,77.91236843354902,77.95970366388799,78.00971227652373,78.06239614431976,78.11762483684515,78.17526710886811,78.2351917151568,78.29726741047942,78.36136294960414,78.42734708729915,78.49508857833263,78.56445617747278,78.63531863948775,78.70754471914576,78.78100317121498,78.85556275046358,78.93109221165976,79.00746030957171,79.08453579896761,79.16218743461562,79.24028397128394,79.31869416374076,79.39707409680715,79.47388981741648,79.54719366299562,79.6150375556005,79.67547341728697,79.72655317011092,79.76632873612826,79.79285203739487,79.80417499596663,79.79834953389945,79.7734275732492,79.72746103607177,79.65850184442307,79.56460192035895,79.44381318593534,79.29418756320811,79.11377697423315,78.90063334106637,78.65280858576361,78.36835463038081
70.95251767001226,70.49018204491789,70.08562823992938,69.73566373166815,69.43709599675569,69.18673251181343,68.98138075346286,68.81784819832544,68.69294232302259,68.60347060417581,68.54624051840655,68.51805954233627,68.51573515258643,68.53607482577848,68.5758860385339,68.63197626747413,68.70115298922063,68.78022368039488,68.86599581761833,68.95527687751243,69.04487509412951,69.13235310264817,69.21744357763141,69.30026699823733,69.38094384362398,69.45959459294941,69.53633972537169,69.61129972004889,69.68459505613906,69.75634621280027,69.82667366919058,69.89569790446807,69.96353939779078,70.03031862831678,70.09615607520415,70.16117221761093,70.22548753469519,70.289222505615,70.35249760952841,70.41543332559351,70.47815006329327,70.54075691862344,70.603339263223,70.66597948141292,70.72875995751416,70.79176307584767,70.8550712207344,70.91876677649532,70.98293212745138,71.04764965792354,71.11300175223276,71.1790707947,71.24593916964619,71.31368926139234,71.38240345425936,71.45216413256823,71.5230536806399,71.59515448279532,71.66854892335547,71.74331938664129,71.81954692113518,71.89723242500659,71.9762525634398,72.0564733149107,72.1377606578952,72.2199805708692,72.30299903230858,72.38668202068925,72.47089551448711,72.55550549217804,72.64037793223797,72.72537881314277,72.81037411336835,72.89522981139062,72.97981188568545,73.06398631472875,73.14761907699643,73.23057615096438,73.31272351510849,73.39392714790466,73.47405765678405,73.55312603671143,73.63130558539528,73.70877864147225,73.78572754357903,73.86233463035231,73.93878224042876,74.01525271244509,74.09192838503797,74.16899159684408,74.2466246865001,74.32500999264272,74.40432985390862,74.48476660893449,74.56650259635703,74.64972015481287,74.73460162293874,74.8213293393713,74.91008564274725,75.00105287170325,75.09440018025461,75.19006003209253,75.28776016010673,75.3872215466607,75.48816517411788,75.59031202484184,75.693383081196,75.79709932554388,75.901181740249,76.00535130767483,76.10932901018484,76.21283583014252,76.31559274991142,76.41732075185499,76.5177408183367,76.61657393172007,76.7135410743686,76.80836322864576,76.90076137691506,76.99045650154,77.07718121856135,77.16080338551868,77.2412781125314,77.31856196392863,77.39261150403937,77.4633832971927,77.53083390771775,77.5949198999435,77.6555978381991,77.7128242868136,77.76655581011605,77.8167489724355,77.86336033810107,77.90634647144182,77.94566393678681,77.98126929846512,78.01311912080581,78.04116996813792,78.06537840479058,78.08570099509285,78.10217138406946,78.1154353678098,78.12643066025663,78.13609677315321,78.14537321824284,78.15519950726875,78.16651515197421,78.18025966410252,78.19737255539695,78.21879333760074,78.24546152245716,78.27831662170951,78.31829814710102,78.36634561037499,78.42339852327467,78.49039639754335,78.56827874492427,78.65798507716073,78.76045490599597,78.87662774317326,79.00681896721804,79.14785149245816,79.29533409907108,79.44487434822418,79.59207980108471,79.73255801881999,79.86191656259734,79.97576299358406,80.06970487294745,80.13934976185485,80.18030522147353,80.18817881297085,80.15857809751404,80.0871106362705,79.96938399040747,79.80100572109225,79.57758338949222,79.29472455677464,78.94803678410679,78.53312763265603
71.61473434417577,71.27243081405099,70.96677555039926,70.69594936632575,70.4581330749357,70.25150748933433,70.07425342262684,69.92455168791844,69.80058309831436,69.70052846691982,69.62256860684002,69.5648843311802,69.52565645304553,69.50306578554127,69.4952931417726,69.50051933484477,69.51692517786296,69.54269148393242,69.57599906615833,69.61502873764594,69.65796170350545,69.7033696058399,69.75094718111403,69.80058987235924,69.85219312260686,69.90565237488825,69.96086307223476,70.01772065767774,70.07612057424858,70.13595826497858,70.19712917289914,70.2595287410416,70.3230524124373,70.38759563011763,70.4530538371139,70.5193224764575,70.58629699117976,70.65387282431206,70.72194541888574,70.79041021793213,70.85916281236443,70.92812280540196,70.99726015401467,71.06655115560446,71.13597210757318,71.20549930732271,71.2751090522549,71.34477763977164,71.41448136727476,71.48419653216615,71.55389943184768,71.6235663637212,71.69317362518858,71.7626975136517,71.83211432651241,71.90140036117258,71.97053191503407,72.03948528549877,72.10823676996853,72.1767626658452,72.24503989370609,72.31308276465334,72.38096354510267,72.4487594868731,72.51654784178366,72.58440586165338,72.65241079830129,72.7206399035464,72.78917042920777,72.8580796271044,72.92744474905533,72.99734304687959,73.06785177239621,73.13904817742421,73.21100951378263,73.28381303329049,73.3575359877668,73.43225562903062,73.50804920890096,73.58499397919685,73.66316817939516,73.74268000278298,73.82367227240016,73.9062897403058,73.99067715855895,74.07697927921873,74.16534085434418,74.25590663599439,74.34882137622843,74.44422982710539,74.54227674068433,74.64310686902434,74.74686496418448,74.85369577822385,74.96374406320153,75.07715457117656,75.19407205420805,75.31464126435507,75.4390069536767,75.567313874232,75.69968385014195,75.83582710318271,75.97509783010756,76.11683848856548,76.26039153620545,76.40509943067644,76.55030462962745,76.69534959070742,76.83957677156536,76.98232862985026,77.12294762321106,77.26077620929678,77.39515684575636,77.52543199023879,77.65094410039306,77.77103563386814,77.88504904831302,77.99232680137666,78.09221135070806,78.18404515395616,78.26724548915266,78.34209942127761,78.40945516818113,78.47017030026115,78.52510238791555,78.57510900154227,78.62104771153923,78.66377608830436,78.70415170223558,78.74303212373076,78.78127492318788,78.81973767100483,78.85927793757952,78.9007532933099,78.94502130859387,78.99293955382934,79.04536559941425,79.1031570157465,79.16717137322402,79.23826624224473,79.31710352454647,79.4027911818376,79.49369614495349,79.58818078102895,79.6846074571988,79.78133854059783,79.87673639836086,79.96916339762272,80.05698190551821,80.13855428918214,80.21224291574933,80.27641015235459,80.32941836613271,80.36962992421854,80.39540719374688,80.40511254185253,80.39710833567031,80.36975694233504,80.32142072898151,80.25046206274456,80.15628816053297,80.04415290840083,79.92134275172819,79.79514617661732,79.67285166917046,79.56174771548984,79.46912280167774,79.40226541383642,79.36846403806811,79.37500716047506,79.42918326715954,79.5382808442238,79.70958837777007,79.95039435390063,80.26798725871774,80.66965557832361,81.16268779882054,81.75437240631072,82.45199788689646,83.26285272668
70.68949938599232,70.7828435109636,70.84278475783114,70.872127625405,70.87367661249513,70.8502362179116,70.80461094046439,70.73960527896352,70.65802373221902,70.56267079904089,70.45635097823913,70.34186876862375,70.22202866900477,70.09963517819222,69.9774927949961,69.85840601822639,69.74517934669316,69.64061727920637,69.54752431457607,69.46870495161221,69.40696277188997,69.3641877910035,69.33964214649959,69.3321183516457,69.34040891970926,69.36330636395775,69.39960319765856,69.44809193407923,69.50756508648712,69.57681516814975,69.65463469233453,69.7398161723089,69.83115212134035,69.9274350526963,70.02745747964423,70.13001191545155,70.23389087338572,70.3378868667142,70.44079240870445,70.54140001262391,70.63850492984625,70.73134701174328,70.82009843485616,70.9050487720304,70.98648759611149,71.06470447994494,71.13998899637627,71.21263071825095,71.28291921841452,71.35114406971249,71.41759484499033,71.48256111709358,71.54633245886771,71.60919844315828,71.67144864281073,71.73337263067063,71.79525997958342,71.85740026239466,71.92008305194983,71.98359792109443,72.04823237345948,72.11414975980614,72.18132099394728,72.24970043597986,72.31924244600074,72.38990138410685,72.46163161039507,72.5343874849624,72.60812336790565,72.68279361932176,72.75835259930767,72.83475466796025,72.91195418537646,72.98990551165318,73.0685630068873,73.14788103117579,73.22781394461549,73.30831610730337,73.38934187933631,73.47084562081122,73.55278162341841,73.63510210420375,73.71775688170618,73.80069564085787,73.88386806659113,73.96722384383813,74.05071265753116,74.13428419260242,74.21788813398416,74.30147416660861,74.38499197540798,74.46839124531456,74.55162166126055,74.63463290817816,74.71737467099967,74.7997966346573,74.88184848408329,74.96347990420986,75.04464057996924,75.12528019629369,75.20535491295138,75.28493712596554,75.36419977261215,75.44331910528311,75.52247137637036,75.60183283826586,75.68157974336157,75.7618883440494,75.84293489272133,75.92489564176927,76.00794684358516,76.09226475056099,76.17802561508864,76.26540568956008,76.35458122636729,76.44572847790215,76.53902369655665,76.63464313472272,76.7327630447923,76.83355967915736,76.93717300536494,77.04332117964083,77.15145022187437,77.26100161634935,77.37141684734954,77.48213739915869,77.59260475606058,77.702260402339,77.8105458222777,77.91690250016046,78.02077192027105,78.12159556689323,78.2188149243108,78.31187147680748,78.4002067086671,78.48326210417338,78.56047914761012,78.63129932326109,78.69516411541002,78.75151500834073,78.79993618557629,78.84114510389895,78.87639964665613,78.90696102545746,78.93409045191248,78.95904913763084,78.98309829422212,79.00749913329591,79.03351286646179,79.06240070532937,79.09542386150824,79.133843546608,79.17892097223822,79.23191735000853,79.29409389152852,79.36671180840773,79.45103231225582,79.54831661468236,79.65982592729694,79.78682146170917,79.92975908633741,80.08458820818842,80.24569159009226,80.4074504219432,80.5642458936353,80.71045919506284,80.84047151611995,80.94866404670083,81.02941797669962,81.07711449601055,81.0861347945278,81.05086006214552,80.96567148875789,80.82495026425912,80.62307757854336,80.3544346215048,80.01340258303765,79.59436265303603,79.09169602139417,78.49978387800624
70.04176511048355,69.98663861946187,69.93101629083033,69.87527030469931,69.81977284117924,69.76489608038052,69.71101220241356,69.65849338738876,69.60771181541655,69.55903966660732,69.5128491210715,69.46951235891946,69.42940156026164,69.39288890520844,69.36034657387027,69.33214674635754,69.30866160278065,69.29026332325,69.27732408787604,69.27021607676913,69.26931131388169,69.27482628977857,69.28653010229853,69.30411189637425,69.32726081693842,69.35566600892376,69.38901661726298,69.42700178688875,69.46931066273378,69.51563238973078,69.56565611281243,69.61907097691146,69.67556612696055,69.73483070789239,69.7965538646397,69.86042474213517,69.9261324853115,69.99336623910139,70.06181514843755,70.13116835825265,70.20111560333783,70.27144239674102,70.34213509829367,70.4132053580059,70.48466482588782,70.55652515194954,70.62879798620118,70.70149497865287,70.77462777931471,70.84820803819682,70.92224740530932,70.99675753066232,71.07175006426594,71.1472366561303,71.22322895626552,71.29973861468169,71.37677728138895,71.45435660639741,71.5324882397172,71.6111838313584,71.69045429938268,71.77026664494228,71.85051979797998,71.93110683285062,72.01192082390902,72.09285484551008,72.1738019720086,72.25465527775947,72.33530783711751,72.41565272443758,72.49558301407451,72.57499178038317,72.6537720977184,72.73181704043505,72.80901968288796,72.88527309943197,72.96047036442195,73.03450455221275,73.10726873715919,73.17865599361615,73.24856676396617,73.31712494905783,73.38471279121192,73.45172692342842,73.51856397870729,73.58562059004849,73.65329339045198,73.72197901291773,73.79207409044571,73.86397525603586,73.93807914268817,74.01478238340259,74.09448161117909,74.17757345901765,74.2644545599182,74.35552154688072,74.4511710529052,74.55179971099156,74.65780415413978,74.76958101534986,74.88748775988053,75.01117871370117,75.13970000609625,75.27207771246677,75.4073379082137,75.54450666873807,75.68261006944086,75.82067418572304,75.95772509298564,76.09278886662966,76.22489158205606,76.35305931466587,76.47631813986007,76.59369413303966,76.70421336960563,76.80690192495896,76.90078587450066,76.98489129363172,77.05824425775315,77.11987084226595,77.16893060172747,77.20613478588778,77.2331957381697,77.25184248689055,77.26380406036772,77.27080948691854,77.27458779486035,77.27686801251053,77.27937916818641,77.28385029020534,77.29201040688467,77.30558854654176,77.32631373749395,77.35591500805859,77.39612138655303,77.44866190129463,77.51526558060074,77.59766145278869,77.69757854617585,77.81674588907957,77.95651828996118,78.11527861883384,78.28999251074585,78.47761687258556,78.6751086112414,78.87942463360172,79.08752184655494,79.29635715698943,79.50288747179357,79.70406969785576,79.89686074206438,80.07821751130783,80.24509691247447,80.3944558524527,80.52325123813092,80.6284399763975,80.70697897414085,80.75582513824934,80.77193537561133,80.75226659311527,80.69453567953009,80.60071215660896,80.47424394835717,80.31858046311959,80.13717110924105,79.93346529506645,79.71091242894066,79.47296191920857,79.223063174215,78.96466560230486,78.701218611823,78.43617161111432,78.17297400852367,77.9150752123959,77.66592463107592,77.42897167290859,77.20766574623877,77.00545625941135,76.82579262077121,76.67212423866316
71.90492784651293,71.43366881332894,71.01426064543362,70.6440053712211,70.3202050190855,70.04016161742096,69.80117719462159,69.60055377908152,69.43559339919486,69.30359808335572,69.20186985995826,69.12771075739657,69.0784228040648,69.05130802835704,69.04366845866744,69.05280612339011,69.07602305091918,69.11062126964875,69.15390280797297,69.20316969428595,69.25572456717303,69.3094778156946,69.36408802681342,69.41952620540711,69.47576335635331,69.53277048452966,69.5905185948138,69.64897869208333,69.70812178121591,69.76791886708915,69.8283409545807,69.8893590485682,69.95094415392924,70.0130672755415,70.07569941828258,70.13881158703013,70.20237478666178,70.26636002205515,70.33073829808788,70.39548061963761,70.46055806480845,70.52595360185643,70.59167513265866,70.65773369867814,70.7241403413779,70.79090610222093,70.85804202267026,70.92555914418891,70.99346850823987,71.06178115628617,71.13050812979081,71.19966047021683,71.26924921902722,71.339285417685,71.40978010765319,71.48074433039478,71.55218912737281,71.6241255400503,71.69656460989023,71.76951737835563,71.84299499384335,71.91701502077983,71.99160496843746,72.06679320155924,72.14260808488812,72.21907798316711,72.29623126113921,72.3740962835474,72.45270141513468,72.53207502064402,72.6122454648184,72.69324111240083,72.77509032813431,72.8578214767618,72.94146292302631,73.02604303167081,73.11159016743831,73.19813269507178,73.28569897931422,73.37431738490861,73.46401523959274,73.55478842068085,73.64659644549207,73.73939680594474,73.83314699395723,73.9278045014479,74.02332682033507,74.11967144253714,74.21679585997241,74.31465756455927,74.41321404821605,74.51242280286111,74.61224132041279,74.71262709278946,74.81353761190947,74.91493036969115,75.01676285805289,75.118992568913,75.22157699418985,75.3244736258018,75.42763828894861,75.5309968878984,75.63444944611331,75.73789513369564,75.84123312074766,75.94436257737163,76.04718267366985,76.14959257974458,76.25149146569808,76.35277850163266,76.45335285765056,76.55311370385407,76.65196021034545,76.749791547227,76.84650688460098,76.94200539256967,77.03618624123534,77.12894860070026,77.2201916410667,77.30981453243697,77.39770877503466,77.4836767067443,77.5674631413606,77.64881193394346,77.72746693955277,77.80317201324843,77.87567101009034,77.9447077851384,78.0100261934525,78.07137009009253,78.12848333011837,78.18110976858996,78.22899326056717,78.27187766110988,78.309506825278,78.34162460813145,78.3679748647301,78.38830145013384,78.40234821940258,78.40985902759621,78.41070697378113,78.40579157298204,78.3965018095077,78.38422968210435,78.37036718951825,78.35630633049563,78.34343910378274,78.33315750812584,78.32685354227114,78.32591920496492,78.33174649495339,78.34572741098283,78.36925395179945,78.40371811614952,78.45051190277927,78.51102731043494,78.58665633786279,78.67879098380907,78.78882324701999,78.91814512624184,79.0673684891387,79.23273982144066,79.40898801013206,79.59084041850379,79.77302440984666,79.95026734745154,80.11729659460931,80.26883951461079,80.39962347074685,80.50437582630833,80.57782394458611,80.61469518887101,80.60971692245391,80.55761650862566,80.45312131067708,80.29095869189906,80.06585601558245,79.77254064501811,79.40573994349685,78.96018127430958
70.12601252124384,70.03878527831175,69.9566793415641,69.8796912706574,69.80781762524816,69.74105496499288,69.6793998495481,69.6228488385703,69.57139849171602,69.52504536864176,69.48378602900401,69.4476170324593,69.41653493866416,69.39053630727506,69.36961769794854,69.35377567034111,69.34300678410926,69.33730759890952,69.33667467439841,69.3411045702324,69.35059380637935,69.36509937285308,69.38446455151681,69.4085123036149,69.43706559039164,69.46994737309136,69.5069806129584,69.54798827123709,69.59279330917173,69.64121868800666,69.69308736898621,69.7482223133547,69.80644648235648,69.86758283723583,69.93145433923709,69.99788394960461,70.0666946295827,70.13770934041568,70.21075104334788,70.28564269962364,70.36220726944693,70.44026754409668,70.51964596061637,70.60016491144495,70.68164678902136,70.76391398578451,70.84678889417339,70.93009390662691,71.01365141558401,71.09728381348364,71.18081349276474,71.26406284586625,71.34685426522711,71.42901014328625,71.51035287248263,71.59070484525517,71.66988845404283,71.74772609128455,71.82404014941926,71.8986530208859,71.97138971703784,72.04223238409288,72.11140672730883,72.17915940325877,72.24573706851571,72.31138637965275,72.37635399324292,72.44088656585929,72.5052307540749,72.56963321446284,72.63434060359613,72.69959957804785,72.76565679439106,72.8327589091988,72.90115257904412,72.97108446050011,73.0428012101398,73.11654948453626,73.19257594026254,73.2711272338917,73.35244269650809,73.43653949085908,73.52317792974446,73.61210401836894,73.70306376193716,73.79580316565384,73.89006823472363,73.98560497435125,74.08215938974134,74.17947748609862,74.27730526862774,74.37538874253339,74.47347391302029,74.57130678529306,74.66863336455643,74.76519965601507,74.86075166487365,74.95503539633685,75.04779685560939,75.13878204789592,75.22775256919374,75.31474990140957,75.40005762027809,75.48396728401983,75.56677045085532,75.6487586790051,75.73022352668968,75.81145655212961,75.89274931354541,75.97439336915761,76.05668027718673,76.13990159585332,76.22434888337789,76.31031369798099,76.39808759788312,76.48796214130485,76.58022888646667,76.67517939158913,76.77310521489274,76.87429791459806,76.97900474426338,77.08695791574875,77.19755735594754,77.31019745367038,77.4242725977279,77.5391771769307,77.65430558008943,77.76905219601467,77.88281141351706,77.99497762140722,78.10494520849576,78.2121085635933,78.31586207551048,78.4156001330579,78.51071712504617,78.60060744028593,78.68466546758779,78.76228559576236,78.83286221362029,78.89578970997216,78.95059422330462,78.9978482073155,79.03862307438814,79.07399330978465,79.1050333987671,79.1328178265976,79.15842107853825,79.18291763985113,79.20738199579831,79.23288863164193,79.26051203264404,79.29132668406676,79.32640707117217,79.36682767922237,79.41366299347943,79.46798749920548,79.53087568166258,79.60340202611283,79.68664101781833,79.78166714204119,79.88884762104507,80.00459204332338,80.12393414981797,80.24190630009761,80.35354085373108,80.45387017028717,80.53792660933469,80.6007425304424,80.63735029317911,80.64278225711361,80.61207078181467,80.54024822685109,80.42234695179167,80.25339931620515,80.02843767966036,79.74249440172608,79.3906018419711,78.9677923599642,78.46909831527418,77.88955206746981
70.24082216160345,70.24057784486996,70.22749819847824,70.20294735465227,70.16828944561594,70.12488860359319,70.07410896080796,70.01731464948419,69.9558698018458,69.89113855011671,69.82448502652088,69.75727336328222,69.69086769262468,69.62663214677217,69.56593085794864,69.51012795837802,69.46058758028424,69.41867385589123,69.38575091742292,69.36318289710326,69.35233342091374,69.35406189739902,69.36777735060907,69.39262960848171,69.42776849895476,69.47234384996607,69.52550548945345,69.58640324535475,69.65418694560776,69.72800641815036,69.80701149092033,69.89035199185552,69.97717774889378,70.06663858997291,70.15788434303074,70.25006483600511,70.34232989683386,70.43382935345478,70.52371303380575,70.61113076582456,70.69523454588597,70.77552847031137,70.85225498819696,70.92574952037239,70.99634748766728,71.06438431091125,71.13019541093394,71.19411620856495,71.25648212463393,71.31762857997052,71.37789099540431,71.43760479176495,71.49710538988208,71.55672821058529,71.61680867470425,71.67768220306854,71.73968421650783,71.80315013585172,71.86841538192985,71.93581537557185,72.00568181021042,72.0781227354636,72.15289955303662,72.22974384545944,72.30838719526203,72.38856118497434,72.4699973971263,72.5524274142479,72.63558281886908,72.7191951935198,72.80299612073,72.88671718302966,72.97008996294872,73.05284604301714,73.13471700576487,73.21543443372187,73.2947299094181,73.3723350153835,73.44798133414804,73.52140044824166,73.59233404255495,73.6608301876339,73.72729116804351,73.7921389995218,73.85579569780683,73.91868327863665,73.9812237577493,74.04383915088283,74.1069514737753,74.17098274216472,74.23635497178918,74.3034901783867,74.37281037769534,74.44473758545314,74.51969381739816,74.59810108926843,74.680381416802,74.76695681573693,74.85824930181126,74.95468089076303,75.05664386127191,75.1639966523456,75.27613594594933,75.39244319867444,75.51229986711225,75.63508740785407,75.76018727749128,75.88698093261517,76.01484982981712,76.14317542568844,76.27133917682045,76.39872253980451,76.52470697123192,76.64867392769406,76.77000486578225,76.8880812420878,77.00228451320206,77.11199613571634,77.216597566222,77.3154702613104,77.40806187880551,77.49458966586141,77.57576737887733,77.6523170494066,77.72496070900253,77.79442038921844,77.86141812160767,77.92667593772352,77.9909158691193,78.05485994734838,78.11923020396401,78.18474867051957,78.25213737856835,78.32211835966369,78.3954136453589,78.47274526720729,78.55483525676219,78.64240564557693,78.73617846520482,78.83687574719919,78.94500728739732,79.05939737116877,79.17806651071946,79.2990302681512,79.42030420556576,79.53990388506492,79.65584486875046,79.76614271872417,79.86881299708782,79.9618712659432,80.04333308739209,80.11121402353628,80.16352963647752,80.19829548831764,80.21352714115838,80.20724015710155,80.17745009824893,80.12217252670227,80.03942300456339,79.92721709393406,79.78450173579593,79.61543559083933,79.42598914273188,79.22213469424054,79.00984454813226,78.79509100717404,78.58384637413282,78.3820829517756,78.19577304286933,78.030888950181,77.89340297647753,77.78928742452595,77.7245145970932,77.70505679694627,77.73688632685209,77.82597548957766,77.97829658788996,78.19982192455592,78.49652380234254,78.87437452401679
71.81734986324403,71.28481981019024,70.81757565293498,70.411957137332,70.06430400923512,69.77095601449813,69.52825289897484,69.33253440851905,69.18014028898457,69.06741028622523,68.9906841460948,68.94630161444707,68.93060243713589,68.93992636001502,68.97061312893831,69.01900248975952,69.08143418833245,69.15424797051094,69.23378358214879,69.3163807690998,69.39838017409392,69.47701572855544,69.55209091421875,69.62386841343212,69.69261090854388,69.75858108190229,69.82204161585568,69.88325519275236,69.94248449494057,69.99999220476869,70.05604100458493,70.11089357673765,70.16481260357511,70.21806076744565,70.27090075069754,70.32359523567908,70.37640690473859,70.42959844022431,70.48343252448461,70.53817183986774,70.59407852381909,70.65132623516854,70.70990309329378,70.76977385485878,70.83090327652752,70.89325611496398,70.9567971268321,71.02149106879591,71.08730269751933,71.15419676966638,71.22213804190102,71.2910912708872,71.36102121328892,71.43189262577016,71.5036702649949,71.57631888762705,71.64980325033065,71.72408810976967,71.79913822260806,71.8749183455098,71.95139333866348,72.02853427373319,72.10632185017022,72.1847375956225,72.26376303773807,72.3433797041649,72.42356912255099,72.50431282054427,72.58559232579282,72.66738916594454,72.74968486864748,72.83246096154957,72.91569897229886,72.99938042854328,73.08348685793086,73.16799978810957,73.25290074672739,73.33817126143231,73.42379285987235,73.50974706969544,73.59601626353137,73.68260844072185,73.76956122778114,73.85691390157848,73.94470573898306,74.03297601686407,74.12176401209078,74.21110900153238,74.30105026205806,74.39162707053706,74.4828787038386,74.57484443883186,74.6675635523861,74.7610753213705,74.8554190226543,74.9506339331067,75.04675932959691,75.14383448899414,75.24189868816762,75.34099120398656,75.44114195579189,75.5422128765766,75.6439205956344,75.74597695120444,75.84809378152595,75.94998292483812,76.05135621938015,76.15192550339123,76.25140261511054,76.34949939277728,76.44592767463067,76.54039929890989,76.63262610385414,76.72231992770259,76.80919260869447,76.89295598506895,76.97332189506524,77.05000217692253,77.12270866888002,77.19115320917689,77.25510066412656,77.31493235140509,77.37142729924508,77.42537116438847,77.4775496035771,77.5287482735529,77.57975283105776,77.63134893283357,77.68432223562225,77.73945839616566,77.7975430712057,77.85936191748428,77.9257005917433,77.99734475072464,78.0750800511702,78.15969214982186,78.25196670342157,78.35268936871115,78.46264580243256,78.58262166132766,78.71314764439303,78.85272965500356,78.99890802769687,79.14921715047431,79.30119141133716,79.45236519828674,79.6002728993244,79.7424489024514,79.8764275956691,79.99974336697879,80.10993060438179,80.20452369587942,80.28105702947296,80.33706499316378,80.37008197495315,80.37764236284242,80.35728054483288,80.30653090892584,80.22292784312262,80.10400573542455,79.94841811132275,79.76108085745756,79.54908693261744,79.31953148140633,79.07950964842813,78.83611657828672,78.59644741558604,78.36759730493,78.15666139092248,77.9707348181674,77.81691273126867,77.70229027483019,77.63396259345589,77.61902483174964,77.66457213431538,77.77769964575701,77.96550251067842,78.23507587368353,78.59351487937626,79.04791467236049
70.97350658802107,70.67909392052869,70.41944825948774,70.19270442429686,69.99699723435475,69.83046150906006,69.69123206781146,69.57744373000762,69.4872313150472,69.41872964232886,69.3700735312513,69.33939780121314,69.32483727161309,69.3245267618498,69.33660109132192,69.35919507942816,69.39044354556715,69.42848130913758,69.4714431895381,69.51746400616739,69.56467902391852,69.61166722011858,69.658283913584,69.70461251626998,69.75073644013175,69.79673909712449,69.84270389920341,69.88871425832374,69.93485358644065,69.98120529550937,70.0278527974851,70.07487950432302,70.12236882797838,70.17040418040635,70.21906897356214,70.26844661940098,70.31862052987805,70.36967411694856,70.42169079256772,70.47475396869072,70.52894688505198,70.58432481703252,70.64088439882894,70.69861488067079,70.7575055127876,70.81754554540893,70.87872422876431,70.9410308130833,71.00445454859542,71.06898468553022,71.13461047411725,71.20132116458606,71.26910600716619,71.33795425208716,71.40785514957854,71.47879794986987,71.55077190319068,71.62376625977053,71.69777026983895,71.77277318362549,71.84876415202687,71.92572636597117,72.00363377843497,72.0824595477324,72.16217683217754,72.24275879008452,72.32417857976746,72.40640935954048,72.48942428771765,72.57319652261312,72.65769922254098,72.74290554581538,72.82878865075037,72.9153216956601,73.00247783885868,73.09023023866021,73.17855205337882,73.2674164413286,73.3567965608237,73.44666557017817,73.5369960704467,73.62774376204943,73.71884480649672,73.81023427690154,73.90184724637689,73.99361878803576,74.08548397499112,74.17737788035599,74.26923557724332,74.36099213876612,74.45258263803736,74.54394214817002,74.63500574227712,74.72570849347161,74.81598547486651,74.90577175957476,74.9950024207094,75.08361253138337,75.17153716470969,75.25871139380132,75.34507618923502,75.43067839285662,75.51565642232902,75.6001517148165,75.68430570748342,75.76825983749406,75.85215554201274,75.93613425820378,76.0203374232315,76.10490647426019,76.18998284845418,76.27570798297778,76.3622233149953,76.44967028167106,76.53819032016938,76.62792486765454,76.7190153612909,76.81160323824274,76.90582993567438,77.00183689075014,77.09974752696384,77.19947585888984,77.30080079857385,77.4034990063527,77.50734714256332,77.61212186754253,77.71759984162725,77.8235577251543,77.92977217846062,78.03601986188303,78.14207743575844,78.24772156042371,78.35272889621571,78.45687610347132,78.55993984252741,78.66169677372085,78.76192355738854,78.86039685386731,78.95689332349409,79.0511896266057,79.14301456497782,79.23171686248281,79.31646399438947,79.39642231973188,79.47075819754414,79.53863798686035,79.59922804671461,79.65169473614102,79.69520441417369,79.7289234398467,79.75201817219414,79.76365497025014,79.76300019304878,79.74922019962418,79.72148134901039,79.67895000024157,79.62079251235178,79.54617524437512,79.4542645553457,79.34422680429762,79.2157982582086,79.07190421971731,78.91657864050909,78.75385658537061,78.58777311908861,78.42236330644982,78.26166221224095,78.10970490124875,77.9705264382599,77.84816188806116,77.74664631543924,77.67001478518085,77.62230236207273,77.6075441109016,77.6297750964542,77.69303038351721,77.8013450368774,77.95875412132145,78.16929270163611,78.4369958426081
71.11987840741683,70.74557339655595,70.41504367009739,70.12595775536538,69.87598417968417,69.66279147037797,69.48404815477102,69.33742276018758,69.22058381395188,69.13119984338813,69.0669393758206,69.02547093857349,69.00446305897107,69.00158426433755,69.01450308199718,69.0408880392742,69.07840766349281,69.1247304819773,69.17752502205187,69.23445981104075,69.2932039189773,69.35196695415728,69.41051338644459,69.46888555276175,69.52712579003126,69.58527643517566,69.64337982511744,69.70147829677911,69.75961418708319,69.81782983295219,69.8761675713086,69.93466973907496,69.99337867317378,70.05233671052756,70.11158618805882,70.17116944269006,70.2311288113438,70.29150663094255,70.35234523840882,70.41368697066513,70.47557409513514,70.53803759437028,70.60108478657082,70.66472001017479,70.7289476036202,70.79377190534505,70.85919725378737,70.92522798738518,70.99186844457648,71.05912296379931,71.12699588349167,71.19549154209157,71.26461427803704,71.33436842976609,71.40475833571672,71.47578833432696,71.54746276403483,71.61978596327835,71.69276227049552,71.76639602412436,71.84069181745043,71.91566953461158,71.99137276056669,72.06784711905499,72.14513823381567,72.22329172858795,72.30235322711104,72.38236835312414,72.46338273036643,72.54544198257716,72.62859173349551,72.7128776068607,72.79834522641194,72.88504021588841,72.97300819902935,73.06229479957395,73.15294564126141,73.24500634783095,73.33852254302178,73.43353985057308,73.53010008194937,73.62812942947063,73.72742041757424,73.82775812484851,73.92892762988174,74.0307140112622,74.13290234757824,74.23527771741813,74.33762519937017,74.43972987202265,74.5413768139639,74.64235110378219,74.74243782006585,74.84142204140315,74.9390888463824,75.0352233135919,75.12961052161995,75.22203554905487,75.31228347448491,75.40013937649842,75.4854055445662,75.56819323792219,75.6488809663842,75.72785605174185,75.80550581578481,75.88221758030274,75.95837866708526,76.03437639792203,76.11059809460271,76.18743107891696,76.2652626726544,76.34448019760471,76.42547097555753,76.5086223283025,76.59432157762927,76.6829560453275,76.77491305318684,76.87057992299692,76.97034397654743,77.07459253562799,77.18366807561065,77.29739173226307,77.41524829322081,77.53671694031743,77.66127685538635,77.78840722026106,77.91758721677505,78.04829602676176,78.18001283205467,78.31221681448724,78.44438715589297,78.57600303810531,78.70654364295774,78.83548815228374,78.96231574791676,79.08650561169027,79.20753692543778,79.32488887099271,79.43804063018854,79.54647138485876,79.64968966110831,79.74743702817742,79.83956618710987,79.92593052336397,80.00638342239799,80.08077826967022,80.14896845063896,80.21080735076247,80.26614835549904,80.31484485030697,80.35675022064453,80.39171785197001,80.41960112974171,80.44025343941789,80.45352816645683,80.45927869631686,80.45735841445622,80.44762070633321,80.42991895740612,80.40410655313323,80.37022103708831,80.32933044698763,80.28286106563144,80.23223953550385,80.17889249908896,80.12424659887093,80.06972847733381,80.01676477696175,79.96678214023882,79.92120720964917,79.88146662767689,79.84898703680608,79.82519507952085,79.81151739830533,79.8093806356436,79.82021143401978,79.84543643591799,79.88648228382232,79.94477562021689,80.02174308758582
70.87730359636201,70.70099749567777,70.53693005485079,70.38487493368135,70.24460579196975,70.11589628951633,69.99852008612137,69.8922508415852,69.79686221570809,69.7121278682904,69.63782145913238,69.57371664803439,69.5195870947967,69.47520645921965,69.44034840110352,69.41478658024863,69.39829465645528,69.39064628952379,69.39161513925444,69.40097486544758,69.41849906002427,69.44389370721684,69.47667031733346,69.51630564652903,69.56227645095846,69.61405948677665,69.67113151013852,69.73296927719895,69.79904954411286,69.86884906703514,69.9418446021207,70.01751290552444,70.09533073340127,70.1747748419061,70.25532198719381,70.33644892541933,70.41763241273755,70.49834920530337,70.57807605927171,70.65628973079745,70.7324682206707,70.80629162732076,70.8778638474596,70.94734214153301,71.01488376998682,71.0806459932668,71.14478607181877,71.20746126608854,71.26882883652189,71.32904604356465,71.3882701476626,71.44665840926154,71.5043680888073,71.56155644674566,71.61838074352241,71.67499823958339,71.73156619537437,71.78824187134117,71.84518252792958,71.90254542558542,71.96048778148139,72.01916421640536,72.07872532674857,72.13932136271765,72.20110257451924,72.26421921235996,72.32882152644642,72.39505976698524,72.46308418418306,72.5330450282465,72.60509254938218,72.67937699779671,72.75604862369673,72.83525767728887,72.91715440877972,73.00188906837593,73.08961190628413,73.18047317271092,73.27462311786293,73.37221199194678,73.47338244979885,73.57804679291675,73.68585101012829,73.79642625555375,73.9094036833134,74.02441444752749,74.14108970231631,74.2590606018001,74.37795830009915,74.49741395133373,74.61705870962409,74.73652372909052,74.85544016385326,74.97343916803261,75.09015189574882,75.20520950112216,75.31824313827289,75.42888396132129,75.53676312438762,75.64151178159216,75.74277528197737,75.84045380182963,75.93466793618754,76.02554554788996,76.11321449977572,76.19780265468367,76.27943787545266,76.35824802492148,76.43436096592902,76.50790456131408,76.57900667391552,76.64779516657218,76.71439790212288,76.77894274340647,76.8415575532618,76.90237019452766,76.96150853004295,77.01910042264647,77.07527373517708,77.13015633047358,77.18389520195242,77.23685973599433,77.28956279831186,77.34251964593977,77.39624553591281,77.45125572526572,77.50806547103328,77.5671900302502,77.62914465995128,77.69444461717124,77.76360515894484,77.83714154230685,77.91556902429201,77.99940286193507,78.08915831227078,78.18535063233391,78.28849507915919,78.39910690978138,78.51770138123526,78.64479375055555,78.7807339649074,78.92455913155861,79.07468030086555,79.2295046675608,79.38743942637697,79.54689177204662,79.70626889930239,79.86397800287682,80.01842627750254,80.16802091791212,80.31116911883815,80.44627807501324,80.57175498116997,80.68600703204093,80.78744142235871,80.87446534685591,80.94548600026513,80.99891057731894,81.03314627274993,81.04660028129072,81.0379549908183,81.00743268834808,80.95579099755919,80.88378807961739,80.79218209568846,80.68173120693815,80.55319357453224,80.40732735963653,80.24489072341672,80.06664182703862,79.87333883166798,79.66573989847058,79.44460318861219,79.21068686325856,78.96474908357546,78.70754801072866,78.43984180588393,78.16238863020705,77.87594664486375,77.58127401101981
71.49857576375693,71.15559840320874,70.8479383751819,70.57389550950812,70.33176963601919,70.11986058454683,69.93646818492279,69.77989226697883,69.64843266054672,69.5403891954582,69.454061701545,69.3877500086389,69.33975394657163,69.30837334517496,69.29190803428062,69.28865784372037,69.29692260332597,69.31500214292916,69.3411962923617,69.37380488145533,69.41112809327647,69.45181793263184,69.49553842168334,69.54213443874853,69.59145086214498,69.64333257019025,69.6976244412019,69.75417135349747,69.81281818539453,69.87340981521066,69.93579112126339,69.99980698187031,70.06530227534896,70.13212188001688,70.20011067419168,70.26911353619087,70.33897534433204,70.40954097693275,70.48065531231053,70.55216322878299,70.62390984254873,70.69577889574887,70.76773512903661,70.83975348221695,70.91180889509494,70.98387630747563,71.05593065916405,71.12794688996523,71.19989993968422,71.27176474812603,71.34351625509574,71.41512940039834,71.48657912383892,71.55784036522248,71.62888806435404,71.69969716103869,71.77024259508143,71.8404993062873,71.91044223446136,71.98004631940861,72.04928723694621,72.11818482361753,72.18682736509147,72.25530903513383,72.3237240075104,72.39216645598694,72.46073055432925,72.52951047630309,72.59860039567423,72.66809448620847,72.73808692167158,72.80867187582933,72.87994352244752,72.95199603529191,73.02492358812829,73.09882035472243,73.17378050884011,73.2498982242471,73.32726767470919,73.40598303399216,73.48613654046217,73.56776173544381,73.65082430031258,73.73528613636658,73.82110914490391,73.90825522722268,73.99668628462099,74.08636421839695,74.17725092984867,74.26930832027423,74.36249829097174,74.45678274323933,74.55212357837507,74.6484826976771,74.7458220024435,74.84410339397236,74.94328877356182,75.04334004250997,75.1442191021149,75.24588785367473,75.34830373580095,75.45134407295525,75.55481689300171,75.65852793890896,75.76228295364558,75.86588768018015,75.96914786148128,76.07186924051753,76.17385756025753,76.27491856366983,76.37485799372304,76.47348159338577,76.57059510562657,76.66600427341406,76.75951483971681,76.85093254750345,76.94006313974252,77.02671235940262,77.11068594945237,77.19178965286035,77.2698482430096,77.34490772185163,77.41715681944649,77.48678664465608,77.55398830634232,77.61895291336708,77.68187157459228,77.7429353988798,77.80233549509154,77.86026297208942,77.9169089387353,77.97246450389112,78.02712077641874,78.08106886518009,78.13449987903704,78.18760492685149,78.24057511748536,78.29360155980054,78.3468753626589,78.40058763492239,78.45486367393625,78.5093061223191,78.56326838315583,78.6161023245688,78.66715981468037,78.71579272161294,78.76135291348888,78.80319225843054,78.84066262456032,78.87311588000058,78.89990389287371,78.92037853130208,78.93389166340806,78.93979515731402,78.93744088114235,78.92618070301542,78.90536649105559,78.87435011338525,78.83248343812677,78.77911833340254,78.71424110641016,78.64138819706338,78.56533022753952,78.49083905915468,78.42268655322502,78.36564457106668,78.32448497399577,78.30397962332843,78.3089003803808,78.34401910646903,78.41410766290922,78.52393791101753,78.67828171211008,78.881910927503,79.13959741851245,79.45611304645455,79.83622967264542,80.28471915840119,80.80635336503804,81.40590415387206
69.77937131638532,69.38061327396211,69.0435113569182,68.76424081905485,68.5389769141733,68.36389489607483,68.23517001856065,68.14897753543207,68.10149270049028,68.0888907675366,68.10734699037222,68.15303662279844,68.22213491861649,68.31081713162763,68.41525851563311,68.5316343244342,68.65611981183213,68.78489023162815,68.91412083762354,69.03998688361953,69.15866467382696,69.2673767203855,69.36635495884462,69.45636913445223,69.53818899245614,69.61258427810424,69.68032473664438,69.74218011332444,69.79892015339223,69.85131460209567,69.9001332046826,69.94614570640087,69.99012185249836,70.0328313882229,70.07504405882239,70.11752960954466,70.1610577856376,70.20639833234904,70.25432099492684,70.3055955186189,70.36098959494629,70.42093744154904,70.48517398210858,70.55334608677195,70.62510062568617,70.70008446899827,70.77794448685529,70.85832754940424,70.94088052679216,71.02525028916607,71.111083706673,71.19802764945997,71.28572898767403,71.3738345914622,71.46199133097149,71.54984607634893,71.63704569774157,71.7232370652964,71.8080670491605,71.89118251948085,71.97223381158865,72.05107917186344,72.1278991088098,72.20290185240543,72.276295632628,72.34828867945521,72.41908922286476,72.48890549283433,72.55794571934162,72.62641813236431,72.69453096188009,72.76249243786665,72.8305107903017,72.89879424916292,72.96755104442799,73.03698940607461,73.10731756408047,73.17874374842326,73.25147618908068,73.3257231160304,73.40168923556294,73.4794723871436,73.55904686095593,73.640380064982,73.72343940720384,73.80819229560349,73.89460613816303,73.9826483428645,74.07228631768992,74.16348747062138,74.25621920964089,74.35044894273052,74.44614407787232,74.54327202304833,74.6418001862406,74.74169597543118,74.84292679860212,74.94546006373548,75.04926317881329,75.1543035518176,75.2605434738902,75.36785337865624,75.47602424544513,75.58484443376402,75.6941023031201,75.80358621302051,75.91308452297247,76.02238559248309,76.1312777810596,76.23954944820912,76.34698895343885,76.45338465625596,76.5585249161676,76.66219809268095,76.76419254530319,76.86429663354147,76.96229871690298,77.05798715489486,77.15115030702434,77.24157653279853,77.32907761219467,77.41373758815423,77.49581615714403,77.57557594318963,77.6532795703166,77.7291896625505,77.80356884391689,77.87667973844135,77.94878497014943,78.02014716306671,78.09102894121874,78.1616929286311,78.23240174932936,78.30341802733906,78.37500438668579,78.4474234513951,78.52093784549255,78.59581019300374,78.6723031179542,78.75067924436952,78.83113350913865,78.91332329882978,78.99664965718186,79.0805120492251,79.16430993998972,79.24744279450596,79.32931007780404,79.40931125491416,79.48684579086658,79.56131315069153,79.6321127994192,79.69864420207985,79.76030682370366,79.8165001293209,79.86662358396177,79.9100766526565,79.94625880043533,79.97456949232846,79.99440819336613,80.00517436857855,80.00635241087544,79.99790194436711,79.97994780442939,79.95261499231292,79.91602850926829,79.87031335654613,79.81559453539707,79.7519970470717,79.67964589282066,79.59866607389456,79.50918259154402,79.41132044701963,79.30520464157205,79.19096017645187,79.06871205290973,78.93858527219619,78.80070483556194,78.65519574425757,78.50218299953367,78.34179160264087
69.462415171524,69.58638304110934,69.67622960105506,69.73486289578426,69.76519096972008,69.77012186728562,69.75256363290403,69.71542431099839,69.66161194599185,69.59403458230751,69.51560026436852,69.42921703659796,69.33779294341898,69.24423602925468,69.1514543385282,69.06235591566265,68.97984880508115,68.90684105120681,68.84624069846278,68.80095579127214,68.77389336088973,68.76695132291633,68.77912486569512,68.80889043538573,68.85472447814776,68.91510344014078,68.98850376752443,69.07340190645832,69.16827430310201,69.27159740361515,69.38184765415733,69.49750150088815,69.61703538996721,69.73892576755414,69.86164907980853,69.98368177288998,70.10350029295809,70.21958108617248,70.33040059869276,70.43443527667851,70.5301658192933,70.61676350721432,70.69484776895811,70.76522038058485,70.82868311815469,70.88603775772782,70.93808607536442,70.98562984712464,71.02947084906866,71.07041085725666,71.1092516477488,71.14679499660525,71.18384267988621,71.22119647365182,71.25965815396225,71.3000294968777,71.34311227845832,71.38970827476429,71.44061926185577,71.49664701579295,71.55858514163569,71.62673698442609,71.70064598617863,71.77979022090545,71.8636477626187,71.95169668533048,72.04341506305293,72.1382809697982,72.2357724795784,72.33536766640567,72.43654460429212,72.53878136724991,72.64155602929117,72.744346664428,72.84663134667255,72.94788815003695,73.04759514853333,73.14523041617383,73.24027202697056,73.33219805493567,73.4205014431358,73.50512608518196,73.58653722090945,73.66522913127575,73.7416960972383,73.81643239975458,73.88993231978203,73.9626901382781,74.03520013620027,74.10795659450598,74.18145379415269,74.25618601609786,74.33264754129895,74.4113326507134,74.49273562529869,74.57735074601226,74.66567229381157,74.75819454965408,74.85541179449726,74.95781830929853,75.06586911246426,75.17931438108309,75.29729462334984,75.41893024503324,75.54334165190195,75.66964924972464,75.79697344427002,75.92443464130675,76.05115324660352,76.176249665929,76.2988443050519,76.41805756974088,76.53300986576464,76.64282159889181,76.74661317489114,76.84350499953128,76.93261747858094,77.01307101780876,77.08398602298345,77.1444828998737,77.1937932498254,77.23244132276999,77.26178533546818,77.28319740412786,77.29804964495693,77.3077141741633,77.31356310795482,77.3169685625394,77.31930265412494,77.32193749891933,77.32624521313043,77.33359791296618,77.34536771463443,77.3629267343431,77.38764708830006,77.4209008927132,77.46406026379044,77.51849731773963,77.5855841707687,77.66669293908551,77.76289400385035,77.87286145972294,77.99412667883571,78.12421399576904,78.2606477451032,78.40095226141854,78.54265187929539,78.68327093331406,78.82033375805491,78.95136468809824,79.07388805802437,79.18542820241365,79.2835094558464,79.36565615290293,79.42939262816358,79.47224321620868,79.49173225161856,79.48538406897353,79.45072300285392,79.38527338784007,79.28781832731543,79.16418462118875,79.02264776805615,78.87148572504651,78.71897644928876,78.57339789791182,78.44302802804458,78.33614479681599,78.26102616135493,78.22595007879033,78.23919450625111,78.30903740086617,78.44375671976442,78.65163042007478,78.94093645892617,79.31995279344751,79.7969573807677,80.38022817801561,81.07804314232024,81.89868023081046
71.6902632970594,71.25150212295036,70.86546490210287,70.52924787907871,70.23994729843972,69.99465940474767,69.79048044256439,69.6245066564517,69.49383429097136,69.39555959068522,69.32677880015507,69.28458816394271,69.26608392660997,69.26836233271862,69.28851962683049,69.32365205350737,69.37085585731111,69.42722728280346,69.48986257454624,69.55585797710128,69.6223104310061,69.68701006861536,69.74974099272168,69.81064364568633,69.86985846987055,69.92752590763561,69.98378640134275,70.03878039335326,70.09264832602838,70.14553064172938,70.19756778281752,70.24890019165404,70.29966831060023,70.35001258201731,70.4000734482666,70.4499913517093,70.4999067347067,70.54996003962005,70.6002917088106,70.65104218463965,70.70235163945453,70.7543164020982,70.80694086168609,70.8602178304883,70.91414012077496,70.96870054481622,71.02389191488217,71.07970704324298,71.13613874216875,71.19317982392963,71.25082310079571,71.30906138503715,71.36788748892407,71.4272942247266,71.48727440471487,71.54782084115898,71.6089263463291,71.67058373249533,71.73278581192781,71.79552539689666,71.85879554118483,71.92260378934476,71.98698014662156,72.05195655036295,72.11756493791663,72.1838372466303,72.25080541385171,72.31850137692857,72.38695707320855,72.45620444003939,72.5262754147688,72.5972019347445,72.6690159373142,72.7417493598256,72.81543413962643,72.8901022140644,72.9657855204872,73.04251599624259,73.12032557867823,73.19924620514186,73.27930972904832,73.36054545828603,73.44297975784723,73.52663882879285,73.61154887218382,73.69773608908099,73.78522668054532,73.8740468476377,73.96422279141902,74.0557807129502,74.14874681329215,74.24314729350576,74.33900835465195,74.43635619779164,74.5352170239857,74.63561703429505,74.7375824297806,74.84113941150326,74.94631418052396,75.05313293790354,75.16161654692776,75.2716900471419,75.38319559311795,75.49597260648696,75.60986050888002,75.72469872192819,75.84032666726256,75.9565837665142,76.07330944131417,76.19034311329358,76.30752420408345,76.42469213531487,76.54168632861894,76.65834620562671,76.7745111879693,76.89002069727769,77.00471415518305,77.11843098331639,77.23101060330879,77.34229243679138,77.45210054242492,77.56008038434109,77.66576220439467,77.76867432406914,77.86834506484806,77.96430274821483,78.05607569565299,78.14319222864606,78.22518066867752,78.30156933723086,78.37188655578959,78.43566064583717,78.49241992885715,78.54169272633297,78.58300735974817,78.61589215058623,78.63987542033064,78.65448549046491,78.65925068247253,78.65369931783701,78.63747565810561,78.61114472498238,78.57571062513594,78.53218016937637,78.48156016851374,78.42485743335811,78.36307877471958,78.29723100340817,78.22832093023399,78.1573553660071,78.08534112153754,78.0132850076354,77.9421938351108,77.87307441477373,77.80693355743429,77.74477807390255,77.68761477498859,77.63645047150246,77.59229197425424,77.55614609405399,77.52936133261142,77.5151981924709,77.51758187175506,77.54043823595148,77.58769315054775,77.6632724810315,77.77110209289035,77.91510785161191,78.09921562268374,78.32735127159353,78.60344066382882,78.93140966487724,79.31518414022639,79.75868995536393,80.26585297577742,80.84059906695447,81.48685409438272,82.20854392354974,83.00959441994317,83.89393144905063
70.53732063343581,70.62608860011116,70.68416199745003,70.71412596624707,70.71856564729694,70.70006618139432,70.66121270933384,70.60459037191016,70.53278430991797,70.44837966415189,70.3539615754066,70.25211518447674,70.14542563215699,70.036478059242,69.92785760652642,69.82214941480491,69.72193862487215,69.62981037752277,69.54834981355145,69.48014207375283,69.42777144742897,69.39297413723443,69.37504681947352,69.37285020623011,69.3852450095881,69.41109194163138,69.44925171444386,69.4985850401094,69.55795263071191,69.62621519833529,69.70223345506344,69.78486811298022,69.87297988416957,69.96542948071533,70.06107761470143,70.15878499821177,70.25741234333022,70.35582036214068,70.45286976672705,70.5474212691732,70.63833824768574,70.7249169921418,70.80736160719191,70.88599050749662,70.96112210771646,71.03307482251199,71.10216706654374,71.16871725447227,71.23304380095811,71.29546512066182,71.35629962824392,71.41586573836496,71.47448186568549,71.53246642486607,71.59013783056722,71.64781449744947,71.70581484017342,71.76445727339956,71.82406021178845,71.88494207000063,71.94741881957744,72.01165984490615,72.07760732028538,72.14518387505986,72.21431213857431,72.28491474017349,72.35691430920212,72.43023347500495,72.50479486692669,72.58052111431209,72.65733484650589,72.7351586928528,72.8139152826976,72.89352724538497,72.97391721025969,73.05500780666647,73.13672166395004,73.21898141145516,73.30170967852655,73.38482909450892,73.46826458283107,73.55201064218886,73.63614220759935,73.72073869471242,73.80587951917803,73.89164409664608,73.97811184276645,74.0653621731891,74.15347450356393,74.24252824954085,74.33260282676977,74.42377765090062,74.5161321375833,74.60974570246773,74.70469776120382,74.80106772944148,74.89893502283067,74.99837905702124,75.09947924766314,75.20231501040628,75.3069569333226,75.41331713180456,75.52117064661408,75.63028799879315,75.74043970938375,75.8513962994279,75.96292828996759,76.0748062020448,76.18680055670156,76.2986818749798,76.4102206779216,76.5211874865689,76.6313528219637,76.74048720514801,76.84836115716384,76.95474519905315,77.05940985185798,77.16212563662027,77.26266307438205,77.36079268618532,77.4562973508374,77.54910360616744,77.63923067324451,77.72669931785839,77.81153030579878,77.89374440285543,77.97336237481811,78.05040498747651,78.12489300662038,78.1968471980395,78.26628832752358,78.33323716086237,78.39771446384559,78.459741002263,78.51933754190433,78.57652484855934,78.63132368801776,78.68375482606929,78.73383902850374,78.78159706111079,78.82706107973759,78.87035369654696,78.91164065980816,78.95108798344786,78.98886168139266,79.0251277675692,79.0600522559041,79.09380116032399,79.12654049475546,79.15843627312518,79.18965450935973,79.22036121738577,79.2507224111299,79.28090410451877,79.31107231147898,79.34139304593715,79.37203232181993,79.40315615305393,79.43493055356576,79.46752153728208,79.50106643296088,79.53554205567274,79.57086941887108,79.60696947998376,79.64376319643854,79.6811715256632,79.71911542508552,79.7575158521333,79.79629376423429,79.83537011881631,79.87466587330714,79.91410198513454,79.9535994117263,79.99307911051021,80.03246203891406,80.07166915436564,80.11062141429271,80.14923977612307,80.18744519728449,80.22515863520478
70.5281248860309,70.3112701722122,70.10988775324245,69.92368736250383,69.75237873337862,69.59567159924904,69.45327569349735,69.32490074950579,69.21025650065658,69.10905268033198,69.02099902191424,68.94580525878557,68.88318112432825,68.8328363519245,68.79448067495656,68.76782382680668,68.7525755408571,68.74844555049005,68.7551435890878,68.77237939003255,68.79986258701979,68.83720352570424,68.88372694909336,68.93870656055921,69.0014160634739,69.07112916120946,69.14711955713798,69.22866095463155,69.31502705706221,69.40549156780206,69.49932819022315,69.59581062769757,69.69421258359738,69.79380776129466,69.89386986416147,69.99367259556992,70.09248965889202,70.1895947574999,70.28426159476561,70.3757638740612,70.46337726068415,70.54669598756358,70.62598232321655,70.70158265371029,70.77384336511206,70.8431108434891,70.90973147490863,70.97405164543791,71.03641774114416,71.09717614809463,71.15667325235655,71.21525543999716,71.27326909708373,71.33106060968345,71.38897636386359,71.44736274569138,71.50656614123405,71.56693293655886,71.62880951773303,71.69254227082381,71.75847445332298,71.82676160819463,71.897268320885,71.96983414823666,72.04429864709212,72.12050137429394,72.19828188668464,72.27747974110677,72.35793449440287,72.43948570341549,72.52197292498717,72.60523571596043,72.68911363317784,72.77344623348193,72.85807307371525,72.94283371072031,73.02756770133968,73.1121146024159,73.1963139707915,73.28000536330902,73.36303249640034,73.44536523904273,73.52711930581455,73.60841853549212,73.68938676685174,73.77014783866974,73.85082558972242,73.93154385878609,74.01242648463706,74.09359730605165,74.17518016180615,74.2572988906769,74.3400773314402,74.42363932287233,74.50810870374964,74.59360931284843,74.680264988945,74.76819957081568,74.85753689723676,74.94840080698455,75.04090521355165,75.13498585173714,75.23042433653436,75.32699720119135,75.42448097895624,75.52265220307707,75.62128740680193,75.72016312337887,75.81905588605599,75.91774222808135,76.01599868270301,76.11360178316909,76.21032806272761,76.30595405462667,76.40025629211432,76.49301130843868,76.58399563684779,76.67298581058971,76.75975836291256,76.8440898270644,76.92576072776939,77.00459799066175,77.08045847744664,77.15319954876371,77.22267856525264,77.28875288755309,77.35127987630474,77.41011689214724,77.46512129572027,77.51615044766348,77.56306170861654,77.60571243921913,77.64396000011092,77.67766175193157,77.70667505532074,77.73085727091811,77.75006575936334,77.76415788129609,77.77299099735605,77.77642246818286,77.774392733382,77.76750202003086,77.75666518954083,77.7427990410252,77.7268203735972,77.7096459863701,77.69219267845716,77.67537724897161,77.66011649702673,77.64732722173576,77.63792622221197,77.6328302975686,77.6329562469189,77.63922086937615,77.65254096405357,77.67383333006444,77.70401476652202,77.74400207253953,77.79471204723028,77.85706148970746,77.93192787332009,78.01996861611492,78.1217646352379,78.2378967710268,78.36894586381945,78.51549275395362,78.67811828176713,78.85740328759773,79.05392861178328,79.26827509466155,79.50102357657033,79.75275489784741,80.02404989883058,80.3154894198577,80.62765430126649,80.96112538339479,81.31648350658038,81.69430951116105,82.09518423747463,82.51968852585887
71.37446673936834,71.08468671515453,70.82508485967728,70.59422992329588,70.39069065636969,70.21303580925796,70.05983413232002,69.92965437591516,69.82106529040271,69.73263562614196,69.6629341334922,69.61052956281276,69.57399066446294,69.55188618880203,69.54278488618935,69.54525550698419,69.55786680154587,69.57918752023369,69.60778641340694,69.64223223142496,69.68109400344987,69.7232184462865,69.76825104691652,69.81598003938288,69.86619365772857,69.91868013599652,69.97322770822973,70.02962460847111,70.08765907076366,70.14711932915034,70.20779361767408,70.26947017037789,70.33193722130468,70.39498300449745,70.45839575399914,70.5219637038527,70.58547508810113,70.64871814078737,70.71148109595437,70.77355218764511,70.83472035659969,70.89488929350955,70.95420331944895,71.01283705513288,71.07096512127633,71.1287621385943,71.18640272780176,71.24406150961373,71.30191310474518,71.36013213391111,71.41889321782651,71.47837097720637,71.53874003276569,71.60017500521943,71.66285051528261,71.72694118367022,71.79262163109725,71.86006647827868,71.92945034592951,72.00094785476473,72.07473152851009,72.1508480715371,72.2291491682182,72.30946972701194,72.39164465637687,72.4755088647715,72.56089726065439,72.64764475248408,72.7355862487191,72.82455665781801,72.91439088823934,73.00492384844162,73.09599044688342,73.18742559202325,73.27906419231967,73.3707411562312,73.46229139221641,73.55354980873382,73.64435131424199,73.73453081719941,73.82392680679158,73.9124863689363,74.00028213878778,74.08739374510736,74.17390081665641,74.25988298219623,74.34541987048823,74.4305911102937,74.51547633037404,74.60015515949061,74.68470722640473,74.76921215987775,74.85374958867104,74.93839914154594,75.0232404472638,75.10835313458598,75.19381683227382,75.2797111690887,75.36611577379196,75.45311027514492,75.54076863723108,75.62906313183669,75.71787806962988,75.80709486096373,75.89659491619136,75.98625964566585,76.07597045974026,76.1656087687677,76.25505598310127,76.34419351309401,76.43290276909906,76.5210651614695,76.60856210055837,76.69527499671882,76.78108526030391,76.86587430166671,76.94952353116031,77.03191435913783,77.11292819595234,77.19244645195693,77.27036450816834,77.34674015456868,77.4217359611176,77.49551624410779,77.56824531983187,77.6400875045825,77.7112071146523,77.78176846633392,77.85193587592002,77.92187365970325,77.99174613397625,78.06171761503164,78.1319524191621,78.20261486266025,78.27386926181876,78.34587993293025,78.4188111922874,78.49282735618283,78.56809274090918,78.6447716627591,78.72298059462972,78.80245605195609,78.88275335900474,78.96342672416127,79.04403035581126,79.12411846234028,79.20324525213394,79.28096493357779,79.35683171505744,79.43039980495845,79.50122341166643,79.56885674356695,79.63285400904559,79.69276941648792,79.74815717427956,79.79857149080607,79.84356657445304,79.88269663360603,79.91551587665064,79.94157851197247,79.96059534596631,79.97315346099656,79.98014457149242,79.98246069773862,79.98099386001982,79.97663607862077,79.97027937382614,79.96281576592065,79.95513727518899,79.94813592191585,79.94270372638596,79.93973270888401,79.94011488969468,79.94474228910269,79.95450692739276,79.97030082484955,79.99301600175781,80.02354447840219,80.06277827506743,80.11160941203822
69.373191893632,69.56516457787637,69.72118944353055,69.84399981282509,69.9363290079906,70.00091035125764,70.04047716485682,70.05776277101872,70.0555004919739,70.03642364995298,70.00326556718652,69.95875956590513,69.90563896833936,69.84663709671983,69.78448727327711,69.72192282024177,69.66167705984442,69.60648331431562,69.55907490588599,69.5221851567861,69.49854652474774,69.49003042673942,69.49603149078676,69.5155017215511,69.5473931236938,69.59065770187618,69.6442474607596,69.70711440500538,69.77821053927488,69.85648786822944,69.9408983965304,70.03039412883909,70.12392706981687,70.22044922412508,70.31891259642504,70.41826919137812,70.51747101364565,70.61547006788896,70.71121835876941,70.80366789094835,70.8917733093388,70.97491796972544,71.05338423360061,71.12756766324874,71.19786382095428,71.26466826900167,71.32837656967537,71.38938428525982,71.44808697803946,71.50488021029874,71.56015954432212,71.61432054239401,71.6677587667989,71.72086977982121,71.7740491437454,71.8276924208559,71.88219517343715,71.93795296377364,71.99536135414978,72.05481590685001,72.11670896174124,72.18123951363731,72.2483068725198,72.31778456902991,72.38954613380879,72.46346509749766,72.53941499073767,72.61726934417001,72.69690168843589,72.77818555417646,72.8609944720329,72.94520197264643,73.03068158665819,73.11730684470939,73.2049512774412,73.2934884154948,73.38279178951139,73.47273493013215,73.56319136799824,73.65403463375085,73.745141093758,73.83647311666553,73.9280924987913,74.02006657498214,74.11246268008486,74.20534814894631,74.29879031641332,74.39285651733272,74.48761408655136,74.58313035891607,74.67947266927365,74.77670835247093,74.87490474335479,74.97412917677204,75.0744489875695,75.17593151059401,75.2786440806924,75.38265403271151,75.48802870149817,75.5948354218992,75.70312559673809,75.81266461715467,75.92297048182988,76.03355303224873,76.14392210989618,76.25358755625714,76.36205921281666,76.46884692105968,76.57346052247115,76.67540985853609,76.7742047707394,76.86935510056611,76.96037068950116,77.04676137902953,77.1280370106362,77.20370742580613,77.27328246602431,77.33627197277565,77.3921857875452,77.44053375181787,77.48090387414715,77.5137928552574,77.54028364888669,77.5614689796565,77.57844157218835,77.5922941511038,77.60411944102438,77.61501016657164,77.62605905236705,77.63835882303223,77.65300220318866,77.67108191745791,77.69369069046147,77.7219212468209,77.75686631115772,77.79961860809345,77.85127086224969,77.9129157982479,77.98564614070966,78.07055461425648,78.16850974350581,78.27859952592883,78.3990628750162,78.52813347510397,78.66404501052821,78.80503116562491,78.94932562473014,79.09516207217996,79.2407741923104,79.38439566945749,79.52426018795731,79.65860143214587,79.78565308635925,79.90364883493348,80.01082236220458,80.10540735250859,80.18563749018162,80.24974645955965,80.29596794497874,80.32253563077495,80.32841777637842,80.3166931053687,80.29186931943815,80.25845555499606,80.2209609484517,80.1838946362144,80.15176575469343,80.12908344029807,80.12035682943764,80.13009505852142,80.16280726395868,80.22300258215878,80.31519014953096,80.44387910248452,80.61357857742877,80.82879771077296,81.09404563892645,81.41383149829849,81.79266442529837,82.2350535563354
70.13069241518552,70.04099473079957,69.95267726025186,69.86619480009871,69.78200214689637,69.70055409720112,69.62230544756925,69.54771099455704,69.47722553472074,69.41130386461667,69.35040078080108,69.29497107983026,69.2454695582605,69.20235101264805,69.1660702395492,69.13708203552024,69.11584119711743,69.10280252089707,69.09842080341544,69.1031508412288,69.11744716926115,69.14150373669638,69.17476491626692,69.21654112498346,69.26614277985662,69.32288029789702,69.3860640961153,69.45500459152213,69.52901220112808,69.60739734194385,69.68947043098005,69.77454188524732,69.86192212175628,69.95092155751759,70.04085060954188,70.13101969483976,70.22073923042191,70.30931963329895,70.3960713204815,70.48030470898021,70.56133200513138,70.63875595702578,70.7127885781424,70.78371859929796,70.8518347513092,70.91742576499288,70.98078037116575,71.04218730064456,71.10193528424603,71.16031305278692,71.21760933708397,71.27411286795393,71.33011237621356,71.38589659267959,71.44175424816876,71.49797407349784,71.55484479948355,71.61265515694265,71.67169387669188,71.73224968954798,71.79460937926362,71.85894290574612,71.92523915194252,71.99347142428718,72.06361302921442,72.13563727315861,72.20951746255407,72.28522690383515,72.36273890343618,72.44202676779152,72.5230638033355,72.60582331650247,72.69027861372676,72.77640300144272,72.86416978608469,72.95355227408702,73.04452377188403,73.13705758591009,73.23112702259951,73.32670538838666,73.42376313088869,73.52218399515782,73.62175148896875,73.72224353646887,73.82343806180556,73.92511298912619,74.02704624257815,74.12901574630884,74.23079942446563,74.33217520119588,74.43292100064701,74.53281474696638,74.63163436430138,74.72915777679938,74.82516290860778,74.91942768387395,75.01173002674527,75.10184786136914,75.18955911189293,75.27464170246402,75.35689204168871,75.43643837117973,75.51369595922785,75.58908953816677,75.66304384033022,75.73598359805192,75.80833354366558,75.88051840950493,75.9529629279037,76.02609183119559,76.10032985171432,76.17610172179364,76.25383217376724,76.33394593996884,76.41686775273217,76.50302234439096,76.59283444727893,76.68672879372977,76.78513011607723,76.888463146655,76.9970837778738,77.1105476380391,77.22789405603353,77.34815375574954,77.47035746107943,77.5935358959155,77.71671978415014,77.83893984967568,77.95922681638447,78.07661140816884,78.1901243489211,78.29879636253364,78.40165817289878,78.49774050390886,78.58607407945621,78.6656896234332,78.73561785973214,78.79488951224542,78.84253530486535,78.87758596148424,78.89926148127907,78.90828502924361,78.90609658843204,78.89414055648228,78.8738613310324,78.84670330972034,78.81411089018411,78.77752847006172,78.73840044699119,78.6981712186105,78.65828518255762,78.62018673647057,78.58532027798736,78.555130204746,78.53106091438444,78.51455680454073,78.50706227285282,78.51002171695872,78.52487953449646,78.553080123104,78.59566100165992,78.65138291629697,78.71821510681121,78.79412601831359,78.87708409591508,78.96505778472661,79.05601552985914,79.14792577642369,79.23875696953114,79.32647755429245,79.40905597581865,79.48446067922062,79.55066010960938,79.60562271209584,79.64731693179097,79.67371121380576,79.68277400325114,79.67247374523807,79.64077888487749,79.5856578672804
70.30691077158237,70.16361579014308,70.03347900380734,69.91604229940306,69.8108475637582,69.71743668370071,69.63535154605853,69.56413403765964,69.50332604533197,69.45246945590347,69.4111061562021,69.3787780330558,69.35502697329251,69.33939486374022,69.33142359122685,69.33065504258035,69.33663110462868,69.34889366419979,69.36698460812163,69.39044582322215,69.41881923781678,69.45168810175238,69.48875452650998,69.529741865161,69.57437347077692,69.62237269642917,69.67346289518922,69.7273674201285,69.7838096243185,69.84251286083065,69.90320048273641,69.96559584310722,70.02942229501457,70.09440319152988,70.16026188572461,70.22672173067022,70.29350607943816,70.36033828509989,70.42694170072686,70.49303967939052,70.55835635060457,70.62274191869214,70.6863109665606,70.74921136707849,70.8115909931144,70.8735977175369,70.93537941321459,70.99708395301602,71.05885920980977,71.12085305646443,71.18321336584856,71.24608801083075,71.30962486427956,71.37397179906357,71.43927668805136,71.50568740411151,71.57335182011259,71.64241780892317,71.71303324341184,71.78534599644716,71.85950241978213,71.93555759823471,72.0134251528735,72.09300653584245,72.17420319928553,72.25691659534668,72.34104817616985,72.42649939389901,72.51317170067807,72.60096654865103,72.68978538996181,72.77952967675438,72.87010086117267,72.96140039536066,73.05332973146226,73.14579032162145,73.23868361798219,73.33191107268841,73.42537413788409,73.51897426571314,73.61261315071751,73.7061998389151,73.79965187540267,73.89288727871053,73.985824067369,74.07838025990837,74.17047387485897,74.2620229307511,74.35294544611507,74.44315943948118,74.53258292937976,74.6211339343411,74.70873047289551,74.79529056357332,74.88073222490482,74.96497347542031,75.04793233365012,75.12952681812456,75.20967494737393,75.28829473992853,75.36531136448505,75.44077834952658,75.51486025131946,75.58772528701518,75.6595416737652,75.73047762872103,75.80070136903419,75.87038111185612,75.93968507433836,76.00878147363235,76.07783852688962,76.14702445126166,76.21650746389994,76.28645578195596,76.35703762258122,76.4284212029272,76.50077474014539,76.57426645138729,76.64906455380438,76.72533726454816,76.80323534031963,76.88270656008301,76.96356774942387,77.04563355137155,77.12871860895528,77.21263756520437,77.29720506314814,77.38223574581585,77.46754425623679,77.55294523744028,77.63825333245559,77.72328318431201,77.80784943603884,77.89176673066537,77.97484971122088,78.05691302073468,78.13777130223606,78.21723919875429,78.29513135331867,78.3712624089585,78.44546342255109,78.51769580468223,78.58798312800356,78.65634934799695,78.72281842014432,78.78741429992758,78.8501609428286,78.9110823043293,78.97020233991157,79.0275450050573,79.08313425524842,79.13699404596682,79.18914833269436,79.23962107091299,79.28843621610459,79.33561772375104,79.38118954933428,79.42517564833616,79.46759997623863,79.50848648852356,79.54797431856875,79.58684710106404,79.6261125276999,79.66677851512361,79.70985297998247,79.75634383892375,79.80725900859476,79.86360640564277,79.9263939467151,79.99662954845898,80.07532112752176,80.1634766005507,80.26210388419308,80.37221089509622,80.49480554990737,80.63089576527385,80.78148945784294,80.94759454426192,81.13021894117807,81.33037056523871
70.42848355064524,70.27050116370862,70.12959306814273,70.0049997495178,69.89596169340409,69.80171938537183,69.72151331099126,69.6545839558326,69.60017180546615,69.55751734546209,69.5258610613907,69.5044434388222,69.49250496332684,69.48928612047484,69.49402739583647,69.50596927498196,69.52435224348156,69.54841678690548,69.577403390824,69.61055254080733,69.64710485579755,69.68643379306357,69.72829492012175,69.7725120908573,69.81890915915544,69.86730997890135,69.91753840398022,69.96941828827728,70.02277348567773,70.07742785006675,70.13320523532954,70.18992949535135,70.24742448401733,70.30551405521268,70.36402206282264,70.4227723607324,70.48158880282713,70.54029524299209,70.59871553511243,70.65667353307336,70.71399367640586,70.7705954988715,70.82659794661379,70.88214507533831,70.93738094075064,70.99244959855636,71.04749510446102,71.10266151417021,71.15809288338949,71.21393326782446,71.27032672318066,71.32741730516369,71.3853490694791,71.44426607183249,71.5043123679294,71.56563201347542,71.62836906417614,71.69266757573712,71.75867160386392,71.82652520426213,71.89637086736937,71.9682571675464,72.04208710923481,72.11775117473269,72.19513984633801,72.27414360634884,72.3546529370632,72.43655832077911,72.5197502397946,72.60411917640775,72.68955561291652,72.77595003161899,72.86319291481317,72.95117474479711,73.03978600386883,73.12891717432635,73.21845873846772,73.30830117859097,73.39833497699412,73.48845061597521,73.57854139687811,73.66858611742148,73.75866241811889,73.8488534454329,73.93924234582593,74.02991226576057,74.1209463516993,74.21242775010462,74.30443960743906,74.3970650701651,74.49038728474525,74.58448939764205,74.67945455531799,74.77536590423557,74.8723065908573,74.97035976164571,75.06960856306328,75.17013614157256,75.272025643636,75.37536021571614,75.4802140608273,75.5865008292018,75.69399529720845,75.80246766217054,75.91168812141142,76.02142687225432,76.13145411202264,76.24154003803964,76.35145484762864,76.46096873811297,76.56985190681591,76.6778745510608,76.78480686817092,76.89041905546961,76.99448131028016,77.0967638299259,77.19703681173014,77.29507045301617,77.39063495110732,77.48350050332688,77.57345326368844,77.66046488273001,77.7446266861666,77.82603199429954,77.90477412743014,77.98094640585971,78.05464214988956,78.12595467982099,78.19497731595536,78.26180337859394,78.32652618803805,78.38923906458903,78.45003532854817,78.50900830021679,78.56625129989621,78.62185764788772,78.67592066449268,78.72853367001237,78.77978998474809,78.8297829290012,78.87861104592909,78.9264143569985,78.97335266353065,79.01958588866266,79.06527395553165,79.11057678727475,79.1556543070291,79.20066643793177,79.24577310311992,79.29113422573066,79.33690972890112,79.3832595357684,79.43034356946964,79.47832175314197,79.52735400992249,79.57760026294832,79.6292204353566,79.68237445028444,79.73722223086897,79.7939237002473,79.85247750565392,79.91197984225089,79.9712131731709,80.02895964655467,80.08400141054288,80.13512061327627,80.18109940289551,80.22071992754134,80.25276433535443,80.27601477447551,80.28925339304526,80.29126233920441,80.28082376109366,80.2567198068537,80.21773262462523,80.16264436254896,80.09023716876563,79.9992931914159,79.88859457864048,79.75692347858009
70.35966283978979,70.28089710772804,70.19928262690007,70.11559773640472,70.03062077534084,69.94513008280725,69.8599039979028,69.77572085972635,69.6933590073767,69.61359677995272,69.53721251655323,69.46498455627706,69.39769123822309,69.33611090149012,69.28102188517701,69.23320252838259,69.19343117020571,69.16248614974519,69.1411458060999,69.13018847836865,69.1303921512537,69.14218183046137,69.16496717548975,69.1979763947868,69.2404376968005,69.2915792899788,69.35062938276965,69.41681618362107,69.48936790098097,69.56751274329733,69.65047891901811,69.73749463659131,69.82778810446486,69.92058753108674,70.01512112490491,70.11061709436734,70.20630364792198,70.30140899401682,70.39516134109981,70.48678889761892,70.5755217305632,70.6608916875301,70.743063449356,70.8222813818262,70.89878985072603,70.97283322184079,71.0446558609558,71.11450213385636,71.1826164063278,71.24924304415542,71.31462641312453,71.37901087902044,71.44264080762849,71.50576056473396,71.56861451612218,71.63144702757846,71.69450246488812,71.75802519383646,71.8222595802088,71.88744998979044,71.95383896829384,72.0215598570594,72.09057673065088,72.16083910304907,72.2322964882348,72.30489840018885,72.37859435289205,72.45333386032522,72.52906643646914,72.60574159530464,72.68330885081251,72.76171771697359,72.84091770776865,72.92085833717854,73.00148911918403,73.08275956776596,73.16461919690512,73.24701752058233,73.32990405277839,73.41322830747411,73.49694218336467,73.5810699030607,73.6657193032203,73.75100287814688,73.83703312214384,73.92392252951453,74.01178359456236,74.10072881159071,74.19087067490298,74.28232167880255,74.37519431759279,74.46960108557708,74.56565447705884,74.66346698634145,74.76315110772828,74.86481933552271,74.96858416402816,75.07455808754798,75.18285360038557,75.29358319684432,75.40683791331071,75.52232357364693,75.6394128031815,75.75746724078942,75.87584852534576,75.99391829572555,76.11103819080384,76.22656984945563,76.33987491055599,76.45031501297996,76.55725179560255,76.66004689729884,76.75806195694383,76.85065861341259,76.93719850558014,77.01704327232152,77.08955455251179,77.15409398502597,77.21002320873909,77.25670386252618,77.29358717598019,77.32116587078913,77.34060459902504,77.35307921159968,77.35976555942482,77.36183949341218,77.36047686447354,77.35685352352066,77.3521453214653,77.3475281092192,77.34417773769415,77.34327005780186,77.34598092045412,77.3534861765627,77.36696167703933,77.38758327279577,77.41652681474378,77.45496815379512,77.50408314086155,77.56504762685483,77.63880594869973,77.72446383078291,77.82025021419926,77.92438864030049,78.03510265043832,78.15061578596445,78.26915158823063,78.38893359858854,78.50818535838992,78.6251304089865,78.73799229172997,78.84499454797206,78.9443607190645,79.03431434635898,79.11307897120726,79.17887813496101,79.229935378972,79.2644742445919,79.28071827317244,79.27689100606536,79.25191624945414,79.20863628362986,79.15125562281416,79.08398014893342,79.01101574391406,78.93656828968246,78.86484366816501,78.80004776128811,78.74638645097816,78.70806561916156,78.6892911477647,78.69426891871397,78.72720481393578,78.79230471535651,78.89377450490255,79.03582006450031,79.22264727607619,79.45846202155656,79.74747018286784,80.0938776419364
69.60225637546282,69.67281113640672,69.72149419234555,69.75025536349736,69.76104447008018,69.75581133231208,69.73650577041107,69.70507760459523,69.66347665508256,69.61365274209115,69.557555685839,69.4971353065442,69.43434142442476,69.37112385969873,69.30943243258415,69.25121696329906,69.19842727206152,69.15301317908958,69.11692450460126,69.0921110688146,69.08052201168525,69.0834289317854,69.10015447581648,69.12967299611411,69.17095884501396,69.22298637485164,69.28472993796284,69.35516388668317,69.43326257334829,69.51800035029385,69.60835156985547,69.70329058436883,69.80179174616954,69.90282940759327,70.00537792097566,70.10841163865236,70.21090491295901,70.31183209623124,70.41016754080471,70.50488559901507,70.59496337823987,70.67982533578869,70.75983402074534,70.83547010461601,70.9072142589069,70.97554715512422,71.04094946477416,71.1039018593629,71.16488501039667,71.22437958938164,71.28286626782403,71.34082571723003,71.39873860910583,71.45708561495763,71.51634740629164,71.57700465461404,71.63953803143106,71.70442820824886,71.77215585657365,71.84320164791161,71.91804072310656,71.996816383257,72.07915757785632,72.16464901109852,72.25287538717762,72.34342141028765,72.43587178462259,72.52981121437651,72.62482440374338,72.72049605691721,72.81641087809204,72.91215357146189,73.00730884122076,73.10146139156267,73.19419592668162,73.28509715077165,73.37374976802676,73.45973848264096,73.54264799880828,73.62206302072272,73.6975811901268,73.76919252035087,73.83734064751927,73.90249447640576,73.96512291178408,74.02569485842795,74.08467922111116,74.14254490460742,74.19976081369047,74.2567958531341,74.314118927712,74.37219894219794,74.43150480136568,74.49250540998894,74.55566967284146,74.621466494697,74.6903647803293,74.76283343451212,74.83934136201918,74.92035746762423,75.00631843858822,75.09708259338228,75.19200797693877,75.29043613882348,75.3917086286022,75.49516699584075,75.60015279010491,75.70600756096047,75.81207285797325,75.91769023070904,76.02220122873364,76.12494740161283,76.22527029891243,76.32251147019822,76.41601246503603,76.50511483299161,76.5891601236308,76.66748988651938,76.73944567122314,76.8043690273079,76.86169526983106,76.91194973769004,76.95636101096935,76.99616939043997,77.0326151768729,77.06693867103907,77.10038017370948,77.13417998565511,77.16957840764692,77.20781574045589,77.25013228485298,77.29776834160917,77.35196421149544,77.41396019528277,77.48499659374212,77.56631370764447,77.6591518377608,77.76475128486206,77.88435234971925,78.01919533310333,78.17017401425178,78.33543020547147,78.51179338241613,78.69608493860468,78.88512626755603,79.07573876278902,79.26474381782258,79.44896282617557,79.6252171813669,79.79032827691547,79.94111750634013,80.07440626315982,80.18701594089337,80.27576793305971,80.33748363317773,80.3689844347663,80.36709173134432,80.32862691643068,80.25041138354428,80.12926652620398,79.96373126509715,79.76195529305502,79.53542942997876,79.29564785031474,79.05410472850934,78.82229423900895,78.61171055626,78.43384785470884,78.30020030880189,78.22226209298553,78.21152738170615,78.27949034941015,78.43764517054392,78.69748601955384,79.07050707088632,79.56820249898774,80.20206647830453,80.98359318328299,81.92427678836961,83.03561146801074
71.10254339234304,70.77516530810047,70.4834462293131,70.22560196841157,69.99984833782653,69.80440114998868,69.63747621732867,69.49728935227716,69.38205636726484,69.28999307472236,69.21931528708039,69.1682388167696,69.13497947622066,69.11775307786424,69.11477543413098,69.12426235745157,69.14442966025668,69.17349315497697,69.20966865404311,69.25117196988576,69.29621929897321,69.34340933925098,69.39244105646799,69.4432100436385,69.49561189377687,69.54954219989737,69.60489655501434,69.66157055214204,69.71945978429481,69.77845984448695,69.83846632573275,69.89937482104655,69.96108092344262,70.02348022593529,70.08646832153885,70.1499408032676,70.21379326413587,70.27792129715796,70.34222049534816,70.40658645172078,70.4709149733703,70.5351366286573,70.59925488023711,70.663282369452,70.72723173764419,70.79111562615594,70.8549466763295,70.9187375295071,70.98250082703099,71.0462492102434,71.1099953204866,71.17375179910282,71.23753128743431,71.3013464268233,71.36520985861203,71.42913422414279,71.49313216475777,71.55721632179923,71.62139933660943,71.6856938505306,71.75011350047063,71.81473165727616,71.87971427939884,71.94523528981551,72.01146861150299,72.07858816743811,72.14676788059772,72.21618167395864,72.2870034704977,72.35940719319171,72.43356676501753,72.50965610895197,72.5878491479719,72.66831980505408,72.7512420031754,72.8367896653127,72.92513671444274,73.01645707354243,73.11092466558853,73.20871341355792,73.30998867050651,73.41465587985789,73.52232000218399,73.63256925993002,73.74499187554117,73.85917607146263,73.9747100701396,74.09118209401726,74.2081803655408,74.32529310715543,74.44210854130634,74.55821489043872,74.67320037699776,74.78665322342864,74.89816165217658,75.00731388568674,75.11369814640436,75.21690265677458,75.31651563924262,75.41212531625368,75.5033434549711,75.59020449733893,75.67310848768497,75.75246752523273,75.82869370920575,75.90219913882756,75.97339591332167,76.04269613191161,76.1105118938209,76.17725529827305,76.2433384444916,76.30917343170007,76.37517235912199,76.44174732598086,76.50931043150021,76.57827377490356,76.64904945541448,76.72204957225644,76.79768622465296,76.87637151182761,76.95847903573095,77.04393486751577,77.13237634878789,77.22343600899401,77.31674637758086,77.41193998399508,77.50864935768345,77.60650702809264,77.70514552466932,77.80419737686023,77.90329511411207,78.00207126587154,78.10015836158533,78.19718893070012,78.29279550266267,78.38661060691965,78.47826677291778,78.56739653010374,78.65363240792425,78.73660693582599,78.81592207794307,78.89093705814247,78.96089534419468,79.02503969097668,79.0826128533653,79.13285758623752,79.17501664447019,79.20833278294026,79.23204875652465,79.24540732010024,79.24765122854393,79.23802323673269,79.21576609954337,79.1801225718529,79.13033540853823,79.0656473644762,78.98530119454378,78.88853965361787,78.77460549657536,78.64274147829317,78.49326520937882,78.33250887401036,78.16889558665434,78.01085056110486,77.86679901115602,77.7451661506019,77.65437719323663,77.6028573528543,77.59903184324907,77.65132587821498,77.76816467154617,77.95797343703674,78.22917738848076,78.59020173967241,79.04947170440573,79.61541249647487,80.29644932967392,81.10100741779695,82.03751197463811,83.1143882139915
69.94990259853168,69.81328521013906,69.68947554556473,69.57805090466067,69.47858858727885,69.39066589327125,69.31386012248987,69.24774857478668,69.19190855001368,69.14591734802283,69.10935226866614,69.08179061179558,69.06280967726313,69.05198676492078,69.04889917462053,69.05312420621432,69.06423915955418,69.08182133449206,69.10544803087997,69.13469654856986,69.16914421534561,69.20839617912115,69.25213761258229,69.3000679895259,69.35188678374885,69.40729346904801,69.46598751922025,69.52766840806244,69.59203560937142,69.6587885969441,69.72762684457733,69.79824982606797,69.87035701521292,69.94364788580901,70.01782191165313,70.09257856654214,70.16761732427292,70.24263765864234,70.31733904344725,70.39142095248454,70.46458365822974,70.5366571186106,70.60774324164856,70.67797817871384,70.74749808117667,70.81643910040728,70.88493738777592,70.95312909465281,71.02115037240817,71.08913737241227,71.15722624603531,71.22555314464755,71.29425421961919,71.36346562232049,71.43332350412167,71.50396401639297,71.57552331050464,71.64813753782687,71.72194284972993,71.79707539758402,71.87366942159738,71.95174449225658,72.03114244197968,72.11168981388853,72.193213151105,72.2755389967509,72.35849389394811,72.44190438581848,72.52559701548384,72.60939832606604,72.69313486068694,72.7766331624684,72.85971977453225,72.94222124000034,73.02396410199452,73.10477490363665,73.18448018804858,73.26290649835214,73.3398803776692,73.41522836912159,73.48878406237303,73.56059475548919,73.63095481590935,73.7001723738498,73.76855555952683,73.83641250315677,73.90405133495591,73.97178018514056,74.03990718392701,74.10874046153158,74.17858814817056,74.24975837406028,74.322559269417,74.39729896445706,74.47428558939674,74.55382727445236,74.63623214984021,74.72180834577661,74.81086399247785,74.90370722016024,75.00062594936468,75.10154529653937,75.20607656229292,75.31382069988015,75.42437866255591,75.537351403575,75.65233987619224,75.76894503366248,75.88676782924053,76.00540921618119,76.12447014773932,76.24355157716971,76.3622544577272,76.48017974266662,76.59692838524282,76.71210133871054,76.8252995563247,76.93612399134003,77.04417559701142,77.1490553265937,77.25039776756694,77.34822850528047,77.44282538177342,77.53447044336303,77.62344573636659,77.7100333071013,77.79451520188451,77.8771734670334,77.95829014886527,78.03814729369739,78.11702694784702,78.19521115763143,78.27298196936786,78.35062142937358,78.42841158396587,78.50663447946198,78.58557216217918,78.66550667843472,78.74672007454586,78.82949439682992,78.91397161653984,78.9991812720572,79.08362241340063,79.165790823532,79.24418228541313,79.31729258200582,79.38361749627194,79.44165281117327,79.48989430967163,79.52683777472888,79.5509789893068,79.56081373636727,79.55483779887206,79.53154695978301,79.48943700206198,79.42700370867072,79.34274286257113,79.23515024672497,79.10272164409412,78.94395283764035,78.75868005714665,78.55424027486174,78.34057805099121,78.12764056380064,77.9253749915558,77.74372851252232,77.59264830496596,77.48208154715235,77.42197541734717,77.42227709381615,77.49293375482497,77.64389257863931,77.88510074352482,78.22650542774727,78.6780538095723,79.24969306726561,79.95137037909288,80.79303292331977,81.78462787821204,82.93610242203533
71.59015379574467,71.18733847742101,70.82929984067276,70.51370864454483,70.23823564808217,70.0005516103297,69.79832729033235,69.62923344713505,69.49094083978272,69.38112022732032,69.29744236879274,69.23757802324495,69.19919794972185,69.17997290726838,69.17757365492946,69.18967095175003,69.21393555677503,69.24803822904937,69.28964972761798,69.3364408115258,69.38608277289407,69.43677784784758,69.48825553613584,69.54051827257845,69.59356849199504,69.6474086292052,69.70204111902855,69.7574683962847,69.81369289579324,69.87071705237379,69.92854330084597,69.98717407602938,70.0466118127436,70.1068589458083,70.16791791004304,70.22979114026745,70.29248107130113,70.35599013796369,70.42032077507473,70.48547541745388,70.55145642664914,70.61825426673295,70.68583445279893,70.75415935842098,70.82319135717302,70.89289282262895,70.96322612836266,71.03415364794806,71.10563775495906,71.17764082296956,71.25012522555346,71.32305333628466,71.39638752873708,71.4700901764846,71.54412365310114,71.6184503321606,71.69303258723689,71.7678327919039,71.84281331973553,71.9179365443057,71.99316535703939,72.06849372042585,72.143963757104,72.21962173252139,72.29551391212547,72.37168656136377,72.44818594568379,72.52505833053301,72.60234998135896,72.68010716360912,72.75837614273101,72.83720318417213,72.91663455337996,72.99671651580202,73.07749533688582,73.15901728207884,73.24132861682858,73.32447560658257,73.40850451678828,73.49346161289323,73.5793922512464,73.66631421694336,73.75421341981294,73.84307399410093,73.93288007405316,74.02361579391543,74.11526528793351,74.20781269035324,74.30124213542041,74.39553775738082,74.49068369048027,74.5866640689646,74.68346302707955,74.78106469907097,74.87945321918465,74.97861272166638,75.07852734076198,75.17918121071725,75.28055846577797,75.38264324018999,75.4854162919333,75.58879776826457,75.69265538978537,75.79685514844918,75.9012630362095,76.0057450450198,76.11016716683359,76.21439539360433,76.31829571728554,76.42173412983068,76.52457662319324,76.62668918932674,76.72793782018464,76.82818850772041,76.92730724388758,77.02516002063962,77.12161282993,77.21653166371223,77.3097825139398,77.40123137256617,77.49075842608136,77.57840887246222,77.66433436870933,77.74868834614044,77.8316242360732,77.9132954698253,77.99385547871444,78.0734576940583,78.15225554717458,78.23040246938095,78.3080518919951,78.38535724633473,78.46247196371753,78.53954947546119,78.61674321288336,78.69420660730178,78.7720930900341,78.85055609239804,78.92974904571126,79.00982538129146,79.09088398301391,79.17259053582339,79.25440414411742,79.33578264004998,79.41618385577507,79.49506562344665,79.57188577521869,79.64610214324519,79.71717255968011,79.78455485667742,79.8477068663911,79.90608642097517,79.95915135258356,80.00635949337025,80.04716867548925,80.08103673109451,80.10742149234002,80.12578079137975,80.13557246036768,80.1362543314578,80.12778548704875,80.11292985709972,80.09542645993649,80.07901529288925,80.06743635328817,80.06442963846341,80.07373514574513,80.09909287246353,80.14424281594876,80.212924973531,80.30887934254042,80.43584592030719,80.59756470416147,80.79777569143344,81.04021887945328,81.32863426555116,81.66676184705723,82.05834162130166,82.50711358561466,83.01681773732639
69.8037358285992,69.8243318993154,69.83524722471216,69.83749562460558,69.83209091881172,69.82004692714666,69.80237746942649,69.78009636546729,69.75421743508512,69.7257544980961,69.69572137431626,69.66513188356171,69.63499984564852,69.60633908039279,69.58016340761056,69.55748664711794,69.53932261873099,69.52668514226582,69.52058803753847,69.52204512436505,69.53206983732753,69.55129191785007,69.57923741167693,69.61523512469614,69.65861386279573,69.70870243186371,69.76482963778813,69.82632428645698,69.89251518375833,69.96273113558019,70.03630094781057,70.11255342633753,70.19081737704906,70.27042160583322,70.35069491857801,70.43096612117147,70.51056401950163,70.5888174194565,70.66505512692412,70.73860594779252,70.80880062901663,70.8752850982905,70.93836621659024,70.99843406813561,71.05587873714637,71.1110903078423,71.16445886444313,71.21637449116866,71.26722727223863,71.31740729187281,71.36730463429096,71.41730938371286,71.46781162435825,71.5192014404469,71.57186891619858,71.62620413583306,71.6825971835701,71.74143814362944,71.80311710023086,71.86802413759413,71.93654499466118,72.00880469370314,72.08452414615157,72.1633895012152,72.24508690810282,72.32930251602313,72.41572247418493,72.50403293179696,72.59392003806796,72.68506994220671,72.77716879342194,72.86990274092243,72.96295793391691,73.05602052161414,73.1487766532229,73.2409124779519,73.33211414500992,73.42206780360573,73.51045960294806,73.59697569224568,73.68131102438517,73.76342755129538,73.84359590385974,73.92210390764492,73.99923938821765,74.0752901711446,74.15054408199249,74.22528894632802,74.29981258971789,74.37440283772877,74.44934751592739,74.52493444988045,74.60145146515464,74.67918638731666,74.75842704193322,74.839461254571,74.92257685079674,75.0080616561771,75.09620349627879,75.18729019666853,75.28159841084131,75.37920423126165,75.48001027046521,75.58391342088692,75.69081057496174,75.80059862512465,75.91317446381059,76.0284349834545,76.14627707649139,76.26659763535616,76.3892935524838,76.51426172030929,76.64139903126754,76.77060237779352,76.90176865232222,77.03479474728856,77.16957755512752,77.30601396827403,77.44400087916308,77.58343518022961,77.72417328906603,77.86560110321996,78.00680095891983,78.14685013303871,78.28482590244975,78.41980554402602,78.55086633464063,78.67708555116668,78.79754047047727,78.91130836944552,79.01746652494451,79.11509221384735,79.20326271302713,79.28105529935698,79.34754724970999,79.40181584095924,79.44293834997787,79.46999205363895,79.48205422881558,79.4782021523809,79.45773450236409,79.42170825635483,79.37201887620463,79.31056698764027,79.2392532163886,79.15997818817644,79.07464252873059,78.98514686377791,78.8933918190452,78.80127802025929,78.71070609314701,78.62357666343517,78.54179035685061,78.46724779912014,78.40184961597059,78.3474964331288,78.30608887632155,78.27952757127572,78.26971314371809,78.27854621937551,78.30792188128615,78.35970419724809,78.43574645279791,78.53790192264664,78.66802388150526,78.82796560408482,79.01958036509635,79.24472143925081,79.50524210125927,79.80299562583275,80.13983528768223,80.51761436151877,80.93818612205332,81.40340384399697,81.91512080206071,82.47519027095558,83.08546552539256,83.74779984008266,84.46404648973696,85.23605874906643
71.82929112607317,71.42247751997536,71.05695087200996,70.7307269455468,70.44182150395572,70.18825031060652,69.96802912886903,69.77917372211309,69.6196998537085,69.4876232870251,69.3809597854327,69.29772511230114,69.23593503100021,69.19360530489978,69.16875169736964,69.15938997177963,69.16353589149956,69.17920521989926,69.20441372034855,69.23717715621727,69.27551168708708,69.31782809955133,69.36367232717967,69.41279316401364,69.4649394040947,69.5198598414644,69.57730327016422,69.6370184842357,69.69875427772034,69.76225944465965,69.82728277909513,69.8935730750683,69.96087912662068,70.02894972779377,70.0975336726291,70.16637975516814,70.23523676945243,70.30385350952348,70.37197876942278,70.43936134319188,70.50575066516055,70.57100013647232,70.63518117643889,70.69839265673308,70.76073344902767,70.82230242499551,70.88319845630942,70.9435204146422,71.00336717166665,71.06283759905563,71.12203056848192,71.18104495161835,71.23997962013773,71.29893344571289,71.35800530001663,71.41729405472178,71.47689858150115,71.53691775202755,71.5974504379738,71.65859551101272,71.7204515788308,71.78310140993459,71.84660322210179,71.91101312121943,71.97638721317453,72.04278160385414,72.11025239914528,72.17885570493499,72.2486476271103,72.31968427155823,72.39202174416583,72.46571615082013,72.54082359740816,72.61740018981695,72.69550203393352,72.77518523564493,72.85650590083819,72.93952013540034,73.02428404521841,73.11085373617945,73.1992830273611,73.28955638320126,73.38157808688487,73.47524795517243,73.57046580482441,73.66713145260128,73.76514471526355,73.86440540957166,73.96481335228609,74.06626836016733,74.16867024997585,74.27191883847213,74.37591394241663,74.48055537856986,74.58574296369225,74.69137651454432,74.79735584788652,74.90358078047933,75.00995112908325,75.11636671045872,75.22272555586291,75.32889364319767,75.43470922506945,75.54000963990703,75.64463222613918,75.74841432219468,75.85119326650232,75.95280639749087,76.05309105358911,76.15188457322583,76.24902429482978,76.34434755682979,76.43769169765457,76.52889405573295,76.61779196949368,76.70422277736554,76.78802381777734,76.86903242915783,76.9470859499358,77.02202171854,77.09370342736126,77.16230113359893,77.2281825491675,77.29171868022677,77.35328053293648,77.41323911345644,77.47196542794643,77.52983048256618,77.58720528347551,77.64446083683417,77.70196814880195,77.76009822553861,77.81922207320392,77.87971069795768,77.94193510595964,78.00626630336957,78.07307529634728,78.14273309105252,78.21561069364506,78.29207911028467,78.37241325955577,78.45612496221366,78.54236213883752,78.63027046889685,78.71899563186119,78.80768330720005,78.89547917438297,78.98152891287944,79.06497820215903,79.14497272169123,79.22065815094557,79.29118016939158,79.35568445649878,79.41331669173667,79.46322255457481,79.5045477244827,79.53643788092988,79.55803870338586,79.56849587132017,79.5669550642023,79.55312708813035,79.52988503004357,79.5012013247758,79.47104951092383,79.44340312708442,79.42223571185437,79.41152080383044,79.4152319416094,79.43734266378806,79.48182650896318,79.55265701573154,79.65380772268992,79.7892521684351,79.96296389156385,80.17891643067296,80.4410833243592,80.75343811121937,81.1199543298502,81.54460551884853,82.0313652168111
71.82756478788309,71.45452868786023,71.11844624244604,70.81756392536361,70.55012821033608,70.31438557108655,70.10858248133813,69.93096541481394,69.77978084523708,69.6532752463307,69.54969509181787,69.46728685542172,69.40429701086535,69.3589720318719,69.32955839216447,69.31430256546616,69.3114510255001,69.31925024598941,69.33594670065717,69.35978686322653,69.38901755845085,69.42223523721566,69.45904205208204,69.49921988310066,69.5425506103222,69.58881611379732,69.63779827357672,69.68927896971108,69.74304008225108,69.7988634912474,69.85653107675073,69.91582471881173,69.9765262974811,70.0384176928095,70.10128078484763,70.16489745364618,70.22904957925579,70.29351904172718,70.35808772111102,70.42253749745798,70.48665080193182,70.55029955268186,70.6135433218595,70.67646531058917,70.73914871999537,70.80167675120255,70.86413260533519,70.92659948351775,70.98916058687472,71.05189911653055,71.11489827360973,71.1782412592367,71.24201127453595,71.30629152063196,71.37116519864917,71.43671550971207,71.50302565494513,71.57017883547282,71.63825825241959,71.70734710690994,71.77752798967157,71.84884686762796,71.92129294080584,71.99485052605812,72.06950394023765,72.14523750019733,72.22203552279001,72.29988232486858,72.3787622232859,72.45865953489485,72.53955857654832,72.62144366509916,72.70429911740027,72.7881092503045,72.87285838066474,72.95853082533384,73.0451109011647,73.1325829250102,73.22093121372319,73.31014008415656,73.40019348293178,73.49106412824683,73.58271175706193,73.6750953832291,73.76817402060043,73.86190668302794,73.95625238436372,74.0511701384598,74.14661895916825,74.24255786034111,74.33894585583045,74.4357419594883,74.53290518516674,74.63039454671782,74.72816905799358,74.8261877328461,74.9244095851274,75.02279362868958,75.12129887738466,75.2198843450647,75.31850793473194,75.41710760741292,75.51560407485833,75.6139174800638,75.71196796602494,75.80967567573734,75.90696075219665,76.00374333839845,76.09994357733837,76.195481612012,76.29027758541498,76.38425164054293,76.47732392039141,76.5694145679561,76.66044372623257,76.75033153821643,76.83899814690332,76.92636369528883,77.01234832636858,77.09687218313819,77.17984907913396,77.26111924792798,77.34047545214763,77.41770966323791,77.49261385264377,77.56497999181023,77.63460005218222,77.70126600520477,77.76476982232285,77.8249034749814,77.88145893462546,77.93422817269995,77.98300316064989,78.02757586992023,78.06773827195597,78.1032823382021,78.1340000401036,78.15968334910542,78.18012423665257,78.19511467419002,78.20452438376164,78.20884055863966,78.20884484698834,78.20532071039695,78.19905161045476,78.19082100875103,78.18141236687505,78.17160914641609,78.16219480896343,78.15395281610633,78.14766662943406,78.14411971053589,78.14409552100112,78.148377522419,78.15774917637881,78.17299394446984,78.19489528828133,78.22423666940257,78.26180154942283,78.30837338993139,78.36463016585238,78.43065958004807,78.50634413085247,78.59156611057094,78.6862078115088,78.79015152597141,78.90327954626413,79.02547416469228,79.15661767356126,79.29659236517635,79.44528053184298,79.60256446586645,79.76832645955211,79.9424488052053,80.1248137951314,80.31530372163577,80.51380087702371,80.72018755360058,80.9343460436718,81.1561586395426
70.70578046631535,70.51655701688986,70.33702725622626,70.16727220437603,70.00737288139067,69.85741030732167,69.71746550222055,69.58761948613878,69.46795327912788,69.35854790123936,69.25948437252468,69.17084371303537,69.09270694282293,69.02515508193883,68.96826915043461,68.92213016836172,68.8868191557717,68.86241713271603,68.84900511924621,68.84666413541376,68.85547501561403,68.8753336807552,68.90560414698554,68.94555537452406,68.99445632358987,69.05157595440203,69.11618322717959,69.18754710214161,69.26493653950718,69.34762049949535,69.43486794232518,69.52594782821575,69.62012911738613,69.71668077005536,69.81487174644252,69.91397100676669,70.01324751124692,70.11197022010226,70.2094080935518,70.30483009181461,70.39750689145788,70.48698786108073,70.5734067858294,70.65697103927738,70.73788799499813,70.81636502656511,70.89260950755178,70.96682881153163,71.03923031207809,71.11002138276466,71.17940939716479,71.24760172885196,71.31480575139962,71.38122883838125,71.4470783633703,71.51256169994025,71.57788622166456,71.6432593021167,71.70888831487014,71.77498063349833,71.84174269212679,71.90932455800296,71.97778892971333,72.04719099026063,72.1175859226476,72.189028909877,72.26157513495154,72.335279780874,72.4101980306471,72.48638506727357,72.56389607375617,72.64278623309764,72.72311072830072,72.80492474236814,72.88828345830267,72.97324205910701,73.05985572778393,73.14817964733615,73.23826900076644,73.33017897107753,73.42396146432736,73.51956900298306,73.61683921163541,73.71560331459243,73.81569253616213,73.91693810065253,74.01917123237166,74.12222315562755,74.22592509472821,74.33010827398166,74.43460391769591,74.539243250179,74.64385749573894,74.74827787868377,74.85233562332147,74.95586195396008,75.05868809490764,75.16064527047214,75.26156470496164,75.36127762268411,75.45962462269304,75.55661459947173,75.6524020185505,75.74714614532932,75.84100624520813,75.93414158358691,76.02671142586561,76.1188750374442,76.21079168372265,76.30262063010089,76.39452114197891,76.48665248475666,76.57917392383412,76.67224472461122,76.76602415248796,76.86067147286425,76.95634595114011,77.05320685271546,77.15141344299029,77.25112498736455,77.35245648769859,77.45500838220511,77.55804913254981,77.66084166745598,77.76264891564693,77.86273380584592,77.96035926677627,78.05478822716124,78.14528361572411,78.2311083611882,78.31152539227678,78.38579763771314,78.45318802622056,78.51295948652233,78.56437494734175,78.6066973374021,78.63918958542666,78.66111462013872,78.67173537026159,78.67031476451852,78.65634538470523,78.63114364634704,78.5968957006575,78.55579305519001,78.51002721749803,78.461789695135,78.4132719956543,78.36666562660942,78.32416209555375,78.28795291004073,78.2602295776238,78.24318360585639,78.23900650229191,78.24988977448382,78.27802492998553,78.32560347635048,78.39481692113209,78.4878567718838,78.60691453615904,78.75418172151124,78.93048209169551,79.1289859222204,79.34020279948678,79.55463963852094,79.76280335434915,79.95520086199767,80.12233907649279,80.25472491286075,80.34286528612786,80.37726711132036,80.34843730346454,80.24688277758665,80.06311044871299,79.7876272318698,79.41094004208337,78.92355579437995,78.31598140378584,77.57872378532733,76.70228985403062,75.67718652492202
69.75669781593544,69.84815790698198,69.91834055269284,69.96897965657836,70.00180912214888,70.01856285291476,70.02097475238632,70.01077872407392,69.98970867148789,69.9594984981386,69.92188210753636,69.87859340319154,69.83136628861448,69.7819346673155,69.73203244280496,69.68339351859322,69.63775179819059,69.59684118510745,69.56239558285411,69.53614889494094,69.51983447626,69.51463925792278,69.52017837974407,69.53578608899278,69.56079663293784,69.59454425884817,69.63636321399272,69.68558774564039,69.74155210106012,69.80359052752083,69.87103727229143,69.94322658264088,70.01949270583808,70.09916988915195,70.18159237985144,70.26609442520545,70.35201027248291,70.43867416895277,70.52542036188395,70.61158309854534,70.69649800365123,70.77972436460098,70.86129048892818,70.94128374213479,71.01979148972283,71.0969010971943,71.1726999300512,71.24727535379552,71.32071473392925,71.39310543595441,71.46453482537298,71.53509026768695,71.60485912839836,71.67392877300917,71.74238656702137,71.81031987593698,71.877816065258,71.94496250048643,72.01184654712425,72.07855557067347,72.14517674148335,72.2117855207393,72.27843922042275,72.34519359129327,72.4121043841104,72.47922734963377,72.54661823862294,72.61433280183746,72.68242679003691,72.75095595398089,72.81997604442894,72.88954281214066,72.95971200787561,73.03053938239336,73.1020806864535,73.1743916708156,73.24752808623921,73.32154568348395,73.39650021330935,73.47244742647503,73.54944303322621,73.62754151508564,73.70679593304355,73.78725926896072,73.86898450469793,73.95202462211594,74.03643260307555,74.12226142943751,74.2095640830626,74.29839354581159,74.38880279954526,74.4808448261244,74.57457260740975,74.67003912526211,74.76729736154225,74.86640029811093,74.96740091682895,75.07035219955705,75.17530712815604,75.28231868448667,75.39142624993357,75.50242505013345,75.61489912252934,75.72842554112042,75.84258137990592,75.95694371288508,76.07108961405709,76.18459615742115,76.29704041697653,76.4079994667224,76.51705038065799,76.62377023278253,76.72773609709522,76.82852504759529,76.92571415828195,77.01888050315439,77.10760115621187,77.19145319145358,77.27001368287875,77.34285970448659,77.40963322575682,77.47073062613018,77.52703500115119,77.5794375582995,77.62882950505474,77.67610204889652,77.72214639730448,77.76785375775825,77.81411533773743,77.86182234472169,77.91186598619062,77.96513746962385,78.02252800250102,78.08492879230175,78.15323104650567,78.2283259725924,78.31110477804158,78.40245867033282,78.50327885694576,78.61445654536001,78.73659504261168,78.86801123938658,79.00593169786858,79.14757626536249,79.29016478917308,79.4309171166051,79.56705309496336,79.69579257155259,79.8143553936776,79.91996140864316,80.00983046375401,80.08118240631497,80.13123708363077,80.15721434300622,80.15633403174606,80.12581599715509,80.06288008653806,79.96474614719976,79.82863402644496,79.65176357157844,79.432947853333,79.17991514775674,78.90349304834758,78.61451226036797,78.32380348908036,78.04219743974723,77.78052481763102,77.54961632799419,77.36030267609918,77.22341456720847,77.14978270658447,77.15023779948969,77.23561055118655,77.41673166693751,77.70443185200504,78.10954181165158,78.6428922511396,79.3153138757315,80.13763739068982,81.12069350127696
70.67483615260755,70.55716846392762,70.44388593995575,70.335197441321,70.23131182865238,70.13243796257893,70.03878470372968,69.95056091273366,69.8679754502199,69.79123717681743,69.72055495315527,69.6561376398625,69.59819409756808,69.54693318690109,69.50256376849055,69.46529470296548,69.43533485095493,69.41289307308791,69.39817822999346,69.39139918230062,69.39276462667722,69.40231995444084,69.41964080808533,69.44421888197267,69.47554587046483,69.5131134679238,69.55641336871156,69.6049372671901,69.65817685772139,69.71562383466743,69.77676989239016,69.84110672525162,69.90812602761375,69.97731949383855,70.048178818288,70.12019569532406,70.19286181930875,70.26566888460403,70.33810858557187,70.40967261657428,70.47985401499572,70.54836389149844,70.61537065590441,70.6811003001252,70.74577881607232,70.80963219565727,70.87288643079162,70.93576751338686,70.99850143535454,71.06131418860618,71.12443176505329,71.1880801566074,71.25248535518004,71.31787335268274,71.38447014102702,71.4525017121244,71.52219405788641,71.59377317022458,71.66746504105042,71.74349566227548,71.8220881178996,71.90329101722259,71.98688253375923,72.07261757773094,72.16025105935911,72.2495378888652,72.34023297647062,72.43209123239677,72.5248675668651,72.61831689009699,72.71219411231391,72.80625414373725,72.90025189458844,72.99394227508888,73.08708019546003,73.17942056592328,73.27071829670005,73.3607282980118,73.44920548007988,73.53590475312578,73.62058967264974,73.70328598924998,73.78432257861466,73.86404520174227,73.9427996196313,74.02093159328021,74.09878688368747,74.17671125185154,74.25505045877092,74.33415026544407,74.41435643286944,74.49601472204554,74.57947089397084,74.66507070964377,74.75315993006285,74.84408431622653,74.93818962913329,75.0358216297816,75.13732607916992,75.24304873829674,75.35330498841819,75.46786483365615,75.58602654149358,75.70707282498542,75.83028639718655,75.9549499711519,76.08034625993638,76.2057579765949,76.33046783418236,76.45375854575367,76.57491282436376,76.69321338306754,76.80794293491991,76.91838419297578,77.02381987029005,77.12353267991766,77.21680533491352,77.3029205483325,77.38116103322956,77.4508095026596,77.51122687275925,77.56268317049106,77.60603494593082,77.64214852453959,77.67189023177846,77.69612639310849,77.71572333399074,77.73154737988627,77.74446485625614,77.75534208856143,77.7650454022632,77.77444112282252,77.78439557570046,77.79577508635805,77.8094459802564,77.82627458285656,77.84712721961957,77.87287021600653,77.90436989747847,77.9424925894965,77.9879826975166,78.04061637599253,78.09970804734726,78.16456929038847,78.23451168392381,78.30884680676098,78.38688623770764,78.46794155557149,78.55132433916017,78.6363461672814,78.72231861874282,78.80855327235213,78.89436170691698,78.97905550124507,79.06194623414407,79.14234548442165,79.2195648308855,79.2929158523433,79.3617101276027,79.4252592354714,79.4831752294565,79.53675153027989,79.58786607585218,79.63839739094864,79.69022400034457,79.74522442881523,79.80527720113591,79.87226084208187,79.94805387642842,80.03453482895081,80.13358222442434,80.24707458762427,80.37689044332588,80.52490831630446,80.69300673133529,80.88306421319363,81.09695928665478,81.336570476494,81.60377630748658,81.9004553044078
69.64478547144347,69.66170921043869,69.67361423727766,69.68103329221276,69.68449911549635,69.6845444473808,69.68170202811847,69.6765045979617,69.66948489716285,69.6611756659743,69.6521096446484,69.64281957343752,69.63383819259401,69.62569824237025,69.61893246301855,69.61407359479134,69.61165437794094,69.6122075527197,69.61626585938001,69.62436203817421,69.63702865435931,69.65462397781424,69.67700491671292,69.70393878160522,69.73519288304095,69.77053453157004,69.8097310377423,69.85254971210759,69.89875786521577,69.9481228076167,70.00041184986023,70.05539230249622,70.11283147607452,70.17249668114499,70.23415522825752,70.2975744279619,70.36252159080806,70.42876402734578,70.49606904812498,70.56420396369549,70.63293642390855,70.70208917267541,70.77160048602408,70.84142318752885,70.9115101007639,70.98181404930358,71.05228785672205,71.12288434659362,71.19355634249254,71.26425666799307,71.33493814666946,71.40555360209595,71.4760558578468,71.54639773749625,71.61653206461861,71.68641166278809,71.75598935557895,71.82521796656548,71.89405031932188,71.96243923742242,72.03033856194224,72.09776318400787,72.16482262232549,72.23163453560824,72.29831658256919,72.36498642192137,72.43176171237795,72.49876011265195,72.56609928145647,72.63389687750461,72.70227055950946,72.77133798618405,72.84121681624151,72.91202470839494,72.98387932135736,73.05689831384191,73.13119934456162,73.20690007222964,73.28411815555904,73.36297125326286,73.44357368041875,73.52593834591062,73.60996092240453,73.69553055202849,73.78253637691066,73.87086753917907,73.96041318096181,74.05106244438696,74.14270447158262,74.23522840467683,74.32852338579767,74.42247855707325,74.51698306063162,74.61192603860087,74.70719663310908,74.80268398628431,74.89827724025463,74.99386553714818,75.08933801909298,75.18458382821713,75.27949156815517,75.3739401755064,75.467800225143,75.56094201622845,75.65323584792624,75.7445520193999,75.83476082981296,75.92373257832885,76.01133756411114,76.0974460863233,76.18192844412884,76.26465493669129,76.34549586317412,76.42432152274084,76.50100221455496,76.57540823778,76.64740989157944,76.71687747511679,76.78368128755555,76.84769162805925,76.90881916973431,76.96744393277397,77.0242487419436,77.07992146875135,77.13514998470545,77.19062216131412,77.24702587008554,77.30504898252795,77.36537937014953,77.42870490445853,77.4957134569631,77.56709289917148,77.64353110259188,77.72571593873249,77.81433527910156,77.91007699520722,78.01362895855775,78.12567904066131,78.24691511302612,78.3780250471604,78.51947347372467,78.66995211355683,78.82730723600457,78.98937990363194,79.15401117900299,79.31904212468177,79.4823138032323,79.64166727721866,79.79494360920486,79.939983861755,80.07462909743307,80.19672037880318,80.30409876842933,80.39460532887557,80.46608112270596,80.51636721248457,80.54330466077542,80.54473453014253,80.51849788315002,80.46243578236187,80.37535453888006,80.26146170806643,80.12684255532926,79.97758423132777,79.8197738867213,79.6594986721691,79.50284573833048,79.3559022358647,79.22475531543105,79.11549212768887,79.03419982329737,78.9869655529159,78.9798764672037,79.01901971682008,79.11048245242432,79.2603518246757,79.47471498423351,79.75965908175704,80.12127126790557,80.5656386933384
70.672306833364,70.4228285841764,70.20026138574367,70.00326823846389,69.83051214273507,69.6806560989553,69.5523631075226,69.44429616883504,69.35511828329066,69.28349245128754,69.2280816732237,69.18754894949721,69.16055728050611,69.14576966664846,69.1418491083223,69.1474586059257,69.1612611598567,69.18191977051336,69.20809743829373,69.23845716359584,69.2716622581265,69.3066860970807,69.34339395514523,69.38181049707315,69.42196038761746,69.46386829153121,69.50755887356745,69.55305679847919,69.60038673101948,69.64957333594135,69.70064127799783,69.75361522194197,69.80851983252678,69.86537977450531,69.9242197126306,69.98506431165568,70.04793823633356,70.11286615141731,70.17987272165995,70.24898261181451,70.32022006541176,70.39354093001732,70.46875762701583,70.54566451788732,70.62405596411185,70.70372632716946,70.78446996854022,70.86608124970417,70.94835453214135,71.03108417733183,71.11406454675564,71.19709000189286,71.27995490422353,71.36245361522768,71.44438049638538,71.52552990917667,71.60569621508161,71.68467377558025,71.76225695215264,71.83824010627883,71.91242053202602,71.98477147869126,72.05553892617773,72.12499231508598,72.19340108601652,72.26103467956989,72.32816253634658,72.39505409694715,72.46197880197211,72.52920609202197,72.59700540769725,72.6656461895985,72.73539787832624,72.80652991448096,72.87931173866322,72.95401279147352,73.0309025135124,73.11025034538036,73.19232572767797,73.27739810100569,73.36572888537664,73.45733625142526,73.55195714793871,73.64931285849428,73.74912466666927,73.85111385604097,73.95500171018668,74.0605095126837,74.1673585471093,74.2752700970408,74.3839654460555,74.49316587773066,74.60259267564362,74.71196712337165,74.82101050449205,74.92944410258211,75.03698920121913,75.14336708398041,75.24829903444324,75.35150633618491,75.45272185922354,75.55188647336281,75.64912096265941,75.74455204342773,75.83830643198216,75.9305108446371,76.02129199770694,76.11077660750607,76.19909139034888,76.28636306254975,76.37271834042312,76.45828394028334,76.5431865784448,76.62755297122192,76.71150983492907,76.79518388588066,76.87870184039107,76.96219041477471,77.04577632534594,77.1295862884192,77.21373493483412,77.2981964017871,77.38285418541419,77.46759027116714,77.55228664449776,77.63682529085777,77.72108819569893,77.80495734447302,77.88831472263176,77.97104231562693,78.0530221089103,78.13413608793361,78.21426623814862,78.2932945450071,78.37110299396079,78.44757357046146,78.52258825996088,78.59602904791078,78.66777791976293,78.7377168609691,78.80572509902117,78.87165995854605,78.93536831930224,78.99669699672265,79.05549280624015,79.11160256328765,79.16487308329806,79.21515118170427,79.26228367393915,79.30611737543565,79.34649910162662,79.38327566794499,79.41629388982362,79.44540058269544,79.47044256199334,79.49126664315021,79.50771964159895,79.51964837277248,79.52689965210365,79.5293202950254,79.52709089583126,79.52225977622844,79.517524562114,79.5155835312969,79.51913496158599,79.53087713079023,79.5535083167185,79.58972679717974,79.64223084998284,79.71371875293673,79.8068887838503,79.92443922053248,80.06906834079217,80.24347442243831,80.45035574327977,80.6924105811255,80.97233721378439,81.29283391906534,81.6565989747773,82.06633065872917
71.97994821012479,71.60776049232632,71.27268749140423,70.97297186050076,70.70685625275823,70.47258332131891,70.26839571932508,70.09253609991906,69.9432471162431,69.8187714214395,69.71735166865054,69.6372305110185,69.57665060168569,69.53385459379436,69.50708514048684,69.49458489490537,69.49459651019227,69.5053626394898,69.52512593594027,69.55212905268594,69.58461498947001,69.62117196051715,69.66138119158768,69.70500136809511,69.75179117545294,69.80150929907462,69.8539144243737,69.90876523676361,69.96582042165788,70.02483866446998,70.0855786506134,70.14779906550164,70.21125859454818,70.27571592316652,70.34092973677012,70.40665872077251,70.47266156058716,70.53869694162755,70.60452354930717,70.66990006903954,70.73458586685507,70.79845082396128,70.8615965716367,70.92415392261161,70.98625368961623,71.04802668538082,71.10960372263561,71.17111561411086,71.23269317253681,71.2944672106437,71.35656854116178,71.41912797682129,71.48227633035246,71.54614441448557,71.61086304195084,71.67656302547852,71.74337517779884,71.81143031164207,71.88085923973844,71.95179277481819,72.02436043083085,72.09861379488221,72.17448366747033,72.2518904588474,72.33075457926564,72.41099643897728,72.49253644823453,72.57529501728959,72.6591925563947,72.74414947580205,72.83008618576388,72.91692309653237,73.00458061835978,73.0929791614983,73.18203913620013,73.2716809527175,73.36182502130264,73.45239175220775,73.54330155568502,73.63447484198672,73.72583364004944,73.81734907047353,73.90904900898204,74.00096449279104,74.09312655911663,74.18556624517493,74.27831458818197,74.37140262535388,74.46486139390673,74.55872193105662,74.65301527401964,74.74777246001186,74.84302452624938,74.9388025099483,75.03513744832469,75.13206037859466,75.22960233797427,75.32779436367963,75.42666749292681,75.5262527629319,75.62657658631515,75.72758235495185,75.82914164999279,75.93112368479564,76.0333976727181,76.13583282711784,76.23829836135258,76.34066348877998,76.44279742275775,76.54456937664358,76.64584856379513,76.74650419757012,76.84640549132624,76.94542165842114,77.04342191221255,77.14027546605814,77.23585153331561,77.33001932734264,77.42264806149691,77.51360694913615,77.6027555501478,77.68984120282835,77.77453884444778,77.85652220559231,77.93546501684816,78.01104100880153,78.08292391203865,78.15078745714573,78.21430537470897,78.27315139531461,78.32699924954885,78.3755226679979,78.41839538124799,78.45529111988533,78.48588361449613,78.5098465956666,78.52685379398298,78.53657894003145,78.53869576439824,78.53287799766957,78.51897691464939,78.49825379145086,78.47264229467939,78.44408023191336,78.41450541073115,78.38585563871116,78.3600687234318,78.33908247247142,78.32483469340843,78.31926319382124,78.32430578128822,78.34190026338776,78.37398444769825,78.42249614179809,78.48937315326566,78.57655328967934,78.68597435861756,78.81957416765867,78.9792905243811,79.1670612363632,79.38375602210058,79.6242678906706,79.88141208410664,80.14800175833074,80.41685006926481,80.68077017283086,80.93257522495084,81.1650783815467,81.37109279854046,81.54343163185403,81.67490803740942,81.75833517112858,81.78652618893346,81.75229424674608,81.64845250048835,81.46781410608226,81.20319221944979,80.84739999651292,80.39325059319357,79.83355716541374
70.16772629092733,70.09948318480448,70.03333788040761,69.96953537098915,69.90832064980157,69.84993871009729,69.79463454512879,69.7426531481485,69.69423951240887,69.64963863116238,69.60909549766143,69.5728551051585,69.54116244690601,69.51426251615646,69.49240030616225,69.47582081017588,69.46476902144974,69.45948993323631,69.46022853878804,69.46722983135739,69.48073865368474,69.50084993852077,69.52722740162754,69.5594576966037,69.5971274770479,69.6398233965588,69.68713210873506,69.7386402671753,69.79393452547822,69.85260153724244,69.91422795606663,69.97840043554943,70.04470562928952,70.11273019088553,70.18206077393612,70.25228403203994,70.32298661879564,70.39375518780189,70.46417639265732,70.53383688696061,70.60232442154216,70.66940491023786,70.73521787429472,70.79994987877102,70.86378748872505,70.92691726921512,70.98952578529955,71.05179960203657,71.11392528448454,71.17608939770172,71.23847850674642,71.30127917667693,71.36467797255153,71.42886145942856,71.49401620236627,71.56032876642297,71.62798571665698,71.69717361812657,71.76807903589004,71.84088853500569,71.91578603985046,71.99279703392006,72.07170141734431,72.15225796480217,72.23422545097264,72.31736265053469,72.4014283381673,72.48618128854946,72.57138027636013,72.6567840762783,72.74215146298296,72.82724121115307,72.9118120954676,72.99562289060556,73.07843237124592,73.15999931206765,73.24008248774975,73.31844067297116,73.39483264241089,73.46901717074793,73.54076169670161,73.61009642309105,73.67735533565128,73.74288934207122,73.80704935003978,73.87018626724584,73.93265100137832,73.99479446012613,74.0569675511782,74.11952118222341,74.18280626095064,74.24717369504886,74.31297439220694,74.38055926011381,74.45027920645838,74.52248513892951,74.59752796521614,74.67575859300719,74.75752792999155,74.84318688385812,74.93306893321699,75.02719466985486,75.12531404682223,75.22716809348118,75.33249783919385,75.44104431332235,75.55254854522877,75.66675156427527,75.7833943998239,75.90221808123684,76.02296363787613,76.14537209910395,76.26918449428237,76.39414185277354,76.51998520393954,76.64645557714249,76.77329400174449,76.9002415071077,77.02703912259418,77.15342787756607,77.27914585008013,77.40389680926828,77.52736238947227,77.64922385612067,77.76916247464203,77.88685951046494,78.00199622901798,78.11425389572969,78.22331377602868,78.32885713534347,78.43056523910265,78.52811935273479,78.62120074166847,78.70949067133225,78.7926704071547,78.87042121456437,78.94242435898985,79.00836110585973,79.06791272060254,79.12076046864686,79.16666861587052,79.20606059206897,79.23967416401601,79.26824903435599,79.29252490573325,79.31324148079213,79.33113846217698,79.34695555253214,79.36143245450194,79.37530887073072,79.38932450386284,79.40421905654264,79.42073223141446,79.43960373112262,79.46157325831149,79.4873805156254,79.5177652057087,79.55346703120571,79.59522569476081,79.64378089901831,79.69962311518847,79.7618481893671,79.82906713462586,79.89989047725629,79.97292874354994,80.04679245979833,80.12009215229298,80.19143834732546,80.25944157118727,80.32271235016998,80.37986121056511,80.42949867866419,80.47023528075876,80.50068154314036,80.51944799210052,80.5251451539308,80.51638355492268,80.49177372136776,80.44992617955754,80.38945145578354
69.42759283386204,69.5977489761791,69.73378015146886,69.8382895307945,69.91388028521922,69.9631555858063,69.98871860361896,69.99317250972038,69.97912047517383,69.9491656710425,69.90591126838964,69.8519604382785,69.78991635177223,69.72238217993413,69.6519610938274,69.58125626451525,69.5128708630609,69.44940806052762,69.39347102797859,69.34766293647706,69.3145861401864,69.29602936101054,69.29144090275784,69.29985081650884,69.32028915334419,69.35178596434449,69.3933713005903,69.44407521316228,69.50292775314094,69.56895897160695,69.64119891964089,69.71867764832336,69.80042520873494,69.88547165195624,69.97284702906785,70.06158139115038,70.15070478928442,70.23924727455059,70.32623889802946,70.41070971080163,70.4916922750225,70.5686268886138,70.64180887045791,70.711641201768,70.77852686375729,70.84286883763906,70.9050701046265,70.96553364593288,71.02466244277139,71.08285947635528,71.14052772789776,71.19807017861208,71.25588980971148,71.31438960240916,71.37397253791838,71.43504159745234,71.49799976222428,71.56325001344746,71.63119533233507,71.70223870010037,71.77677892772897,71.85496461255192,71.93655652073551,72.02128205662541,72.1088686245673,72.19904362890685,72.29153447398974,72.38606856416166,72.4823733037683,72.58017609715532,72.6792043486684,72.77918546265323,72.87984684345548,72.98091589542082,73.08212002289497,73.18318663022356,73.28384312175228,73.38381690182683,73.4828353747929,73.58062594499611,73.67692213608512,73.77164305869272,73.86492238151064,73.95690572499424,74.04773870959878,74.13756695577962,74.22653608399202,74.31479171469132,74.40247946833284,74.48974496537187,74.5767338262637,74.6635916714637,74.75046412142711,74.83749679660932,74.92483531746555,75.01262530445115,75.10101237802144,75.19014215863172,75.28016026673728,75.37121232279347,75.46343493092573,75.55680283410666,75.65115076973925,75.74630885886572,75.84210722252826,75.93837598176904,76.03494525763031,76.13164517115422,76.22830584338294,76.32475739535869,76.42082994812367,76.51635362272006,76.61115854019002,76.7050748215758,76.79793258791958,76.8895619602635,76.97979305964981,77.06845600712066,77.15538092371824,77.24039793048479,77.32335491680979,77.40430632912037,77.48343987644859,77.56094548886992,77.63701309645981,77.71183262929372,77.78559401744715,77.85848719099556,77.93070208001438,78.00242861457909,78.07385672476516,78.1451763406481,78.2165773923033,78.28824980980627,78.36038352323249,78.43316846265736,78.5067945581564,78.58145173980506,78.65732993767884,78.73461908185314,78.81346333377803,78.89364337462442,78.9747665519059,79.05643914564632,79.13826743586947,79.21985770259917,79.3008162258592,79.38074928567337,79.4592631620655,79.5359641350594,79.61045848467884,79.6823524909477,79.75125243388973,79.81676459352875,79.87849524988857,79.936050682993,79.98903717286584,80.0370609995309,80.07972844301199,80.1166457833329,80.14761476082748,80.17353085369723,80.19566977152797,80.21530760566401,80.23372044744954,80.25218438822887,80.27197551934626,80.29436993214594,80.32064371797222,80.35207296816932,80.3899337740815,80.43550222705306,80.49005441842826,80.55486643955132,80.63121438176651,80.72037433641813,80.82362239485042,80.94223464840763,81.07748718843405,81.2306561062739
71.46026833890491,71.29764496133885,71.13494777159363,70.97307297341479,70.81291677054776,70.65537536673799,70.50134496573096,70.3517217712722,70.20740198710706,70.06928181698112,69.9382574646398,69.81522513382856,69.70108102829289,69.59672135177823,69.5030423080301,69.4209401007939,69.35131093381517,69.29505101083933,69.25305653561188,69.22622371187825,69.2154482562373,69.22114068722004,69.24231584819265,69.27773916343432,69.32617605722416,69.3863919538413,69.45715227756492,69.53722245267414,69.62536790344814,69.72035405416602,69.82094632910693,69.92591015255005,70.0340109487745,70.1440141420594,70.25468515668393,70.36478941692724,70.47309234706844,70.57835937138668,70.67935591416114,70.7748473996709,70.86360277734286,70.9449633924578,71.01947090308056,71.08781810798257,71.15069780593527,71.20880279571014,71.26282587607858,71.31345984581208,71.36139750368204,71.40733164845994,71.4519550789172,71.49596059382532,71.54004099195569,71.58488907207976,71.63119763296902,71.67965947339488,71.7309673921288,71.78581418794221,71.84489265960656,71.90889560589332,71.9785079830761,72.05394419755854,72.13468930344587,72.22016561486075,72.30979544592572,72.40300111076334,72.49920492349628,72.59782919824704,72.69829624913828,72.80002839029251,72.90244793583241,73.00497719988047,73.10703849655937,73.20805413999165,73.30744644429987,73.40463772360667,73.49905029203461,73.59010646370626,73.67722855274428,73.75983887327118,73.83737907467727,73.90987720876905,73.97803927017705,74.04260901772673,74.10433021024343,74.16394660655254,74.22220196547948,74.27984004584962,74.33760460648833,74.39623940622101,74.45648820387302,74.5190947582698,74.58480282823666,74.65435617259905,74.72849855018231,74.80797371981186,74.89352544031306,74.9858974705113,75.085833569232,75.19407749530049,75.31132348918425,75.43737683778917,75.57127390695922,75.71202570913908,75.85864325677343,76.010137562307,76.16551963818449,76.32380049685054,76.48399115074992,76.64510261232726,76.80614589402725,76.96613200829466,77.12407196757411,77.27897678431034,77.42985747094804,77.57572503993185,77.71559050370655,77.84846487471677,77.97335916540723,78.08928438822264,78.19532131012073,78.29136159427372,78.37782006270183,78.4551202567394,78.52368571772081,78.58393998698037,78.63630660585247,78.68120911567146,78.71907105777166,78.75031597348746,78.77536740415323,78.79464889110326,78.80858397567195,78.81759619919362,78.82210910300267,78.82254622843342,78.81933111682022,78.81288730949743,78.80363834779942,78.79200777306053,78.77845263956164,78.7636961510481,78.74858843055839,78.73398038277404,78.72072291237657,78.70966692404755,78.70166332246848,78.6975630123209,78.69821689828632,78.70447588504629,78.71719087728238,78.73721277967604,78.76539249690887,78.80258093366237,78.84962899461809,78.90738758445752,78.97670760786224,79.05843996951376,79.15343557409363,79.26254532628334,79.38607480703487,79.5212781276023,79.66434857417195,79.81147836784481,79.95885972972184,80.10268488090398,80.23914604249214,80.36443543558732,80.47474528129044,80.56626780070246,80.63519521492435,80.677719745057,80.69003361220143,80.66832903745856,80.60879824192935,80.50763344671472,80.36102687291566,80.16517074163309,79.91625727396797,79.61047869102126
70.99862610216638,70.80526869381913,70.62452439562624,70.45619412725122,70.30007880835754,70.15597935860869,70.02369669766813,69.90303174519936,69.79378542086585,69.69575864433106,69.60875233525852,69.53256741331167,69.46700479815401,69.41186540944899,69.36695016686014,69.3320599900509,69.30699579868475,69.29155851242518,69.28554905093569,69.28876833387973,69.30101719204055,69.32200793147251,69.35119821631424,69.38800020401641,69.43182605202966,69.48208791780469,69.53819795879218,69.5995683324428,69.66561119620721,69.7357387075361,69.80936302388014,69.88589630269001,69.96475070141639,70.04533837750994,70.12707148842134,70.20936219160126,70.29162264450038,70.37326500456939,70.45370142925893,70.53234407601971,70.60860661777508,70.68214880232868,70.75314639593967,70.82184014075938,70.88847077893917,70.95327905263034,71.01650570398425,71.07839147515224,71.13917710828565,71.19910334553579,71.25841092905402,71.31734060099167,71.37613310350008,71.43502917873059,71.49426956883451,71.55409501596321,71.61474626226801,71.67646404990025,71.73948912101126,71.80406221775239,71.87042171231546,71.93866377932243,72.00866418716186,72.08027974454633,72.15336726018846,72.22778354280084,72.30338540109604,72.38002964378667,72.45757307958533,72.53587251720461,72.61478476535709,72.69416663275537,72.77387492811205,72.85376646013971,72.93369803755095,73.01352646905836,73.09310856337456,73.1723011292121,73.25096097528359,73.32894491030163,73.40611628754883,73.48253694484522,73.55849818899704,73.63430410917374,73.71025879454481,73.78666633427976,73.86383081754808,73.94205633351925,74.02164697136276,74.10290682024811,74.18613996934478,74.27165050782229,74.35974252485009,74.4507201095977,74.54488735123459,74.64254833893027,74.74400716185421,74.84956790917593,74.9595346700649,75.07421153369062,75.19387759446367,75.3183632408831,75.44711074283187,75.5795495728764,75.71510920358314,75.85321910751848,75.99330875724888,76.13480762534074,76.27714518436052,76.41975090687461,76.56205426544945,76.70348473265149,76.84347178104711,76.98144488320277,77.1168335116849,77.2490671390599,77.37757523789422,77.50178728075427,77.62113274020649,77.73504108881731,77.84296772587045,77.94466944873868,78.04009750517467,78.12920638377082,78.21195057311947,78.28828456181299,78.35816283844377,78.42153989160417,78.47837020988655,78.5286082818833,78.57220859618675,78.60912564138931,78.63931390608332,78.66272787886115,78.67932204831519,78.68905090303778,78.69186893162131,78.68773062265815,78.67659046474066,78.65840294646121,78.63323095870956,78.60199828992097,78.5660392666774,78.52669074389424,78.48528957648692,78.44317261937087,78.40167672746148,78.3621387556742,78.32589555892442,78.29428399212756,78.26864091019904,78.25030316805427,78.2406076206087,78.2408911227777,78.25249052947672,78.27674269562114,78.31498447612641,78.36855272590793,78.43878429988115,78.52701605296144,78.63408092963809,78.75799214125402,78.89578263590133,79.044484377472,79.2011293298581,79.3627494569516,79.52637672264456,79.68904309082895,79.84778052539681,79.99962099024017,80.14159644925105,80.27073886632145,80.3840802053434,80.47865243020891,80.55148750481001,80.5996173930387,80.620074058787,80.60988946594696,80.56609557841057,80.48572436006984
70.39818021307131,70.37902376201406,70.35505634622005,70.32691607878682,70.29524107281186,70.2606694413927,70.22383929762684,70.18538875461178,70.14595592544504,70.10617892322412,70.06669586104655,70.02814485200983,69.99116400921146,69.95639144574896,69.92446527471985,69.89602360922161,69.87170456235178,69.85214624720786,69.83798677688735,69.82986426448777,69.82841658018063,69.8340396398594,69.84643337647897,69.86517334489147,69.88983509994907,69.91999419650385,69.95522618940797,69.99510663351353,70.0392110836727,70.08711509473757,70.1383942215603,70.192624018993,70.24938004188782,70.30823784509687,70.36877298347228,70.43056101186617,70.49317748513072,70.55619795811799,70.61919798568016,70.68175312266935,70.74344009307362,70.80402545932996,70.86367387466439,70.92260011900645,70.98101897228572,71.0391452144318,71.09719362537427,71.15537898504269,71.21391607336665,71.27301967027574,71.33290455569951,71.39378550956758,71.4558773118095,71.51939474235486,71.58455258113324,71.65156560807421,71.72064860310736,71.79201634616228,71.86588361716854,71.9424651960557,72.02197266328116,72.10442563097119,72.18954616033875,72.27703071681933,72.3665757658484,72.45787777286142,72.55063320329393,72.64453852258137,72.73929019615923,72.83458468946301,72.93011846792818,73.02558799699023,73.12068974208462,73.21512016864688,73.30857574211244,73.40075292791683,73.4913481914955,73.58005799828395,73.66657881371763,73.75060710323208,73.83184937129987,73.91031658756586,73.98637171541358,74.06039732572086,74.1327759893656,74.20389027722561,74.27412276017874,74.34385600910285,74.41347259487581,74.48335508837546,74.55388606047963,74.6254480820662,74.69842372401301,74.77319555719791,74.85014615249877,74.9296580807934,75.0121139129597,75.09789621987551,75.18738757241867,75.28097054146703,75.37900611729034,75.48146787508186,75.58799428635231,75.69821277334108,75.81175075828756,75.92823566343112,76.04729491101118,76.1685559232671,76.29164612243828,76.41619293076413,76.54182377048399,76.66816606383728,76.79484723306338,76.92149470040168,77.0477358880916,77.17319821837246,77.29750911348371,77.4202959956647,77.54118628715484,77.65980741019352,77.77579680958144,77.88890844239467,77.99897143491918,78.10581616626114,78.20927301552668,78.30917236182192,78.40534458425303,78.49762006192616,78.58582917394745,78.66980229942303,78.74936981745905,78.82436210716166,78.89460954763699,78.95994251799121,79.02019139733044,79.07518656476084,79.12475839938854,79.16873728031968,79.20695358666042,79.2392376975169,79.26550450411094,79.28634006676957,79.30265050773893,79.31534392039327,79.32532839810679,79.33351203425372,79.34080292220825,79.34810915534466,79.3563388270371,79.36640003065982,79.37920085958704,79.39564940719298,79.41665376685184,79.44312203193786,79.47596229582525,79.51608265188823,79.56439119350101,79.62179601403783,79.68920520687288,79.76752686538042,79.85690724677751,79.9532295993163,80.05089516184951,80.14430368526861,80.22785492046513,80.29594861833057,80.3429845297564,80.3633624056341,80.35148199685521,80.30174305431119,80.20854532889355,80.06628857149376,79.86937253300336,79.61219696431381,79.2891616163166,78.89466623990326,78.42311058596525,77.8688944053941,77.22641744908125,76.49007946791824
70.18896388364996,70.06538297249273,69.95266326905862,69.85053522487713,69.75872929147778,69.67697592039008,69.60500556314355,69.54254867126771,69.48933569629206,69.44509708974613,69.40956330315942,69.38246478806145,69.36353199598175,69.3524953784498,69.34908538699516,69.3530324731473,69.36406708843576,69.38191968439006,69.4063207125397,69.43700062441418,69.47368983420193,69.51608156434098,69.56376205497531,69.61629842759815,69.67325780370275,69.7342073047823,69.79871405233001,69.86634516783914,69.93666777280288,70.00924898871445,70.08365593706708,70.15945573935399,70.23621551706839,70.31350239170351,70.39088348475256,70.46792591770877,70.54419681206537,70.61926328931555,70.69269247095255,70.76405147846958,70.83290875940537,70.89904807793621,70.96270471673016,71.02417081265594,71.08373850258228,71.14169992337793,71.19834721191161,71.25397250505208,71.30886793966803,71.36332565262822,71.41763778080139,71.47209646105625,71.52699383026156,71.58262202528604,71.63927318299842,71.69723944026744,71.75681293396183,71.81828580095033,71.88195017810168,71.94809820228458,72.01701901994446,72.08882235212639,72.16333981050498,72.24037908336813,72.31974785900371,72.40125382569964,72.48470467174381,72.56990808542412,72.65667175502846,72.74480336884471,72.8341106151608,72.92440118226459,73.01548275844401,73.10716303198693,73.19924969118125,73.29155042431486,73.38387291967568,73.4760248655516,73.56781395023047,73.65904786200025,73.74953794194674,73.83920631366831,73.9281031769911,74.01628586611221,74.10381171522879,74.1907380585379,74.27712223023671,74.3630215645223,74.44849339559181,74.53359505764233,74.61838388487098,74.70291721147487,74.78725237165114,74.87144669959689,74.95555752950922,75.03964219558526,75.12375803202212,75.20796237301691,75.29231255276677,75.37686590546879,75.46168122055656,75.54684341186913,75.63245999015767,75.71863921125447,75.80548933099178,75.89311860520188,75.98163528971703,76.07114764036953,76.16176391299163,76.25359236341562,76.34674124747376,76.44131882099832,76.53743333982156,76.63519305977577,76.73470623669323,76.83608112640619,76.93942598474693,77.04484906754772,77.15245863064084,77.26236292985855,77.3746244904045,77.48877421892435,77.60400004234897,77.71948417128066,77.8344088163217,77.94795618807439,78.05930849714102,78.16764795412386,78.27215676962523,78.3720171542474,78.46641131859266,78.5545214732633,78.63552982886164,78.70861859598992,78.77296998525047,78.82776620724555,78.87218947257747,78.90542199184851,78.92664597566097,78.93504363461714,78.93002512377618,78.91281086263014,78.88548453553837,78.850135143349,78.8088516869101,78.76372316706986,78.71683858467634,78.67028694057768,78.62615723562199,78.5865384706574,78.55351964653202,78.52918976409397,78.51563782419137,78.51495282767233,78.52922377538496,78.5605396681774,78.61098950689777,78.68266229239416,78.77764702551471,78.89803270710752,79.04494677988372,79.21413609268217,79.39947696327836,79.59484383140453,79.79411113679294,79.99115331917581,80.17984481828539,80.3540600738539,80.50767352561361,80.63455961329674,80.72859277663554,80.78364745536224,80.79359808920908,80.75231911790831,80.65368498119217,80.4915701187929,80.25984897044273,79.95239597587391,79.56308557481867,79.08579220700926
70.55259902853152,70.16229469931984,69.81958327812517,69.5219303697329,69.26680157892848,69.05166251049731,68.87397876922482,68.73121595989645,68.6208396872976,68.54031555621373,68.48710917143023,68.45868613773254,68.45251205990607,68.46605254273626,68.49677319100853,68.54213960950831,68.599617403021,68.66667217633206,68.74076953422687,68.8193750814909,68.8999550038816,68.98055413532002,69.06088179465559,69.14094475842822,69.22074980317784,69.30030370544438,69.37961324176777,69.45868518868792,69.53752632274478,69.61614342047828,69.69454325842831,69.77273261313483,69.85071826113776,69.92850697897701,70.00610554319252,70.08352073032421,70.16075931691202,70.23782807949587,70.31473379461568,70.39148323881138,70.46808313365328,70.5445312750197,70.62080674163342,70.69688625539484,70.77274653820434,70.84836431196229,70.92371629856902,70.99877921992496,71.07352979793042,71.14794475448582,71.22200081149151,71.29567469084786,71.36894311445525,71.44178280421406,71.51417048202462,71.58608286978735,71.65749668940259,71.72838866277071,71.79873551179212,71.86851395836713,71.9377016651118,72.00633273758052,72.07452876788219,72.14241887385081,72.21013217332045,72.2777977841251,72.34554482409878,72.41350241107554,72.48179966288939,72.55056569737434,72.61992963236442,72.69002058569366,72.76096767519608,72.83290001870573,72.90594673405658,72.98023693908269,73.05589975161807,73.13306428949674,73.21185967055276,73.2924150126201,73.3748562775894,73.45921371350548,73.54540691314779,73.63334930534384,73.72295431892113,73.81413538270716,73.90680592552945,74.00087937621554,74.09626916359288,74.19288871648902,74.29065146373146,74.3894708341477,74.48926025656526,74.58993315981164,74.69140297271436,74.79358312410089,74.89638704279879,74.99972815763557,75.1035198974387,75.2076756910357,75.31210679311712,75.41668542826652,75.52125006106849,75.62563804294953,75.72968672533614,75.83323345965476,75.93611559733192,76.03817048979407,76.1392354884677,76.23914794477932,76.33774521015536,76.43486463602237,76.53034357380676,76.62401937493507,76.71572939083377,76.80531097292932,76.89260147264824,76.97743824141698,77.05965863066203,77.13909999180989,77.21561579271078,77.28924685464106,77.36015487205525,77.4285035539608,77.49445660936519,77.55817774727588,77.61983067670035,77.67957910664607,77.73758674612053,77.79401730413116,77.84903448968547,77.90280201179091,77.95548357945495,78.00724290168507,78.05824368748875,78.10864964587343,78.15862448584662,78.20833191641576,78.25793564658834,78.30759938537182,78.35751630471593,78.4081135621527,78.45992989644449,78.51350473353597,78.56937749937181,78.62808761989668,78.69017452105525,78.75617762879222,78.82663636905224,78.90209016777999,78.98307845092013,79.07014064441738,79.16381617421636,79.26464446626179,79.3731649464983,79.4899170408706,79.61544017532336,79.75027377580122,79.8949572682489,80.05003007861104,80.2151960634117,80.38548348075668,80.5542951451132,80.71503223897697,80.86109594484371,80.98588744520909,81.08280792256882,81.14525855941861,81.16664053825414,81.14035504157114,81.0598032518653,80.91838635163232,80.70950552336791,80.42656194956776,80.06295681272756,79.61209129534303,79.06736657990986,78.4221838489238,77.66994428488047,76.80404907027562
69.85660918886646,69.70150176732048,69.56347986120511,69.44181328844299,69.33577186695679,69.24462541466913,69.16764374950267,69.10409668938007,69.05325405222398,69.01438565595703,68.98676131850186,68.96965085778115,68.96232409171753,68.96405083823366,68.97410091525218,68.99174414069574,69.016250332487,69.04688930854859,69.08293088680317,69.12364488517338,69.16830123583523,69.21628366730319,69.26730324394482,69.3211295278439,69.37753208108414,69.4362804657493,69.49714424392313,69.55989297768937,69.62429622913174,69.69012356033402,69.75714453337993,69.82512871035321,69.89384565333762,69.9630649244169,70.03255608567478,70.10208869919501,70.17143232706134,70.24035653135752,70.30863087416726,70.37602491757434,70.44230893838264,70.50736926607833,70.57133559235443,70.63436825252985,70.6966275819235,70.75827391585423,70.81946758964098,70.88036893860264,70.94113829805812,71.0019360033263,71.06292238972608,71.12425779257637,71.18610254719607,71.24861698890408,71.31196145301926,71.37629627486058,71.44178178974688,71.50857833299709,71.57684623993009,71.6467458458648,71.71843574423444,71.79197001533322,71.86724074408971,71.94412608034736,72.02250417394953,72.10225317473963,72.18325123256106,72.26537649725725,72.34850711867156,72.43252124664741,72.51729703102819,72.60271262165733,72.6886461683782,72.77497582103422,72.86157972946877,72.94833604352527,73.03512291304712,73.1218184878777,73.20830091786044,73.29444835283873,73.38014126783916,73.46533065633514,73.5500490385361,73.6343334760249,73.7182210303844,73.80174876319747,73.88495373604695,73.96787301051573,74.05054364818669,74.13300271064263,74.21528725946648,74.29743435624106,74.37948106254926,74.46146443997394,74.54342155009793,74.62538945450414,74.7074052147754,74.7895058924946,74.8717285492446,74.95411024660824,75.0366893799304,75.11952828825169,75.20271002126921,75.28631831156629,75.37043689172621,75.45514949433228,75.5405398519678,75.62669169721602,75.7136887626603,75.80161478088388,75.89055348447008,75.9805886060022,76.07180387806353,76.1642830332374,76.25810980410706,76.35336792325582,76.45014112326699,76.54851313672386,76.64856769620971,76.75038853430785,76.85403650017932,76.95930642320137,77.06582150708427,77.17320209511053,77.28106853056265,77.38904115672314,77.49674031687452,77.60378635429926,77.70979961227988,77.81440043409889,77.91720916303878,78.01784614238208,78.11593171541126,78.21108622540883,78.30293001565734,78.39108342943922,78.47516681003704,78.55480050073325,78.62960484481039,78.69920018555095,78.76327215093151,78.82202483979351,78.87590959534461,78.92537928346749,78.97088677004488,79.01288492095951,79.05182660209404,79.08816467933123,79.12235201855378,79.1548414856444,79.18608594648579,79.21653826696068,79.24665131295178,79.27687795034181,79.30767104501346,79.33948346284944,79.37276806973249,79.4079777315453,79.44556531417061,79.4859836834911,79.52942066804802,79.57458102610266,79.619653935463,79.6628280562859,79.70229204872831,79.73623457294708,79.76284428909916,79.78030985734141,79.78681993783074,79.78056319072407,79.75972827617825,79.72250385435025,79.66707858539691,79.59164112947515,79.49438014674188,79.37348429735398,79.22714224146837,79.05354263924194,78.85087415083161,78.61732543639424
70.52840221307704,70.26357885071322,70.02390947134855,69.80844189495205,69.61622394149278,69.44630343093974,69.29772818326197,69.16954601842849,69.06080475640834,68.97055221717056,68.89783622068417,68.84170458691818,68.80120513584164,68.7753856874236,68.76329406163303,68.76397807843902,68.77648555781057,68.79986431971672,68.8331621841265,68.87542697100892,68.92570659367156,68.98314193060871,69.04714127523424,69.11716071029493,69.19265631853757,69.27308418270897,69.35790038555591,69.4465610098252,69.53852213826362,69.63323985361797,69.73017023863504,69.82876937606163,69.92849334864452,70.02879823913054,70.12914013026644,70.22897510479903,70.32775924547512,70.42494863504149,70.51999935624492,70.61236749183223,70.70151054580099,70.78711679774578,70.86935846315508,70.948468693645,71.02468064083165,71.09822745633112,71.16934229175952,71.23825829873293,71.30520862886749,71.37042643377927,71.43414486508439,71.49659707439895,71.55801621333904,71.61863543352078,71.67868788656025,71.73840672407358,71.79802509767686,71.85777615898618,71.91789305961765,71.97860895118738,72.04015536122955,72.10266637236357,72.16612502759092,72.23050137725778,72.29576547171031,72.36188736129472,72.42883709635716,72.49658472724383,72.56510030430088,72.63435387787452,72.70431549831092,72.77495521595624,72.84624308115667,72.9181491442584,72.99064345560758,73.0636960655504,73.13727702443306,73.2113563826017,73.28590419040255,73.36089049818173,73.43628840290182,73.5121633996872,73.58868780564843,73.6660398883187,73.74439791523116,73.82394015391897,73.90484487191529,73.98729033675328,74.07145481596612,74.15751657708695,74.24565388764894,74.33604501518526,74.42886822722906,74.5243017913135,74.62252397497174,74.72371304573696,74.8280472711423,74.93570491872094,75.04686425600603,75.16170355053073,75.28037364080075,75.40253295942122,75.5274140210591,75.65423529671935,75.7822152574069,75.91057237412669,76.03852511788368,76.16529195968278,76.29009137052894,76.41214182142713,76.53066178338223,76.64486972739924,76.75398412448307,76.85722344563867,76.95380616187097,77.04295074418494,77.12387566358548,77.19579939107754,77.2579403976661,77.30951715435606,77.34984865606782,77.379422488239,77.3994801656731,77.41127576866307,77.4160633775019,77.4150970724825,77.40963093389786,77.40091904204091,77.39021547720463,77.37877431968197,77.36784964976587,77.3586955477493,77.35256609392522,77.35071536858658,77.35439745202633,77.36486642453744,77.38337636641283,77.41118135794551,77.44953547942839,77.49969281115443,77.5626993386455,77.63794842306021,77.72404533486423,77.81959049100088,77.92318430841344,78.0334272040452,78.14891959483948,78.26826189773956,78.39005452968873,78.51289790763033,78.63539244850763,78.75613856926392,78.87373668684252,78.9867872181867,79.0938905802398,79.19364718994507,79.28465746424585,79.3655218200854,79.43484067440706,79.4912144441541,79.53357667508969,79.56272500295547,79.58010510315049,79.58716330171598,79.58534592469321,79.57609929812347,79.560869748048,79.5411036005081,79.518247181545,79.49374681719998,79.46904883351431,79.44559955652925,79.42484531228605,79.40823242682602,79.39720722619039,79.39321603642041,79.39770518355739,79.41212099364257,79.43790979271724,79.47651790682262
69.59071115016079,69.4381650794553,69.30120294727315,69.17931604377841,69.07199565913517,68.97873308350748,68.89901960705943,68.83234651995511,68.77820511235858,68.73608667443392,68.7054824963452,68.68588386825651,68.67678208033193,68.67766842273552,68.68803418563138,68.70737065918355,68.73516913355616,68.77092089891323,68.81411724541888,68.86424946323717,68.92080883811276,68.98328225405989,69.0511439334886,69.12386583607204,69.20091992148333,69.28177814939559,69.36591247948196,69.45279487141556,69.5418972848695,69.63269167951695,69.724650015031,69.81724425108479,69.90994634735145,70.0022282635041,70.09356195921586,70.18341939415987,70.27127252800928,70.35659332043717,70.4388537311167,70.51752571972098,70.5920830310125,70.66228926363996,70.7285158391819,70.79121071492357,70.85082184815019,70.907797196147,70.96258471619925,71.01563236559214,71.06738810161092,71.11829988154084,71.16881566266709,71.21938340227494,71.27045105764962,71.32246658607636,71.37587794484038,71.43113309122693,71.48867998252122,71.54896657600851,71.61244082897403,71.679550698703,71.75073920144328,71.82615289119984,71.90547880550118,71.98836445357676,72.07445734465604,72.16340498796846,72.25485489274351,72.3484545682106,72.4438515235992,72.5406932681388,72.6386273110588,72.73730116158869,72.83636232895792,72.93545832239593,73.0342366511322,73.13234482439617,73.22943035141729,73.32514074142503,73.41912350364883,73.51102614731816,73.60050481270402,73.6874774033846,73.77216444883273,73.85480333602418,73.93563145193478,74.01488618354033,74.09280491781666,74.1696250417396,74.24558394228492,74.32091900642847,74.39586762114605,74.47066717341347,74.54555505020657,74.62076863850113,74.696545325273,74.77312249749795,74.85073754215185,74.92962784621047,75.01003079664963,75.09218378044515,75.17630818587506,75.26233819259437,75.34995955247861,75.43884982607003,75.52868657391087,75.6191473565434,75.70990973450986,75.8006512683525,75.89104951861358,75.98078204583534,76.06952641056003,76.15696017332992,76.24276089468724,76.32660613517423,76.40817345533318,76.4871404157063,76.56318457683588,76.63598349926413,76.70521474353332,76.7705558701857,76.83171427207,76.88874414259759,76.94192341747835,76.9915337614605,77.03785683929219,77.08117431572165,77.12176785549707,77.15991912336663,77.19590978407854,77.23002150238098,77.26253594302214,77.29373477075022,77.32389965031342,77.35331224645992,77.38225422393792,77.4110072474956,77.43985298188119,77.46907309184283,77.49894924212876,77.52976309748715,77.56180819634898,77.59547237426435,77.63118843446246,77.66938945710972,77.7105085223725,77.75497871041725,77.80323310141031,77.8557047755181,77.91282681290704,77.97503229374351,78.0427542981939,78.11642590642462,78.19648019860206,78.28335025489262,78.3774691554627,78.47926998047873,78.58918581010705,78.7076497245141,78.83509480386626,78.97195412832993,79.11843043075673,79.27343748880925,79.43544098263925,79.60290614250147,79.77429819865057,79.94808238134128,80.12272392082828,80.29668804736626,80.46843999120995,80.63644498261404,80.79916825183322,80.95507502912218,81.10263054473565,81.2403000289283,81.36654871195485,81.47984182407,81.57864459552842,81.66142225658484,81.72664003749395,81.77276316851045
70.1238222392579,69.90826631319302,69.72110320965606,69.56078236613442,69.4257532201155,69.31446520908669,69.22536777053541,69.15691034194907,69.10754236081506,69.0757132646208,69.05987249085369,69.05846947700114,69.06995366055055,69.09277447898931,69.12538136980486,69.16622377048456,69.21375111851586,69.26641285138614,69.3226584065828,69.38093722159326,69.43969911238862,69.49777086470762,69.5550636200965,69.61168230375718,69.66773184089152,69.72331715670144,69.77854317638882,69.83351482515555,69.88833702820354,69.94311471073466,69.99795279795083,70.05295621505394,70.10822988724587,70.16387873972852,70.22000769770379,70.27672168637356,70.33412563093975,70.39232445660423,70.45142308856892,70.51152645203567,70.57273927405863,70.63513410744622,70.69871603568794,70.76348164668724,70.8294275283476,70.89655026857244,70.96484645526527,71.03431267632953,71.10494551966868,71.17674157318616,71.24969742478547,71.32380966237004,71.39907487384333,71.47548964710882,71.55305057006996,71.6317542306302,71.71159721669301,71.79257611616185,71.87468751694018,71.95792800693147,72.04229346965498,72.12773752557891,72.2141482874423,72.3014082329107,72.38939983964968,72.47800558532478,72.56710794760157,72.6565894041456,72.74633243262244,72.83621951069762,72.92613311603671,73.01595572630528,73.10556981916886,73.19485787229303,73.28370236334334,73.37198576998533,73.45959056988458,73.54639924070665,73.63229426011706,73.71715810578141,73.80087769060155,73.8834744398809,73.96512528939635,74.04601583749577,74.12633168252698,74.2062584228378,74.28598165677612,74.36568698268972,74.4455599989265,74.52578630383425,74.60655149576084,74.68804117305409,74.77044093406187,74.85393637713199,74.93871310061229,75.02495670285063,75.11285278219484,75.20258693699276,75.29434476559223,75.38831186634108,75.48466115644493,75.58333790124388,75.68409045330137,75.78666067243597,75.89079041846628,75.99622155121088,76.10269593048838,76.20995541611737,76.31774186791642,76.42579714570415,76.53386310929913,76.64168161851998,76.74899453318525,76.85554371311358,76.96107101812353,77.0653183080337,77.16802744266268,77.26894028182906,77.36779868535145,77.46434451304842,77.55833876364898,77.64976492571576,77.73875002963946,77.82542349817466,77.90991475407587,77.99235322009763,78.07286831899448,78.15158947352096,78.22864610643161,78.30416764048096,78.37828349842356,78.45112310301393,78.52281587700662,78.59349124315617,78.6632786242171,78.73230744294396,78.80070712209131,78.86860708441364,78.93613675266553,79.0034255496015,79.07057360922781,79.13744846336321,79.20380672229876,79.26940431320598,79.3339971632564,79.39734119962155,79.45919234947297,79.5193065399822,79.57743969832076,79.6333477516602,79.68678662717204,79.73751225202784,79.7852805533991,79.82984745845738,79.8709688943742,79.9084007883211,79.94189906746962,79.97121965899129,79.99611849005764,80.0163514878402,80.03181895544357,80.0432290808321,80.05157090827738,80.05783376403528,80.06300697436167,80.06807986551237,80.07404176374327,80.08188199531021,80.09258988646906,80.10715476347565,80.12656595258586,80.15181278005554,80.18388457214054,80.22377065509673,80.27246035517994,80.33094299864607,80.40020791175093,80.4812444207504,80.57504185190034,80.6825895314566
69.68642117429263,69.40876650632485,69.16789700728413,68.9619265679841,68.7889690792385,68.647138431861,68.5345485166653,68.4493132244651,68.38954644607406,68.3533620723059,68.33887399397429,68.34419610189295,68.36744228687553,68.40672643973576,68.4601624512873,68.52586421234386,68.60194561371914,68.6865205462268,68.77770290068055,68.87360656789407,68.97234580113535,69.07239585813343,69.17327042812445,69.27466877693499,69.37629017039161,69.47783387432088,69.57899915454938,69.67948527690368,69.77899150721034,69.87721711129595,69.97386135498706,70.06862350411026,70.16120282449212,70.25129858195922,70.3386100423381,70.42283647145535,70.50367713513755,70.58083129921125,70.65399822950306,70.72287719183952,70.78716893924812,70.8468157090077,70.90226613031433,70.95403259610406,71.00262749931291,71.04856323287693,71.09235218973217,71.13450676281465,71.17553934506041,71.2159623294055,71.25628810878594,71.29702907613779,71.33869762439707,71.38180614649983,71.42686703538212,71.47439268397994,71.52489548522937,71.57888783206641,71.63688211742715,71.69939073424757,71.76691990765738,71.83960579440384,71.91701094524149,71.9986485684739,72.08403187240465,72.1726740653373,72.26408835557544,72.35778795142262,72.45328606118241,72.5500958931584,72.64773065565413,72.74570355697318,72.84352780541913,72.94071660929554,73.03678317690597,73.13124071655402,73.22360243654323,73.31338154517718,73.40009125075944,73.4832447615936,73.5623707489419,73.6374668466121,73.70907285840246,73.77775878920262,73.84409464390214,73.90865042739065,73.97199614455772,74.03470180029295,74.09733739948595,74.16047294702634,74.22467844780365,74.29052390670755,74.3585793286276,74.42941471845339,74.50360008107452,74.58170542138063,74.66430074426125,74.75195605460604,74.84524135730456,74.9447266572464,75.05094107336055,75.16367973981036,75.28210291356231,75.40534991797102,75.53256007639109,75.66287271217709,75.79542714868367,75.9293627092654,76.06381871727692,76.19793449607283,76.3308493690077,76.46170265943616,76.58963369071282,76.71378178619227,76.83328626922912,76.94728646317799,77.05492169139347,77.15533127723018,77.24765454404269,77.33103081518564,77.4046779171253,77.46872627500099,77.52389508728945,77.57091336535649,77.61051012056777,77.64341436428907,77.67035510788614,77.6920613627247,77.7092621401705,77.72268645158925,77.73306330834671,77.74112172180864,77.74759070334073,77.75319926430873,77.75867641607843,77.7647511700155,77.77215253748571,77.78160952985479,77.79385115848851,77.80960643475257,77.82957246008473,77.85419291713632,77.88379064017252,77.91868771920363,77.95920624424002,78.00566830529198,78.05839599236984,78.11771139548395,78.18393660464457,78.2573937098621,78.33840480114682,78.42729196850905,78.52437730195916,78.62998289150741,78.74443082716417,78.86804319893974,79.00114209684449,79.14404961088866,79.29708783108265,79.46057884743675,79.63399975779168,79.81209933466414,79.98798257674088,80.15475283233332,80.30551344975291,80.43336777731105,80.53141916331919,80.59277095608871,80.61052650393108,80.57778915515775,80.48766225808009,80.33324916100955,80.10765321225756,79.80397776013552,79.41532615295492,78.93480173902711,78.35550786666354,77.6705478841757,76.87302513987493,75.95604298207269
68.90682328292102,69.2669240836787,69.57226815440488,69.82657745012428,70.0335739258616,70.19697953664159,70.32051623748893,70.40790598342834,70.46287072948452,70.48913243068222,70.49041304204611,70.47043451860094,70.43291881537141,70.38158788738222,70.3201636896581,70.25236817722374,70.18192330510388,70.11255102832322,70.04797330190648,69.99191208087836,69.94808824456285,69.91915127434626,69.90466876899302,69.90365756848837,69.91513451281756,69.93811644196583,69.97162019591842,70.01466261466058,70.06626053817753,70.12543080645455,70.19119025947684,70.26255573722966,70.33854407969827,70.41817212686789,70.50045671872375,70.58441469525111,70.66906289643522,70.75341816226131,70.83649733271463,70.9173172477804,70.99489717548236,71.06865063659203,71.13881789898251,71.20574333267666,71.26977130769733,71.33124619406738,71.39051236180964,71.44791418094697,71.50379602150221,71.55850225349823,71.61237724695786,71.66576537190396,71.71901099835937,71.77245849634694,71.82645223588953,71.88133658700998,71.93745591973115,71.99515460407588,72.05477701006701,72.11666750772741,72.18116690659267,72.24840238696378,72.31817000382802,72.39023732827472,72.46437193139327,72.54034138427298,72.6179132580032,72.69685512367327,72.77693455237255,72.85791911519038,72.9395763832161,73.02167392753906,73.1039793192486,73.18626012943405,73.26828392918478,73.34981828959012,73.43063078173941,73.51048897672202,73.58916044562726,73.6664127595445,73.74202192063889,73.81601962979717,73.8887332025022,73.9605064211818,74.03168306826385,74.10260692617615,74.1736217773466,74.24507140420299,74.31729958917319,74.39065011468502,74.46546676316635,74.542093317045,74.62087355874884,74.7021512707057,74.78627023534341,74.87357423508982,74.96440705237279,75.05911246962015,75.15803426925973,75.26151623371939,75.36987365661086,75.48291040031924,75.59998795289317,75.72045321610746,75.84365309173691,75.96893448155633,76.09564428734055,76.22312941086435,76.35073675390254,76.47781321822994,76.60370570562135,76.7277611178516,76.84932635669546,76.96774832392776,77.08237392132331,77.19255005065692,77.29762361370338,77.39694151223752,77.48985064803412,77.57569792286802,77.65390441514586,77.72475350661948,77.78908490377957,77.8477475851958,77.90159052943784,77.95146271507534,77.99821312067797,78.0426907248154,78.0857445060573,78.12822344297332,78.17097651413313,78.21485269810641,78.26070097346282,78.30937031877201,78.36170971260366,78.41856813352742,78.48079456011297,78.54923797092997,78.62474734454808,78.70817165953699,78.80015472993038,78.8997110164211,79.0050779863136,79.11448832173369,79.22617470480715,79.33836981765981,79.44930634241744,79.55721696120585,79.66033435615084,79.7568912093782,79.84512020301372,79.92325401918322,79.98952534001248,80.04216684762729,80.07941122415347,80.0994911517168,80.10063931244309,80.08108838845814,80.03907106188773,79.97282001485766,79.88137375993787,79.76827999763275,79.63865402048252,79.49761269491499,79.350272887358,79.20175146423936,79.0571652919869,78.92163123702844,78.80026616579178,78.69818694470476,78.62051044019519,78.5723535186909,78.55883304661971,78.58506589040944,78.65616891648789,78.7772589912829,78.9534529812223,79.18986775273387,79.49162017224549,79.86382710618493
70.97641707170558,70.76302657405449,70.56630367833296,70.3857761010197,70.2209715585935,70.07141776753312,69.9366424443173,69.8161733054248,69.70953806733436,69.6162644465248,69.5358801594748,69.46791292266317,69.41189045256863,69.36734046566997,69.33379067844592,69.31076880737524,69.2978025689367,69.29441967960906,69.30014785587105,69.31451481420146,69.33704825447836,69.36725934231985,69.40461168244562,69.44856038003601,69.49856054027143,69.55406726833225,69.61453566939885,69.6794208486516,69.74817791127091,69.82026196243714,69.89512810733069,69.97223145113193,70.05102709902124,70.13097015617899,70.21151572778558,70.29211891902139,70.37223483506679,70.45131858110219,70.52882526230793,70.60420998386442,70.67692936820237,70.74668640127473,70.81370069277168,70.87825690449125,70.94063969823154,71.00113373579052,71.0600236789663,71.11759418955691,71.17412992936038,71.22991556017476,71.28523574379813,71.34037514202848,71.39561841666391,71.45125022950245,71.50755524234214,71.564818116981,71.62332351521715,71.68335609884858,71.74520052967334,71.8091414694895,71.87546097198117,71.9442846039974,72.01549537779277,72.08895544071058,72.16452694009408,72.24207202328655,72.32145283763126,72.40253153047146,72.48517024915046,72.56923114101149,72.65457635339783,72.74106803365275,72.82856832911953,72.91693938714144,73.00604335506172,73.09574238022367,73.18589860997054,73.27637419164562,73.36703127259216,73.45773200015344,73.54834015608292,73.63876909073085,73.728989460955,73.8189751158206,73.90869990439288,73.99813767573701,74.08726227891822,74.17604756300172,74.26446737705271,74.35249557013643,74.44010599131803,74.5272724896628,74.6139689142359,74.70016911410254,74.78584693832795,74.87097623597731,74.95553085611587,75.03948464780882,75.12281146012137,75.20548514211873,75.2874845990055,75.36887950379992,75.44981804125234,75.53045098485634,75.61092910810552,75.69140318449354,75.77202398751399,75.85294229066051,75.9343088674267,76.01627449130618,76.09898993579256,76.1826059743795,76.26727338056054,76.3531429278294,76.44036538967961,76.52909153960482,76.61947215109866,76.71165799765473,76.80579985276665,76.90204848992808,77.00053431830668,77.10115101178172,77.20363951178824,77.30773821422056,77.41318551497301,77.51971980993989,77.6270794950155,77.73500296609414,77.84322861907017,77.95149484983787,78.05954005429157,78.16710262832558,78.27392096783419,78.37973346871175,78.48427852685253,78.58729453815089,78.68851989850111,78.78769300379753,78.88455224993443,78.97883603280616,79.07024229791887,79.15814774629695,79.24177588638703,79.32034928318642,79.39309050169243,79.45922210690239,79.51796666381364,79.56854673742346,79.6101848927292,79.64210369472818,79.6635257084177,79.6736734987951,79.67176963085771,79.65703666960282,79.62869718002777,79.5859737271299,79.52808887590649,79.45426519135489,79.36372523847241,79.25569158225639,79.12992868449345,78.98923330052776,78.8374563443015,78.67844978814895,78.51606560440446,78.35415576540234,78.19657224347691,78.04716701096251,77.90979204019345,77.78829930350403,77.68654077322859,77.60836842170146,77.55763422125696,77.53819014422939,77.55388816295309,77.60858024976237,77.70611837699155,77.85035451697499,78.04514064204696,78.2943287245418
70.28933090818397,70.30412046678184,70.30025416783278,70.27958519436422,70.24396672940365,70.19525195597852,70.13529405711631,70.06594621584449,69.98906161519051,69.90649343818184,69.82009486784597,69.73171908721032,69.64321927930239,69.55644862714962,69.4732603137795,69.3955075222195,69.32504343549707,69.26372123663968,69.21339410867479,69.17591523462988,69.15313712338407,69.1462408320659,69.1544759827986,69.17674703375323,69.2119584431009,69.25901466901271,69.31682016965976,69.38427940321314,69.46029682784395,69.54377690172328,69.63362408302223,69.7287428299119,69.82803760056336,69.93041285314774,70.03477304583613,70.14002263679963,70.24506608420931,70.34880784623631,70.45015238105168,70.54800414682654,70.64127032972605,70.72930107394959,70.81237540567142,70.89088931381075,70.96523878728684,71.0358198150189,71.10302838592618,71.16726048892792,71.22891211294335,71.2883792468917,71.3460578796922,71.4023440002641,71.45763359752662,71.51232266039901,71.5668071778005,71.6214831386503,71.67674653186769,71.73299334637187,71.79061957108209,71.85002119491757,71.9115911904439,71.97554154900659,72.0418037410601,72.11028510622953,72.18089298414,72.25353471441665,72.32811763668458,72.4045490905689,72.48273641569473,72.5625869516872,72.6440080381714,72.72690701477246,72.81119122111552,72.89676799682566,72.983544681528,73.07142861484768,73.16032713640979,73.25014758583946,73.34079730276181,73.43218362680194,73.52421332715156,73.61677587282597,73.70974073201839,73.80297625879423,73.89635080721892,73.98973273135785,74.08299038527643,74.17599212304009,74.26860629871425,74.36070126636429,74.45214538005564,74.54280699385372,74.63255446182393,74.72125613803168,74.8087803765424,74.89499553142149,74.97976995673437,75.06297200654645,75.14447003492313,75.22413239592983,75.30184375714907,75.37778164642235,75.4523769078847,75.52606873819191,75.59929633399977,75.67249889196407,75.74611560874061,75.82058568098516,75.89634830535354,75.97384267850151,76.05350799708488,76.13578345775943,76.22110825718094,76.30992159200524,76.40266265888809,76.49977065448527,76.6016847754526,76.70884421844585,76.82168818012082,76.94065585713331,77.06610786727828,77.1974913490939,77.33366409966229,77.47347409370799,77.61576930595551,77.7593977111294,77.90320728395416,78.04604599915433,78.18676183145445,78.32420275557902,78.45721674625258,78.58465177819969,78.70535582614482,78.81817686481253,78.92196286892734,79.01556181321378,79.09782167239639,79.16759042119966,79.22371603434817,79.2650464865664,79.29069045489547,79.30182703360778,79.30062264149238,79.28924977785887,79.26988094201681,79.24468863327581,79.21584535094544,79.18552359433527,79.15589586275489,79.12913465551387,79.10741247192179,79.09290181128826,79.08777517292282,79.09420505613507,79.11436396023458,79.15042438453095,79.20455882833375,79.27893979095255,79.37573977169694,79.4971312698765,79.6440521475515,79.81053160326795,79.9881970802978,80.16867361051212,80.34358622578199,80.5045599579785,80.64321983897271,80.7511909006357,80.82009817483855,80.84156669345234,80.80722148834813,80.708687591397,80.53759003447004,80.28555384943832,79.9442040681729,79.50516572254486,78.96006384442528,78.30052346568529,77.51816961819586,76.60462733382813
72.5544367564334,72.05629253928223,71.60832246705151,71.20811133915032,70.85324395498773,70.54130511397284,70.2698796155147,70.03655225902239,69.83890784390498,69.67453116957155,69.54100703543119,69.43592024089295,69.35685558536592,69.30139786825917,69.26713188898178,69.25164244694282,69.25251434155136,69.26733237221649,69.29368133834727,69.32914603935279,69.37131174423018,69.41823143170329,69.46930345034222,69.52416657781353,69.58245959178377,69.64382126991951,69.70789038988728,69.77430572935366,69.84270606598518,69.91273017744842,69.98401684140993,70.05620483553625,70.12893293749394,70.20183992494957,70.27456457556968,70.34674566702084,70.41802197696958,70.48803228308249,70.55641536302609,70.62280999446696,70.68685611636796,70.74838223317941,70.80761227074342,70.86481994548113,70.92027897381372,70.97426307216233,71.02704595694813,71.07890134459227,71.1301029515159,71.18092449414019,71.2316396888863,71.28252225217538,71.3338459004286,71.3858843500671,71.43891131751204,71.49320051918458,71.5490256715059,71.60666049089713,71.66637869377944,71.72845399657398,71.7931573991653,71.86059690924125,71.93062789658478,72.00308399868594,72.0777988530348,72.15460609712143,72.23333936843586,72.31383230446819,72.39591854270846,72.47943172064672,72.56420547577304,72.65007344557748,72.7368692675501,72.82442657918097,72.91257901796014,73.00116022137767,73.09000382692362,73.17894347208806,73.26781279436103,73.35644543123263,73.44467758264977,73.53242316307286,73.61968593310756,73.70647465815817,73.79279810362904,73.87866503492447,73.96408421744877,74.0490644166063,74.13361439780135,74.21774292643825,74.3014587679213,74.38477068765486,74.46768745104323,74.55021782349073,74.63237057040168,74.71415445718038,74.7955782492312,74.87665071195842,74.95738061076636,75.03777671105937,75.11785158935038,75.19768623917453,75.27742083296184,75.3571974944299,75.43715834729635,75.51744551527878,75.59820112209485,75.67956729146213,75.76168614709827,75.84469981272089,75.92875041204759,76.013980068796,76.10053090668373,76.18854504942841,76.27816462074765,76.36953174435905,76.46278854398027,76.55807714332889,76.65553966612254,76.75531823607885,76.85753403367681,76.96206477424644,77.0686310988281,77.17695103055735,77.28674259256971,77.39772380800072,77.50961269998592,77.62212729166086,77.73498560616106,77.84790566662207,77.96060549617943,78.07280311796868,78.18421655512533,78.29456383078495,78.40356296808308,78.51093199015523,78.61638892013697,78.71965178116382,78.82043859637133,78.91846738889502,79.01344653839219,79.10500783899604,79.19274656332883,79.27625775909202,79.35513647398713,79.42897775571562,79.49737665197901,79.55992821047874,79.61622747891633,79.66586950499325,79.708449336411,79.74356202087104,79.77080260607488,79.789766139724,79.80004766951987,79.801242243164,79.79294490835787,79.77475071280294,79.74625470420072,79.7070519302527,79.65703494130854,79.597761024216,79.53136620144319,79.459987076518,79.38576025296838,79.31082233432227,79.23730992410756,79.16735962585223,79.10310804308418,79.04669177933133,79.00024743812163,78.96591162298301,78.94582093744339,78.9421119850307,78.95692136927288,78.99238569369783,79.05064156183352,79.13382557720784,79.24407434334876,79.38352446378417
69.64162192140743,69.60527076447966,69.56866574693714,69.5321976714014,69.49625734049393,69.46123555683619,69.42752312304968,69.39551084175591,69.36558951557635,69.33814994713251,69.31358293904586,69.2922792939379,69.2746298144301,69.26102530314398,69.25185656270102,69.2475143957227,69.24838960483052,69.25487299264597,69.26735536179054,69.28622751488571,69.31188005451416,69.3445043445924,69.38371863781344,69.4290387669938,69.47998056494993,69.53605986449826,69.5967924984553,69.66169429963749,69.7302811008613,69.80206873494322,69.87657303469969,69.95330983294718,70.03179496250216,70.1115442561811,70.19207354680046,70.2728986671767,70.35353545012632,70.43349972846573,70.51230733501144,70.5894741025799,70.6645171177471,70.73715704629102,70.80754145910606,70.87587168202604,70.94234904088478,71.00717486151608,71.07055046975374,71.1326771914316,71.19375635238343,71.25398927844307,71.31357729544433,71.37272172922101,71.43162390560693,71.4904851504359,71.54950678954172,71.60889014875822,71.66883655391919,71.72954733085845,71.79122380540983,71.8540673034071,71.91827769481789,71.9839674976368,72.05111383430035,72.11968218031534,72.18963801118852,72.2609468024267,72.33357402953665,72.40748516802516,72.48264569339901,72.55902108116497,72.63657680682984,72.7152783459004,72.79509117388343,72.87598076628572,72.95791259861404,73.04085214637517,73.12476488507592,73.20961629022305,73.29537183732334,73.3819970018836,73.46945501183181,73.55764093024607,73.64637101447377,73.73545713206005,73.82471115054999,73.91394493748874,74.0029703604214,74.0915992868931,74.17964358444895,74.26691512063407,74.35322576299356,74.43838737907255,74.52221183641616,74.60451100256951,74.6850967450777,74.76378093148585,74.84037542933909,74.91469210618254,74.98654282956129,75.05573946702047,75.12211688195408,75.185922759235,75.24776186327738,75.30825073236994,75.36800590480149,75.42764391886077,75.48778131283653,75.54903462501755,75.61202039369256,75.67735515715037,75.7456554536797,75.81753782156933,75.89361879910801,75.9745149245845,76.06084273628757,76.15321877250595,76.25225957152846,76.35858167164379,76.47280161114075,76.59553592830808,76.72731849934142,76.86772225360373,77.01570015475946,77.17019483371145,77.33014892136255,77.49450504861555,77.66220584637333,77.83219394553865,78.0034119770144,78.17480257170337,78.3453083605084,78.51387197433232,78.67943604407796,78.84094320064814,78.9973360749457,79.14755729787345,79.29054950033425,79.42525531323089,79.55061736746622,79.66557829394307,79.76917207872974,79.86115822238655,79.94164220319965,80.0107316301879,80.06853411237019,80.11515725876535,80.15070867839228,80.17529598026981,80.18902677341684,80.19200866685222,80.18434926959482,80.1661561906635,80.13753703907713,80.09859942385458,80.04945095401472,79.9901992385764,79.9209518865585,79.84181650697988,79.75290070885941,79.65431210121595,79.54671249397579,79.43386484081468,79.32061018936106,79.21179066966707,79.11224841178478,79.02682554576631,78.96036420166377,78.91770650952924,78.90369459941483,78.92317060137268,78.98097664545485,79.08195486171346,79.23094738020059,79.43279633096839,79.69234384406893,80.01443204955433,80.40390307747668,80.86559905788808,81.40436212084064,82.0250343963865
69.68305164699281,69.75833340065341,69.81341642255309,69.85010156819874,69.87018969309725,69.87548165275547,69.86777830268032,69.84888049837866,69.8205890953574,69.78470494912341,69.74302891518356,69.69736184904475,69.64950460621388,69.6012580421978,69.55442301250342,69.5108003726376,69.47219097810725,69.44039568441924,69.41721534708046,69.40445082159778,69.40390231369317,69.41672284329591,69.44220379650402,69.47930386953009,69.52698175858677,69.58419615988666,69.64990576964239,69.72306928406658,69.80264539937184,69.8875928117708,69.97687021747608,70.06943631270028,70.16424979365604,70.26026935655598,70.35645369761271,70.45176151303885,70.54515149904704,70.63558235184986,70.72201276765996,70.80340144268996,70.87871020789693,70.94740989836987,71.01003872968685,71.06726931959473,71.11977428584039,71.16822624617068,71.21329781833244,71.25566162007256,71.29599026913789,71.33495638327527,71.3732325802316,71.41149147775371,71.45040569358848,71.49064784548275,71.53289055118341,71.57780642843728,71.62606809499127,71.6783481685922,71.73531926698693,71.79765400792233,71.86601740404144,71.94061816175643,72.02095771282183,72.10647664816128,72.19661555869853,72.29081503535726,72.38851566906116,72.48915805073398,72.59218277129938,72.69703042168108,72.80314159280277,72.90995687558818,73.01691686096099,73.1234621398449,73.22903330316362,73.33307094184084,73.4350156468003,73.53430800896567,73.63038861926066,73.72269806860896,73.81069351480386,73.89433455772922,73.97416167313264,74.05074769392881,74.12466545303238,74.19648778335802,74.26678751782043,74.33613748933428,74.40511053081423,74.47427947517497,74.54421715533117,74.6154964041975,74.68869005468864,74.76437093971927,74.84311189220408,74.92548574505768,75.01206533119485,75.10342348353016,75.20013303497835,75.30276681845409,75.41185510382367,75.52716406910984,75.64779897332066,75.77284328318358,75.90138046542596,76.03249398677518,76.16526731395871,76.29878391370386,76.43212725273807,76.56438079778871,76.69462801558322,76.82195237284893,76.94543733631329,77.06416637270365,77.17722294874744,77.28369053117203,77.38265258670484,77.47319258207324,77.55439398400463,77.62534025922642,77.68522377172098,77.73450281606006,77.77445241622775,77.80636120836516,77.83151782861336,77.85121091311333,77.86672909800615,77.87936101943288,77.89039531353453,77.9011206164522,77.91282556432691,77.9267987932997,77.94432893951159,77.96670463910371,77.99521452821705,78.03114724299263,78.07579141957157,78.13043569409487,78.19636870270358,78.27487908153876,78.36698950502077,78.47161046177644,78.58664519764787,78.70999075528829,78.83954417735094,78.97320250648906,79.10886278535597,79.2444220566048,79.3777773628889,79.5068257468615,79.62946425117582,79.74358991848513,79.84709979144264,79.93789091270165,80.01386032491538,80.07290507073708,80.11292219282004,80.13180873381742,80.12746173638254,80.09777824316865,80.04120808257673,79.9592943079439,79.85465531363232,79.72991057366366,79.58767956205969,79.43058175284216,79.26123662003283,79.0822636376534,78.89628227972565,78.70591202027128,78.51377233331209,78.32248269286978,78.1346625729661,77.95293144762283,77.77990879086167,77.61821407670436,77.47046677917268,77.33928637228834,77.22729233007311,77.1371041265487
71.09400757899371,70.87000587850154,70.6666351168673,70.48307482745236,70.31850454361813,70.17210379872603,70.04305212613741,69.9305290592137,69.83371413131627,69.75178687580654,69.68392682604589,69.62931351539572,69.58712647721742,69.55654524487241,69.53674935172204,69.52691833112775,69.5262317164509,69.5338690410529,69.54900983829515,69.57083364153904,69.59852009357884,69.63135783236201,69.66894902105061,69.71095185244369,69.7570245193403,69.80682521453947,69.86001213084027,69.91624346104173,69.97517739794289,70.0364721343428,70.0997858630405,70.16477677683504,70.23110306852547,70.29842293091082,70.36639455679014,70.43467613896249,70.50292587022689,70.57080194338239,70.63796255122806,70.70406588656292,70.76877117445711,70.83190525500034,70.89364645659121,70.95421736625165,71.01384057100361,71.07273865786902,71.13113421386981,71.18924982602792,71.24730808136528,71.30553156690381,71.36414286966549,71.42336457667221,71.48341927494593,71.54452955150857,71.60691799338208,71.67080718758841,71.73641972114945,71.80397818108717,71.87370515442349,71.94582322818034,72.02055219098766,72.09794392795324,72.17779007372573,72.25985987581747,72.34392258174083,72.42974743900815,72.51710369513181,72.60576059762413,72.69548739399748,72.78605333176422,72.8772276584367,72.96877962152726,73.06047846854828,73.15209344701209,73.24339380443107,73.33414878831753,73.42412764618388,73.51309962554242,73.60083397390555,73.68709993878561,73.77167293461733,73.85451540702847,73.93580602936305,74.01573551973529,74.09449459625947,74.17227397704985,74.24926438022071,74.3256565238863,74.40164112616088,74.47740890515873,74.55315057899409,74.62905686578124,74.70531848363444,74.78212615066796,74.85967058499607,74.93814250473301,75.01773262799306,75.09863167289048,75.18103035753953,75.26511940005449,75.35107855017029,75.43889065327659,75.52836823776914,75.61931821623352,75.71154750125527,75.80486300541993,75.89907164131307,75.99398032152027,76.08939595862705,76.18512546521899,76.28097575388162,76.37675373720054,76.47226632776126,76.56732043814938,76.66172298095042,76.75528086874995,76.84780101413354,76.9390903296867,77.02895572799505,77.11720412164412,77.20364874380856,77.2881763045113,77.37072091819351,77.45121748937001,77.5296009225556,77.6058061222651,77.6797679930133,77.75142143931504,77.82070136568511,77.88754267663833,77.95188027668951,78.01364907035344,78.07278396214495,78.12921985657884,78.18289165816994,78.23373427143302,78.28168260088293,78.32667155103447,78.36863602640243,78.40751093150163,78.44334004304274,78.47703176707005,78.50990682736081,78.54328848698546,78.57850000901442,78.61686465651815,78.65970569256706,78.7083463802316,78.7641099825822,78.82831976268929,78.90229898362331,78.9873709084547,79.08485880025387,79.19608592209129,79.32237553703737,79.46505090816255,79.62543529853727,79.80485197123195,80.00462418931706,80.226075215863,80.46951743902716,80.72960669105699,80.99903233659559,81.27048176592105,81.53664236931144,81.79020153704482,82.02384665939928,82.23026512665287,82.40214432908365,82.53217165696974,82.61303450058915,82.63742025021998,82.59801629614029,82.48751002862815,82.29858883796163,82.0239401144188,81.65625124827774,81.18820962981653,80.61250264931319,79.92181769704582
70.12508757845214,70.008036902474,69.89715226731818,69.79259020447704,69.6945072454429,69.60305992170817,69.51840476476514,69.44069830610619,69.37009707722366,69.30675760960992,69.2508364347573,69.20249008415817,69.16187508930486,69.12914798168973,69.10446529280514,69.08798355414343,69.07985929719696,69.08024905345808,69.08930935441913,69.10719673157246,69.13406752877876,69.16989120875121,69.21409966945646,69.266028741444,69.32501425526328,69.39039204146377,69.46149793059496,69.53766775320628,69.61823733984724,69.7025425210673,69.78991912741591,69.87970298944258,69.97122993769673,70.06383580272788,70.15685641508546,70.24962760531895,70.34148520397784,70.43176504161158,70.51980294876964,70.6049347560015,70.68649815170328,70.76413249212072,70.83810973028366,70.90878147439693,70.97649933266541,71.04161491329397,71.10447982448747,71.16544567445081,71.22486407138882,71.28308662350639,71.3404649390084,71.3973506260997,71.45409529298517,71.51105054786967,71.56856799895809,71.62699925445528,71.68669592256612,71.74800961149546,71.8112919294482,71.87689448462919,71.94516515948601,72.01622829102949,72.08986172084337,72.16581348445317,72.24383161738442,72.32366415516265,72.40505913331339,72.48776458736216,72.57152855283448,72.65609906525589,72.7412241601519,72.82665187304804,72.91213023946983,72.9974072949428,73.08223107499249,73.16634961514441,73.24951095092408,73.33146311785703,73.41195415146879,73.49073208728487,73.56755288410213,73.64241279868025,73.7155858974794,73.78736172209904,73.85802981413858,73.92787971519749,73.99720096687523,74.06628311077127,74.13541568848501,74.20488824161596,74.27499031176353,74.34601144052718,74.41824116950637,74.49196904030055,74.56748459450915,74.64507737373165,74.7250369195675,74.80765277361613,74.89321447747702,74.98201157274957,75.07432200324708,75.17021550932475,75.26958174091362,75.37230440987815,75.47826722808281,75.58735390739207,75.69944815967042,75.81443369678229,75.93219423059219,76.05261347296457,76.17557513576392,76.3009629308547,76.42866057010136,76.5585517653684,76.69052022852028,76.82444967142149,76.9602238059365,77.09772634392971,77.23684099726569,77.37745147780885,77.51941856492422,77.66233644767055,77.80562732136053,77.94871051474456,78.09100535657288,78.23193117559586,78.3709073005638,78.50735306022699,78.6406877833358,78.77033079864054,78.89570143489146,79.01621902083897,79.13130288523334,79.24037235682488,79.34284676436394,79.43814543660079,79.52568770228581,79.60489289016925,79.67518032900148,79.7359693475328,79.78679025394769,79.82805472079977,79.86059471884965,79.88524480729947,79.90283954535144,79.9142134922077,79.92020120707045,79.92163724914181,79.919356177624,79.91419255171917,79.90698093062952,79.89855587355717,79.88975193970433,79.88140368827317,79.87434567846586,79.86941246948459,79.86743862053146,79.86925869080872,79.87570723951853,79.88761882586303,79.90617661176873,79.93451443651585,79.97644428062179,80.0357788054686,80.11633067243838,80.2219125429132,80.35633707827512,80.52341693990621,80.72696478918854,80.97079328750422,81.25871509623528,81.59454287676382,81.98208929047189,82.42516699874156,82.92758866295495,83.49316694449408,84.12571450474104,84.82904400507789,85.60696810688674,86.46329947154965
70.1981886916269,70.15591914260071,70.1086728815669,70.05729338109263,70.00262411374509,69.9455085520914,69.88679016869877,69.82731243613433,69.76791882696527,69.70945281375876,69.65275786908195,69.59867746550202,69.54805507558612,69.50173417190143,69.46055822701513,69.42537071349435,69.39701510390628,69.37633487081808,69.36417348679693,69.36137442440997,69.36878078351606,69.38686444647104,69.41502948624724,69.45248914914879,69.49845668147982,69.55214532954447,69.61276833964688,69.67953895809116,69.75167043118145,69.82837600522188,69.90886892651659,69.9923624413697,70.07806979608536,70.16520423696768,70.2529790103208,70.34060736244885,70.42730253965597,70.5122777882463,70.59474635452393,70.67392148479303,70.7490186854459,70.81962044469208,70.88607881076429,70.94884273317575,71.00836116143968,71.06508304506924,71.11945733357764,71.1719329764781,71.22295892328381,71.27298412350797,71.32245752666375,71.3718280822644,71.42154473982309,71.47205644885302,71.5238121588674,71.57726081937942,71.63285137990228,71.69103278994919,71.75225399903334,71.81696395666793,71.88560687012068,71.95834241192945,72.03488922580095,72.11492801747788,72.19813949270294,72.28420435721884,72.3728033167683,72.46361707709401,72.5563263439387,72.65061182304505,72.74615422015579,72.84263424101361,72.93973259136123,73.03712997694137,73.13450710349672,73.23154467676999,73.32792340250388,73.42332398644112,73.51742713432441,73.60991355189644,73.70047030886391,73.78897748202832,73.87553828467787,73.96026835971796,74.04328335005395,74.12469889859122,74.20463064823512,74.28319424189102,74.3605053224643,74.43667953286032,74.51183251598445,74.58607991474207,74.65953737203853,74.73232053077919,74.80454503386945,74.87632652421465,74.94778064472017,75.01902303829138,75.09016934783365,75.16133521625234,75.23263688065119,75.30420124518314,75.37616444071348,75.44866290233702,75.52183306514864,75.59581136424315,75.67073423471541,75.74673811166025,75.82395943017254,75.90253462534707,75.98260013227873,76.06429238606235,76.14774782179275,76.2331028745648,76.32049397947333,76.41005757161318,76.5019300860792,76.5962479579662,76.69314762236907,76.79276551438264,76.89520516513464,77.00018759713555,77.10718705314268,77.21567366291747,77.32511755622137,77.43498886281581,77.54475771246227,77.65389423492218,77.76186855995695,77.86815081732807,77.97221113679696,78.07351964812506,78.17154648107383,78.2657617654047,78.35563563087914,78.44063820725856,78.52023962430444,78.59391001177819,78.66111949944127,78.72133821705513,78.77413647330555,78.81988016693629,78.85931459150954,78.89318737712216,78.922246153871,78.94723855185292,78.96891220116478,78.98801473190343,79.00529377416572,79.02149695804853,79.03737191364871,79.05366627106311,79.07112766038857,79.09050371172198,79.11254205516018,79.13799032080003,79.16759613873839,79.20210713907211,79.24227095189806,79.28883520731308,79.34233067788996,79.40207466587627,79.46696261786727,79.53588955690836,79.60775050604495,79.68144048832248,79.75585452678631,79.82988764448189,79.9024348644546,79.97239120974986,80.03865170341308,80.10011136848966,80.15566522802501,80.20420830506455,80.24463562265368,80.2758422038378,80.29672307166233,80.30617324917267,80.30308775941424,80.28636162543243
70.40346592887512,70.2584740237873,70.12572328376307,70.00487746215455,69.8956003123139,69.79755558759325,69.71040704134471,69.63381842692046,69.56745349767259,69.51097600695327,69.46404970811463,69.4263383545088,69.39750569948794,69.37721549640415,69.36513149860959,69.36091745945639,69.3642371322967,69.37475427048263,69.39213262736634,69.41603595629996,69.44612799360642,69.48205551451548,69.52341650557024,69.56980023435824,69.62079596846708,69.67599297548433,69.73498052299755,69.7973478785943,69.86268430986216,69.9305790843887,70.0006214697615,70.07240073356812,70.14550614339613,70.2195269668331,70.29405247146661,70.36867192488421,70.4429745946735,70.51654974842201,70.58898665371734,70.65987457814705,70.72880395950713,70.79555524818488,70.86030735053275,70.923289345589,70.98473031239185,71.04485932997954,71.10390547739033,71.16209783366243,71.2196654778341,71.27683748894356,71.33384294602907,71.39091092812883,71.44827051428113,71.50615078352418,71.56478081489621,71.62438968743547,71.6852064801802,71.74746027216864,71.81138014243902,71.87719517002958,71.94513218099152,72.01528282215328,72.08752921254809,72.1617354473128,72.23776562158423,72.31548383049926,72.39475416919473,72.47544073280747,72.55740761647435,72.64051891533221,72.7246387245179,72.80963113916826,72.89536025442014,72.98169016541038,73.06848496727585,73.15560875515338,73.24292562417983,73.33029966949204,73.41759498622685,73.50467566952112,73.59140978955071,73.6777859719719,73.76393221724669,73.84998428958521,73.93607795319757,74.02234897229388,74.10893311108427,74.19596613377884,74.28358380458772,74.37192188772102,74.46111614738884,74.55130234780131,74.64261625316855,74.73519362770068,74.8291702356078,74.92468184110004,75.02186420838748,75.1208531016803,75.22178428518856,75.3247935231224,75.43000338522488,75.53729957416674,75.64636290893445,75.75686745294739,75.8684872696249,75.98089642238632,76.09376897465106,76.20677898983844,76.31960053136783,76.43190766265859,76.54337444713009,76.65367494820168,76.76248322929271,76.86947335382256,76.97431938521056,77.0766953868761,77.17627542223852,77.27273355471718,77.36574384773145,77.45498036470069,77.54013935899233,77.62117504212037,77.69820805020946,77.77136179312775,77.84075968074342,77.9065251229246,77.9687815295395,78.02765231045625,78.083260875543,78.13573063466795,78.18518499769922,78.231747374505,78.27554117495346,78.31668980891273,78.355316686251,78.3915452168364,78.42549881053714,78.45730087722134,78.48707482675718,78.51494406901281,78.54103223321223,78.56546469063566,78.58836764330157,78.60986729834458,78.63008986289937,78.64916154410056,78.6672085490828,78.68435708498073,78.700733358929,78.71646357806226,78.73167394951513,78.74649068042228,78.76103997791834,78.77544804913796,78.78984110121579,78.80434534128646,78.81908697648461,78.8341922139449,78.84978726080197,78.86599832419047,78.88292809847563,78.90054770754558,78.91878253560421,78.93755792093205,78.9567992018096,78.97643171651741,78.99638080333598,79.01657180054585,79.03693004642754,79.05738087926157,79.07784963732846,79.09826165890874,79.11854228228292,79.13861684573153,79.1584106875351,79.17784914597414,79.19685755932917,79.21536126588074,79.23328560390935,79.25055591169553
70.67200640851053,70.38702451807906,70.13303956630581,69.90860856370752,69.71228852080088,69.54263644810264,69.3982093561295,69.27756425539818,69.17925815642539,69.10184806972786,69.0438910058223,69.00394397522544,68.980563988454,68.97230805602467,68.97773318845421,68.9953963962593,69.02385468995668,69.06166508006307,69.10738457709517,69.15957019156971,69.21677918513693,69.27781894842752,69.34221636959137,69.40962691713774,69.47970605957597,69.55210926541534,69.62649200316515,69.70250974133471,69.7798179484333,69.85807209297026,69.93692764345485,70.0160400683964,70.0950648363042,70.17365741568756,70.25147327505576,70.32816788291811,70.40339670778391,70.47681521816246,70.54807888256308,70.61684316949504,70.68276479426703,70.74570292123492,70.80594124993905,70.86381693644259,70.91966713680874,70.9738290071007,71.02663970338165,71.07843638171477,71.12955619816324,71.18033630879029,71.23111386965907,71.28222603683278,71.33400996637462,71.38680281434777,71.44094173681542,71.49676388984075,71.55460642948697,71.61480651181725,71.67770129289478,71.74362792878276,71.81291999277455,71.88569609197411,71.96174163589181,72.04081337187947,72.12266804728884,72.20706240947173,72.29375320577995,72.38249718356526,72.47305109017948,72.56517167297437,72.65861567930175,72.7531398565134,72.84850095196111,72.94445571299669,73.0407608869719,73.13717322123854,73.23344946314842,73.32934636005332,73.42462065930503,73.51902910825534,73.61233459061481,73.70448609434959,73.79564776350502,73.88599572720207,73.97570611456177,74.06495505470512,74.15391867675314,74.24277310982683,74.3316944830472,74.42085892553528,74.51044256641205,74.60062153479855,74.69157195981576,74.7834699705847,74.8764916962264,74.97081326586184,75.06661080861207,75.16406045359804,75.26333832994081,75.36462056676137,75.4680677328256,75.57356105740445,75.68074014857456,75.78923664751085,75.89868219538818,76.00870843338143,76.1189470026655,76.22902954441525,76.33858769980554,76.44725311001129,76.55465741620738,76.66043225956865,76.76420928127,76.86562012248633,76.96429642439249,77.05986982816337,77.15197197497388,77.24023450599883,77.32428906241314,77.40376728539171,77.47833254237953,77.54801701871183,77.61309084674981,77.6738281246384,77.73050295052259,77.78338942254736,77.8327616388576,77.87889369759831,77.92205969691447,77.96253373495098,78.00058990985285,78.03650231976503,78.07054506283244,78.10299223720007,78.13411794101289,78.16419627241582,78.19350132955385,78.22230721057191,78.25088801361501,78.27951783682805,78.30844550114064,78.33771908364953,78.36729093228892,78.39711280543692,78.42713646147165,78.45731365877124,78.48759615571389,78.51793571067763,78.5482840820407,78.57859302818112,78.60881430747712,78.63889967830677,78.66880089904824,78.69846972807962,78.7278579237791,78.75691724452476,78.78559944869475,78.81385629466722,78.84163954082028,78.8689009455321,78.89564611500613,78.9221819718906,78.94892018968146,78.97627254704632,79.00465082265264,79.03446679516794,79.06613224325979,79.10005894559568,79.13665868084313,79.1763432276697,79.2195243647429,79.26661387073024,79.31802352429925,79.37416510411747,79.4354503888524,79.5022911571716,79.57509918774257,79.65428625923282,79.74026415030993,79.83344463964137
71.30454450658826,71.111516247342,70.92326976837161,70.74038803738952,70.5634540221082,70.3930506902401,70.22976100949768,70.07416794759338,69.92685447223964,69.78840355114895,69.65939815203372,69.54042124260644,69.43205579057955,69.33488476366549,69.24949112957674,69.17645785602572,69.1163679107249,69.06980426138674,69.03734987572368,69.01958772144819,69.01710037762338,69.03008332858784,69.05761857837314,69.09858914255805,69.15187803672137,69.21636827644184,69.29094287729828,69.37448485486944,69.4658772247341,69.56400300247105,69.66774520365908,69.77598684387695,69.88761093870346,70.00150050371735,70.11653855449744,70.23160810662247,70.34559217567127,70.45737377722257,70.56583592685517,70.66986164014786,70.76833677706016,70.86060905387735,70.94699469853312,71.02793189178618,71.10385881439527,71.1752136471191,71.24243457071641,71.30595976594591,71.36622741356635,71.42367569433644,71.47874278901492,71.53186687836049,71.58348614313188,71.63403876408783,71.68396292198707,71.73369679758831,71.78367857165028,71.83434642493171,71.88613853819132,71.93949309218785,71.99484505421515,72.05243658367631,72.11221098774364,72.17408586587068,72.23797881751095,72.30380744211803,72.37148933914541,72.44094210804666,72.51208334827531,72.58483065928489,72.65910164052896,72.73481389146103,72.81188501153466,72.89023260020338,72.96977425692073,73.05042758114024,73.13211017231546,73.21473962989994,73.29823355334719,73.38250954211077,73.46748595664646,73.55310423718163,73.63933250658529,73.72614037405897,73.8134974488042,73.90137334002252,73.98973765691544,74.07856000868452,74.16781000453128,74.25745725365725,74.34747136526397,74.43782194855297,74.52847861272578,74.61941096698393,74.71058862052897,74.80198118256241,74.8935582622858,74.98528946890067,75.07714441160854,75.16909269961097,75.26110539037491,75.35317954062883,75.44533469576716,75.53759114269621,75.62996916832238,75.72248905955195,75.8151711032913,75.90803558644677,76.0011027959247,76.09439301863142,76.18792654147329,76.28172365135666,76.37580463518783,76.4701897798732,76.56489937231906,76.65995369943178,76.75537304811773,76.85117770528319,76.94738795783455,77.04402409267813,77.14109500926945,77.23847722794814,77.33596186317253,77.43333860596968,77.53039714736659,77.62692717839029,77.72271839006781,77.81756047342616,77.91124311949235,78.00355601929344,78.09428886385643,78.18323134420834,78.27017315137618,78.354903976387,78.43721351026782,78.51689144404564,78.5937274687475,78.66751127540041,78.73803255503141,78.8050809986675,78.8684731280733,78.92823854643962,78.98450846957564,79.03741473908042,79.08708919655298,79.13366368359233,79.17727004179751,79.21804011276753,79.25610573810143,79.29159875939821,79.32465101825693,79.35539435627658,79.3839606150562,79.4104816361948,79.43508926129144,79.4579153319451,79.47909168975484,79.49875017631966,79.51702263323858,79.53404090211066,79.54985949198921,79.56410018196016,79.57623431514165,79.58573308361169,79.59206767944829,79.59470929472951,79.59312912153335,79.58679835193783,79.57518817802098,79.5577697918608,79.53401438553534,79.5033931511226,79.46537728070061,79.41943796634739,79.36504640014094,79.30167377415933,79.22879128048054,79.1458701111826,79.05238145834353,78.94779651404137
70.43188792571286,70.12035261751788,69.84516367109723,69.60449982012402,69.3965397982714,69.21946233921251,69.07144617662047,68.95067004416843,68.85531267552952,68.78355280437687,68.73356916438361,68.70354048922289,68.69164551256782,68.69606296809155,68.71497158946723,68.74655011036796,68.7889772644669,68.84043178543716,68.89909240695191,68.96313786268426,69.03074726613964,69.10047804378928,69.17197584162946,69.24508077979151,69.31963297840673,69.39547255760648,69.47243963752206,69.55037433828477,69.62911678002595,69.70850708287692,69.788385366969,69.8685917524335,69.94896635940175,70.02934930800507,70.10958071837477,70.18950071064218,70.26894940493861,70.34776692139539,70.42579338014384,70.50286890131528,70.57883410316893,70.6536104874835,70.72728916859126,70.79998261805864,70.87180330745204,70.94286370833791,71.01327629228265,71.08315353085273,71.15260789561452,71.2217518581345,71.29069788997904,71.3595584627146,71.42844604790761,71.49747311712447,71.56675214193163,71.63639559389549,71.70651594458249,71.77722566555906,71.84863722839162,71.92086310464659,71.99401485858539,72.06814961616871,72.14324012399118,72.21925187020727,72.29615034297153,72.37390103043845,72.45246942076254,72.5318210020983,72.61192126260025,72.6927356904229,72.77422977372075,72.85636900064831,72.93911885936011,73.02244483801063,73.10631242475438,73.19068710774587,73.27553437513964,73.36081971509017,73.44650861575198,73.53256656527958,73.61895907913421,73.70565250094049,73.7926141317667,73.87981132601473,73.96721143808642,74.05478182238366,74.1424898333083,74.23030282526224,74.31818815264734,74.40611316986542,74.49404523131841,74.58195169140816,74.66979990453652,74.75755722510539,74.8451910075166,74.93266860617203,75.01995737547358,75.10702466982309,75.19383784362242,75.28036425127345,75.36657332529916,75.45247180465233,75.5380986973502,75.62349407540788,75.70869801084058,75.79375057566344,75.87869184189165,75.96356188154036,76.04840076662477,76.13324856916003,76.2181453611613,76.30313121464378,76.38824620162262,76.473530394113,76.55902386413007,76.64476668368901,76.73079892480501,76.81716065949321,76.9038919597688,76.99103289764695,77.07863247733934,77.16684353984216,77.2558859176255,77.34598055968405,77.4373484150124,77.53021043260519,77.62478756145713,77.7213007505628,77.81997094891689,77.92101910551405,78.02466616934889,78.13113308941608,78.24064081471026,78.3534102942261,78.46966247695822,78.58961831190128,78.71349874804991,78.84152473439877,78.97391721994252,79.1108971536758,79.25256967076668,79.39812014876374,79.54629535833296,79.69583936894331,79.84549625006375,79.99401007116317,80.14012490171054,80.28258481117477,80.42013386902481,80.55151614472958,80.67547570775803,80.7907566275791,80.8961029736617,80.99025881547477,81.07196822248726,81.13997526416809,81.19302400998622,81.22985852941054,81.24922289191001,81.24986116695358,81.23096513557971,81.19423183985579,81.14222926076188,81.07752625371462,81.00269167413073,80.92029437742691,80.83290321901984,80.74308705432621,80.65341473876272,80.56645512774604,80.4847770766929,80.41094944101995,80.34754107614391,80.29712083748147,80.26225758044932,80.24552016046412,80.24947743294261,80.27669825330146,80.32975147695736,80.411205959327
71.18957857202166,70.89901786767899,70.63479417707421,70.39601617388901,70.18179253180506,69.99123192450402,69.82344302566757,69.6775345089774,69.55261504811519,69.44779331676258,69.36217798860129,69.29487773731296,69.24500123657927,69.21165716008191,69.19395418150256,69.19100097452288,69.20190621282455,69.22577857008925,69.26172671999865,69.30885933623442,69.36628509293247,69.43311311664382,69.50845383529422,69.59141790937625,69.68111599938246,69.77665876580541,69.87715686913769,69.98172096987183,70.08946172850042,70.19948980551602,70.31091586141119,70.4228505566785,70.53440455181051,70.64468850729978,70.75281308363887,70.85788894132035,70.9590267408368,71.05533714268077,71.14593080734483,71.22991839532153,71.30641349703694,71.37500545086894,71.43628123755165,71.49095345871791,71.5397347160006,71.58333761103256,71.62247474544667,71.65785872087577,71.69020213895273,71.7202176013104,71.74861770958165,71.77611506539932,71.80342227039631,71.83125192620543,71.86031663445956,71.89132899679157,71.9250016148343,71.96204709022064,72.0031780245834,72.04910701955548,72.10054003305807,72.15778440031377,72.22052959136228,72.28841192655017,72.36106772622396,72.43813331073024,72.51924500041555,72.60403911562645,72.69215197670948,72.78321990401122,72.87687921787821,72.972766238657,73.07051728669417,73.16976868233624,73.2701567459298,73.37131779782138,73.47288815835753,73.57450414788484,73.67580208674984,73.77641829529908,73.8759954541478,73.97436913893421,74.07159793221649,74.16775283895257,74.26290486410036,74.35712501261779,74.45048428946275,74.54305369959316,74.63490424796696,74.72610693954203,74.81673277927632,74.90685277212772,74.99653792305416,75.08585923701355,75.1748877189638,75.26369437386285,75.35235020666858,75.44092622233893,75.5294934258318,75.61812282210512,75.70688720412834,75.79589146325411,75.88526825507832,75.97515115065872,76.06567372105313,76.15696953731928,76.249172170515,76.34241519169802,76.43683217192617,76.53255668225721,76.62972229374891,76.7284625774591,76.82891110444548,76.93120144576588,77.03546717247808,77.14184185563985,77.25045906630899,77.36145237554325,77.47495535440042,77.5911015739383,77.70997372317953,77.83106298748847,77.95347893696596,78.07632478145858,78.19870373081281,78.31971899487516,78.43847378349216,78.5540713065103,78.6656147737761,78.77220739513608,78.87295238043673,78.96695293952457,79.05331228224613,79.13113361844789,79.1995201579764,79.25757511067813,79.30440168639963,79.33910309498738,79.36078254628791,79.36854325014772,79.36169651582532,79.34120631379861,79.30882472281421,79.26630867524935,79.21541510348126,79.15790093988716,79.09552311684428,79.03003856672984,78.96320422192109,78.89677701479523,78.8325138777295,78.77217174310111,78.71750754328731,78.67027821066532,78.63224067761236,78.60515187650564,78.59076873972244,78.59084819963992,78.60714718863535,78.64142263908596,78.69502573958107,78.76703725692822,78.85574865947258,78.95945062309102,79.07643382366035,79.20498893705741,79.34340663915906,79.48997760584209,79.64299251298338,79.80074203645977,79.96151685214805,80.12360763592511,80.28530506366776,80.44489981125284,80.60068255455721,80.75094396945768,80.8939747318311,81.02806551755428,81.1515070025041,81.26258986255739
71.69230649371946,71.3622164662285,71.06219686720584,70.79096101359227,70.54722222232851,70.32969381035534,70.13708909461351,69.9681213920438,69.82150401958694,69.69595029418372,69.59017353277487,69.50288705230116,69.43280416970336,69.37863820192221,69.3391024658985,69.31291027857296,69.29877495688636,69.29540981777946,69.30152817819302,69.3158433550678,69.33706888226482,69.36413434622955,69.39659080996816,69.43410039966275,69.47632524149542,69.52292746164827,69.57356918630342,69.62791254164294,69.68561965384896,69.74635264910356,69.80977365358886,69.87554479348697,69.94332819497996,70.01278598424996,70.08358028747905,70.15537323084936,70.22782694054298,70.300603542742,70.37336516362853,70.44577392938467,70.51749280937867,70.5883216853273,70.6583475438261,70.72769352307607,70.79648276127824,70.86483839663364,70.93288356734328,71.0007414116082,71.0685350676294,71.13638767360793,71.20442236774478,71.272762288241,71.34153057329759,71.41085036111559,71.48084478989603,71.55163699783989,71.62335012314826,71.69610730402209,71.77003167866246,71.84524638527037,71.92187255977323,71.99991120168241,72.07917709906431,72.15946902179655,72.24058573975677,72.32232602282255,72.40448864087153,72.48687236378133,72.56927596142954,72.65149820369378,72.73333786045168,72.81459370158086,72.89506449695891,72.97454901646347,73.05284602997214,73.12975430736255,73.20507261851229,73.27859973329898,73.35013442160026,73.41947545329373,73.48643176352061,73.55112058080749,73.61401555323623,73.67561018291913,73.73639797196854,73.79687242249678,73.85752703661619,73.91885531643909,73.98135076407782,74.0455068816447,74.11181717125204,74.18077513501223,74.25287427503754,74.32860809344034,74.40847009233293,74.49295377382764,74.58255264003682,74.67776019307279,74.77906993504789,74.88697536807443,75.00192689296658,75.1236011560336,75.25100552662671,75.38312530623242,75.51894579633725,75.65745229842771,75.7976301139904,75.93846454451175,76.07894089147833,76.21804445637666,76.35476054069325,76.48807444591466,76.61697147352739,76.74043692501796,76.8574561018729,76.96701430557876,77.06809683762202,77.15968899948923,77.24077609266693,77.31034341864161,77.3674971953789,77.41274929491378,77.44751846287436,77.4732385594486,77.49134344482455,77.50326697919017,77.5104430227335,77.51430543564247,77.51628807810515,77.51782481030948,77.52034949244349,77.52529598469515,77.53409814725248,77.54818984030348,77.56900492403612,77.59797725863844,77.63654070429841,77.686129121204,77.74817636954326,77.82411630950416,77.91512564776696,78.02033885732354,78.13791652659854,78.2660132462672,78.40278360700471,78.54638219948622,78.69496361438696,78.84668244238215,78.99969327414695,79.15215070035659,79.30220931168623,79.44802369881111,79.58774845240639,79.7195381631473,79.84154742170904,79.95193081876677,80.04884294499574,80.13043839107111,80.19487174766807,80.24029760546186,80.26532863924577,80.2711408265444,80.2598012616434,80.23337793352395,80.19393883116722,80.14355194355437,80.0842852596666,80.0182067684851,79.94738445899102,79.87388632016555,79.79978034098987,79.72713451044515,79.65801681751259,79.59449525117334,79.53863780040858,79.49251245419951,79.45818720152728,79.4377300313731,79.43320893271813,79.44669189454355
71.58690100379314,71.35900300238472,71.14162671045503,70.93492016337488,70.73903139651517,70.5541084452467,70.38029934494034,70.21775213096693,70.06661483869732,69.92703550350235,69.79916216075289,69.68314284581976,69.57912559407382,69.48725844088592,69.4076894216269,69.34056657166762,69.28603792637891,69.24425152113164,69.21535539129664,69.19949757224475,69.19682585297365,69.20724263478118,69.22994445976856,69.26400172696236,69.30848483538921,69.3624641840757,69.42501017204845,69.49519319833402,69.57208366195904,69.65475196195013,69.74226849733385,69.83370366713683,69.92812787038568,70.02461150610698,70.12222497332733,70.22003867107335,70.31712299837163,70.41254835424878,70.50538513773141,70.5947037478461,70.67957710029224,70.7594867555121,70.83477120103005,70.90587682671593,70.97325002243961,71.03733717807096,71.09858468347981,71.15743892853605,71.21434630310952,71.26975319707007,71.3241060002876,71.37785110263192,71.43143489397292,71.48530376418046,71.53990410312437,71.59568230067454,71.65308474670083,71.71255783107307,71.77454794366115,71.83950147433491,71.90786028450535,71.97979452805104,72.05505321217541,72.13334911641084,72.21439502028973,72.2979037033445,72.38358794510756,72.47116052511132,72.56033422288816,72.65082181797051,72.74233608989077,72.83458981818134,72.92729578237464,73.02016676200307,73.11291553659902,73.20525488569491,73.29689758882316,73.38755642551615,73.4769441753063,73.56477361772602,73.65076545283935,73.73488059558454,73.81735767454106,73.89845078807676,73.97841403455946,74.05750151235706,74.1359673198374,74.21406555536834,74.2920503173177,74.37017570405338,74.44869581394322,74.52786474535506,74.60793659665677,74.68916546621621,74.77180545240121,74.85611065357963,74.94233516811936,75.03073309438821,75.12155853075407,75.21506557558476,75.31148540252494,75.410637640588,75.51198594368522,75.61498222826951,75.71907841079386,75.8237264077112,75.92837813547455,76.03248551053682,76.13550044935099,76.23687486837001,76.33606068404686,76.43250981283448,76.52567417118583,76.61500567555389,76.69995624239162,76.77997778815195,76.85452222928788,76.92304148225234,76.98498746349833,77.03981208947876,77.08704145333807,77.12706395225887,77.16082430860962,77.18927651684528,77.21337457142081,77.23407246679112,77.25232419741114,77.26908375773584,77.28530514222012,77.30194234531896,77.31994936148726,77.34028018517996,77.36388881085203,77.39172923295838,77.42475544595396,77.46392144429369,77.51018122243252,77.56448877482539,77.62779809592723,77.70106318019299,77.78510083079708,77.8796383201613,77.98388335372964,78.09704043714945,78.21831407606807,78.34690877613285,78.48202904299116,78.6228793822903,78.76866429967765,78.91858830080056,79.07185589130636,79.22767157684241,79.38523986305604,79.54376525559464,79.7024522601055,79.860505382236,80.0171291276335,80.17152800194532,80.32290651081881,80.47046915990133,80.61319283124885,80.74878069287585,80.87449311377921,80.98759001837848,81.08533133109323,81.16497697634301,81.2237868785474,81.25902096212594,81.26793915149821,81.24780137108374,81.19586754530212,81.1093975985729,80.98565145531563,80.82188903994987,80.61537027689519,80.36335509057115,80.0631034053973,79.71187514579323,79.30693023617846,78.84552860097256
70.43965162148612,70.25033309108704,70.07789223032286,69.92175943940369,69.78136511853963,69.65613966794079,69.54551348781727,69.4489169783792,69.36578053983668,69.2955345723998,69.23760947627868,69.19143565168342,69.15644349882415,69.13206341791096,69.11772580915394,69.11286107276324,69.11689960894893,69.12927181792114,69.14940809988997,69.17673885506552,69.21069451720007,69.2507389280362,69.29643202760195,69.34735092951074,69.40307274737596,69.46317459481105,69.5272335854294,69.59482683284446,69.66553145066962,69.73892455251831,69.81458325200393,69.8920846627399,69.97100589833964,70.05092407241658,70.13141629858411,70.21205969045566,70.29243136164465,70.37210842576447,70.45066799642856,70.52768718725034,70.6027442361418,70.67559993900056,70.74639791539839,70.81532998920962,70.88258798430859,70.94836372456966,71.01284903386716,71.07623573607543,71.13871565506885,71.20048061472173,71.26172243890841,71.32263295150325,71.38340397638059,71.44422733741477,71.50529485848014,71.56679836345104,71.62892967620184,71.69188062060682,71.7558430205404,71.82100869987686,71.88756808739502,71.95562790614011,72.02516513527037,72.09614559317956,72.16853509826142,72.24229946890974,72.31740452351828,72.39381608048078,72.47149995819103,72.55042197504277,72.63054794942978,72.71184369974581,72.79427504438463,72.87780780173999,72.96240779020567,73.04804082817542,73.13467273404301,73.2222693262022,73.31079642304674,73.4002198429704,73.49050481353665,73.58159864353382,73.6734279257629,73.76591809905945,73.85899460225906,73.95258287419729,74.04660835370973,74.14099647963192,74.23567269079946,74.33056242604789,74.4255911242128,74.52068422412977,74.61576716463436,74.71076538456212,74.80560432274866,74.90020941802955,74.9945061092403,75.08841983521656,75.18187603479385,75.27480014680776,75.3671216270308,75.45884204328746,75.55002533839905,75.6407375118586,75.73104456315913,75.82101249179367,75.91070729725523,76.00019497903686,76.08954153663159,76.17881296953242,76.2680752772324,76.35739445922455,76.44683651500189,76.53646744405746,76.62635324588426,76.71655991997535,76.80715346582376,76.89819988292247,76.98976517076456,77.08191532884302,77.17470118889003,77.26799725741758,77.36156428273112,77.455161117166,77.54854661305757,77.64147962274117,77.73371899855216,77.82502359282587,77.91515225789766,78.00386384610286,78.09091720977683,78.17607120125491,78.25908467287245,78.33971647696478,78.41772546586726,78.49287049191524,78.56491040744409,78.63360406478908,78.69871031628564,78.75998801426907,78.81722548161288,78.87044508709734,78.91978080949995,78.96536731495785,79.00733926960801,79.04583133958756,79.08097819103352,79.11291449008297,79.14177490287297,79.16769409554055,79.1908067342228,79.21124748505677,79.22915101417952,79.24465198772812,79.2578850718396,79.26898493265104,79.2780862362995,79.28532364892204,79.29083183665573,79.29474546563758,79.29737688862105,79.30003273991379,79.30436530981937,79.3120272356855,79.3246711548599,79.34394970469027,79.37151552252433,79.40902124570981,79.45811951159439,79.52046295752582,79.5977042208518,79.69149593892004,79.80349074907825,79.93534128867418,80.08870019505551,80.26522010556995,80.46655365756526,80.6943534883891,80.95027223538922,81.23596253591332
70.1473591181088,70.28995846896625,70.39922559862616,70.47777196349946,70.52820901999705,70.55314822452985,70.55520103350877,70.53697890334472,70.50109329044864,70.45015565123141,70.38677744210396,70.31357011947722,70.23314513976209,70.14811395936948,70.06108803471032,69.97467882219551,69.89149777823597,69.81415635924262,69.74526602162636,69.68743822179813,69.6432835906189,69.61459051123201,69.60078216626762,69.6008590567982,69.6138216838962,69.63867054863415,69.67440615208447,69.72002899531968,69.77453957941222,69.8369384054346,69.90622597445926,69.9814027875587,70.06146934580538,70.14542615027179,70.23227370203038,70.32101250215366,70.41064305171409,70.50016585178415,70.5885814034363,70.67489020774302,70.75809514486247,70.8375853989865,70.91356023297374,70.98632091298029,71.05616870516235,71.12340487567607,71.1883306906776,71.25124741632314,71.31245631876881,71.37225866417079,71.43095571868524,71.48884874846833,71.54623901967621,71.60342779846505,71.66071635099101,71.71840594341026,71.77679784187895,71.83619331255323,71.89689362158929,71.95920003514328,72.02341154775979,72.08969085728967,72.15798940170838,72.22824044609887,72.30037725554413,72.37433309512714,72.45004122993087,72.52743492503826,72.60644744553232,72.687012056496,72.76906202301227,72.85253061016412,72.9373510830345,73.02345670670637,73.11078074626273,73.19925646678654,73.28881713336075,73.37939601106838,73.47092636499235,73.56334146021565,73.65657472311985,73.75056447197018,73.84525468056356,73.94058963773321,74.03651363231236,74.13297095313423,74.22990588903204,74.327262728839,74.42498576138836,74.5230192755133,74.62130756004709,74.71979490382292,74.81842559567403,74.91714392443362,75.01589417893493,75.11462064801117,75.21326762049559,75.31177938522137,75.41010023102177,75.50817444673001,75.60594650077472,75.7033640856822,75.80037768273687,75.89693786517603,75.99299520623703,76.08850027915716,76.18340365717373,76.27765591352406,76.37120762144548,76.46400935417529,76.55601168495079,76.64716518700934,76.7374204335882,76.8267279979247,76.91503845325619,77.00230237281994,77.0884703298533,77.17349289759355,77.257320649278,77.33990415814401,77.4212037264223,77.50129275589242,77.58031761578471,77.6584258914537,77.73576516825395,77.81248303153998,77.88872706666632,77.9646448589875,78.04038399385806,78.11609205663251,78.19191663266545,78.26800530731134,78.34450566592477,78.42156529386023,78.4993317764723,78.57795269911546,78.65757564714428,78.7383482059133,78.82041796077701,78.90393249709001,78.9889900535195,79.0752969725927,79.16237271244381,79.24973558026406,79.33690388324459,79.4233959285765,79.508730023451,79.5924244750592,79.67399759059231,79.75296767724143,79.82885304219775,79.9011719926524,79.96944283579654,80.03318387882132,80.0919134289179,80.14514979327745,80.19241127909109,80.23321619354999,80.26708284384529,80.29352953716815,80.31183279358157,80.31991616415968,80.31523284845383,80.29523557377496,80.25737706743391,80.19911005674155,80.1178872690088,80.0111614315465,79.87638527166555,79.71101151667685,79.51249289389125,79.27828213061963,79.00583195417289,78.6925950918619,78.33602427099754,77.93357221889067,77.48269166285223,76.98083533019306,76.42545594822403,75.81400624425603
70.19679348075404,70.08688445988375,69.98772168437233,69.89889014750602,69.8199748425711,69.75056076285381,69.69023290164046,69.63857625221726,69.59517580787053,69.55961656188649,69.53148350755143,69.51036163815161,69.49583594697327,69.48749142730273,69.4849130724262,69.48768587562996,69.4953948302003,69.50762492942346,69.52396116658569,69.5439885349733,69.56729210173984,69.59353050589311,69.62257401632282,69.6543307219882,69.6887087118486,69.7256160748633,69.76496089999159,69.80665127619278,69.85059529242614,69.896701037651,69.94487660082663,69.99503007091235,70.04706953686745,70.10090308765122,70.15643881222296,70.21358479954196,70.27224913856753,70.33233991825898,70.39376522757556,70.45643315547662,70.5202518947439,70.58514649633295,70.65107736275087,70.7180093478932,70.78590730565548,70.85473608993325,70.92446055462204,70.99504555361739,71.06645594081483,71.13865657010993,71.2116122953982,71.28528797057518,71.35964844953645,71.4346585861775,71.51028323439391,71.58648724808117,71.66323548113488,71.74049278745053,71.81822402092368,71.89639403544986,71.97496765020875,72.05390760142816,72.1331733967605,72.2127242661312,72.29251943946576,72.37251814668966,72.45267961772836,72.53296308250737,72.61332777095214,72.69373291298817,72.77413773854092,72.85450147753586,72.93478335989849,73.01494261555426,73.09493847442867,73.17473016644719,73.25427692153531,73.33353796961848,73.41247254062219,73.49103986447192,73.56920070339257,73.64696229137765,73.72438558866936,73.80153454828223,73.8784731232308,73.95526526652961,74.03197493119313,74.10866607023596,74.18540263667259,74.26224858351753,74.33926786378535,74.41652443049057,74.4940822366477,74.57200523527128,74.65035737937583,74.72920262197589,74.80860491608598,74.88862821472063,74.96933647089438,75.05079363762172,75.13306285736465,75.21619272154489,75.30021923532357,75.38517798885887,75.47110457230897,75.55803457583204,75.64600358958629,75.73504720372986,75.82520100842095,75.91650059381774,76.0089815500784,76.10267946736113,76.19762993582408,76.29386854562546,76.39143088692342,76.49035254987616,76.59066912464186,76.69241620137869,76.79562937024484,76.90034422139848,77.00657286876104,77.11405451500165,77.22235229101385,77.33102639316147,77.43963701780842,77.54774436131862,77.65490862005592,77.76068999038421,77.86464866866743,77.96634485126941,78.06533873455409,78.16119051488533,78.25346038862705,78.3417085521431,78.42549520179742,78.50438053395385,78.57792474497631,78.6456880312287,78.7072305890749,78.76211261487879,78.80993708103406,78.85064667394383,78.88434608019398,78.91114098406211,78.93113706982581,78.94444002176269,78.95115552415031,78.95138926126629,78.94524691738819,78.93283417679362,78.91425672376019,78.88962024256544,78.859030417487,78.82259293280245,78.78041347278938,78.73259772172538,78.67925136388804,78.62048008355495,78.55638956500371,78.48708549251188,78.41307635673891,78.33712463327359,78.26277638199443,78.19357844951107,78.13307768243318,78.08482092737046,78.05235503093257,78.03922683972918,78.04898320036996,78.08517095946459,78.15133696362275,78.2510280594541,78.38779109356831,78.56517291257506,78.78672036308403,79.05598029170488,79.3764995450473,79.75182496972093,80.18550341233546,80.6810817195006
71.13631489161571,70.89872531034419,70.68169755001664,70.48444482198977,70.30618033762033,70.14611730826509,70.00346894528079,69.87744846002418,69.76726906385201,69.67214396812105,69.59128638418802,69.52390952340969,69.46922659714281,69.42645081674411,69.39479539357038,69.37347353897832,69.36169846432472,69.35868338096631,69.36364150025986,69.3757860335621,69.39433029979838,69.41859475621779,69.44820804410291,69.48285387985862,69.52221597988976,69.5659780606012,69.61382383839779,69.66543702968437,69.72050135086579,69.77870051834694,69.83971824853262,69.90323825782772,69.96894426263711,70.03651997936558,70.10564912441805,70.17601541419933,70.2473025651143,70.31919429356779,70.39137431596467,70.46352634870979,70.53533484035523,70.60660312186155,70.67738382032519,70.7477609536556,70.81781853976226,70.8876405965546,70.95731114194213,71.02691419383427,71.09653377014048,71.16625388877024,71.236158567633,71.30633182463824,71.3768576776954,71.44782014471393,71.51930324360332,71.591390992273,71.66416740863247,71.73771651059116,71.81212231605852,71.88746884294406,71.96383888143032,72.04124155808837,72.11957182089128,72.19871479599726,72.27855560956453,72.3589793877513,72.43987125671578,72.52111634261615,72.60259977161064,72.68420666985747,72.76582216351485,72.84733137874099,72.92861944169408,73.00957147853237,73.09007261541402,73.17000797849725,73.24926269394031,73.32772188790138,73.40527068653867,73.48179421601039,73.5571846257869,73.63154706922768,73.70523295457468,73.77860740747647,73.85203555358166,73.92588251853876,74.00051342799635,74.076293407603,74.15358758300727,74.23276107985774,74.31417902380292,74.39820654049143,74.4852087555718,74.57555079469262,74.66959778350243,74.76771484764978,74.87026711278328,74.97761970455146,75.09013774860288,75.2081863705861,75.33209326864531,75.46151424236555,75.5955239170435,75.73317775509351,75.87353121892997,76.0156397709673,76.1585588736199,76.30134398930213,76.44305058042842,76.58273410941315,76.71945003867073,76.85225383061552,76.98020094766193,77.10234685222437,77.21774700671719,77.32545687355483,77.42453191515168,77.5140275939221,77.5929993722805,77.66050271264129,77.71571668313055,77.75925726827285,77.79266749543048,77.81750584267971,77.83533078809683,77.84770080975805,77.85617438573968,77.86230999411795,77.86766611296915,77.8738012203695,77.8822737943953,77.89464231312282,77.91246525462827,77.93730109698798,77.97070831827816,78.01424539657509,78.06947080995505,78.13794303649428,78.22122055426904,78.3208618413556,78.43814214762807,78.57208741210735,78.72065093989423,78.88177943018391,79.05341958217163,79.23351809505255,79.42002166802192,79.6108770002749,79.80403079100674,79.99742973941262,80.18902054468776,80.37674990602738,80.55856452262667,80.73241109368084,80.89623631838508,81.04798689593463,81.18560952552468,81.30705090635044,81.41025773760711,81.4931767184899,81.5541523079335,81.59375471028972,81.61332789690354,81.61421661599448,81.597765615782,81.56531964448561,81.5182234503248,81.45782178151904,81.38545938628786,81.3024810128507,81.21023140942711,81.11005532423653,81.00329750549848,80.89130270143244,80.77541566025789,80.65698113019432,80.53734385946126,80.41784859627816,80.2998400888645,80.18466308543982
71.4182338650775,71.11247481774994,70.8291127417666,70.567533622584,70.32712344565871,70.10726819644732,69.90735386040633,69.72676642299234,69.56489186966186,69.42111618587148,69.29482535707774,69.1854053687372,69.09224220630638,69.01472185524187,68.95223030100023,68.90415352903798,68.8698775248117,68.84878827377793,68.84027176139324,68.84371397311416,68.85850086610915,68.88399022259355,68.9194587793603,68.96416878969232,69.01738250687254,69.07836218418386,69.1463700749092,69.2206684323315,69.30051950973365,69.38518556039857,69.4739288376092,69.56601159464843,69.66069608479918,69.7572445613444,69.85491927756698,69.95298248674983,70.05069644217589,70.14732339712808,70.24212560488928,70.33436531874246,70.4233066830623,70.50852090825454,70.5902231214828,70.66870953047159,70.74427634294547,70.81721976662895,70.88783600924658,70.95642127852288,71.02327178218239,71.08868372794964,71.15295332354916,71.21637677670549,71.27925029514314,71.34187008658667,71.40453235876059,71.46753331938946,71.53116917619778,71.5957361369101,71.66153040925097,71.72884820094488,71.79798347592806,71.86909557083652,71.94213514999102,72.01703492740563,72.09372761709442,72.17214593307146,72.25222258935082,72.33389029994656,72.41708177887276,72.50172974014347,72.5877668977728,72.67512596577477,72.76373965816349,72.85354068895299,72.94446177215737,73.03643562179069,73.129394951867,73.2232724764004,73.31800090940494,73.41351296489471,73.50973923903244,73.60654609752213,73.70372564890667,73.80106586530066,73.8983547188187,73.99538018157538,74.0919302256853,74.18779282326308,74.2827559464233,74.37660756728056,74.46913565794947,74.56012819054459,74.64937313718058,74.73665846997199,74.82177216103344,74.9045021824795,74.9846365064248,75.06196310498396,75.13626995027153,75.20734501440211,75.27499702428946,75.33940729700124,75.40107943012603,75.46052764770954,75.51826617379746,75.57480923243551,75.63067104766944,75.68636584354492,75.74240784410767,75.79931127340345,75.8575903554779,75.91775931437675,75.98033237414575,76.04582375883061,76.11474769247701,76.18761839913066,76.2649501028373,76.34725702764266,76.43505339759241,76.52885343673228,76.62909827023978,76.73537924894978,76.84673948218571,76.96221294191244,77.0808336000949,77.20163542869804,77.32365239968672,77.44591848502583,77.56746765668032,77.68733388661511,77.80455114679506,77.9181534091851,78.02717464575014,78.1306488284551,78.22760992926487,78.31709192014435,78.39812877305849,78.46975445997214,78.53100295285026,78.58090822365773,78.61868411954742,78.64497300082675,78.66109844608053,78.66838822923327,78.66817012420944,78.66177190493357,78.65052134533013,78.63574621932364,78.61877430083857,78.60093336379944,78.58355118213072,78.56795552975692,78.55547418060254,78.54743490859207,78.54516548764997,78.54999369170079,78.56324729466903,78.58625407047913,78.62034179305562,78.66683823632297,78.7264437302276,78.79634761448654,78.87251865420319,78.9509243890044,79.02753235851702,79.09831010236792,79.15922516018392,79.20624507159192,79.23533737621875,79.24246961369124,79.22360932363628,79.1747240456807,79.09178131945137,78.97074868457514,78.80759368067885,78.59828384738935,78.33878672433352,78.0250698511382,77.65310076743023,77.21884701283648
70.1903849101905,70.10318024603069,70.02115936181801,69.94437584126983,69.87288326810354,69.80673522603648,69.74598529878605,69.69068707006961,69.64089412360454,69.5966600431082,69.55803841229798,69.52508281489123,69.49784683460534,69.47638405515767,69.4607480602656,69.45099243364649,69.44717075901774,69.44933662009669,69.45754360060073,69.47184528424722,69.49229515480118,69.51884714346997,69.55116881792921,69.58887657024255,69.63158679247366,69.67891587668618,69.73048021494377,69.7858961993101,69.84478022184884,69.9067486746236,69.97141794969808,70.03840443913592,70.10732453500079,70.17779462935633,70.2494311142662,70.32185038179408,70.3946688240036,70.46750283295843,70.53996880072222,70.61168311935864,70.68226320018498,70.75149195582755,70.81949935477547,70.8864590660175,70.95254475854234,71.01793010133876,71.0827887633955,71.14729441370126,71.21162072124481,71.27594135501487,71.34042998400018,71.40526027718948,71.47060590357151,71.53664053213501,71.60353783186869,71.67147147176132,71.7406151208016,71.81114244797831,71.88322712228016,71.95704281269589,72.03276107642426,72.11042676326569,72.18988832655315,72.2709773252998,72.35352531851883,72.43736386522345,72.52232452442682,72.60823885514213,72.69493841638256,72.78225476716129,72.8700194664915,72.9580640733864,73.04622014685914,73.13431924592292,73.22219292959095,73.30967275687635,73.39659028679236,73.48277707835213,73.56806469056887,73.65228468245574,73.7352732615842,73.81700761758152,73.89762793014889,73.97728345820275,74.05612346065962,74.13429719643598,74.21195392444832,74.28924290361314,74.36631339284693,74.44331465106617,74.52039593718735,74.59770651012697,74.67539562880151,74.75361255212748,74.83250653902134,74.91222684839961,74.99292273917875,75.07474347027528,75.15783830060568,75.24235648908643,75.32843739050324,75.41604256068598,75.50497976412163,75.59505169438225,75.68606104503992,75.77781050966666,75.87010278183455,75.9627405551156,76.05552652308191,76.14826337930552,76.24075381735847,76.33280053081282,76.42420621324061,76.5147735582139,76.60430525930477,76.69260401008523,76.77947250412737,76.8647134350032,76.94812949628479,77.02952338154422,77.1087129032605,77.18569163120625,77.26056652695641,77.33344644194935,77.40444022762335,77.47365673541674,77.54120481676786,77.60719332311501,77.67173110589655,77.73492701655076,77.79688990651599,77.85772862723056,77.91755203013278,77.97646896666099,78.0345882882535,78.09201884634864,78.14886949238473,78.20524907780009,78.26126645403306,78.31703047252195,78.37265776462084,78.42832674737048,78.48424530169079,78.54062148995752,78.59766337454637,78.65557901783305,78.71457648219328,78.77486383000274,78.83664912363719,78.9001404254723,78.9655457978838,79.03307330324742,79.10293100393885,79.1753269623338,79.250469240808,79.32856590173714,79.40982500749695,79.49445462046313,79.5826628030114,79.67465761751745,79.77027714511635,79.86728916175836,79.96274171426151,80.05368212682424,80.13715772364492,80.21021582892197,80.26990376685382,80.31326886163885,80.33735843747547,80.33921981856214,80.31590032909723,80.26444729327916,80.18190803530634,80.06532987937717,79.91176014969008,79.71824617044346,79.48183526583574,79.19957476006533,78.86851197733063,78.48569424183003
71.16898088926695,70.66003973095927,70.21614928950811,69.83369549763208,69.50906428804981,69.2386415934799,69.01881334664097,68.84596548025162,68.71648392703048,68.62675461969619,68.57316349096732,68.5520964735625,68.55993950020036,68.5930785035995,68.64789941647855,68.72078817155612,68.80813070155081,68.90631293918126,69.01172081716608,69.12074026822387,69.22975806925794,69.33600180512182,69.43911764980297,69.53918399984958,69.63627925180987,69.730481802232,69.82187004766425,69.91052238465475,69.99651720975176,70.07993291950346,70.16084791045807,70.23934057916378,70.31548932216879,70.38937253602133,70.46106861726958,70.53065596246175,70.59821296814606,70.66381803087071,70.7275495471839,70.78948591363383,70.849705829996,70.908337232577,70.96561130657537,71.02177223805971,71.0770642130986,71.13173141776062,71.18601803811437,71.24016826022842,71.29442627017136,71.34903625401176,71.40424239781822,71.46028888765933,71.51741990960366,71.57587964971981,71.63591229407633,71.69776202874186,71.76167303978494,71.82788951327417,71.89665563527814,71.96821559186542,72.04281032299565,72.12048600209121,72.20098691444181,72.28403137646548,72.36933770458026,72.45662421520422,72.54560922475538,72.6360110496518,72.72754800631154,72.81993841115262,72.9129005805931,73.00615283105105,73.0994134789445,73.19240084069149,73.28483323271007,73.37642897141829,73.46690637323421,73.55598375457588,73.6433794318613,73.72881172150858,73.81200772375853,73.89296093572787,73.97197283732022,74.04936206434314,74.12544725260416,74.2005470379108,74.27498005607062,74.34906494289116,74.42312033417994,74.49746486574452,74.57241717339241,74.64829589293117,74.72541966016836,74.80410711091147,74.88467688096807,74.9674476061457,75.05273792225188,75.14086646509415,75.23215187048007,75.32691277421716,75.4254440574831,75.5276141583403,75.63292265295863,75.7408569551375,75.85090447867633,75.9625526373745,76.07528884503145,76.18860051544655,76.30197506241922,76.41489989974887,76.52686244123488,76.6373501006767,76.74585029187368,76.85185042862527,76.95483792473087,77.05430019398985,77.14972465020166,77.24059870716566,77.3264097786813,77.40664527854794,77.4808534669282,77.54928994295658,77.61266665349142,77.67170315118643,77.72711898869538,77.77963371867199,77.82996689376999,77.87883806664313,77.92696678994513,77.97507261632973,78.02387509845067,78.07409378896168,78.1264482405165,78.18165800576887,78.2404426373725,78.30352168798116,78.37161471024856,78.44544125682845,78.52572088037456,78.61317313354063,78.70833698473237,78.81031725806517,78.91753487404456,79.02840654129861,79.14134896845536,79.25477886414286,79.36711293698916,79.47676789562229,79.58216044867032,79.68170730476128,79.77382517252322,79.85693076058419,79.92944077757224,79.98977193211543,80.03634093284178,80.06756448837936,80.0818593073562,80.07764209840036,80.05332957013988,80.00733843120281,79.93900696415389,79.85283030571537,79.7550963419082,79.65209475870245,79.55011524206816,79.45544747797541,79.37438115239425,79.31320595129475,79.27821156064698,79.27568766642096,79.31192395458677,79.39321011111448,79.52583582197414,79.71609077313583,79.97026465056959,80.29464714024547,80.69552792813354,81.17919670020387,81.75194314242651,82.42005694077153
70.31835090962817,70.40205963781229,70.45760738324022,70.4873785182964,70.4937574153653,70.47912844683133,70.44587598507897,70.39638440249267,70.33303807145688,70.25822136435603,70.17431865357459,70.083714311497,69.98879271050772,69.89193822299119,69.79553522133185,69.70196807791417,69.61362116512258,69.53287885534156,69.46212552095552,69.40374553434896,69.36012246813773,69.33284332545982,69.32120377255137,69.32408999414982,69.34038817499258,69.36898449981712,69.40876515336086,69.45861632036124,69.51742418555571,69.5840749336817,69.65745474947664,69.73644981767798,69.81994632302316,69.9068304502496,69.99598838409476,70.08630630929605,70.17667041059093,70.26596687271685,70.35308188041121,70.43690161841148,70.51631514873938,70.59067873245444,70.66032834591942,70.72572332906135,70.78732302180724,70.84558676408412,70.900973895819,70.95394375693891,71.00495568737087,71.0544690270419,71.10294311587901,71.15083729380923,71.19861090075958,71.24672327665708,71.29563376142875,71.3458016950016,71.39768641730267,71.45174726825897,71.50844358779752,71.56823471584534,71.63157548060299,71.6986500066837,71.76922282814036,71.84302238521414,71.9197771181463,71.99921546717802,72.08106587255054,72.16505677450508,72.25091661328284,72.33837382912505,72.42715686227292,72.51699415296767,72.60761414145051,72.69874526796268,72.79011597274537,72.8814546960398,72.97248987808719,73.06294995912877,73.15256337940575,73.24105857915933,73.32817096990831,73.41384738894888,73.49827910399685,73.58167099854455,73.66422795608428,73.74615486010835,73.82765659410909,73.9089380415788,73.99020408600983,74.07165961089446,74.153509499725,74.23595863599378,74.31921190319312,74.40347418481534,74.48895036435273,74.5758453252976,74.6643639511423,74.75471112537913,74.8470917315004,74.94171065299842,75.03876015331323,75.13820594070633,75.23981775926738,75.3433588916193,75.448592620385,75.55528222818737,75.66319099764934,75.77208221139381,75.88171915204369,75.99186510222188,76.1022833445513,76.21273716165486,76.32298983615544,76.432804650676,76.5419448878394,76.65017383026857,76.75725476058643,76.86295096141586,76.9670257153798,77.06924230510114,77.16938334890412,77.2674562426412,77.36361339992486,77.45800965133031,77.55079982743274,77.64213875880733,77.7321812760293,77.82108220967379,77.90899639031603,77.9960786485312,78.08248381489447,78.16836671998107,78.25388219436616,78.33918506862493,78.42443017333257,78.50977233906428,78.59536639639526,78.68136717590068,78.76792950815572,78.8552082237356,78.94322194269667,79.0309075432489,79.11668605093767,79.19897531438666,79.27619318221947,79.34675750305978,79.40908612553122,79.46159689825743,79.50270766986209,79.53083628896881,79.54440060420129,79.54181846418312,79.52150771753799,79.48188621288953,79.42137179886139,79.33838232407722,79.23133563716067,79.09864958673538,78.938742021425,78.75003078985318,78.53248616596869,78.29476533496333,78.0485454344192,77.80550663399906,77.57732910336568,77.37569301218188,77.21227853011045,77.09876582681414,77.04683507195577,77.06816643519811,77.17444008620394,77.37733619463606,77.68853493015722,78.11971646243026,78.68256096111794,79.38874859588304,80.24995953638837,81.27787395229664,82.48417201327075,83.88053388897343
71.01214014436353,70.81090045874329,70.6249657835277,70.45392498059725,70.29736691183241,70.15488043911368,70.02605442432154,69.91047772933648,69.80773921603898,69.71742774630953,69.63913218202862,69.57244138507673,69.51694421733436,69.47222954068197,69.43788621700006,69.41350310816912,69.39866907606965,69.39297298258211,69.39600368958699,69.4073500589648,69.42660093123263,69.4533238690058,69.48702522888672,69.52720042943992,69.57334488922992,69.62495402682124,69.68152326077845,69.74254800966602,69.80752369204853,69.87594572649047,69.94730953155639,70.0211105258108,70.09684412781824,70.17400575614325,70.25209082935032,70.330594766004,70.40901298466882,70.48684090390931,70.56357394228999,70.63870751837538,70.71173844534567,70.78238998709722,70.8508602741552,70.91740723119078,70.98228878287516,71.0457628538795,71.10808736887499,71.16952025253282,71.23031942952414,71.29074282452017,71.35104836219206,71.411493967211,71.47233756424816,71.53383707797472,71.59625043306188,71.6598355541808,71.72485036600266,71.79155279319865,71.86020076043994,71.93105219239771,72.00436173534125,72.08018733142661,72.15828203143428,72.23837265892966,72.32018603747814,72.4034489906451,72.48788834199595,72.5732309150961,72.65920353351093,72.74553302080584,72.83194620054623,72.91816989629747,73.00393093162499,73.08895613009418,73.1729723152704,73.25570631071908,73.33688494000562,73.41623502669539,73.49348339435382,73.56835686654627,73.64059357336812,73.7102745507697,73.77787726990906,73.8439012850107,73.9088461502991,73.97321141999875,74.03749664833413,74.10220138952971,74.16782519781,74.23486762739948,74.30382823252262,74.37520656740391,74.44950218626782,74.52721464333887,74.60884349284152,74.69488828900023,74.78584858603953,74.8822239381839,74.98451389965778,75.0932180246857,75.20879514022786,75.33097293739655,75.45884669434466,75.59149083686574,75.72797979075338,75.86738798180122,76.00878983580276,76.15125977855163,76.2938722358414,76.43570163346567,76.57582239721799,76.71330895289199,76.84723572628121,76.97667714317924,77.10070762937968,77.21840161067612,77.3288335128621,77.43107776173125,77.52420878307714,77.60730100269333,77.67951525261515,77.74101683743802,77.79261910857036,77.83514621820075,77.86942231851785,77.89627156171028,77.9165180999666,77.9309860854755,77.94049967042554,77.94588300700536,77.94796024740359,77.94755554380882,77.9454930484097,77.94259691339482,77.93969129095282,77.93760033327229,77.93714819254188,77.9391590209502,77.94445697068585,77.95386619393747,77.96815551092973,77.98765431252951,78.0124824379385,78.04275843581703,78.07860085482537,78.12012824362381,78.16745915087267,78.22071212523218,78.2800057153627,78.3454584699245,78.41718893757783,78.49531566698303,78.57995720680034,78.67123210569014,78.76925891231264,78.87415617532815,78.98604244339697,79.1050362651794,79.23125618933571,79.36482076452623,79.50527145099682,79.64892049354972,79.79095751968103,79.92657102976102,80.05094952416002,80.15928150324831,80.24675546739621,80.30855991697399,80.33988335235199,80.33591427390047,80.29184118198975,80.20285257699013,80.06413695927188,79.87088282920533,79.61827868716077,79.30151303350848,78.91577436861877,78.45625119286197,77.91813200660835,77.29660531022819
70.88524756276132,70.77438002022873,70.66613409713477,70.56089142667038,70.45903364202651,70.36094237639408,70.26699926296406,70.17758593492741,70.09308402547504,70.0138751677979,69.94034099508696,69.87286314053316,69.81182323732745,69.75760291866075,69.71058381772403,69.67114756770822,69.63967580180429,69.61655015320316,69.60215225509579,69.59686374067313,69.6010660103271,69.61490859663114,69.63787406298192,69.6693257796807,69.70862711702871,69.75514144532718,69.80823213487736,69.86726255598047,69.93159607893776,70.00059607405048,70.07362591161983,70.15004896194708,70.22922859533347,70.3105281820802,70.39331109248855,70.47694069685971,70.56078036549498,70.64419346869553,70.72654337676265,70.80719345999755,70.88550870969077,70.96111732526893,71.03419945301223,71.10500473911671,71.17378282977839,71.24078337119329,71.30625600955746,71.37045039106692,71.4336161619177,71.49600296830586,71.55786045642739,71.61943827247835,71.68098606265477,71.74275347315266,71.80499015016808,71.86794573989704,71.93186988853559,71.99701224227975,72.06362244732556,72.13195014986903,72.2022429877982,72.27462810051972,72.34904585479418,72.42542055091799,72.50367648918755,72.58373796989929,72.6655292933496,72.74897475983491,72.8339986696516,72.9205253230961,73.00847902046482,73.09778406205415,73.18836474816052,73.28014537908032,73.37305025510999,73.46700367654589,73.56192994368448,73.65775335682213,73.75439821625527,73.85178882228031,73.94984823709385,74.0484619736471,74.14747213401708,74.24671840211718,74.34604046186077,74.44527799716123,74.54427069193194,74.64285823008628,74.74088029553762,74.83817657219933,74.9345867439848,75.0299504948074,75.1241075085805,75.21689746921749,75.30816006063174,75.3977349667366,75.48546187144551,75.57118045867179,75.65473041232883,75.73595141633002,75.81469583404329,75.89104365040464,75.96527173692036,76.03766345697744,76.1085021739629,76.17807125126376,76.246654052267,76.31453394035965,76.38199427892872,76.44931843136119,76.5167897610441,76.58469163136444,76.6533074057092,76.72292044746544,76.79381412002012,76.86627178676025,76.94057681107287,77.01701255634495,77.09586238596353,77.17740966331561,77.26190802767164,77.34926557544748,77.43916747218489,77.5312951679112,77.62533011265364,77.72095375643947,77.81784754929598,77.9156929412504,78.01417138233003,78.1129643225621,78.2117532119739,78.31021950059267,78.40804463844569,78.50491007556022,78.60049726196353,78.69448764768285,78.7865626827455,78.8764038171787,78.96369250100972,79.04811018426585,79.12934430495855,79.20712985581966,79.28122450710731,79.35138606874105,79.41737235064043,79.47894116272505,79.53585031491447,79.58785761712824,79.63472087928594,79.6761979113071,79.71204652311133,79.74202452461817,79.7658897257472,79.78339993641798,79.79431296655008,79.79838662606304,79.79537872487646,79.78504707290989,79.76714948008288,79.74144375631502,79.70833297737943,79.67183093520241,79.637206665441,79.60973046403713,79.59467262693272,79.59730345006969,79.62289322938994,79.67671226083542,79.76403084034806,79.89011926386974,80.06024782734238,80.27968682670794,80.5537065579083,80.8875773168854,81.28656939958117,81.75595310193752,82.30099871989637,82.9269765493996,83.6391568863892,84.44281002680705
69.82282107943455,69.81039284062794,69.78785901791593,69.75648158043899,69.71752249733761,69.67224373775227,69.62190727082344,69.56777506569162,69.51110909149726,69.45317131738088,69.39522371248293,69.3385282459439,69.28434688690429,69.23394160450455,69.18857436788517,69.14950714618664,69.11800190854943,69.09532062411404,69.08272526202093,69.08147779141058,69.09283966475653,69.1175577342317,69.15489860114447,69.2038643333154,69.26345699856502,69.33267866471387,69.4105313995825,69.49601727099144,69.58813834676123,69.68589669471243,69.78829438266554,69.89433347844115,70.00301604985977,70.11334416474195,70.22431989090822,70.33494529617914,70.44422244837523,70.55115341531705,70.65474026482512,70.75398506472,70.84789264320555,70.93591604572782,71.01844822825458,71.09600049818866,71.1690841629328,71.23821052988981,71.3038909064625,71.36663660005361,71.42695891806598,71.48536916790235,71.54237865696554,71.59849869265834,71.65424058238352,71.71011563354388,71.76663515354221,71.82431044978128,71.8836528296639,71.94517360059287,72.00938406997093,72.07679554520091,72.14791414216822,72.22293448571604,72.30156838957214,72.38348613532527,72.46835800456425,72.55585427887783,72.6456452398548,72.73740116908397,72.83079234815409,72.92548905865395,73.02116158217235,73.11748020029806,73.21411519461985,73.31073684672653,73.40701543820686,73.50262125064963,73.59722456564363,73.69049566477763,73.78210482964042,73.87172234182079,73.95902774825986,74.04398159666282,74.12686930115142,74.20799437223873,74.2876603204378,74.36617065626169,74.44382889022346,74.52093853283614,74.59780309461283,74.67472608606654,74.75201101771036,74.82996140005733,74.90888074362051,74.98907255891295,75.07084035644772,75.15448764673786,75.24031794029645,75.32863474763651,75.41974157927113,75.51394194571336,75.61151764658548,75.71236072759928,75.81602610775505,75.92205759007705,76.02999897758951,76.13939407331674,76.24978668028298,76.36072060151245,76.47173964002945,76.58238759885823,76.69220828102303,76.80074548954812,76.90754302745775,77.0121446977762,77.11409430352768,77.21293564773649,77.30821253342688,77.3994687636231,77.48624814134939,77.56809446963004,77.64458566131508,77.71569615597951,77.78165621689179,77.84270037104864,77.89906314544675,77.95097906708281,77.99868266295356,78.04240846005567,78.08239098538586,78.11886476594081,78.15206432871723,78.18222420071184,78.20957890892133,78.2343629803424,78.25681094197175,78.27715732080608,78.2956366438421,78.31248343807653,78.32793223050602,78.34221754812734,78.35557400543979,78.36823691186191,78.38044190819981,78.39242463730051,78.404420742011,78.4166658651783,78.42939564964944,78.4428457382714,78.45725177389122,78.47284939935588,78.4898742575124,78.50856199120781,78.5291482432891,78.55186865660328,78.57695887399737,78.60465453831837,78.63519129241331,78.66880477912918,78.705730641313,78.74620452181178,78.79064263436193,78.84047161379006,78.89746936173104,78.96341413249732,79.04008418040131,79.12925775975542,79.23271312487206,79.35222853006367,79.48958222964265,79.64655247792143,79.82491752921241,80.02645563782804,80.2529450580807,80.50616404428283,80.78789085074685,81.09990373178516,81.44398094171021,81.82190073483437,82.2354413654701,82.6863810879298
70.10511056032502,70.01265835381538,69.92399386095343,69.83928575335378,69.75870270263104,69.68241338039984,69.61058645827475,69.54339060787042,69.48099450080144,69.42356680868244,69.371276203128,69.32429135575276,69.28278093817133,69.24691362199829,69.21685807884829,69.1927829803359,69.17485699807577,69.16324880368249,69.15812706877068,69.15966046495494,69.16801753527511,69.18323876228366,69.20499626176986,69.23289631923227,69.26654522016943,69.30554925007995,69.34951469446236,69.39804783881523,69.45075496863714,69.50724236942666,69.56711632668235,69.62998312590278,69.69544905258651,69.7631203922321,69.83260343033812,69.90350445240315,69.97542974392574,70.04798559040448,70.1207782773379,70.1934140902246,70.26550034589644,70.33681182393035,70.40747447289286,70.47765845976592,70.54753395153143,70.61727111517133,70.68704011766754,70.75701112600197,70.82735430715653,70.89823982811316,70.96983785585377,71.04231855736029,71.11585209961463,71.1906086495987,71.26675837429444,71.34447144068378,71.4239180157486,71.50526826647085,71.58869235983245,71.67436046281532,71.76243977302967,71.8529193257839,71.94551200481862,72.03990693890084,72.13579325679757,72.2328600872758,72.33079655910257,72.42929180104487,72.52803494186972,72.62671511034414,72.72502143523513,72.82264304530972,72.9192690693349,73.01458863607769,73.10829087430511,73.20006491278416,73.28959988028186,73.37658490556521,73.46070911740124,73.54166164455695,73.61914007351325,73.69309849735554,73.76378755776288,73.83147441538688,73.89642623087909,73.95891016489105,74.01919337807436,74.0775430310806,74.13422628456128,74.18951029916802,74.24366223555235,74.29694925436586,74.34963851626011,74.40199718188666,74.45429241189709,74.50679136694293,74.55976120767579,74.61346909474722,74.66818218880877,74.72416765051204,74.78169023990657,74.84097162143473,74.90219618299105,74.96554708336171,75.03120748133298,75.0993605356911,75.17018940522233,75.24387724871289,75.32060722494904,75.40056249271703,75.48392621080308,75.57088153799344,75.66161163307439,75.75629965483213,75.85512876205291,75.958282113523,76.0659428680286,76.178294184356,76.29551922129144,76.41780113762114,76.54525881815829,76.67726396277912,76.81270621656186,76.95046719033812,77.08942849493944,77.22847174119744,77.36647853994371,77.50233050200984,77.63490923822741,77.763096359428,77.8857734764432,78.00182220010464,78.11012414124384,78.20956091069245,78.29901411928202,78.37736537784416,78.44349629721044,78.49628848821247,78.53462356168181,78.55738312845008,78.56371404257757,78.55486963787693,78.53310776989288,78.50069248060116,78.4598878119775,78.4129578059976,78.36216650463724,78.30977794987211,78.25805618367795,78.20926524803049,78.16566918490547,78.12953203627859,78.1031178441256,78.08869065042224,78.0885144971442,78.10485342626725,78.1399714797671,78.19613269961947,78.27560112780012,78.38064080628473,78.51253748471436,78.66710267925544,78.83824482176705,79.01987043338106,79.20588603522933,79.39019814844373,79.5667132941561,79.7293379934983,79.87197876760223,79.98854213759972,80.07293462462263,80.11906274980284,80.12083303427218,80.07215199916254,79.96692616560577,79.79906205473374,79.5624661876783,79.25104508557132,78.85870526954466,78.37935326073017
69.74334960000404,69.64471350188634,69.55549945651974,69.4754166906507,69.4041744310257,69.3414819043912,69.2870483374937,69.24058295707968,69.2017949898956,69.17039366268797,69.14608820220323,69.12858783518789,69.1176017883884,69.11283928855127,69.11400956242295,69.12082183674994,69.13298533827871,69.15020929375574,69.17220292992751,69.19867547354048,69.22933617255981,69.2639154087348,69.3022043552722,69.34400504933208,69.38911952807452,69.43734982865955,69.48849798824727,69.54236604399775,69.59875603307103,69.65746999262718,69.7183099598263,69.78107797182841,69.84557606579361,69.91160627888195,69.97897064825351,70.04747121106833,70.1169100044865,70.18708906566809,70.25781043177315,70.32887613996175,70.40008867958835,70.47132396507378,70.54261188303329,70.61400170791727,70.68554271417607,70.75728417626004,70.82927536861955,70.90156556570497,70.97420404196664,71.04724007185493,71.1207229298202,71.19470189031281,71.26922622778314,71.3443452166815,71.42010813145829,71.49656424656385,71.57376283644855,71.65175317556276,71.73058453835682,71.81030619928111,71.89096645539176,71.97255496009306,72.05497046912878,72.13810391908913,72.2218462465643,72.3060883881445,72.39072128041995,72.47563585998084,72.56072306341737,72.64587382731975,72.73097908827818,72.81592978288286,72.90061684772401,72.98493121939181,73.06876383447647,73.15200562956821,73.23454754125723,73.31628050613371,73.39709546078788,73.47688334180994,73.55553958118936,73.6330959479471,73.70974183104151,73.78567539950774,73.86109482238086,73.93619826869599,74.01118390748825,74.08624990779273,74.16159443864454,74.2374156690788,74.31391176813061,74.39128090483507,74.4697212482273,74.54943096734242,74.6306082312155,74.71345120888166,74.79815806937604,74.88492698173371,74.9739561149898,75.0654436381794,75.15956997370594,75.25619695644076,75.35491085155836,75.4552888379578,75.55690809453812,75.6593458001984,75.76217913383769,75.86498527435506,75.96734140064959,76.0688246916203,76.1690123261663,76.2674814831866,76.3638093415803,76.45757308024646,76.54834987808414,76.63571691399237,76.71925136687025,76.79853041561682,76.87313123913118,76.94263101631235,77.00666319932206,77.06551541700085,77.11989734765929,77.17052570376588,77.21811719778903,77.26338854219723,77.30705644945893,77.3498376320426,77.39244880241668,77.43560667304965,77.48002795640994,77.52642936496602,77.57552761118636,77.62803940753942,77.68468146649364,77.74617050051748,77.81322322207943,77.88655634364791,77.9668865776914,78.05493063667834,78.15126890183899,78.2553990538411,78.36630246350276,78.48295732190468,78.6043418201276,78.72943414925224,78.85721250035934,78.9866550645296,79.11674003284378,79.24644559638259,79.37474994622676,79.50063127345702,79.62306776915409,79.74103762439871,79.85351903027161,79.95949017785351,80.05792925822516,80.14781446246724,80.2281239816605,80.2978360068857,80.3563039876593,80.40498120829949,80.44605094805033,80.48169721908242,80.51410403356644,80.54545540367305,80.57793534157288,80.61372785943661,80.65501696943485,80.7039866837383,80.76282101451758,80.83370397394336,80.91881957418629,81.02035182741702,81.14048474580619,81.28140234152447,81.4452886267425,81.63432761363094,81.85070331436044,82.09659974110167
70.416934300282,70.39388685117562,70.36306672912603,70.3254651771878,70.28207343841552,70.23388275586377,70.18188437258718,70.12706953164029,70.07042947607769,70.012955448954,69.95563869332379,69.89947045224166,69.84544196876217,69.79454448593994,69.74776924682953,69.70610749448556,69.6705504719626,69.64208942231524,69.62171558859806,69.61042021386565,69.60919413956987,69.6186282108241,69.63816268086454,69.66703218231973,69.70447134781816,69.74971480998835,69.80199720145879,69.86055315485801,69.92461730281451,69.99342427795679,70.06620871291337,70.14220524031275,70.22064849278344,70.30077310295394,70.38181370345279,70.46300492690845,70.54358140594947,70.62277777320435,70.69982866130157,70.77396870286965,70.84443465501563,70.91080823704439,70.9733945531931,71.032589794715,71.0887901528633,71.14239181889124,71.19379098405209,71.24338383959905,71.29156657678536,71.33873538686426,71.38528646108897,71.43161599071274,71.47812016698882,71.52519518117042,71.57323722451078,71.62264248826312,71.6738071636807,71.72712744201675,71.78299951452449,71.84181957245717,71.90398008716414,71.96965033576295,72.03865364431171,72.11078357963764,72.18583370856798,72.26359759792997,72.3438688145508,72.42644092525772,72.51110749687794,72.5976620962387,72.68589829016719,72.77560964549068,72.86658972903638,72.9586321076315,73.05153034810328,73.14507801727893,73.2390686819857,73.33329590905079,73.42755326530144,73.52163431756486,73.61533554771097,73.70854184538832,73.80124030892932,73.8934237301091,73.98508490070277,74.07621661248545,74.16681165723229,74.25686282671842,74.34636291271893,74.43530470700898,74.52368100136368,74.61148458755817,74.69870825736756,74.78534480256698,74.87138701493157,74.95682768623645,75.04165960825674,75.12587557276757,75.20946837154406,75.29243079636134,75.37475739962144,75.45647434050062,75.53763511718967,75.61829412932038,75.69850577652458,75.77832445843406,75.8578045746806,75.937000524896,76.01596670871206,76.0947575257606,76.17342737567336,76.25203065808219,76.33062177261885,76.40925511891518,76.48798509660296,76.56686610531395,76.64595254467997,76.72529881433286,76.80495931390435,76.88498844302627,76.96543482000219,77.04627985519504,77.12746159900603,77.20891737917033,77.29058452342316,77.37240035949971,77.45430221513517,77.53622741806471,77.61811329602357,77.69989717674689,77.78151638796989,77.86290825742775,77.94401011285568,78.02475928198884,78.10509309256246,78.18494887231167,78.26426394897173,78.34297565027781,78.4210213039651,78.49833823776878,78.57484260159994,78.65028235763542,78.72432526398937,78.79663858483248,78.86688958433548,78.93474552666909,78.99987367600399,79.06194129651094,79.1206156523606,79.17556400772374,79.22645362677103,79.27295177367323,79.314725712601,79.3514427077251,79.38277002321622,79.40837492324506,79.42792467198238,79.44108653359886,79.44752777226522,79.44691565215219,79.43938461239615,79.42768326454912,79.41546902146358,79.40640020844306,79.40413515079113,79.41233217381141,79.43464960280743,79.47474576308277,79.536278979941,79.62290757868568,79.73828988462041,79.88608422304874,80.06994891927424,80.29354229860049,80.56052268633103,80.8745484077695,81.23927778821938,81.65836915298432,82.13548082736783,82.67427113667354
69.66651869576442,69.80447278379408,69.91248907249901,69.9929729397368,70.04832976336502,70.08096492124126,70.0932837912231,70.08769175116812,70.06659417893391,70.03239645237805,69.98750394935813,69.93432204773173,69.87525612535643,69.81271156008981,69.74909372978946,69.68680801231297,69.6282597855179,69.57585442726185,69.5319973154024,69.49909382779715,69.47954855666431,69.4749835974376,69.48477018883608,69.50787732223579,69.54327398901275,69.58992918054297,69.64681188820248,69.7128911033673,69.78713581741346,69.86851502171697,69.95599770765386,70.04855286660016,70.14514948993188,70.24475656902504,70.34634309525568,70.4488780599998,70.55133045463343,70.65266927053261,70.75186349907334,70.84788213163165,70.93969672336519,71.02669512347289,71.1091381487968,71.18739653831618,71.26184103101022,71.33284236585817,71.40077128183923,71.46599851793263,71.5288948131176,71.58983090637338,71.64917753667916,71.70730544301418,71.76458536435766,71.82138803968884,71.8780842079869,71.93504460823112,71.99263997940069,72.05124106047485,72.1112185904328,72.17294330825378,72.23678256105407,72.30290018417288,72.37114456969503,72.44133697480173,72.51329865667415,72.58685087249353,72.66181487944107,72.73801193469794,72.81526329544538,72.89339021886457,72.97221396213672,73.05155578244303,73.1312369369647,73.21107868288294,73.29090227737896,73.37052897763395,73.44978004082911,73.52847672414566,73.60644028476479,73.6834919798677,73.75945743203852,73.83429465834733,73.90811473780461,73.98103727559844,74.05318187691695,74.12466814694821,74.19561569088035,74.26614411390145,74.33637302119962,74.40642201796295,74.47641070937955,74.5464587006375,74.61668559692492,74.68721100342992,74.75815452534057,74.82963576784498,74.90177433613125,74.97468983538751,75.04850187080183,75.12333004756229,75.19929136970553,75.27645614539688,75.35485429212144,75.43451439557485,75.5154650414527,75.59773481545056,75.68135230326405,75.76634609058877,75.85274476312031,75.94057690655427,76.02987110658626,76.12065594891185,76.21296001922666,76.30681190322628,76.4022401866063,76.49927345506234,76.59794029428998,76.69826928998482,76.80028902784247,76.9040280935585,77.00950143868896,77.11656551791745,77.22497452988078,77.33448096894837,77.44483732948962,77.55579610587391,77.66710979247067,77.77853088364925,77.8898118737791,78.0007052572296,78.11096352837012,78.22033918157011,78.32858471119893,78.43545261162598,78.54069537722067,78.6440655023524,78.74531548139058,78.84419780870456,78.9404649786638,79.03386948563765,79.12419524802111,79.21147574410898,79.29586346038622,79.37751161625964,79.45657343113608,79.53320212442236,79.60755091552532,79.67977302385177,79.75002166880854,79.81845006980248,79.88521144624039,79.9504590175291,80.01434600307545,80.07702562228624,80.13865109456833,80.19937563932854,80.25935247597367,80.31873482391057,80.37767590254607,80.436328931287,80.49478587062877,80.55279589438504,80.60998900864337,80.66599509984502,80.72044405443125,80.77296575884336,80.82319009952256,80.87074696291016,80.91526623544739,80.95637780357555,80.99371155373588,81.02689737236963,81.05556514591811,81.07934476082255,81.09786610352421,81.11075906046439,81.11765351808432,81.11817936282527,81.11196648112853,81.09864475943533
69.8102012935625,69.88824087019889,69.94585428822181,69.98479090623408,70.00680008283848,70.01363117663776,70.00703354623472,69.98875655023215,69.96054954723282,69.9241618958395,69.881342954655,69.83384208228208,69.78340863732352,69.7317919783821,69.68074146406063,69.63200645296186,69.58733630368859,69.54848037484359,69.51718802502965,69.49520861284954,69.48429090538585,69.4855945156002,69.49858435107613,69.52242246105389,69.55627089477375,69.59929170147592,69.65064693040067,69.70949863078823,69.77500885187888,69.84633964291282,69.92265305313033,70.00311113177166,70.08687592807703,70.17310949128671,70.26097387064094,70.34963111537996,70.43824327474402,70.52597239797338,70.61198053430827,70.69542973298894,70.77548425233024,70.85166704913551,70.92425327011009,70.99361277603283,71.06011542768262,71.12413108583834,71.18602961127885,71.24618086478306,71.30495470712982,71.36272099909803,71.41984960146654,71.47671037501425,71.53367318052003,71.59110787876274,71.64938433052129,71.70887239657453,71.76994193770136,71.83296281468066,71.89830488829128,71.9663380193121,72.0374281365947,72.11170525335102,72.18893371355162,72.26884640574846,72.3511762184935,72.43565604033873,72.52201875983607,72.60999726553749,72.69932444599495,72.78973318976041,72.88095638538583,72.97272692142317,73.06477768642439,73.15684156894146,73.24865145752631,73.33994024073091,73.43044080710723,73.51988604520722,73.60800884358284,73.69454209078606,73.77922554600765,73.86200734203153,73.94307651341543,74.02263551393358,74.10088679736012,74.17803281746927,74.25427602803524,74.32981888283219,74.40486383563433,74.47961334021588,74.55426985035098,74.62903581981386,74.7041137023787,74.7797059518197,74.85601502191103,74.93324336642694,75.01159343914156,75.09126769382912,75.17246858426383,75.25539856421982,75.3402558812068,75.42716327187357,75.51617815799322,75.60735580773151,75.7007514892541,75.79642047072672,75.89441802031504,75.99479940618478,76.09761989650166,76.20293475943134,76.31079926313954,76.42126867579199,76.53439826555434,76.65024330059235,76.76885904907166,76.89030077915801,77.01462375901708,77.1418832568146,77.27213454071624,77.40543287888774,77.5417824679872,77.68059379839767,77.82089432419552,77.96170511551873,78.10204724250526,78.24094177529314,78.37740978402029,78.51047233882467,78.6391505098443,78.76246536721712,78.87943798108111,78.98908942157425,79.0904407588345,79.18251306299985,79.26432740420826,79.33490485259769,79.39326647830613,79.43843335147156,79.46942654223194,79.48526712072524,79.48522374950039,79.4705313935187,79.44336269279059,79.4058960620765,79.36030991613696,79.30878266973245,79.25349273762349,79.19661853457058,79.14033847533419,79.08683097467481,79.03827444735298,78.99684730812918,78.96472797176388,78.9440948530176,78.93712636665082,78.94600092742407,78.97289695009782,79.01999284943257,79.08946704018882,79.18349793712707,79.30329282085386,79.44462479355555,79.60137779800965,79.7674338802473,79.93667508629959,80.1029834621976,80.26024105397248,80.40232990765533,80.52313206927722,80.61652958486933,80.67640450046271,80.69663886208848,80.67111471577776,80.59371410756165,80.45831908347127,80.25881168953771,79.98907397179208,79.64298797626553,79.21443574898912,78.69729933599395
70.18593034779266,70.02475931757772,69.8776100852717,69.7440460566969,69.62363063767565,69.51592723403022,69.42049925158292,69.33691009615609,69.26472317357198,69.20350188965293,69.15280965022123,69.1122098610992,69.08126592810913,69.05954125707332,69.04659925381408,69.04200332415371,69.04531687391454,69.05610330891884,69.07392603498893,69.09834845794711,69.12893399415412,69.1652565562649,69.20692024958765,69.25353457511596,69.30470903384344,69.36005312676365,69.41917635487019,69.48168821915662,69.54719822061656,69.61531586024358,69.68565063903125,69.75781205797318,69.83140961806296,69.90605282029415,69.98135116566034,70.05691415515513,70.13235128977209,70.20727207050481,70.28128599834689,70.35400257429188,70.4250323434116,70.49415538297458,70.5615072788745,70.62726838185758,70.69161904267006,70.75473961205816,70.81681044076817,70.87801187954625,70.9385242791387,70.99852799029173,71.05820336375157,71.11773075026447,71.17729050057666,71.23706296543438,71.29722849558387,71.35796744177135,71.41946015474306,71.48188698524527,71.54542828402417,71.61026440182602,71.67657432226665,71.74445500113819,71.813876251106,71.88479694779221,71.95717596681904,72.03097218380864,72.10614447438326,72.18265171416499,72.26045277877608,72.33950654383868,72.41977188497498,72.50120767780717,72.58377279795741,72.6674261210479,72.7521265227008,72.83783287853832,72.92450406418263,73.0120989552559,73.1005764273803,73.18989535617806,73.28001502001642,73.37090691176618,73.462556645548,73.55495062209404,73.64807524213643,73.74191690640731,73.83646201563886,73.93169697056321,74.02760817191253,74.12418202041894,74.22140491681463,74.31926326183174,74.4177434562024,74.51683190065877,74.61651499593302,74.71677914275728,74.81761074186369,74.91899619398444,75.02092189985166,75.1233742601975,75.22633107073358,75.32961564984336,75.43291769715174,75.53592250651316,75.63831537178203,75.73978158681277,75.84000644545982,75.93867524157758,76.03547326902049,76.13008582164296,76.22219819329943,76.31149567784432,76.39766356913204,76.48038716101699,76.55935174735367,76.63424262199644,76.70474507879973,76.77054441161798,76.83132591430558,76.88677488071698,76.93663237326098,76.98128776379073,77.02154868831711,77.05822975392029,77.09214556768043,77.1241107366777,77.15493986799225,77.18544756870425,77.21644844589386,77.24875710664128,77.2831881580266,77.32055620713007,77.36167586103178,77.40736172681193,77.45842841155068,77.51569052232819,77.57996266622465,77.65205945032017,77.73279548169495,77.82298536742915,77.9232350915525,78.03249381830074,78.14892062053201,78.27066970526076,78.3958952795014,78.52275155026837,78.64939272457607,78.77397300943898,78.89464661187145,79.00956773888798,79.11689059750296,79.21476939473081,79.30135833758598,79.37481163308289,79.43328348823596,79.47492811005961,79.49789970556827,79.50035248177639,79.48044064569838,79.43631840434867,79.3667516978434,79.27392954312785,79.16123096919675,79.032036199836,78.88972545883158,78.73767896996941,78.57927695703543,78.41789964381559,78.25692725409581,78.09974001166205,77.94971814030023,77.8102418637963,77.68469140593623,77.57644699050591,77.4888888412913,77.42539718207834,77.389352236653,77.38413422880114,77.41312338230878,77.47969992096182
69.33113307000826,69.28076177613772,69.23796886567267,69.20249015773223,69.17406147143546,69.1524186259015,69.13729744024941,69.1284337335983,69.12556332506725,69.12842203377538,69.13674567884178,69.15027007938552,69.16873105452574,69.1918644233815,69.2194060050719,69.25109161871605,69.28665708343304,69.32583821834196,69.36837084256192,69.413990775212,69.4624338459945,69.51344642547532,69.56680520507811,69.62229229482307,69.67968980473036,69.7387798448202,69.79934452511277,69.86116595562827,69.92402624638689,69.9877075074088,70.05199184871422,70.11666138032334,70.18149821225634,70.24628445453342,70.31080221717477,70.37483361020058,70.43816074363104,70.50056572748635,70.5618306717867,70.62173768655227,70.68006971782147,70.73674546008834,70.79196827204495,70.84597735666378,70.89901191691733,70.9513111557781,71.00311427621857,71.05466048121123,71.10618897372859,71.15793895674314,71.21014963322737,71.26306020615377,71.31690987849484,71.37193785322309,71.42838333331098,71.48648552173101,71.5464836214557,71.60861683545752,71.67312436670899,71.74024541818257,71.81021685430777,71.88313522693434,71.95887960341337,72.03731034275198,72.11828780395733,72.20167234603653,72.28732432799673,72.37510410884506,72.46487204758867,72.55648850323466,72.64981383479018,72.74470840126239,72.84103256165838,72.9386466749853,73.0374111002503,73.13718619646049,73.237832322623,73.33920983774502,73.44117910083362,73.54360047089597,73.64633392113139,73.74922772391263,73.85211662422701,73.95483461353109,74.05721568328138,74.15909382493442,74.26030302994673,74.36067728977484,74.46005059587532,74.55825693970463,74.65513031271936,74.75050470637602,74.84421411213114,74.93609252144124,75.02597392576286,75.11369231655253,75.19908168526679,75.28197602336215,75.36220932229517,75.43961557352235,75.51404647632462,75.58567162084665,75.6549355643304,75.72229193042395,75.78819434277537,75.85309642503273,75.91745180084412,75.9817140938576,76.04633692772127,76.11177392608319,76.17847871259143,76.24690491089407,76.3175061446392,76.39073603747485,76.46704821304917,76.54689629501016,76.63073390700595,76.7190146726846,76.81219221569415,76.91072015968274,77.01498882870337,77.12465268901681,77.23889145992109,77.35687694826484,77.47778096089672,77.60077530466538,77.72503178641941,77.84972221300748,77.97401839127824,78.09709212808032,78.21811523026236,78.33625950467297,78.45069675816083,78.56059879757458,78.66513742976284,78.76348446157424,78.85481169985745,78.93829095146108,79.0130940232338,79.07839272202423,79.13348240392597,79.17863961495462,79.21460880336834,79.24213729904031,79.26197243184373,79.27486153165182,79.28155192833773,79.2827909517747,79.2793259318359,79.27190419839454,79.2612730813238,79.24817991049687,79.23337201578695,79.21759672706726,79.20160137421095,79.18613328709127,79.17193979558137,79.15976822955446,79.15036591888372,79.14448019344238,79.14280608074887,79.1457459398718,79.15360038545533,79.16666992999058,79.18525508596866,79.2096563658807,79.24017428221782,79.27710934747111,79.32076207413172,79.37143297469078,79.42942256163936,79.4950313474686,79.56855984466964,79.65030856573358,79.74057802315154,79.83966872941465,79.947881197014,80.06551593844074,80.19287346618597,80.33025429274082
71.24569536798636,71.03679027915035,70.84114106733307,70.65857444497802,70.4889171245287,70.33199581842862,70.18763723912132,70.05566809905027,69.93591511065898,69.828204986391,69.7323644386898,69.64822017999892,69.57559892276183,69.51432737942207,69.46423226242314,69.42514028420855,69.3968781572218,69.37927259390642,69.3721503067059,69.37533800806376,69.38866228279018,69.41182259290356,69.44415273094597,69.484921141197,69.5333962679363,69.58884655544345,69.6505404479981,69.71774638987984,69.78973282536826,69.86576819874303,69.94512095428374,70.02705953626999,70.11085238898141,70.19576795669762,70.28107468369824,70.36604101426285,70.4499353926711,70.53202626320258,70.61158207013692,70.68787125775374,70.76016440652663,70.82807896142783,70.89195974148221,70.95224315503178,71.00936561041858,71.06376351598466,71.11587328007204,71.16613131102275,71.21497401717885,71.26283780688236,71.31015908847532,71.35737427029974,71.4049197606977,71.45323196801121,71.5027473005823,71.55390216675302,71.60713297486541,71.66287613326148,71.72156805028328,71.78364513427286,71.84953926693196,71.91941073154565,71.99299883385314,72.07000666647141,72.15013732201744,72.23309389310822,72.31857947236071,72.40629715239191,72.4959500258188,72.58724118525835,72.67987372332755,72.77355073264337,72.8679753058228,72.96285053548281,73.0578795142404,73.15276533471254,73.24721108951618,73.34091987126837,73.43359477258605,73.52493888608618,73.61466197775275,73.70267620427788,73.7891277072836,73.87417566231187,73.95797924490464,74.04069763060386,74.12248999495151,74.20351551348949,74.28393336175981,74.36390271530442,74.44358274966521,74.5231326403842,74.60271156300334,74.68247869306455,74.76259320610978,74.843214277681,74.9245010833202,75.00661279856928,75.08970859897019,75.17394766006493,75.25947920667319,75.34627382824947,75.43414759943362,75.5229115000957,75.61237651010585,75.70235360933408,75.79265377765053,75.88308799492525,75.97346724102833,76.06360249582987,76.15330473919995,76.24238495100865,76.33065411112604,76.41792319942222,76.50400319576728,76.58870508003126,76.6718398320843,76.75321843179644,76.8326518590378,76.90995109367843,76.98495367102372,77.05780583331416,77.1288529885549,77.19844386418045,77.26692718762531,77.33465168632408,77.40196608771127,77.46921911922139,77.53675950828897,77.60493598234855,77.6740972688347,77.74459209518189,77.8167691888247,77.89097727719762,77.9675650877352,78.04688134787197,78.12927478504251,78.21509412668125,78.30468810022283,78.3984054331017,78.49647844003842,78.59821492195478,78.70248180480023,78.80814329935889,78.91406361641491,79.01910696675243,79.12213756115558,79.22201961040851,79.3176173252953,79.40779491660011,79.49141659510708,79.56734657160037,79.63444905686406,79.6915882616823,79.73762839683921,79.77143367311895,79.79186830130566,79.79779649218342,79.78808245653643,79.76159040514877,79.71789762065454,79.66057152406687,79.59456668398205,79.52483906171473,79.45634461857965,79.3940393158915,79.34287911496502,79.30781997711487,79.29381786365575,79.30582873590238,79.34880855516947,79.42771328277173,79.54749888002384,79.7131213082405,79.92953652873645,80.20170050282637,80.53456919182496,80.9330985570469,81.40224455980696,81.94696316141979
70.83504485744042,70.57055479578926,70.33455730879969,70.12569436365031,69.94260792751977,69.78393996758673,69.64833245102983,69.53442734502771,69.44086661675901,69.36629223340238,69.30934616213645,69.26867037013987,69.24290682459129,69.23069749266935,69.23068434155269,69.24150933841995,69.26181445044978,69.29024164482082,69.32543288871172,69.36603014930112,69.41067564962403,69.45826644566387,69.50843262191526,69.56093526133625,69.61553544688492,69.67199426151929,69.73007278819743,69.78953210987741,69.85013330951726,69.91163747007505,69.97380567450882,70.03639900577666,70.09917854683657,70.16190538064664,70.22434059016494,70.28624525834948,70.34738046815835,70.40750730254959,70.46638684448126,70.52378017691142,70.57944931791656,70.63330812543067,70.68558886521829,70.73656389624725,70.78650557748539,70.83568626790053,70.88437832646053,70.93285411213324,70.98138598388648,71.0302463006881,71.07970742150594,71.13004170530785,71.18152151106165,71.23441919773518,71.28900712429629,71.34555764971282,71.40434313295262,71.4656359329835,71.52970840877335,71.59683291928995,71.66727836264623,71.74110598565805,71.81805517563089,71.89783763303062,71.98016505832312,72.06474915197427,72.15130161444996,72.23953414621604,72.32915844773842,72.41988621948296,72.51142916191553,72.60349897550203,72.69580736070832,72.7880660180003,72.87998664784381,72.97128095070474,73.061660627049,73.15083737734243,73.23852290205093,73.32442890164036,73.40827449447313,73.49000376980419,73.56982090688489,73.64794457304568,73.72459343561701,73.79998616192934,73.87434141931315,73.94787787509887,74.02081419661697,74.0933690511979,74.16576110617213,74.23820902887009,74.31093148662228,74.38414714675912,74.45807467661108,74.53293274350862,74.60894001478219,74.68631515776227,74.76527683977928,74.8460437281637,74.92882658663895,75.0136942933749,75.1005929993313,75.18946480882113,75.28025182615735,75.37289615565292,75.46733990162085,75.56352516837406,75.66139406022553,75.76088868148823,75.86195113647513,75.96452352949917,76.06854796487336,76.17396654691068,76.28072137992403,76.38875456822639,76.4980082161308,76.60842442795014,76.7199453079974,76.83251296058559,76.9460534117659,77.06030577779701,77.17488858797458,77.28941836181157,77.40351161882093,77.51678487851565,77.62885466040866,77.73933748401295,77.8478498688415,77.95400833440722,78.05742940022309,78.1577295858021,78.2545254106572,78.34743339430132,78.43607005624746,78.5200519160086,78.59899549309766,78.6725173070276,78.74023387731141,78.80176172346204,78.85675461472282,78.90516214618388,78.94707498407168,78.98258466341098,79.0117827192265,79.03476068654307,79.05161010038547,79.06242249577845,79.06728940774677,79.06630237131527,79.05955292150865,79.04713259335172,79.02913292186928,79.00564544208605,78.97676168902687,78.94257319771644,78.90317150317962,78.8586481404411,78.80909464452573,78.75460255045822,78.69544700212181,78.6329305640625,78.56871297743369,78.50445434199982,78.44181475752534,78.38245432377472,78.3280331405124,78.28021130750285,78.2406489245105,78.21100609129981,78.19294290763524,78.18811947328122,78.19819588800222,78.22483225156269,78.26968866372705,78.33442522425982,78.42070203292538,78.53017918948824,78.66451679371282,78.82537494536358
70.38325922995615,70.18498464140818,70.00206556835617,69.83416823191364,69.68095885319406,69.54210365331093,69.41726885337776,69.30612067450805,69.20832533781528,69.12354906441297,69.0514580754146,68.99171859193368,68.94399683508368,68.90795902597813,68.88327138573052,68.86960013545435,68.8666114962631,68.87397168927028,68.8913469355894,68.91840345633392,68.95480738533219,69.00013792036287,69.05372418713425,69.11485062133708,69.18280165866219,69.25686173480031,69.33631528544227,69.42044674627884,69.5085405530008,69.59988114129895,69.69375294686407,69.78944040538694,69.88622795255834,69.98340002406908,70.08024105560993,70.17603548287167,70.2700677415451,70.361622267321,70.44998349589015,70.53443586294334,70.61426597952283,70.68911367936548,70.75935950338302,70.82547726068135,70.8879407603664,70.94722381154409,71.00380022332031,71.05814380480099,71.11072836509204,71.16202771329938,71.2125156585289,71.26266600988654,71.31295257647821,71.36384916740981,71.41582959178727,71.4693676587165,71.52493717730339,71.58301195665388,71.64406580587388,71.70857253406929,71.77700091872805,71.84951784025941,71.92582223860055,72.00557280074487,72.08842821368577,72.17404716441663,72.26208833993086,72.35221042722182,72.44407211328291,72.53733208510754,72.63164902968906,72.72668163402089,72.82208858509641,72.91752856990902,73.01266027545209,73.10714238871903,73.2006335967032,73.29279258639802,73.38327804479688,73.47174865889315,73.55787239447741,73.64159862586163,73.72320206518458,73.8029755472358,73.88121190680485,73.9582039786813,74.03424459765469,74.1096265985146,74.18464281605057,74.25958608505218,74.33474924030897,74.4104251166105,74.48690654874632,74.56448637150602,74.64345741967912,74.7241125280552,74.80674453142382,74.89164626457452,74.97911056229688,75.06943025938044,75.16288239120577,75.25946036216297,75.3589122434192,75.46097801684412,75.56539766430747,75.67191116767893,75.78025850882824,75.89017966962508,76.00141463193917,76.11370337764022,76.22678588859792,76.34040214668201,76.45429213376217,76.56819583170811,76.68185322238955,76.79500428767616,76.90738900943771,77.01874736954385,77.12881934986433,77.23734493226884,77.34407977383191,77.44896175588417,77.55204632379244,77.65339088232413,77.75305283624667,77.85108959032745,77.94755854933393,78.04251711803352,78.13602270119361,78.22813270358165,78.31890452996504,78.40839558511121,78.49666327378758,78.58376500076156,78.66975817080058,78.75470018867205,78.8386484591434,78.92166038698203,79.00379337695537,79.08510483383084,79.1655941560498,79.2448000737382,79.32204163708742,79.39663654337164,79.46790248986501,79.5351571738417,79.59771829257588,79.65490354334172,79.70603062341337,79.75041723006501,79.7873810605708,79.81623981220491,79.8363111822415,79.84691286795474,79.84736256661878,79.83697797550782,79.815076791896,79.7809767130575,79.73399543626647,79.67345065879708,79.59918120843074,79.51394200455678,79.42150172825443,79.32563007843586,79.23009675401335,79.13867145389911,79.05512387700534,78.9832237222443,78.92674068852821,78.88944447476928,78.87510477987975,78.88749130277183,78.93037374235777,79.00752179754978,79.1227051672601,79.27969355040092,79.48225664588452,79.73416415262307,80.03918576952883,80.40109119551403
71.62086782496314,71.21768766413604,70.85631022284744,70.53471834717281,70.25089488318768,70.00282267696751,69.78848457458778,69.60586342212399,69.45294206565161,69.32770335124616,69.22813012498308,69.15220523293789,69.09791152118608,69.06323183580311,69.04614902286448,69.04464592844569,69.05670539862221,69.08031027946954,69.11344341706317,69.15408765747856,69.20022625573718,69.2502497770502,69.30372041684306,69.3604097508797,69.42008935492407,69.4825308047401,69.54750567609172,69.61478554474287,69.68414198645749,69.75534657699953,69.8281708921329,69.90238650762154,69.97776499922942,70.05407794272044,70.13109691385856,70.20859348840769,70.2863392421318,70.3641057507948,70.44166459016064,70.51878733599327,70.59524602197487,70.67088703626979,70.74571268821943,70.81974492041188,70.89300567543518,70.96551689587739,71.0373005243266,71.10837850337084,71.17877277559819,71.2485052835967,71.31759796995445,71.38607277725947,71.45395164809983,71.52125652506362,71.58800935073886,71.65423206771364,71.719946618576,71.78517494591402,71.84993899231576,71.91426070036927,71.97816282414415,72.04171680660261,72.10506955849036,72.16837448240545,72.23178498094595,72.2954544567099,72.35953631229538,72.42418395030043,72.48955077332313,72.5557901839615,72.62305558481366,72.69150037847761,72.76127796755144,72.83254175463318,72.90544514232093,72.98014153321272,73.0567843299066,73.13552693500066,73.21652275109294,73.29992518078149,73.38588458742731,73.47445916002985,73.56560052433902,73.65925437009484,73.75536638703733,73.8538822649065,73.95474769344241,74.05790836238505,74.16330996147445,74.27089818045064,74.38061870905364,74.49241723702347,74.60623945410016,74.72203105002372,74.8397377145342,74.95930513737157,75.08067900827594,75.20380501698723,75.32862885324555,75.45509620679088,75.58314094678131,75.71248473928854,75.84266570038822,75.97321589401814,76.1036673841161,76.23355223461981,76.36240250946707,76.48975027259567,76.61512758794336,76.73806651944793,76.85809913104714,76.97475748667874,77.0875736502805,77.19607968579025,77.2998076571457,77.39828962828464,77.49105766314487,77.57764382566411,77.65758017978017,77.7303987894308,77.79568661743149,77.85366882605133,77.90498231914229,77.9502708629161,77.9901782235845,78.02534816735918,78.05642446045188,78.08405086907432,78.10887115943821,78.13152909775529,78.15266845023724,78.1729329830958,78.19296646254271,78.21341265478968,78.23491532604841,78.25811824253064,78.28366517044809,78.31219987601246,78.34436612543549,78.38080768492888,78.42205680172488,78.46776007378436,78.51714175751037,78.56942350828011,78.62382698147091,78.67957383245998,78.73588571662465,78.7919842893421,78.84709120598966,78.90042812194459,78.95121669258411,78.99867857328552,79.04203541942609,79.08050888638307,79.11332062953373,79.13969230425535,79.15884556592515,79.17000206992044,79.17238347161849,79.16521142639651,79.14819711511883,79.12379095794718,79.09539565509222,79.06641486286917,79.04025223759318,79.02031143557939,79.009996113143,79.01270992659913,79.031856532263,79.07083958644974,79.1330627454745,79.2219296656525,79.34084400329887,79.49320941472875,79.68242955625736,79.91190808419982,80.18504865487135,80.50525492458705,80.87593054966213,81.30047918641172
70.09404635492368,69.9529456517579,69.82581669594018,69.71210215693353,69.61124470420097,69.52268700720556,69.44587173541034,69.38024155827833,69.32523914527258,69.2803071658561,69.24488828949195,69.21842518564317,69.20036052377279,69.19013697334384,69.18719720381935,69.19098388466236,69.20093968533592,69.21650727530306,69.2371293240268,69.2622485009702,69.29130757435354,69.32384767462287,69.35969287175915,69.39871779945784,69.44079709141435,69.48580538132413,69.53361730288259,69.58410748978514,69.63715057572725,69.6926211944043,69.75039397951177,69.81034356474504,69.87234458379959,69.9362716703708,70.00199945815413,70.06940258084498,70.1383556721388,70.208733365731,70.28041029531704,70.35326109459231,70.42716041199346,70.50198528955855,70.57761778870233,70.65394060286827,70.73083642549989,70.8081879500406,70.88587786993394,70.96378887862335,71.04180366955228,71.11980493616426,71.1976753719027,71.27529767021116,71.35255452453303,71.42932862831184,71.50550267499104,71.5809593580141,71.6555813708245,71.72925140686574,71.80185215958127,71.87326632241457,71.94337822742797,72.01217052381618,72.07977825232904,72.14634956266731,72.21203260453183,72.27697552762338,72.34132648164277,72.40523361629081,72.46884508126831,72.53230902627605,72.59577360101486,72.65938695518551,72.72329723848883,72.7876526006256,72.85260119129666,72.91829116020277,72.98487065704475,73.05248783152342,73.12129083333957,73.191427812194,73.2630447196947,73.3362208434163,73.41095840030437,73.4872553141545,73.56510950876225,73.6445189079232,73.72548143543293,73.80799501508702,73.89205757068103,73.97766702601055,74.06482130487116,74.15351833105842,74.24375602836793,74.33553232059523,74.42884513153592,74.52369238498558,74.62007200473978,74.7179819145941,74.8174200383441,74.91838429978537,75.02086981962293,75.12482139748023,75.23014030659066,75.33672638500519,75.44447947077487,75.55329940195067,75.66308601658363,75.77373915272473,75.885158648425,75.99724434173545,76.10989607070708,76.22301367339091,76.33649698783792,76.45024585209914,76.56416010422559,76.67813958226826,76.79208412427816,76.9058935683063,77.0194677524037,77.13270651462135,77.2454963625442,77.35756883708923,77.4685555006779,77.57808624942344,77.68579097943906,77.79129958683802,77.8942419677335,77.99424801823875,78.090947634467,78.18397071253145,78.27294714854534,78.35750683862193,78.43727967887438,78.51189556541593,78.5809843943598,78.64417606181925,78.7011004639075,78.75138749673772,78.79466705642321,78.83056903907712,78.85875051572404,78.87908437213608,78.89154641014895,78.89611306541548,78.89276077358855,78.88146597032102,78.86220509126576,78.83495457207562,78.79969084840343,78.75639035590211,78.7050295302245,78.64558480702345,78.57803262195182,78.50234941066248,78.41851160880827,78.3264956520421,78.22627797601677,78.11783501638519,78.00114320880019,77.87617898891466,77.74362010497622,77.60806864231064,77.47549095840078,77.35185478048058,77.24312783578401,77.15527785154507,77.09427255499772,77.06607967337594,77.07666693391367,77.13200206384494,77.23805279040369,77.4007868408239,77.62617194233952,77.92017582218458,78.288766207593,78.73791082579882,79.27357740403593,79.90173366953832,80.62834734954001,81.45938617127496
69.17641325527995,69.30324565529496,69.41158095987797,69.50279866134032,69.57827825199341,69.63939922414856,69.68754107011715,69.72408328221053,69.75040535274005,69.76788677401709,69.77790703835298,69.78184563805911,69.78108206544681,69.77699581282745,69.77096637251239,69.76437323681299,69.7585958980406,69.7550138485066,69.7550065805223,69.7599535863991,69.77123392458249,69.78979452310412,69.81533928425729,69.84734997100605,69.8853083463145,69.92869617314672,69.97699521446678,70.02968723323877,70.08625399242678,70.14617725499487,70.20893878390713,70.27402034212764,70.34090369262047,70.40907059834973,70.47800282227949,70.54718212737382,70.6160902765968,70.68420903291252,70.75102015928506,70.8160054186785,70.87864803534103,70.93866850952548,70.99628490871865,71.05177795296277,71.10542836230009,71.15751685677289,71.20832415642342,71.25813098129395,71.30721805142672,71.355866086864,71.40435580764805,71.45296793382111,71.50198318542549,71.55168228250339,71.60234594509711,71.65425489324889,71.70768984700099,71.76293152639568,71.82026065147521,71.87995794228183,71.94230157315715,72.00741697640214,72.0751928341549,72.14549746294811,72.21819917931445,72.29316629978658,72.37026714089718,72.44937001917893,72.5303432511645,72.61305515338657,72.69737404237782,72.78316823467092,72.87030604679856,72.95865579529341,73.04808579668813,73.1384643675154,73.22965982430792,73.32154048359834,73.41397466191935,73.50683067580363,73.59997901045246,73.69335592272024,73.78697370840499,73.88084889898556,73.97499802594089,74.06943762074985,74.16418421489136,74.25925433984433,74.35466452708764,74.45043130810019,74.54657121436087,74.64310077734861,74.74003652854228,74.8373949994208,74.93519272146305,75.03344622614794,75.13217204495439,75.23138670936126,75.33110675084748,75.43134870089193,75.53212360204384,75.63334395958667,75.73483704670373,75.83642732624632,75.93793926106574,76.0391973140133,76.14002594794027,76.240249625698,76.33969281013775,76.43817996411083,76.53553555046855,76.63158403206222,76.72614987174312,76.81905753236256,76.91013147677184,76.99919616782226,77.08607606836513,77.17059564125175,77.2525793493334,77.3318516554614,77.40826111919,77.48193642424516,77.55318697962497,77.62232520641535,77.68966352570223,77.75551435857156,77.82019012610925,77.88400324940125,77.9472661495335,78.01029124759191,78.07339096466242,78.13687772183101,78.20106394018356,78.266262040806,78.3327844447843,78.40094357320439,78.47105184715218,78.54342168771362,78.61836551597463,78.69619575302116,78.77710238451249,78.86030305178667,78.94455171216075,79.02859946731496,79.11119741892958,79.19109666868482,79.26704831826098,79.33780346933827,79.40211322359698,79.45872868271732,79.50640094837959,79.54388112226405,79.5699203060509,79.58326960142043,79.5826801100529,79.56690293362854,79.53468917382762,79.48478993233036,79.41595631081705,79.32693941096795,79.21740907404629,79.09217613527079,78.95783866545528,78.8209965298268,78.68824959361237,78.56619772203902,78.46144078033379,78.38057863372373,78.33021114743582,78.31693818669714,78.3473596167347,78.42807530277557,78.56568511004673,78.76678890377525,79.03798654918816,79.38587791151247,79.81706285597525,80.33814124780349,80.95571295222427,81.6763778344646
71.53427066223577,71.25132087733952,70.99395803926012,70.76115103993817,70.55186877131429,70.3650801253291,70.19975399392322,70.05485926903727,69.92936484261186,69.82223960658763,69.73245245290519,69.65897227350514,69.60076796032814,69.55680840531477,69.52606250040566,69.50749913754143,69.50008720866272,69.50279560571012,69.51459322062425,69.53444894534576,69.56133180018107,69.59433865779879,69.6329341589576,69.67664866771875,69.72501254814355,69.77755616429326,69.8338098802292,69.89330406001262,69.95556906770483,70.0201352673671,70.08653302306071,70.15429269884697,70.22294465878716,70.29201926694255,70.36104688737443,70.42955788414409,70.49708262131281,70.56315146294189,70.62729477309259,70.68904291582622,70.74792783465477,70.80373793640132,70.85679943085987,70.90750624677419,70.95625231288803,71.00343155794515,71.04943791068929,71.09466529986422,71.13950765421367,71.18435890248142,71.22961297341121,71.27566379574678,71.3229052982319,71.37173140961033,71.42253605862581,71.47571317402209,71.53165668454292,71.59076051893209,71.6534186059333,71.72002487429033,71.79096857874023,71.86635853361823,71.94586887063664,72.02913632945426,72.11579764972983,72.20548957112213,72.2978488332899,72.39251217589195,72.48911633858702,72.58729806103386,72.68669408289128,72.786941143818,72.8876759834728,72.98853534151446,73.08915595760175,73.1891745713934,73.2882279225482,73.38595275072491,73.48198579558232,73.57596379677915,73.66753200916916,73.75659393750325,73.84335165055562,73.92802384834064,74.0108292308727,74.09198649816616,74.1717143502354,74.25023148709481,74.32775660875873,74.40450841524155,74.48070560655765,74.55656688272137,74.63231094374711,74.70815648964926,74.78432222044215,74.86102683614018,74.93848903675774,75.01692752230917,75.09656099280886,75.17760814827118,75.26027794509338,75.34460442225843,75.43047031986278,75.51775338927098,75.60633138184753,75.69608204895695,75.7868831419638,75.87861241223256,75.97114761112776,76.06436649001395,76.15814680025562,76.25236629321732,76.34690272026354,76.44163383275884,76.53643738206772,76.63119111955469,76.7257727965843,76.82006016452105,76.9139309747295,77.00726297857412,77.09993065996451,77.19177051864646,77.28259454845366,77.37221433478787,77.46044146305093,77.54708751864462,77.63196408697074,77.71488275343111,77.79565510342753,77.8740927223618,77.9500071956357,78.02321010865107,78.09351304680969,78.16072759551338,78.22466534016391,78.28513786616311,78.34195675891277,78.3949336038147,78.4438799862707,78.48860749168257,78.52902241841556,78.5657832459206,78.59990714793292,78.63241350723644,78.66432170661507,78.69665112885275,78.7304211567334,78.76665117304096,78.80636056055931,78.85056870207242,78.9002949803642,78.95655877821856,79.02037947841944,79.09277646375077,79.17476911699646,79.26737682094043,79.37161895836661,79.48851491205893,79.61908406480131,79.76434579937768,79.92499263095584,80.09988802056257,80.28725956956521,80.48533424091772,80.69233899757414,80.90650080248844,81.12604661861462,81.34920340890666,81.57419813631859,81.79925776380439,82.02260925431806,82.24247957081359,82.45709567624496,82.6646845335662,82.86347310573132,83.05168835569427,83.22755724640906,83.3893067408297,83.53516380191019,83.6633553926045
69.85592429911215,69.74914831729404,69.65196100803152,69.56410560684441,69.4853253492526,69.41536347077594,69.35396320693432,69.30086779324759,69.2558204652356,69.21856445841824,69.18884300831536,69.16639935044684,69.15097672033254,69.14231835349233,69.14016748544606,69.14426735171361,69.15436118781483,69.17019222926962,69.1915037115978,69.21803887031928,69.249540919657,69.28573186212763,69.32627268464682,69.37081347012057,69.41900430145485,69.47049526155566,69.52493643332897,69.58197789968078,69.64126974351707,69.70246204774382,69.76520489526703,69.82914836899268,69.89394255182674,69.95923752667522,70.0246833764441,70.08993018403935,70.15462803236697,70.21842700433295,70.28097718284326,70.3419286508039,70.40093272501191,70.45784107532728,70.51292551152014,70.56651074644039,70.6189214929379,70.67048246386258,70.72151837206431,70.77235393039298,70.82331385169849,70.8747228488307,70.92690563463951,70.98018692197483,71.03489142368653,71.0913438526245,71.14986892163863,71.2107913435788,71.27443583129492,71.34112709763687,71.41118985545452,71.48494881759778,71.56272467660182,71.64459690611898,71.73027109053318,71.81942065171066,71.91171901151762,72.00683959182031,72.10445581448495,72.20424110137776,72.30586887436496,72.40901255531277,72.51334556608741,72.61854132855512,72.72427326458214,72.83021479603464,72.93603934477889,73.04142033268108,73.14603118160747,73.24954531342426,73.35163614999769,73.45197711319396,73.55024892443751,73.64635368706654,73.74044944517888,73.83270849982196,73.92330315204327,74.01240570289025,74.10018845341035,74.18682370465105,74.27248375765978,74.35734091348401,74.44156747317119,74.52533573776877,74.6088180083242,74.69218658588497,74.77561377149851,74.85927186621228,74.94333317107373,75.02796998713033,75.11335461542953,75.19965935701877,75.28704872922513,75.37554751602728,75.46505963579365,75.55548502162787,75.64672360663354,75.73867532391428,75.8312401065737,75.92431788771545,76.01780860044313,76.11161217786034,76.20562855307071,76.29975765917787,76.3938994292854,76.48795379649695,76.58182069391613,76.67540005464654,76.76859181179182,76.86129589845557,76.9534122477414,77.04484079275295,77.13547296894454,77.22510142659776,77.31345508362463,77.40026179573103,77.4852494186228,77.56814580800587,77.64867881958607,77.72657630906929,77.8015661321614,77.87337614456827,77.94173420199577,78.00636816014979,78.06700587473618,78.12337520146083,78.17520399602961,78.22222011414837,78.26415141152303,78.30072574385943,78.33167096686344,78.35671493624095,78.37569034344598,78.38926245304633,78.39849356062103,78.4044484068978,78.40819173260431,78.41078827846827,78.4133027852174,78.41679999357936,78.42234464428188,78.43100147805265,78.44383523561936,78.46191065770972,78.48629248505142,78.51804545837216,78.55823431839966,78.60792380586157,78.66817866148564,78.74006362599955,78.82464344013098,78.92298284460766,79.03566043423986,79.16053447560856,79.2945175295648,79.43452120745584,79.57745712062898,79.72023688043147,79.8597720982106,79.99297438531363,80.11675535308785,80.22802661288056,80.32369977603898,80.40068645391042,80.45589825784216,80.48624679918147,80.48864368927562,80.46000053947189,80.39722896111755,80.2972405655599,80.15694696414619,79.9732597682237
70.83375291957444,70.65819031691169,70.49561618826391,70.34567359352123,70.20800559257381,70.08225524531179,69.9680656116253,69.86507975140452,69.77294072453958,69.69129159092061,69.61977541043778,69.55803524298123,69.5057141484411,69.46245518670754,69.42790141767071,69.40169590122073,69.38348169724777,69.37290186564196,69.36959946629345,69.3732175590924,69.38339921921826,69.39980275002206,69.42213025878199,69.45009168091262,69.4833969518285,69.52175600694417,69.56487878167424,69.61247521143324,69.66425523163572,69.71992877769628,69.77920578502945,69.84179618904982,69.90740992517192,69.97575692881033,70.04654713537961,70.11949048029432,70.19429689896901,70.27067632681828,70.34833869925664,70.4269939516987,70.50635244462951,70.58619355936105,70.66644141371974,70.74703835043088,70.8279267122198,70.90904884181181,70.99034708193219,71.07176377530627,71.15324126465933,71.23472189271668,71.31614800220365,71.39746193584551,71.47860603636761,71.55952264649521,71.64015410895364,71.72044276646821,71.8003309617642,71.87976103756694,71.95867533660173,72.03701620159386,72.11472711189187,72.19181974423735,72.2684114813312,72.34462879886001,72.42059817251042,72.49644607796907,72.57229899092253,72.64828338705748,72.72452574206048,72.8011525316182,72.87829023141724,72.95606531714422,73.03460426448578,73.11403354912851,73.19447964675906,73.27606903306403,73.35892818373006,73.44318357444375,73.52896168089173,73.61638897876063,73.7055890565484,73.79659793973485,73.88935042174775,73.98377565697459,74.07980279980285,74.17736100462001,74.27637942581354,74.37678721777094,74.47851353487968,74.58148753152723,74.68563836210109,74.79089518098871,74.89718714257761,75.00444340125524,75.11259311140908,75.22156542742663,75.33128950369536,75.44169449460273,75.55270955453625,75.66426383788338,75.7762799890833,75.88856378598341,76.00081991995395,76.11274974927166,76.22405463221322,76.33443592705538,76.44359499207485,76.55123318554836,76.65705186575263,76.76075239096438,76.86203611946031,76.9606044095172,77.05615861941169,77.14840010742056,77.2370302318205,77.32175035088822,77.4022618229005,77.478266006134,77.54946425886548,77.61555793937164,77.67629410863483,77.73195112159033,77.78315010346553,77.83051789232613,77.87468132623776,77.91626724326609,77.95590248147676,77.9942138789354,78.0318282737077,78.06937250385927,78.1074734074558,78.14675782256293,78.18785258724631,78.23138453957158,78.2779805176044,78.32826735941042,78.3828719030553,78.44242098660467,78.50754144812421,78.57886012567955,78.65688260762677,78.74115155459903,78.83075043372294,78.92475988414351,79.02226054500576,79.12233305545473,79.22405805463545,79.32651618169291,79.42878807577216,79.52995437601821,79.62909572157608,79.7252927515908,79.81762610520738,79.90517642157087,79.98702433982626,80.0622504991186,80.12993553859292,80.1891600973942,80.2390048146675,80.27855032955782,80.30724319482121,80.32657750715046,80.33875917955974,80.34599483973834,80.35049111537543,80.35445463416029,80.36009202378214,80.36960991193023,80.38521492629376,80.409113694562,80.44351284442415,80.49061900356946,80.55263879968717,80.63177886046653,80.73024581359674,80.85024628676706,80.99398690766671,81.16367430398492,81.36151510341094,81.589715933634
71.0349645146158,70.62226792170907,70.25612717413935,69.93422378488367,69.65423926691909,69.41385513322268,69.21075289677151,69.04261407054263,68.90712016751309,68.80195270065995,68.72479318296028,68.67332312739114,68.6452240469296,68.6381774545527,68.64986486323751,68.67796778596109,68.72016773570049,68.77414622543277,68.83758476813502,68.90816487678427,68.98356852977076,69.06194125701458,69.14276199720385,69.22574798057614,69.31061643736908,69.39708459782021,69.48486969216715,69.5736889506475,69.6632596034988,69.7532988809587,69.84352401326476,69.93365223065456,70.02340076336573,70.11248684163581,70.20062769570242,70.28754055580315,70.37294265217558,70.4565512150573,70.53808347468592,70.61725666129901,70.69378901100438,70.76756208808776,70.83879995564672,70.90776980346475,70.97473882132536,71.03997419901204,71.10374312630827,71.16631279299759,71.22795038886346,71.2889231036894,71.3494981272589,71.40994264935544,71.47052385976257,71.53150894826373,71.59316510464244,71.6557595186822,71.71955938016653,71.78483187887889,71.85184420460278,71.92086354712173,71.99215389002096,72.06578684499068,72.14153584728373,72.21914868256695,72.29837313650721,72.37895699477134,72.46064804302621,72.54319406693864,72.62634285217547,72.70984218440358,72.7934398492898,72.87688363250096,72.95992131970395,73.04230069656558,73.1237695487527,73.20407566193218,73.28296682177086,73.36019081393556,73.43549542409315,73.50862843791049,73.57934808002722,73.64772916955572,73.71421254209304,73.77925942185497,73.84333103305737,73.90688859991603,73.97039334664682,74.03430649746554,74.099089276588,74.16520290823007,74.23310861660755,74.30326762593629,74.37614116043207,74.45219044431076,74.53187670178818,74.61566115708013,74.70400503440247,74.79736955797101,74.89621595200157,75.00100544071,75.11216650827623,75.22953988975634,75.35245793292943,75.48023622267623,75.61219034387746,75.74763588141387,75.88588842016622,76.02626354501521,76.1680768408416,76.31064389252612,76.4532802849495,76.59530160299246,76.73602343153578,76.87476135546015,77.01083095964634,77.14354782897507,77.2722275483271,77.39618570258313,77.51473787662391,77.62719965533019,77.73294229649143,77.83198425546128,77.92476153440889,78.01171709461708,78.09329389736864,78.16993490394636,78.242083075633,78.31018137371142,78.37467275946433,78.43600019417455,78.49460663912488,78.55093505559812,78.605428404877,78.65852964824437,78.71068174698301,78.76232766237568,78.8139103557052,78.86587278825435,78.91865792130592,78.97270871614266,79.02836455853016,79.08514226948436,79.14216641172119,79.19855913220105,79.25344257788426,79.30593889573122,79.35517023270232,79.40025873575793,79.44032655185843,79.47449582796422,79.50188871103565,79.52162734803308,79.53283388591693,79.53463047164756,79.52613925218536,79.50648237449069,79.47478198552393,79.43016023224548,79.3717392616157,79.29864122059497,79.2106653064631,79.11139928908825,79.00574801278812,78.89861764424425,78.79491435013823,78.69954429715169,78.61741365196617,78.5534285812633,78.51249525172464,78.49951983003182,78.51940848286635,78.57706737690988,78.67740267884396,78.82532055535019,79.02572717311018,79.28352869880548,79.60363129911774,79.99094114072845,80.45036439031928,80.98680721457178
69.39317745448467,69.39151673755737,69.3899564119781,69.38865416901243,69.3877676999259,69.38745469598409,69.38787284845256,69.38917984859685,69.39153338768256,69.39509115697521,69.4000108477404,69.40645015124366,69.41456675875057,69.4245183615267,69.43646265083757,69.45055731794878,69.46696005412589,69.48582855063444,69.50732049874001,69.53159358970817,69.55880545599216,69.58905515300941,69.62227323898074,69.65836016023708,69.6972163631093,69.73874229392834,69.7828383990251,69.82940512473046,69.87834291737535,69.92955222329067,69.98293348880732,70.03838716025622,70.09581368396827,70.15511350627438,70.21618707350544,70.27893483199237,70.34325722806607,70.40905470805745,70.47622771829742,70.54467670511688,70.61430203114911,70.68499046862408,70.75660029072746,70.82898618210889,70.90200282741797,70.97550491130434,71.04934711841761,71.12338413340741,71.19747064092337,71.27146132561508,71.34521087213218,71.41857396512431,71.49140528924106,71.56355952913206,71.63489136944695,71.70525549483534,71.77450658994684,71.84249933943109,71.9090884279377,71.9741285401163,72.03747743237554,72.09917716666641,72.15955547853049,72.21896467758168,72.27775707343389,72.33628497570099,72.39490069399689,72.45395653793547,72.51380481713065,72.5747978411963,72.63728791974633,72.70162736239462,72.76816847875509,72.83726357844161,72.9092649710681,72.98452496624843,73.0633958735965,73.14623000272623,73.2333796632515,73.32519716478619,73.4220215705152,73.52379020426893,73.62997593696099,73.7400257675733,73.85338669508782,73.96950571848652,74.08782983675134,74.20780604886423,74.32888135380715,74.45050275056204,74.57211723811086,74.69317181543558,74.81311348151812,74.93138923534045,75.04744607588452,75.1607310021323,75.2706910130657,75.37677310766672,75.47842428491728,75.57509154379935,75.66625391309894,75.75196542064498,75.83277745306411,75.9092577962427,75.98197423606707,76.05149455842363,76.11838654919869,76.1832179942786,76.24655667954976,76.30897039089847,76.37102691421111,76.43329403537405,76.49633954027361,76.56073121479618,76.62703684482808,76.69582421625569,76.76766111496534,76.8431153268434,76.92275463777622,77.00714683365017,77.09678507781818,77.19129504668267,77.2897427476456,77.3911848602923,77.49467806420807,77.59927903897824,77.70404446418813,77.80803101942304,77.91029538426831,78.00989423830923,78.10588426113112,78.19732213231931,78.28326453145911,78.36276813813583,78.43488963193481,78.49868569244133,78.55321299924073,78.59752823191832,78.63068807005942,78.65174919324933,78.66000501657562,78.65662903532434,78.64369130284975,78.62326739403385,78.59743288375869,78.56826334690628,78.53783435835864,78.50822149299779,78.48150032570575,78.45974643136455,78.44503538485618,78.43944276106271,78.44504413486611,78.46391508114843,78.49813117479167,78.54976799067786,78.62090110368904,78.7136060887072,78.82995852061437,78.97203397429257,79.14088842561955,79.33187247713857,79.5383532927049,79.75369604476948,79.97126590578328,80.18442804819726,80.38654764446237,80.57098986702954,80.73111988834977,80.86030288087397,80.95190401705314,80.99928846933821,80.99582141018014,80.9348680120299,80.80979344733841,80.61396288855666,80.3407415081356,79.98349447852618,79.53558697217935,78.99038416154607
70.71247553830474,70.54887894742562,70.39318482166918,70.24556156023216,70.10617756231132,69.97520122710337,69.85280095380507,69.73914514161316,69.63440218972437,69.53874049733544,69.45232846364313,69.37533448784416,69.30792696913527,69.25027430671322,69.20254489977474,69.16490714751656,69.13752944913543,69.12058020382808,69.11422781079128,69.11864066922175,69.13398695945357,69.16021687461473,69.1966535663218,69.24250812851105,69.29699165511877,69.35931524008129,69.42868997733487,69.50432696081583,69.58543728446047,69.67123204220506,69.76092232798594,69.85371923573936,69.94883385940166,70.0454772929091,70.142860630198,70.24019496520467,70.33669139186536,70.43156100411642,70.5240148958941,70.61326416113474,70.69852203861204,70.77935003507831,70.85603997443253,70.92897564047875,70.99854081702102,71.06511928786337,71.12909483680983,71.19085124766444,71.25077230423125,71.30924179031429,71.3666434897176,71.42336118624523,71.47977866370123,71.53627970588958,71.59324809661439,71.65106761967965,71.71012205888943,71.77079519804775,71.83347082095865,71.89853271142618,71.96636067299725,72.03709569379137,72.1105085980156,72.18633836781997,72.26432398535454,72.34420443276936,72.4257186922145,72.50860574584001,72.59260457579595,72.67745416423234,72.76289349329927,72.84866154514678,72.93449730192494,73.02013974578378,73.10532785887338,73.18980062334377,73.27329702134502,73.35555603502716,73.43631664654029,73.51531783803443,73.59230816094811,73.6673263852967,73.74074680427253,73.81296240108446,73.88436615894138,73.9553510610521,74.02631009062551,74.09763623087048,74.16972246499586,74.24296177621052,74.31774714772331,74.39447156274312,74.47352800447878,74.55530945613918,74.64020890093317,74.72861932206962,74.82093370275739,74.91754502620533,75.01884627562232,75.12523043421723,75.2370585792749,75.35411901293263,75.47570460213987,75.601091878013,75.72955737166839,75.86037761422243,75.99282913679149,76.12618847049194,76.25973214644014,76.3927366957525,76.52447864954537,76.65423453893514,76.78128089503817,76.90489424897085,77.02435113184954,77.13892807479063,77.24790160891048,77.35054826532549,77.446144575152,77.53396706950642,77.6133768022825,77.68471740466136,77.74896642865458,77.80711199162097,77.8601422109193,77.90904520390838,77.95480908794698,77.99842198039389,78.0408719986079,78.08314725994781,78.12623588177239,78.17112598144044,78.21880567631074,78.27026308374207,78.32648632109324,78.38846350572301,78.4571827549902,78.53363218625357,78.61879991687192,78.71367406420404,78.81902722885602,78.93392044398682,79.05659854374157,79.18530133563556,79.31826862718411,79.45374022590251,79.58995593930608,79.72515557491012,79.85757894022994,79.98546584278085,80.10705609007815,80.22058948963715,80.32430584897314,80.41644497560145,80.49524667703737,80.55895076079621,80.60579703439329,80.6340253053439,80.64187538116335,80.62758706936694,80.5902840309593,80.53403570867718,80.4646309164983,80.38786019467665,80.3095140834663,80.23538312312127,80.1712578538956,80.12292881604333,80.09618654981847,80.09682159547508,80.13062449326718,80.20338578344881,80.320896006274,80.48894570199678,80.7133254108712,80.99982567315129,81.3542370290911,81.7823500189446,82.2899551829659,82.882843061409
69.1310597335469,69.17134307336816,69.20338096266197,69.22800488095791,69.2460463077856,69.25833672267468,69.26570760515476,69.26899043475544,69.26901669100636,69.26661785343711,69.26262540157732,69.2578708149566,69.25318557310459,69.24940115555088,69.24734904182509,69.24786071145685,69.25176764397577,69.25990131891146,69.27309321579355,69.29217481415164,69.3179772823193,69.35102183736534,69.39093811967825,69.43719643726946,69.4892670981504,69.54662041033252,69.60872668182724,69.67505622064596,69.74507933480014,69.8182663323012,69.8940875211606,69.97201320938973,70.05151370500003,70.13205931600295,70.21312035040991,70.29416711623232,70.37466992148164,70.45409907416928,70.53192488230668,70.60761765390527,70.68064926454146,70.7507461231547,70.81816839455901,70.8832434529167,70.94629867239013,71.00766142714166,71.06765909133361,71.12661903912836,71.18486864468822,71.24273528217559,71.30054632575276,71.35862914958213,71.41731112782603,71.47691963464678,71.53778204420675,71.6002257306683,71.66457806819378,71.73116643094549,71.80031819308584,71.87236072877714,71.94761741315251,72.0261716795916,72.10773505175602,72.19198706107366,72.27860723897237,72.36727511688,72.45767022622442,72.5494720984335,72.64236026493508,72.73601425715702,72.83011360652719,72.92433784447344,73.01836650242363,73.11187911180564,73.2045552040473,73.29607431057646,73.38611596282102,73.47435969220881,73.56048503016771,73.64417150812555,73.72510894554952,73.8032991788492,73.87910476881268,73.95290837005484,74.02509263719057,74.09604022483474,74.16613378760226,74.23575598010802,74.3052894569669,74.37511687279377,74.44562088220354,74.51718413981108,74.59018930023129,74.66501901807905,74.74205594796925,74.82168274451678,74.9042820623365,74.99023655604334,75.07992888025217,75.17374168957785,75.27203626649214,75.3747902207527,75.48164929547818,75.59224829124992,75.70622200864926,75.82320524825758,75.9428328106562,76.06473949642645,76.18856010614971,76.31392944040734,76.44048229978063,76.56785348485099,76.69567779619973,76.8235900344082,76.95122500005776,77.07821749372974,77.2042023160055,77.32881426746641,77.45168814869378,77.57245876026897,77.69076563321147,77.80630328988445,77.9188017309372,78.02799154832385,78.13360333399848,78.23536767991521,78.33301517802812,78.42627642029133,78.51488199865892,78.59856250508503,78.67704853152372,78.7500706699291,78.81735951225531,78.87864565045639,78.93365967648649,78.98213218229967,79.02379375985008,79.05837500109178,79.08560649797889,79.10521884246552,79.11705757327957,79.1218811009036,79.1208831590248,79.11526016230466,79.10620852540467,79.09492466298633,79.08260498971109,79.07044592024047,79.05964386923597,79.05139525135905,79.04689648127123,79.04734397363399,79.05393414310879,79.06786340435714,79.09032817204053,79.12252486082045,79.1656498853584,79.22089966031585,79.2894706003543,79.37255912013524,79.47072402835232,79.58095627999248,79.6990064871833,79.8206240167283,79.94155823543093,80.05755851009467,80.16437420752297,80.25775469451929,80.33344933788715,80.38720750442997,80.41477856095122,80.4119118742544,80.37435681114295,80.29786273842035,80.17817902289008,80.01105503135558,79.79224013062034,79.51748368748785,79.18253506876152,78.78314364124486
68.74139649185348,69.13963256038569,69.47305509080597,69.74614451613,69.9633812693734,70.12924578355181,70.24821849168087,70.32477982677624,70.36341022185351,70.36859010992838,70.34479992401644,70.29652009713335,70.22823106229475,70.14441325251629,70.04954710081358,69.94811304020229,69.84459150369806,69.74346292431649,69.64920773507325,69.56630636898399,69.49923795007578,69.4511778497891,69.42155118739508,69.40911288003194,69.4126178448379,69.43082099895116,69.46247725951,69.50634154365261,69.56116876851723,69.6257138512421,69.6987317089654,69.7789772588254,69.86520541796033,69.95617110350837,70.05062923260779,70.1473347223968,70.24504249001365,70.34250745259654,70.43848452728369,70.53172863121334,70.62099764246219,70.70553022148954,70.7855732283007,70.86150047313754,70.93368576624188,71.00250291785558,71.06832573822048,71.1315280375784,71.19248362617122,71.25156631424076,71.30914991202887,71.3656082297774,71.42131507772818,71.47664426612306,71.53196960520387,71.58766490521248,71.64410397639072,71.70166062898043,71.76070867322346,71.82162191936165,71.88477095246904,71.9503328475527,72.01818473901577,72.0881779599191,72.16016384332357,72.23399372229008,72.30951892987947,72.38659079915266,72.46506066317049,72.54477985499385,72.6255997076836,72.70737155430064,72.78994672790581,72.87317656156002,72.95691238832413,73.04100554125901,73.12530735342555,73.20966915788462,73.29394228769709,73.37797807592385,73.46163216398715,73.54489085783233,73.6278915253263,73.7107799491043,73.79370191180159,73.8768031960534,73.960229584495,74.04412685976163,74.12864080448855,74.21391720131102,74.30010183286426,74.38734048178355,74.47577893070414,74.56556296226127,74.65683835909019,74.74975090382615,74.84444637910438,74.94107056756019,75.0397692518288,75.14068821454545,75.24395737537976,75.34942188204218,75.45668056211265,75.56532412133274,75.67494326544401,75.78512870018804,75.89547113130638,76.00556126454057,76.11498980563219,76.22334746032281,76.33022493435398,76.43521293346726,76.5379021634042,76.63788332990639,76.73474713871536,76.8280842955727,76.91748550621995,77.00254147639866,77.08284291185043,77.15798051831679,77.22760754185637,77.29210425971362,77.35232000151093,77.4091119144103,77.4633371455738,77.51585284216341,77.5675161513412,77.61918422026913,77.67171419610929,77.7259632260237,77.78278845717433,77.84304703672325,77.90759611183248,77.97729282966404,78.05299433737996,78.13555778214224,78.22584031111295,78.32469907145406,78.43299121032766,78.55157387489572,78.6810811092477,78.82037514181793,78.9674732713285,79.12038759293135,79.27713020177838,79.43571319302148,79.59414866181261,79.75044870330365,79.90262541264651,80.04869088499312,80.18665721549537,80.3145364993052,80.43034083157451,80.5320823074552,80.6177730220992,80.68542507065841,80.73305054828477,80.75866155013014,80.76027017134649,80.73588850708569,80.68426966165858,80.6083132066421,80.5123602079926,80.40075317894998,80.27783463275412,80.1479470826449,80.01543304186222,79.88463502364594,79.75989554123596,79.64555710787216,79.54596223679442,79.46545344124263,79.40837323445666,79.37906412967641,79.38186864014175,79.42112927909257,79.50118855976875,79.62638899541018,79.80107309925674,80.02958338454832
71.95309375989119,71.4525007288762,71.01025639758056,70.62318618022549,70.28811549103223,70.00186974422196,69.76127435401597,69.56315473463545,69.40433630030162,69.28164446523573,69.19190464365899,69.13194224979263,69.09858269785788,69.08865140207597,69.0989737766681,69.12637523585555,69.1676811938595,69.21971706490118,69.27930826320183,69.34328020298267,69.40845906081809,69.47243031703316,69.5349635937658,69.59621883797358,69.65635599661408,69.71553501664485,69.77391584502347,69.83165842870748,69.88892271465448,69.945868649822,70.00265618116762,70.05944525564891,70.11639582022343,70.17366782184875,70.23142120748243,70.28981592408202,70.3490119186051,70.40916913800925,70.470447529252,70.53300703929095,70.59700705247367,70.66251559935452,70.72940914179439,70.79754001975186,70.86676057318552,70.93692314205394,71.0078800663157,71.07948368592943,71.15158634085367,71.22404037104701,71.29669811646805,71.36941191707537,71.44203411282756,71.5144170436832,71.58641304960086,71.65787447053914,71.72865364645664,71.79860291731192,71.86757462306358,71.9354211036702,72.00199692729652,72.06729035447775,72.13149686892318,72.19482977999154,72.2575023970415,72.31972802943181,72.38171998652116,72.44369157766825,72.5058561122318,72.5684268995705,72.63161724904306,72.6956404700082,72.76070987182462,72.82703876385102,72.89484045544611,72.96432825596861,73.03571547477722,73.10921542123063,73.18504140468757,73.26340673450675,73.3445186303581,73.4283996230702,73.51485872376006,73.60369304962134,73.69469971784773,73.78767584563289,73.88241855017053,73.97872494865429,74.07639215827787,74.17521729623495,74.2749974797192,74.37552982592429,74.47661145204391,74.57803947527174,74.67961101280143,74.78112318182669,74.8823730995412,74.9831578831386,75.0832746498126,75.18252051675687,75.28070586630692,75.37787921662458,75.47429506699417,75.57021470845265,75.665899432037,75.76161052878406,75.85760928973085,75.9541570059143,76.05151496837132,76.1499444681389,76.24970679625397,76.35106324375346,76.45427510167434,76.55960366105353,76.66731021292799,76.77765604833462,76.89090245831044,77.00731073389233,77.12714216611727,77.25065804602217,77.37805761743029,77.50881882530544,77.64195426050861,77.77646875799906,77.91136715273603,78.04565427967884,78.17833497378673,78.30841407001896,78.43489640333479,78.55678680869352,78.67309012105437,78.78281117537664,78.88495480661958,78.97852584974245,79.06252913970454,79.13596951146509,79.1978517999834,79.24718084021869,79.28296146713026,79.30419851567737,79.31015072501032,79.30209326289865,79.28226287595787,79.2529022327671,79.21625400190547,79.17456085195214,79.13006545148622,79.08501046908685,79.04163857333319,79.00219243280434,78.96891471607945,78.94404809173766,78.92983522835809,78.92851879451989,78.94234145880219,78.97354588978412,79.02437475604484,79.09707072616344,79.19387646871908,79.31703465229091,79.4678640112057,79.64251321800722,79.83533360438892,80.04067469748526,80.25288602443058,80.46631711235933,80.67531748840591,80.8742366797047,81.05742421339014,81.21922961659662,81.35400241645856,81.45609214011033,81.51984831468636,81.53962046732106,81.50975812514882,81.42461081530405,81.27852806492118,81.06585940113457,80.78095435107866,80.41816244188786
71.42969890167862,71.22492245876248,71.02484655194328,70.83011458036678,70.64136994317877,70.45925603952503,70.28441626855131,70.11749402940342,69.95913272122709,69.80997574316815,69.67066649437234,69.54184837398546,69.42416478115328,69.31825911502156,69.22477477473609,69.14435515944265,69.07764366828701,69.02528370041495,68.98791865497223,68.96619193110465,68.96074649888271,68.97179796939827,68.99833265306684,69.03911717376066,69.092918155352,69.1585022217131,69.23463599671626,69.32008610423371,69.4136191681377,69.51400181230052,69.6200006605944,69.73038233689164,69.84391346506445,69.95936066898511,70.0754905725259,70.19106979955905,70.30486497395685,70.41564271959152,70.52216966033535,70.6232124200606,70.71754113742742,70.80449666478151,70.8846166397492,70.95858939648801,71.0271032691555,71.0908465919093,71.15050769890694,71.20677492430599,71.260336602264,71.31188106693858,71.36209665248728,71.41167169306766,71.4612945228373,71.51165347595378,71.56343688657464,71.61733308885745,71.6740304169598,71.73421720503926,71.79858178725338,71.86781249775974,71.94259018956404,72.02314684655964,72.10901870551581,72.19968215398684,72.29461357952702,72.39328936969065,72.49518591203199,72.59977959410536,72.70654680346502,72.81496392766527,72.92450735426043,73.03465347080476,73.14487866485253,73.25465932395807,73.36347183567563,73.47079258755952,73.57609796716403,73.67886436204344,73.77856815975207,73.87468574784417,73.9667072119608,74.0545380750302,74.13856414914741,74.21919800048303,74.29685219520778,74.37193929949225,74.44487187950716,74.51606250142315,74.58592373141087,74.65486813564098,74.72330828028416,74.79165673151107,74.86032605549232,74.92972881839864,75.00027758640064,75.07238492566901,75.1464634023744,75.22292558268748,75.30218403277888,75.3846513188193,75.47071761873619,75.56037119671561,75.65325267230355,75.74899120226561,75.84721594336725,75.94755605237401,76.04964068605148,76.15309900116509,76.25756015448042,76.36265330276302,76.46800760277836,76.57325221129202,76.67801628506948,76.7819289808763,76.884619455478,76.98571686564009,77.08485036812814,77.18164911970763,77.2757422771441,77.3667589972031,77.45435628295525,77.53851485076783,77.61942426429636,77.69727756798449,77.77226780627586,77.84458802361411,77.91443126444287,77.98199057320579,78.04745899434656,78.11102957230872,78.172895351536,78.23324937647203,78.29228469156041,78.35019434124482,78.40717136996886,78.46340882217623,78.51909974231054,78.57443717481542,78.62961416413452,78.68482375471152,78.74020335325386,78.79544850876272,78.85004406056217,78.90347355030306,78.9552205196363,79.00476851021278,79.05160106368336,79.09520172169897,79.13505402591048,79.17064151796876,79.2014477395247,79.22695623222921,79.24665053773319,79.2600141976875,79.26653075374304,79.2656837475507,79.25695672076137,79.23983321502593,79.21379677199525,79.17833093332024,79.13360917425396,79.083665633663,79.03387658687444,78.98961965674187,78.95627246611889,78.93921263785916,78.94381779481628,78.97546555984385,79.03953355579554,79.14139940552491,79.28644073188562,79.48003515773127,79.72756030591543,80.03439379929179,80.40591326071396,80.84749631303552,81.36452057911012,81.96236368179135,82.64640324393284,83.42201688838824
70.28562653060345,70.24070625507551,70.19025662285662,70.13513480360173,70.07619796696578,70.01430328260369,69.9503079201704,69.88506904932085,69.81944383970998,69.75428946099272,69.69046308282401,69.62882187485877,69.57022300675197,69.51552364815852,69.46558096873336,69.42125213813144,69.38339432600768,69.35286470201702,69.33052043581439,69.31721869705474,69.31381630756725,69.32082365473569,69.33775460517458,69.3639449387153,69.3987304351892,69.44144687442761,69.4914300362619,69.54801570052344,69.61053964704354,69.67833765565358,69.7507455061849,69.82709897846887,69.90673385233683,69.98898590762013,70.07319092415014,70.15868468175819,70.24480296027563,70.33088153953385,70.41625619936417,70.50026271959794,70.58223843845255,70.661773737074,70.73898962704536,70.81407393574992,70.887214490571,70.95859911889188,71.0284156480959,71.09685190556633,71.16409571868648,71.23033491483966,71.29575732140918,71.36055076577833,71.42490307533043,71.48900207744877,71.55303559951666,71.6171914689174,71.6816575130343,71.74662155925066,71.81227143494978,71.87879496751496,71.94637873397936,72.01513429036551,72.08505691012962,72.1561318639265,72.22834442241094,72.30167985623774,72.37612343606169,72.45166043253758,72.52827611632021,72.60595575806438,72.68468462842489,72.76444799805653,72.84523113761408,72.92701931775235,73.00979780912614,73.09355188239023,73.17826680819944,73.26392785720853,73.35052030007233,73.43802940744563,73.52643904360988,73.61569042018074,73.70567543780933,73.79628325032385,73.88740301155256,73.97892387532366,74.07073499546537,74.16272552580594,74.25478462017358,74.34680143239652,74.43866511630299,74.53026482572119,74.62148971447937,74.71222893640575,74.80237164532856,74.89180699507601,74.98042413947634,75.06811223235778,75.15476042754854,75.24025787887683,75.32450086300017,75.4075135256069,75.48943061567816,75.5703905290836,75.65053166169294,75.72999240937585,75.80891116800207,75.88742633344124,75.96567630156308,76.04379946823725,76.12193422933349,76.20021898072149,76.27879211827089,76.35779203785144,76.43735713533279,76.51762580658466,76.59873644747672,76.6808274538787,76.76403722166026,76.84850414669111,76.93434689992658,77.02145485019335,77.10956942946066,77.19842960408356,77.28777434041702,77.37734260481605,77.4668733636357,77.55610558323094,77.64477822995683,77.73263027016833,77.81940067022047,77.90482839646826,77.98865241526673,78.07061169297087,78.15044519593569,78.2278918905162,78.30269074306743,78.37458071994438,78.44330078750204,78.50858991209545,78.57021146857956,78.62812267657281,78.6823731948815,78.73301325160641,78.78009307484827,78.82366289270786,78.86377293328594,78.90047342468328,78.93381459500065,78.9638466723388,78.99061988479849,79.0141844604805,79.03459062748556,79.05188861391447,79.06612864786796,79.07736095744681,79.0856357707518,79.09100331588367,79.09351382094317,79.09321751403108,79.09022955248129,79.08502841834017,79.07821890130292,79.07040591787963,79.06219438458037,79.05418921791524,79.04699533439434,79.04121765052773,79.0374610828255,79.03633054779776,79.03843096195459,79.04436724180606,79.05474430386228,79.07016706463331,79.09124044062928,79.11856934836023,79.15275870433625,79.19441342506747,79.24413842706394,79.30253862683576
70.82941075805442,70.67121698911947,70.51784914296593,70.3697234266624,70.22725604727756,70.09086321188006,69.96096112753851,69.83796600132159,69.72229404029792,69.61436145153617,69.51458444210496,69.42337921907296,69.34116198950878,69.26834896048109,69.20535633905854,69.15260033230977,69.11049714730342,69.07946299110813,69.05991407079254,69.05226659342533,69.05693647158691,69.07404630762001,69.10287499520142,69.14255065005442,69.19220138790229,69.25095532446828,69.3179405754757,69.3922852566478,69.47311748370784,69.55956537237911,69.65075703838487,69.7458205974484,69.84388416529298,69.94407585764186,70.04552379021833,70.14735607874566,70.2487008389471,70.34868618654595,70.44644023726548,70.54109110682893,70.63176909642745,70.717959372593,70.79989125365778,70.8778877598877,70.95227191154872,71.02336672890677,71.09149523222776,71.15698044177762,71.22014537782229,71.2813130606277,71.34080651045977,71.39894874758446,71.45606279226764,71.5124716647753,71.56849838537335,71.6244659743277,71.68069745190431,71.73751583836909,71.79524415398797,71.85420541902688,71.91472044047062,71.97697722843468,72.04095795788727,72.10662709754735,72.17394911613387,72.24288848236579,72.31340966496207,72.38547713264165,72.45905535412352,72.53410879812661,72.61060193336988,72.6884992285723,72.76776515245282,72.8483641737304,72.930260761124,73.01341938335257,73.09780450913507,73.18338060719046,73.27011214623768,73.35796359499572,73.44689952996086,73.53688779631445,73.62790001818122,73.71990803018858,73.8128836669639,73.90679876313457,74.001625153328,74.09733467217158,74.1938991542927,74.29129043431873,74.38948034687705,74.4884407265951,74.58814340810022,74.68856022601985,74.78966301498134,74.89142360961209,74.9938138445395,75.09680555439094,75.20037057379383,75.30448073737554,75.40910192996299,75.51409322556492,75.61922130968827,75.72424982154213,75.82894240033558,75.9330626852777,76.0363743155776,76.13864093044434,76.23962616908702,76.33909367071475,76.43680707453657,76.53253001976164,76.62602614559898,76.71705909125771,76.8053924959469,76.89078999887566,76.97301523925307,77.05183185628822,77.12700348919017,77.19829377716806,77.26548831521667,77.32862793433998,77.38791813393487,77.44356715787157,77.49578325002021,77.54477465425093,77.5907496144339,77.63391637443928,77.6744831781372,77.71265826939785,77.74864989209136,77.78266629008792,77.81491570725764,77.84560638747071,77.87494657459727,77.90314451250748,77.93040844507152,77.9569466161595,77.9829672696416,78.00867864938799,78.03432041665053,78.06038173981761,78.08747077030635,78.11619639230082,78.14716748998508,78.18099294754316,78.21828164915914,78.25964247901703,78.30568432130092,78.35701606019485,78.41424657988287,78.47798476454903,78.54883949837742,78.62741966555203,78.71433415025695,78.81019183667624,78.91560160899394,79.03117235139408,79.15751294806076,79.295232283178,79.44445385196241,79.60258505706858,79.76608906792538,79.9314281059363,80.0950643925049,80.25346014903468,80.40307759692917,80.54037895759188,80.66182645242637,80.76388230283612,80.84300873022468,80.89566795599558,80.9183222015523,80.90743368829841,80.85946463763742,80.77087727097285,80.63813380970822,80.45769647524706,80.22602748899288,79.93958907234924
70.31036446726162,70.19638065695537,70.08845917693776,69.98669978200235,69.89120222694274,69.80206626655252,69.71939165562523,69.64327814895455,69.573825501334,69.51113346755722,69.45530180241772,69.40643026070916,69.3646185972251,69.32996656675914,69.30257392410488,69.28254042405584,69.26996582140569,69.26494987094799,69.26759232747634,69.27799294578429,69.29625132690066,69.32231392212577,69.35568664664336,69.39579668806587,69.44207123400574,69.4939374720754,69.55082258988736,69.61215377505405,69.67735821518792,69.74586309790143,69.81709561080703,69.89048294151718,69.96545227764432,70.04143080680089,70.11784571659939,70.19412419465223,70.26969342857188,70.34398060597078,70.41641291446143,70.48641754165624,70.55342340588757,70.61714045113493,70.6778679315108,70.73597930574422,70.79184803256422,70.8458475706999,70.8983513788803,70.94973291583449,71.0003656402915,71.05062301098039,71.10087848663025,71.15150552597012,71.20287758772903,71.2553681306361,71.30935061342032,71.36519849481078,71.42328523353655,71.48398428832667,71.5476691179102,71.61471318101621,71.68548566876078,71.76009971548257,71.8382715675153,71.91968333028893,72.00401710923347,72.09095500977892,72.18017913735534,72.27137159739266,72.36421449532097,72.45838993657017,72.55358002657036,72.64946687075151,72.74573257454362,72.84205924337672,72.93812898268078,73.03362389788585,73.1282260944219,73.22161767771894,73.31348075320702,73.40349742631608,73.49135753430048,73.57698540614902,73.66057646794076,73.74234124697409,73.82249027054743,73.90123406595922,73.97878316050787,74.05534808149179,74.13113935620942,74.20636751195914,74.2812430760394,74.35597657574863,74.4307785383852,74.50585949124758,74.58142996163414,74.65770047684336,74.7348815641736,74.81318375092332,74.89281756439092,74.97399353187481,75.05691711450197,75.14170282548926,75.22838651054309,75.31700142149009,75.4075808101569,75.50015792837013,75.59476602795644,75.69143836074238,75.79020817855468,75.89110873321985,75.99417327656462,76.09943506041557,76.2069273365993,76.31668335694252,76.42873637327176,76.5431196374137,76.65986640119496,76.77900991644213,76.9005834349819,77.02462020864087,77.15110889020866,77.27951966867012,77.40898824023272,77.5386447262243,77.66761924797278,77.79504192680598,77.9200428840518,78.04175224103805,78.15930011909266,78.27181663954347,78.37843192371834,78.47827609294515,78.57047926855175,78.654171571866,78.7284831242158,78.79254404692898,78.84548446133343,78.88643448875699,78.91452425052755,78.92888386797296,78.92882468631876,78.91509727498068,78.88913852944751,78.8523895720045,78.80629152493691,78.75228551052999,78.69181265106896,78.62631406883911,78.55723088612567,78.48600422521388,78.41407520838901,78.34288495793629,78.273874596141,78.20848524528836,78.14815802766363,78.09433406555205,78.04845448123888,78.01196039700937,77.98629293514878,77.97289321794233,77.9730648236112,77.98734167462722,78.01599012727503,78.05927626919855,78.11746618804167,78.19082597144829,78.27962170706232,78.38411948252762,78.50458538548816,78.64128550358778,78.79448592447041,78.96445273577994,79.15145202516025,79.35574988025529,79.57761238870891,79.81730563816505,80.07509571626758,80.35124871066041,80.64603070898745,80.95970779889258
71.25414964564466,70.80501022712765,70.4118690313613,70.0716456653858,69.78125973624137,69.53763085096817,69.33767861660644,69.17832264019637,69.05648252877816,68.96907788939201,68.9130283290781,68.88525345487668,68.88267287382789,68.90220619297197,68.94077301934911,68.99529295999952,69.06268562196338,69.1398706122809,69.22376753799229,69.31129600613774,69.39937633625782,69.48563849825535,69.56975377557526,69.65175825184869,69.73168801070676,69.80957913578064,69.88546771070143,69.95938981910031,70.03138154460838,70.10147897085682,70.16971818147672,70.23613526009927,70.3007662903556,70.36364735587681,70.42481454029408,70.48430392723853,70.54215160034131,70.59839364323355,70.6530661395464,70.70620517291098,70.75784718579919,70.8080868874471,70.85714117236083,70.90524232034292,70.95262261119599,70.99951432472257,71.04614974072527,71.09276113900665,71.13958079936928,71.18684100161576,71.23477402554865,71.28361215097051,71.33358765768395,71.3849328254915,71.43787993419579,71.49266126359935,71.54950909350478,71.60865570371465,71.67033337403153,71.73477438425799,71.80220811395763,71.87268992835416,71.94600547044458,72.02191718131382,72.10018750204692,72.18057887372885,72.2628537374446,72.34677453427915,72.4321037053175,72.51860369164461,72.60603693434551,72.69416587450516,72.78275295320856,72.87156061154069,72.96035129058654,73.0488874314311,73.13693147515936,73.22424586285629,73.3105930356069,73.39573543449617,73.47944323235532,73.56172109138221,73.64284476812733,73.72310512020813,73.80279300524204,73.88219928084645,73.96161480463881,74.04133043423653,74.12163702725705,74.20282544131777,74.28518653403613,74.36901116302954,74.45459018591544,74.54221446031123,74.63217484383433,74.7247621941022,74.82026736873223,74.91898122534185,75.02119462154849,75.12719841496957,75.23725959869942,75.35121674991399,75.46853787747477,75.58867877160743,75.71109522253765,75.83524302049109,75.96057795569345,76.08655581837039,76.21263239874757,76.3382634870507,76.46290487350541,76.5860123483374,76.70704170177235,76.82544872403592,76.94068920535379,77.05221893595163,77.15949370605513,77.26196930588995,77.35910152568177,77.45034615565625,77.53521276007294,77.61383602633505,77.68675394709972,77.75451123677837,77.8176526097824,77.87672278052321,77.93226646341222,77.98482837286079,78.03495322328037,78.08318572908233,78.13007060467808,78.17615256447904,78.2219763228966,78.26808659434215,78.3150280932271,78.36334553396286,78.41358363096083,78.46628709863242,78.522000651389,78.58126900364202,78.64456617905414,78.71180479720796,78.78262975966109,78.85668431920729,78.93361172864037,79.01305524075411,79.09465810834229,79.17806358419868,79.2629149211171,79.34885537189129,79.43552818931506,79.52257662618221,79.6096439352865,79.69637336942172,79.78240818138165,79.86739162396009,79.95096694995081,80.0327774121476,80.11246626334423,80.1896767563345,80.26415553754214,80.33622781344896,80.40641992345752,80.47525840891105,80.54326981115281,80.61098067152604,80.67891753137397,80.74760693203984,80.81757541486691,80.88934952119841,80.96345579237757,81.04042076974764,81.12077099465185,81.20503300843346,81.29373335243571,81.38739856800181,81.48655519647504,81.59172977919863,81.70344885751581,81.82223897276982
70.45782027172126,70.26415329319678,70.09252119756191,69.94178218098796,69.81079443964626,69.6984161697082,69.6035055673451,69.52492082872831,69.46152015002922,69.41216172741913,69.37570375706942,69.35100443515142,69.3369219578365,69.33231452129598,69.33604032170123,69.3469575552236,69.36392441803443,69.38579910630509,69.41143981620691,69.43970474391124,69.46945237776734,69.49983221531153,69.5308308437599,69.56258444541263,69.59522920256993,69.62890129753197,69.66373691259898,69.69987223007112,69.73744343224863,69.77658670143168,69.81743821992046,69.86013417001519,69.90481073401602,69.9516040942232,70.00065043293691,70.05208593245732,70.10604677508465,70.1626691431191,70.22208921886084,70.28444318461011,70.34986649274634,70.41837607477248,70.48974032418697,70.5636963391375,70.63998121777178,70.71833205823748,70.7984859586823,70.88018001725393,70.96315133210004,71.04713700136836,71.13187412320653,71.21709979576225,71.30255111718324,71.38796518561716,71.4730790992117,71.55762995611457,71.64135485447343,71.72399089243599,71.80527516814993,71.88494477976295,71.96273935909402,72.0385505582399,72.11250566072798,72.18475221945593,72.25543778732145,72.3247099172223,72.39271616205613,72.45960407472069,72.5255212081137,72.59061511513283,72.65503334867583,72.71892346164039,72.78243300692422,72.84570953742505,72.90890060604058,72.97215376566851,73.03561656920655,73.09943656955244,73.16376131960386,73.22873837225855,73.29451660733186,73.36128514756402,73.42927964074592,73.4987383263045,73.56989944366673,73.64300123225956,73.71828193150994,73.79597978084482,73.87633301969116,73.95957988747591,74.04595862362602,74.13570746756845,74.22906465873015,74.32626843653809,74.42755704041919,74.53316870980042,74.64334168410875,74.7583142027711,74.87832450521447,75.00361083086575,75.1343800803582,75.27027656029955,75.4104579485082,75.55406587734011,75.70024197915126,75.84812788629763,75.9968652311352,76.14559564601996,76.29346076330786,76.43960221535491,76.58316163451705,76.7232806531503,76.85910090361061,76.98976401825396,77.11441162943633,77.23218536951372,77.34222687084207,77.44367776577738,77.53567968667564,77.61737426589279,77.6880058502714,77.74801284256012,77.7986040041568,77.84100093577004,77.87642523810848,77.9060985118808,77.93124235779558,77.95307837656148,77.97282816888713,77.9917133354812,78.01095547705225,78.03177619430897,78.05539708795999,78.08303975871394,78.11592580727944,78.15527683436514,78.20231444067966,78.25826022693167,78.32433579382976,78.40176274208261,78.49149500038504,78.59236072901908,78.70217436830777,78.8187441154952,78.93987816782536,79.06338472254228,79.18707197689,79.30874812811254,79.42622137345396,79.53729991015825,79.63979193546945,79.73150564663163,79.81024924088877,79.87383091548492,79.9200588676641,79.94674129467035,79.95168639374768,79.93270236214016,79.88759739709178,79.8141796958466,79.71110647408199,79.58178580257609,79.43127735827818,79.26464247637662,79.08694249205988,78.90323874051629,78.71859255693431,78.5380652765023,78.36671823440867,78.20961276584185,78.07181020599023,77.95837189004217,77.87435915318613,77.82483333061049,77.81485575750366,77.84948776905401,77.93379070044998,78.07282588687991,78.27165466353227,78.53533836559546
70.73372748716385,70.42390295456426,70.15144926231316,69.91435646124424,69.71061460219116,69.5382137359876,69.39514391346722,69.27939518546374,69.1889576028108,69.1218212163421,69.0759760768913,69.04941223529207,69.04011974237811,69.04608864898309,69.06530900594066,69.09577086408454,69.13546427424838,69.18237928726586,69.23450595397067,69.28983432519645,69.34635493767823,69.40254228585027,69.45826297138434,69.51363237742015,69.56876588709736,69.62377888355566,69.67878674993476,69.73390486937431,69.78924862501403,69.8449333999936,69.90107457745268,69.95778754053097,70.01518767236819,70.07339035610399,70.13251097487806,70.1926649118301,70.25396755009977,70.3165342728268,70.38048046315083,70.4459215042116,70.51297228252979,70.58166704612442,70.65187094426258,70.72342783367392,70.79618157108811,70.86997601323479,70.94465501684364,71.02006243864432,71.09604213536649,71.17243796373981,71.24909378049395,71.32585344235856,71.40256080606332,71.47905972833787,71.5551940659119,71.63080767551504,71.70574441387699,71.77984813772738,71.85296270379588,71.92493196881217,71.99560231605636,72.06497172183735,72.1332731316585,72.20075970342704,72.2676845950502,72.33430096443517,72.4008619694892,72.46762076811949,72.53483051823326,72.60274437773774,72.67161550454013,72.74169705654765,72.81324219166754,72.886504067807,72.96173584287325,73.03919067477352,73.11912172141501,73.20178214070496,73.28742509055057,73.37630372885907,73.46866276658189,73.56449073433959,73.66347999136556,73.76530639893268,73.86964581831383,73.97617411078187,74.08456713760971,74.19450076007023,74.30565083943623,74.41769323698067,74.53030381397642,74.64315843169635,74.75593295141333,74.86830323440023,74.97994514192993,75.09053453527532,75.19974727570929,75.30725922450468,75.41274624293439,75.5158841922713,75.61636728611123,75.71421919895154,75.80974858016033,75.90327347549501,75.99511193071304,76.08558199157183,76.17500170382884,76.26368911324145,76.35196226556715,76.44013920656336,76.52853798198748,76.61747663759698,76.70727321914926,76.79824577240178,76.89071234311196,76.98499097703723,77.08139971993505,77.1802566175628,77.28187971567796,77.38658706003795,77.49464669482782,77.60574539595393,77.71919492752986,77.83430080347264,77.95036853769938,78.06670364412707,78.18261163667282,78.29739802925363,78.41036833578659,78.52082807018871,78.6280827463771,78.73143787826876,78.83019897978077,78.92367156483017,79.01116114733402,79.09197324120937,79.16541336037326,79.23078701874276,79.28739973023491,79.33455700876678,79.3716894615078,79.3992211475795,79.41804987576774,79.42907637248528,79.43320136414489,79.4313255771593,79.42434973794126,79.41317457290351,79.39870080845884,79.38182917101997,79.36346038699966,79.34449518281066,79.32583428486573,79.30837841957761,79.29302831335906,79.28068469262281,79.27224828378165,79.26861981324829,79.27070000743551,79.27938959275606,79.29505437911794,79.31506694247216,79.33575927900655,79.35346234015022,79.3645070773322,79.36522444198161,79.3519453855275,79.32100085939896,79.26872181502505,79.19143920383485,79.08548397725744,78.94718708672188,78.77287948365728,78.55889211949265,78.30155594565714,77.99720191357977,77.64216097468965,77.23276408041585,76.76534218218741,76.23622623143343
69.85692572591806,69.83421313278902,69.80458077642282,69.76897751395619,69.72835220252585,69.6836536992685,69.6358308613209,69.58583254581974,69.53460760990176,69.48310491070364,69.43227330536216,69.383061651014,69.33641880479591,69.29329362384459,69.25463496529677,69.22139168628917,69.1945126439585,69.17494669544149,69.16364269787488,69.16154950839535,69.1696156061779,69.1884130204853,69.21743092014015,69.25596495754435,69.3033107850998,69.35876405520838,69.421620420272,69.49117553269257,69.56672504487194,69.64756460921204,69.73298987811474,69.82229650398195,69.91478013921555,70.00973643621745,70.10646104738954,70.20424962513371,70.30239782185186,70.40020128994587,70.49695568181764,70.59195664986908,70.6845014234996,70.77414329708307,70.8609725326534,70.94514700601377,71.02682459296729,71.10616316931713,71.18332061086642,71.25845479341831,71.33172359277596,71.40328488474249,71.47329654512107,71.54191644971485,71.60930247432695,71.67561249476054,71.74100438681876,71.80563602630475,71.86966528902167,71.93325005077266,71.99654818736086,72.05971757458941,72.12291562883539,72.18627220090953,72.24987441499492,72.31380571986578,72.37814956429634,72.44298939706084,72.50840866693349,72.57449082268853,72.64131931310018,72.70897758694268,72.77754909299024,72.8471172800171,72.9177655967975,72.98957749210564,73.06263641471578,73.13702581340212,73.21282913693891,73.29012983410037,73.36901135366072,73.4495571443942,73.53184930194331,73.61592888400189,73.70178950408214,73.78942213286078,73.87881774101456,73.96996729922022,74.06286177815448,74.1574921484941,74.25384938091581,74.35192444609636,74.45170831471246,74.55319195744087,74.65636634495834,74.76122244794159,74.86775123706735,74.97594368301237,75.0857907564534,75.19728342806717,75.31041266853039,75.42516944851985,75.54153436279854,75.65930173772655,75.77810478247586,75.8975713937506,76.01732946825491,76.13700690269296,76.2562315937689,76.37463143818682,76.49183433265094,76.60746817386539,76.72116085853428,76.8325402833618,76.94123434505204,77.0468709403092,77.14907796583744,77.24748331834085,77.34171489452363,77.4314005910899,77.5161683047438,77.5956459321895,77.66949401091016,77.73775252744521,77.80070627417683,77.85864412358457,77.91185494814796,77.96062762034659,78.00525101265997,78.04601399756764,78.0832054475492,78.11711423508416,78.14802923265208,78.1762393127325,78.202033347805,78.22570021034909,78.24752877284435,78.26780790777029,78.2868264876065,78.30487338483252,78.32223747192789,78.33920762137215,78.35606875130483,78.37307437571887,78.39046303284125,78.40847316866954,78.4273432292012,78.44731166043375,78.4686169083647,78.49149741899156,78.51619163831184,78.54293801232305,78.5719749870227,78.60354100840829,78.63787452247733,78.67521397522732,78.7157978126558,78.75986448076024,78.80765242553818,78.85940009298712,78.91534592910456,78.975728379888,79.0406956417446,79.10989090116665,79.1827817809902,79.25883572778251,79.3375201881109,79.4183026085427,79.50065043564517,79.58403111598564,79.6679120961314,79.75176082264976,79.83504474210802,79.91723130107347,79.99778794611342,80.07618212379518,80.15188128068603,80.2243528633533,80.29306431836427,80.35748309228627,80.41707663168656,80.47131238313249
69.49234301985007,69.62091434744688,69.71997227325328,69.79193124087685,69.83920569392524,69.86421007600603,69.86935883072687,69.85706640169535,69.82974723251911,69.78981576680575,69.73968644816287,69.68177372019812,69.6184920265191,69.55225581073343,69.4854795164487,69.42057758727258,69.35996446681263,69.30605459867648,69.26126242647177,69.2280023938061,69.20868813872302,69.20493095746363,69.21603420524085,69.24088878846953,69.27838561356454,69.32741558694072,69.38686961501296,69.4556386041961,69.532613460905,69.61668509155453,69.70674440255954,69.8016823003349,69.90038969129547,70.00175748185612,70.10467657843168,70.20803788743703,70.31073231528704,70.41165076839656,70.50968415318043,70.60372337605355,70.69266223712866,70.77586440071684,70.85367883526787,70.92657857652941,70.99503666024917,71.05952612217484,71.12051999805414,71.17849132363473,71.23391313466433,71.28725846689062,71.3390003560613,71.38961183792408,71.43956594822663,71.48933572271665,71.53939419714185,71.5902144072499,71.64226938878853,71.6960321775054,71.75197580914823,71.81057331946471,71.87229385023656,71.93737290528838,72.00568384961115,72.0770688964682,72.15137025912288,72.22843015083856,72.30809078487859,72.39019437450631,72.47458313298506,72.56109927357821,72.6495850095491,72.73988255416108,72.83183412067753,72.92528192236176,73.02006817247714,73.11603508428702,73.21302487105476,73.31087974604368,73.40944192251717,73.50855361373856,73.60805726678058,73.70780241971637,73.80764680856078,73.9074486259876,74.00706606467062,74.10635731728367,74.20518057650052,74.30339403499502,74.40085588544093,74.49742432051207,74.59295753288224,74.68731371522524,74.7803510602149,74.87192776052498,74.96190200882931,75.05013199780169,75.1364759201159,75.22079196844578,75.30293833546511,75.3827732138477,75.46016914498743,75.53525625850136,75.60838749093212,75.67992312536704,75.75022344489345,75.81964873259871,75.88855927157014,75.9573153448951,76.02627723566087,76.09580522695485,76.16625960186433,76.23800064347668,76.31138863487921,76.38678385915927,76.46454659940419,76.5450371387013,76.62861576013796,76.71564274680149,76.80647838177921,76.90148294815849,77.0009612748964,77.10457353668586,77.21156400224292,77.32117000851738,77.432628892459,77.54517799101751,77.65805464114275,77.77049617978444,77.88173994389238,77.99102327041633,78.09758349630606,78.20065795851134,78.29948399398194,78.39329893966764,78.48134013251823,78.56284490948343,78.63705060751306,78.70319456355686,78.76051411456463,78.80824659748612,78.8458259627101,78.87424760379687,78.89525152322003,78.91058230918932,78.92198454991454,78.93120283360545,78.93998174847182,78.95006588272344,78.96319982457005,78.98112816222147,79.00559548388742,79.0383463777777,79.08112543210207,79.13567723507032,79.2037463748922,79.2870774397775,79.38741501793601,79.50650369757744,79.64608806691163,79.80791271414832,79.99255758977276,80.19408567731564,80.40429437598415,80.61497881030246,80.81793410479469,81.004955383985,81.16783777239755,81.29837639455644,81.38836637498586,81.42960283820996,81.41388090875286,81.33299571113872,81.17874236989168,80.94291600953589,80.6173117545955,80.19372472959465,79.6639500590575,79.01978286750821,78.25301827947087,77.35545141946966
71.01610315505636,70.79625427945172,70.59434840402778,70.40984607502571,70.24220783868661,70.09089424125165,69.95536582896193,69.83508314805863,69.72950674478285,69.63809716537575,69.56031495607847,69.49562066313214,69.44347483277791,69.40333801125689,69.37467074481026,69.35693357967912,69.34958706210463,69.35209173832793,69.36390815459013,69.3844968571324,69.41331838374288,69.44982485301158,69.49344416565464,69.54359989444698,69.59971561216354,69.66121489157923,69.727521305469,69.79805842660775,69.87224982777043,69.94951908173198,70.0292897612673,70.11098543915134,70.194029688159,70.27784608106526,70.36185819064501,70.44548958967319,70.52816385092471,70.60930454717455,70.68833525119757,70.76467953576876,70.83776263077948,70.9072788404077,70.97348671698883,71.0367158617269,71.09729587582594,71.15555636048991,71.21182691692287,71.26643714632883,71.31971664991177,71.37199502887573,71.42360188442473,71.47486681776276,71.52611943009384,71.577689322622,71.62990609655124,71.68309935308557,71.73759869342899,71.79373371878555,71.85183403035924,71.91222922935407,71.97524599953026,72.04103597801965,72.10947947968012,72.18043347981911,72.25375495374408,72.32930087676243,72.40692822418164,72.48649397130912,72.56785509345231,72.65086856591866,72.73539136401561,72.82128046305058,72.90839283833104,72.9965854651644,73.0857153188581,73.1756393747196,73.26621460805632,73.3572979941757,73.44874650838517,73.54041712599219,73.63217019680995,73.72396841308404,73.8158927856681,73.90803091624737,74.00047040650708,74.09329885813244,74.18660387280867,74.28047305222101,74.37499399805466,74.47025431199485,74.56634159572681,74.66334345093574,74.76134747930689,74.86044128252547,74.96071246227669,75.06224862024578,75.16513735811797,75.26946627757849,75.37532298031253,75.48279506800534,75.59195585594398,75.7026221899961,75.81438907683896,75.92684420851397,76.03957527706255,76.15216997452615,76.26421599294615,76.37530102436402,76.48501276082114,76.59293889435895,76.69866711701886,76.80178512084233,76.90188059787071,76.99854124014549,77.09135473970805,77.17990878859983,77.26379107886227,77.34258930253674,77.41589115166471,77.48328431828757,77.54440971992155,77.5995270202272,77.64929507392596,77.69437938892362,77.73544547312598,77.77315883443882,77.80818498076792,77.84118942001909,77.8728376600981,77.90379520891075,77.93472757436284,77.96630026436013,77.99917878680843,78.03402864961352,78.0715153606812,78.11230442791725,78.15706135922746,78.20645166251761,78.26114084569352,78.32179441666095,78.38891698636547,78.46173537181801,78.53886704556491,78.61892572745383,78.7005251373324,78.78227899504824,78.86280102044901,78.94070493338229,79.01460445369574,79.08311330123699,79.14484519585365,79.19841385739336,79.24243300570375,79.27551636063245,79.29627764202709,79.3033305697353,79.29528886360468,79.27076624348291,79.22837642921758,79.16673314065633,79.08524288712418,78.98774839250213,78.8796346039514,78.76628801705019,78.65309512737666,78.54544243050897,78.44871642202533,78.36830359750388,78.30959045252281,78.2779634826603,78.2788091834945,78.31751405060362,78.3994645795658,78.53004726595924,78.7146486053621,78.95865509335256,79.26745322550879,79.64642949740895,80.10097040463125,80.63646244275385
69.95795362173286,69.99600713535673,70.01965776798313,70.03027797258363,70.02924020212978,70.01791690959317,69.99768054794534,69.96990357015787,69.9359584292023,69.89721757805023,69.8550534696732,69.81083855704279,69.76594529313053,69.72174613090802,69.67961352334682,69.64091992341848,69.60703778409456,69.57933955834665,69.5591976991463,69.54798465946506,69.54707240885877,69.55735143480302,69.5783272386692,69.60925781296814,69.64940115021068,69.69801524290769,69.75435808357,69.81768766470847,69.88726197883398,69.96233901845733,70.04217677608939,70.12603324424103,70.21316641542307,70.30283428214639,70.39429483692182,70.4868060722602,70.5796259806724,70.67201255466928,70.76322378676166,70.85251766946041,70.93915389834129,71.02266870414614,71.10317821122136,71.18087156282172,71.25593790220199,71.32856637261693,71.39894611732133,71.46726627956996,71.53371600261755,71.59848442971891,71.66176070412878,71.72373396910194,71.78459336789318,71.84452804375724,71.9037271399489,71.96237979972292,72.02067516633409,72.07880238303716,72.1369505930869,72.19530893973808,72.2540663090497,72.3133961553347,72.37344801369954,72.43436936168459,72.49630767683018,72.55941043667667,72.62382511876439,72.68969920063371,72.75718015982497,72.82641547387848,72.89755262033465,72.97073907673379,73.04612232061625,73.12384982952238,73.20406908099253,73.28692755256702,73.37257272178624,73.46115206619054,73.55281306332022,73.64770319071565,73.74596033274581,73.84743143088009,73.9516270660176,74.05803908239463,74.16615932424756,74.27547963581267,74.38549186132633,74.49568784502486,74.60555943114457,74.71459846392182,74.82229678759293,74.92814624639423,75.03163868456207,75.13226594633274,75.2295198759426,75.32289231762797,75.41187511562518,75.49596011417059,75.57463915750048,75.64740408985122,75.71379100646794,75.77413039670594,75.8294398795853,75.88075973064264,75.92913022541455,75.97559163943765,76.02118424824856,76.06694832738384,76.11392415238015,76.16315199877405,76.21567214210218,76.27252485790112,76.3347504217075,76.40338910905791,76.47948119548894,76.56406695653723,76.65818666773939,76.76288060463196,76.87918904275162,77.00815225763495,77.15065379003019,77.30575513877113,77.47134229177894,77.64528164512622,77.82543959488564,78.00968253712978,78.19587686793133,78.3818889833629,78.5655852794971,78.74483215240657,78.91749599816394,79.08144321284186,79.23454019251294,79.37465333324982,79.49964903112513,79.6073936822115,79.69575368258154,79.76259542830792,79.80578531546325,79.82318974012014,79.81314235949097,79.77768767435822,79.72063978381485,79.64582368517276,79.55706437574395,79.45818685284033,79.35301611377386,79.24537715585649,79.13909497640013,79.03799457271677,78.94590094211833,78.86663908191676,78.80403398942401,78.76191066195202,78.74409409681273,78.7544092913181,78.79668124278007,78.87473494851056,78.99239540582154,79.15348761202495,79.36028795640962,79.60640727750993,79.88244388731528,80.17899307319004,80.48665012249856,80.79601032260521,81.09766896087433,81.38222132467028,81.64026270135744,81.86238837830015,82.03919364286277,82.16127378240967,82.21922408430517,82.20363983591369,82.10511632459952,81.91424883772709,81.62163266266069,81.21786308676474,80.69353539740356,80.0392448819415
70.2908183522852,70.09711292919033,69.92107013683523,69.76205328356127,69.61942567770996,69.49255062762265,69.38079144164081,69.28351142810584,69.2000738953592,69.12984215174225,69.07217950559647,69.02644926526324,68.99201473908403,68.96823923540023,68.95448606255329,68.95011852888462,68.95449994273565,68.9669936124478,68.98696284636247,69.01377095282112,69.04678129597733,69.08541282889965,69.12924440650534,69.17788345953952,69.2309374187472,69.2880137148735,69.34871977866342,69.4126630408621,69.47945093221455,69.54869088346584,69.61999032536104,69.69295668864527,69.7671974040635,69.84231990236083,69.91793161428237,69.99363997057313,70.06905240197818,70.1437763392426,70.21741921311148,70.28958845432985,70.35989260719995,70.42812102987018,70.49444224670673,70.55907252583961,70.62222813539887,70.68412534351452,70.7449804183166,70.80500962793514,70.86442924050014,70.92345552414166,70.98230474698973,71.04119317717435,71.10033708282556,71.15995273207339,71.22025639304788,71.28146433387903,71.3437928226969,71.40745812763149,71.47267651681284,71.53966425837098,71.60863552971338,71.67967906489507,71.75268916077466,71.82754338843047,71.9041193189408,71.98229452338396,72.06194657283825,72.14295303838199,72.2251914910935,72.30853950205105,72.39287464233297,72.47807448301756,72.56401659518313,72.650578549908,72.73763791827047,72.82507227134882,72.91275918022139,73.00057621596648,73.08840094966239,73.17611095238743,73.26358512002757,73.35074252740124,73.4375487003956,73.52397175241276,73.60997979685484,73.69554094712402,73.78062331662238,73.86519501875208,73.94922416691523,74.03267887451395,74.11552725495036,74.19773742162664,74.27927748794488,74.36011556730719,74.44021977311576,74.51955821877266,74.59809901768003,74.67581028324,74.75266012885473,74.82861666792633,74.90366231531182,74.97803622558708,75.05219962632002,75.12662106742347,75.20176909881023,75.27811227039318,75.35611913208514,75.43625823379891,75.51899812544734,75.60480735694325,75.69415447819951,75.78750803912888,75.88533658964425,75.98810867965847,76.09629285908429,76.21035767783462,76.33077168582224,76.45800343296,76.59252146916072,76.73479434433725,76.88520220434833,77.0430974979239,77.20716964338826,77.37609700855893,77.54855796125344,77.7232308692893,77.89879410048408,78.07392602265526,78.24730500362037,78.41760941119696,78.58351761320256,78.7437079774547,78.89685887177086,79.04164866396863,79.1767557218655,79.30085841327897,79.41263510602664,79.51076416792597,79.59392396679453,79.66079287044982,79.7103108685591,79.74349567066915,79.76235579327368,79.76890585483375,79.76516047381043,79.75313426866475,79.73484185785776,79.71229785985057,79.68751689310417,79.66251357607968,79.6393025272381,79.61989836504048,79.60631570794794,79.60056917442151,79.60467338292224,79.62064295191115,79.65049249984938,79.6962366451979,79.7598900064178,79.84346720197018,79.94809740490155,80.06995509858578,80.20349229836381,80.3431592901911,80.483406360023,80.61868379381491,80.74344187752226,80.85213089710047,80.9392011385049,80.99910288769098,81.0262864306141,81.01520205322967,80.9603000414931,80.85603068135981,80.69684425878515,80.47719105972456,80.19152137013342,79.83428547596719,79.3999336631812,78.8829162177309
69.96518501379842,69.84952363136496,69.74260886583068,69.64428042421318,69.5543780135301,69.47274134079903,69.39921011303761,69.33362403726345,69.27582282049417,69.22564616974736,69.18293379204067,69.1475253943917,69.11926068381807,69.09797936733739,69.08352115196729,69.07572574472536,69.07443285262924,69.07948218269655,69.0907134419449,69.10796633739189,69.13108054892703,69.15986873683617,69.19406583935245,69.23339290511356,69.27757098275718,69.32632112092101,69.37936436824272,69.43642177336002,69.4972143849106,69.56146325153215,69.62888942186233,69.69921394453885,69.77215786819941,69.84744224148169,69.92478811302337,70.00391653146215,70.08454854543571,70.16640520358176,70.24920755453796,70.332676646942,70.41653385166344,70.50055286196702,70.58461709105946,70.66862376783763,70.75247012119847,70.83605338003886,70.91927077325573,71.00201952974597,71.08419687840647,71.16570004813416,71.24642626782591,71.32627276637865,71.40513677268929,71.48291551565471,71.55950622417184,71.63480612713757,71.70871245344878,71.78112243200242,71.85193329169537,71.92104226142453,71.98834881030254,72.05388682038516,72.11789851379008,72.18064403436071,72.2423835259405,72.30337713237284,72.3638849975012,72.42416726516899,72.48448407921963,72.54509558349655,72.60626192184318,72.66824323810295,72.73129967611928,72.79569137973562,72.86167849279535,72.92952115914194,72.9994795226188,73.07181372706937,73.14678391633706,73.22465023426531,73.30566571794648,73.38986787003897,73.47704501274258,73.56697158788405,73.6594220372901,73.75417080278741,73.85099232620273,73.94966104936277,74.04995141409424,74.15163786222385,74.25449483557831,74.35829677598436,74.46281812526868,74.56783332525802,74.67311681777907,74.77844304465854,74.88358644772318,74.98832146879965,75.09242254971473,75.19566413229508,75.29782716376613,75.39880937627093,75.49860951778363,75.59722966704251,75.69467190278588,75.79093830375203,75.88603094867926,75.97995191630586,76.07270328537012,76.16428713461036,76.25470554276485,76.3439605885719,76.4320543507698,76.51898890809686,76.60476633929134,76.68938872309157,76.77285813823583,76.85517666346243,76.93634637750965,77.0163693591158,77.09525056520141,77.17302841155586,77.2497629003354,77.32551439346913,77.40034325288613,77.47430984051546,77.54747451828621,77.61989764812745,77.69163959196825,77.7627607117377,77.83332136936485,77.90338192677879,77.97300274590862,78.04224418868338,78.11116661703218,78.17983039288404,78.24829587816811,78.31662343481344,78.38487342474909,78.45310620990412,78.52139919401407,78.58996512157469,78.65908127733411,78.72902534351698,78.800075002348,78.87250793605179,78.94660182685308,79.02263435697651,79.10088320864676,79.18162606408848,79.26514060552637,79.35170451518508,79.44159547528926,79.53509116806364,79.63246927573283,79.73400748052151,79.83998346465438,79.9506749103561,80.06635949985133,80.18731491536471,80.31293764385103,80.43769326513919,80.55433315888462,80.65560698365817,80.73426439803077,80.78305506057325,80.79472862985651,80.76203476445144,80.67772312292891,80.53454336385983,80.32524514581505,80.04257812736543,79.67929196708192,79.22813632353535,78.6818608552966,78.03321522093657,77.27494907902613,76.39981208813622,75.40055390683762,74.26992419370127
71.0190666985033,70.83752111825552,70.67046140572025,70.51746516151782,70.3781099862686,70.25197348059297,70.13863324511128,70.03766688044391,69.9486519872112,69.87116616603356,69.80478701753131,69.74909214232484,69.7036591410345,69.66806561428068,69.64188916268373,69.624707386864,69.61609788744187,69.61563826503772,69.62290612027189,69.63747905376476,69.65893466827073,69.68685269204778,69.72081896737778,69.76042042917089,69.80524401233731,69.85487665178724,69.90890528243087,69.96691683917837,70.02849825693995,70.0932364706258,70.1607184151461,70.23053102541105,70.30226123633086,70.37549598281568,70.44982219977572,70.52482682212118,70.60009678476224,70.67521902260908,70.74978047057192,70.82336806356092,70.89556975441336,70.96613878187198,71.03517498884172,71.10282186185,71.16922288742424,71.23452155209186,71.29886134238025,71.36238574481685,71.42523824592904,71.48756233224427,71.54950149028991,71.61119920659341,71.67279896768218,71.73444426008362,71.79627857032514,71.85844538493416,71.9210881904381,71.98435047336437,72.04837572024037,72.11330741759353,72.17928818030198,72.24640832428788,72.31467710209155,72.38409679305919,72.45466967653698,72.52639803187114,72.59928413840787,72.67333027549334,72.74853872247378,72.82491175869536,72.9024516635043,72.98116071624678,73.06104119626899,73.14209538291715,73.22432555553745,73.30773399347608,73.39232297607924,73.47809478269312,73.56505169266394,73.65319598533787,73.7425272268958,73.83296269830149,73.92432455015953,74.01642963392344,74.10909480104681,74.20213690298317,74.29537279118608,74.38861931710909,74.48169333220575,74.57441168792963,74.66659123573426,74.75804882707321,74.84860131340002,74.93806554616826,75.02625837683145,75.11299665684318,75.19809723765698,75.28137697072641,75.36265270750503,75.44174129944638,75.51847936206819,75.5930583153685,75.66597647573394,75.7377422787521,75.8088641600105,75.87985055509667,75.95120989959818,76.02345062910257,76.09708117919737,76.17260998547013,76.2505454835084,76.33139610889972,76.41567029723163,76.50387648409168,76.59652310506739,76.69411859574633,76.79717139171603,76.90618992856406,77.02168264187792,77.14415796724518,77.27403940930247,77.41076315038235,77.55312839068561,77.69992371404425,77.8499377042902,78.00195894525544,78.15477602077193,78.30717751467164,78.45795201078653,78.60588809294856,78.7497743449897,78.88839935074193,79.02055169403718,79.14501995870745,79.26059272858468,79.36605858750085,79.46020611928792,79.54182390777784,79.60970053680259,79.66262459019413,79.69958187800934,79.72112452003284,79.72855156568822,79.72316666442761,79.7062734657031,79.67917561896688,79.64317677367103,79.59958057926771,79.54969068520904,79.49481074094714,79.43624439593415,79.37529529962221,79.31326710146344,79.25146345090995,79.1911879974139,79.13374439042742,79.08043627940263,79.03256731379166,78.99144114304663,78.95836141661968,78.93444094998371,78.91972470831767,78.91388642507525,78.91659946098756,78.92753717678568,78.94637293320072,78.97278009096377,79.00643201080594,79.0470020534583,79.09416357965198,79.14758995011803,79.20695452558759,79.27193066679173,79.34219173446157,79.41741108932817,79.49726209212267,79.58141810357613,79.66955248441964,79.76133859538433,79.8564497972013
70.92533140189465,70.76242299646265,70.60406727737725,70.45077779809716,70.30306811208109,70.1614517727877,70.0264423336757,69.89855334820382,69.77829836983074,69.66619095201514,69.56274464821576,69.46847301189126,69.38388959650038,69.3095079555018,69.24584164235421,69.19340421051632,69.15270921344683,69.12427020460441,69.10860073744783,69.10621436543573,69.11762428226896,69.14298536282755,69.1814217757447,69.23187349363326,69.29328048910614,69.3645827347762,69.44472020325632,69.53263286715935,69.62726069909817,69.72754367168565,69.83242175753469,69.9408349292581,70.05172315946879,70.16402642077963,70.2766846858035,70.38863792715327,70.49882611744178,70.60618922928191,70.70966723528656,70.80820010806858,70.90073076960115,70.98668104423939,71.06647701352722,71.14067121283222,71.20981617752204,71.27446444296433,71.33516854452668,71.39248101757673,71.4469543974821,71.49914121961041,71.5495940193293,71.5988653320064,71.64750769300929,71.69607363770564,71.74511570146305,71.79518641964918,71.84683832763162,71.90062396077798,71.95709585445593,72.01680654403305,72.08030316490814,72.14780885434772,72.21904455251342,72.29368799981597,72.37141693666598,72.45190910347418,72.53484224065122,72.6198940886078,72.70674238775453,72.79506487850219,72.88453930126138,72.97484339644282,73.06565490445715,73.1566515657151,73.24751112062728,73.33791130960444,73.42752987305718,73.51604455139625,73.60313308503228,73.68847321437599,73.77175017636162,73.85287656342925,73.93202781487864,74.00939401165729,74.08516523471269,74.15953156499234,74.23268308344376,74.30480987101441,74.3761020086518,74.44674957730345,74.51694265791684,74.58687133143948,74.65672567881884,74.72669578100246,74.79697171893781,74.8677435735724,74.9392014258537,75.01153535672924,75.0849354471465,75.159591778053,75.23569019868356,75.31334059056746,75.39258712519987,75.4734718074391,75.55603664214343,75.64032363417115,75.72637478838058,75.81423210963001,75.90393760277769,75.99553327268197,76.08906112420112,76.18456316219343,76.28208139151721,76.38165781703074,76.48333444359236,76.58715327606029,76.69315631929288,76.8013855781484,76.91188305748514,77.02469076216141,77.13982932424668,77.25707091714017,77.37602741832481,77.49630803368498,77.61752196910504,77.73927843046931,77.86118662366215,77.98285575456791,78.10389502907094,78.2239136530556,78.34252083240622,78.45932577300721,78.57393768074283,78.68596576149747,78.79501922115551,78.90070726560126,79.00263910071911,79.10042393239337,79.19367096650839,79.28198940894856,79.36503876308711,79.44287797941067,79.51575649364804,79.58392491464744,79.64763385125707,79.70713391232502,79.76267570669953,79.81450984322873,79.86288693076082,79.90805757814394,79.95027239422626,79.98978198785596,80.02683696788122,80.06168794315019,80.09458552251107,80.12578031481198,80.15552292890112,80.18406397362668,80.2116540578368,80.23854379037962,80.26489014259556,80.29032611812988,80.31430256641349,80.33627015399145,80.35567954740895,80.37198141321107,80.384626417943,80.39306522814977,80.39674851037657,80.39512693116848,80.38765115707068,80.37377185462822,80.35293969038628,80.32460533089,80.28821944268444,80.24323269231473,80.18909574632607,80.1252592712635,80.0511739336722,79.96629040009725
71.65603905752648,71.5093450159342,71.36124579385356,71.21260929110254,71.06430340749915,70.91719604286136,70.7721550970072,70.63004846975463,70.49174406092165,70.35810977032625,70.23001349778643,70.10832314312019,69.99390660614552,69.88763178668039,69.79036658454282,69.70297889955079,69.6263366315223,69.56130768027535,69.5087599456279,69.46956132739798,69.44457930065909,69.43425829497521,69.43782584695377,69.45429202402464,69.48266689361765,69.52196052316265,69.5711829800895,69.62934433182805,69.69545464580814,69.76852398945962,69.84756243021236,69.93158003549618,70.01958687274096,70.11059300937652,70.20360851283273,70.29764345053943,70.39170788992647,70.48481189842371,70.57596554346098,70.66417889246816,70.7484645521183,70.82824743870674,70.90381708085424,70.97557187723578,71.04391022652636,71.10923052740098,71.17193117853463,71.23241057860231,71.291067126279,71.3482992202397,71.4045052591594,71.46008364171307,71.51543276657574,71.57095103242239,71.62703683792799,71.68408858176757,71.74250466261608,71.80268347914856,71.86502343003997,71.9299229139653,71.99777642069337,72.06874390562224,72.14262179587526,72.21917524732635,72.29816941584943,72.37936945731843,72.46254052760727,72.54744778258988,72.63385637814018,72.72153147013209,72.81023821443954,72.89974176693646,72.98980728349675,73.08019991999434,73.17068483230318,73.26102717629716,73.35099210785023,73.44034478283629,73.52885035712929,73.61627398660313,73.70238780639806,73.7871756197159,73.87086594028393,73.95370091320905,74.03592268359813,74.11777339655804,74.19949519719565,74.28133023061784,74.36352064193147,74.44630857624342,74.52993617866058,74.6146455942898,74.70067896823797,74.78827844561192,74.87768617151859,74.9691442910648,75.06289494935743,75.15918029150338,75.25824246260949,75.36032360778268,75.46564827768103,75.57412516741945,75.68538976551312,75.79906855211951,75.91478800739611,76.03217461150035,76.15085484458973,76.27045518682169,76.39060211835374,76.51092211934332,76.63104166994788,76.75058725032488,76.86918534063184,76.9864624210262,77.1020449716654,77.21555947270696,77.3266324043083,77.4348902466269,77.53995947982028,77.64146658404584,77.73905735122509,77.83260207253622,77.92211587738757,78.00761630915798,78.0891209112263,78.16664722697138,78.24021279977202,78.30983517300712,78.37553189005544,78.43732049429588,78.49521852910726,78.54924353786845,78.59941306395822,78.64574465075549,78.68825584163903,78.72696417998773,78.7618872091804,78.79304247259591,78.82044751361306,78.84411987561072,78.86411969852622,78.88084541100073,78.89485676216964,78.90671449467396,78.91697935115485,78.92621207425341,78.93497340661071,78.94382409086782,78.95332486966589,78.96403648564598,78.97651968144919,78.99133519971664,79.0090437830894,79.03020617420859,79.05538311571524,79.08513535025054,79.12002362045553,79.16060866897129,79.20745123843898,79.26111207149961,79.321870523467,79.38843138970793,79.45895207930394,79.53158945175198,79.60450036654902,79.675841683192,79.74377026117784,79.80644296000347,79.86201663916589,79.90864815816198,79.94449437648873,79.96771215364308,79.97645834912197,79.96888982242231,79.94316343304106,79.89743604047521,79.82986450422163,79.73860568377734,79.62181643863923,79.47765362830424
70.87549551006434,70.73703417001752,70.60388820498264,70.47632015273665,70.35459255105653,70.23896793771928,70.12970885050188,70.02707782718132,69.93133740553455,69.84275012333859,69.7615785183704,69.68808512840697,69.62253249122527,69.5651831446023,69.51629962631505,69.47614447414047,69.44498022585557,69.42306941923732,69.41067459206272,69.40805828210873,69.41548280419451,69.43298840715342,69.45997656567272,69.49573460003741,69.5395498305324,69.59070957744265,69.6485011610531,69.71221190164873,69.78112911951445,69.8545401349352,69.93173226819599,70.0119928395817,70.0946091693773,70.17886857786776,70.264058385338,70.34946591207299,70.43437847835766,70.51808340447695,70.59986801071584,70.67901961735926,70.75482737531532,70.82687768292855,70.89538026573126,70.96062333722391,71.02289511090697,71.08248380028091,71.1396776188462,71.19476478010336,71.2480334975528,71.29977198469503,71.35026845503052,71.39981112205975,71.44868819928317,71.49718790020128,71.54559843831456,71.59420802712346,71.64330488012847,71.69317721083007,71.74411323272872,71.7964011593249,71.85032747871075,71.90607515447861,71.9636666872461,72.0231107743642,72.08441611318389,72.14759140105613,72.21264533533193,72.27958661336224,72.34842393249805,72.41916599009035,72.4918214834901,72.5663991100483,72.64290756711591,72.72135555204392,72.8017517621833,72.88410489488504,72.96842364750012,73.0547167173795,73.14299280187419,73.23326059833514,73.32552594823764,73.4197080797019,73.51562608670659,73.6130934853481,73.71192379172285,73.81193052192728,73.91292719205782,74.01472731821087,74.11714441648289,74.21999200297026,74.32308359376943,74.42623270497681,74.52925285268883,74.63195755300193,74.7341603220125,74.83567467581697,74.9363141305118,75.03589220219338,75.13422240695814,75.2311182609025,75.32640310529074,75.42007666280027,75.51229122131483,75.60320409920405,75.6929726148376,75.78175408658514,75.86970583281634,75.95698517190083,76.0437494222083,76.13015590210836,76.2163619299707,76.302524824165,76.38880190306088,76.475350485028,76.56232788843604,76.64989143165462,76.73819843305344,76.82740621100211,76.91767208387034,77.00915337002778,77.10196842302142,77.19578263033517,77.28996914328309,77.38389624257653,77.47693220892668,77.56844532304493,77.65780386564248,77.74437611743065,77.82753035912069,77.9066348714239,77.98105793505158,78.05016783071497,78.11333283912538,78.16992124099406,78.21930131703232,78.26084134795144,78.29390961446268,78.31787439727734,78.3321039771067,78.33596663466201,78.32901863203062,78.31230912129485,78.28759917234308,78.2566542394689,78.22123977696597,78.1831212391279,78.14406408024834,78.1058337546209,78.07019571653919,78.03891542029686,78.01375832018755,77.99648987050486,77.98887552554243,77.99268073959388,78.00967096695283,78.04161166191292,78.09026827876781,78.15740627181106,78.24479109533632,78.35418820363725,78.48603148255756,78.6333037562049,78.78639753193676,78.93570271639098,79.07160921620545,79.18450693801796,79.26478578846641,79.30283567418866,79.28904650182255,79.21380817800593,79.06751060937668,78.84054370257263,78.52329736423164,78.10616150099159,77.57952601949026,76.93378082636556,76.15931582825539,75.24652093179755,74.18578604362988,72.96750107039024
70.59028389869106,70.38113373054262,70.19187428524556,70.0217169829495,69.86987324380397,69.73555448795855,69.61797213556282,69.51633760676636,69.42986232171872,69.35775770056948,69.29923516346821,69.25350613056449,69.21978202200788,69.19727425794795,69.18519425853428,69.18275344391644,69.189163234244,69.20363504966653,69.2253803103336,69.2536104363948,69.28753693900468,69.3264619703006,69.36994841175292,69.41760573939342,69.46904342925389,69.52387095736611,69.58169779976186,69.64213343247293,69.70478733153111,69.76926897296818,69.83518783281592,69.90215338710611,69.96977511187055,70.03766248314102,70.1054249769493,70.17267206932715,70.23901323630639,70.3040579539188,70.36741569819615,70.42869594517023,70.4875095817515,70.54369658627556,70.59757734126742,70.64953272067538,70.69994359844772,70.74919084853272,70.79765534487866,70.84571796143383,70.89375957214652,70.94216105096501,70.9913032718376,71.04156710871254,71.09333343553814,71.1469831262627,71.20289705483447,71.26145609520175,71.32304112131284,71.388033007116,71.45681262655953,71.52976085359171,71.6072534409609,71.68935886942003,71.77566934812914,71.86573611664882,71.95911041453972,72.05534348136247,72.1539865566777,72.25459088004601,72.35670769102805,72.45988822918443,72.5636837340758,72.66764544526278,72.77132460230598,72.87427244476605,72.97604021220359,73.07617914417925,73.17424048025364,73.26977545998741,73.36233532294118,73.45147130867556,73.53674984237155,73.61819790060262,73.69637490575616,73.77186993963426,73.84527208403907,73.91717042077269,73.9881540316373,74.05881199843499,74.12973340296789,74.20150732703814,74.27472285244787,74.3499690609992,74.42783503449425,74.50890985473517,74.59378260352408,74.68304236266309,74.77727821395435,74.87707923919999,74.98303452020211,75.09573313876287,75.21571877867358,75.34272013863577,75.47576097703926,75.6138418084924,75.75596314760348,75.90112550898083,76.04832940723279,76.19657535696766,76.34486387279378,76.49219546931944,76.63757066115299,76.77998996290277,76.91845388917703,77.05196295458417,77.17951767373246,77.30011856123024,77.41276613168581,77.51646089970752,77.6102033799037,77.69299408688262,77.76394460075049,77.82345763802623,77.8727689064627,77.91312799700002,77.94578450057828,77.97198800813767,77.99298811061824,78.01003439896014,78.0243764641035,78.03726389698839,78.04994628855498,78.06367322974337,78.07969431149367,78.09925912474601,78.12361726044053,78.1540183095173,78.19171186291648,78.23794751157816,78.29397484644248,78.36104345844957,78.4401646086403,78.5304568156492,78.63013600178697,78.7374125306494,78.85049676583237,78.96759907093171,79.08692980954332,79.20669934526298,79.32511804168657,79.44039626240992,79.5507443710289,79.65437273113933,79.74949170633705,79.83431166021795,79.90704295637785,79.96589595841256,80.009081029918,80.03480853448995,80.0412888357243,80.02673229721687,79.99010315912805,79.93458413106613,79.86482444814386,79.78547481788915,79.7011859478299,79.61660854549397,79.53639331840934,79.46519097410386,79.40765222010545,79.36842776394197,79.35216831314138,79.36352457523155,79.40714725774039,79.48768706819583,79.6097947141257,79.77812090305797,79.9973163425205,80.27203174004121,80.60691780314802,81.00662523936883
71.68285079732092,71.42116287932488,71.17761293172877,70.95174307761846,70.74309544007978,70.55121214219862,70.37563530706085,70.21590705775232,70.0715695173589,69.94216480896644,69.82723505566082,69.7263223805279,69.63896890665356,69.56471675712365,69.50310805502403,69.45368492344058,69.41598948545914,69.38956386416558,69.37395018264579,69.36869056398561,69.37332711116125,69.38738189792707,69.4103193838602,69.44159373239157,69.48065910695212,69.52696967097279,69.57997958788452,69.63914302111827,69.70391413410498,69.77374709027558,69.84809605306103,69.92641518589224,70.0081586522002,70.09278061541582,70.17973523897004,70.26847668629382,70.3584591208181,70.4491367059738,70.5399636051919,70.63039398190332,70.71988302714445,70.80805278938476,70.89487521674563,70.98036631593158,71.06454209364715,71.14741855659686,71.22901171148528,71.30933756501693,71.38841212389636,71.46625139482808,71.54287138451664,71.6182880996666,71.69251754698246,71.76557573316877,71.83747866493009,71.90824234897093,71.97788279199582,72.04641600070933,72.11385798181598,72.1802247420203,72.24553351363616,72.30987506553713,72.37345414826427,72.4364853172333,72.49918312785992,72.56176213555985,72.62443689574877,72.68742196384243,72.75093189525649,72.81518124540668,72.8803845697087,72.94675642357825,73.01451136243105,73.08386394168281,73.15502871674921,73.22822024304598,73.30365307598883,73.38154177099345,73.46210088347556,73.54554496885085,73.63208104820157,73.72168764040255,73.81407909176119,73.90895503308984,74.00601509520082,74.10495890890647,74.20548610501915,74.30729631435118,74.41008916771489,74.51356429592262,74.61742132978672,74.72135990011951,74.82507963773335,74.92828017344056,75.03066113805349,75.13192216238444,75.2317628772458,75.32988291344988,75.42598190180901,75.51975947313555,75.61093488709632,75.69957978055442,75.78607058722568,75.87079379079957,75.95413587496547,76.03648332341281,76.11822261983102,76.19974024790949,76.28142269133765,76.36365643380492,76.4468279590007,76.53132375061442,76.61753029233547,76.7058340678533,76.7966215608573,76.89027925503689,76.98719363408149,77.0877511816805,77.19233838152337,77.30134171729948,77.41507327380612,77.53298024871934,77.65395184802414,77.77686797784398,77.90060854430232,78.0240534535226,78.14608261162832,78.2655759247429,78.38141329898984,78.49247464049257,78.59763985537457,78.69578884975928,78.7858015297702,78.86655780153075,78.9369375711644,78.99582074479463,79.04208722854489,79.07461692853863,79.09228975089934,79.09398560175045,79.07891864135003,79.04895757299592,79.00723697788925,78.956899233246,78.90108671628212,78.84294180421357,78.7856068742563,78.73222430362627,78.68593646953944,78.64988574921176,78.6272145198592,78.62106515869769,78.63458004294321,78.67090154981172,78.73317205651915,78.82453394028148,78.94812957831468,79.10710134783467,79.30459162605744,79.54374279019893,79.8261610864907,80.14485702821443,80.48985287384623,80.8511678816064,81.21882130971517,81.58283241639285,81.93322045985968,82.26000469833592,82.55320439004188,82.80283879319782,82.99892716602399,83.13148876674069,83.19054285356816,83.1661086847267,83.04820551843655,82.826852612918,82.49206922639134,82.03387461707682,81.4422880431947,80.70732876296526
70.01885833189004,70.00985732088947,69.99174113963444,69.96554998025093,69.93232403486485,69.89310349560218,69.84892855458887,69.80083940395086,69.74987623581411,69.69707924230458,69.64348861554822,69.59014454767097,69.5380872307988,69.48835685705764,69.44199361857346,69.40003770747222,69.36352931587984,69.33350863592231,69.31101585972557,69.29709117941556,69.29277440632423,69.29872608094693,69.31451576893288,69.33951806939679,69.37310758145338,69.41465890421739,69.46354663680354,69.51914537832657,69.58082972790119,69.64797428464213,69.71995364766413,69.7961424160819,69.87591518901019,69.95864656556371,70.04371114485718,70.13048352600534,70.21833830812291,70.30665009032464,70.39479347172522,70.4821430514394,70.56807478488149,70.6521848566116,70.73453127119993,70.81523018456156,70.8943977526116,70.97215013126511,71.0486034764372,71.12387394404296,71.19807768999745,71.27133087021579,71.34374964061305,71.41545015710435,71.48654857560473,71.55716105202931,71.62740374229318,71.69739280231141,71.76724438799911,71.83707465527135,71.90699976004325,71.97713585822984,72.04759838262757,72.11845937891155,72.18972364271893,72.26139018473734,72.33345801565443,72.40592614615784,72.47879358693521,72.55205934867419,72.6257224420624,72.6997818777875,72.77423666653713,72.84908581899893,72.92432834586053,72.9999632578096,73.07598956553375,73.15240627972062,73.22921241105789,73.30640697023316,73.3839889679341,73.46195741484833,73.54031255281006,73.61909196202028,73.69837638975623,73.77824898787829,73.85879290824684,73.94009130272224,74.0222273231649,74.10528412143516,74.18934484939344,74.27449265890007,74.36081070181547,74.44838212999998,74.537290095314,74.62761774961791,74.71944824477208,74.81286473263688,74.9079503650727,75.00478829393991,75.10346167109888,75.20405364841001,75.30663987702228,75.41116135531381,75.51744261061631,75.62530432989723,75.73456720012405,75.84505190826421,75.9565791412852,76.06896958615445,76.18204392983945,76.29562285930764,76.40952706152648,76.52357722346346,76.637594032086,76.7513981743616,76.86481033725771,76.97765120774177,77.0897414727813,77.20090181934367,77.31095293439643,77.419715504907,77.52700918454951,77.6326416149632,77.73641268808731,77.83812216669952,77.93756981357737,78.03455539149849,78.12887866324053,78.22033939158104,78.30873733929764,78.39387226916796,78.47554394396963,78.55355212648018,78.62769657947732,78.69777706573859,78.76359334804161,78.824945189164,78.88163235188338,78.93345459897733,78.98021169322351,79.02170339739945,79.05778920331292,79.08880295226993,79.11530468968752,79.13785585407965,79.1570178839603,79.17335221784344,79.187420294243,79.19978355167297,79.21100342864727,79.22164136367991,79.23225879528479,79.24341716197594,79.25567790226728,79.26960245467279,79.2857522577064,79.3046887498821,79.32697336971384,79.35316755571557,79.38383274640128,79.4195303802849,79.46086663249227,79.50869801094811,79.56396805026742,79.62762037244136,79.7005985994611,79.7838463533179,79.87830725600287,79.98492492950723,80.10464299582219,80.23840507693888,80.38715479484853,80.55183577154233,80.73339162901141,80.93276598924703,81.15090247424033,81.38874470598253,81.64723630646478,81.9273208976783,82.22994210161426,82.55604354026383
71.12085680678544,71.10313119764984,71.0652288964564,71.0092252985454,70.93719579925707,70.85121579393167,70.75336067790947,70.64570584653072,70.53032669513567,70.4092986190646,70.28469701365775,70.15859727425537,70.03307479619774,69.9102049748251,69.79206320547773,69.68072488349586,69.57826540421976,69.48676016298968,69.4082845551459,69.34491397602865,69.29872305198688,69.27102049401259,69.26091185295961,69.26710895612482,69.28832363080504,69.32326770429717,69.37065300389804,69.42919135690454,69.49759459061349,69.57457453232178,69.65884300932625,69.74911184892376,69.84409287841119,69.94249792508536,70.04303881624317,70.14442737918147,70.2453754411971,70.34459482958692,70.4407973716478,70.53269489467661,70.61900262636077,70.69898793280804,70.77307601311844,70.84183785813809,70.90584445871312,70.96566680568962,71.02187588991372,71.0750427022315,71.12573823348912,71.17453347453265,71.22199941620823,71.26870704936198,71.31522736484,71.36213135348838,71.40999000615328,71.45937431368077,71.51085526691699,71.56500385670805,71.62239107390006,71.68358790933912,71.7491597355411,71.81933482520567,71.8938189463175,71.97227292021908,72.05435756825294,72.13973371176155,72.22806217208745,72.31900377057312,72.41221932856105,72.50736966739377,72.60411560841378,72.70211797296358,72.80103758238567,72.90053525802256,73.00027182121674,73.09990809331073,73.19910489564703,73.29752304956813,73.39482337641655,73.49066669753479,73.58472154149679,73.67689018275509,73.76734513056462,73.85627394736674,73.94386419560286,74.03030343771428,74.11577923614242,74.20047915332862,74.28459075171423,74.36830159374064,74.4517992418492,74.53527125848129,74.61890520607825,74.70288864708148,74.78740914393231,74.8726542590721,74.95881155494226,75.04606859398412,75.13461293863904,75.22463215134839,75.31630302464953,75.40960900976273,75.50436632283864,75.600385665837,75.69747774071753,75.79545324944003,75.89412289396422,75.99329737624987,76.09278739825675,76.19240366194461,76.29195686927318,76.39125772220224,76.49011692269151,76.5883451727008,76.68575317418981,76.78215162911832,76.87735123944609,76.97116270713285,77.06339673413838,77.15386402242243,77.24239831360445,77.32910118534835,77.41424701276588,77.49811305092639,77.58097655489914,77.6631147797534,77.7448049805585,77.82632441238368,77.90795033029828,77.98995998937154,78.07263064467278,78.15623955127127,78.2410639642363,78.32738113863718,78.41546832954317,78.50560279202357,78.59806178114766,78.69312255198473,78.79106235960408,78.89215845907499,78.99659218351238,79.10378308351328,79.21278743673385,79.32265928358353,79.43245266447174,79.5412216198079,79.64802019000146,79.75190241546183,79.85192233659846,79.94713399382076,80.03659142753816,80.11934867816011,80.194459786096,80.2609787917553,80.31795973554742,80.36445665788179,80.39952359916784,80.42221459981499,80.4315837002327,80.42668494083036,80.40672563798573,80.37177079489143,80.32218358439718,80.25832747871985,80.18056595007627,80.08926247068332,79.98478051275784,79.86748354851669,79.73773505017671,79.59589848995478,79.44233734006771,79.2774150727324,79.10149516016568,78.91494107458442,78.71811628820544,78.51138427324562,78.29510850192182,78.06965244645089,77.83537957904967,77.59265337193501
67.90643526151419,68.4054541229408,68.83368630152327,69.19572438185018,69.49616094851008,69.73958858609151,69.93059987918305,70.0737874123732,70.17374377025057,70.23506153740368,70.26233329842108,70.26015163789134,70.23310914040299,70.18579839054459,70.1228119729047,70.04874247207186,69.96818247263464,69.88572455918157,69.80596131630122,69.73348532858212,69.672887919076,69.62750392013477,69.5970538610432,69.58061236422031,69.57725405208512,69.58605354705666,69.60608547155395,69.636424447996,69.67614509880184,69.72432204639048,69.78002991318095,69.84234332159227,69.91033689404345,69.98308525295353,70.05966302074152,70.13914481982643,70.22060527262731,70.30311900156315,70.38576062905298,70.46760477751582,70.54772805056336,70.6255287479667,70.70107976560017,70.77453894297375,70.84606411959744,70.91581313498124,70.98394382863509,71.05061404006901,71.11598160879296,71.18020437431693,71.24344017615091,71.30584685380488,71.36758224678881,71.42880419461271,71.48967053678653,71.55033911282028,71.61096776222394,71.67171432450748,71.73273663918089,71.79419254575414,71.85623946485362,71.91900968408774,71.98259653488724,72.04708999761378,72.11258005262904,72.17915668029465,72.24690986097232,72.31592957502369,72.38630580281041,72.45812852469416,72.53148772103663,72.60647337219943,72.68317545854428,72.7616839604328,72.8420888582267,72.9244801322876,73.0089477629772,73.09558173065714,73.1844720156891,73.27570859843473,73.36937534699146,73.4653707559427,73.56337900860679,73.66307235028596,73.76412302628248,73.86620328189856,73.9689853624365,74.07214151319852,74.17534397948685,74.27826500660376,74.38057683985149,74.48195172453228,74.58206190594838,74.68057962940205,74.7771771401955,74.87152668363102,74.96330050501082,75.05217084963718,75.13780996281231,75.21989008983849,75.29810273621288,75.37248516645249,75.44337371738148,75.5111145870438,75.57605397348348,75.63853807474447,75.69891308887081,75.75752521390643,75.81472064789534,75.87084558888154,75.926246234909,75.98126878402171,76.03625943426366,76.09156438367883,76.14752983031121,76.20450197220478,76.26282700740356,76.32285113395149,76.38492054989257,76.44938145327082,76.5165658609022,76.58664093282748,76.6596674698775,76.73570450022969,76.8148110520614,76.89704615355002,76.98246883287294,77.07113811820753,77.16311303773118,77.25845261962127,77.35721589205517,77.45946188321028,77.56524962126399,77.67463813439366,77.78768645077668,77.90445359859042,78.0249986060123,78.14938050121967,78.2776583123899,78.40989106770041,78.54604257023576,78.6853203748215,78.82657140247687,78.96864035322774,79.11037192709992,79.25061082411922,79.3882017443115,79.52198938770255,79.65081845431824,79.77353364418438,79.88897965732681,79.99600119377135,80.09344295354383,80.18014963667007,80.25496594317592,80.31673657308718,80.36430622642972,80.39651960322934,80.41222140351188,80.41025632730316,80.38981511528245,80.35202484889481,80.298685766794,80.23159878349432,80.15256481351015,80.06338477135589,79.96585957154585,79.86179012859442,79.75297735701595,79.64122217132483,79.52832548603537,79.41608821566199,79.30631127471902,79.20079557772081,79.10134203918174,79.00975157361619,78.92782509553848,78.857363519463,78.8001677599041,78.75803873137615
68.81986316415872,68.79547941571488,68.77683515440512,68.76370549653852,68.75586555842425,68.7530904563714,68.75515530668912,68.76183522568651,68.77290532967274,68.7881407349569,68.80731655784813,68.83020791465555,68.85658992168828,68.88623769525549,68.91892635166624,68.95443100722972,68.99252677825501,69.03298878105127,69.0755921319276,69.12011194719315,69.16632338251686,69.21404079595771,69.26319131148574,69.3137222053036,69.36558075361395,69.41871423261945,69.47306991852273,69.52859508752647,69.58523701583333,69.64294297964594,69.70166025516697,69.76133611859908,69.82191784614493,69.88335271400715,69.94558799838842,70.00857097549138,70.07224892151869,70.13656911267303,70.20147882515701,70.26692533517333,70.33285610237787,70.39924837465195,70.46614186571658,70.5335841548519,70.60162282133804,70.67030544445515,70.73967960348341,70.8097928777029,70.8806928463938,70.95242708883625,71.02504318431039,71.09858871209636,71.1731112514743,71.24865838172435,71.32527768212667,71.40301673196139,71.48192311050865,71.56204439704861,71.64342817086138,71.72612201122713,71.81017196661094,71.89553223657454,71.98201465487944,72.0694188087667,72.15754428547741,72.24619067225262,72.33515755633341,72.42424452496084,72.51325116537599,72.60197706481992,72.6902218105337,72.77778498975839,72.86446618973507,72.95006499770481,73.03438100090868,73.11721378658774,73.19836294198305,73.27762805433571,73.35480871088676,73.42970449887727,73.50212508517092,73.57218583268528,73.64035552110512,73.70712261687804,73.77297558645165,73.83840289627358,73.90389301279146,73.96993440245288,74.03701553170546,74.10562486699685,74.17625087477462,74.24938202148643,74.32550677357986,74.40511359750255,74.48869095970213,74.57672732662618,74.66971116472234,74.76813094043823,74.87247512022147,74.98323217051966,75.10085370128857,75.22512967474233,75.35527774548966,75.49049669761544,75.62998531520455,75.77294238234188,75.91856668311233,76.06605700160075,76.21461212189206,76.36343082807113,76.51171190422285,76.65865413443211,76.80345630278379,76.94531719336277,77.08343559025396,77.2170102775422,77.34524003931243,77.46732365964951,77.58245992263832,77.68984761236376,77.78875281909815,77.87922406754296,77.9618146788055,78.03708638726654,78.10560092730682,78.1679200333071,78.22460543964817,78.27621888071076,78.32332209087562,78.36647680452353,78.40624475603525,78.44318767979152,78.47786731017308,78.51084538156076,78.54268362833525,78.57394378487732,78.60518758556773,78.63697676478728,78.66987305691669,78.7044381963367,78.74114117989961,78.7797145116661,78.81953948272451,78.8599952211888,78.90046085517292,78.94031551279087,78.97893832215661,79.01570841138405,79.05000490858723,79.08120694188005,79.1086936393765,79.13184412919054,79.15003753943611,79.16265299822723,79.1690696336778,79.16866657390179,79.1608229470132,79.14491788112596,79.12033050435406,79.08643994481142,79.0430473666762,78.99231552264979,78.9372281574646,78.8807698401423,78.82592513970451,78.77567862517284,78.733014865569,78.70091842991462,78.68237388723131,78.68036580654069,78.69787875686447,78.73789730722424,78.80340602664165,78.89738948413839,79.02283224873602,79.18271888945623,79.38003397532066,79.61776207535095,79.89888775856872,80.22639559399565
70.42367627529315,70.39936382199821,70.36675814142552,70.32689066363827,70.2807928186996,70.22949603667271,70.17403174762079,70.115431381607,70.05472636869452,69.99294813894653,69.93112812242622,69.87029774919674,69.81148844932129,69.75573165286305,69.70405878988518,69.65750129045088,69.6170905846233,69.58385810246564,69.55883527404107,69.54305352941277,69.53754388682587,69.54292719374554,69.55864443891753,69.58392576024485,69.61800129563056,69.6601011829777,69.7094555601893,69.76529456516838,69.82684833581799,69.89334701004117,69.96402072574095,70.03809962082038,70.11481383318247,70.19339350073028,70.27306876136683,70.35306975299517,70.43262661351832,70.51096948083934,70.58732849286123,70.66093378748707,70.73101761998349,70.79715605253509,70.85964610963941,70.91887559775921,70.97523232335726,71.02910409289635,71.08087871283922,71.13094398964867,71.17968772978746,71.22749773971834,71.27476182590412,71.32186779480755,71.3692034528914,71.41715660661843,71.46611506245145,71.51646662685319,71.56859910628643,71.62290030721395,71.67975803609853,71.73956009940292,71.80269036140163,71.86929615507302,71.9391581898864,72.01202563780491,72.08764767079174,72.16577346081004,72.24615217982297,72.32853299979371,72.4126650926854,72.4982976304612,72.58517978508429,72.67306072851781,72.76168963272495,72.85081566966885,72.94018801131267,73.0295558296196,73.11866829655276,73.20727458407534,73.2951238641505,73.38196530874139,73.46755556696196,73.55187805588992,73.63517836020245,73.71771666838688,73.79975316893056,73.8815480503208,73.96336150104496,74.04545370959032,74.12808486444426,74.21151515409409,74.29600476702713,74.38181389173072,74.4692027166922,74.55843143039888,74.64976022133811,74.74344927799721,74.83975878886352,74.93894894242436,75.04127992716708,75.14701193157897,75.25638954382582,75.36937729510008,75.48569747480057,75.60506438496141,75.72719232761675,75.85179560480073,75.97858851854748,76.10728537089113,76.23760046386585,76.36924809950575,76.50194257984496,76.63539820691767,76.76932928275797,76.9034501094,77.03747498887792,77.17111822322585,77.30409411447795,77.43611696466832,77.56690107583114,77.69616075000053,77.82360660848532,77.94890648416265,78.07170060446984,78.19162873675354,78.30833064836047,78.42144610663723,78.53061487893054,78.63547673258701,78.73567143495335,78.8308387533762,78.92061845520222,79.0046503077781,79.0825740784505,79.15402953456608,79.21865644347149,79.27609457251341,79.32598368903852,79.36796356039345,79.40167395392488,79.4267546369795,79.44295415269455,79.45088490792058,79.45157126213793,79.44604011187157,79.43531835364647,79.42043288398764,79.40241059942008,79.38227839646878,79.3610631716587,79.33979182151485,79.31949124256225,79.30118833132585,79.28590998433066,79.27468309810166,79.26853456916385,79.26849129404222,79.27558016926174,79.29082809134745,79.31526195682429,79.34990866221727,79.3954736031658,79.450863151799,79.51435826055457,79.5842392539387,79.65878645645766,79.73628019261764,79.8150007869249,79.89322856388567,79.96924384800616,80.04132696379263,80.10775823575129,80.16681798838839,80.21678654621014,80.25594423372279,80.28257137543255,80.29494829584569,80.2913553194684,80.27007277080692,80.22938097436752,80.16756025465635
70.00801144143527,69.90744235996738,69.81340531182923,69.72597085566741,69.64520955012854,69.5711919538592,69.50398862550603,69.44367012371559,69.39030700713452,69.34396983440942,69.3047291641869,69.27265555511354,69.24781956583597,69.23029175500079,69.2201426812546,69.217442903244,69.22226297961562,69.23467346901604,69.25474493009187,69.28254792148974,69.3181528415827,69.36147045633963,69.41195234815675,69.46896803939917,69.53188705243204,69.60007890962046,69.67291313332959,69.74975924592451,69.82998676977037,69.91296522723229,69.9980641406754,70.08465303246481,70.17210142496566,70.25977884054305,70.34705480156214,70.43329883038801,70.51788044938583,70.60016918092069,70.67953454735775,70.75534607106209,70.82697530785252,70.89412399558736,70.95718626309923,71.01664342354681,71.0729767900888,71.12666767588385,71.17819739409066,71.22804725786793,71.27669858037433,71.32463267476857,71.37233085420928,71.42027443185518,71.46894472086495,71.51882303439731,71.57039068561087,71.62412898766439,71.68051925371648,71.7400427969259,71.80318093045128,71.87041496745132,71.94222049373622,72.01872945420621,72.09954115035114,72.18420906487285,72.27228668047314,72.36332747985392,72.45688494571698,72.5525125607642,72.64976380769741,72.74819216921847,72.84735112802917,72.94679416683144,73.04607476832703,73.14474641521787,73.24236259020574,73.33847677599249,73.43264245528002,73.5244131107701,73.61334222516462,73.6989832811654,73.78090516863381,73.85914404769028,73.93427629198521,74.0069083672773,74.07764673932536,74.1470978738881,74.21586823672428,74.28456429359264,74.35379251025194,74.42415935246089,74.49627128597831,74.57073477656286,74.64815628997337,74.72914229196854,74.81429924830715,74.90423362474792,74.99955188704959,75.10086050097095,75.20876593227072,75.32387464670765,75.446749746269,75.57717586651626,75.7142642903672,75.85710409848858,76.00478437154717,76.1563941902098,76.31102263514319,76.46775878701413,76.6256917264894,76.78391053423579,76.94150429092008,77.097562077209,77.25117297376937,77.40142606126795,77.54741042037153,77.68821513174686,77.82292927606076,77.95064193397994,78.07044218617122,78.18141911330139,78.28272802267668,78.3742941062873,78.45653925591955,78.52989364168965,78.59478743371386,78.65165080210838,78.70091391698949,78.74300694847338,78.7783600666763,78.80740344171448,78.83056724370417,78.84828164276158,78.86097680900295,78.86908291254454,78.87303012350253,78.8732486119932,78.8701685481328,78.8642201020375,78.85583344382357,78.84543874360725,78.83347838755469,78.82049177792513,78.80706458126025,78.79378274902405,78.7812322326806,78.76999898369394,78.76066895352815,78.75382809364726,78.75006235551533,78.7499576905964,78.75410005035454,78.76307538625377,78.77746964975816,78.79786879233177,78.82485876543868,78.85902552054287,78.90095500910843,78.95123318259942,79.01044599247987,79.07917939021385,79.1575400489719,79.2429527428798,79.33190990000796,79.42090301233637,79.50642357184512,79.58496307051414,79.65301300032348,79.70706485325317,79.74361012128318,79.75914029639355,79.75014687056427,79.71312133577536,79.64455518400683,79.54093990723871,79.39876699745102,79.21452794662372,78.98471424673684,78.7058173897704,78.37432886770443,77.98674017251892
71.4352165185814,71.07126428452655,70.7471801421461,70.46092668712366,70.21046651514288,69.9937622218874,69.80877640304084,69.65347165428683,69.52581057130902,69.42375574979106,69.34526978541656,69.28831527386917,69.25085481083252,69.23085099199025,69.22626641302601,69.23506366962341,69.25520535746611,69.28465407223773,69.3213724096219,69.36332296530227,69.40846879321505,69.45522936685458,69.50333705332366,69.55275884504013,69.60346173442184,69.65541271388665,69.70857877585236,69.76292691273684,69.81842411695794,69.87503738093349,69.93273369708132,69.99148005781929,70.05124345556523,70.11199088273699,70.17368933175241,70.23630579502932,70.29980726498559,70.36416073403903,70.4293331946075,70.49529163910883,70.56200313315806,70.62944662776204,70.69762599756689,70.76654825554776,70.83622041467981,70.90664948793818,70.97784248829801,71.04980642873446,71.12254832222266,71.19607518173775,71.27039402025491,71.34551185074926,71.42143568619598,71.49817253957016,71.57572942384701,71.65411335200163,71.73333133700919,71.81339039184483,71.8942975294837,71.97605976290095,72.05868311637127,72.14211429214352,72.22620804332638,72.31081121342507,72.39577064594482,72.48093318439089,72.5661456722685,72.6512549530829,72.73610787033931,72.82055126754297,72.90443198819912,72.987596875813,73.06989277388983,73.15116652593487,73.23126497545333,73.31003496595045,73.38732334093149,73.46297694390167,73.53684261836621,73.60876720783037,73.67860508475289,73.74643896063637,73.8126155309165,73.87749619601641,73.94144235635915,74.00481541236783,74.06797676446556,74.13128781307542,74.19510995862048,74.25980460152385,74.32573314220863,74.39325698109792,74.46273751861479,74.53453615518232,74.60901429122364,74.68653332716183,74.76745466341995,74.85213970042113,74.94094983858847,75.03424647834501,75.13236501446275,75.23517398826424,75.34213812532107,75.45270883631146,75.5663375319136,75.6824756228057,75.80057451966596,75.92008563317258,76.04046037400376,76.16115015283772,76.28160638035264,76.40128046722674,76.51962382413821,76.63608786176528,76.75012399078612,76.86118362187894,76.96871816572197,77.07217903299336,77.17101763437138,77.26468538053417,77.3526948878185,77.43527028834127,77.51309475665822,77.58685911803249,77.65725419772716,77.72497082100526,77.79069981312992,77.85513199936423,77.91895820497125,77.98286925521407,78.04755597535578,78.11370919065948,78.18201972638823,78.25317840780514,78.32787606017325,78.40680350875569,78.49065157881556,78.58011109561588,78.67587288441977,78.77862777049035,78.8888545904464,79.00534863260654,79.12610234782903,79.24910324263062,79.37233882352803,79.49379659703794,79.61146406967708,79.7233287479622,79.82737813840998,79.92159974753717,80.00398108186046,80.07250964789658,80.12517295216225,80.15995850117417,80.17485380144907,80.16784635950367,80.1369236818547,80.08007327501886,79.99528264551286,79.88053929985344,79.73474889299075,79.56195476593342,79.3679863453145,79.1586748510257,78.93985150295873,78.71734752100532,78.49699412505721,78.28462253500615,78.08606397074384,77.90714965216196,77.75371079915229,77.63157863160654,77.54658436941641,77.50455923247365,77.51133444066998,77.57274121389712,77.69461077204681,77.88277433501074,78.14306312268066,78.48130835494827
70.40071067212502,70.28631238558427,70.17647530972623,70.07138744248849,69.97123678180864,69.8762113256243,69.78649907187302,69.70228801849245,69.62376616342014,69.55112150459372,69.48454203995077,69.42421576742888,69.37033068496565,69.32307479049868,69.28263608196556,69.24920255730389,69.22296221445127,69.20410305134529,69.19281306592353,69.18928025612361,69.1936924683465,69.20608661850963,69.22606547008544,69.25315419979182,69.28687798434662,69.32676200046768,69.37233142487288,69.42311143428009,69.47862720540715,69.53840391497192,69.60196673969229,69.66884085628608,69.73855144147119,69.81062367196546,69.88458272448676,69.95995377575295,70.03626200248188,70.11303258139144,70.18979068919944,70.2660615026238,70.34137127530352,70.41542112595178,70.48827886493848,70.56005847562845,70.63087394138653,70.70083924557754,70.77006837156631,70.83867530271769,70.90677402239649,70.97447851396755,71.04190276079572,71.1091607462458,71.17636645368266,71.2436338664711,71.31107696797596,71.3788097415621,71.4469461705943,71.51560023843744,71.58488592845632,71.65491722401579,71.72580701278524,71.79760244070754,71.87024875404943,71.94368243351414,72.0178399598049,72.09265781362494,72.16807247567746,72.24402042666571,72.32043814729289,72.39726211826222,72.47442882027694,72.55187473404025,72.6295363402554,72.7073501196256,72.78525255285406,72.86318012064402,72.94106930369868,73.0188565827213,73.09647843841506,73.17387135148321,73.25097410364121,73.32779526199131,73.40442407287746,73.48095427680806,73.55747961429157,73.6340938258364,73.71089065195103,73.78796383314386,73.86540710992335,73.94331422279792,74.02177891227603,74.1008949188661,74.18075598307657,74.26145584541588,74.34308824639247,74.42574692651478,74.50952562629124,74.59451808623028,74.68081804684036,74.76851924862991,74.85770898878408,74.94835889394884,75.04034053884642,75.13352219921761,75.22777215080316,75.32295866934385,75.41895003058043,75.51561451025367,75.61282038410431,75.71043592787314,75.80832941730091,75.90636912812839,76.00442333609634,76.10236031694551,76.20004834641668,76.2973557002506,76.39415065418807,76.49030148396979,76.58567646533656,76.68014387402916,76.77356502126858,76.86572025573419,76.95633769220734,77.0451445749045,77.13186814804212,77.21623565583661,77.29797434250445,77.37681145226206,77.4524742293259,77.52468991791238,77.59318576223798,77.65768900651913,77.71792689497227,77.77362667181384,77.82451558126029,77.87032086752801,77.91076977483353,77.94558954739325,77.97450742942361,77.99725066514107,78.01364104401601,78.02425120470781,78.03001184501548,78.03185586787514,78.03071617622291,78.02752567299495,78.02321726112737,78.01872384355632,78.0149783232179,78.01291360304828,78.01346258598358,78.0175581749599,78.02613327291341,78.04012078278022,78.06045360749647,78.08806464999829,78.12388681322182,78.16885300010317,78.22389611357848,78.2899490565839,78.36789769893241,78.45836472704305,78.56188133321247,78.6789786178758,78.81018768146814,78.95603962442462,79.11706554718035,79.29379655017044,79.48676373383,79.69649819859418,79.92353104489806,80.16839337317676,80.43161628386538,80.71373087739907,81.01526825421293,81.33675951474208,81.67873575942161,82.04172808868665,82.42626760297233,82.83288540271376
70.64211619940102,70.70275464431711,70.73627310557548,70.74501583243637,70.73132707415998,70.69755108000656,70.64603209923634,70.57911438110955,70.49914217488643,70.40845972982719,70.30941129519206,70.2043411202413,70.0955934542351,69.98551254643372,69.87644264609739,69.77072800248631,69.67071286486075,69.57874148248091,69.49715810460702,69.42830698049934,69.37453158222023,69.33740129277395,69.31625882332587,69.31004895974242,69.31771648789001,69.33820619363506,69.37046286284401,69.41343128138325,69.46605623511921,69.52728250991834,69.596054891647,69.67131816617167,69.75201711935874,69.83709653707463,69.92550120518575,70.01617590955856,70.10806543605945,70.20011457055483,70.29126809891115,70.3804708069948,70.46666998088881,70.54921887934492,70.62832208486365,70.70429137673183,70.77743853423623,70.84807533666365,70.91651356330091,70.9830649934348,71.04804140635211,71.11175458133967,71.17451629768425,71.23663833467268,71.29843247159174,71.36021048772824,71.42228416236898,71.48496527480076,71.54856560431038,71.61339693018465,71.67977103171036,71.74799968817432,71.81839175235228,71.89108048635785,71.96592698677821,72.0427689381123,72.12144402485904,72.20178993151734,72.28364434258611,72.36684494256428,72.45122941595078,72.5366354472445,72.62290072094439,72.70986292154933,72.79735973355827,72.88522884147012,72.9733079297838,73.06143468299823,73.14944678561231,73.23718192212499,73.32447777703517,73.41117203484177,73.49710661184189,73.58225176683656,73.66672613605031,73.75065662093844,73.83417012295625,73.91739354355906,74.00045378420215,74.08347774634085,74.16659233143046,74.24992444092629,74.33360097628365,74.41774883895782,74.50249493040414,74.5879661520779,74.67428940543441,74.76159159192898,74.8499996130169,74.9396403701535,75.03064076479407,75.12312769839393,75.21721707312813,75.3128273320927,75.40970612156,75.50759545617089,75.60623735056625,75.70537381938689,75.8047468772737,75.90409853886754,76.00317081880928,76.10170573173974,76.19944529229981,76.29613151513037,76.39150641487223,76.48531200616627,76.57729030365337,76.66718332197435,76.7547330757701,76.83968157968148,76.92177084834933,77.00074289641454,77.07635479477753,77.14853864335672,77.2173394640175,77.28280416065773,77.34497963717531,77.40391279746808,77.45965054543392,77.51223978497069,77.56172741997625,77.60816035434848,77.65158549198526,77.69204973678444,77.72959999264387,77.76428316346144,77.79614615313503,77.82523586556248,77.85159920464166,77.87528307427044,77.8963343783467,77.9148000207683,77.93079238748899,77.94494390271413,77.95813498245842,77.97124757001482,77.98516360867633,78.00076504173593,78.01893381248662,78.04055186422134,78.06650114023311,78.0976635838149,78.1349211382597,78.17915574686047,78.23124935291023,78.29208389970191,78.36254133052853,78.44350358868307,78.5358526174585,78.6404703601478,78.75823876004398,78.89003976043999,79.03573680505728,79.18949411638205,79.34349461695267,79.48991924005061,79.6209489189573,79.72876458695417,79.80554717732267,79.84347762334423,79.83473685830029,79.7715058154723,79.64596542814166,79.45029662958986,79.17668035309832,78.81729753194846,78.36432909942171,77.80995598879954,77.14635913336338,76.36571946639467,75.46021792117483,74.4220354309853
70.5752104555042,70.50689559667475,70.4353716378456,70.36142416804213,70.28583877628967,70.20940105161357,70.13289658303916,70.0571109595918,69.98282977029683,69.91083860417962,69.84192305026548,69.7768686975798,69.71646113514788,69.6614859519951,69.61272873714678,69.57097507962828,69.53701056846498,69.51162079268217,69.49559134130521,69.4897078033595,69.49475539673251,69.51114968607345,69.53824292626436,69.57519734963904,69.62117518853125,69.67533867527482,69.73685004220351,69.80487152165114,69.8785653459515,69.95709374743838,70.03961895844556,70.12530321130684,70.21330873835603,70.30279777192689,70.39293254435326,70.48287528796888,70.57178823510758,70.65883361810313,70.74317366928935,70.823970621,70.90038909126741,70.97198107591831,71.03911090111978,71.10224517986224,71.16185052513609,71.21839354993172,71.27234086723956,71.32415909005002,71.37431483135347,71.42327470414034,71.47150532140105,71.519473296126,71.56764524130557,71.61648776993019,71.66646749499026,71.71805102947617,71.77170498637835,71.82789597868722,71.88709061939315,71.94975552148657,72.01635213190055,72.08703193412867,72.16146596833337,72.23928394621842,72.32011557948763,72.40359057984477,72.48933865899369,72.57698952863814,72.66617290048194,72.75651848622888,72.84765599758279,72.93921514624742,73.03082564392659,73.12211720232412,73.21271953314377,73.30226234808936,73.39037535886467,73.47668827717354,73.56083081471974,73.64243268320706,73.7211362026861,73.79696608072483,73.87038910505046,73.94189668906749,74.01198024618046,74.08113118979384,74.14984093331219,74.21860089013998,74.28790247368178,74.35823709734206,74.43009617452533,74.50397111863614,74.58035334307897,74.65973426125836,74.74260528657882,74.82945783244483,74.92078331226097,75.01707313943169,75.11881872736154,75.22651148945502,75.34060423031491,75.46085664933494,75.58642892843537,75.7164614818299,75.85009472373221,75.98646906835606,76.12472492991515,76.26400272262319,76.4034428606939,76.54218575834099,76.67937182977818,76.8141414892192,76.9456351508777,77.07299322896748,77.19535613770222,77.31186429129559,77.42165810396139,77.52387798991327,77.61766436336498,77.70215763853022,77.77660281470445,77.84146069275809,77.89797646167452,77.94740838357235,77.99101472057016,78.03005373478655,78.06578368834009,78.09946284334939,78.13234946193302,78.1657018062096,78.20077813829768,78.23883672031589,78.28113581438278,78.32893368261698,78.38348858713705,78.44605879006158,78.5179025535092,78.60027813959844,78.69444381044794,78.80165782817626,78.92286993649228,79.05657972123859,79.20011835597136,79.35080981848212,79.5059780865624,79.66294713800369,79.81904095059753,79.97158350213542,80.11789877040889,80.25531073320946,80.38114336832862,80.49272065355794,80.5873665666889,80.662405085513,80.71516018782182,80.74295585140683,80.74311605405956,80.71296477357151,80.64982598773423,80.5510236743392,80.41540091362293,80.25030123212039,80.06602328534154,79.87286869579324,79.68113908598244,79.501136078416,79.34316129560085,79.21751636004389,79.13450289425204,79.10442252073217,79.13757686199123,79.2442675405361,79.43479617887367,79.71946439951088,80.10857382495462,80.61242607771177,81.2413227802893,82.00556555519401,82.91545602493292,83.98129581201289
70.86795022469389,70.60575010539077,70.36979216115554,70.15889451684554,69.97187529731809,69.80755262743054,69.6647446320402,69.5422694360044,69.4389451641805,69.35358994142578,69.28502189259761,69.23205914255331,69.1935198161502,69.16822203824563,69.15498393369691,69.15262362736138,69.15995924409636,69.1758089087592,69.19899074620722,69.22832288129774,69.2626236679459,69.30093960163296,69.34297342842945,69.38854517199816,69.43747485600187,69.48958250410335,69.54468813996539,69.60261178725075,69.66317346962222,69.7261932107426,69.7914910342746,69.85888696388106,69.92820102322474,69.99925323596841,70.07186362577485,70.14585221630685,70.22103903122718,70.29724409419862,70.37428742888392,70.4519890589459,70.53016917836693,70.60867563677778,70.68741427763986,70.76629824686839,70.84524069037852,70.92415475408542,71.00295358390429,71.08155032575029,71.15985812553859,71.23779012918436,71.31525948260278,71.39217933170906,71.4684628224183,71.54402310064575,71.61877331230653,71.69262660331586,71.76549611958887,71.83729500704075,71.90793641158669,71.97733347914186,72.0454010915245,72.11215828473726,72.17778553376866,72.24247720083176,72.30642764813967,72.36983123790549,72.43288233234227,72.4957752936631,72.55870448408109,72.62186426580931,72.68544900106086,72.74965305204881,72.81467078098626,72.8806965500863,72.94792472156199,73.01654965762643,73.08676572049274,73.15876727237395,73.23274867548318,73.3089042920335,73.38742430224292,73.4683720542591,73.55166426502645,73.63720948353011,73.72491625875526,73.81469313968705,73.90644867531066,74.00009141461129,74.09552990657406,74.19267270018418,74.2914283444268,74.39170538828708,74.49341238075021,74.59645787080137,74.70075040742569,74.80619853960837,74.9127108163346,75.02019578658948,75.12856199935825,75.23771800362604,75.34756510203181,75.45787451080756,75.56830492492134,75.67851132921203,75.78814870851846,75.89687204767952,76.00433633153406,76.11019654492094,76.21410767267898,76.31572469964703,76.414702610664,76.51069639056871,76.60336102420001,76.69235149639678,76.77732279199785,76.85792989584209,76.93382779276834,77.00467146761548,77.07011590522234,77.12981609042777,77.18347972926625,77.23142741167129,77.2743751365434,77.31304549293264,77.34816106988907,77.38044445646267,77.4106182417035,77.43940501466156,77.46752736438691,77.49570787992954,77.52466915033952,77.55513376466683,77.58782431196155,77.6234633812737,77.66277356165327,77.70647744215032,77.75529761181485,77.80995665969692,77.87117717484657,77.93968174631377,78.01608320115102,78.10012267054651,78.19112559812322,78.28841486745765,78.39131336212614,78.49914396570514,78.6112295617711,78.72689303390038,78.84545726566941,78.96624514065465,79.08857954243248,79.21178335457938,79.33517946067167,79.45809074428584,79.57984008899828,79.69975037838543,79.81714449602373,79.93134532548953,80.0416757503593,80.14745865420943,80.24807619968965,80.34324225754528,80.43278601484391,80.51653677443258,80.59432383915825,80.66597651186802,80.73132409540887,80.79019589262782,80.84242120637191,80.88782933948815,80.92624959482359,80.95751127522522,80.98144368354008,80.9978761226152,81.00663789529756,81.00755830443424,81.00046665287223,80.98519224345858,80.96156437904028,80.92941236246438
70.89393830843382,70.81095217587225,70.72316736058758,70.63146560261558,70.53672864199203,70.43983821875267,70.34167607293327,70.2431239445696,70.14506357369743,70.0483767003525,69.95394506457062,69.8626504063875,69.77537446583894,69.69299898296067,69.6164056977885,69.54647635035816,69.48409268070543,69.43013642886608,69.38548933487584,69.3510331387705,69.32764922551499,69.3158653295035,69.31519190713321,69.32495761852405,69.3444911237959,69.37312108306865,69.4101761564622,69.45498500409644,69.50687628609127,69.56517866256657,69.62922079364223,69.69833133943816,69.77183896007425,69.84907231567038,69.92936006634646,70.01203087222238,70.09641339341803,70.1818362900533,70.26762822224809,70.35311785012229,70.43763521202402,70.52073413611015,70.60243773724966,70.68282822184682,70.76198779630595,70.83999866703135,70.91694304042733,70.99290312289816,71.06796112084817,71.14219924068163,71.21569968880289,71.2885446716162,71.36081639552589,71.43259706693624,71.50396889225156,71.57501407787616,71.64581483021433,71.71645335567038,71.7870118606486,71.85757255155329,71.92821750200487,71.99902081859105,72.07004425899878,72.141348518644,72.21299429294265,72.28504227731068,72.357553167164,72.43058765791857,72.5042064449903,72.57847022379515,72.65343968974906,72.72917553826795,72.80573846476776,72.88318916466443,72.9615883333739,73.0409966663121,73.12147485889497,73.20308360653844,73.28588360465847,73.36993554867097,73.45529817258074,73.54197072447053,73.62988368044516,73.71896368572833,73.80913738554374,73.90033142511507,73.99247244966605,74.08548710442037,74.17930203460172,74.27384388543382,74.36903930214035,74.46481492994502,74.56109741407153,74.65781339974356,74.75488953218485,74.85225245661908,74.94982881826994,75.04754526236115,75.1453284341164,75.24310497875938,75.3408014880037,75.43834359294998,75.53565609379413,75.63266376333499,75.72929137437131,75.82546369970197,75.9211055121257,76.01614158444136,76.11049668944773,76.20409559994364,76.29686308872783,76.38872392859915,76.47960289235638,76.56942475279837,76.65811428272386,76.74559625493168,76.83179544222065,76.91663661738957,77.00004455323722,77.08194402256242,77.16227859564152,77.24121036342726,77.31904239795395,77.39608012094061,77.47262895410621,77.54899431916976,77.62548163785029,77.70239633186677,77.78004382293818,77.85872953278357,77.9387588831219,78.02043729567221,78.10407019215347,78.18996299428468,78.27842112378488,78.369750002373,78.4642550517681,78.56224169368917,78.66401534985519,78.76988144198519,78.88002022552372,78.99361792404513,79.10938673491242,79.22603593615864,79.3422748058168,79.45681262191995,79.56835866250111,79.67562220559327,79.7773125292295,79.87213891144282,79.95881063026624,80.0360369637328,80.1025271898755,80.1569905867274,80.19813643232152,80.22467400469085,80.23531258186847,80.22876144188736,80.20372986278056,80.15892712258113,80.0937086493827,80.01104553519258,79.91516583580795,79.8102988690378,79.7006739526911,79.59052040457688,79.48406754250414,79.38554468428184,79.299181147719,79.22920625062463,79.17984931080773,79.15533964607727,79.15990657424226,79.1977794131117,79.27318748049458,79.3903600941999,79.55352657203669,79.7669162318139,80.03475839134055,80.36128236842562
70.50117425278344,70.3527034947147,70.2182619022097,70.09728606949017,69.98921259077785,69.89347806029448,69.8095190722618,69.73677222090159,69.67467410043552,69.62266130508537,69.5801704290729,69.54663806661982,69.52150081194787,69.50419525927882,69.49415800283438,69.4908256368363,69.49363475550633,69.50202195306622,69.51542382373769,69.53327696174247,69.5550180619158,69.58018403009105,69.60860002964168,69.6401427380286,69.67468883271272,69.7121149911549,69.75229789081608,69.79511420915713,69.84044062363895,69.88815381172245,69.9381304508685,69.99024721853803,70.04438079219192,70.10040784929105,70.15820506729635,70.21764912366869,70.27861669586899,70.34098446135813,70.40462909759702,70.46942728204654,70.5352558218834,70.60201258688676,70.66963961506454,70.7380845059894,70.80729485923408,70.87721827437124,70.94780235097357,71.01899468861379,71.09074288686456,71.16299454529859,71.23569726348855,71.30879864100714,71.38224627742709,71.45598777232102,71.52997072526169,71.60414273582175,71.6784514035739,71.75284432809084,71.82726910894526,71.90167334570982,71.97600483563834,72.05022323684818,72.12430659179552,72.19823452438494,72.27198665852109,72.34554261810855,72.41888202705199,72.49198450925599,72.56482968862518,72.63739718906417,72.7096666344776,72.78161764877008,72.85322985584622,72.92448287961064,72.99535634396796,73.0658298728228,73.13588309007979,73.20549561964353,73.27464708541865,73.34331711130976,73.4114897159988,73.47928220352355,73.54696596980149,73.61482099429954,73.68312725648461,73.75216473582365,73.82221341178358,73.89355326383132,73.9664642714338,74.04122641405795,74.11811967117069,74.19742402223893,74.27941944672963,74.36438592410971,74.45260343384606,74.54435195540565,74.63991146825538,74.73956195186219,74.84358338569298,74.95225574921471,75.06583615301598,75.18417116558213,75.30675224745617,75.43305915031546,75.56257162583732,75.69476942569908,75.82913230157811,75.96514000515172,76.10227228809727,76.24000890209207,76.37782959881348,76.51521412993883,76.65164224714546,76.78659370211071,76.91954824651192,77.04998563202642,77.17738561033156,77.30122793310466,77.42099235202306,77.53615861876412,77.64624448556087,77.75120946110668,77.85129805826277,77.94675953995987,78.03784316912869,78.12479820869996,78.20787392160437,78.28731957077267,78.36338441913556,78.43631772962374,78.50636876516795,78.5737867886989,78.6388210631473,78.70172085144387,78.76273541651933,78.8221140213044,78.88010592872978,78.9369604017262,78.99292670322437,79.04825409615502,79.10313258670375,79.15728158229922,79.21019607488353,79.2613696743173,79.31029599046109,79.35646863317552,79.39938121232119,79.43852733775869,79.47340061934861,79.50349466695154,79.5283030904281,79.54731949963886,79.56003750444442,79.56595071470541,79.56455274028238,79.55533719103595,79.5377976768267,79.51142780751525,79.47572119296217,79.43017144302807,79.37449099747174,79.3096168031971,79.2369114996444,79.15773815365604,79.07345983207442,78.98543960174193,78.89504052950096,78.80362568219391,78.71255812666318,78.62320092975118,78.53691715830027,78.45506987915286,78.37902215915138,78.31013706513816,78.24977766395565,78.19930702244623,78.1600882074523,78.13348428581625,78.12085832438048,78.12357338998736
70.45341247414315,70.44537932252047,70.42113290672022,70.38235413483912,70.33072391497385,70.26792315522107,70.19563276367751,70.11553364843984,70.02930671760474,69.93863287926891,69.84519304152903,69.7506681124818,69.6567390002239,69.56508661285201,69.47739185846284,69.39533564515305,69.32059888101936,69.25486247415844,69.19980733266698,69.15711436464166,69.12846386857957,69.1149289817653,69.11583633859814,69.1302004584766,69.15703586079916,69.1953570649643,69.24417859037054,69.30251495641637,69.36938068250029,69.4437902880208,69.52475829237638,69.61129921496553,69.70242757518675,69.79715789243853,69.89450468611938,69.99348247562777,70.09310578036222,70.19238911972123,70.29034701310327,70.38599397990686,70.47834689543126,70.56680517436665,70.65157041562236,70.73294522735412,70.81123221771766,70.88673399486872,70.95975316696304,71.03059234215634,71.09955412860437,71.16694113446286,71.23305596788752,71.29820123703412,71.36267955005837,71.42679351511602,71.49084574036279,71.55513883395442,71.61997540404664,71.6856580587952,71.7524894063558,71.82077205488422,71.89080569850451,71.96271518944253,72.03635437498178,72.11155379015267,72.1881439699856,72.26595544951101,72.34481876375926,72.42456444776082,72.50502303654604,72.58602506514536,72.6674010685892,72.74898158190794,72.83059714013201,72.91207827829182,72.99325553141774,73.07395943454024,73.15402052268969,73.23326933089652,73.31153639419112,73.38865224760391,73.46445361626382,73.53896495938177,73.61242777649828,73.68509565719015,73.75722219103409,73.82906096760689,73.90086557648529,73.97288960724606,74.04538664946594,74.11861029272168,74.19281412659006,74.26825174064783,74.34517672447173,74.42384266763851,74.50450315972495,74.58741179030778,74.67282214896379,74.76098782526971,74.85216240880229,74.94659948913831,75.04453326910676,75.14584992064148,75.25013457825752,75.35696245045511,75.4659087457345,75.5765486725959,75.68845743953958,75.80121025506571,75.91438232767459,76.02754886586641,76.14028507814142,76.25216617299985,76.36276735894194,76.4716638444679,76.57843083807799,76.68264354827242,76.78387718355144,76.88170695241527,76.97570806336414,77.06545572489833,77.15056852449337,77.23116933021338,77.30770635243763,77.38063322391733,77.45040357740363,77.51747104564777,77.58228926140092,77.64531185741426,77.70699246643898,77.76778472122629,77.82814225452736,77.88851869909341,77.9493676876756,78.01114285302515,78.07429782789322,78.13928624503102,78.20656173718974,78.27657793712056,78.34978847757468,78.42664699130329,78.50744852230306,78.59122865169233,78.67642235769691,78.7614609196796,78.8447756170032,78.92479772903046,78.99995853512418,79.06868931464713,79.1294213469621,79.18058591143186,79.22061428741921,79.24793775428691,79.26098759139774,79.2581950781145,79.23799149379994,79.19880811781687,79.13907622952806,79.05722710829629,78.95169203348433,78.82090228445499,78.66451367622648,78.48903416181106,78.30335379873826,78.11636503620878,77.93696032342332,77.77403210958263,77.63647284388743,77.53317497553843,77.47303095373634,77.46493322768188,77.51777424657578,77.64044645961876,77.84184231601151,78.13085426495478,78.5163747556493,79.00729623729575,79.61251115909488,80.34091197024735,81.20139111995397,82.2028410574154
70.61611384214665,70.45064910632861,70.29851075938902,70.1593108872359,70.03266157577727,69.91817491092112,69.8154629785755,69.72413786464838,69.64381165504781,69.5740964356818,69.51460429245836,69.4649473112855,69.42473757807123,69.39358717872359,69.37110819915057,69.3569127252602,69.35061284296049,69.35182063815945,69.36014819676511,69.37520760468546,69.39661095838585,69.42398086941715,69.45697019603718,69.49523720184892,69.53844015045536,69.58623730545949,69.63828693046432,69.6942472890728,69.75377664488796,69.81653326151277,69.88217540255023,69.95036133160333,70.02074931227506,70.09299760816839,70.16676448288634,70.24170820003188,70.31748702320802,70.39375921601773,70.47018304206401,70.54641676494985,70.62211937226704,70.69706740928655,70.77128393946117,70.84482306726292,70.91773889716384,70.99008553363592,71.06191708115118,71.13328764418164,71.20425132719932,71.27486223467623,71.34517447108439,71.41524214089581,71.48511934858253,71.55486019861652,71.62451879546984,71.69414924361449,71.76380564752249,71.83354211166585,71.90341274051659,71.97347163854671,72.04377283897318,72.11436609970869,72.1852945519443,72.25660075683054,72.32832727551794,72.40051666915699,72.47321149889822,72.54645432589216,72.62028771128932,72.69475421624021,72.76989640189534,72.84575682940526,72.92237805992046,72.99980265459146,73.07807317456879,73.15723218100295,73.23732223504449,73.31838589784387,73.40046573055166,73.48360429431837,73.56784310494882,73.6531919748737,73.73962406409115,73.82711049090844,73.91562237363296,74.00513083057199,74.09560698003293,74.18702194032308,74.27934682974978,74.37255276662037,74.46661086924219,74.56149225592256,74.65716804496884,74.75360935468835,74.85078730338843,74.94867300937642,75.04723759095965,75.14645216644548,75.24628785414122,75.34671577235422,75.4477111380301,75.5493227468694,75.6516630382282,75.7548465499654,75.85898781993995,75.96420138601077,76.07060178603676,76.17830355787684,76.28742123938994,76.39806936843497,76.51036248287086,76.62441512055652,76.74034181935086,76.85825711711281,76.97827555170132,77.10051166097523,77.22507998279353,77.35209505501511,77.48167141549888,77.61392360210378,77.74890467482975,77.8859530135661,78.02394591425983,78.16175298812557,78.29824384637793,78.43228810023156,78.56275536090106,78.68851523960107,78.80843734754619,78.92139129595107,79.0262466960303,79.12187315899854,79.20714029607039,79.28091771846049,79.34207503738342,79.38948186405386,79.42200780968642,79.4385224854957,79.43789550269634,79.41899647250294,79.38103174790027,79.32588198094517,79.25670312270144,79.17665897826829,79.08891335274495,78.99663005123064,78.90297287882457,78.811105640626,78.7241921417341,78.64539618724814,78.57788158226732,78.52481213189087,78.489351641218,78.47466391534796,78.48391275937995,78.52026197841319,78.58687537754692,78.68691676188037,78.82354993651273,78.99993870654326,79.2178750994875,79.47147508274924,79.75218608765155,80.05145286626446,80.36072017065791,80.67143275290191,80.9750353650664,81.2629727592214,81.52668968743687,81.75763090178282,81.9472411543292,82.086965197146,82.16824778230321,82.1825336618708,82.12126758791878,81.9758943125171,81.73785858773574,81.39860516564472,80.949578798314,80.38222423781352
71.35197034014831,71.09753588657847,70.86257762255968,70.6465282738011,70.44882056601186,70.26888722490116,70.10616097617815,69.960074545552,69.83006065873188,69.71555204142696,69.61598141934638,69.53078151819933,69.45938506369495,69.40122478154244,69.35573339745093,69.3223436371296,69.30048822628763,69.28959989063415,69.28911135587836,69.2984553477294,69.31706457685672,69.34435677436399,69.37970658254356,69.42248094334883,69.47204679873313,69.52777109064984,69.5890207610523,69.65516275189387,69.72556400512791,69.79959146270778,69.87661206658684,69.95599275871845,70.03710048105596,70.11930217555272,70.20196478416209,70.28445524883745,70.36614051153212,70.4463875141995,70.5245631987929,70.60003450726573,70.67217018552738,70.74063189685364,70.80569555156112,70.86771440458274,70.92704171085148,70.9840307253003,71.03903470286215,71.09240689846997,71.14450056705674,71.1956689635554,71.24626534289891,71.29664296002021,71.34715506985228,71.39815492732805,71.4499957873805,71.50303090494258,71.55761353494722,71.6140969323274,71.67283435201608,71.7341790489462,71.79848119654154,71.86590607767558,71.93633239486873,72.00961419856809,72.0856055392207,72.16416046727366,72.245133033174,72.3283772873688,72.41374728030516,72.50109706243008,72.59028068419069,72.68115219603403,72.7735656484072,72.86737509175724,72.96243457653118,73.05859815317616,73.15571987213922,73.25365378386739,73.35225393880782,73.45137438740748,73.55086906200329,73.65058831287011,73.75037834904289,73.85008514887248,73.94955469070969,74.04863295290538,74.14716591381041,74.24499955177562,74.34197984515187,74.43795277229002,74.53276431154087,74.6262604412553,74.71828713978418,74.8086903854783,74.89731615668858,74.98401043176581,75.06861918906084,75.15098840692455,75.23096406370779,75.3083921377614,75.38313185492417,75.45528025993899,75.52514010454196,75.59302092318295,75.65923225031192,75.72408362037875,75.78788456783342,75.85094462712574,75.91357333270572,75.97608021902325,76.03877482052822,76.10196667167061,76.16596530690025,76.23108026066713,76.29762106742113,76.36589726161218,76.4362183776902,76.5088939501051,76.58423351330681,76.6625466017452,76.74410686246632,76.82877075144553,76.91612556912871,77.0057541300363,77.09723924868875,77.19016373960646,77.28411041730992,77.3786620963195,77.47340159115568,77.56791171633886,77.66177528638944,77.75457511582793,77.84589401917471,77.9353148109502,78.02242030567488,78.10679331786913,78.18801666205341,78.26567315274816,78.33934560447376,78.4086168317507,78.47311910025986,78.53287740151619,78.58810400708553,78.63901234191356,78.68581583094588,78.7287278991282,78.76796197140617,78.80373147272543,78.83624982803163,78.86573046227046,78.89238680038754,78.91643226732857,78.93808028803916,78.95754428746501,78.97503769055176,78.99077392224505,79.00496640749056,79.01782857123395,79.02957383842086,79.04041563399694,79.05049595409893,79.0595571004542,79.06720242343523,79.07303513390512,79.07665844272695,79.07767556076381,79.07568969887878,79.070304067935,79.06112187879553,79.04774634232346,79.0297806693819,79.00682807083395,78.97849175754267,78.94437494037119,78.90408083018256,78.85721263783994,78.80337357420633,78.74216685014493,78.67319567651874,78.5960632641909
70.21644774664838,70.09038587970042,69.97322200243069,69.86484901480648,69.76515981679508,69.67404730836378,69.59140438947989,69.51712396011067,69.45109892022343,69.39322216978545,69.34338660876402,69.30148513712645,69.26741065483999,69.24105606187197,69.22231425818967,69.21107814376037,69.20724061855138,69.21069458252997,69.22133293566343,69.23904857791906,69.26373432785797,69.29520192348953,69.33302987412755,69.37675500912349,69.42591415782881,69.480044149595,69.53868181377351,69.60136397971581,69.66762747677336,69.73700913429764,69.8090457816401,69.88327424815222,69.95923136318547,70.0364539560913,70.11447885622118,70.19284289292659,70.27108289555899,70.34873569346983,70.42533811601061,70.50042699253277,70.57354041946009,70.64442223408138,70.71324771180433,70.78024645376158,70.84564806108574,70.90968213490947,70.9725782763654,71.03456608658614,71.09587516670433,71.15673511785262,71.21737554116363,71.27802603777002,71.33891620880439,71.40027565539938,71.46233397868762,71.52532077980176,71.58946565987443,71.65499822003825,71.72214806142587,71.7911447851699,71.86221511616534,71.93541320504805,72.01052571235225,72.08731628871092,72.16554858475709,72.24498625112373,72.32539293844388,72.40653229735051,72.48816797847664,72.57006363245526,72.65198290991938,72.733689461502,72.81494693783613,72.89551898955474,72.97516926729087,73.0536614216775,73.13075910334764,73.2062259629343,73.27982565107047,73.35132181838915,73.42048737351,73.48737600242933,73.55236599930065,73.6158537402827,73.67823560153417,73.7399079592138,73.8012671894803,73.8627096684924,73.92463177240879,73.98742987738822,74.05150035958938,74.11723959517101,74.18504396029182,74.25530983111054,74.32843358378585,74.40481159447651,74.48484023934122,74.5689158945387,74.65743493622767,74.75079374056685,74.84936504346557,74.95309719107632,75.06157144375928,75.17435695806685,75.29102289055152,75.41113839776574,75.53427263626197,75.65999476259266,75.78787393331028,75.9174793049673,76.04838003411614,76.18014527730928,76.31234419109917,76.44454593203828,76.57631965667905,76.70723452157394,76.83685968327545,76.96476429833596,77.09051752330801,77.21368851474399,77.33386877482711,77.45090957369747,77.56482977372549,77.67565103048544,77.78339499955156,77.8880833364981,77.98973769689933,78.08837973632951,78.18403111036288,78.27671347457373,78.36644848453629,78.4532577958248,78.53716306401354,78.6181859446768,78.69634809338875,78.77167116572373,78.84417681725596,78.91388670355967,78.98082248020917,79.04500580277868,79.10643658829976,79.16494211301581,79.22026732556971,79.27215666758293,79.32035458067696,79.36460550647327,79.40465388659332,79.44024416265863,79.47112077629062,79.4970281691108,79.51771078274065,79.53291305880164,79.54237943891523,79.54585436470292,79.54308227778618,79.53380761978649,79.5177748323253,79.49472835702413,79.46441263550442,79.42657210938766,79.38125924684617,79.33025014118535,79.27592009361031,79.22064500694049,79.16680078399533,79.1167633275943,79.07290854055684,79.03761232570238,79.01325058585039,79.00219922382031,79.0068341424316,79.02953124450367,79.07266643285602,79.13861561030808,79.22975467967929,79.3484595437891,79.49710610545696,79.67807026750233,79.89372793274465,80.14645500400336
70.90036301096293,70.67428817223316,70.46929878344879,70.28451462757555,70.11905548757915,69.97204114642531,69.84259138707979,69.72982599250831,69.63286474567659,69.55082742955034,69.48283382709532,69.42800372127724,69.38545689506182,69.3543131314148,69.33369221330192,69.32271392368888,69.32049804554143,69.32616436182528,69.33883265550615,69.3576227095498,69.38165446707703,69.41020738567377,69.44301976724579,69.47991191310264,69.52070412455386,69.56521670290897,69.61326994947753,69.66468416556907,69.71927965249311,69.77687671155923,69.83729564407692,69.90035675135573,69.96588033470522,70.0336866954349,70.10359613485433,70.17542895427303,70.24900545500054,70.32414593834642,70.40067070562017,70.47840005813136,70.55715433544684,70.63676008916818,70.71705689751929,70.79788597900733,70.87908855213944,70.96050583542275,71.04197904736442,71.12334940647159,71.20445813125141,71.28514644021101,71.36525555185753,71.44462668469815,71.52310105723997,71.60051988799015,71.67672439545584,71.75155579814415,71.82485531456229,71.89646416321735,71.96622356261648,72.03397473126684,72.09956200171793,72.16301654906057,72.22465915432474,72.28483551087918,72.34389131209268,72.40217225133402,72.460024021972,72.51779231737538,72.57582283091295,72.6344612559535,72.69405328586578,72.75494461401858,72.81748093378071,72.88200793852093,72.94887132160802,73.01841677641076,73.09098999629794,73.16693667463832,73.2466025048007,73.33033318015386,73.4184616800983,73.51093539321597,73.60725592457669,73.70690004728105,73.80934453442964,73.91406615912304,74.02054169446184,74.12824791354662,74.23666158947795,74.34525949535643,74.45351840428265,74.5609150893572,74.66692632368063,74.77102888035355,74.87269953247656,74.97141505315021,75.0666522154751,75.15788779255183,75.24459855748097,75.3262612833631,75.40238851074494,75.47313487736629,75.5392104178705,75.60134347983343,75.66026241083087,75.71669555843864,75.77137127023255,75.82501789378841,75.87836377668205,75.93213726648928,75.9870667107859,76.04388045714772,76.10330685315058,76.16607424637029,76.23291098438266,76.3045454147635,76.38170588508864,76.46512074293388,76.55551833587502,76.6536270114879,76.76007837844743,76.8743794557058,76.99531172045856,77.12164455753866,77.25214735177906,77.38558948801264,77.52074035107242,77.65636932579127,77.7912457970022,77.92413914953815,78.05381876823202,78.17905403791676,78.29861434342536,78.41126906959073,78.51578760124579,78.61093932322353,78.6954936203569,78.7682198774788,78.8278874794222,78.87326581102005,78.90340064668098,78.91953276140904,78.92394966507379,78.91894531394874,78.90681366430752,78.88984867242374,78.87034429457094,78.85059448702276,78.83289320605274,78.81953440793453,78.81281204894168,78.81502008534778,78.82845247342644,78.85540316945125,78.8981661296958,78.95903531043365,79.04030466793844,79.1442681584837,79.2732197383431,79.42945336379015,79.61420776888079,79.82281697740976,80.04856227620141,80.2847228910992,80.52457804794659,80.76140697258711,80.9884888908642,81.1991030286213,81.38652861170192,81.54404486594956,81.6649310172076,81.74246629131963,81.76992991412902,81.7406011114793,81.6477591092139,81.48468313317633,81.24465240921006,80.92094616315856,80.50684362086528,79.99562400817368
69.83093820581861,69.91976835602705,69.98095655784225,70.01689442803513,70.02997358337662,70.02258564063764,69.99712221658912,69.95597492800196,69.90153539164713,69.83619522429551,69.76234604271804,69.68237946368565,69.59868710396925,69.51366058033977,69.42969150956814,69.34917150842527,69.2744921936821,69.20804518210954,69.15222209047852,69.10941453555996,69.08201330955524,69.07158793339654,69.0773455362628,69.09807106772465,69.1325494773528,69.17956571471788,69.23790472939058,69.30635147094155,69.38369088894147,69.46870793296101,69.56018755257081,69.65691469734156,69.75767431684392,69.86125136064855,69.96643077832613,70.07199751944731,70.17673653358275,70.27943277030316,70.37887117917916,70.47383670978142,70.56311747056345,70.64601449357745,70.72290441047754,70.79429929001894,70.86071120095691,70.92265221204669,70.9806343920435,71.03516980970261,71.08677053377924,71.13594863302865,71.18321617620605,71.22908523206671,71.27406786936585,71.31867615685873,71.36342216330057,71.40881795744662,71.45537560805212,71.50360718387232,71.55402475366245,71.60714038617775,71.6634619636969,71.72324617990526,71.7863603861685,71.85263844203983,71.92191420707249,71.9940215408197,72.06879430283468,72.14606635267066,72.22567154988086,72.30744375401851,72.39121682463683,72.47682462128904,72.56410100352838,72.65287983090806,72.74299496298133,72.83428025930138,72.92656957942147,73.01969678289478,73.11349572927459,73.20780027811408,73.30244483185336,73.39728025767337,73.49217645772593,73.58700439448873,73.68163503043952,73.77593932805601,73.86978824981593,73.963052758197,74.05560381567692,74.14731238473345,74.23804942784429,74.32768590748718,74.41609278613981,74.50314102627995,74.58870159038528,74.67264544093354,74.75484354040245,74.83516685126975,74.91348633601314,74.98967295711034,75.06361080263731,75.13541959140947,75.20542285653153,75.27395085141451,75.34133382946943,75.40790204410735,75.47398574873925,75.53991519677619,75.60602064162917,75.67263233670923,75.74008053542738,75.80869549119467,75.87880745742208,75.95074668752069,76.02484343490148,76.1014279529755,76.18083049515377,76.2633813148473,76.34941066546712,76.43924880042428,76.53318100008096,76.63096973310704,76.7320401703063,76.83581186085148,76.94170435391526,77.04913719867034,77.15752994428945,77.26630213994527,77.37487333481052,77.4826630780579,77.5890909188601,77.69357640638985,77.79553908981985,77.8943985183228,77.98957424107141,78.08048580723838,78.16655276599641,78.24719466651823,78.3218310579765,78.38988148954397,78.45084616916425,78.50486587181315,78.5523868411063,78.59385720191337,78.6297250791041,78.66043859754824,78.68644588211549,78.70819505767557,78.7261342490982,78.74071158125312,78.75237517901004,78.7615731672387,78.7687536708088,78.77436481459009,78.77885472345227,78.78267152226506,78.78626333589821,78.79007828922143,78.79456450710444,78.80017011441697,78.80750073434768,78.81804330392086,78.83359114360934,78.85593788149988,78.88687714567924,78.92820256423418,78.98170776525146,79.04918637681781,79.13243202702002,79.23323834394483,79.35339895567903,79.49470749030932,79.65895757592249,79.8479428406053,80.0634569124445,80.30729341952684,80.5812459899391,80.88710825176801,81.22667383310035,81.60173636202286
70.35015646118553,70.14566356706662,69.96560227361284,69.808755432425,69.67390589510384,69.55983651325018,69.46533013846475,69.38916962234838,69.33013781650179,69.2870175725258,69.25859174202117,69.24364317658868,69.2409547278291,69.24930924734322,69.26748958673181,69.29427859759565,69.32845913153552,69.36881404015219,69.41412617504643,69.46317838781904,69.51475379334116,69.5678977237867,69.62240978098052,69.6782243611842,69.73527586065939,69.79349867566764,69.85282720247059,69.91319583732982,69.97453897650695,70.03679101626358,70.0998863528613,70.16375938256174,70.22834450162647,70.29357610631712,70.35938859289529,70.42571635762258,70.49249379676058,70.55965530657092,70.62713528331517,70.69486812325496,70.76278830860853,70.83084427880401,70.8990137415064,70.96727808977174,71.03561871665613,71.10401701521562,71.17245437850629,71.24091219958417,71.30937187150535,71.3778147873259,71.44622234010187,71.51457592288932,71.58285692874435,71.65104675072298,71.7191267818813,71.78707841527537,71.85488304396127,71.92252206099504,71.98997685943274,72.05722883233047,72.12426043089062,72.19111759509626,72.25794467254055,72.32489447598736,72.3921198182006,72.45977351194415,72.52800836998189,72.59697720507774,72.66683282999556,72.73772805749924,72.80981570035269,72.8832485713198,72.95817948316444,73.03476124865053,73.11314668054193,73.19348859160255,73.27593979459627,73.36065310228699,73.4477813274386,73.53747728281498,73.62988733509384,73.72496235324542,73.82242719034316,73.92199410944848,74.02337537362276,74.12628324592738,74.23042998942377,74.33552786717331,74.44128914223737,74.54742607767739,74.6536509365547,74.75967598193077,74.86521347686693,74.96997568442461,75.07367486766519,75.17602328965006,75.27673321344064,75.3755169020983,75.47208661868444,75.56615462626044,75.65744744949002,75.74594763732121,75.83185919286254,75.91539342116285,75.99676162727098,76.07617511623583,76.15384519310622,76.22998316293105,76.30480033075916,76.37850800163943,76.45131748062069,76.52344007275182,76.5950870830817,76.66646981665916,76.73779957853306,76.80928767375228,76.88114540736568,76.9535840844221,77.02681500997043,77.10104948905953,77.1764737930334,77.25298317641717,77.33028514094963,77.40808405915642,77.48608430356326,77.56399024669575,77.6415062610796,77.71833671924045,77.79418599370398,77.86875845699585,77.94175848164174,78.01289044016728,78.08185870509818,78.14836764896008,78.21212164427864,78.27282506357953,78.33018227938844,78.38389766423099,78.43367559063289,78.47922043111977,78.5203337826395,78.55758936845473,78.59192911743865,78.62429722608941,78.65563789090523,78.68689530838428,78.7190136750247,78.75293718732472,78.78961004178248,78.82997643489618,78.87498056316399,78.9255666230841,78.98267881115467,79.04726132387388,79.12025835773993,79.20261410925099,79.29527277490523,79.39917855120083,79.51527563463598,79.64450822170885,79.78701909907511,79.93846660183033,80.0929500724858,80.24456728829925,80.38741602652841,80.51559406443096,80.62319917926462,80.7043291482871,80.75308174875612,80.76355475792941,80.72984595306464,80.64605311141956,80.50627401025189,80.30460642681929,80.03514813837951,79.69199692219026,79.26925055550923,78.76100681559417,78.16136347970276,77.46441832509272
69.91325419876071,69.87616007942637,69.8324172903979,69.78302588286672,69.72898590802431,69.67129741706209,69.6109604611715,69.54897509154398,69.48634135937098,69.42405931584392,69.36312901215427,69.30455049949344,69.24932382905288,69.19844905202405,69.15292621959837,69.1137553829673,69.08193659332224,69.05846990185466,69.04435535975603,69.04059301821772,69.04818249802572,69.06769473608944,69.09846755756504,69.13961841999341,69.1902647809155,69.24952409787221,69.31651382840445,69.39035143005313,69.4701543603592,69.55504007686352,69.64412603710704,69.73652969863068,69.83136851897535,69.92775995568195,70.0248214662914,70.12167050834461,70.21742453938253,70.31120101694603,70.40211739857605,70.48929114181351,70.57184230589908,70.64931340107486,70.7221328163572,70.79084048864041,70.85597635481881,70.91808035178673,70.97769241643846,71.03535248566837,71.09160049637073,71.14697638543987,71.20202008977014,71.25727154625582,71.31327069179123,71.37055746327071,71.42967179758857,71.49115363163912,71.55554290231669,71.6233795465156,71.69520350113015,71.77155470305468,71.8529660779347,71.93954987648834,72.03076630329619,72.12601947294857,72.22471350003576,72.32625249914807,72.43004058487577,72.53548187180914,72.64198047453851,72.74894050765417,72.85576608574638,72.96186132340546,73.0666303352217,73.1694772357854,73.26980613968684,73.3670211615163,73.46052641586411,73.54972601732052,73.63402408047588,73.71282471992043,73.78555031647352,73.852177231432,73.9133222857482,73.9696379766032,74.02177680117791,74.07039125665338,74.11613384021055,74.15965704903047,74.20161338029408,74.24265533118239,74.2834353988764,74.32460608055712,74.36681987340546,74.41072927460252,74.45698678132919,74.50624489076654,74.55915610009552,74.61637290649713,74.67854780715234,74.7463332992422,74.82034881661565,74.90062024018644,74.98666004344955,75.07796377147395,75.17402696932871,75.27434518208281,75.3784139548053,75.4857288325652,75.59578536043153,75.70807908347331,75.82210554675953,75.93736029535927,76.05333887434153,76.1695368287753,76.28544970372963,76.40057304427353,76.51440239547605,76.62643330240616,76.73616131013293,76.84308196372535,76.9467153058556,77.04686616383268,77.14352309698924,77.23667772685835,77.32632167497309,77.41244656286656,77.49504401207182,77.57410564412191,77.64962308054996,77.72158794288904,77.78999185267219,77.85482643143251,77.9160833007031,77.97375408201697,78.02783039690726,78.07830386690702,78.12516611354934,78.16840875836726,78.20802342289392,78.24400172866234,78.27641395967589,78.30595511296727,78.333618093875,78.36039764243077,78.38728849866632,78.41528540261336,78.44538309430357,78.47857631376866,78.51585980104034,78.5582282961503,78.60667653913029,78.662199270012,78.72579122882709,78.79844715560733,78.88116179038443,78.97492987319004,79.08074614405592,79.19960534301376,79.33250221009524,79.4804314853321,79.6436304559735,79.8180979283662,79.99835922649095,80.17893819492849,80.35435867825964,80.5191445210651,80.66781956792568,80.7949076634221,80.89493265213517,80.96241837864562,80.99188868753424,80.97786742338178,80.91487843076902,80.79744555427672,80.6200926384856,80.3773435279765,80.06372206733013,79.67375210112726,79.20195747394868,78.64286203037514
70.64632425612304,70.55013782265858,70.45508871982787,70.36160877884332,70.2701298309174,70.18108370726252,70.09490223909114,70.01201725761571,69.93286059404866,69.85786407960242,69.78745954548945,69.7220788229222,69.6621537431131,69.60811613727458,69.56039783661909,69.51943067235908,69.48564647570699,69.45947707787523,69.4413543100763,69.43171000352261,69.43097575146547,69.43934613787178,69.45633398807412,69.48133029130703,69.51372603680507,69.55291221380276,69.59827981153468,69.64921981923536,69.70512322613936,69.76538102148122,69.8293841944955,69.89652373441675,69.9661906304795,70.03777587191833,70.11067044796778,70.18426534786236,70.25795156083669,70.33112007612526,70.40316188296264,70.47346797058339,70.54143102139187,70.60671864624375,70.66957498032205,70.7303167534663,70.789260695516,70.84672353631069,70.90302200568989,70.95847283349312,71.0133927495599,71.06809848372976,71.12290676584222,71.17813432573678,71.234097893253,71.29111419823036,71.34949997050842,71.40957193992668,71.47164683632468,71.53604138954192,71.60307232941794,71.67305638579225,71.74630664076413,71.82291731201798,71.9026433773952,71.98521063281514,72.07034487419719,72.15777189746076,72.24721749852525,72.33840747331,72.43106761773443,72.5249237277179,72.61970159917983,72.7151270280396,72.8109258102166,72.90682374163019,73.00254661819979,73.09782023584476,73.19237039048451,73.2859228780384,73.37820349442586,73.46893803556624,73.55786061502447,73.64495760495863,73.73050701497304,73.81480310007342,73.89814011526546,73.98081231555491,74.0631139559475,74.14533929144892,74.2277825770649,74.31073806780117,74.39450001866344,74.47936268465743,74.56562032078888,74.65356718206348,74.74349752348697,74.83570560006505,74.93048566680348,75.02813197870793,75.12893879078416,75.23320035803788,75.34118890108721,75.45278107922452,75.56751140177185,75.68490309644477,75.8044793909589,75.92576351302982,76.04827869037315,76.17154815070447,76.29509512173937,76.41844283119345,76.5411145067823,76.66263337622156,76.78252266722677,76.90030560751356,77.01550542479751,77.12764534679422,77.2362486012193,77.34083841578833,77.44093801821691,77.53607063622064,77.62580151090131,77.7101842889753,77.78958771755543,77.86438579542786,77.93495252137872,78.00166189419411,78.0648879126602,78.12500457556307,78.18238588168889,78.23740582982379,78.29043841875387,78.34185764726529,78.39203751414415,78.4413520181766,78.49017515814877,78.5388809328468,78.58784334105678,78.63743638156488,78.68803405315721,78.7400103546199,78.79369788665693,78.84910047919746,78.90606518051258,78.96443807332048,79.02406524033928,79.08479276428719,79.14646672788234,79.20893321384293,79.2720383048871,79.33562808373303,79.39954863309887,79.46364603570281,79.52776637426298,79.59175573149759,79.65546019012477,79.71872583286269,79.78139874242954,79.84332500154346,79.90435069292265,79.96432189928522,80.02302197114862,80.0798832282583,80.13421595662543,80.18533031973736,80.23253648108142,80.27514460414497,80.31246485241533,80.34380738937983,80.36848237852583,80.38579998334066,80.39507036731165,80.39560369392615,80.3867101266715,80.36769982903503,80.33788296450408,80.296569696566,80.2430701887081,80.17669460441776,80.0967531071823,80.00255586048905
69.48327472938205,69.45062741969461,69.4250333819467,69.40609165439433,69.39340127529348,69.38656128290019,69.38517071547044,69.38882861126027,69.39713400852567,69.40968594552264,69.42608346050721,69.44592559173539,69.46881137746317,69.49433985594656,69.5221100654416,69.55172104420426,69.58277183049056,69.61486146255652,69.64758897865815,69.68055341705144,69.71335395442225,69.74572764356503,69.77780813873132,69.80979997024455,69.84190766842819,69.87433576360566,69.9072887861004,69.94097126623583,69.97558773433543,70.01134272072262,70.04844075572083,70.08708636965352,70.12748409284411,70.16983845561604,70.21435398829279,70.26123522119774,70.31068668465437,70.36291290898612,70.4181184245164,70.47650776156867,70.53828452185778,70.603501524278,70.67189539649712,70.74316295208942,70.81700100462918,70.89310636769068,70.97117585484823,71.05090627967608,71.13199445574854,71.21413719663987,71.29703131592437,71.38037362717634,71.46386094397003,71.54719007987974,71.63005784847975,71.71216106334435,71.79319653804782,71.87286108616445,71.95085152126852,72.02686465693431,72.10060098266835,72.1719815439122,72.24126924780658,72.30875640895033,72.3747353419422,72.43949836138097,72.5033377818654,72.56654591799429,72.62941508436641,72.69223759558055,72.75530576623545,72.81891191092993,72.88334834426274,72.94890738083268,73.01588133523852,73.08456252207901,73.15524325595295,73.22821585145913,73.3037726231963,73.38220588576326,73.46379966026348,73.54858644163845,73.6363079341509,73.72668964383057,73.81945707670715,73.9143357388104,74.01105113617001,74.10932877481572,74.20889416077726,74.30947280008435,74.41079019876672,74.51257186285407,74.61454329837615,74.71643001136268,74.81795750784336,74.91885129384795,75.01883687540615,75.11763975854768,75.21498544930229,75.31059945369968,75.40422122632745,75.49584062628396,75.5856641058741,75.67390525906438,75.76077767982132,75.8464949621114,75.93127069990113,76.01531848715706,76.09885191784568,76.1820845859335,76.265230085387,76.34850201017272,76.43211395425718,76.51627951160688,76.6012122761883,76.687125841968,76.77423380291245,76.86274975298818,76.95288728616171,77.04485999639951,77.13885849800914,77.2348062667622,77.33245443098787,77.43155124655794,77.53184496934415,77.63308385521833,77.73501616005223,77.83739013971763,77.9399540500863,78.04245614703001,78.14464468642058,78.2462679241298,78.34707411602938,78.44681151799114,78.54522838588684,78.64207297558829,78.73709354296727,78.83003834389552,78.92065563424484,79.00869366988701,79.09389507562125,79.17595775600861,79.25455828976973,79.32937312428825,79.40007870694785,79.46635148513218,79.52786790622488,79.58430441760967,79.63533746667017,79.68064350079001,79.71989896735289,79.75278031374248,79.7789639873424,79.79812643553632,79.80994410570793,79.81409344524087,79.8102509015188,79.79809292192536,79.77729595384423,79.74753644465909,79.70874151249797,79.6622409545567,79.60985220096359,79.55339317143819,79.49468178570015,79.43553596346902,79.3777736244644,79.32321268840587,79.27367107501303,79.23096670400548,79.19691749510281,79.17334136802458,79.16205624249042,79.16488003821988,79.18363067493257,79.22012607234811,79.27618415018603,79.35362282816595,79.45426002600749,79.57991366343018
70.25014203037213,69.99924748455739,69.7821072433946,69.59687261149715,69.44169489347837,69.31472539395165,69.21411541753031,69.13801626882776,69.08457925245732,69.05195567303237,69.03829683516628,69.0417540434724,69.06047860256407,69.09262181705468,69.13633499155759,69.18976943068614,69.25107643905372,69.31840732127367,69.38991338195935,69.46374592572413,69.53805668406727,69.61142256684556,69.68364351202251,69.75473802314305,69.82472460375206,69.89362175739444,69.96144798761512,70.02822179795899,70.09396169197095,70.15868617319592,70.22241374517877,70.28516291146443,70.3469521755978,70.40780004112379,70.46772501158729,70.52674559053321,70.58488028150644,70.64214758805191,70.69856601371451,70.75415406203913,70.80893056657521,70.86296794535457,70.91645098294488,70.96957861285722,71.02254976860267,71.07556338369231,71.12881839163721,71.18251372594847,71.23684832013714,71.2920211077143,71.34823102219104,71.40567699707844,71.46455796588756,71.5250728621295,71.58742061931531,71.6518001709561,71.7184104505629,71.78745039164683,71.85911892771895,71.93361499229034,72.01113466039506,72.09170249844628,72.17507723449481,72.26099472877529,72.34919084152241,72.43940143297084,72.53136236335524,72.6248094929103,72.71947868187067,72.81510579047102,72.91142667894606,73.00817720753041,73.10509323645877,73.20191062596581,73.29836523628619,73.39419292765459,73.48912956030568,73.58291099447413,73.67527309039461,73.7659517083018,73.85468996253405,73.94145097079348,74.02645219779315,74.10992527641739,74.19210183955052,74.2732135200769,74.35349195088084,74.4331687648467,74.5124755948588,74.59164407380146,74.67090583455905,74.7504925100159,74.83063573305634,74.9115671365647,74.99351835342532,75.07672101652251,75.16140675874065,75.24780721296406,75.33615401207707,75.42667878896401,75.51959791967073,75.61485388947841,75.71215227548007,75.81119084326743,75.91166735843218,76.01327958656609,76.11572529326082,76.21870224410813,76.32190820469972,76.4250409406273,76.5277982174826,76.62987780085733,76.73097745634318,76.83079494953192,76.92902804601523,77.02537451138483,77.11953211123245,77.21119861114978,77.30007177672857,77.38584937356052,77.46826294432832,77.54743669039719,77.6237481413146,77.69757904876448,77.76931116443065,77.83932623999698,77.90800602714738,77.97573227756567,78.04288674293576,78.1098511749415,78.17700732526676,78.2447369455954,78.31342178761132,78.38344360299837,78.45518414344042,78.52902516062133,78.60534840622499,78.68453563193525,78.766968589436,78.8530290304111,78.94298968433534,79.03625745999116,79.13182638030212,79.22868792539977,79.32583357541564,79.42225481048129,79.51694311072825,79.60888995628805,79.69708682729224,79.78052520387236,79.85819656615993,79.92909239428653,79.99220416838367,80.04652336858288,80.09104147501573,80.12474996781374,80.14664032710846,80.15570403303141,80.15093256571414,80.13131740528821,80.0961848637963,80.04673487325267,79.98481871837379,79.91228833784469,79.83099567035036,79.74279265457585,79.64953122920619,79.55306333292638,79.45524090442147,79.35791588237646,79.26294020547637,79.17216581240625,79.08744464185109,79.01062863249595,78.94356972302583,78.88811985212575,78.84613095848074,78.81945498077583,78.80994385769604,78.81944952792638
69.92125921929117,69.89730018833227,69.86695103765031,69.83110159628872,69.79064169329091,69.74646115770031,69.69944981856031,69.65049750491433,69.60049404580579,69.55032927027811,69.50089300737469,69.45307508613895,69.4077653356143,69.36585358484417,69.32822966287195,69.29578339874107,69.26940462149494,69.24998316017697,69.23840884383057,69.23557150149918,69.24236059504719,69.25929987606663,69.28586112834789,69.32132814003927,69.36498469928911,69.41611459424571,69.47400161305744,69.5379295438726,69.6071821748395,69.68104329410649,69.75879668982188,69.83972615013403,69.92311546319122,70.0082484171418,70.0944088001341,70.18088040031644,70.26694700583714,70.35189240484453,70.43500038548696,70.51555473591272,70.5928411955471,70.66646234241058,70.73668516432613,70.80386031011601,70.86833842860248,70.93047016860785,70.99060617895441,71.04909710846441,71.10629360596015,71.16254632026391,71.21820590019797,71.27362299458463,71.32914825224614,71.38513232200481,71.44192585268291,71.49987949310271,71.55934389208652,71.62066969845661,71.68420756103525,71.75030812864473,71.81931825018732,71.89135677936426,71.96618917731521,72.0435505058197,72.12317582665723,72.20480020160736,72.2881586924496,72.37298636096347,72.45901826892847,72.54598947812417,72.63363505033007,72.72169004732571,72.80988953089059,72.89796856280424,72.9856622048462,73.07270551879597,73.1588335664331,73.24378140953709,73.32728410988749,73.4090767292638,73.48890311056023,73.5667734114143,73.64300567729666,73.7179351042925,73.79189688848706,73.86522622596554,73.9382583128132,74.01132834511523,74.08477151895686,74.15892303042331,74.23411807559978,74.31069185057153,74.38897955142374,74.46931637424166,74.55203751511048,74.63747817011546,74.7259735353418,74.81785880687471,74.91346918079941,75.01313985320115,75.11718503149399,75.22554213446807,75.33782266882831,75.45362739508,75.5725570737285,75.69421246527908,75.81819433023706,75.94410342910777,76.07154052239649,76.20010637060858,76.32940173424932,76.45902737382403,76.58858404983803,76.71767252279662,76.84589355320509,76.97284790156878,77.09813632839302,77.2213595941831,77.34211845944434,77.46001368468202,77.57464835756633,77.68565261905854,77.79267406385613,77.8953605775522,77.99336004573986,78.08632035401223,78.17388938796239,78.25571503318345,78.33144517526851,78.40072769981069,78.46321049240306,78.51854143863875,78.56636842411083,78.60633933441245,78.63810205513667,78.66130447187662,78.67559447022539,78.68061993577608,78.67602875412179,78.66146881085562,78.63677221588901,78.60323413173695,78.56284741009668,78.51760919944246,78.46951664824859,78.42056690498934,78.37275711813902,78.32808443617192,78.28854600756232,78.25613898078451,78.23286050431278,78.22070772662141,78.22167779618471,78.23776786147695,78.27097507097244,78.32329657314544,78.39672951647026,78.49327104942118,78.6149183204725,78.76366847809851,78.94049227070987,79.14061701667384,79.35727336548393,79.58368996194604,79.81309545086604,80.03871847704983,80.25378768530328,80.45153172043227,80.62517922724273,80.7679588505405,80.87309923513149,80.93382902582158,80.94337686741665,80.8949714047226,80.7818412825453,80.59721514569065,80.33432163896454,79.98638940717285,79.54664709512146,79.00832334761625
71.27852789055387,70.94130849253102,70.64038441849809,70.37393773259649,70.14015049896778,69.9372047817534,69.76328264509485,69.61656615313365,69.49523737001127,69.39747835986918,69.3214711868489,69.26539791509191,69.22744060873968,69.20578133193374,69.19860214881552,69.20408512352657,69.22041232020834,69.24576580300234,69.27832763605005,69.31627988349297,69.35780500506502,69.40147947056374,69.44701312210836,69.49431834514394,69.54330752511555,69.5938930474683,69.64598729764728,69.69950266109754,69.75435152326418,69.81044626959226,69.8676992855269,69.92602295651315,69.9853296679961,70.04553180542084,70.10654175423244,70.168271899876,70.23063462779658,70.29354232343928,70.35690737224917,70.42064215967133,70.4846593217635,70.54891218780844,70.61343942068797,70.6782904283003,70.74351461854354,70.80916139931588,70.87528017851548,70.94192036404047,71.00913136378901,71.07696258565926,71.14546343754941,71.21468332735756,71.28467166298194,71.35547785232063,71.42715130327184,71.49974142373372,71.57329762160441,71.64786930478209,71.7235058811649,71.80025675865099,71.87817026057024,71.95722963615583,72.037317269791,72.1183068693127,72.20007214255796,72.28248679736376,72.36542454156714,72.44875908300506,72.53236412951455,72.6161133889326,72.6998805690962,72.78353937784237,72.86696352300808,72.95002671243034,73.03260265394619,73.11456505539257,73.19578762460654,73.27614406942504,73.35550809768512,73.43375341722376,73.5107610300837,73.5866331578911,73.6617277753609,73.73641710370356,73.81107336412956,73.8860687778494,73.96177556607358,74.03856595001258,74.11681215087688,74.19688638987697,74.27916088822332,74.36400786712647,74.45179954779687,74.54290815144498,74.63770589928134,74.73656501251642,74.83985771236073,74.94795622002471,75.06123275671888,75.18005954365373,75.30477861782913,75.43519014929717,75.57062560768819,75.71040100831684,75.85383236649773,76.00023569754549,76.14892701677473,76.29922233950009,76.45043768103616,76.60188905669759,76.75289248179897,76.90276397165493,77.0508195415801,77.19637520688912,77.33874698289657,77.47725088491708,77.6112029282653,77.73991912825579,77.86271550020322,77.97890805942222,78.08785828430777,78.18945616156472,78.28393265100101,78.37152439530959,78.45246803718342,78.52700021931551,78.59535758439878,78.65777677512622,78.71449443419081,78.76574720428553,78.81177172810331,78.85280464833716,78.88908260768002,78.92084224882487,78.9483202144647,78.97175314729245,78.99137769000109,79.00743048528363,79.02014817583301,79.02976740434218,79.03654652610061,79.04091633112853,79.04338983878375,79.04448057484035,79.04470206507239,79.04456783525387,79.0445914111589,79.04528631856152,79.04716608323577,79.0507442309557,79.05653428749537,79.06504977862886,79.07680423013016,79.0923111677734,79.11208411733259,79.13663660458175,79.166482155295,79.20213429524637,79.24410655020989,79.29291244595964,79.34883915289805,79.41090722396703,79.47769688017465,79.54778790042869,79.61976006363682,79.69219314870679,79.76366693454634,79.8327612000632,79.89805572416509,79.95813028575975,80.01156466375488,80.05693863705824,80.09283198457751,80.1178244852205,80.13049591789488,80.12942606150841,80.11319469496877,80.08038159718376,80.02956654706102,79.95932932350837
70.10482910175732,69.81777886623301,69.56913855165165,69.35673673599011,69.17840199722528,69.03196291333406,68.91524806229332,68.82608602207995,68.76230537067084,68.7217346860429,68.70220254617298,68.70153752903799,68.71756821261481,68.74812317488032,68.79103099381143,68.844120247385,68.90521951357795,68.97215737036714,69.04276239572947,69.11486316764181,69.18628880616644,69.25540834839452,69.32214390600339,69.38669513838,69.44926170491134,69.51004326498439,69.5692394779861,69.62705000330347,69.68367450032345,69.73931262843303,69.79416404701917,69.84842841546885,69.90230539316903,69.95599463950671,70.00969581386884,70.06360857564242,70.11793258421439,70.17286749897174,70.22861297930143,70.28536868459045,70.34333379100912,70.4026290124222,70.46321052742105,70.5250137966826,70.58797428088381,70.6520274407016,70.71710873681295,70.78315362989476,70.850097580624,70.91787604967759,70.9864244977325,71.05567838546567,71.12557317355403,71.19604432267454,71.26702729350411,71.33845754671974,71.41027054299832,71.48240174301682,71.55478660745217,71.62736059698133,71.70005989334935,71.77286394238764,71.8458192492616,71.91897808768138,71.9923927313572,72.06611545399927,72.14019852931779,72.21469423102295,72.28965483282494,72.36513260843398,72.44117983156026,72.517848775914,72.59519171520539,72.67326092314461,72.75210867344188,72.8317872398074,72.91234889595137,72.99384591558398,73.07633057241544,73.15985514015595,73.24447096872355,73.33020139115222,73.41703735001337,73.50496798359687,73.59398243019255,73.68406982809027,73.7752193155799,73.86742003095128,73.96066111249428,74.05493169849872,74.1502209272545,74.24651793705142,74.34381186617938,74.44209185292821,74.54134703558779,74.64156655244794,74.74273954179853,74.84485514192941,74.94790249113046,75.0518707276915,75.15674208243541,75.26237478333817,75.36851979922865,75.47492456231268,75.58133650479606,75.6875030588846,75.79317165678417,75.89808973070053,76.00200471283952,76.10466403540697,76.20581513060867,76.30520543065046,76.40258236773812,76.49769337407751,76.59028588187444,76.68010732333468,76.76690513066411,76.8504267360685,76.9304195717537,77.0066310699255,77.07885109374412,77.14736276621441,77.21276744249909,77.27567178163018,77.33668244263967,77.39640608455962,77.45544936642199,77.51441894725883,77.57392148610215,77.63456364198396,77.69695207393627,77.7616934409911,77.82939440218045,77.90066161653637,77.97610174309082,78.05632144087586,78.14192736892349,78.23352618626572,78.33172455193456,78.43712912496203,78.55020334302218,78.67027322402483,78.7961223819614,78.92653109038349,79.06027962284273,79.19614825289068,79.33291725407896,79.46936689995917,79.6042774640829,79.73642922000174,79.8646024412673,79.98757740143117,80.10413437404495,80.21305363266023,80.31311545082863,80.40310010210175,80.48178786003116,80.54795899816847,80.60039379006527,80.63787250927318,80.65925653926803,80.66386113058226,80.65115931789785,80.62062429431455,80.57172925293216,80.50394738685046,80.4167518891692,80.30961595298821,80.18201277140723,80.03341553752607,79.86329744444448,79.67113168526225,79.45639145307918,79.21854994099502,78.95708034210956,78.67145584952259,78.36114965633386,78.0256349556432,77.66438494055035,77.27687280415509
69.96595431679299,69.90141308234888,69.83715063329032,69.77357811302473,69.7111066649596,69.6501474325024,69.5911115590606,69.53441018804168,69.48045446285309,69.42965552690235,69.38242452359688,69.33917259634421,69.30031088855176,69.26625054362702,69.23740270497747,69.21417851601058,69.19698912013382,69.18624566075466,69.18235928128058,69.18574112511905,69.1968021264725,69.21574485131761,69.24217249317445,69.27558113257959,69.31546685006961,69.36132572618106,69.41265384145053,69.46894727641458,69.52970211160975,69.59441442757263,69.66258030483978,69.73369582394777,69.80725706543316,69.88276010983253,69.95970103768244,70.03757592951945,70.11588086588013,70.19411192730104,70.27176519431876,70.34833674746986,70.42332389383003,70.4964230997677,70.56774846822813,70.6374666900222,70.70574445596077,70.7727484568547,70.83864538351486,70.90360192675212,70.96778477737733,71.03136062620138,71.0944961640351,71.1573580816894,71.2201130699751,71.2829278197031,71.34596902168424,71.4094033667294,71.47339754564945,71.53811824925523,71.60373216835762,71.6704059937675,71.73830559667337,71.80754767092205,71.87817268548083,71.95021455233811,72.02370718348226,72.09868449090166,72.17518038658473,72.25322878251983,72.33286359069535,72.41411872309969,72.49702809172123,72.58162560854836,72.66794518556947,72.75602073477292,72.84588616814713,72.93757539768048,73.03112233536135,73.12656089317812,73.2239249831192,73.32324851717297,73.42456038383065,73.52773711833365,73.6324791195542,73.73847697484663,73.84542127156527,73.95300259706445,74.06091153869853,74.16883868382183,74.27647461978869,74.38350993395342,74.48963521367038,74.59454104629388,74.69791801917829,74.79945671967792,74.8988477351471,74.99578165294018,75.08994906041147,75.18104054491532,75.26874669380608,75.35275809443804,75.4327890208021,75.50897896938777,75.58183524277639,75.65187727110718,75.71962448451934,75.78559631315214,75.85031218714478,75.91429153663647,75.97805379176647,76.04211838267396,76.1070047394982,76.17323229237839,76.24132047145376,76.31178870686354,76.38515642874695,76.4619430672432,76.54266805249154,76.62785081463117,76.71801078380132,76.81366739014123,76.91528071677453,77.02262093776883,77.13501312457491,77.25177493026665,77.37222400791784,77.49567801060238,77.62145459139408,77.74887140336683,77.87724609959443,78.00589633315074,78.13413975710962,78.26129402454491,78.38667678853047,78.5096057021401,78.6293984184477,78.74537259052708,78.85684587145214,78.96313591429664,79.0635603721345,79.15743689803953,79.24416583609033,79.32380423677036,79.39672231562177,79.46329221683995,79.52388608462026,79.57887606315805,79.62863429664868,79.67353292928749,79.71394410526986,79.75023996879113,79.78279266404667,79.81197433523182,79.83815712654196,79.86171318217244,79.8830146463186,79.90243366317581,79.92034237693944,79.93711293180482,79.95311747196733,79.96872814162232,79.98403279819918,79.9975285147827,80.00715933785823,80.01086875866359,80.00660026843654,79.99229735841486,79.96590351983636,79.9253622439388,79.86861702195999,79.7936113451377,79.69828870470973,79.58059259191386,79.43846649798785,79.26985391416953,79.07269833169664,78.844943241807,78.58453213573837,78.28940850472856,77.95751584001533,77.58679763283648
69.77963117337372,69.809378185536,69.8213049769905,69.8171478420628,69.79864307507846,69.76752697036306,69.72553582224216,69.67440592504136,69.61587357308618,69.55167506070222,69.48354668221506,69.41322473195027,69.3424455042334,69.27294529339002,69.20646039374573,69.1447270996261,69.08948170535666,69.04246050526301,69.00539979367072,68.98003586490536,68.96810438581952,68.97071606017195,68.98718388161726,69.01649957764131,69.05765487572998,69.10964150336913,69.17145118804466,69.24207565724242,69.32050663844831,69.40573585914818,69.49675504682791,69.5925559289734,69.6921302330705,69.79446968660508,69.89856601706305,70.00341095193023,70.10799621869255,70.21131354483585,70.31235465784602,70.41011128520891,70.50357772730368,70.5921660580502,70.6761644215185,70.75597127457655,70.8319850740923,70.90460427693372,70.97422733996873,71.04125272006533,71.10607887409142,71.169104258915,71.230727331404,71.29134654842638,71.35136036685007,71.41116724354308,71.47116563537331,71.53175399920873,71.59333079191731,71.65629447036699,71.72104349142573,71.78797631196147,71.8574871997664,71.92971907808585,72.00442528611761,72.08132565045322,72.16013999768418,72.24058815440205,72.32238994719835,72.40526520266461,72.48893374739234,72.5731154079731,72.65753001099841,72.7418973830598,72.82593735074879,72.90936974065693,72.99191437937574,73.07329109349675,73.15321970961148,73.23142005431149,73.30761195418827,73.38151523583339,73.45286129812962,73.52173250585606,73.58861697725459,73.65402543269843,73.71846859256085,73.78245717721511,73.84650190703447,73.91111350239217,73.97680268366148,74.04408017121564,74.1134566854279,74.18544294667156,74.26054967531982,74.33928759174596,74.42216741632325,74.5096998694249,74.60239567142422,74.70076554269443,74.8053202036088,74.91657037454058,75.03498308129578,75.16024094480913,75.29134809677514,75.42728629726984,75.5670373063693,75.7095828841496,75.85390479068677,75.99898478605687,76.14380463033598,76.28734608360016,76.42859090592543,76.5665208573879,76.70011769806358,76.82836318802856,76.95023908735888,77.06472715613062,77.17080915441983,77.26746684230254,77.35368197985484,77.42843632715278,77.49083410501345,77.54140314036813,77.58158971570575,77.61285542110784,77.63666184665593,77.65447058243156,77.66774321851624,77.67794134499152,77.68652655193891,77.69496042943996,77.70470456757621,77.71722055642917,77.73396998608038,77.75641444661136,77.78601552810366,77.8242348206388,77.87253391429832,77.93237439916372,78.00521786531658,78.09252590283839,78.19546807635228,78.31289477453767,78.44255043543112,78.58217268597983,78.72949915313099,78.8822674638318,79.03821524502948,79.19508012367116,79.35059972670409,79.50251168107545,79.64855361373239,79.78646315162217,79.91397792169195,80.02883555088891,80.12877366616027,80.21152989445322,80.27484186271494,80.31644719789261,80.33408352693347,80.32548847678467,80.28910025729832,80.22727733227671,80.14374101820437,80.04221399989176,79.92641896214936,79.80007858978765,79.66691556761711,79.53065258044823,79.39501231309148,79.26371745035733,79.14049067705628,79.0290546779988,78.93313213799537,78.85644574185648,78.80271817439257,78.77567212041416,78.77903026473172,78.81651529215574,78.89184988749668,79.00875673556502
70.30482045972578,70.2824574180156,70.25002647236818,70.20870453008398,70.15966849846343,70.10409528480702,70.04316179641518,69.97804494058839,69.9099216246271,69.83996875583176,69.76936324150284,69.6992819889408,69.63090190544608,69.56539989831916,69.50395287486047,69.44773774237049,69.39793140814969,69.3557107794985,69.32225276371737,69.2987342681068,69.28633175973887,69.2857832382636,69.2965654491499,69.31792974095886,69.34912746225163,69.38940996158935,69.43802858753315,69.49423468864416,69.5572796134835,69.62641471061231,69.70089132859172,69.77996081598288,69.8628745213469,69.94888379324492,70.03723998023806,70.12719443088747,70.21799849375428,70.30890351739963,70.39916085038462,70.48802184127041,70.57473954870893,70.65884470734964,70.74045033776741,70.81974278068115,70.89690837680979,70.97213346687226,71.0456043915875,71.11750749167442,71.18802910785195,71.25735558083902,71.32567325135456,71.3931684601175,71.46002754784676,71.52643685526127,71.59258272307996,71.65865149202176,71.72482950280559,71.79130309615037,71.85825861277506,71.92588239339855,71.9943593918315,72.06379134738702,72.13415101690711,72.20540006196741,72.27750014414356,72.35041292501121,72.42410006614601,72.49852322912362,72.57364407551968,72.64942426690983,72.72582546486974,72.80280933097504,72.88033752680138,72.95837171392441,73.03687355391978,73.11580470836313,73.19512683883012,73.27480160689639,73.35479067413759,73.43505570212938,73.51555923723959,73.59629065992422,73.6772703736655,73.75852051005539,73.84006320068585,73.92192057714884,74.00411477103633,74.08666791394026,74.16960213745263,74.25293957316538,74.33670235267047,74.42091260755986,74.50559246942552,74.59076406985945,74.67644954045353,74.76267101279979,74.84945061849015,74.93681048911661,75.0247727562711,75.1133595515456,75.2025979264089,75.2926032539587,75.38356730314024,75.47568436187561,75.56914871808692,75.66415465969631,75.76089647462592,75.85956845079787,75.96036487613428,76.06348003855727,76.16910822598899,76.27744372635155,76.38868082756707,76.5030138175577,76.62063698424555,76.74174461555273,76.86653099940142,76.99519042371368,77.12791717641169,77.26490554541753,77.40628217244695,77.55138731206588,77.69905387229211,77.8481063053676,77.99736906353428,78.14566659903413,78.29182336410912,78.4346638110012,78.57301239195232,78.70569355920446,78.83153176499955,78.9493514615796,79.05797710118651,79.15623313606227,79.24294401844885,79.31693420058821,79.37702813472228,79.42205027309305,79.45082506794245,79.46217697151246,79.4551782586521,79.430869334769,79.39122915211206,79.33824244304934,79.27389393994888,79.20016837517868,79.1190504811068,79.03252499010128,78.94257663453017,78.85119014676147,78.76035025916323,78.67204170410348,78.58824921395028,78.51095752107162,78.44215135783558,78.38381545661018,78.33793454976343,78.30649336966341,78.29147664867813,78.29486911917563,78.31815860696602,78.36005239628038,78.41829113281132,78.49061449173085,78.57476214821098,78.66847377742367,78.76948905454095,78.8755476547348,78.9843892531772,79.09375352504019,79.20138014549573,79.30500878971586,79.40237913287253,79.49123085013774,79.5693036166835,79.6343371076818,79.68407099830465,79.71624496372404,79.72859867911197,79.71887181964044
70.56446243655029,70.51794114400629,70.46588544683392,70.40910631890527,70.34841473409243,70.28462166626747,70.2185380893025,70.15097497706958,70.08274330344082,70.0146540422883,69.9475181674841,69.88214665290032,69.81935047240903,69.75994059988233,69.70472800919231,69.65452367421103,69.61013856881061,69.57238366686313,69.54206994224066,69.5200083688153,69.50700961432372,69.50357943562734,69.50934651161825,69.52378277985498,69.54636017789616,69.57655064330035,69.61382611362616,69.65765852643216,69.70751981927695,69.76288192971913,69.82321679531725,69.88799635362994,69.95669254221578,70.02877729863333,70.1037225604412,70.18100026519798,70.26008235046226,70.3404407537926,70.42154741274763,70.5028742648859,70.58389428008135,70.66424805040639,70.74392767129669,70.82296949870687,70.90140988859152,70.97928519690524,71.05663177960265,71.13348599263836,71.20988419196696,71.28586273354306,71.36145797332125,71.43670626725616,71.51164397130238,71.58630744141452,71.66073303354717,71.73495710365496,71.80901600769248,71.88294610161434,71.95678374137513,72.03056528292947,72.10432718943395,72.17811235616374,72.2519736481779,72.32596478815128,72.40013949875876,72.4745515026752,72.54925452257545,72.62430228113438,72.69974850102683,72.77564690492768,72.8520512155118,72.92901515545404,73.00659244742927,73.08483681411232,73.1638019781781,73.24354166230142,73.32410958915719,73.40555948142023,73.48794506176543,73.57132005286763,73.65573691810917,73.74120992889081,73.82770920266863,73.91520239734295,74.00365717081415,74.09304118098254,74.18332208574849,74.2744675430123,74.36644521067437,74.45922274663499,74.55276780879454,74.64704805505333,74.74203114331172,74.83768473147005,74.93397647742866,75.03087403908789,75.12834507434808,75.22635724110958,75.32487819727272,75.42387560073786,75.52331408466509,75.6231039820778,75.72310865783297,75.82318992812057,75.92320960913064,76.02302951705312,76.122511468078,76.2215172783953,76.31990876419496,76.41754774166702,76.51429602700142,76.61001543638821,76.70456778601731,76.79781489207872,76.88961857076244,76.97984063825847,77.06834291075678,77.15498720444735,77.23963533552019,77.32214912016529,77.40239580106183,77.48030570382635,77.55584985274454,77.62899995041332,77.69972769942952,77.76800480239005,77.83380296189178,77.89709388053156,77.95784926090629,78.01604080561283,78.07164021724807,78.1246191984089,78.17494945169217,78.22260267969476,78.26755058501354,78.30976487024539,78.34921723798722,78.38587939083585,78.41972303138819,78.45071986224112,78.4788802621272,78.50452176369653,78.52810837277788,78.5501049972673,78.5709765450609,78.59118792405474,78.6112040421449,78.63148980722745,78.65251012719848,78.67472990995408,78.69861406339031,78.72462749540325,78.75323511388898,78.78490182674356,78.8200925418631,78.85927216714367,78.90290561048134,78.95145777977218,79.00539358291229,79.06517792779773,79.13131710733536,79.20454899266628,79.28569196171033,79.37556447321748,79.4749849859377,79.58477195862096,79.70574385001724,79.83871911887647,79.98451622394866,80.14395362398375,80.31784977773172,80.50702314394252,80.71229218136612,80.93447534875251,81.17439110485164,81.43285790841348,81.71069421818801,82.00871849292515,82.32774919137493,82.66860477228728
70.15131103627735,69.99310186266646,69.85068665527692,69.72347727749761,69.61088559271747,69.51232346432545,69.42720275571044,69.35493533026141,69.29493305136727,69.24660778241694,69.20937138679938,69.18263572790349,69.16581266911822,69.15831407383249,69.15955180543523,69.16893772731538,69.18588370286187,69.2098015954636,69.24010326850953,69.2762005853886,69.31750547536535,69.36349547984761,69.41383687396853,69.46822966119191,69.52637384498153,69.58796942880119,69.65271641611469,69.72031481038583,69.79046461507839,69.86286583365617,69.937218469583,70.01322252632262,70.09057800733888,70.16898491609552,70.2481432560564,70.32775303068527,70.40751424344595,70.48712689780221,70.56629099721788,70.64470654515674,70.72207424075597,70.79820774312176,70.8731575881543,70.94700413875093,71.01982775780905,71.09170880822603,71.16272765289926,71.23296465472612,71.30250017660396,71.37141458143017,71.43978823210213,71.50770149151722,71.57523472257282,71.64246828816628,71.70948255119501,71.77635787455637,71.84317462114774,71.9100131538665,71.97695383561002,72.04407702927568,72.11146310714628,72.1791930046289,72.24734852997344,72.31601156651297,72.38526399758061,72.45518770650943,72.52586457663256,72.59737649128309,72.6698053337941,72.74323298749869,72.81774133572998,72.89341226182106,72.97032764910502,73.04856938091496,73.128219340584,73.2093594114452,73.2920714768317,73.37643742007656,73.46253912451292,73.55045847347382,73.6402734584581,73.73194403892651,73.82529371689876,73.92013839315558,74.01629396847777,74.11357634364607,74.21180141944126,74.31078509664408,74.41034327603532,74.5102918583957,74.61044674450602,74.71062383514703,74.8106390310995,74.91030823314418,75.00944734206183,75.10787225863324,75.20539888363913,75.3018431178603,75.39702086207748,75.49074801707147,75.58285223765873,75.67337218710566,75.7625290453457,75.85055001037867,75.93766228020436,76.0240930528226,76.11006952623313,76.19581889843579,76.28156836743038,76.36754513121666,76.45397638779447,76.54108933516356,76.62911117132377,76.71826909427489,76.8087903020167,76.90090199254901,76.99483136387161,77.0908056139843,77.18905194088688,77.28979754257917,77.39322413645066,77.49898472779661,77.6063912173353,77.71474982070872,77.82336675355889,77.93154823152774,78.03860047025732,78.1438296853896,78.24654209256659,78.34604390743026,78.4416413456226,78.53264062278562,78.61834795456132,78.69806955659168,78.77111164451868,78.83678043398433,78.89438214063063,78.94322298009955,78.98260916803311,79.01184692007327,79.03042073241248,79.03923095027913,79.03985309801246,79.03386685809859,79.02285191302371,79.00838794527395,78.99205463733549,78.97543167169447,78.96009873083703,78.94763549724934,78.93962165341756,78.93763688182784,78.94326086496633,78.9580732853192,78.9836538253726,79.02158216761266,79.07343799452558,79.14080098859749,79.22525083231454,79.3283672081629,79.45097985661523,79.58972206527581,79.73976825017577,79.89629136261583,80.05446435389662,80.20946017531882,80.3564517781831,80.49061211379014,80.60711413344056,80.7011307884351,80.76783503007438,80.8023998096591,80.79999807848988,80.75580278786744,80.66498688909242,80.52272333346549,80.32418507228734,80.06454505685862,79.73897623847999,79.34265156845214
70.99203984643182,70.75482030702524,70.53894750886384,70.34357193531952,70.16784406976426,70.01091439556996,69.8719333961086,69.75005155475212,69.64441935487245,69.55418727984154,69.47850581303132,69.41652543781376,69.36739663756077,69.33026989564432,69.30429569543634,69.28862452030877,69.28240685363356,69.28479317878266,69.29493397912799,69.31197973804152,69.33508106996219,69.36351913207588,69.3969505885664,69.4350992099292,69.47768876665978,69.52444302925359,69.57508576820611,69.6293407540128,69.68693175716915,69.74758254817061,69.81101689751266,69.87695857569078,69.94513135320042,70.01525900053706,70.08706528819619,70.16027398667325,70.23460886646372,70.30979369806309,70.3855522519668,70.46160829867034,70.53768605043332,70.61358145096679,70.68924086466988,70.76462959657901,70.8397129517306,70.91445623516105,70.9888247519068,71.06278380700427,71.13629870548985,71.20933475239998,71.28185725277108,71.35383151163956,71.42522283404185,71.49599652501435,71.56611788959349,71.63555223281568,71.70426485971736,71.77222107533491,71.83938618470478,71.90572549286338,71.97120628444048,72.03591461966704,72.10012066095584,72.1641104074665,72.22816985835864,72.29258501279186,72.3576418699258,72.42362642892006,72.49082468893425,72.55952264912801,72.63000630866092,72.70256166669263,72.77747472238272,72.85503147489084,72.93551792337658,73.01922006699957,73.10642390491941,73.19741543629574,73.29248066028815,73.39190557605627,73.49596289283436,73.60452226133975,73.71698735428251,73.83273588748729,73.95114557677871,74.07159413798144,74.19345928692009,74.31611873941934,74.43895021130379,74.56133141839813,74.68264007652695,74.80225390151493,74.91955060918671,75.03390791536692,75.14470353588021,75.25131518655121,75.35312058320459,75.44949744166495,75.53982347775697,75.62347640730529,75.69986786957595,75.769018497456,75.83147568703117,75.88780420318929,75.93856881081815,75.98433427480559,76.0256653600394,76.06312683140737,76.09728345379732,76.12869999209708,76.15794121119441,76.18557187597715,76.2121567513331,76.23826060215008,76.26444819331589,76.29128428971829,76.31933365624518,76.34916105778429,76.38133125922344,76.41640902545048,76.4549308809594,76.49710505566658,76.54292797653507,76.59239254047871,76.64549164441131,76.70221818524674,76.76256505989878,76.82652516528127,76.89409139830805,76.96525665589293,77.04001383494976,77.11835583239237,77.20027554513455,77.28576587009017,77.37481970417302,77.46742994429697,77.56358948737581,77.6632912303234,77.76652807005352,77.87329290348005,77.98352963262728,78.09679305724832,78.21245242502197,78.3298758408891,78.44843140979059,78.56748723666733,78.68641142646017,78.80457208410998,78.92133731455765,79.03607522274403,79.14815391360999,79.25694149209643,79.36180606314419,79.46211573169417,79.55723860268724,79.64654278106424,79.72939637176607,79.80516747973361,79.87322420990769,79.93293466722922,79.98374283358073,80.02551727568444,80.05827416462556,80.08202981968658,80.09680056014996,80.10260270529805,80.09945257441338,80.08736648677832,80.06636076167537,80.03645171838689,79.99765567619538,79.94998895438324,79.8934678722329,79.82810874902684,79.75392790404747,79.67094165657723,79.57916632589853,79.47861823129385,79.3693136920456,79.25126902743624
69.97781983465461,69.8165079458374,69.67028688793815,69.53865588680615,69.42111416829076,69.31716095824127,69.22629548250706,69.1480169669374,69.08182463738166,69.02721771968915,68.98369543970918,68.95075702329109,68.92790169628422,68.91462868453787,68.9104372139014,68.9148265102241,68.92729579935533,68.94734430714439,68.97447125944062,69.00817588209334,69.04795742022225,69.09333431222872,69.14388020610455,69.19917861626745,69.25881305713514,69.32236704312534,69.38942408865579,69.45956770814416,69.53238141600822,69.60744872666568,69.68435315453425,69.76267821403164,69.84200741957558,69.92192428558378,70.00201232647397,70.08185505666388,70.16103599057121,70.23913864261368,70.31574652720903,70.39044315877496,70.4628132584759,70.53263749297408,70.60010742618803,70.66546636130168,70.72895760149895,70.79082444996376,70.85131020988005,70.91065818443174,70.96911167680274,71.02691399017698,71.08430842773839,71.1415382926709,71.19884688815843,71.25647751738488,71.31467348353422,71.37367808979033,71.43373463933717,71.49508643535866,71.55797678103869,71.62264897956122,71.68934440941982,71.75818896768678,71.82912955523148,71.90209767540043,71.97702483154016,72.05384252699722,72.13248226511811,72.21287554924938,72.29495388273753,72.3786487689291,72.46389171117063,72.55061421280863,72.63874777718962,72.72822390766015,72.81897410756673,72.91092988025589,73.00402272907417,73.09818415736808,73.19334566848416,73.2894387657689,73.3863936416296,73.48410073014257,73.58240450057512,73.68114686176624,73.78016972255487,73.87931499177999,73.97842457828058,74.07734039089561,74.17590433846406,74.27395832982488,74.37134427381706,74.46790407927956,74.56347965505135,74.65791290997142,74.75104575287872,74.84272009261224,74.93277783801096,75.02106089791381,75.10741118115979,75.19167059658787,75.27369244377309,75.35353450878421,75.43143145303952,75.50762377001423,75.58235195318349,75.65585649602248,75.72837789200636,75.80015663461029,75.87143321730946,75.94244813357903,76.01344187689418,76.08465494073006,76.15632781856186,76.22870100386476,76.30201499011389,76.37651027078445,76.4524273393516,76.53000668929053,76.60948881407639,76.69111420718434,76.77511149185767,76.86157129989365,76.95049523635024,77.04188342250636,77.135735979641,77.23205302903312,77.33083469196168,77.43208108970563,77.53579234354393,77.64196857475557,77.75060990461944,77.86171645441458,77.9752883454199,78.09132569891435,78.20982863617694,78.33079727848659,78.45423174712226,78.58013216336292,78.70849864848753,78.83933132377507,78.97255500053589,79.10749640158369,79.24319703792698,79.37869666407354,79.51303503453121,79.64525190380775,79.77438702641095,79.8994801568486,80.01957104962852,80.13369945925851,80.24090514024633,80.34022784709978,80.43070733432668,80.51138335643482,80.58129566793197,80.63948402332593,80.68498817712452,80.7168478838355,80.7341028979667,80.73579297402587,80.7208963571116,80.688047103929,80.63575961616044,80.56254817535284,80.46692706305308,80.34741056080802,80.2025129501645,80.03074851266943,79.83063152986968,79.60067628331211,79.33939705454358,79.04530812511098,78.71692377656119,78.35275829044105,77.95132594829747,77.51114103167728,77.03071782212737,76.50857060119463,75.94321365042593,75.3331612513681
69.84651946332296,69.90780613941737,69.95265001546649,69.98248745390715,69.9987548171762,70.0028884677105,69.9963247679469,69.98050008032224,69.95685076727337,69.92681319123714,69.8918237146504,69.85331869995,69.81273450957278,69.77150750595561,69.73107405153532,69.69287050874875,69.65833324003279,69.62889860782425,69.60600297456001,69.59108270267689,69.58557366808017,69.59042716122224,69.60520055958102,69.62920213646588,69.66174016518622,69.70212291905139,69.74965867137078,69.80365569545378,69.86342226460975,69.92826665214808,69.99749713137814,70.07042197560932,70.14634945815097,70.22458785231248,70.30444543140325,70.38523046873263,70.46625123761001,70.54681601134476,70.62623306324626,70.7038106666239,70.7788589276493,70.8509855635047,70.92042238097413,70.98747977081138,71.05246812377015,71.11569783060423,71.17747928206737,71.23812286891328,71.29793898189574,71.35723801176849,71.41633034928527,71.47552638519986,71.53513651026597,71.59547111523737,71.6568405908678,71.71955532791102,71.78392571712078,71.85026214925081,71.91887501505488,71.99007470528672,72.06416794490251,72.1412415110037,72.2210412615169,72.30328372798814,72.3876854419634,72.47396293498868,72.56183273860998,72.65101138437329,72.74121540382461,72.83216132850994,72.92356568997529,73.01514501976665,73.10661584943,73.19769471051137,73.28809813455673,73.3775426531121,73.46574479772347,73.55242109993684,73.6372880912982,73.72006230335356,73.80047041139213,73.87854673141561,73.95468124442247,74.0292837434097,74.10276402137428,74.17553187131314,74.2479970862233,74.32056945910168,74.39365878294528,74.46767485075105,74.543027455516,74.62012639023706,74.69938144791121,74.78120242153544,74.86599910410669,74.95418128862195,75.04615876807819,75.14234133547238,75.24313878380147,75.34896090606246,75.4601871524202,75.57665225851798,75.69771979650233,75.82273780298983,75.95105431459702,76.08201736794045,76.2149749996367,76.34927524630227,76.48426614455376,76.6192957310077,76.75371204228065,76.88686311498915,77.01809698574976,77.14676169117905,77.27220526789353,77.39377575250975,77.51082118164436,77.62268959191377,77.72872901993463,77.82828750232346,77.92077904101967,78.00638448484085,78.085779422526,78.15964768847954,78.22867311710576,78.29353954280907,78.35493079999384,78.41353072306441,78.47002314642518,78.52509190448049,78.57942083163468,78.63369376229218,78.6885945308573,78.74480697173445,78.80301491932798,78.86390220804222,78.92815267228158,78.99645014645043,79.06947846495311,79.14792146219398,79.23230988876381,79.32195875091415,79.41560330016216,79.51197521755705,79.60980618414803,79.70782788098427,79.80477198911501,79.89937018958946,79.99035416345677,80.07645559176618,80.15640615556688,80.22893753590807,80.29278141383898,80.34666947040878,80.38933338666666,80.41950484366188,80.4359155224436,80.437297104061,80.42238126956332,80.38989969999975,80.33933268490114,80.27434950461841,80.20007571693941,80.12163834177795,80.04416439904784,79.97278090866286,79.91261489053684,79.86879336458355,79.84644335071681,79.85069186885042,79.88666593889818,79.95949258077391,80.07429881439134,80.23621165966438,80.45035813650674,80.72186526483227,81.05586006455476,81.457469555588,81.9318207578458,82.48404069124197
69.9442636264097,70.03449957182937,70.09903068725517,70.14008064817065,70.15987313005944,70.16063180840511,70.14458035869129,70.11394245640155,70.07094177701947,70.01780199602868,69.95674678891277,69.88999983115532,69.81978479823995,69.74832536565023,69.67784520886977,69.61056800338216,69.548717424671,69.49451714821987,69.45019084951241,69.41796220403216,69.40005411435742,69.3979196693429,69.4107975840302,69.43753084592437,69.47696244253042,69.52793536135337,69.58929258989824,69.65987711567006,69.73853192617383,69.82410000891461,69.91542435139739,70.01134794112721,70.11071376560909,70.21236481234804,70.31514406884911,70.41789452261729,70.51945916115763,70.61868097197514,70.71440294257482,70.80546806046173,70.89072246723816,70.96952445104998,71.04230627016227,71.10963541476039,71.1720793750297,71.23020564115554,71.28458170332328,71.3357750517183,71.38435317652592,71.43088356793152,71.47593371612045,71.52007111127807,71.56386324358975,71.60787760324082,71.65268168041666,71.69884296530263,71.74692894808408,71.79750711894636,71.85114496807483,71.90840998565486,71.9698644852449,72.03576018278959,72.10586736793209,72.17991491730044,72.25763170752263,72.33874661522667,72.42298851704058,72.51008628959234,72.59976880951,72.69176495342153,72.78580359795494,72.88161361973827,72.9789238953995,73.07746330156665,73.17696071486773,73.27714501193076,73.3777450693837,73.47848976385461,73.5791079719715,73.67932857036232,73.77888552838192,73.87766726823946,73.97574077587694,74.07318298396831,74.17007082518755,74.2664812322086,74.36249113770543,74.45817747435203,74.55361717482234,74.6488871717903,74.74406439792995,74.83922578591518,74.93444826841997,75.02980877811831,75.12538424768415,75.22125160979147,75.3174877971142,75.41416974232634,75.51137437810182,75.60917863711464,75.70765419061242,75.80677825671772,75.90644635412535,76.00655130767983,76.10698594222565,76.20764308260739,76.30841555366958,76.4091961802567,76.5098777872133,76.61035319938394,76.7105152416131,76.81025673874534,76.90947051562519,77.00804939709715,77.10588620800578,77.2028737731956,77.29890491751114,77.39387246579689,77.48766924289744,77.58018807365728,77.67132035449313,77.76094087634824,77.84891371695718,77.93510277550105,78.01937195116098,78.10158514311802,78.18160625055329,78.25929917264789,78.3345278085829,78.40715605753945,78.47704781869862,78.54406699124152,78.60807747434923,78.66894316720287,78.72652796898352,78.78069577887229,78.83131049605028,78.87823601969856,78.92133624899827,78.96047508313049,78.99558407680844,79.02713208407329,79.05584418210388,79.08244702605067,79.10766727106412,79.13223157229463,79.15686658489268,79.18229896400868,79.2092553647931,79.23846244239637,79.27064685196895,79.30653524866126,79.34685428762376,79.39233062400687,79.44369091296107,79.50166180963679,79.56696996918446,79.64034204675451,79.72250469749743,79.81418457656362,79.91533201665824,80.02155328055326,80.12694444126377,80.22560005555012,80.31161468017258,80.37908287189153,80.42209918746724,80.43475818366007,80.41115441723029,80.3453824449383,80.23153682354433,80.06371210980876,79.83600286049192,79.5425036323541,79.17730898215561,78.7345134666568,78.20821164261797,77.59249806679948,76.88146729596161,76.0692138868647
70.80506009405848,70.54031431321863,70.30286332269957,70.0914253879641,69.90471877447506,69.74146174769524,69.6003725730875,69.48016951611464,69.37957084223949,69.29729481692488,69.23205970563359,69.18258377382848,69.14758528697237,69.12578251052805,69.11589370995839,69.11663715072616,69.12673109829421,69.14489381812537,69.16984357568244,69.20029863642824,69.23497753087159,69.27286277531458,69.31369624278408,69.35735550984728,69.40371815307141,69.45266174902362,69.50406387427115,69.55780210538119,69.61375401892091,69.67179719145754,69.73180919955827,69.7936676197903,69.85725002872083,69.92243400291704,69.98909711894616,70.05711695337536,70.12637108277185,70.19673708370284,70.26809253273551,70.34031500643707,70.4132821214715,70.48687800521822,70.56100043801187,70.63554891933674,70.71042294867713,70.78552202551734,70.86074564934167,70.93599331963438,71.0111645358798,71.0861587975622,71.16087560416588,71.23521445517515,71.3090748500743,71.3823562883476,71.45495826947936,71.52678029295389,71.59772185825545,71.66768246486835,71.7365616122769,71.80425879996537,71.87067574642657,71.93584731066316,72.00001471946818,72.0634369517026,72.12637298622744,72.18908180190367,72.25182237759232,72.31485369215436,72.3784347244508,72.44282445334262,72.50828185769085,72.57506591635646,72.64343560820046,72.71364991208384,72.78596780686759,72.86064827141271,72.93795028458023,73.01813282523109,73.10145487222634,73.18817540442694,73.27854323979949,73.37249903543488,73.46962718206383,73.56949222492017,73.67165870923772,73.77569118025032,73.8811541831918,73.98761226329597,74.0946299657967,74.20177183592779,74.30860241892307,74.41468626001638,74.51958790444156,74.62287189743242,74.7241027842228,74.82284511004652,74.91866342013742,75.01112225972933,75.09978617405608,75.18421970835149,75.26401808908369,75.33932733223867,75.4107698720084,75.4789838513768,75.54460741332781,75.60827870084535,75.67063585691335,75.73231702451574,75.79396034663642,75.85620396625934,75.91968602636842,75.98504466994761,76.0529180399808,76.12394427945192,76.19876153134491,76.2780079386437,76.3623216443322,76.45234079139435,76.54870352281407,76.65204798157528,76.76291522102585,76.88071762749442,77.0041394150391,77.13185266151356,77.26252944477143,77.39484184266634,77.52746193305194,77.65906179378187,77.78831350270977,77.91388913768925,78.034460776574,78.1487004972176,78.25528037747374,78.35287249519602,78.44014892823809,78.51578175445361,78.57844305169623,78.62680489781953,78.6595393706772,78.67531854812283,78.67312771073243,78.65443949831105,78.6219127032477,78.5782134229511,78.52600775483005,78.4679617962933,78.40674164474957,78.3450133976077,78.28544315227643,78.23069700616448,78.18344105668064,78.14634140123364,78.12206413723229,78.11327536208533,78.1226411732015,78.1528276679896,78.20650094385837,78.28632709821656,78.39497222847295,78.53510243203631,78.70803054310808,78.90749693673179,79.12460946811795,79.35047334938501,79.57619379265124,79.79287601003507,79.99162521365487,80.16354661562893,80.29974542807567,80.39132686311346,80.42939613286062,80.40505844943554,80.3094190249566,80.13358307154213,79.86865580131051,79.50574242638011,79.03594815886929,78.4503782108964,77.74013779457982,76.89633212203789
70.75164930042335,70.53840992501043,70.34147798749623,70.16038365932718,69.99465711194975,69.84382851681032,69.70742804535536,69.58498586903129,69.47603215928453,69.38009708756151,69.29671082530866,69.22540354397243,69.16570541499922,69.11714660983549,69.07925729992765,69.05156765672214,69.03360785166538,69.02490805620381,69.02499844178386,69.03340917985196,69.0496704488947,69.07331943941134,69.10391351199763,69.14101363181814,69.18418076403741,69.23297587381994,69.2869599263303,69.34569388673299,69.40873872019256,69.47565539187356,69.5460048669405,69.61934811055794,69.69524608789038,69.77325976410238,69.85295010435847,69.93387807382318,70.01560463766104,70.0976907610366,70.17969740911438,70.26118554705893,70.3417170841145,70.42100722447321,70.49909263147872,70.57605044589354,70.65195780848023,70.7268918600013,70.80092974121928,70.8741485928967,70.94662555579609,71.01843777067997,71.08966237831086,71.16037651945132,71.23065733486384,71.30058196531097,71.37022755155525,71.43967123435917,71.50899015448529,71.57826145269614,71.64756226975422,71.71696974642208,71.78656057880107,71.8563847833232,71.92645102293281,71.99676440328504,72.06733003003504,72.13815300883792,72.20923844534882,72.28059144522287,72.3522171141152,72.42412055768095,72.49630688157524,72.5687811914532,72.64154859296997,72.71461419178067,72.78798309354045,72.86166040390441,72.93565122852772,73.00996067306548,73.08459384317283,73.15955584450491,73.23485464767039,73.31058511194763,73.38694254904911,73.46412786629973,73.54234197102443,73.62178577054809,73.70266017219562,73.78516608329195,73.86950441116198,73.95587606313063,74.04448194652278,74.13552296866338,74.2292000368773,74.32571405848948,74.42526594082481,74.52805659120821,74.6342869169646,74.74415782541887,74.85787022389593,74.97562501972071,75.0975982181207,75.2235187818708,75.35272899397744,75.48455838757313,75.61833649579043,75.75339285176186,75.88905698862,76.02465843949734,76.15952673752643,76.29299141583984,76.42438200757006,76.55302804584967,76.67825906381118,76.79940459458716,76.91579417131014,77.0267573271126,77.13162359512717,77.22972250848635,77.32038360032264,77.40293640376865,77.4767957008185,77.54236729148315,77.60069634223584,77.65283867565758,77.69985011432935,77.74278648083214,77.78270359774696,77.8206572876548,77.85770337313663,77.89489767677345,77.93329602114629,77.97395422883608,78.01792812242384,78.06627352449057,78.12004625761726,78.18030214438487,78.24809700737444,78.32448666916692,78.41052695234333,78.50727367948465,78.61557247946487,78.73459968769482,78.86273559986114,78.99835560917334,79.13983510884093,79.28554949207344,79.43387415208038,79.58318448207126,79.73185587525559,79.87826372484288,80.02078342404268,80.15779036606446,80.28765994411773,80.40876755141205,80.51948858115689,80.6181984265618,80.70327248083628,80.77308613718982,80.82601478883196,80.8604338289722,80.87506188648332,80.87053823511144,80.84816984922885,80.80926437359,80.75512945294933,80.68707273206128,80.60640185568029,80.51442446856083,80.41244821545732,80.3017807411242,80.18372969031593,80.05960270778694,79.93070743829168,79.79835152658458,79.6638426174201,79.52848835555268,79.39359638573676,79.2604743527268,79.13042990127721,79.00477067614246
70.90805522192188,70.74492820330916,70.59243676600302,70.45044082234229,70.31880028466578,70.19737506531231,70.08602507662069,69.98461023092973,69.89299044057826,69.81102561790507,69.738575675249,69.67550052494884,69.62166007934343,69.57691425077157,69.54112295157208,69.51414609408377,69.49584359064546,69.48607535359596,69.48470129527409,69.49158132801867,69.5065752708781,69.52945002568188,69.55970521731932,69.59679270600489,69.64016435195313,69.68927201537853,69.74356755649559,69.80250283551882,69.86552971266272,69.93210004814179,70.00166570217053,70.07367853496345,70.14759040673506,70.22285317769985,70.2989187080723,70.37523885806698,70.45126548789833,70.52645045778088,70.60024562792913,70.67210285855758,70.74147558249346,70.8080725855559,70.87213812819829,70.93398389664476,70.99392157711948,71.05226285584659,71.10931941905022,71.16540295295455,71.2208251437837,71.27589767776183,71.33093224111309,71.38624052006163,71.44213420083159,71.49892496964712,71.55692451273238,71.61644451631149,71.67779666660863,71.74129264984794,71.80724415225355,71.87596286004961,71.9477570989849,72.02273356628442,72.10068643496143,72.18138299422606,72.26459053328836,72.35007634135845,72.43760770764641,72.52695192136235,72.61787627171636,72.71014804791851,72.80353453917893,72.8978030347077,72.99272082371492,73.08805519541067,73.18357343900506,73.27904284370818,73.37423069873012,73.46890429328099,73.56283091657085,73.65577785780982,73.74751674854723,73.8379509153392,73.92713593801099,74.01513587751913,74.10201479482015,74.1878367508706,74.272665806627,74.35656602304593,74.43960146108388,74.52183618169741,74.60333424584306,74.68415971447736,74.76437664855686,74.84404910903811,74.92324115687761,75.00201685303192,75.08044025845759,75.15857543411114,75.23648644094912,75.31423733992807,75.39189017147955,75.46947070357109,75.54697332945865,75.62439140788938,75.70171829761047,75.77894735736906,75.85607194591238,75.93308542198753,76.00998114434172,76.08675247172214,76.16339276287593,76.23989537655028,76.31625367149233,76.39246100644928,76.4685107401683,76.54439623139655,76.62011083888122,76.69564792136947,76.77100083760845,76.84616294634537,76.92113209347099,76.99595828792062,77.07072519220665,77.14551702973446,77.22041802390939,77.29551239813682,77.37088437582211,77.4466181803706,77.52279803518766,77.59950816367865,77.67683278924892,77.75485613530384,77.83366242524878,77.91333588248905,77.99396073043006,78.07562119247714,78.15840149203567,78.24238585251098,78.32765849730846,78.41430364983346,78.50233567573059,78.59121415189755,78.68013409187571,78.76828887987102,78.85487190008936,78.93907653673665,79.0200961740188,79.09712419614169,79.16935398731125,79.23597893173337,79.29619241361397,79.34918781715893,79.39415852657419,79.43029792606563,79.45679939983916,79.47285633210068,79.4776621070561,79.47041010891132,79.45029372187227,79.41650633014483,79.36879501716001,79.31000520283301,79.24405942510289,79.17488130335246,79.1063944569646,79.0425225053221,78.9871890678078,78.94431776380455,78.9178322126952,78.91165603386256,78.92971284668948,78.9759262705588,79.05421992485333,79.16851742895594,79.32274240224945,79.5208184641167,79.76666923394052,80.06421833110373,80.4173893749892,80.83010598497975
71.02842952190686,70.95399920571947,70.87083904594314,70.78021450269542,70.68339103609384,70.58163410625596,70.47620917329935,70.36838169734156,70.25941713850011,70.15058095689261,70.04313861263657,69.93835556584955,69.83749727664912,69.74182920515281,69.6526168114782,69.57112555574281,69.49862089806423,69.43636829855998,69.38563321734765,69.34768111454474,69.3237769335432,69.314670958979,69.31963305647642,69.33766852812259,69.36778267600465,69.40898080220971,69.46026820882489,69.5206501979373,69.5891320716341,69.66471913200238,69.74641668112926,69.83323002110188,69.92416445400735,70.01822528193281,70.11441780696538,70.21174733119216,70.3092191567003,70.40583858557689,70.50061091990908,70.59254146178398,70.68063798696998,70.7643099352309,70.84380903480135,70.91949307300013,70.99171983714612,71.06084711455814,71.12723269255504,71.19123435845566,71.25320989957883,71.31351710324341,71.37251375676823,71.43055764747211,71.48800656267395,71.54521828969251,71.6025506158467,71.66036132845531,71.71900821483723,71.77884906231125,71.84024165819625,71.90354378981105,71.96910992996769,72.03709568106915,72.10734839638444,72.17968891312802,72.25393806851439,72.32991669975799,72.4074456440733,72.48634573867477,72.56643782077691,72.64754272759416,72.72948129634099,72.81207436423188,72.89514276848128,72.97850734630367,73.06198893491353,73.1454083715253,73.22858649335349,73.31134413761254,73.39350214151693,73.47488134228112,73.55530813933687,73.63477762373708,73.7134799117783,73.79161598346266,73.86938681879232,73.94699339776948,74.02463670039626,74.10251770667483,74.18083739660739,74.25979675019605,74.33959674744298,74.42043836835037,74.50252259292037,74.58605040115513,74.67122277305683,74.75824068862761,74.84730512786965,74.93861707078509,75.03237749737612,75.12878738764488,75.22803049740097,75.32998137374923,75.43424710653247,75.54042596680685,75.6481162256286,75.75691615405393,75.86642402313905,75.97623810394015,76.08595666751344,76.19517798491515,76.30350032720145,76.41052196542857,76.51584117065269,76.61905621393007,76.71976536631686,76.81756689886927,76.91205908264357,77.00284018869588,77.08950848808246,77.1716622518595,77.24894556294635,77.32153506717152,77.38995099933713,77.45471932072822,77.51636599262979,77.57541697632688,77.63239823310452,77.68783572424773,77.74225541104153,77.79618325477095,77.850145216721,77.90466725817674,77.96027534042317,78.01749542474532,78.0768534724282,78.13887544475686,78.20408730301631,78.27301500849158,78.34618452246768,78.42412180622966,78.50725138096261,78.59519216192696,78.68717889327586,78.78244395321258,78.88021971994043,78.97973857166272,79.08023288658275,79.18093504290381,79.2810774188292,79.37989239256221,79.47661234230615,79.57046964626433,79.66069668264001,79.74652582963652,79.82718946545715,79.9019199683052,79.96994971638397,80.03051108789673,80.08283646104682,80.12615821403752,80.15954963033131,80.1811937464522,80.18896410993621,80.1807339575874,80.15437652620993,80.10776505260783,80.03877277358522,79.94527292594621,79.82513874649486,79.67624347203527,79.49646033937152,79.28366258530774,79.03572344664799,78.75051616019637,78.42591396275698,78.0597900911339,77.65001778213123,77.19447027255309,76.69102079920351,76.13754259888663
70.84125319917537,70.6240801764727,70.42458456223132,70.24221383600326,70.07641547734057,69.92663696579531,69.79232578091954,69.67292940226531,69.56789530938465,69.47667098182964,69.39870389915232,69.33344154090473,69.28033138663895,69.238820915907,69.20835760826095,69.18838894325285,69.17836240043475,69.1777254593587,69.18592559957676,69.20241030064098,69.22662705926304,69.25804046316266,69.29616426244696,69.34052099296217,69.3906331905545,69.4460233910701,69.50621413035522,69.57072794425603,69.63908736861876,69.71081493928958,69.78543319211471,69.86246466294034,69.94143188761268,70.02185740197791,70.10326374188227,70.18517344317193,70.2671090416931,70.34859307329198,70.42914807381477,70.50829657910766,70.58556240103617,70.66067654509875,70.73380450136374,70.80516646922668,70.87498264808315,70.94347323732872,71.01085843635899,71.07735844456951,71.14319346135585,71.2085836861136,71.27374931823832,71.33891055712557,71.40428760217095,71.47010065277003,71.53656990831837,71.60391556821155,71.67235783184513,71.7421168986147,71.81341296791581,71.88646623914407,71.96149441849501,72.03856562016334,72.11751609074247,72.1981621312257,72.2803200426063,72.36380612587756,72.44843668203278,72.53402801206524,72.6203964169682,72.707358197735,72.7947296553589,72.8823270908332,72.96996680515116,73.0574650993061,73.1446382742913,73.23130263110002,73.3172744707256,73.40237009416127,73.48640580240037,73.56919789643615,73.65056618070791,73.7304367126032,73.80885838908489,73.88588694978391,73.96157813433113,74.03598768235744,74.10917133349375,74.18118482737093,74.25208390361985,74.32192430187143,74.39076176175656,74.45865202290612,74.52565082495099,74.59181390752207,74.65719701025024,74.72185587276641,74.78584623470145,74.84922383568625,74.9120444153517,74.9743637133287,75.03624618586106,75.09791276982777,75.15971975367333,75.22202788874802,75.28519792640212,75.34959061798595,75.4155667148498,75.48348696834394,75.55371212981869,75.62660295062433,75.70252018211116,75.78182457562946,75.86487688252953,75.95203785416167,76.04366824187616,76.14012879702332,76.24178027095341,76.34898341501673,76.46209898056361,76.58148771894429,76.70745307157735,76.83963225192466,76.97723264895997,77.11945448791558,77.26549799402368,77.41456339251661,77.56585090862663,77.71856076758598,77.87189319462695,78.02504841498182,78.17722665388285,78.32762813656231,78.47545308825246,78.61990173418559,78.76017429959396,78.89547100970982,79.02499208976548,79.14793776499317,79.2635082606252,79.37090380189382,79.46938345662832,79.55867360237905,79.63872346373286,79.70948363769877,79.77090472128573,79.82293731150274,79.86553200535879,79.89863939986282,79.92221009202383,79.93619467885081,79.94054375735273,79.93520792453857,79.92013777741731,79.89528391299793,79.8605969282894,79.8160274203007,79.76152598604082,79.69704322251874,79.62252972674344,79.53793609572388,79.44373068618101,79.34327908447398,79.24095408140157,79.14112947901202,79.04817907935357,78.96647668447447,78.90039609642295,78.85431111724725,78.83259554899561,78.83962319371626,78.87976785345745,78.95740333026743,79.07690342619439,79.24264194328663,79.45899268359234,79.7303294491598,80.06102604203721,80.45545626427283,80.9179939179149,81.45301280501165
69.44180566676778,69.59418946346715,69.71913923106845,69.81865827883323,69.894749916023,69.94941745189934,69.98466419572374,70.00249345675776,70.00490854426293,69.9939127675008,69.9715094357329,69.93970185822076,69.90049334422592,69.85588720300993,69.8078867438343,69.7584952759606,69.70971610865034,69.66355255116507,69.62200791276632,69.58708550271564,69.56078805424157,69.54454457171309,69.53813372497841,69.54103925499413,69.55274490271681,69.572734409103,69.6004915151093,69.63549996169225,69.67724348980843,69.72520584041442,69.77887075446677,69.83772197292204,69.90124323673683,69.96891828686769,70.0402308642712,70.11466470990389,70.19170356472237,70.2708311696832,70.35153126574295,70.43328759385818,70.51558475712204,70.59804734805594,70.680593516689,70.76317837715646,70.84575704359364,70.92828463013575,71.0107162509181,71.09300702007592,71.17511205174452,71.25698646005914,71.33858535915505,71.41986386316752,71.50077708623182,71.58128014248322,71.66132814605699,71.74087621108838,71.81987945171268,71.89829298206514,71.97607191628104,72.05317136849564,72.1295474843237,72.20521829814992,72.28029777195235,72.35490811954504,72.42917155474206,72.5032102913574,72.57714654320517,72.65110252409939,72.72520044785409,72.79956252828336,72.87431097920123,72.94956801442173,73.02545584775893,73.10209669302687,73.1796127640396,73.25812627461116,73.33775943855562,73.418634469687,73.50087358181936,73.58459898876676,73.66992754973927,73.75681372884848,73.84502424440434,73.93431535650593,74.02444332525232,74.11516441074257,74.20623487307576,74.29741097235096,74.38844896866725,74.47910512212368,74.56913569281936,74.65829694085332,74.74634512632466,74.83303650933243,74.91812734997572,75.00137390835359,75.08253244456512,75.16135921870938,75.23761049088544,75.31104252119238,75.38143594423191,75.44900896567773,75.51435827848093,75.57809305533797,75.64082246894533,75.7031556919995,75.76570189719693,75.82907025723411,75.89386994480749,75.96071013261357,76.0301999933488,76.10294869970967,76.17956542439264,76.2606593400942,76.3468396195108,76.43871543533892,76.53689596027506,76.64199036701564,76.75460782825718,76.87535751669614,77.00474883984208,77.142131434907,77.28610670020112,77.4352635633864,77.5881909521247,77.74347779407798,77.89971301690811,78.05548554827702,78.2093843158466,78.35999824727878,78.50591627023543,78.64572731237851,78.77802030136988,78.90138416487149,79.01440783054522,79.11568022605299,79.20379027905672,79.27732691721829,79.33487906819964,79.37503565966266,79.39664091894622,79.40056658452635,79.38865125867022,79.36273949815644,79.32467585976363,79.27630490027039,79.2194711764553,79.156019245097,79.08779366297408,79.01663898686513,78.94439977354877,78.8729205798036,78.80404596240825,78.73962047814129,78.68148868378134,78.63149513610699,78.59148439189687,78.56330100792957,78.5487895409837,78.54979454783786,78.568067448474,78.60483849700985,78.66115676738843,78.73807115164493,78.83663054181451,78.95788382993238,79.10287990803374,79.27266766815373,79.46829600232758,79.69081380259045,79.94126996097754,80.22071336952403,80.5301929202651,80.87075750523596,81.24345601647177,81.64933734600774,82.08945038587905,82.56484402812086,83.07656716476839,83.62566868785683
69.91908140667252,70.0285159325258,70.10996253617562,70.16580254367048,70.1984172810589,70.21018807438944,70.20349624971058,70.18072313307088,70.14425005051888,70.09645832810307,70.03972929187199,69.9764442678742,69.90898458215817,69.83973156077246,69.77106652976559,69.7053708151861,69.6450257430825,69.59241263950332,69.54991283049708,69.51990764211232,69.50477756915079,69.50607518462192,69.52297153951207,69.5542120864566,69.5985422780908,69.65470756704997,69.72145340596944,69.79752524748453,69.88166854423054,69.9726287488428,70.0691513139566,70.16998169220727,70.27386533623013,70.37954769866047,70.48577423213362,70.59129038928492,70.69484162274964,70.79517338516311,70.89103112916065,70.98116030737758,71.0643100226882,71.13982208552734,71.2082812127152,71.27042862506985,71.32700554340943,71.378753188552,71.42641278131563,71.47072554251847,71.51243269297856,71.55227545351404,71.59099504494296,71.62933268808344,71.66802960375355,71.70782701277142,71.74946613595509,71.7936881941227,71.8412344080923,71.89284599868203,71.94926418670995,72.01123019299416,72.07947701996362,72.15424456670004,72.23500842209681,72.32117842793437,72.41216442599313,72.50737625805353,72.606223765896,72.708116791301,72.8124651760489,72.91867876192018,73.02616739069526,73.13434090415456,73.24260914407853,73.35038195224757,73.45706917044213,73.56208064044263,73.66482620402952,73.76471570298321,73.86115897908415,73.95356587411277,74.04136258238933,74.1244712401072,74.20338734438866,74.27863833091044,74.35075163534921,74.42025469338174,74.48767494068471,74.55353981293484,74.61837674580886,74.68271317498346,74.74707653613535,74.81199426494126,74.87799379707789,74.945602568222,75.01534801405023,75.08775757023935,75.16335867246605,75.24267875640706,75.32624525773906,75.41458561213881,75.50819685205724,75.60703021123658,75.71056482212961,75.81826425073749,75.92959206306136,76.04401182510239,76.16098710286175,76.27998146234057,76.40045846954007,76.52188169046136,76.6437146911056,76.765421037474,76.88646429556769,77.00630803138785,77.1244158109356,77.24025120021216,77.35327776521865,77.46295907195622,77.5687586864261,77.67014017462938,77.76662413717506,77.858394201988,77.94606175655167,78.03024531767551,78.11156340216897,78.19063452684154,78.2680772085026,78.34450996396163,78.42055131002809,78.49681976351144,78.57393384122108,78.65251205996651,78.73317293655717,78.81653498780247,78.90321673051193,78.99383668149491,79.08901335756096,79.18936527551944,79.29551095217985,79.40806890435164,79.52744651291474,79.652374382446,79.78078350943949,79.91059996593603,80.0397498239765,80.16615915560172,80.28775403285255,80.40246052776982,80.50820471239444,80.6029126587672,80.68451043892898,80.75092412492063,80.800079788783,80.82990350255693,80.83832133828327,80.82325936800291,80.78264366375663,80.71440029758534,80.6164553415299,80.4867348676311,80.324507727331,80.13655656696278,79.93227615841349,79.7210638961862,79.5123171747839,79.31543338870969,79.13980993246656,78.99484420055762,78.88993358748587,78.83447548775436,78.83786729586618,78.90950640632431,79.05879021363182,79.2951161122918,79.62788149680722,80.06648376168118,80.62032030141671,81.29878851051683,82.11128578348465,83.06720951482316
70.48613823509253,70.24962572563572,70.03386454523384,69.83815843506135,69.6618111362927,69.50412639010236,69.36440793766478,69.24195952015445,69.1360848787458,69.04608775461332,68.97127188893145,68.91094102287467,68.86439889761742,68.83094925433417,68.8098958341994,68.80054237838755,68.8021926280731,68.81415032443049,68.8357192086342,68.8662030218587,68.90490553182228,68.95115694394052,69.00436351182417,69.06394507954681,69.12932149118204,69.19991259080344,69.2751382224846,69.35441823029909,69.43717245832052,69.52282075062246,69.6107829512785,69.70047890436223,69.79132845394723,69.88275144410709,69.9741677189154,70.06499712244573,70.1546594987717,70.24257469196685,70.3281625461048,70.41084290525913,70.49003730793396,70.56544242579095,70.63733188408774,70.70605195679103,70.77194891786749,70.8353690412838,70.89665860100665,70.95616387100272,71.01423112523867,71.07120663768121,71.12743668229702,71.18326753305277,71.23904546391515,71.29511674885083,71.3518276618265,71.40952447680885,71.46855346776455,71.52926090866029,71.59199307346275,71.65709623613859,71.72491302529241,71.79556734780185,71.86884409186789,71.94449898279456,72.02228774588589,72.10196610644594,72.18328978977875,72.26601452118835,72.34989602597878,72.4346900294541,72.52015225691832,72.60603843367552,72.69210428502971,72.77810553628494,72.86379791274526,72.94893713971469,73.03327894249729,73.11657904639709,73.19859317671815,73.27907705876449,73.35779546647449,73.43478760189953,73.5104099348322,73.58503660817897,73.65904176484634,73.7327995477408,73.80668409976884,73.88106956383697,73.95633008285166,74.03283979971941,74.11097285734672,74.19110339864007,74.27360556650595,74.35885350385085,74.44722135358127,74.53908325860371,74.63481336182464,74.73478580615057,74.83937473448799,74.94895428974338,75.06387025108461,75.18395921184366,75.30861733321905,75.43722625417512,75.56916761367623,75.70382305068672,75.84057420417098,75.97880271309329,76.11789021641803,76.25721835310958,76.39616876213223,76.53412308245039,76.67046295302836,76.80457001283051,76.93582590082117,77.06361225596471,77.1873107172255,77.30630292356784,77.4199705139561,77.52769512735463,77.62890852083413,77.72362507445148,77.81223505406115,77.89513499028088,77.97272141372842,78.04539085502152,78.11353984477795,78.17756491361543,78.23786259215171,78.29482941100457,78.34886190079172,78.40035659213095,78.44971001563997,78.49731870193654,78.54357918163842,78.58888798536336,78.63364164372909,78.67823668735338,78.72306964685396,78.7685370528486,78.81499080942801,78.86242841059654,78.91067834202437,78.9595680485298,79.00892497493106,79.05857656604643,79.10835026669417,79.15807352169253,79.20757377585979,79.2566784740142,79.30521506097402,79.35301098155752,79.39989368058295,79.44569060286858,79.49022919323268,79.53333689649348,79.5748411574693,79.61456942097833,79.65234913183889,79.68800773486922,79.72135941554684,79.75214416401502,79.78007617685572,79.80486962475375,79.82623867839398,79.84389750846123,79.85756028564032,79.8669411806161,79.87175436407337,79.871714006697,79.8665342791718,79.85592935218261,79.83961339641425,79.81730058255157,79.78870508127939,79.75354106328254,79.71152269924585,79.66236415985416,79.6057796157923,79.54148323774511
70.5222245546071,70.27750007875136,70.05960675486665,69.86723540233879,69.69907684055377,69.55382188889737,69.43016136675553,69.32678609351413,69.24238688855905,69.17565457127617,69.12527996105138,69.08995387727057,69.0683671393196,69.05921056658437,69.06117497845074,69.07295119430464,69.09323003353194,69.12070231551849,69.1540588596502,69.19199048531297,69.23318828638841,69.27661675454897,69.32202681185893,69.36930992221892,69.41835754952945,69.46906115769107,69.52131221060438,69.57500217216989,69.63002250628819,69.68626467685982,69.74362014778535,69.80198038296533,69.8612368463003,69.92128100169086,69.98200431303749,70.04329824424082,70.10505425920138,70.16716382181971,70.22951839599637,70.29200944563195,70.35452875717212,70.41702049032833,70.47953863142942,70.54215099592682,70.60492539927188,70.66792965691599,70.7312315843105,70.79489899690682,70.8589997101563,70.92360153951034,70.98877230042032,71.05457980833759,71.12109187871357,71.18837632699962,71.25650096864712,71.32553361910743,71.39554209383198,71.46659420827208,71.53875777787917,71.61210061810459,71.68668955635553,71.76253213738838,71.83954401785061,71.91763295003634,71.9967066862396,72.07667297875449,72.15743957987505,72.2389142418954,72.32100471710956,72.40361875781164,72.48666411629571,72.57004854485584,72.65367979578608,72.73746562138052,72.82131377393324,72.9051320057383,72.98882806908978,73.07230971628175,73.15548469960828,73.23826077136343,73.3205481508175,73.40233187600299,73.48368348330519,73.5646793274222,73.64539576305211,73.72590914489305,73.80629582764317,73.88663216600054,73.9669945146633,74.04745922832956,74.12810266169743,74.20900116946501,74.29023110633045,74.37186882699186,74.45399068614734,74.536673038495,74.61999223873298,74.70402464155936,74.78884660167228,74.87453447376984,74.96115837395905,75.04867642315904,75.13694986944586,75.22583676673699,75.31519516894988,75.40488313000199,75.49475870381082,75.58467994429373,75.67450490536822,75.76409164095179,75.85329820496182,75.94198265131578,76.03000303393117,76.11721740672542,76.20348382361595,76.28866033852026,76.37260500535581,76.45517587804,76.53623101049033,76.61562845662422,76.6932500462806,76.76925400438509,76.84397687527408,76.9177581752742,76.99093742071203,77.06385412791418,77.13684781320725,77.21025799291783,77.28442418337252,77.35968590089794,77.43638266182067,77.51485398246732,77.59543937916446,77.67847836823871,77.7643104660167,77.85327518882498,77.94571205299019,78.0419605748389,78.14236027069772,78.24725065689326,78.35687675343523,78.47073311978782,78.58795644160877,78.70768120056007,78.82904187830377,78.95117295650185,79.07320891681636,79.19428424090927,79.31353341044262,79.43009090707842,79.54309121247867,79.65166880830542,79.75495817622063,79.85209379788634,79.94221015496458,80.02444172911733,80.09792300200664,80.16178845529448,80.2151725706429,80.2572098297139,80.28735553703338,80.30686022662923,80.31759853325674,80.32144571827837,80.32027704305656,80.31596776895377,80.31039315733244,80.30542846955503,80.30294896698396,80.30482991098172,80.31294656291075,80.32917418413348,80.35538803601237,80.39346337990989,80.44527547718845,80.51269958921053,80.59761097733856,80.701884902935,80.8273966273623,80.97602141198291
69.12198378572322,69.35014549289274,69.53940589827113,69.69254406602128,69.8123390603061,69.90156994528846,69.96301578513126,69.99945564399741,70.01366858604979,70.0084336754513,69.98652997636484,69.95073655295329,69.90383246937952,69.84859678980649,69.78780857839703,69.7242468993141,69.66069081672052,69.59991939477922,69.5447116976531,69.49784678950505,69.46210292371254,69.43945081136255,69.42953826327891,69.43159796814419,69.44486261464087,69.46856489145154,69.50193748725872,69.54421309074492,69.59462439059271,69.65240407548464,69.71678483410324,69.786999355131,69.86228032725055,69.94186043914434,70.02497237949495,70.11084883698493,70.19872250029678,70.28782605811307,70.37739219911634,70.4666536119891,70.55484458031643,70.64145835997695,70.72653127115095,70.81016801546339,70.89247329453931,70.97355181000373,71.0535082634816,71.13244735659798,71.21047379097783,71.28769226824616,71.36420749002798,71.4401241579483,71.5155469736321,71.59058063870441,71.6653298547902,71.7398993235145,71.8143937465023,71.88891782537863,71.96357626176844,72.03847375729677,72.11371435408675,72.18936252415028,72.26542140582686,72.34188886144105,72.41876275331751,72.49604094378088,72.57372129515575,72.65180166976677,72.73027992993855,72.80915393799572,72.88842155626293,72.96808064706477,73.04812907272589,73.12856469557087,73.2093853779244,73.29058898211107,73.37217337045553,73.45413640528236,73.53647594891623,73.61918986368173,73.7022752273857,73.78570532488052,73.86942593386266,73.95338129976722,74.03751566802924,74.1217732840839,74.20609839336623,74.29043524131134,74.37472807335433,74.45892113493032,74.54295867147437,74.62678492842156,74.71034415120704,74.79358058526586,74.87643847603312,74.95886206894392,75.04079560943336,75.12218334293655,75.20296951488854,75.28309837072447,75.36252478843474,75.44139452164313,75.52001842629264,75.5987128021946,75.6777939491603,75.7575781670011,75.83838175552833,75.92052101455326,76.00431224388728,76.0900717433417,76.17811581272781,76.26876075185695,76.36232286054044,76.45911843858963,76.55946378581581,76.6636752020303,76.77206898704446,76.8849614406696,77.00266886271706,77.1255075529981,77.25373350920435,77.386901716885,77.52411489569107,77.66446822750854,77.80705689422342,77.95097607772172,78.09532095988942,78.23918672261254,78.38166854777711,78.52186161726911,78.65886111297453,78.7917622167794,78.91966011056974,79.04164997623153,79.15682699565076,79.26428635071346,79.36312322330565,79.45243279531329,79.53131024862242,79.59885076511901,79.65427633227648,79.69781598835507,79.73017900618643,79.75207761616687,79.76422404869277,79.76733053416044,79.76210930296625,79.74927258550653,79.7295326121776,79.70360161337581,79.6721918194975,79.63601546093903,79.5957847680967,79.55221197136689,79.50600930114592,79.45788898783016,79.40856326181591,79.35874435349953,79.30914449327733,79.26047591154571,79.21351131943041,79.1693618602641,79.12925633129842,79.09442364791144,79.06609272548124,79.04549247938593,79.03385182500355,79.03239967771222,79.04236495288995,79.06497656591492,79.10146343216513,79.15305446701868,79.22097858585366,79.30646470404812,79.41074173698019,79.53503860002792,79.68058420856937,79.84860747798265,80.04033732364584,80.25700266093702
70.69485358615391,70.57737837732031,70.46667763060944,70.36277340049334,70.26568774144398,70.17544270793343,70.09206035443366,70.01556273541668,69.94597190535454,69.88330991871922,69.82759882998275,69.77886069361712,69.73711756409438,69.7023914958865,69.67470454346552,69.65407876130345,69.64053620387229,69.63409892564407,69.6347889810908,69.64262842468447,69.65763918960499,69.67972240208127,69.70843168641987,69.74325856536224,69.78369456164977,69.82923119802389,69.87935999722602,69.93357248199759,69.99136017507999,70.05221459921466,70.11562727714303,70.1810897316065,70.2480934853465,70.31613006110443,70.38469098162173,70.45326776963982,70.5213519479001,70.588435039144,70.65400856611294,70.71756405154834,70.7785945903272,70.83684855284423,70.89260962166513,70.94622888466935,70.99805742973635,71.04844634474559,71.09774671757648,71.14630963610854,71.19448618822118,71.24262746179384,71.29108454470602,71.34020852483715,71.3903504900667,71.44186152827409,71.49509272733879,71.55039517514025,71.60811995955795,71.66861816847131,71.73224088975981,71.7993392113029,71.87025995434593,71.94509394208981,72.02353520076647,72.10524362353524,72.18987910355546,72.27710153398645,72.36657080798754,72.45794681871807,72.55088945933736,72.64505862300476,72.74011420287957,72.83571609212115,72.93152418388881,73.02719837134191,73.12239854763975,73.21678460594167,73.31001643940702,73.4017539411951,73.49165700446527,73.57938552237684,73.66460835119334,73.74726618132244,73.82761397201239,73.90592418857426,73.98246929631917,74.05752176055819,74.13135404660244,74.20423861976299,74.27644794535097,74.34825448867743,74.4199307150535,74.49174908979026,74.5639820781988,74.63690214559024,74.71078175727565,74.78589337856613,74.86250947477278,74.94090251120669,75.02134495317897,75.10410926600069,75.18945613335949,75.27743473523863,75.36791130657221,75.46074605010314,75.55579916857432,75.65293086472867,75.75200134130911,75.85287080105853,75.95539944671982,76.05944748103592,76.1648751067497,76.27154252660411,76.37930994334202,76.48803755970636,76.59758557844002,76.70781420228592,76.81858363398696,76.92975407628605,77.04118573192609,77.15273880365001,77.26426187330166,77.3754684297736,77.48598480521564,77.59543587916518,77.70344653115963,77.80964164073639,77.9136460874329,78.01508475078654,78.11358251033475,78.20876424561492,78.30025483616446,78.38767916152078,78.47066210122131,78.54882853480343,78.6218033418046,78.68921140176217,78.7506775942136,78.80582679869626,78.8542838947476,78.895673761905,78.92970154010807,78.95670977260697,78.97734496260067,78.99225548525082,79.00208971571915,79.00749602916731,79.00912280075703,79.00761840564992,79.00363121900773,78.99780961599213,78.99080197176475,78.98325666148736,78.97582206032159,78.96914654342913,78.96387848597168,78.96066626311091,78.9601582500085,78.96300282182615,78.96984835372555,78.98134322086837,78.99817039623285,79.02120645190757,79.0513952635461,79.0896807743759,79.13700692762445,79.19431766651918,79.26255693428753,79.34266867415698,79.43559682935499,79.54228534310899,79.66367815864645,79.80071921919482,79.95435246798156,80.12552184823413,80.31517130317995,80.52424477604653,80.75368621006129,81.00443954845169,81.27744873444517,81.57365771126922
70.66425463229606,70.48408150318927,70.31801257188344,70.16573104735654,70.02692013858659,69.90126305455159,69.78844300422953,69.68814319659842,69.60004684063624,69.52383714532102,69.45919731963075,69.40581057254343,69.36336011303705,69.33152915008962,69.31000089267916,69.29845854978363,69.29658533038106,69.30406444344946,69.3205790979668,69.3458125029111,69.37944779615816,69.42109729780377,69.47016962017283,69.52603697126955,69.58807155909818,69.65564559166296,69.72813127696811,69.80490082301787,69.88532643781649,69.96878032936819,70.05463470567719,70.14226177474775,70.2310337445841,70.32032282319047,70.40950121857108,70.49794113873018,70.58501479167202,70.6700943854008,70.75255212792078,70.83176022723619,70.90709268607183,70.9782149249057,71.04540346657117,71.10901178254625,71.16939334430893,71.2269016233372,71.28189009110903,71.33471221910246,71.38572147879543,71.43527134166598,71.48371527919207,71.5314067628517,71.57869926412286,71.62594625448355,71.67350120541177,71.72171758838549,71.7709488748827,71.82154853638143,71.87387004435963,71.92826687029532,71.98509024864698,72.04455719270396,72.1066766729434,72.1714397636865,72.23883753925449,72.3088610739686,72.38150144215008,72.45674971812014,72.53459697620002,72.61503429071094,72.69805273597412,72.78364338631081,72.87179731604223,72.96250559948962,73.0557593109742,73.15154952481718,73.24986731533983,73.35070375686334,73.45404992370896,73.55989689019793,73.66822880065597,73.77881962563954,73.89120035273845,74.00488843439507,74.11940132305173,74.23425647115081,74.34897133113469,74.46306335544573,74.57604999652628,74.68744870681873,74.7967769387654,74.90355214480871,75.007291777391,75.10751328895464,75.20373413194199,75.2954717587954,75.38224362195727,75.46356717386993,75.53895986697577,75.60793915371714,75.67006242052425,75.72560394877675,75.77545811481735,75.82053974119049,75.86176365044058,75.90004466511209,75.93629760774947,75.97143730089714,76.00637856709956,76.04203622890115,76.07932510884639,76.1191600294797,76.16245581334552,76.2101272829883,76.26308926095247,76.3222565697825,76.38854403202282,76.46286647021786,76.54613870691207,76.63927556464992,76.74308258985754,76.85709499408607,76.98002841799955,77.11058484274722,77.24746624947832,77.38937461934209,77.53501193348781,77.68308017306468,77.83228131922196,77.98131735310889,78.12889025587472,78.2737020086687,78.41445459264006,78.54984998893804,78.6785901787119,78.79937714311086,78.9109128632842,79.01189932038113,79.10103849555091,79.1770323699428,79.23874551604581,79.2863337565229,79.32056867540842,79.34222564895464,79.35208005341374,79.35090726503796,79.33948266007953,79.31858161479065,79.28897950542355,79.25145170823048,79.20677359946362,79.15572055537521,79.09906795221748,79.03759116624265,78.97206557370295,78.90326655085057,78.83196947393776,78.75894971921674,78.68498266293973,78.61084368135896,78.53749220107096,78.4669175397592,78.40146705054256,78.3434884460133,78.29532943876363,78.25933774138578,78.237861066472,78.23324712661449,78.2478436344055,78.28399830243727,78.344058843302,78.43037296959194,78.54528839389931,78.69115282881636,78.8703139869353,79.08511958084837,79.3379173231478,79.63105492642582,79.96688010327465,80.34774056628653
71.95043864108207,71.55364691940939,71.19751008428004,70.88006647007106,70.59935441115948,70.35341224192234,70.14027829673671,69.95799090997961,69.80458841602811,69.67810914925923,69.57659144405001,69.4980736347775,69.44059405581876,69.40219104155081,69.38090292635071,69.3747680445955,69.38182473066222,69.40011131892791,69.42766614376963,69.46252753956439,69.50273423416031,69.54671685255815,69.59403331427919,69.64444299601563,69.69770527445962,69.75357952630334,69.81182512823894,69.87220145695859,69.93446788915448,69.99838380151876,70.06370857074359,70.13020157352115,70.1976221865436,70.26572978650312,70.33428375009186,70.403043454002,70.4717682749257,70.54021758955513,70.60815077458246,70.67532720669985,70.74150697429715,70.80656572767313,70.87062145018274,70.93382263921849,70.99631779217289,71.0582554064384,71.11978397940756,71.18105200847283,71.24220799102673,71.30340042446177,71.36477780617042,71.42648863354519,71.48868140397859,71.55150461486309,71.61510676359123,71.67963634755547,71.74524186414831,71.81207181076228,71.88027468478984,71.94999898362352,72.02139142010529,72.09449163404737,72.16917330206576,72.24529582437246,72.3227186011795,72.40130103269891,72.48090251914272,72.56138246072292,72.64260025765157,72.72441531014066,72.80668701840223,72.8892747826483,72.97203800309089,73.05483607994202,73.13752841341373,73.21997440371801,73.30203345106692,73.38356495567245,73.46442831774665,73.54448293750151,73.6235911239964,73.70170340617625,73.77887230444558,73.85515602055139,73.93061275624069,74.00530071326047,74.07927809335773,74.15260309827947,74.22533392977269,74.29752878958439,74.36924587946156,74.4405434011512,74.51147955640033,74.58211254695591,74.65250057456498,74.7227018409745,74.79277454793149,74.86277689718294,74.93276709047586,75.00280332955724,75.07294637189787,75.14330285532203,75.21401910293305,75.2852427463648,75.3571214172512,75.4298027472261,75.50343436792345,75.5781639109771,75.65413900802095,75.7315072906889,75.81041639061483,75.89101393943268,75.97344756877628,76.05786491027955,76.1444135955764,76.2332412563007,76.32449552408634,76.41832403056723,76.51487440737723,76.6142942861503,76.7167109783873,76.8220155740435,76.92994676207697,77.04024069142909,77.15263351104127,77.26686136985492,77.38266041681149,77.49976680085234,77.61791667091894,77.73684617595266,77.85629146489494,77.97598868668719,78.09567399027078,78.21508352458717,78.33395343857778,78.452019881184,78.56901900134726,78.68468694800895,78.79875987011049,78.9109739165933,79.02104867615292,79.12857222112972,79.23306990736437,79.3340667044527,79.43108758199061,79.52365750957391,79.61130145679844,79.6935443932601,79.76991128855472,79.83992711227815,79.90311683402622,79.9590054233948,80.00711784997976,80.04697908337694,80.07811409318218,80.10004784899134,80.11230532040027,80.11441147700482,80.10589128840085,80.08626972418419,80.05540953001282,80.01506354611085,79.9676416926982,79.91555454971369,79.86121269709606,79.80702671478416,79.75540718271672,79.7087646808326,79.66950978907055,79.64005308736937,79.62280515566785,79.6201765739048,79.634577922019,79.66841977994925,79.7241127276343,79.80406734501302,79.91069421202413,80.04640390860648,80.21360701469881,80.41471411023993
71.28111414131669,71.05903062310746,70.85327060008562,70.66341848507012,70.48905869087992,70.32977563033396,70.18515371625115,70.05477736145046,69.93823097875084,69.83509898097122,69.74496578093054,69.66741579144777,69.60203342534182,69.54840309543164,69.50610921453618,69.47473619547439,69.45386845106522,69.44309039412758,69.44198643748045,69.45014099394275,69.46713844247829,69.49252944233409,69.52576765778868,69.56628941929023,69.61353105728698,69.66692890222713,69.72591928455887,69.78993853473041,69.85842298318997,69.93080896038573,70.00653279676591,70.0850308227787,70.16573936887232,70.24809476549498,70.33153334309486,70.41549143212018,70.49940536301915,70.58271146623996,70.66484607223083,70.74524551143995,70.82334746086926,70.89880824418097,70.97174268657908,71.04232334675825,71.11072278341324,71.17711355523872,71.24166822092943,71.30455933918005,71.3659594686853,71.4260411681399,71.48497699623856,71.54293951167598,71.60010127314688,71.65663483934595,71.71271276896792,71.76850762070748,71.82419195325937,71.87993832531826,71.9359192955789,71.99230742273598,72.04927453014683,72.10694832092616,72.16538811181269,72.22464733684603,72.28477943006587,72.34583782551185,72.40787595722365,72.47094725924092,72.53510516560331,72.6004031103505,72.66689452752213,72.73463285115788,72.8036715152974,72.87406395398035,72.94586360124639,73.01912389113517,73.09389825768636,73.17024013493963,73.24820295693463,73.32784015771102,73.40920385339382,73.49230619022798,73.5771131050763,73.66358796074947,73.75169412005826,73.84139494581339,73.93265380082559,74.0254340479056,74.11969904986415,74.21541216951198,74.3125367696598,74.41103621311838,74.51087386269842,74.61201308121066,74.71441723146586,74.81804967627471,74.92287377844796,75.02885290079637,75.13595040613063,75.24412965726151,75.35334776810379,75.46344967239274,75.57418327100775,75.68529326539353,75.79652435699472,75.90762124725606,76.0183286376222,76.12839122953785,76.23755372444768,76.34556082379639,76.45215722902864,76.55708764158916,76.6600967629226,76.76092929447368,76.85932993768706,76.95504339400743,77.0478143648795,77.13738755174795,77.22350765605744,77.30591937925267,77.38439407455859,77.45901292214536,77.530056990535,77.59781067972196,77.66255838970079,77.72458452046598,77.78417347201204,77.84160964433349,77.89717743742483,77.95116125128055,78.0038454858952,78.05551454126325,78.10645281737924,78.15694471423765,78.207274631833,78.25772697015978,78.30858612921253,78.36013650898573,78.4126625094739,78.46644853067157,78.52174458692195,78.57852761235243,78.63664431671432,78.69594060776123,78.75626239324676,78.81745558092453,78.87936607854817,78.94183979387128,79.00472263464745,79.06786050863032,79.13109932357348,79.19428498723056,79.25726340735517,79.3198804917009,79.38198214802136,79.4434142840702,79.50402280760102,79.5636536263674,79.62215264812298,79.67936578062135,79.73500027359329,79.78798748763765,79.83698905016827,79.88066631778246,79.91768064707756,79.94669339465091,79.96636591709986,79.97535957102176,79.97233571301393,79.95595569967372,79.92488088759845,79.87777263338549,79.81329229363217,79.73010122493582,79.6268607838938,79.50223232710343,79.35487721116206,79.18345679266702,78.98663242821567,78.76306547440532
70.19620557675717,70.07491627270069,69.9629291285621,69.86007325981049,69.76617778191495,69.68107181034455,69.60458446056839,69.53654484805557,69.47678208827516,69.42512529669627,69.38140358878798,69.34544608001936,69.31708188585952,69.29614012177755,69.28244990324255,69.27584034572358,69.27614056468974,69.28317967561013,69.29678679395381,69.31679103518991,69.3430214768029,69.37526936361917,69.41321711459614,69.45652770057784,69.5048640924083,69.55788926093155,69.6152661769916,69.67665781143248,69.74172713509822,69.81013711883284,69.88155073348038,69.95563094988485,70.03204073889027,70.11044307134068,70.19050091808009,70.27187724995254,70.35423503780204,70.43723725247264,70.52054686480834,70.60382684565317,70.6867408101357,70.7690569890878,70.85076299222945,70.9318740529806,71.0124054047612,71.0923722809912,71.17178991509053,71.25067354047916,71.32903839057701,71.40689969880405,71.48427269858023,71.56117262332546,71.63761470645973,71.71361418140296,71.7891862815751,71.8643462403961,71.9391092912859,72.01349066766446,72.08750560295171,72.1611693305676,72.23449750758591,72.30753121031059,72.38035091485224,72.45304048655223,72.52568379075186,72.59836469279247,72.67116705801539,72.74417475176193,72.81747163937345,72.89114158619125,72.96526845755669,73.03993611881107,73.11522843529573,73.191229272352,73.2680224953212,73.34569196954467,73.42432156036374,73.50399513311972,73.58479655315396,73.66680968580778,73.75011688528613,73.83475467586103,73.92070659758528,74.00795323907344,74.09647518894009,74.18625303579978,74.27726736826708,74.36949877495654,74.46292784448275,74.55753516546025,74.65330132650361,74.75020691622741,74.8482325232462,74.94735873617454,75.047566143627,75.14883533421813,75.25114689656253,75.35448141927475,75.4588194909693,75.56414170026083,75.67042091577017,75.77749141679165,75.88506760655768,75.9928599356639,76.10057885470601,76.20793481427964,76.31463826498045,76.42039965740408,76.5249294421462,76.62793806980247,76.72913599096853,76.82823365624007,76.92494151621271,77.01897002148212,77.11002962264396,77.19783077029388,77.28208391502754,77.36249950744059,77.4387879981287,77.51065983768751,77.57787689881448,77.64079883614056,77.70017097006024,77.75674504873074,77.81127282030923,77.86450603295295,77.9171964348191,77.97009577406489,78.02395579884752,78.07952825732423,78.13756489765218,78.19881746798862,78.26403771649073,78.33397739131574,78.40938824062086,78.49102201256328,78.57963045530022,78.6759653169889,78.7807783457865,78.89482128985024,79.01857340684134,79.15034991911163,79.287434080633,79.42710278991395,79.5666329454629,79.7033014457883,79.83438518939863,79.95716107480234,80.06890600050788,80.1668968650237,80.24841056685827,80.31072400452004,80.35111407651746,80.36685768135898,80.35523171755307,80.31351308360819,80.23897867803277,80.12890539933527,79.98057014602416,79.7912498166079,79.55984826465306,79.2943733012291,79.00599767341707,78.7058973059445,78.40524812353901,78.11522605092817,77.84700701283958,77.61176693400083,77.42068173913948,77.28492735298313,77.21567970025937,77.22411470569578,77.32140829401995,77.51873638995946,77.82727491824191,78.25819980359488,78.82268697074596,79.5319123444227,80.39705184935274,81.42928141026364
68.8541438286473,69.05066811388983,69.21571714155314,69.35160970596607,69.46066460145741,69.54520062235598,69.60753656299057,69.64999121769002,69.67488338078313,69.6845318465987,69.68125540946555,69.6673728637125,69.64520300366834,69.61706462366192,69.585276518022,69.55215748107743,69.52002630715701,69.49120179058954,69.46800272570385,69.45274790682873,69.44775540935063,69.45462724204422,69.47290564376182,69.50176475485651,69.54037871568141,69.58792166658962,69.64356774793423,69.70649110006833,69.77586586334505,69.85086617811747,69.93066618473868,70.01444002356182,70.10136183493994,70.19060575922617,70.2813459367736,70.37275650793535,70.4640116130645,70.55428539251415,70.64275198663739,70.72858553578735,70.8109624483958,70.88942741217117,70.96429739561457,71.03598661110071,71.10490927100436,71.17147958770023,71.2361117735631,71.29922004096767,71.3612186022887,71.42252166990095,71.48354345617912,71.544698173498,71.60640003423231,71.66906325075678,71.73310203544617,71.7989306006752,71.86696315881865,71.93761392225123,72.01129710334769,72.08842691448277,72.16941229711487,72.2543459377222,72.34283032756365,72.43442579056739,72.5286926506616,72.62519123177451,72.72348185783426,72.82312485276906,72.92368054050709,73.02470924497653,73.1257712901056,73.22642699982246,73.3262366980553,73.42476070873231,73.52155935578169,73.61619296313158,73.70822185471023,73.79720635444579,73.88270678626648,73.96428347410044,74.04151311283971,74.11446889801377,74.1837980320714,74.2501796920001,74.31429305478744,74.37681729742087,74.438431596888,74.49981513017627,74.56164707427325,74.62460660616648,74.68937290284344,74.75662514129166,74.82704249849871,74.90130415145205,74.98008927713923,75.06407705254779,75.15394665466522,75.25037726047907,75.35404804697683,75.46563819114607,75.58577033474316,75.71405219905586,75.84921362630331,75.98995551266634,76.13497875432583,76.28298424746262,76.43267288825757,76.5827455728915,76.73190319754528,76.87884665839974,77.02227685163575,77.16089467343417,77.29340101997579,77.41849678744154,77.53488287201219,77.64126016986864,77.73632957719173,77.81879199016228,77.8873483049612,77.94069941776925,77.97771089459931,77.99916258826036,78.00706937530109,78.003466715999,77.99039007063175,77.9698748994769,77.94395666281207,77.91467082091484,77.88405283406277,77.8541381625335,77.82696226660462,77.80456060655371,77.78896864265835,77.78222183519614,77.78635564444468,77.80340553068154,77.83540695418435,77.8843953752307,77.95240625409815,78.04147505106431,78.1532480839671,78.28628122164827,78.43765658359337,78.60444721307957,78.78372615338395,78.97256644778363,79.16804113955575,79.3672232719774,79.56718588832567,79.76500203187771,79.95774474591059,80.14248707370149,80.31630205852744,80.47626274366561,80.6194421723931,80.74291338798702,80.84374943372447,80.91902335288256,80.96580818873841,80.98117698456915,80.96327226784629,80.9162210820904,80.84623095179396,80.75951149028577,80.6622723108947,80.56072302694957,80.4610732517792,80.36953259871242,80.29231068107805,80.23561711220492,80.20566150542186,80.20865347405771,80.25080263144127,80.3383185909014,80.4774109657669,80.67428936936659,80.93516341502934,81.26624271608392,81.67373688585923,82.16385553768404
69.749594390982,69.91196892942637,70.03511850505481,70.12219972290674,70.17636918802155,70.20078350543864,70.19859928019736,70.17297311733714,70.12706162189737,70.06402139891742,69.98700905343671,69.89918119049462,69.80369441513052,69.70370533238385,69.60237054729396,69.50284666490026,69.40829029024214,69.32185802835899,69.24670648429021,69.18599226307518,69.14287092543228,69.11945788832702,69.11487658895415,69.12771577213739,69.15656418270055,69.20001056546741,69.25664366526173,69.32505222690729,69.40382499522788,69.49155071504725,69.5868181311892,69.6882159884775,69.79433303173592,69.90375800578825,70.01507965545824,70.12688672556969,70.23776796094639,70.34631210641207,70.45110790679055,70.55074410690558,70.6438132439975,70.7295236489417,70.8083749704443,70.8810294570704,70.9481493573851,71.01039691995351,71.06843439334071,71.12292402611182,71.17452806683193,71.22390876406615,71.27172836637958,71.31864912233732,71.36533328050446,71.41244308944613,71.4606407977274,71.51058865391337,71.56294890656918,71.61838380425989,71.67755559555063,71.74112652900648,71.80975198618916,71.88367532845622,71.96250128584886,72.04577965238103,72.1330602220667,72.22389278891983,72.31782714695437,72.41441309018431,72.51320041262358,72.61373890828617,72.71557837118601,72.81826859533709,72.92135937475337,73.0244005034488,73.12694177543736,73.228532984733,73.32872392534968,73.42706439130134,73.52310417660199,73.61639307526558,73.70649403533587,73.793368941917,73.87744089328336,73.95915867917381,74.03897108932722,74.11732691348243,74.19467494137834,74.27146396275378,74.34814276734764,74.42516014489875,74.50296488514599,74.58200577782821,74.66273161268431,74.74559117945311,74.8310332678735,74.91950666768432,75.01146016862445,75.10734256043276,75.20760263284808,75.3126891756093,75.42301615988866,75.53837249395092,75.65800642335867,75.78114836656844,75.90702874203674,76.03487796822007,76.163926463575,76.29340464655797,76.42254293562554,76.55057174923425,76.67672150584056,76.80022262390105,76.92030552187218,77.03620061821049,77.1471383313725,77.2523490798147,77.35106328199367,77.44251135636586,77.52592372138781,77.60053079551605,77.66565981516787,77.72176352555489,77.77002080659469,77.81162264044994,77.84776000928333,77.87962389525757,77.90840528053529,77.93529514727923,77.96148447765205,77.98816425381644,78.01652545793506,78.04775907217063,78.08305607868583,78.12360745964332,78.1706041972058,78.22523727353595,78.28869767079648,78.36217637115003,78.4468643567593,78.54395260978701,78.65434194065814,78.77662870553132,78.90831033028172,79.04687747293059,79.18982079149916,79.33463094400867,79.47879858848034,79.61981438293543,79.75516898539516,79.88235305388079,79.99885724641352,80.10217222101463,80.18978863570531,80.25919714850684,80.30788841744044,80.33335310052733,80.33308185578878,80.304565341246,80.24529421492025,80.15275913483273,80.02547347699232,79.86767344364702,79.68558474313014,79.485435081271,79.27345216389897,79.05586369684339,78.83889738593362,78.62878093699904,78.43174205586892,78.25400844837269,78.10180782033967,77.98136787759921,77.89891632598066,77.86068087131339,77.87288921942672,77.94176907615002,78.07354814731266,78.27445413874395,78.55071475627327,78.90855770572996
70.3997766382345,70.2479850112789,70.10921495929186,69.98301044482695,69.86891543043772,69.7664738786778,69.67522975210072,69.5947270132601,69.52450962470948,69.46412154900247,69.41310674869264,69.37100918633357,69.33737282447883,69.31174162568202,69.29365955249669,69.28267056747644,69.27831863317485,69.28014771214549,69.28770176694195,69.30052476011778,69.31816071518058,69.34021436579461,69.36646507875577,69.39672342929393,69.43079999263898,69.46850534402081,69.50965005866928,69.55404471181429,69.6014998786857,69.65182613451341,69.70483405452728,69.76033421395721,69.81813718803306,69.87805355198472,69.93989388104208,70.003468750435,70.06858873539338,70.13506441114707,70.20270635292599,70.27132513595998,70.34073158936339,70.41077776673589,70.48140216932788,70.55255418368488,70.62418319635249,70.69623859387629,70.76866976280182,70.84142608967468,70.91445696104043,70.98771176344464,71.06113988343287,71.1346907075507,71.20831362234372,71.28195801435749,71.35557327013757,71.42910877622953,71.50251391917895,71.57573808553141,71.64873066183246,71.72144103462769,71.79381939810604,71.865864405059,71.93764981911202,72.00925586503757,72.08076276760808,72.15225075159601,72.22380004177381,72.29549086291394,72.36740343978886,72.439617997171,72.51221475983282,72.58527395254679,72.65887580008535,72.73310052722096,72.80802835872606,72.88373951937311,72.96031423393457,73.03783272718287,73.1163752238905,73.1960219488299,73.27685235102085,73.35892235235987,73.44226067491616,73.52689452561707,73.61285111138992,73.70015763916206,73.78884131586081,73.8789293484135,73.97044894374747,74.06342730879007,74.15789165046858,74.25386917571039,74.3513870914428,74.45047260459317,74.5511529220888,74.65345525085704,74.75740679782523,74.86303476992069,74.97036637407075,75.07942881720275,75.1902396545438,75.30264317399887,75.41633379187203,75.53100098279687,75.64633422140692,75.7620229823358,75.87775674021705,75.99322496968425,76.108117145371,76.22212274191084,76.33493123393735,76.44623209608413,76.55571480298472,76.66306882927272,76.7679836495817,76.8701487385452,76.96925357079682,77.06498762097014,77.15704036369874,77.24510127361616,77.32889986891917,77.40863117422622,77.48479054087944,77.55787832566647,77.62839488537479,77.69684057679201,77.76371575670568,77.82952078190335,77.89475600917261,77.95992179530099,78.02551849707605,78.09204647128536,78.16000607471649,78.22989766415698,78.3022215963944,78.37747822821633,78.45616791641031,78.5387910177639,78.62584788906467,78.71783888710017,78.8151368763808,78.91710221715181,79.02261243447462,79.13054207982994,79.23976570469837,79.34915786056062,79.45759309889738,79.56394597118924,79.66709102891691,79.76590282356105,79.85925590660231,79.94602482952136,80.02508414379888,80.0953084009155,80.1555721523519,80.20474994958873,80.24171634410668,80.2653458873864,80.27451313090855,80.26809262615377,80.24517831618594,80.20609179423629,80.15158143872523,80.08239605657235,79.99928445469722,79.90299544001941,79.79427781945854,79.67388039993413,79.54255198836582,79.40104139167315,79.25009741677572,79.09046887059309,78.92290456004484,78.74815329205057,78.56696387352986,78.38008511140227,78.18826581258739,77.9922547840048,77.79280083257409,77.59065276521481
